time,open,high,low,close,RSI,RSI-based MA,Upper Bollinger Band,Lower Bollinger Band,Volume
1767564300,1.17204,1.17204,1.17194,1.17196,,,,,28
1767564600,1.17196,1.17205,1.17191,1.17205,,,,,38
1767564900,1.17205,1.17205,1.17198,1.17203,,,,,32
1767565200,1.17203,1.17204,1.17203,1.17204,,,,,20
1767565500,1.17204,1.17204,1.17197,1.172,,,,,30
1767565800,1.172,1.17204,1.17163,1.17202,,,,,29
1767566100,1.17202,1.17204,1.1717,1.17198,,,,,36
1767566400,1.17198,1.17201,1.17187,1.17197,,,,,120
1767566700,1.17197,1.17202,1.17192,1.17199,,,,,110
1767567000,1.17199,1.172,1.17191,1.17198,,,,,69
1767567300,1.17198,1.17198,1.17078,1.17104,,,,,565
1767567600,1.17104,1.17107,1.17002,1.1703,,,,,697
1767567900,1.1703,1.17127,1.1703,1.17122,,,,,476
1767568200,1.17122,1.17126,1.17103,1.17117,,,,,220
1767568500,1.17117,1.17127,1.17108,1.17112,35.810810810816236,,,,279
1767568800,1.17112,1.17126,1.171,1.17114,36.27450980392982,,,,197
1767569100,1.17114,1.17116,1.17087,1.17088,32.94283036551765,,,,190
1767569400,1.17088,1.17088,1.17044,1.1707,30.831572992311834,,,,293
1767569700,1.1707,1.17078,1.17059,1.17063,30.025669229321437,,,,214
1767570000,1.17063,1.17063,1.17026,1.17042,27.68749383428731,,,,209
1767570300,1.17042,1.17073,1.1703,1.17067,34.251591472189205,,,,401
1767570600,1.17067,1.1708,1.17037,1.17046,31.652433402938684,,,,404
1767570900,1.17046,1.17059,1.1702299999999999,1.17052,33.211870482449896,,,,332
1767571200,1.17052,1.17094,1.17041,1.17085,41.16322363043698,,,,1035
1767571500,1.17085,1.17097,1.17043,1.17081,40.5333049142827,,,,830
1767571800,1.17081,1.171,1.17064,1.17079,40.20203812940223,,,,806
1767572100,1.17079,1.17085,1.17055,1.17082,40.98120797313636,,,,770
1767572400,1.17082,1.1710099999999999,1.17075,1.17093,43.86924496501143,35.67412871471656,,,550
1767572700,1.17093,1.1711,1.17072,1.17075,40.38656287506691,36.000968147877316,,,403
1767573000,1.17075,1.1710099999999999,1.17069,1.17091,44.596927280692434,36.59542653907465,,,442
1767573300,1.17091,1.17091,1.17065,1.17067,40.029877679737304,37.10164420437605,,,531
1767573600,1.17067,1.1707,1.17051,1.17069,40.576007705663336,37.797675255329736,,,438
1767573900,1.17069,1.1708399999999999,1.17064,1.17075,42.27439051338838,38.672583918477365,,,428
1767574200,1.17075,1.17078,1.17035,1.17037,35.37797049001662,39.22190367960089,,,562
1767574500,1.17037,1.17062,1.17035,1.17049,38.77468991876699,39.54498214007073,,,486
1767574800,1.17049,1.17056,1.1701,1.17017,33.68929768858922,39.69047244618863,,,854
1767575100,1.17017,1.17047,1.17004,1.17047,41.44302801911161,40.2784122702359,,,826
1767575400,1.17047,1.17067,1.17025,1.17033,39.1428023578958,40.13409646505438,,,524
1767575700,1.17033,1.17054,1.17025,1.17038,40.414793438302574,40.12563135962723,,,560
1767576000,1.17038,1.17073,1.17037,1.17043,41.72647404044952,40.23451963898775,,,613
1767576300,1.17043,1.17049,1.17016,1.17019,37.46340104550822,39.98324771558574,,,457
1767576600,1.17019,1.17033,1.17013,1.17018,37.2924368033717,39.51347570404004,,,520
1767576900,1.17018,1.17055,1.17015,1.17049,45.58291754472653,39.88464389473001,,,490
1767577200,1.17049,1.17056,1.17026,1.17053,46.56460179025476,40.02519207398446,,,374
1767577500,1.17053,1.17059,1.17033,1.17036,43.01310840773875,40.23827998312743,,,409
1767577800,1.17036,1.17037,1.17012,1.17017,39.39649517588779,40.15402908814345,,,442
1767578100,1.17017,1.17017,1.16995,1.17002,36.76807680514672,39.76072096612619,,,607
1767578400,1.17002,1.17015,1.16989,1.16995,35.57525281293921,39.77481256062067,,,720
1767578700,1.16995,1.17,1.16943,1.16961,30.41410748178825,39.177628100836465,,,552
1767579000,1.16961,1.16978,1.16955,1.16973,34.05070519850429,39.20344292297326,,,438
1767579300,1.16973,1.16986,1.16965,1.16969,33.42367042141454,38.6306316659949,,,406
1767579600,1.16969,1.16975,1.1693,1.16933,28.361646922224125,37.86054913487549,,,435
1767579900,1.16933,1.16944,1.1691,1.16929,27.856818605993,36.963550932567664,,,691
1767580200,1.16929,1.1694,1.16914,1.16924,27.204957588361708,35.92629975741853,,,428
1767580500,1.16924,1.16924,1.16856,1.16871,21.469834540206264,34.78390214989697,,,854
1767580800,1.16871,1.16872,1.16842,1.16852,19.853971677330108,33.538297498036854,,,624
1767581100,1.16852,1.1685699999999999,1.16839,1.1685,19.686015990270008,31.68851881557567,,,603
1767581400,1.1685,1.16879,1.16849,1.16875,27.897002388177782,30.355118858284463,,,674
1767581700,1.16875,1.16889,1.1687,1.16886,31.228576923818096,29.51336660943299,,,619
1767582000,1.16886,1.16908,1.16879,1.16902,35.87018215296736,29.261487107795812,,,742
1767582300,1.16902,1.16904,1.16847,1.16859,30.008326472784375,28.778647798341357,,,651
1767582600,1.16859,1.16859,1.16824,1.1683,26.824513030582523,28.153594956744456,,,492
1767582900,1.1683,1.16834,1.16814,1.16814,25.233788553837996,27.783572176176584,,,464
1767583200,1.16814,1.16815,1.16736,1.16738,19.360742369868902,26.734289116988343,,,679
1767583500,1.16738,1.16751,1.16722,1.1673499999999999,19.171063260164743,25.716245748327644,,,654
1767583800,1.1673499999999999,1.1673499999999999,1.16721,1.16725,18.519741126404043,25.013252477197636,,,460
1767584100,1.16725,1.16751,1.16725,1.16745,24.07553418422816,24.743160732785864,,,594
1767584400,1.16745,1.1676199999999999,1.16736,1.16752,25.97795875076379,24.65551795867173,,,398
1767584700,1.16752,1.16759,1.16742,1.16758,27.651336940905125,25.09705384443593,,,257
1767585000,1.16758,1.16782,1.16758,1.16769,30.74252767208563,25.874807844061326,,,308
1767585300,1.16769,1.1677,1.16752,1.16752,28.70153548005011,26.518773521902762,,,339
1767585600,1.16752,1.16774,1.1674,1.16761,31.301845401889366,26.76197659431073,,,601
1767585900,1.16761,1.16778,1.1676,1.16766,32.768837369606246,26.87199519758131,,,398
1767586200,1.16766,1.16767,1.16751,1.16756,31.327952263186702,26.547550205454122,,,302
1767586500,1.16756,1.16782,1.16753,1.16768,35.02037526460988,26.90555369058452,,,319
1767586800,1.16768,1.16771,1.16751,1.1676199999999999,34.03497742802445,27.42058686183037,,,387
1767587100,1.1676199999999999,1.1676199999999999,1.16742,1.16743,31.055022526712463,27.83638928846426,,,441
1767587400,1.16743,1.16771,1.16731,1.1676199999999999,36.9957390520817,29.096031908622315,,,428
1767587700,1.1676199999999999,1.16789,1.16761,1.16775,40.757115705659736,30.637892797586243,,,345
1767588000,1.16775,1.16798,1.16775,1.16788,44.335909719130996,32.48190483992388,,,459
1767588300,1.16788,1.16824,1.16788,1.1682299999999999,52.632348876452724,34.521677317939925,,,516
1767588600,1.1682299999999999,1.1682299999999999,1.168,1.16817,51.22290208140754,36.32488755584305,,,282
1767588900,1.16817,1.16829,1.16812,1.16819,51.687332206701925,38.041744360542815,,,453
1767589200,1.16819,1.16819,1.16804,1.16813,50.14479301874097,39.427620456732484,,,301
1767589500,1.16813,1.1682299999999999,1.16806,1.16819,51.6972120928301,41.07016878621677,,,236
1767589800,1.16819,1.1682299999999999,1.16815,1.16819,51.6972120928301,42.526980692712534,,,197
1767590100,1.16819,1.16828,1.16812,1.16827,53.91619950058608,44.03750655921109,,,348
1767590400,1.16827,1.16832,1.16819,1.16821,51.98723041298632,45.513169284196785,,,222
1767590700,1.16821,1.16838,1.1682,1.16836,56.20564112633697,47.026402560034434,,,324
1767591000,1.16836,1.16842,1.16833,1.16833,55.16177450641293,48.535459494205035,,,271
1767591300,1.16833,1.16848,1.16831,1.16837,56.326455437517104,50.3405618449768,,,306
1767591600,1.16837,1.16849,1.16837,1.16847,59.18105390170738,51.92522719137863,,,132
1767591900,1.16847,1.16851,1.16841,1.16845,58.35946872383486,53.182538121248285,,,200
1767592200,1.16845,1.16852,1.16842,1.16843,57.499819909344,54.12281742054921,,,411
1767592500,1.16843,1.16861,1.16837,1.16855,61.19342909236248,54.734323150257055,,,772
1767592800,1.16855,1.16864,1.16825,1.16827,50.22505901440213,54.66304864547095,,,626
1767593100,1.16827,1.16827,1.16798,1.16814,46.09408461141907,54.263530960093604,,,435
1767593400,1.16814,1.16843,1.16783,1.16841,54.47004092264121,54.57247723894362,,,479
1767593700,1.16841,1.16858,1.16834,1.16854,57.86478807177682,55.013018380296955,,,409
1767594000,1.16854,1.16868,1.16851,1.16867,60.9966110058342,55.67726115979725,,,354
1767594300,1.16867,1.16877,1.16855,1.16873,62.3862167988215,56.282262395385494,,,437
1767594600,1.16873,1.16898,1.16871,1.16892,66.46118328773832,57.31611617215349,,,423
1767594900,1.16892,1.16899,1.16875,1.16894,66.86808048678769,58.077718983614254,,,355
1767595200,1.16894,1.169,1.1688399999999999,1.16899,67.91605195919263,58.98873880166995,,,288
1767595500,1.16899,1.16914,1.1689,1.16914,70.89073091895528,60.02904419320125,,,363
1767595800,1.16914,1.1691799999999999,1.169,1.16907,67.73460470576603,60.640012107776876,,,352
1767596100,1.16907,1.16919,1.1690099999999999,1.16911,68.59502374565704,61.37112318076417,,,551
1767596400,1.16911,1.16916,1.16885,1.16894,61.13352494903898,61.630673540742386,,,892
1767596700,1.16894,1.16904,1.16863,1.16878,55.062712589156035,61.19276521908478,,,497
1767597000,1.16878,1.16889,1.16853,1.16858,48.569947341652984,61.07454295674555,,,677
1767597300,1.16858,1.16893,1.16844,1.16893,57.920995385346735,61.919322297740386,,,574
1767597600,1.16893,1.16921,1.16888,1.16916,62.71816500214855,62.50847401770519,,,596
1767597900,1.16916,1.1691799999999999,1.16892,1.1690099999999999,58.068632167796366,62.52303431027802,,,376
1767598200,1.1690099999999999,1.1690099999999999,1.16843,1.16858,47.253905166536725,61.54141246461391,,,899
1767598500,1.16858,1.16891,1.16853,1.16885,53.15360761368819,60.88194037996153,,,788
1767598800,1.16885,1.1690099999999999,1.16856,1.16879,51.76789716751072,59.83241994280241,,,846
1767599100,1.16879,1.1688,1.16854,1.16862,47.95336576769816,58.48136889143887,,,810
1767599400,1.16862,1.16909,1.16858,1.16896,55.08213356064734,57.564660434399926,,,514
1767599700,1.16896,1.16896,1.16834,1.16862,48.00165355933156,55.929726337283945,,,941
1767600000,1.16862,1.16874,1.16828,1.16868,49.24163890941035,54.60880020897282,,,971
1767600300,1.16868,1.16892,1.1683,1.16848,45.358778314661116,52.949068392473116,,,1075
1767600600,1.16848,1.16892,1.1683,1.1687,50.02680946723897,52.15573157234454,,,949
1767600900,1.1687,1.16905,1.16861,1.1690099999999999,55.76182085025762,52.20566787670894,,,808
1767601200,1.1690099999999999,1.16933,1.1688,1.16926,59.771369210061295,53.00576943873809,,,820
1767601500,1.16926,1.16944,1.1692,1.16942,62.136645907616646,53.30688733318595,,,641
1767601800,1.16942,1.16948,1.1689,1.1689,51.53208966009284,52.50788195161054,,,885
1767602100,1.1689,1.16895,1.16854,1.16867,47.657834881775095,51.76425357403759,,,940
1767602400,1.16867,1.16886,1.1682299999999999,1.16832,42.4301448406221,51.41969926504369,,,992
1767602700,1.16832,1.16842,1.16811,1.16834,42.816152152500564,50.68130958924457,,,663
1767603000,1.16834,1.16836,1.1681,1.1682299999999999,41.18068678277394,49.92508027604909,,,767
1767603300,1.1682299999999999,1.16842,1.16815,1.16832,43.0958771914512,49.57811680631716,,,902
1767603600,1.16832,1.16858,1.16827,1.16835,43.753311547669654,48.76891523396161,,,758
1767603900,1.16835,1.16844,1.16791,1.16794,37.394653610934405,48.01127238050467,,,831
1767604200,1.16794,1.16807,1.16764,1.16794,37.39465361093441,47.165059144899246,,,911
1767604500,1.16794,1.16835,1.16794,1.16825,44.4711807496495,47.10165931882698,,,778
1767604800,1.16825,1.16863,1.16817,1.16856,50.49710953882344,47.13525218108301,,,765
1767605100,1.16856,1.16873,1.16819,1.16821,44.610877765139826,46.33875624643175,,,595
1767605400,1.16821,1.16821,1.16798,1.16809,42.770068994689716,45.12437765961949,,,583
1767605700,1.16809,1.16809,1.16767,1.16794,40.51933136012504,43.5802837633701,,,658
1767606000,1.16794,1.16797,1.16749,1.16756,35.432332035404514,42.43030107589235,,,528
1767606300,1.16756,1.16766,1.16737,1.16755,35.3067123285374,41.54807803637537,,,772
1767606600,1.16755,1.16798,1.16751,1.16797,44.24715541616275,41.67786450605685,,,674
1767606900,1.16797,1.1683,1.16783,1.16824,49.11553252413532,42.1278202468879,,,781
1767607200,1.16824,1.16832,1.16797,1.168,45.32671582296934,42.423965178330434,,,671
1767607500,1.168,1.16845,1.16799,1.16839,51.82956069205252,43.04779971408767,,,673
1767607800,1.16839,1.16872,1.16826,1.16854,54.0912603719582,43.78622463010828,,,440
1767608100,1.16854,1.16885,1.1683999999999999,1.16885,58.43475956087655,45.28908934081843,,,630
1767608400,1.16885,1.16885,1.16844,1.16847,51.946778402173294,46.32852682590692,,,907
1767608700,1.16847,1.16855,1.1682299999999999,1.1682299999999999,48.299309724741335,46.60196460984206,,,728
1767609000,1.1682299999999999,1.16832,1.16807,1.16829,49.25853507015442,46.51349500493712,,,727
1767609300,1.16829,1.16863,1.16825,1.16859,53.86733191050461,47.1746703010346,,,619
1767609600,1.16859,1.16859,1.16833,1.16853,52.83373650980344,47.8935036949713,,,689
1767609900,1.16853,1.16883,1.1683999999999999,1.1688,56.846455719885356,49.05972686352561,,,828
1767610200,1.1688,1.169,1.16868,1.16894,58.80356849392373,50.72910089627698,,,755
1767610500,1.16894,1.1690099999999999,1.16866,1.16899,59.50984613815661,52.457896168392644,,,648
1767610800,1.16899,1.16909,1.16873,1.16873,54.29694725075547,53.17573844229212,,,544
1767611100,1.16873,1.16875,1.16851,1.16852,50.45274767087513,53.2712538099164,,,693
1767611400,1.16852,1.16863,1.16807,1.16808,43.50301725030011,53.14098962615431,,,753
1767611700,1.16808,1.1685,1.16808,1.16841,49.15941125816981,52.95026466659126,,,790
1767612000,1.16841,1.16878,1.16831,1.16862,52.42374595756003,52.83115649413425,,,687
1767612300,1.16862,1.16863,1.16808,1.16818,45.78981343709229,51.92794605672109,,,806
1767612600,1.16818,1.16853,1.16816,1.16848,50.398634950418916,51.81736438159577,,,673
1767612900,1.16848,1.16865,1.16838,1.16846,50.092876560044594,51.94547629840314,,,545
1767613200,1.16846,1.16854,1.16822,1.1685,50.73659904527152,52.0510522966258,,,504
1767613500,1.1685,1.1685,1.16804,1.16807,44.14473551771528,51.35658112571226,,,572
1767613800,1.16807,1.16853,1.16802,1.16833,48.50156406923141,51.04714023709998,,,604
1767614100,1.16833,1.16841,1.16812,1.16815,45.83595485491975,50.26067588960244,,,605
1767614400,1.16815,1.16818,1.16797,1.16812,45.38822365777369,49.302436972734576,,,788
1767614700,1.16812,1.16817,1.1678,1.16791,42.275219719058505,48.07139222851328,,,563
1767615000,1.16791,1.16808,1.16776,1.16801,44.23655337745897,47.35279266613496,,,568
1767615300,1.16801,1.16827,1.16797,1.16816,47.13796288915636,47.11602232458362,,,495
1767615600,1.16816,1.1682,1.16791,1.16814,46.78840342289929,47.35069276548355,,,489
1767615900,1.16814,1.16816,1.16791,1.16813,46.6023179528964,47.16804324367831,,,495
1767616200,1.16813,1.16842,1.16812,1.16838,51.76699586100382,47.12113252249572,,,409
1767616500,1.16838,1.1685,1.16815,1.16831,50.299991307501294,47.4432880846678,,,631
1767616800,1.16831,1.16833,1.16769,1.16794,43.31307025013764,46.937176320361985,,,705
1767617100,1.16794,1.16799,1.16773,1.16793,43.13866178734909,46.440446693740874,,,632
1767617400,1.16793,1.16793,1.16739,1.16741,35.20101457983702,45.33076208906699,,,756
1767617700,1.16741,1.16742,1.16699,1.16706,31.058576251339744,44.39603642718301,,,1153
1767618000,1.16706,1.16716,1.1666,1.16663,26.874276853923377,42.85123019751817,,,1581
1767618300,1.16663,1.16675,1.16605,1.16635,24.55449828326529,41.3311261566857,,,1609
1767618600,1.16635,1.16664,1.16626,1.16653,28.808864048619128,40.146886184603225,,,1370
1767618900,1.16653,1.16664,1.16622,1.16661,30.679818986706167,39.31864327514949,,,1017
1767619200,1.16661,1.16676,1.16632,1.16659,30.464266605751163,38.33490850574179,,,1189
1767619500,1.16659,1.16661,1.16615,1.16627,27.174492083043347,36.90894630530514,,,829
1767619800,1.16627,1.16651,1.1661,1.16647,32.109089630233186,35.86042389154328,,,1187
1767620100,1.16647,1.1665699999999999,1.16591,1.16595,26.98864842770257,34.45944749688657,,,799
1767620400,1.16595,1.16629,1.1659,1.16603,28.868032488640623,32.823807256003484,,,1017
1767620700,1.16603,1.16639,1.16597,1.1663,34.95367422394193,31.72764175003496,,,775
1767621000,1.1663,1.16677,1.16629,1.16677,43.9441251039751,31.772717096737637,,,857
1767621300,1.16677,1.16751,1.16677,1.16744,53.75644212459362,32.53112997796939,,,1035
1767621600,1.16744,1.16778,1.16732,1.1677,56.908710297039676,34.081679672055294,,,817
1767621900,1.1677,1.16809,1.16767,1.16808,61.084073184905264,36.226358024452836,,,1074
1767622200,1.16808,1.16828,1.16803,1.16807,60.91679363276977,38.657966365799005,,,921
1767622500,1.16807,1.16825,1.16778,1.16805,60.559592774749646,41.22975882947646,,,1071
1767622800,1.16805,1.16819,1.16781,1.16798,59.25005820873185,43.404129840913086,,,759
1767623100,1.16798,1.16811,1.16775,1.16786,56.97553525724787,45.28239528880892,,,884
1767623400,1.16786,1.1679599999999999,1.16756,1.16789,57.41566037176522,47.20749484352421,,,1604
1767623700,1.16789,1.16794,1.16743,1.16792,57.87968070653819,49.400722602345276,,,1379
1767624000,1.16792,1.16798,1.16763,1.1678,55.284685190112654,51.0561222851938,,,1135
1767624300,1.1678,1.1682299999999999,1.16757,1.16811,60.2435595979785,53.431473083070664,,,1427
1767624600,1.16811,1.16865,1.16805,1.16846,64.96735211995963,56.00999591387916,,,1387
1767624900,1.16846,1.16874,1.16838,1.16849,65.34741620986395,58.18097748430216,,,853
1767625200,1.16849,1.16951,1.16849,1.16939,74.34095021474003,60.35217927792822,,,1523
1767625500,1.16939,1.16946,1.16897,1.16898,65.9444373703499,61.22275036691082,,,1212
1767625800,1.16898,1.16954,1.16881,1.1694499999999999,70.11186738195977,62.16583301583369,,,1185
1767626100,1.1694499999999999,1.16977,1.16931,1.16977,72.57279381163819,62.98645591774318,,,1139
1767626400,1.16977,1.16984,1.1692,1.16958,68.94302877007097,63.55975842755041,,,1405
1767626700,1.16958,1.16978,1.16956,1.1696199999999999,69.29125209207785,64.18344837878814,,,1324
1767627000,1.1696199999999999,1.17002,1.1694,1.16997,72.2257501654367,65.11028351855278,,,1172
1767627300,1.16997,1.16999,1.16943,1.1697,66.91364334258435,65.82014838179109,,,1127
1767627600,1.1697,1.16982,1.16958,1.16966,66.13756802676743,66.44314178571982,,,1033
1767627900,1.16966,1.1697899999999999,1.16929,1.16952,63.367389631121135,66.8351209946186,,,1214
1767628200,1.16952,1.1701,1.1692,1.16986,66.98413370493029,67.67079588853414,,,1224
1767628500,1.16986,1.17046,1.16985,1.17046,72.20025559542066,68.52484560263716,,,1294
1767628800,1.17046,1.17087,1.1703999999999999,1.17085,74.96853167515064,69.23921557086508,,,1079
1767629100,1.17085,1.17087,1.17047,1.17071,72.18951696893664,69.727937053656,,,775
1767629400,1.17071,1.17121,1.17067,1.171,74.31359203853961,69.72598289821312,,,688
1767629700,1.171,1.17114,1.1707,1.17086,71.47545740096588,70.12105575754282,,,936
1767630000,1.17086,1.17106,1.17074,1.17083,70.85102022531413,70.17385238921099,,,875
1767630300,1.17083,1.17113,1.17072,1.17102,72.4902344931849,70.16795529503575,,,1025
1767630600,1.17102,1.17172,1.17094,1.17165,77.09064741634475,70.74992805548389,,,1246
1767630900,1.17165,1.17186,1.17138,1.17156,75.15704896799757,71.16891354662101,,,1167
1767631200,1.17156,1.17168,1.17137,1.17142,72.12644402857958,71.16182025113122,,,911
1767631500,1.17142,1.17159,1.17127,1.17156,73.28649011824126,71.61702359224957,,,616
1767631800,1.17156,1.17159,1.17121,1.17127,67.06055414028825,71.68295117178677,,,751
1767632100,1.17127,1.17158,1.17127,1.17148,69.10720565526617,72.09293803065427,,,881
1767632400,1.17148,1.17159,1.17116,1.17116,62.71281353491737,71.7878437327962,,,851
1767632700,1.17116,1.17163,1.17116,1.17124,63.619117446619164,71.1749052935961,,,768
1767633000,1.17124,1.1713,1.171,1.17113,61.40891013547991,70.20636089790534,,,735
1767633300,1.17113,1.17167,1.17111,1.17165,67.20855349116414,69.85057779235018,,,807
1767633600,1.17165,1.17198,1.17163,1.17178,68.48373972150944,69.43415976970516,,,565
1767633900,1.17178,1.17194,1.17152,1.17175,67.82821957625808,69.17364278222604,,,736
1767634200,1.17175,1.17181,1.17138,1.17169,66.45809164423741,68.85986216929199,,,766
1767634500,1.17169,1.17177,1.17147,1.17148,61.7560855205965,68.09313724267852,,,662
1767634800,1.17148,1.17151,1.17112,1.17115,55.152499330215264,66.52612666509785,,,599
1767635100,1.17115,1.17138,1.17113,1.17133,57.80298275492944,65.28655050702156,,,475
1767635400,1.17133,1.17153,1.17133,1.17144,59.38278194039766,64.37628892929426,,,446
1767635700,1.17144,1.17149,1.17132,1.17144,59.38278194039766,63.38316691659116,,,382
1767636000,1.17144,1.1717,1.17133,1.17168,62.89765329938183,63.08581685652642,,,375
1767636300,1.17168,1.17184,1.17168,1.17181,64.68056487027306,62.769628229026914,,,345
1767636600,1.17181,1.17198,1.17181,1.17185,65.2341477201028,62.94972352796873,,,527
1767636900,1.17185,1.17204,1.17181,1.17202,67.56120565486,63.23130125712879,,,451
1767637200,1.17202,1.17205,1.17182,1.17192,64.81298195604757,63.4744492443122,,,494
1767637500,1.17192,1.17203,1.17182,1.17194,65.11858903668576,63.32516606899231,,,604
1767637800,1.17194,1.17216,1.17192,1.17213,67.96509848902443,63.28812026667195,,,355
1767638100,1.17213,1.17227,1.1721,1.17222,69.24537170710725,63.389345418875465,,,429
1767638400,1.17222,1.17245,1.17222,1.17226,69.82262040058245,63.62966890147154,,,558
1767638700,1.17226,1.17236,1.17225,1.17231,70.5663102943328,64.25897067102413,,,590
1767639000,1.17231,1.17237,1.17216,1.17237,71.47476953173978,65.42484711399017,,,560
1767639300,1.17237,1.17253,1.17198,1.1725,73.39107546898535,66.5382823078513,,,990
1767639600,1.1725,1.1727,1.17232,1.17261,74.92602096162891,67.64851366651068,,,926
1767639900,1.17261,1.17263,1.17234,1.17241,67.32197901184526,68.21559917161407,,,835
1767640200,1.17241,1.17248,1.17231,1.17237,65.8818795296283,68.42875818806024,,,691
1767640500,1.17237,1.17244,1.17221,1.17235,65.13167009376699,68.46097998973838,,,632
1767640800,1.17235,1.17247,1.17229,1.17242,66.56666059583068,68.5561594808618,,,568
1767641100,1.17242,1.17266,1.17241,1.17255,69.10925051784344,68.66673411393205,,,687
1767641400,1.17255,1.1727,1.17247,1.17265,70.9400181831131,69.10437955872244,,,521
1767641700,1.17265,1.17288,1.1726,1.1728399999999999,74.08290920573941,69.74468814222628,,,614
1767642000,1.1728399999999999,1.1728399999999999,1.17255,1.17255,62.900898282739206,69.38295955606304,,,451
1767642300,1.17255,1.17281,1.17254,1.17278,67.13749452386517,69.23239690011717,,,468
1767642600,1.17278,1.1728,1.17257,1.1727,64.38342686429984,68.84388307609699,,,380
1767642900,1.1727,1.17287,1.17261,1.17272,64.7724864837979,68.43003851820164,,,581
1767643200,1.17272,1.17283,1.17262,1.17271,64.39372807495246,67.92424984271683,,,446
1767643500,1.17271,1.17283,1.17271,1.17276,65.48062734345403,67.35921783375031,,,256
1767643800,1.17276,1.17287,1.17273,1.17276,65.48062734345403,66.68454686102355,,,191
1767644100,1.17276,1.1728,1.17248,1.17257,57.71613610087512,65.99841522452567,,,318
1767644400,1.17257,1.1726,1.17248,1.17256,57.33081801536234,65.38762511636381,,,292
1767644700,1.17256,1.17257,1.17246,1.1725,54.95996554369185,64.66107479135844,,,488
1767645000,1.1725,1.17279,1.1725,1.17262,58.643578750384805,64.0951403738266,,,279
1767645300,1.17262,1.17264,1.1725,1.17263,58.94491108863696,63.36911612888328,,,493
1767645600,1.17263,1.17272,1.17261,1.17268,60.49483836763072,62.623031856348824,,,358
1767645900,1.17268,1.17268,1.17237,1.17255,54.71147138836302,61.239357726536234,,,387
1767646200,1.17255,1.17264,1.17254,1.17262,57.09026951670898,60.82431281467693,,,797
1767646500,1.17262,1.17262,1.1723999999999999,1.17246,50.55397900153576,59.639775991653394,,,829
1767646800,1.17246,1.1725,1.17235,1.17242,49.04228245854536,58.54397996267094,,,483
1767647100,1.17242,1.17246,1.17229,1.17246,50.632069247867776,57.533950160104496,,,173
1767647400,1.17246,1.17253,1.17246,1.17246,50.632069247867776,56.55097452959844,,,93
1767647700,1.17246,1.17258,1.17244,1.17255,54.34857761661511,55.755828120538524,,,179
1767648000,1.17255,1.17264,1.17255,1.17255,54.3485776166151,54.96068171147861,,,181
1767648300,1.17255,1.17255,1.17213,1.17226,42.415775090899736,53.86779878219465,,,320
1767648600,1.17226,1.17236,1.17222,1.17226,42.41577509089974,52.802438573304464,,,195
1767648900,1.17226,1.17231,1.17212,1.17216,38.992029540242164,51.6618717159152,,,155
1767649200,1.17216,1.17216,1.17204,1.17205,35.58898921539502,50.015115320558785,,,131
1767649500,1.17205,1.17207,1.17195,1.1720599999999999,36.1346821498699,48.385813253504,,,228
1767649800,1.1720599999999999,1.17213,1.17204,1.1720599999999999,36.1346821498699,46.64580209509251,,,145
1767650100,1.1720599999999999,1.17221,1.17198,1.17219,43.368373442526185,45.83558081324703,,,217
1767650400,1.17219,1.17219,1.17182,1.17185,32.87928942642664,44.10622509251257,,,113
1767650700,1.17185,1.17208,1.17185,1.17204,41.407635608972114,43.452914850186595,,,71
1767651000,1.17204,1.17216,1.17198,1.17214,45.343847037352134,43.18874089152994,,,88
1767651300,1.17214,1.17218,1.17204,1.17218,46.8810511628875,42.92081102831706,,,37
1767651600,1.17218,1.17221,1.17214,1.17221,48.06091721093416,42.737157311393226,,,14
1767651900,1.17221,1.17221,1.17199,1.17218,46.93813949011394,42.20784030235743,,,20
1767652200,1.17218,1.1722,1.17199,1.17207,42.97387717809924,41.395361699606305,,,43
1767652500,1.17207,1.1721,1.17205,1.1721,44.354204612634675,41.5338209511588,,,11
1767652800,1.1721,1.1721,1.17189,1.172,40.80835139680876,41.41900497300945,,,39
1767653100,1.172,1.17201,1.17199,1.17199,40.46001672914701,41.52386120078836,,,15
1767653400,1.17199,1.172,1.17198,1.172,41.00235098675317,41.910529898742524,,,22
1767653700,1.172,1.17202,1.17184,1.17185,35.7430726416987,41.882557791016005,,,199
1767654000,1.17185,1.17212,1.17178,1.1718,34.16973325627076,41.742204298616066,,,314
1767654300,1.1718,1.17191,1.1717899999999999,1.17184,36.57501296870034,41.25696426477136,,,132
1767654600,1.17184,1.17191,1.1717899999999999,1.1719,40.10986476048559,41.77343393148986,,,129
1767654900,1.1719,1.1719,1.17176,1.1719,40.10986476048559,41.68073601374083,,,150
1767655200,1.1719,1.17195,1.17185,1.17185,38.059809565159476,41.16044762286992,,,66
1767655500,1.17185,1.17185,1.17176,1.17177,34.97925061796289,40.31031901251816,,,111
1767655800,1.17177,1.1718,1.1717,1.1717,32.5004318233503,39.19885577054788,,,91
1767656100,1.1717,1.17177,1.1717,1.17172,33.940834765084574,38.27047686161721,,,108
1767656400,1.17172,1.17172,1.17161,1.17167,32.09679867939067,37.493542683138024,,,86
1767656700,1.17167,1.17167,1.17149,1.1715,26.771098755259544,36.23760655046837,,,126
1767657000,1.1715,1.17151,1.17126,1.17128,21.743102643466585,34.87580306808679,,,204
1767657300,1.17128,1.17147,1.17128,1.17144,31.778447888795725,34.255691008061696,,,150
1767657600,1.17144,1.17168,1.17139,1.17147,33.50037531071109,33.71983560263012,,,322
1767657900,1.17147,1.1715,1.17139,1.17148,34.09749119311948,33.60229407058874,,,218
1767658200,1.17148,1.17155,1.17142,1.1715,35.34785684135613,33.6864457552377,,,270
1767658500,1.1715,1.17167,1.17146,1.17146,33.9600835808552,33.499665084677325,,,400
1767658800,1.17146,1.17149,1.17132,1.17136,30.713616002193774,32.828504459085046,,,307
1767659100,1.17136,1.17136,1.17122,1.17127,28.10915805243549,31.971311122795754,,,301
1767659400,1.17127,1.17138,1.1712,1.17121,26.496058754426016,31.14532892202908,,,395
1767659700,1.17121,1.17122,1.17109,1.17112,24.248201449408597,30.378825409989492,,,295
1767660000,1.17112,1.17127,1.17106,1.17127,34.258769496048956,30.504420958039393,,,258
1767660300,1.17127,1.17137,1.17125,1.17131,36.66246977393328,30.69882345867145,,,334
1767660600,1.17131,1.17141,1.17115,1.17128,35.61082170968453,30.949825103692437,,,685
1767660900,1.17128,1.1717,1.17126,1.17168,54.39476678753305,32.922944248854826,,,635
1767661200,1.17168,1.17204,1.17167,1.17191,61.37261833551023,35.75362394114366,,,874
1767661500,1.17191,1.17198,1.17141,1.17141,45.18650304885896,36.71134216686246,,,616
1767661800,1.17141,1.17142,1.17124,1.17135,43.697185283617216,37.43968573635576,,,520
1767662100,1.17135,1.17141,1.17121,1.17133,43.1862248085644,38.08888099460182,,,471
1767662400,1.17133,1.17155,1.17126,1.17153,49.54044088123512,39.10263699745032,,,426
1767662700,1.17153,1.17164,1.1714499999999999,1.17151,48.95084665565134,40.17340578850719,,,593
1767663000,1.17151,1.17166,1.17146,1.17165,53.15376338186769,41.7762734584839,,,644
1767663300,1.17165,1.17194,1.17165,1.17193,60.20969259230831,44.069168782760535,,,464
1767663600,1.17193,1.17212,1.17186,1.17202,62.18145026441368,46.61812531918822,,,438
1767663900,1.17202,1.17231,1.17201,1.17215,64.8880076776966,49.520968621208795,,,566
1767664200,1.17215,1.17233,1.17209,1.17233,68.2736869513727,51.950605582303346,,,804
1767664500,1.17233,1.17253,1.17225,1.17253,71.55561505857905,54.442973102635186,,,586
1767664800,1.17253,1.17278,1.17245,1.17253,71.55561505857905,57.01045834184193,,,585
1767665100,1.17253,1.17253,1.17229,1.17247,69.06969246272158,58.05866731864112,,,481
1767665400,1.17247,1.17248,1.17232,1.17233,63.5241478978352,58.21234800166433,,,380
1767665700,1.17233,1.17251,1.17227,1.17241,65.24151881196893,59.64484912760076,,,311
1767666000,1.17241,1.17241,1.17222,1.17226,59.577473788808994,60.77915544940017,,,324
1767666300,1.17226,1.17244,1.17221,1.17236,61.949175824581424,62.119366236258536,,,268
1767666600,1.17236,1.17257,1.17236,1.17247,64.42201243883167,63.18233563322972,,,322
1767666900,1.17247,1.17256,1.17241,1.17243,62.82317889126834,64.17321650720235,,,216
1767667200,1.17243,1.17283,1.17239,1.17279,70.03186177456946,65.37879496382394,,,451
1767667500,1.17279,1.17336,1.17275,1.17333,77.1797782862012,66.59094394195914,,,443
1767667800,1.17333,1.17355,1.17314,1.17355,79.3416456034167,67.81667218045935,,,491
1767668100,1.17355,1.17378,1.17347,1.17373,80.93320002876366,68.96275734839271,,,550
1767668400,1.17373,1.17381,1.17341,1.17341,70.53010724806846,69.12393022672813,,,521
1767668700,1.17341,1.17342,1.17325,1.17326,66.23244286616139,68.74370364155544,,,427
1767669000,1.17326,1.1734499999999999,1.17325,1.1733,66.81317659811364,68.40495803723648,,,286
1767669300,1.1733,1.17356,1.17329,1.17347,69.23482150725513,68.41675296898889,,,452
1767669600,1.17347,1.17368,1.17344,1.17365,71.59802733954655,68.99345864339683,,,349
1767669900,1.17365,1.17366,1.17342,1.17349,66.6939142301156,69.09720117326445,,,463
1767670200,1.17349,1.17354,1.17338,1.17347,66.08458184044022,69.56199460552382,,,412
1767670500,1.17347,1.17375,1.17344,1.17372,69.79894884496034,70.12269267840803,,,420
1767670800,1.17372,1.17383,1.17368,1.17369,68.82485926392255,70.4371817373431,,,298
1767671100,1.17369,1.17375,1.17353,1.17354,64.01444284229378,70.5222720195592,,,241
1767671400,1.17354,1.17354,1.17342,1.17353,63.69482214473106,70.0696263317136,,,391
1767671700,1.17353,1.17359,1.17342,1.17346,61.38436757074061,68.9413827091807,,,386
1767672000,1.17346,1.17349,1.17325,1.17332,56.936054429718475,67.34098333963081,,,450
1767672300,1.17332,1.17338,1.17327,1.17334,57.41086786571767,65.6608167565561,,,398
1767672600,1.17334,1.17342,1.17327,1.17335,57.66222539349094,64.741682338372,,,240
1767672900,1.17335,1.17348,1.17331,1.17338,58.454405660929055,64.18610825228397,,,287
1767673200,1.17338,1.17339,1.17327,1.17329,55.12222404645378,63.351040212879695,,,225
1767673500,1.17329,1.17332,1.17319,1.1732799999999999,54.748777869645814,62.31632281019331,,,240
1767673800,1.1732799999999999,1.17355,1.17327,1.17353,61.72936083682076,61.61141805999862,,,215
1767674100,1.17353,1.17353,1.1732799999999999,1.17329,53.23864527284997,60.65032742019393,,,229
1767674400,1.17329,1.17339,1.17322,1.17333,54.365275447283636,59.81323410639704,,,315
1767674700,1.17333,1.17334,1.17323,1.17323,51.05361726282999,58.47428185053059,,,273
1767675000,1.17323,1.17326,1.17314,1.17326,51.99830104267244,57.272384834727006,,,341
1767675300,1.17326,1.1734,1.17325,1.17337,55.39753336430064,56.65689130058463,,,462
1767675600,1.17337,1.17346,1.1733,1.17344,57.46192508501149,56.21168436774752,,,232
1767675900,1.17344,1.17354,1.17343,1.1735,59.20485377777348,56.056004811107016,,,238
1767676200,1.1735,1.17366,1.17347,1.17366,63.49973555983281,56.524839177543754,,,351
1767676500,1.17366,1.17366,1.17351,1.17361,61.32689237902993,56.80455521420891,,,388
1767676800,1.17361,1.1736199999999999,1.17352,1.17355,58.72983710835407,56.880813193841995,,,331
1767677100,1.17355,1.17369,1.17354,1.1736199999999999,60.81473365612594,57.04940805064177,,,404
1767677400,1.1736199999999999,1.17364,1.17352,1.17358,58.981119417417524,57.325043434282044,,,495
1767677700,1.17358,1.17368,1.1735,1.1735,55.38444091761317,57.37044793770828,,,398
1767678000,1.1735,1.1735,1.17329,1.17329,47.240780378290346,56.33554933352753,,,347
1767678300,1.17329,1.17334,1.1732,1.17322,44.87228003434014,55.73795181649111,,,308
1767678600,1.17322,1.17324,1.17286,1.17299,38.11110195721247,54.57693942434317,,,508
1767678900,1.17299,1.17299,1.17272,1.17287,35.13642441282188,53.43999707791402,,,739
1767679200,1.17287,1.17325,1.17285,1.17323,48.19908777139932,53.16862470139451,,,456
1767679500,1.17323,1.17325,1.173,1.17319,47.06493773332556,52.573439299182006,,,574
1767679800,1.17319,1.17323,1.17313,1.17318,46.768651662670024,51.80963405472905,,,265
1767680100,1.17318,1.17335,1.17312,1.17335,52.26965517915236,51.31426272625611,,,345
1767680400,1.17335,1.17337,1.17322,1.17337,52.88651354228689,50.556175439288545,,,346
1767680700,1.17337,1.17353,1.17313,1.17349,56.51762882947377,50.21265661432024,,,523
1767681000,1.17349,1.17365,1.17342,1.17353,57.688257440503804,50.13825806661665,,,606
1767681300,1.17353,1.17354,1.17339,1.1734499999999999,54.526502291901124,49.689098683457736,,,389
1767681600,1.1734499999999999,1.17363,1.17342,1.17343,53.7336148058382,49.31427692548779,,,438
1767681900,1.17343,1.1736,1.17342,1.17353,57.093193390224194,49.43633067353143,,,412
1767682200,1.17353,1.17365,1.17346,1.17363,60.20513177293902,50.3623557731492,,,338
1767682500,1.17363,1.17372,1.17359,1.17361,59.27911010079292,51.39141506361011,,,393
1767682800,1.17361,1.1740599999999999,1.17361,1.17405,70.15503275378168,53.68026726336506,,,854
1767683100,1.17405,1.17428,1.17395,1.17418,72.49264781654972,56.3485689350599,,,506
1767683400,1.17418,1.17424,1.17372,1.17379,57.85291703844665,57.03812816842043,,,563
1767683700,1.17379,1.17382,1.17359,1.17359,52.04803333351738,57.39406356843413,,,456
1767684000,1.17359,1.17364,1.17329,1.17339,46.97234246556962,57.40861291149838,,,556
1767684300,1.17339,1.17348,1.17329,1.1734499999999999,48.592015511815916,57.1459243638315,,,480
1767684600,1.1734499999999999,1.1736199999999999,1.17339,1.17358,52.01207506346264,57.0834644724869,,,440
1767684900,1.17358,1.17393,1.17347,1.17382,57.61788409254667,57.16205413413496,,,431
1767685200,1.17382,1.17384,1.17359,1.17359,51.41877433518731,56.71423391232664,,,480
1767685500,1.17359,1.17369,1.1733,1.17332,45.262335224998594,56.05250769326217,,,633
1767685800,1.17332,1.17355,1.1731,1.1733,44.83411479560241,55.416829121102474,,,678
1767686100,1.1733,1.1733,1.17258,1.1729,37.24468119023582,53.99907824967473,,,1171
1767686400,1.1729,1.17318,1.17272,1.17293,38.09112786903241,52.419506542252826,,,1327
1767686700,1.17293,1.17346,1.17293,1.17327,46.842150621800315,51.53115229375336,,,954
1767687000,1.17327,1.17351,1.17322,1.17336,48.90119150712244,50.013020776134844,,,827
1767687300,1.17336,1.17388,1.17336,1.17375,56.72382857265124,48.886676544427814,,,906
1767687600,1.17375,1.17379,1.17298,1.1730099999999999,43.20762796734943,47.84058446792086,,,938
1767687900,1.1730099999999999,1.17313,1.17275,1.17278,40.016059178578004,46.981157742568065,,,823
1767688200,1.17278,1.17285,1.17259,1.1728399999999999,41.235517050405676,46.57138449862778,,,788
1767688500,1.1728399999999999,1.1730099999999999,1.17266,1.17292,42.902280579583504,46.164974860611174,,,736
1767688800,1.17292,1.17292,1.1726699999999999,1.17272,39.85855618699086,45.296866369434625,,,670
1767689100,1.17272,1.17325,1.1726,1.17315,48.34390435362232,44.63443924522574,,,743
1767689400,1.17315,1.17322,1.17293,1.17296,45.30241041189519,44.19755610784774,,,657
1767689700,1.17296,1.17298,1.17272,1.17283,43.29534788671276,44.05705701225589,,,591
1767690000,1.17283,1.17289,1.17212,1.17212,34.345606900456374,43.30787787688832,,,1172
1767690300,1.17212,1.17232,1.17197,1.17216,35.158823888777405,43.15888806964129,,,809
1767690600,1.17216,1.17217,1.17171,1.1718,31.39034618919328,42.68026080679564,,,810
1767690900,1.1718,1.17187,1.17151,1.17161,29.587824777155433,41.447808960749576,,,978
1767691200,1.17161,1.17174,1.1712,1.1712,26.10435368265891,39.81946340185932,,,897
1767691500,1.1712,1.17127,1.17094,1.17116,25.785395471024557,37.60957532317171,,,575
1767691800,1.17116,1.17117,1.17091,1.17096,24.193638647942706,36.25143322892837,,,531
1767692100,1.17096,1.17103,1.17079,1.17103,25.917379550494346,35.24438468406525,,,594
1767692400,1.17103,1.17143,1.17103,1.17135,33.37561625213537,34.68296319847452,,,790
1767692700,1.17135,1.17183,1.1713,1.1718,42.18961363744221,34.632058416892995,,,622
1767693000,1.1718,1.17183,1.17148,1.17151,38.64175189328679,34.54514382448556,,,824
1767693300,1.17151,1.17171,1.17131,1.17132,36.47741209548239,33.69753723461842,,,775
1767693600,1.17132,1.17133,1.17098,1.17109,33.99516660724831,32.88987696285793,,,852
1767693900,1.17109,1.17158,1.17104,1.17142,40.27499390615857,32.674137392818345,,,696
1767694200,1.17142,1.17152,1.17107,1.17108,36.429318150172804,32.82297391065523,,,567
1767694500,1.17108,1.17134,1.17082,1.17133,40.89805450509366,33.23291895467782,,,658
1767694800,1.17133,1.17161,1.17128,1.17151,43.952959631748435,34.130248486288906,,,548
1767695100,1.17151,1.17158,1.17131,1.1714499999999999,43.1522721348497,35.099137583267066,,,423
1767695400,1.1714499999999999,1.17149,1.17123,1.17136,41.918716223479784,36.22873490761142,,,323
1767695700,1.17136,1.17169,1.17136,1.17169,47.80986151738614,37.8019110537801,,,486
1767696000,1.17169,1.17171,1.17121,1.17124,41.611708029138,39.04605886672262,,,605
1767696300,1.17124,1.1714499999999999,1.17117,1.17137,43.87538141812298,40.328773285838956,,,541
1767696600,1.17137,1.17143,1.17108,1.17122,41.85883722268727,40.934717640878375,,,426
1767696900,1.17122,1.17128,1.17114,1.17127,42.80252242508746,40.97849683999589,,,591
1767697200,1.17127,1.1713,1.17097,1.1710099999999999,39.23621660426181,41.02095860506553,,,553
1767697500,1.1710099999999999,1.1710099999999999,1.17069,1.17081,36.70289202907001,41.037064314607505,,,435
1767697800,1.17081,1.17081,1.1705,1.17073,35.70969696581584,41.1595307687909,,,563
1767698100,1.17073,1.17079,1.17056,1.17058,33.859569487397025,40.701286167450796,,,535
1767698400,1.17058,1.17102,1.1705,1.17092,41.28523157525337,41.04813712638513,,,674
1767698700,1.17092,1.17095,1.17071,1.17087,40.56398371904628,41.02427492738174,,,590
1767699000,1.17087,1.17099,1.1708,1.17088,40.786787784383144,40.79811979542707,,,747
1767699300,1.17088,1.17108,1.1708399999999999,1.17093,41.95835660762482,40.71284011491101,,,559
1767699600,1.17093,1.17093,1.17072,1.17087,40.91226753687681,40.6409509230108,,,357
1767699900,1.17087,1.17097,1.17066,1.17067,37.55148267084202,39.90820957682907,,,430
1767700200,1.17067,1.1708,1.1706,1.17068,37.82649187098865,39.63783699410413,,,565
1767700500,1.17068,1.17068,1.17051,1.17061,36.61108844754558,39.11895892477717,,,675
1767700800,1.17061,1.17098,1.17061,1.17087,43.83025163972124,39.25977424027959,,,595
1767701100,1.17087,1.17116,1.17087,1.17107,48.67268285323829,39.67907141371894,,,762
1767701400,1.17107,1.17117,1.17091,1.17116,50.73108932851877,40.500133751165855,,,392
1767701700,1.17116,1.17122,1.17102,1.17102,47.53743071759038,41.27402937177446,,,520
1767702000,1.17102,1.17112,1.17095,1.1710099999999999,47.308339387577085,42.10250383047168,,,437
1767702300,1.1710099999999999,1.1710099999999999,1.17062,1.17062,39.34474741604745,42.494302253946714,,,654
1767702600,1.17062,1.17072,1.17047,1.17058,38.6265606407951,42.30439718719969,,,671
1767702900,1.17058,1.17074,1.17046,1.17058,38.6265606407951,42.16600982446747,,,614
1767703200,1.17058,1.1706,1.16992,1.1702299999999999,32.58973196850772,41.58050583761922,,,868
1767703500,1.1702299999999999,1.17036,1.17007,1.17011,30.811712419515274,40.78431696703997,,,527
1767703800,1.17011,1.17045,1.1701,1.17015,32.14072288406673,40.15777806326782,,,813
1767704100,1.17015,1.17015,1.1697,1.17013,31.811691541835287,39.74779298262449,,,635
1767704400,1.17013,1.17014,1.16972,1.16993,28.652808742739907,39.09252990203529,,,940
1767704700,1.16993,1.17074,1.16988,1.17066,48.68301530881553,39.954810392126,,,872
1767705000,1.17066,1.17092,1.17047,1.17072,49.92730803147607,40.390314420108496,,,908
1767705300,1.17072,1.1708399999999999,1.17035,1.17083,52.21490746666201,40.64333046392448,,,882
1767705600,1.17083,1.17088,1.1705699999999999,1.1706,47.34446835079986,40.40142896551598,,,943
1767705900,1.1706,1.17088,1.17058,1.17067,48.90651506976141,40.49922070495677,,,737
1767706200,1.17067,1.17085,1.17059,1.17082,52.180191502187334,40.84721014171464,,,599
1767706500,1.17082,1.17136,1.17082,1.17112,57.97914692382874,42.17823867798474,,,870
1767706800,1.17112,1.17123,1.171,1.17103,55.79325069284375,43.40443082455964,,,621
1767707100,1.17103,1.17103,1.1705699999999999,1.17072,48.947900694886954,44.141669399851914,,,916
1767707400,1.17072,1.17106,1.17049,1.17105,55.243118249292415,45.759768419907964,,,1155
1767707700,1.17105,1.17122,1.17097,1.1711,56.12588557373262,47.567923645209206,,,789
1767708000,1.1711,1.17144,1.17109,1.17142,61.37642107481717,49.65618780169138,,,889
1767708300,1.17142,1.17176,1.1713,1.17155,63.298020168740514,51.90521127504176,,,674
1767708600,1.17155,1.17163,1.17126,1.17137,58.92647874958498,54.06761627553069,,,686
1767708900,1.17137,1.17138,1.17061,1.17081,47.853625939565866,54.00837417772714,,,1000
1767709200,1.17081,1.17091,1.17026,1.17029,40.28389427715534,53.31955890956137,,,1083
1767709500,1.17029,1.17052,1.17024,1.17051,44.29844521155851,52.754097319911125,,,873
1767709800,1.17051,1.1708399999999999,1.17025,1.17077,48.68873852716497,52.85011661822292,,,1491
1767710100,1.17077,1.17081,1.17022,1.1702299999999999,41.39172944829977,52.31334621668994,,,1223
1767710400,1.1702299999999999,1.17096,1.16992,1.1708399999999999,50.4294843468824,52.18829570559674,,,1447
1767710700,1.1708399999999999,1.17111,1.17071,1.17074,49.09296346011428,51.55356831533142,,,1344
1767711000,1.17074,1.17142,1.17065,1.17128,55.891181516582655,51.56056337416991,,,1078
1767711300,1.17128,1.17131,1.17086,1.1709,50.75467497316896,51.68961867976147,,,1219
1767711600,1.1709,1.1709,1.1699599999999999,1.17012,42.18477124797901,50.756879608239096,,,1391
1767711900,1.17012,1.17078,1.17003,1.17046,46.43081014454131,50.06437422043972,,,1182
1767712200,1.17046,1.17046,1.1695,1.16957,38.46692536976971,48.427981670079184,,,1432
1767712500,1.16957,1.16977,1.16935,1.16948,37.76157325550793,46.60394974770543,,,1470
1767712800,1.16948,1.16948,1.16891,1.16905,34.50602552992687,44.85963166058699,,,1605
1767713100,1.16905,1.16917,1.16877,1.16894,33.70548471955887,43.8490501448722,,,1271
1767713400,1.16894,1.16913,1.16862,1.16877,32.45241154832425,43.289658521384276,,,1514
1767713700,1.16877,1.16877,1.16839,1.1685699999999999,30.992590920366624,42.33924035772771,,,1252
1767714000,1.1685699999999999,1.16915,1.16838,1.16912,39.10502787072219,41.654689596553226,,,1465
1767714300,1.16912,1.16949,1.16902,1.16938,42.54368387215804,41.736972055400244,,,1371
1767714600,1.16938,1.16938,1.16891,1.16912,40.10481475821428,40.99949565620967,,,1262
1767714900,1.16912,1.1696199999999999,1.16871,1.16953,45.41848031493267,40.73703257441098,,,1514
1767715200,1.16953,1.16982,1.16911,1.16914,41.63472185284876,39.71871402700142,,,1358
1767715500,1.16914,1.16914,1.16858,1.16875,38.20690689279994,38.82244487840364,,,914
1767715800,1.16875,1.16928,1.16872,1.16919,43.82604206823499,38.93967850842192,,,963
1767716100,1.16919,1.16929,1.16898,1.16921,44.074983777005755,38.7714051964551,,,850
1767716400,1.16921,1.16924,1.1689,1.16892,41.22233738564352,38.96822034044609,,,754
1767716700,1.16892,1.16909,1.16866,1.16872,39.33167118474,39.08037019253409,,,836
1767717000,1.16872,1.16908,1.16864,1.16866,38.757366388033255,39.384037396684555,,,1230
1767717300,1.16866,1.16914,1.16866,1.16896,43.22151393154781,40.06375376896948,,,830
1767717600,1.16896,1.16911,1.16863,1.16887,42.227067167902995,40.76194345608224,,,906
1767717900,1.16887,1.16887,1.16858,1.16878,41.206063334093194,41.491477199919856,,,759
1767718200,1.16878,1.1689,1.16861,1.16875,40.85148861367035,41.616224395844725,,,797
1767718500,1.16875,1.16917,1.16865,1.16881,41.92777972394017,41.57223124240058,,,1138
1767718800,1.16881,1.16899,1.16869,1.16891,43.76444638202742,41.833633501244385,,,762
1767719100,1.16891,1.16924,1.16889,1.16915,48.014008373104346,42.019028362542365,,,488
1767719400,1.16915,1.16931,1.16902,1.16922,49.21933041535279,42.56078611700694,,,515
1767719700,1.16922,1.1696,1.16915,1.16953,54.27542071484574,43.70853710429592,,,583
1767720000,1.16953,1.16961,1.16929,1.16948,53.352709347368915,44.38901333851977,,,478
1767720300,1.16948,1.16954,1.16934,1.16941,52.01937064600627,44.956469543448385,,,503
1767720600,1.16941,1.16947,1.16929,1.1693,49.908610833916676,45.57691764689646,,,924
1767720900,1.1693,1.16942,1.16925,1.1694,51.822471167570974,46.4691176456701,,,351
1767721200,1.1694,1.16961,1.16931,1.16957,54.97212091521229,47.62731439761147,,,629
1767721500,1.16957,1.1698,1.16951,1.16965,56.41612792522349,48.56978682573116,,,518
1767721800,1.16965,1.16992,1.16965,1.16988,60.35274743213972,49.86447827317664,,,412
1767722100,1.16988,1.17007,1.16984,1.17006,63.15738909383765,51.43243011315838,,,515
1767722400,1.17006,1.17022,1.16998,1.17011,63.92087747577114,53.08024360330843,,,523
1767722700,1.17011,1.17018,1.16972,1.16983,56.819797190588936,54.14395913664049,,,467
1767723000,1.16983,1.16994,1.16955,1.1699,58.073781437487014,55.16605449774475,,,538
1767723300,1.1699,1.1701,1.16963,1.16963,51.82240855765302,55.43808308235537,,,416
1767723600,1.16963,1.16966,1.16935,1.1694,47.16480912694828,55.291331561755044,,,622
1767723900,1.1694,1.16952,1.16937,1.16946,48.46601602502659,54.876374083910825,,,510
1767724200,1.16946,1.16947,1.16924,1.16936,46.414340429826915,54.38077630408639,,,531
1767724500,1.16936,1.16947,1.16929,1.16931,45.37993701070978,53.90653104442235,,,549
1767724800,1.16931,1.16943,1.16907,1.16937,46.90899733993134,53.69227293770911,,,858
1767725100,1.16937,1.16941,1.16911,1.16911,41.488855410536296,52.95415752649235,,,756
1767725400,1.16911,1.16916,1.16871,1.16871,34.82253454589197,51.51490135725519,,,562
1767725700,1.16871,1.16902,1.16868,1.16882,37.783137989523006,50.18397350470515,,,816
1767726000,1.16882,1.16903,1.16865,1.16867,35.42037997531425,48.4030901149319,,,761
1767726300,1.16867,1.16867,1.16843,1.16844,32.10512561900808,46.18507129530121,,,686
1767726600,1.16844,1.16865,1.16844,1.16865,37.827039636818704,44.32122573537604,,,552
1767726900,1.16865,1.16872,1.16851,1.16858,36.71626423514541,42.8852590957015,,,591
1767727200,1.16858,1.16883,1.16856,1.16875,41.22979753314515,41.68211738824851,,,440
1767727500,1.16875,1.16876,1.16849,1.16852,37.34862654794709,40.648275816126656,,,571
1767727800,1.16852,1.16856,1.16842,1.16845,36.230775118072295,39.86727338692123,,,530
1767728100,1.16845,1.16856,1.16839,1.16852,38.2220340605604,39.13556038945935,,,553
1767728400,1.16852,1.16871,1.16852,1.1686,40.50841591343388,38.71370863828842,,,392
1767728700,1.1686,1.16883,1.1685,1.16855,39.52386259335535,38.2954176084774,,,601
1767729000,1.16855,1.16867,1.16841,1.16867,43.09835770068404,38.02322906281688,,,622
1767729300,1.16867,1.1691,1.16866,1.16896,50.68441753730082,38.68005492901434,,,839
1767729600,1.16896,1.16922,1.16896,1.16908,53.44995472056586,40.010584941491054,,,718
1767729900,1.16908,1.16913,1.1690099999999999,1.16906,52.91732347728787,41.09159819061711,,,385
1767730200,1.16906,1.16912,1.16895,1.16897,50.479557386970434,42.16725372002112,,,268
1767730500,1.16897,1.16916,1.16889,1.16892,49.12557205113582,43.382999893744525,,,383
1767730800,1.16892,1.16897,1.16886,1.16896,50.27465375254035,44.27211518772465,,,285
1767731100,1.16896,1.16899,1.16889,1.16896,50.27465375254035,45.240571581824284,,,273
1767731400,1.16896,1.1691,1.16889,1.16891,48.680657894729194,45.77277589336601,,,367
1767731700,1.16891,1.16929,1.16891,1.16927,58.80748861637459,47.30555175539654,,,297
1767732000,1.16927,1.16931,1.16915,1.16929,59.28813496410599,48.95250603011323,,,583
1767732300,1.16929,1.16931,1.16907,1.16907,52.088265235940945,49.94295111406898,,,432
1767732600,1.16907,1.16916,1.169,1.16902,50.58474787823945,50.662689111555096,,,413
1767732900,1.16902,1.16909,1.16865,1.16869,41.97339691634838,50.837655848911744,,,793
1767733200,1.16869,1.16871,1.16854,1.16867,41.512156102467536,50.72435573475342,,,388
1767733500,1.16867,1.16881,1.16865,1.16874,43.83835147053697,50.23535101569886,,,159
1767733800,1.16874,1.16881,1.1687,1.1687,42.791030134263565,49.47399925953441,,,119
1767734100,1.1687,1.16888,1.16867,1.16882,46.89029135339625,49.04349696497072,,,165
1767734400,1.16882,1.1688399999999999,1.16874,1.16874,44.596089285681174,48.62324924345006,,,146
1767734700,1.16874,1.16874,1.16844,1.1685,38.50891234180511,47.864916407069295,,,256
1767735000,1.1685,1.16867,1.1685,1.16854,39.97937201252302,47.1295391399252,,,241
1767735300,1.16854,1.16868,1.16848,1.16862,42.91935291791372,46.60416050888044,,,148
1767735600,1.16862,1.16876,1.16862,1.16872,46.450334356262,46.44485168470421,,,129
1767735900,1.16872,1.16883,1.1687,1.16876,47.8402446371979,45.66147711476303,,,298
1767736200,1.16876,1.1688399999999999,1.16866,1.16879,48.91127314494807,44.920272699108885,,,271
1767736500,1.16879,1.16885,1.16869,1.16885,51.07504085519417,44.84789952905555,,,156
1767736800,1.16885,1.16885,1.16845,1.16853,41.08157649507459,44.1691015731152,,,27
1767737100,1.16853,1.1685699999999999,1.16852,1.16854,41.46700408876502,44.13293065685925,,,26
1767737400,1.16854,1.16864,1.16841,1.16854,41.46700408876502,44.12970551302336,,,256
1767737700,1.16854,1.16871,1.16854,1.16871,48.15392051373323,44.437960444680236,,,38
1767738000,1.16871,1.16871,1.1687,1.16871,48.15392051373323,44.821024043213775,,,7
1767738300,1.16871,1.16873,1.16871,1.16872,48.55487017864577,44.93992253073161,,,7
1767738600,1.16872,1.16872,1.16868,1.16871,48.15382856490499,45.19404676496187,,,14
1767738900,1.16871,1.16873,1.1687,1.16871,48.15382856490499,45.88296935232615,,,9
1767739200,1.16871,1.16873,1.16867,1.16867,46.37683006775041,46.33993064198525,,,23
1767739500,1.16867,1.16873,1.16867,1.16869,47.42159440163137,46.66151931939366,,,13
1767739800,1.16869,1.16875,1.16867,1.1687,47.967472244661,46.769886311422155,,,91
1767740100,1.1687,1.16879,1.16869,1.16878,52.23947764371337,47.08411724045897,,,71
1767740400,1.16878,1.16895,1.16872,1.16883,54.7405750220115,47.5004959459635,,,114
1767740700,1.16883,1.16893,1.16881,1.16892,58.91155780704644,48.06024715681009,,,74
1767741000,1.16892,1.16892,1.16875,1.16881,52.53857804974501,48.87860441071513,,,59
1767741300,1.16881,1.16882,1.16878,1.16882,53.035970719211896,49.70495917003275,,,66
1767741600,1.16882,1.16897,1.16881,1.16895,59.044870660044495,50.96052106798129,,,105
1767741900,1.16895,1.16905,1.16895,1.16897,59.89502772704496,51.79917158321784,,,73
1767742200,1.16897,1.169,1.16892,1.16894,57.95175652872028,52.49901701285977,,,95
1767742500,1.16894,1.16894,1.16886,1.16886,53.012367224131346,52.81740965896587,,,63
1767742800,1.16886,1.1689,1.16885,1.16886,53.012367224131346,53.1644481346249,,,54
1767743100,1.16886,1.16887,1.16882,1.16887,53.58587094274066,53.552451161613156,,,79
1767743400,1.16887,1.16889,1.16867,1.16868,42.87755908446876,53.30250323423591,,,230
1767743700,1.16868,1.16878,1.16868,1.16871,44.75478993695972,53.11201720104507,,,131
1767744000,1.16871,1.16897,1.16867,1.16867,42.738053767751424,52.73848730983725,,,492
1767744300,1.16867,1.16875,1.16859,1.16865,41.72561902429278,51.98749740845007,,,315
1767744600,1.16865,1.1687,1.16853,1.16866,42.45959175649792,51.11028431805624,,,375
1767744900,1.16866,1.16883,1.16863,1.16876,49.33216375787159,50.42604188597232,,,411
1767745200,1.16876,1.16886,1.16871,1.1688,51.8114946432981,50.37410735694039,,,312
1767745500,1.1688,1.16882,1.16862,1.16868,44.73869462669624,49.78144477890356,,,305
1767745800,1.16868,1.16911,1.1686,1.1691,63.512779208015324,50.10058110375862,,,927
1767746100,1.1691,1.16942,1.16909,1.16939,70.87132168070269,50.88460210044844,,,530
1767746400,1.16939,1.16939,1.16904,1.16909,57.86939045887513,50.878718809745216,,,479
1767746700,1.16909,1.16913,1.169,1.16908,57.4907744959958,51.198605043449824,,,556
1767747000,1.16908,1.16919,1.16894,1.1691,58.081479483286046,51.5606844905323,,,451
1767747300,1.1691,1.1691799999999999,1.16894,1.16916,59.8825340701,52.01044614248654,,,422
1767747600,1.16916,1.16929,1.16908,1.16924,62.21372796178048,53.39160106229452,,,639
1767747900,1.16924,1.16934,1.1691799999999999,1.16934,64.9550791983863,54.834478866682126,,,483
1767748200,1.16934,1.16942,1.16919,1.1692,58.55072115176253,55.96395510839721,,,466
1767748500,1.1692,1.16925,1.16907,1.16907,53.2959181905751,56.79040504884595,,,496
1767748800,1.16907,1.16917,1.16906,1.16908,53.64058815238369,57.589047648552075,,,443
1767749100,1.16908,1.16913,1.16898,1.16911,54.72017910436091,57.97390588758703,,,515
1767749400,1.16911,1.16931,1.16907,1.16931,61.206183646011056,58.64495510206653,,,504
1767749700,1.16931,1.1698,1.16926,1.1697899999999999,71.68804361989825,60.569908601580956,,,642
1767750000,1.1697899999999999,1.16984,1.16972,1.1698,71.85863787774409,61.166041363704444,,,445
1767750300,1.1698,1.16988,1.1697,1.16982,72.21917857165315,61.26231685591519,,,538
1767750600,1.16982,1.17005,1.16981,1.1699599999999999,74.66596603898567,62.462072254494515,,,463
1767750900,1.1699599999999999,1.16999,1.1694499999999999,1.16957,59.060704767913634,62.57421013106008,,,757
1767751200,1.16957,1.17004,1.16952,1.17004,67.79597658928614,63.26810278148864,,,721
1767751500,1.17004,1.17014,1.17003,1.17005,67.95265707699454,63.844540139123964,,,499
1767751800,1.17005,1.17025,1.17003,1.17003,67.24796625563413,64.20412858868494,,,448
1767752100,1.17003,1.17015,1.17002,1.17009,68.30972091063227,64.44374585384536,,,298
1767752400,1.17009,1.17009,1.1698,1.16982,59.0351510501445,64.47834798944407,,,204
1767752700,1.16982,1.16982,1.16964,1.16973,56.29156842447282,64.69232300615106,,,296
1767753000,1.16973,1.16987,1.1696199999999999,1.16963,53.326125500830955,64.66986138818301,,,276
1767753300,1.16963,1.16963,1.16954,1.16958,51.85519162040631,64.46521942504339,,,217
1767753600,1.16958,1.16982,1.16958,1.16978,56.96831368848291,64.16251442807709,,,274
1767753900,1.16978,1.1698,1.16956,1.16967,53.596814571354564,62.87028378175254,,,339
1767754200,1.16967,1.16967,1.16952,1.16953,49.575424839843734,61.2786257076168,,,274
1767754500,1.16953,1.16964,1.16952,1.1696199999999999,52.06534787334988,59.8390663720237,,,392
1767754800,1.1696199999999999,1.16987,1.16961,1.16978,56.205579299076426,58.52046731917305,,,427
1767755100,1.16978,1.16998,1.16978,1.16986,58.151861751079984,58.45554996082779,,,350
1767755400,1.16986,1.16989,1.16977,1.1697899999999999,55.8144952318031,57.59972986386471,,,172
1767755700,1.1697899999999999,1.17002,1.16972,1.16988,58.143931237848676,56.899106589640006,,,250
1767756000,1.16988,1.17,1.16983,1.16997,60.392631819617684,56.40943984421027,,,283
1767756300,1.16997,1.16999,1.16981,1.16984,55.73478647611127,55.51123024174448,,,291
1767756600,1.16984,1.1699599999999999,1.16982,1.16992,57.887298228448664,55.42924075448049,,,254
1767756900,1.16992,1.16997,1.16987,1.1699599999999999,58.96184538411388,55.61997482302628,,,163
1767757200,1.1699599999999999,1.16997,1.1698,1.16982,53.78868406838698,55.65301472070886,,,167
1767757500,1.16982,1.16992,1.16978,1.16986,55.00341787805401,55.877888024826554,,,208
1767757800,1.16986,1.16995,1.16981,1.16992,56.83627107913611,55.868456409873204,,,326
1767758100,1.16992,1.16995,1.16981,1.16985,54.06914388840032,55.90219421823361,,,311
1767758400,1.16985,1.17008,1.16984,1.17008,60.81898707976284,56.70530580679927,,,348
1767758700,1.17008,1.1702,1.17001,1.17018,63.341430885240115,57.51074030764857,,,426
1767759000,1.17018,1.1702,1.16995,1.16997,55.29124048422168,57.445430392301795,,,383
1767759300,1.16997,1.17,1.16966,1.16971,47.27945234649093,56.66882972054543,,,441
1767759600,1.16971,1.16978,1.16956,1.16963,45.11334738164984,55.90446201696306,,,412
1767759900,1.16963,1.16966,1.16947,1.16949,41.52769929387949,54.717588306679545,,,655
1767760200,1.16949,1.1696199999999999,1.16935,1.16941,39.59124009528001,53.231774612083996,,,400
1767760500,1.16941,1.16959,1.16938,1.16953,43.822854528247134,52.3809223300937,,,290
1767760800,1.16953,1.16969,1.16953,1.16966,48.0670551875835,51.679476398603335,,,169
1767761100,1.16966,1.16968,1.16959,1.16961,46.60853309811362,50.79709694960331,,,207
1767761400,1.16961,1.16965,1.16931,1.16934,39.6176416654663,49.784879635108965,,,611
1767761700,1.16934,1.16935,1.1691,1.16911,34.825659163881184,48.343611155525195,,,269
1767762000,1.16911,1.16939,1.16909,1.16936,42.90900356717316,47.34880633324213,,,341
1767762300,1.16936,1.16938,1.16912,1.16923,40.12231494054152,46.352604265537934,,,437
1767762600,1.16923,1.16923,1.16911,1.16921,39.69519555003687,44.843762013414654,,,334
1767762900,1.16921,1.16932,1.1692,1.16924,40.714693409073,43.22756647940271,,,173
1767763200,1.16924,1.16938,1.16922,1.16923,40.46909737402479,42.168841971531506,,,283
1767763500,1.16923,1.16926,1.1692,1.16925,41.232618749173426,41.73692528600883,,,247
1767763800,1.16925,1.16926,1.16912,1.16925,41.232618749173426,41.459730383689084,,,299
1767764100,1.16925,1.16933,1.1691799999999999,1.16924,40.92822132386527,41.41691052868807,,,321
1767764400,1.16924,1.1693,1.16912,1.16914,37.91394080094841,41.297103436235815,,,459
1767764700,1.16914,1.1692,1.16911,1.1691799999999999,39.82307076113311,41.011404595727676,,,415
1767765000,1.1691799999999999,1.16932,1.16915,1.16931,45.67025902629849,40.8402048699216,,,376
1767765300,1.16931,1.16942,1.16925,1.1693,45.30558058811201,40.74713683349291,,,359
1767765600,1.1693,1.16938,1.16925,1.16931,45.77190232976057,41.1867268809425,,,301
1767765900,1.16931,1.16935,1.16924,1.16928,44.54489673683266,41.88095813615332,,,201
1767766200,1.16928,1.1693,1.1692,1.16928,44.54489673683266,41.99780764827186,,,288
1767766500,1.16928,1.16934,1.16926,1.16927,44.08800204762202,42.28107101306332,,,261
1767766800,1.16927,1.16939,1.16927,1.16939,50.6318198794253,43.06225846516251,,,312
1767767100,1.16939,1.16953,1.16931,1.16952,56.5629001297007,44.19427323092162,,,296
1767767400,1.16952,1.16958,1.16931,1.16936,48.7931530869148,44.78884863898519,,,383
1767767700,1.16936,1.16952,1.16932,1.16947,53.52026851718921,45.66653790812917,,,412
1767768000,1.16947,1.16957,1.16939,1.1694,50.33581223017075,46.316766013914695,,,321
1767768300,1.1694,1.16953,1.16937,1.16953,55.6173482973386,47.36598936916279,,,397
1767768600,1.16953,1.16997,1.1695,1.16988,66.07706106626142,49.37764081668515,,,454
1767768900,1.16988,1.16988,1.16964,1.16975,60.38468829471334,50.84632778336945,,,328
1767769200,1.16975,1.1698,1.16954,1.16977,60.942159156375936,51.9371777926607,,,543
1767769500,1.16977,1.16978,1.16957,1.16978,61.23588600418373,53.07505675095154,,,580
1767769800,1.16978,1.16988,1.16946,1.16946,48.632282597480845,53.27936962721727,,,556
1767770100,1.16946,1.16947,1.16911,1.16924,42.20136933659703,53.11197481291473,,,435
1767770400,1.16924,1.16937,1.16908,1.16913,39.39621244438223,52.744211649168264,,,409
1767770700,1.16913,1.16917,1.16906,1.16909,38.39672624863252,52.33769194924044,,,351
1767771000,1.16909,1.16909,1.16852,1.16862,29.06576090696396,50.797259165493195,,,732
1767771300,1.16862,1.16871,1.16816,1.16827,24.325072675831677,48.49455720450255,,,711
1767771600,1.16827,1.16871,1.16816,1.16871,38.01279195439283,47.72453140932241,,,712
1767771900,1.16871,1.16874,1.16803,1.16816,30.56954059204014,46.08519370038319,,,596
1767772200,1.16816,1.16827,1.16786,1.16827,33.37922335504686,44.874008780731494,,,670
1767772500,1.16827,1.16858,1.16822,1.16825,33.116814912904914,43.266827824700506,,,710
1767772800,1.16825,1.16842,1.16782,1.1679,28.843436860301892,40.60728323856055,,,1347
1767773100,1.1679,1.16794,1.16768,1.16773,27.019673794413322,38.22406791711054,,,922
1767773400,1.16773,1.16781,1.16761,1.16766,26.28274433035351,35.7483954295375,,,664
1767773700,1.16766,1.16802,1.16755,1.16787,32.252354402505176,33.67814317227475,,,713
1767774000,1.16787,1.1679,1.1676,1.1676,29.000632285530443,32.27588243570687,,,697
1767774300,1.1676,1.1676199999999999,1.16728,1.16752,28.096735643360873,31.268408600475716,,,919
1767774600,1.16752,1.16795,1.16752,1.16786,37.07347597045178,31.102498852337828,,,826
1767774900,1.16786,1.16834,1.16786,1.16828,46.03598074812037,31.648159888015535,,,627
1767775200,1.16828,1.16841,1.1681,1.16813,43.64510058719905,32.689541293746615,,,728
1767775500,1.16813,1.16858,1.16808,1.16853,50.95935405262337,34.59198996351745,,,677
1767775800,1.16853,1.16874,1.16835,1.16839,48.58266487748672,35.34698088659558,,,500
1767776100,1.16839,1.16858,1.16831,1.1685699999999999,51.701627183097735,36.856415643099695,,,653
1767776400,1.1685699999999999,1.16869,1.16841,1.16864,52.8982245906282,38.250630017069795,,,672
1767776700,1.16864,1.16864,1.16821,1.16859,51.908955374708086,39.592925764341445,,,608
1767777000,1.16859,1.16864,1.16822,1.16838,47.86054084782428,40.95129033487876,,,778
1767777300,1.16838,1.16842,1.16815,1.16821,44.81358156845344,42.2222837473102,,,620
1767777600,1.16821,1.16838,1.16814,1.16834,47.56279043079043,43.74228704019855,,,592
1767777900,1.16834,1.16843,1.16814,1.16842,49.23865890495618,44.95559450465934,,,364
1767778200,1.16842,1.16853,1.16811,1.16827,46.253735918778,46.1879590498913,,,457
1767778500,1.16827,1.16843,1.1682,1.16842,49.54751281439848,47.72015741925113,,,517
1767778800,1.16842,1.16868,1.16838,1.16855,52.277174492087106,48.80613588508222,,,490
1767779100,1.16855,1.16867,1.16833,1.16861,53.52691634354607,49.34120271332692,,,568
1767779400,1.16861,1.16862,1.1683,1.16846,50.00156463354686,49.79523585949462,,,644
1767779700,1.16846,1.16851,1.16827,1.16844,49.533129549553564,49.69336268070392,,,611
1767780000,1.16844,1.16891,1.16833,1.16858,52.86216325007903,49.999041135889094,,,917
1767780300,1.16858,1.16892,1.16851,1.16881,57.78853038058921,50.433819935709906,,,538
1767780600,1.16881,1.16891,1.16866,1.16883,58.19764473790617,50.812349946229766,,,501
1767780900,1.16883,1.169,1.1687,1.16897,61.04389143071593,51.46484537880176,,,549
1767781200,1.16897,1.16922,1.16896,1.16903,62.23080054547093,52.49129250006223,,,600
1767781500,1.16903,1.16928,1.16903,1.1691799999999999,65.09409182983447,53.939900375875155,,,485
1767781800,1.1691799999999999,1.16927,1.16906,1.16919,65.28304873000084,55.20563311153304,,,421
1767782100,1.16919,1.16938,1.16914,1.16927,66.8300249204629,56.4621592554978,,,527
1767782400,1.16927,1.16938,1.16907,1.16914,61.99563979872745,57.586580961208476,,,487
1767782700,1.16914,1.16933,1.16906,1.16908,59.84393663959952,58.32203980586569,,,525
1767783000,1.16908,1.16923,1.16886,1.16888,53.213984156615375,58.38895478190343,,,606
1767783300,1.16888,1.16892,1.16873,1.16885,52.27838807959585,58.299774191621275,,,728
1767783600,1.16885,1.16917,1.16872,1.16887,52.873259958564134,58.50489528626536,,,705
1767783900,1.16887,1.1689,1.16851,1.16854,43.28545936568195,58.05863313027453,,,461
1767784200,1.16854,1.16886,1.16852,1.16882,51.34705186160613,57.950410888240754,,,413
1767784500,1.16882,1.16923,1.16879,1.16923,60.255699622280794,58.12663726264729,,,1665
1767784800,1.16923,1.16924,1.16908,1.16917,58.56565675312822,58.15292383516315,,,826
1767785100,1.16917,1.1691799999999999,1.16883,1.16897,53.20839153903417,57.59324527147159,,,511
1767785400,1.16897,1.16914,1.16888,1.16888,50.949789478201836,56.78745876666665,,,567
1767785700,1.16888,1.16893,1.1685699999999999,1.16858,44.21273042235046,55.295932951846375,,,436
1767786000,1.16858,1.16866,1.1685,1.16861,44.99599227977504,53.846857491115955,,,676
1767786300,1.16861,1.16888,1.16855,1.16886,51.15103001944621,52.726929283900475,,,570
1767786600,1.16886,1.16897,1.16869,1.16872,47.91731620543035,51.721334741522114,,,573
1767786900,1.16872,1.16894,1.16871,1.16891,52.32256396752278,51.184093836373776,,,584
1767787200,1.16891,1.16912,1.16874,1.16875,48.595043598757755,50.85416951081252,,,433
1767787500,1.16875,1.16876,1.16822,1.16826,39.34952489521522,49.93067928335676,,,637
1767787800,1.16826,1.16843,1.1681,1.16831,40.591594150383855,49.053417439915314,,,758
1767788100,1.16831,1.16841,1.16817,1.16831,40.591594150383855,48.86099849596544,,,528
1767788400,1.16831,1.16862,1.16828,1.16843,43.795385234921305,48.32159373691653,,,593
1767788700,1.16843,1.16861,1.1683,1.16851,45.89038583262869,47.29549989479852,,,724
1767789000,1.16851,1.16868,1.16849,1.16855,46.95504584306565,46.466170544079766,,,538
1767789300,1.16855,1.16876,1.16848,1.16855,46.95504584306565,46.01950299436773,,,571
1767789600,1.16855,1.16855,1.16829,1.16838,42.80381155455687,45.437647428393085,,,514
1767789900,1.16838,1.16859,1.16838,1.16852,46.96237065176879,45.634050301922976,,,529
1767790200,1.16852,1.16871,1.16846,1.1685699999999999,48.40517869241692,45.877563617111676,,,622
1767790500,1.1685699999999999,1.1688,1.16845,1.16877,53.81708719559884,46.06799627255115,,,542
1767790800,1.16877,1.16882,1.16853,1.16876,53.51483240686146,46.46781885836765,,,705
1767791100,1.16876,1.16878,1.16836,1.16845,45.06515303907721,45.949432363478685,,,661
1767791400,1.16845,1.16849,1.1682299999999999,1.16833,42.282067765358775,45.4985055182359,,,738
1767791700,1.16833,1.16885,1.16824,1.16864,50.74467164612391,46.312444571872234,,,1107
1767792000,1.16864,1.16877,1.16841,1.16871,52.44038563500538,47.15878682077376,,,1015
1767792300,1.16871,1.16878,1.16851,1.16872,52.69095628363292,48.0230269731487,,,846
1767792600,1.16872,1.16899,1.1686,1.16871,52.39368326959829,48.63719111848276,,,958
1767792900,1.16871,1.16873,1.16836,1.16861,49.392678620212735,48.887354889024486,,,814
1767793200,1.16861,1.16934,1.1685699999999999,1.16917,62.38577291868673,49.98954968014027,,,717
1767793500,1.16917,1.16938,1.16906,1.16932,64.97941782154035,51.2770048214599,,,615
1767793800,1.16932,1.16947,1.16913,1.16915,59.93531948609878,52.50068395942718,,,516
1767794100,1.16915,1.16931,1.16903,1.16916,60.13137306271918,53.441326988780766,,,779
1767794400,1.16916,1.16941,1.16892,1.16933,63.40942565401874,54.51305891460947,,,1043
1767794700,1.16933,1.16939,1.16896,1.16897,53.396991183084914,54.48305205657277,,,833
1767795000,1.16897,1.16931,1.16894,1.16913,56.67160881688465,54.70853608586014,,,628
1767795300,1.16913,1.1692,1.16885,1.16891,51.33074406337165,55.156078301881166,,,602
1767795600,1.16891,1.16912,1.16873,1.16873,47.395115261581275,55.52129598018278,,,760
1767795900,1.16873,1.16898,1.1687,1.16895,52.21728256889629,55.62648247466651,,,744
1767796200,1.16895,1.16925,1.16892,1.16909,55.04162190410889,55.812285065316765,,,1165
1767796500,1.16909,1.16913,1.1689,1.16907,54.545609573666,55.944760300319125,,,1042
1767796800,1.16907,1.16938,1.1690099999999999,1.1692,57.24278211115705,56.29112450328761,,,931
1767797100,1.1692,1.16955,1.16905,1.16946,62.08810835935252,57.19794091322616,,,1118
1767797400,1.16946,1.16973,1.16925,1.16963,64.8897212071564,57.37679436240257,,,1001
1767797700,1.16963,1.16983,1.16948,1.16973,66.45984361343466,57.482539061823594,,,1398
1767798000,1.16973,1.16973,1.16848,1.1693,55.05804950981612,57.13416263494626,,,4185
1767798300,1.1693,1.16985,1.169,1.16946,57.948911330078076,56.97827251118618,,,2580
1767798600,1.16946,1.16946,1.16882,1.1689,46.6407149227114,55.78050745894994,,,1471
1767798900,1.1689,1.16894,1.16815,1.16841,39.39639979345175,54.780465216833285,,,1979
1767799200,1.16841,1.16848,1.16799,1.16814,36.0717092760201,53.309043821057244,,,1517
1767799500,1.16814,1.16875,1.16804,1.16868,45.90437951479076,52.92144635330146,,,1216
1767799800,1.16868,1.16932,1.16868,1.1693,54.548306070591295,53.43238855394504,,,1328
1767800100,1.1693,1.16961,1.16914,1.16939,55.65599889237881,53.678011148479506,,,1545
1767800400,1.16939,1.16964,1.16911,1.16952,57.27568156961323,53.83758683887267,,,1131
1767800700,1.16952,1.16956,1.16904,1.16934,54.31734597721298,53.82128229626888,,,1035
1767801000,1.16934,1.16938,1.16846,1.16863,44.54411736809543,52.91423481462163,,,997
1767801300,1.16863,1.16903,1.16831,1.1690099999999999,49.75490223223558,52.03329151982756,,,1493
1767801600,1.1690099999999999,1.16931,1.169,1.16922,52.415860843076466,51.14230149382185,,,960
1767801900,1.16922,1.16924,1.1689,1.16898,49.208407382004786,49.91005604871971,,,983
1767802200,1.16898,1.169,1.16824,1.16828,41.275054416354365,48.92555639918673,,,898
1767802500,1.16828,1.16864,1.16821,1.1686,45.59329204697684,48.0430121646795,,,698
1767802800,1.1686,1.16878,1.16851,1.1686,45.59329204697684,47.96819624498418,,,594
1767803100,1.1686,1.16865,1.1683999999999999,1.16855,44.99374202756552,48.36800640456373,,,533
1767803400,1.16855,1.16878,1.16843,1.16868,46.94714247162049,49.14482306139234,,,805
1767803700,1.16868,1.16868,1.1685,1.16865,46.53643286891894,49.18996972954435,,,614
1767804000,1.16865,1.16905,1.16852,1.16893,50.857622429615596,48.92634946947465,,,618
1767804300,1.16893,1.16894,1.16842,1.16866,46.9195002973521,48.30231385554417,,,590
1767804600,1.16866,1.16876,1.16859,1.16876,48.50979874845993,47.676179368318934,,,459
1767804900,1.16876,1.16893,1.16873,1.16892,51.037423294712376,47.44189917671175,,,460
1767805200,1.16892,1.16939,1.16891,1.16937,57.37508070468166,48.358396557896484,,,566
1767805500,1.16937,1.16948,1.16916,1.16916,53.87072047880814,48.65238357550881,,,730
1767805800,1.16916,1.16917,1.16872,1.16881,48.54847989502302,48.376142079219285,,,624
1767806100,1.16881,1.16887,1.16861,1.16874,47.53692950054397,48.25675080197208,,,646
1767806400,1.16874,1.16887,1.16868,1.16872,47.23410970595443,48.682397608372085,,,530
1767806700,1.16872,1.1690099999999999,1.16871,1.16897,51.401557619081785,49.09727372066531,,,613
1767807000,1.16897,1.16911,1.16875,1.16908,53.15471208629258,49.63737515204499,,,678
1767807300,1.16908,1.16912,1.16878,1.16888,49.647838039221284,49.96981058144898,,,411
1767807600,1.16888,1.16904,1.16887,1.16903,52.195228907460674,50.34467389829471,,,370
1767807900,1.16903,1.16916,1.16893,1.16899,51.44775284186748,50.69548246779103,,,602
1767808200,1.16899,1.16903,1.16875,1.16897,51.05406545314479,50.709514112328826,,,552
1767808500,1.16897,1.16898,1.16862,1.16879,47.5289714586469,50.75304776670703,,,758
1767808800,1.16879,1.16893,1.16856,1.16892,50.20319308804737,50.87400450524899,,,412
1767809100,1.16892,1.16903,1.16882,1.16885,48.762075645481225,50.711479673161044,,,471
1767809400,1.16885,1.16898,1.16871,1.16887,49.21067343323639,50.12830772520067,,,511
1767809700,1.16887,1.16893,1.16869,1.16877,46.99516471588772,49.63719659927778,,,404
1767810000,1.16877,1.1688399999999999,1.16868,1.1688399999999999,48.73503760694818,49.650522150129575,,,406
1767810300,1.1688399999999999,1.16888,1.16872,1.16873,46.17029374943402,49.55290531076458,,,330
1767810600,1.16873,1.16893,1.16872,1.16887,49.79186330805831,49.73560199662914,,,375
1767810900,1.16887,1.16896,1.16878,1.16885,49.28177216691798,49.58418875004601,,,487
1767811200,1.16885,1.16892,1.16878,1.16886,49.560011847437416,49.327424447270644,,,306
1767811500,1.16886,1.16886,1.16867,1.16868,44.79621230423382,48.9808797519144,,,424
1767811800,1.16868,1.16883,1.16862,1.16879,48.08061556833034,48.68697879911938,,,359
1767812100,1.16879,1.16881,1.1682299999999999,1.16829,37.2360297623046,47.67185572200775,,,971
1767812400,1.16829,1.16851,1.16826,1.16851,43.296296440612785,47.11772936396975,,,869
1767812700,1.16851,1.16853,1.16811,1.16816,37.150525909783084,46.376411824765185,,,474
1767813000,1.16816,1.16817,1.16797,1.16816,37.15052590978308,45.444078454889166,,,611
1767813300,1.16816,1.16817,1.16786,1.16793,33.52385081480425,44.35563382412653,,,386
1767813600,1.16793,1.16812,1.16793,1.16802,36.15049110603366,43.422763657897754,,,371
1767813900,1.16802,1.16808,1.16787,1.16798,35.479503577817084,42.60021643374986,,,378
1767814200,1.16798,1.16805,1.16791,1.16805,37.66016687394899,41.80915423853563,,,344
1767814500,1.16805,1.16827,1.16803,1.16826,43.79715332973192,41.63964420855691,,,343
1767814800,1.16826,1.16826,1.16812,1.16813,41.099799184624906,41.01878248545453,,,308
1767815100,1.16813,1.16838,1.16806,1.1683,45.800649485736976,40.77013086537017,,,376
1767815400,1.1683,1.16833,1.16817,1.16827,45.11634316131187,40.45272595921834,,,528
1767815700,1.16827,1.16833,1.1682,1.16822,43.938050603003255,40.39142869484473,,,536
1767816000,1.16822,1.16838,1.16804,1.16835,47.75832344298184,40.3684078287484,,,578
1767816300,1.16835,1.16838,1.16811,1.16819,43.8020864665315,40.83741187905033,,,301
1767816600,1.16819,1.16825,1.16812,1.16812,42.15671949922115,40.75601352609379,,,757
1767816900,1.16812,1.16832,1.1679599999999999,1.16829,47.3310937854652,41.483196945785366,,,388
1767817200,1.16829,1.16829,1.16824,1.16828,47.06438759347497,42.19132992319192,,,242
1767817500,1.16828,1.16829,1.16804,1.16806,41.52115223081839,42.762565738621504,,,382
1767817800,1.16806,1.16828,1.16801,1.16817,45.0086955922044,43.395294630490845,,,404
1767818100,1.16817,1.16824,1.16812,1.16816,44.747430785782456,44.0572894310598,,,256
1767818400,1.16816,1.16819,1.1681,1.16811,43.391178088999304,44.466647374991965,,,306
1767818700,1.16811,1.16813,1.16799,1.16804,41.49499217578746,44.30220729256736,,,510
1767819000,1.16804,1.16816,1.16802,1.16804,41.49499217578746,44.330435363364685,,,249
1767819300,1.16804,1.16804,1.16788,1.16788,37.18711537234589,43.71518292669389,,,412
1767819600,1.16788,1.16792,1.16778,1.1677899999999999,34.98682818287939,42.991646142520146,,,349
1767819900,1.1677899999999999,1.1677899999999999,1.16764,1.16777,34.49833646795837,42.317380847159804,,,124
1767820200,1.16777,1.1678,1.16777,1.16777,34.49833646795837,41.37023892037241,,,113
1767820500,1.16777,1.16778,1.16771,1.16773,33.416134781495714,40.628385228584136,,,117
1767820800,1.16773,1.16774,1.1677,1.16772,33.13627631641603,39.98406785838377,,,76
1767821100,1.16772,1.16772,1.16751,1.16757,29.18755973786439,38.688101140697995,,,237
1767821400,1.16757,1.1676199999999999,1.1675,1.16751,27.762429972572235,37.309389882062085,,,188
1767821700,1.16751,1.16758,1.1673499999999999,1.16758,31.93779194338471,36.62486414724539,,,449
1767822000,1.16758,1.1676199999999999,1.16757,1.1676199999999999,34.27557617551932,35.85821276033932,,,221
1767822300,1.1676199999999999,1.16768,1.16759,1.16767,37.18019834667645,35.31769615754603,,,137
1767822600,1.16767,1.16768,1.16761,1.16763,35.81649285804829,34.7766472124781,,,95
1767822900,1.16763,1.16765,1.16742,1.16742,29.664804062259137,33.93163377579751,,,213
1767823200,1.16742,1.16742,1.16727,1.16737,28.413476344230745,32.997239787829166,,,61
1767823500,1.16737,1.16761,1.16737,1.16755,38.47509227827288,33.089238138252526,,,78
1767823800,1.16755,1.16756,1.16748,1.16751,37.22304555455683,33.2489679505152,,,90
1767824100,1.16751,1.16754,1.16749,1.16752,37.76827262950155,33.48253481919686,,,51
1767824400,1.16752,1.16756,1.16749,1.16751,37.41829055766822,33.69110296846184,,,63
1767824700,1.16751,1.16768,1.16751,1.16767,46.034898615760596,34.5924432423379,,,69
1767825000,1.16767,1.16771,1.16766,1.1677,47.49464847720745,35.61804125382301,,,24
1767825300,1.1677,1.16772,1.16768,1.1677,47.49464847720745,36.92569044949037,,,25
1767825600,1.1677,1.16774,1.1677,1.16774,49.60269812496027,38.485709603232365,,,19
1767825900,1.16774,1.16775,1.16767,1.1677,47.546883261186586,39.600644697361076,,,20
1767826200,1.1677,1.16771,1.16769,1.16769,47.022189093298245,40.511117048631,,,5
1767826500,1.16769,1.1677,1.16765,1.16769,47.022189093298245,41.21411638767542,,,11
1767826800,1.16769,1.16777,1.16759,1.1676,42.165369521692085,41.66760757793569,,,153
1767827100,1.1676,1.1677,1.16756,1.16769,47.95454386636716,42.9740175639434,,,76
1767827400,1.16769,1.16772,1.16764,1.16767,46.832655569209855,44.28967322287048,,,77
1767827700,1.16767,1.16771,1.16767,1.16769,48.13925741616462,44.97997073271989,,,38
1767828000,1.16769,1.16771,1.16768,1.16769,48.13925741616462,45.759700151406165,,,66
1767828300,1.16769,1.16769,1.16763,1.16764,44.93730621327521,46.271773978818565,,,45
1767828600,1.16764,1.16764,1.16757,1.1676,42.50175717380467,46.63487873711403,,,92
1767828900,1.1676,1.1676,1.1675,1.16758,41.2965591825478,46.29642592045597,,,102
1767829200,1.16758,1.16763,1.16754,1.1676,43.03610500800067,45.97795852979834,,,53
1767829500,1.1676,1.16763,1.16757,1.16758,41.705199558075485,45.56442646414605,,,81
1767829800,1.16758,1.16769,1.16757,1.16768,50.026787405232106,45.59471855559405,,,76
1767830100,1.16768,1.1677,1.16764,1.16768,50.026787405232106,45.77185456588301,,,57
1767830400,1.16768,1.16778,1.16765,1.16773,53.84722875326341,46.25935739873767,,,257
1767830700,1.16773,1.16776,1.16767,1.16768,49.75118680420527,46.4542858066596,,,151
1767831000,1.16768,1.16773,1.16764,1.1677,51.34548253437949,47.110008164708695,,,161
1767831300,1.1677,1.16777,1.16765,1.16766,48.061116099068585,47.11762046704452,,,201
1767831600,1.16766,1.16776,1.16764,1.16774,54.35039772962143,47.65460204993105,,,168
1767831900,1.16774,1.16774,1.16759,1.16769,50.254508872513014,47.80569143967023,,,214
1767832200,1.16769,1.1677899999999999,1.16767,1.16778,56.59524824000118,48.40969078422999,,,200
1767832500,1.16778,1.1677899999999999,1.16772,1.16775,54.118971696031714,49.06552403299831,,,310
1767832800,1.16775,1.16775,1.16765,1.16765,46.77258220087489,49.37058296350333,,,278
1767833100,1.16765,1.16771,1.1676199999999999,1.16764,46.09867890991479,49.71359151545811,,,248
1767833400,1.16764,1.16777,1.16763,1.16767,48.49614200317455,50.10359415797053,,,289
1767833700,1.16767,1.16771,1.16756,1.16756,41.251053728912034,50.071155170173135,,,352
1767834000,1.16756,1.16764,1.16747,1.16763,46.70730328560521,49.83404916162836,,,358
1767834300,1.16763,1.16774,1.16763,1.1677,51.552893378646736,49.94305673115798,,,318
1767834600,1.1677,1.1678,1.16766,1.16768,50.149868370184464,49.67895956093805,,,422
1767834900,1.16768,1.16778,1.16767,1.1677,51.569310537046775,49.8088255418553,,,255
1767835200,1.1677,1.1677899999999999,1.1677,1.16773,53.69900667743461,49.976934409216376,,,376
1767835500,1.16773,1.16776,1.16756,1.16759,43.9796004154527,49.685397574672386,,,473
1767835800,1.16759,1.1676199999999999,1.16743,1.1675,39.08233999439937,48.59482202215653,,,478
1767836100,1.1675,1.16752,1.16727,1.16736,32.93807016395495,47.357933542973804,,,471
1767836400,1.16736,1.16737,1.16728,1.16732,31.418262853739776,45.55957744395514,,,355
1767836700,1.16732,1.16751,1.16731,1.1675,43.95122436513978,44.83330977746285,,,307
1767837000,1.1675,1.16755,1.16743,1.16745,41.67307122033181,44.46905899313835,,,252
1767837300,1.16745,1.1675,1.16738,1.16747,42.946971161255014,44.24393701109121,,,331
1767837600,1.16747,1.16757,1.16736,1.16739,39.25385322005641,43.583773526582775,,,560
1767837900,1.16739,1.16753,1.16738,1.16753,47.72559092160582,44.04624046891805,,,346
1767838200,1.16753,1.16758,1.16747,1.16748,45.29596222978279,43.94543039350216,,,323
1767838500,1.16748,1.16755,1.1673,1.16733,38.89825135403964,43.04152739174451,,,321
1767838800,1.16733,1.1673499999999999,1.16726,1.16734,39.51163247923232,42.28165339953364,,,368
1767839100,1.16734,1.16747,1.16732,1.16745,45.9403899990783,41.879587646821605,,,228
1767839400,1.16745,1.16769,1.16744,1.16766,55.634571652988434,42.01784228793259,,,463
1767839700,1.16766,1.16782,1.16766,1.16769,56.825677668837976,42.93541923460297,,,357
1767840000,1.16769,1.16802,1.16767,1.1679599999999999,65.74052052423784,44.83957498673429,,,394
1767840300,1.1679599999999999,1.16805,1.16782,1.16785,60.279527677330634,46.792536237689696,,,344
1767840600,1.16785,1.16803,1.16785,1.1679599999999999,63.54109793855558,49.087024458033675,,,349
1767840900,1.1679599999999999,1.16807,1.16792,1.16802,65.21874585142015,50.60613313562519,,,414
1767841200,1.16802,1.16819,1.16798,1.16819,69.50093731875042,52.5938378569408,,,377
1767841500,1.16819,1.1682,1.16802,1.16809,64.47252066593441,54.13137710727505,,,413
1767841800,1.16809,1.1682,1.16803,1.16805,62.523882487517476,55.793522054950834,,,418
1767842100,1.16805,1.16814,1.16802,1.16813,64.81441277932095,57.01415218764479,,,451
1767842400,1.16813,1.16819,1.16813,1.16816,65.66197713488909,58.46886753800952,,,332
1767842700,1.16816,1.16817,1.16801,1.16817,65.95635648586432,60.40158933313985,,,415
1767843000,1.16817,1.16828,1.16811,1.16816,65.35298859608102,62.24740048434334,,,462
1767843300,1.16816,1.16816,1.16801,1.16805,58.963233701755804,63.17760360596315,,,216
1767843600,1.16805,1.16815,1.16803,1.16805,58.963233701755804,63.415365180875106,,,145
1767843900,1.16805,1.16807,1.16795,1.16799,55.528726793030195,63.32272583260312,,,254
1767844200,1.16799,1.168,1.16789,1.16789,50.27279670406115,62.21788841687622,,,243
1767844500,1.16789,1.16804,1.16789,1.168,55.28638861124905,61.861235626441825,,,310
1767844800,1.168,1.168,1.16781,1.16782,46.945482114936496,60.67583449618331,,,376
1767845100,1.16782,1.168,1.16782,1.16795,52.51717432000365,59.76857938679642,,,277
1767845400,1.16795,1.168,1.16789,1.16798,53.72491733248058,58.641720816348574,,,278
1767845700,1.16798,1.16811,1.16797,1.1681,58.29449474904399,58.2004332508564,,,277
1767846000,1.1681,1.1681,1.16793,1.16798,52.69110506258678,57.49809200621849,,,126
1767846300,1.16798,1.16799,1.16787,1.16788,48.50674672464011,56.333258716598436,,,143
1767846600,1.16788,1.1679,1.1678,1.16783,46.517614358248245,54.96580423255266,,,136
1767846900,1.16783,1.16789,1.16778,1.16789,49.20922540239177,53.769580583733195,,,142
1767847200,1.16789,1.16798,1.16789,1.16797,52.63223299338368,52.86095518354052,,,252
1767847500,1.16797,1.16801,1.16792,1.16798,53.05810426737252,52.43916022394171,,,196
1767847800,1.16798,1.16809,1.16788,1.16793,50.608082164358734,51.842363685556215,,,296
1767848100,1.16793,1.16804,1.16788,1.16803,55.076057951407,51.810030196868844,,,277
1767848400,1.16803,1.16808,1.16787,1.1679,48.88507962253421,51.710907548188345,,,403
1767848700,1.1679,1.16801,1.16785,1.16795,51.159085376053845,51.416100174245834,,,286
1767849000,1.16795,1.16804,1.16788,1.1679,48.82010147971496,51.5500015574443,,,322
1767849300,1.1679,1.16792,1.1677899999999999,1.16786,46.96998303077614,51.15377360821375,,,225
1767849600,1.16786,1.1679599999999999,1.16784,1.16793,50.50494996424874,50.92377593905434,,,294
1767849900,1.16793,1.16793,1.16774,1.16781,44.97067326930552,49.9720744047873,,,426
1767850200,1.16781,1.16794,1.1678,1.16791,49.89773207560034,49.7725477628597,,,362
1767850500,1.16791,1.16827,1.1679,1.16824,61.991738079424685,50.735761431058606,,,220
1767850800,1.16824,1.16825,1.16811,1.16815,57.887691524292805,51.54790980006178,,,369
1767851100,1.16815,1.16818,1.16804,1.16807,54.437757026023384,51.92137634460689,,,282
1767851400,1.16807,1.16818,1.16801,1.16812,56.194926821677505,52.17585447519931,,,375
1767851700,1.16812,1.16828,1.16812,1.16822,59.554567254525175,52.639887545710216,,,449
1767852000,1.16822,1.16829,1.16812,1.16812,55.01094538703504,52.954377775901385,,,497
1767852300,1.16812,1.16817,1.16795,1.16802,50.8342908004431,52.65139440797539,,,580
1767852600,1.16802,1.1682,1.1679599999999999,1.16813,54.891395469728614,53.080416968489274,,,383
1767852900,1.16813,1.16817,1.16781,1.16795,47.922585131797135,52.849238379613794,,,502
1767853200,1.16795,1.16799,1.16784,1.16789,45.83375446081438,52.63592787826376,,,596
1767853500,1.16789,1.16797,1.16748,1.16758,36.887564644338994,51.91575513637539,,,620
1767853800,1.16758,1.16803,1.16757,1.1679599999999999,49.81785984464034,51.866677270689074,,,691
1767854100,1.1679599999999999,1.16813,1.16794,1.16794,49.24599226514191,52.1720571989631,,,559
1767854400,1.16794,1.16802,1.16791,1.16798,50.47057566781953,52.21297459840732,,,413
1767854700,1.16798,1.16813,1.16782,1.16813,54.868186219802254,51.704149465577146,,,463
1767855000,1.16813,1.16819,1.16801,1.16818,56.262221096322094,51.58804443500781,,,383
1767855300,1.16818,1.16827,1.16812,1.16814,54.803822056771544,51.61419193720411,,,583
1767855600,1.16814,1.16825,1.168,1.16819,56.32773415848143,51.623678175547255,,,594
1767855900,1.16819,1.16824,1.16801,1.16804,50.794479474721136,50.997957619846964,,,553
1767856200,1.16804,1.16805,1.16774,1.16782,43.97188487637813,50.20945329765719,,,512
1767856500,1.16782,1.16793,1.16775,1.16792,47.42845815944258,49.96617953758572,,,390
1767856800,1.16792,1.16813,1.1678,1.16785,45.320707838463434,49.282558992495346,,,675
1767857100,1.16785,1.168,1.1678,1.16793,48.15635577565193,49.29925689562783,,,429
1767857400,1.16793,1.16828,1.16789,1.1682299999999999,57.1339307038327,50.10641234155771,,,520
1767857700,1.1682299999999999,1.16825,1.16801,1.16804,51.09874323035196,51.121496526272914,,,417
1767858000,1.16804,1.16821,1.16797,1.16818,54.880712635867184,51.48312886850341,,,485
1767858300,1.16818,1.16818,1.16799,1.16809,52.091607366586125,51.68638709003513,,,591
1767858600,1.16809,1.16818,1.16788,1.1679,46.6962196143417,51.41679022907244,,,416
1767858900,1.1679,1.16814,1.16769,1.16777,43.385134915471156,50.59657227876307,,,899
1767859200,1.16777,1.16785,1.16749,1.16759,39.23660845630447,49.38045709019038,,,997
1767859500,1.16759,1.16769,1.16746,1.16768,42.21200742439965,48.48104175930668,,,620
1767859800,1.16768,1.16789,1.16761,1.16764,41.2453331025227,47.40372739816677,,,881
1767860100,1.16764,1.16767,1.16732,1.16739,35.73692555434059,46.32818783242531,,,617
1767860400,1.16739,1.16756,1.16721,1.16727,33.42910558441811,45.57513216871387,,,474
1767860700,1.16727,1.16761,1.16721,1.16749,40.9570884697928,45.112891476596026,,,682
1767861000,1.16749,1.1676,1.16721,1.16721,35.46087367956933,44.40861760810359,,,773
1767861300,1.16721,1.16724,1.16697,1.167,31.993199813675034,43.25410646796239,,,725
1767861600,1.167,1.16722,1.16691,1.16716,37.044550437703435,41.81915073466744,,,497
1767861900,1.16716,1.16727,1.16693,1.16702,34.62133660007645,40.642193118219176,,,408
1767862200,1.16702,1.1671,1.16689,1.16709,36.84579541344446,39.35398474518899,,,625
1767862500,1.16709,1.16728,1.16706,1.1671,37.17465451072781,38.28848811262768,,,800
1767862800,1.1671,1.16746,1.16692,1.16734,44.627129896618854,38.140695989933185,,,796
1767863100,1.16734,1.16734,1.16714,1.16726,42.80441936187036,38.09921630753313,,,459
1767863400,1.16726,1.16732,1.16702,1.16703,37.99917530401,38.01082822522638,,,519
1767863700,1.16703,1.16746,1.16703,1.16741,48.321493414200745,38.44722008164075,,,503
1767864000,1.16741,1.16753,1.16725,1.1673,45.93731291067486,38.78236149650876,,,512
1767864300,1.1673,1.16736,1.16719,1.16728,45.49776036758352,39.47956398316898,,,524
1767864600,1.16728,1.16744,1.16723,1.16733,46.866553718738196,40.43938170704898,,,446
1767864900,1.16733,1.16736,1.167,1.16731,46.36495312963239,40.82565775418038,,,567
1767865200,1.16731,1.16736,1.16711,1.16711,41.57321264977162,41.262253394909116,,,535
1767865500,1.16711,1.16713,1.16698,1.16707,40.66795852041845,41.881879016819354,,,587
1767865800,1.16707,1.16759,1.16704,1.16756,53.90832937499131,43.08643465519706,,,668
1767866100,1.16756,1.16769,1.16753,1.16765,55.856851221216566,44.60325712813564,,,454
1767866400,1.16765,1.16788,1.16765,1.16774,57.77903821871656,46.09848875708365,,,788
1767866700,1.16774,1.16795,1.16774,1.16791,61.21455591728985,47.815624571838086,,,520
1767867000,1.16791,1.16819,1.1678,1.16799,62.750618407577946,49.11015946547802,,,608
1767867300,1.16799,1.16807,1.16771,1.16772,54.85454474344483,49.97088270701905,,,530
1767867600,1.16772,1.16785,1.16757,1.16763,52.48381522278426,51.00549984407435,,,594
1767867900,1.16763,1.1678,1.1676199999999999,1.16777,55.69174083846507,51.53194608866466,,,698
1767868200,1.16777,1.16799,1.1677,1.16788,58.086104360876284,52.3997169065362,,,476
1767868500,1.16788,1.16799,1.16785,1.1679,58.52495252506651,53.330230632070695,,,384
1767868800,1.1679,1.16794,1.16785,1.16786,57.234247751160765,54.07078020581516,,,314
1767869100,1.16786,1.16792,1.16767,1.16775,53.72526077976951,54.59651646653925,,,360
1767869400,1.16775,1.1679599999999999,1.16772,1.16785,56.3455332978701,55.65168222711771,,,262
1767869700,1.16785,1.16805,1.1676,1.16798,59.55200571605342,57.000542741091635,,,910
1767870000,1.16798,1.16802,1.16788,1.16793,57.79371466296601,57.278070261661256,,,409
1767870300,1.16793,1.16798,1.1678,1.16788,56.01270767445901,57.28920286546429,,,441
1767870600,1.16788,1.16788,1.16763,1.16765,48.594267936138976,56.63314784528018,,,286
1767870900,1.16765,1.16771,1.16758,1.16766,48.91108570184995,55.754328544177326,,,356
1767871200,1.16766,1.1677899999999999,1.16761,1.16765,48.588595143395985,54.74275545387861,,,513
1767871500,1.16765,1.16777,1.16761,1.16761,47.24667814245322,54.19933641095064,,,455
1767871800,1.16761,1.16772,1.16751,1.16754,44.90919076576325,53.658291806877706,,,498
1767872100,1.16754,1.16766,1.16752,1.16763,48.44110956550928,53.14038957309515,,,485
1767872400,1.16763,1.16781,1.16759,1.1678,54.389354852303626,52.87633603676853,,,326
1767872700,1.1678,1.16793,1.16777,1.16777,53.22244542474518,52.497585529602716,,,372
1767873000,1.16777,1.16788,1.1676,1.1678,54.278837628653875,52.28648480656652,,,446
1767873300,1.1678,1.16787,1.1677,1.16775,52.164397923131425,52.17499460252094,,,335
1767873600,1.16775,1.16778,1.16752,1.16758,45.65269226540965,51.411220243059475,,,540
1767873900,1.16758,1.16765,1.16749,1.16765,48.50327701643561,50.62202533594392,,,307
1767874200,1.16765,1.16765,1.16722,1.16723,36.22578497070213,49.08145892935364,,,591
1767874500,1.16723,1.1674,1.16719,1.16727,37.83957830046217,47.78337825978243,,,601
1767874800,1.16727,1.16733,1.16716,1.1671799999999999,35.653469398379755,46.85903550708535,,,385
1767875100,1.1671799999999999,1.16726,1.16708,1.16724,38.21614668672274,46.09511129171913,,,503
1767875400,1.16724,1.16729,1.16706,1.16713,35.43022554388109,45.15522774889663,,,474
1767875700,1.16713,1.16734,1.16705,1.16726,40.91240893099558,44.70277994807823,,,507
1767876000,1.16726,1.1673499999999999,1.16719,1.16723,40.06698690255888,44.35690824356363,,,365
1767876300,1.16723,1.16744,1.16721,1.1674,46.77846605768649,44.238147993004866,,,316
1767876600,1.1674,1.16742,1.16706,1.16706,37.68827396468217,43.04521364388905,,,364
1767876900,1.16706,1.16734,1.16695,1.16732,46.284465782322464,42.54964366943028,,,585
1767877200,1.16732,1.1676199999999999,1.16731,1.1676199999999999,54.14505472486674,42.5400877477312,,,711
1767877500,1.1676199999999999,1.16764,1.1674,1.16745,49.70613274131719,42.36449737760161,,,467
1767877800,1.16745,1.16755,1.16729,1.16738,47.96250265795997,42.52948383421234,,,597
1767878100,1.16738,1.16758,1.16713,1.16758,53.03198087593661,42.85296268131956,,,555
1767878400,1.16758,1.16778,1.16749,1.16769,55.59429852227641,44.23642793500344,,,550
1767878700,1.16769,1.1677,1.16738,1.16744,49.04549644463519,45.03685065958722,,,541
1767879000,1.16744,1.16748,1.16667,1.1667,35.65652936987128,45.037069228979476,,,1039
1767879300,1.1667,1.16714,1.1667,1.16691,40.611304857349495,45.20815195545281,,,913
1767879600,1.16691,1.16698,1.16669,1.1667,37.50136985041523,45.356090834490956,,,809
1767879900,1.1667,1.1667,1.16604,1.1661299999999999,30.642290345409094,44.6225109355205,,,1273
1767880200,1.1661299999999999,1.16618,1.16582,1.16591,28.477327519435306,43.794678122440246,,,1087
1767880500,1.16591,1.16639,1.16587,1.16627,36.39641789047936,43.053103253354024,,,962
1767880800,1.16627,1.16662,1.16614,1.16661,42.83410243397579,43.42066242973214,,,1280
1767881100,1.16661,1.16666,1.16628,1.16634,39.4217524103471,42.93046861744818,,,1094
1767881400,1.16634,1.1663999999999999,1.16599,1.166,35.57808096620822,41.60425620611543,,,1002
1767881700,1.166,1.16606,1.16564,1.16568,32.37830088601466,40.366553930736664,,,882
1767882000,1.16568,1.16609,1.16561,1.16608,39.681045499425515,39.77502127655564,,,978
1767882300,1.16608,1.16608,1.16571,1.16589,37.603699216258065,38.673001158007175,,,798
1767882600,1.16589,1.16615,1.16574,1.1659,37.78829805135666,37.40114398151291,,,915
1767882900,1.1659,1.16622,1.16584,1.16602,40.07923629678886,36.76069682809531,,,982
1767883200,1.16602,1.16628,1.16599,1.16619,43.266605886960605,37.304273722173114,,,801
1767883500,1.16619,1.16623,1.1658,1.16585,38.81911199373538,37.17625994620068,,,647
1767883800,1.16585,1.1661299999999999,1.16585,1.16605,42.5594987924571,37.537554870632256,,,639
1767884100,1.16605,1.16647,1.16604,1.16646,49.390319403319275,38.87669980334012,,,856
1767884400,1.16646,1.16656,1.16606,1.16654,50.62416253481008,40.4586165901526,,,692
1767884700,1.16654,1.16658,1.16633,1.16641,48.552696783834946,41.32692222539229,,,661
1767885000,1.16641,1.16681,1.1663999999999999,1.1666,51.665637381132676,41.95774615018921,,,695
1767885300,1.1666,1.16709,1.16655,1.16705,58.127796284791415,43.29389214122095,,,872
1767885600,1.16705,1.1673,1.16694,1.16706,58.26134271410134,44.91412512321331,,,683
1767885900,1.16706,1.16737,1.1670099999999999,1.16702,57.471745648514485,46.706514034820444,,,1048
1767886200,1.16702,1.16705,1.16667,1.16703,57.62635847393266,47.9883221044281,,,801
1767886500,1.16703,1.1671799999999999,1.16695,1.16704,57.791612255647365,49.4303158929559,,,792
1767886800,1.16704,1.16706,1.16634,1.16677,51.90563506109528,50.43869710793724,,,1082
1767887100,1.16677,1.16681,1.16645,1.16661,48.737813514994265,51.057166909237615,,,979
1767887400,1.16661,1.1670099999999999,1.16642,1.16685,53.338096933978385,51.77655912688175,,,1161
1767887700,1.16685,1.16688,1.16638,1.16664,49.17934567482508,52.516575818388155,,,1668
1767888000,1.16664,1.16675,1.16637,1.16652,46.92769365145195,52.82858973688779,,,1160
1767888300,1.16652,1.16655,1.16601,1.16603,39.06297243590329,52.09092209635808,,,606
1767888600,1.16603,1.16609,1.16577,1.1657899999999999,35.890260934680654,51.038500553491694,,,683
1767888900,1.1657899999999999,1.16593,1.16563,1.16569,34.628232718329485,50.04389597738416,,,778
1767889200,1.16569,1.16589,1.16531,1.16531,30.272080923582763,48.51578480184487,,,771
1767889500,1.16531,1.16577,1.16524,1.16572,39.16440676490198,47.16125697899564,,,975
1767889800,1.16572,1.16572,1.16525,1.16527,34.034172471659346,45.43074481882121,,,724
1767890100,1.16527,1.16556,1.16525,1.16553,39.00560016034261,44.11173442680894,,,672
1767890400,1.16553,1.16567,1.16551,1.16567,41.55956504976574,42.96410632508272,,,622
1767890700,1.16567,1.16568,1.16542,1.1656,40.64320201111484,41.73921987904469,,,538
1767891000,1.1656,1.16577,1.1654,1.16547,38.926587048962816,40.81214502103523,,,714
1767891300,1.16547,1.16582,1.16543,1.16544,38.52223556054212,40.082460881431494,,,889
1767891600,1.16544,1.16556,1.16519,1.16547,39.20235340562213,39.07276491512034,,,888
1767891900,1.16547,1.16552,1.1652,1.16522,35.66178775390847,38.107225063626295,,,682
1767892200,1.16522,1.16524,1.16499,1.1651799999999999,35.11532338412286,37.26348433024564,,,907
1767892500,1.1651799999999999,1.16525,1.16493,1.16524,36.68264261709403,37.09346077175927,,,533
1767892800,1.16524,1.16528,1.16496,1.16502,33.488413891948014,36.92190026870693,,,652
1767893100,1.16502,1.16502,1.16472,1.16472,29.69157717422779,36.569282015556816,,,475
1767893400,1.16472,1.16479,1.16458,1.16467,29.099409158852225,36.48551974664749,,,716
1767893700,1.16467,1.16471,1.16437,1.1646,28.249950800908394,35.70591574921938,,,694
1767894000,1.1646,1.16471,1.16455,1.16464,29.51612749198928,35.38319825067151,,,639
1767894300,1.16464,1.16489,1.16456,1.16482,35.06904355127497,35.10201563573811,,,542
1767894600,1.16482,1.16507,1.16481,1.16496,39.08853067105325,34.92551318011579,,,610
1767894900,1.16496,1.16512,1.16487,1.16506,41.8572020785247,35.01222747064507,,,567
1767895200,1.16506,1.16532,1.16492,1.16493,39.35295202542617,35.04268211182102,,,830
1767895500,1.16493,1.16495,1.1647399999999999,1.16478,36.62978396733685,34.90750699802065,,,465
1767895800,1.16478,1.16498,1.16478,1.16496,41.83154708215946,35.09530654634474,,,354
1767896100,1.16496,1.16512,1.16486,1.16492,41.02562554021706,35.478437816795356,,,545
1767896400,1.16492,1.1650099999999999,1.16477,1.16497,42.51645202606261,36.00708986264819,,,717
1767896700,1.16497,1.16504,1.16493,1.16495,42.05845595091435,36.39107652934964,,,438
1767897000,1.16495,1.16519,1.16486,1.1651799999999999,48.87855088994481,37.49037202920656,,,442
1767897300,1.1651799999999999,1.1651799999999999,1.16489,1.16495,43.37970404113168,38.46809537684255,,,587
1767897600,1.16495,1.16503,1.16481,1.16502,45.3932185769513,39.63193890670677,,,403
1767897900,1.16502,1.16502,1.16489,1.16492,43.038564802575834,40.68826847825444,,,397
1767898200,1.16492,1.16495,1.16465,1.16466,37.580302703987975,41.264280993397215,,,368
1767898500,1.16466,1.16467,1.16446,1.16451,34.83544073746518,41.24759507812508,,,564
1767898800,1.16451,1.16453,1.16425,1.16437,32.452926207744284,40.77362333074587,,,878
1767899100,1.16437,1.16449,1.16431,1.16445,35.18104277515765,40.296754809076795,,,387
1767899400,1.16445,1.16472,1.16444,1.16464,41.249980685343104,40.43225685621372,,,435
1767899700,1.16464,1.16467,1.16458,1.16467,42.17066592937788,40.82803413921665,,,488
1767900000,1.16467,1.16472,1.16456,1.1646,40.57294413064983,40.73813392839453,,,486
1767900300,1.1646,1.16465,1.16451,1.16458,40.10541321312082,40.672404476459086,,,638
1767900600,1.16458,1.16479,1.16453,1.16479,47.010056571708006,40.99337622971948,,,477
1767900900,1.16479,1.16488,1.16471,1.16472,45.14196745597891,41.213627051509796,,,487
1767901200,1.16472,1.1647399999999999,1.16458,1.16466,43.54469159280977,40.83263710171445,,,377
1767901500,1.16466,1.16485,1.16464,1.16485,49.62345022745266,41.27861897216594,,,291
1767901800,1.16485,1.16507,1.16479,1.16506,55.34636537623596,41.9895580292577,,,476
1767902100,1.16506,1.16506,1.16487,1.165,53.477089968264394,42.73516696966403,,,471
1767902400,1.165,1.16529,1.16496,1.1651799999999999,58.05407888249019,44.197579553842765,,,489
1767902700,1.1651799999999999,1.1651799999999999,1.16509,1.16516,57.37861024792979,45.80780594744738,,,341
1767903000,1.16516,1.16524,1.16506,1.16507,54.31596198919085,47.369451360407844,,,419
1767903300,1.16507,1.16513,1.1650099999999999,1.1651,55.17484172601641,48.79757985689776,,,371
1767903600,1.1651,1.16519,1.16503,1.16517,57.19694845031479,49.93664898296718,,,350
1767903900,1.16517,1.16533,1.16517,1.1653,60.73914002381841,51.2629685611415,,,602
1767904200,1.1653,1.16545,1.1653,1.1654,63.25798595084618,52.88332869115551,,,547
1767904500,1.1654,1.1654,1.1652,1.16525,57.31771064310948,54.11277850758328,,,602
1767904800,1.16525,1.16529,1.1651799999999999,1.16523,56.555128509013706,54.79456936024797,,,428
1767905100,1.16523,1.16531,1.16516,1.1653,58.62974905052872,55.757982331287245,,,296
1767905400,1.1653,1.16543,1.16528,1.16538,60.92622628333248,56.99952052346743,,,342
1767905700,1.16538,1.16538,1.16504,1.16512,51.01476051306643,57.098899829582706,,,650
1767906000,1.16512,1.16515,1.16505,1.16512,51.01476051306643,56.78949948221345,,,394
1767906300,1.16512,1.16522,1.16505,1.16521,54.01780543821666,56.82812201578147,,,327
1767906600,1.16521,1.16523,1.16516,1.16521,54.01780543821666,56.539816769761934,,,248
1767906900,1.16521,1.16523,1.16515,1.1651799999999999,52.76723251044685,56.210432645656006,,,243
1767907200,1.1651799999999999,1.16531,1.16516,1.1653,57.050497101036946,56.40575658221645,,,197
1767907500,1.1653,1.16542,1.16519,1.16541,60.57948318948431,56.791802401035575,,,235
1767907800,1.16541,1.16568,1.16538,1.16567,67.3981490435346,57.52045958626557,,,455
1767908100,1.16567,1.16584,1.16564,1.16565,66.4460381867365,57.928095169331144,,,348
1767908400,1.16565,1.16607,1.16564,1.16597,73.0146338459208,58.624998590407905,,,353
1767908700,1.16597,1.16626,1.16597,1.16625,77.21731436622964,60.04639885634506,,,433
1767909000,1.16625,1.16625,1.16585,1.16603,68.22647335865517,60.88006634560516,,,334
1767909300,1.16603,1.16615,1.16581,1.16594,64.897443240395,61.32775878773847,,,538
1767909600,1.16594,1.16594,1.16526,1.1654,49.34104429893761,60.50024578885313,,,14
1767909900,1.1654,1.16557,1.1654,1.16557,53.14858084168177,60.65266152661137,,,37
1767910200,1.16557,1.16591,1.16555,1.16589,59.34310307825644,61.247543138410656,,,95
1767910500,1.16589,1.16589,1.1657,1.16578,56.57405944944253,61.430132710641075,,,54
1767910800,1.16578,1.16584,1.1657,1.16584,57.732592443244116,61.6954746395716,,,49
1767911100,1.16584,1.16584,1.16568,1.16569,53.863754926810174,61.77379766931184,,,88
1767911400,1.16569,1.16583,1.16569,1.1657899999999999,55.981567063441815,61.69744552376933,,,58
1767911700,1.1657899999999999,1.16589,1.1657899999999999,1.16589,58.05509133741517,61.51713182005011,,,23
1767912000,1.16589,1.16592,1.16582,1.16584,56.61896979463367,60.747190445128616,,,59
1767912300,1.16584,1.16591,1.16583,1.16591,58.178740333489785,60.15666916989671,,,111
1767912600,1.16591,1.16594,1.16589,1.16592,58.40880445697035,59.11339564211453,,,91
1767912900,1.16592,1.16599,1.16581,1.16581,54.83533820738156,57.514683059339674,,,62
1767913200,1.16581,1.16621,1.16581,1.1662,63.38784240542083,57.16906656268008,,,221
1767913500,1.1662,1.1662,1.1659599999999999,1.1659599999999999,56.319976279152414,56.556390351162754,,,120
1767913800,1.1659599999999999,1.16602,1.16595,1.1659599999999999,56.319976279152414,57.05488549260667,,,148
1767914100,1.1659599999999999,1.16598,1.1658,1.16591,54.84247614254152,57.175878014096654,,,126
1767914400,1.16591,1.16592,1.16583,1.16583,52.47063262561167,56.68498726747917,,,33
1767914700,1.16583,1.16584,1.1657899999999999,1.16581,51.86670852885471,56.34874791600861,,,57
1767915000,1.16581,1.16589,1.16573,1.16573,49.41660928783989,55.75474911919404,,,97
1767915300,1.16573,1.16575,1.16571,1.16575,50.05185110156826,55.482470274533895,,,71
1767915600,1.16575,1.1658,1.1657,1.1657,48.414903047668226,54.941994273407204,,,66
1767915900,1.1657,1.1657,1.16564,1.16564,46.45162593581738,54.11317531615022,,,63
1767916200,1.16564,1.16575,1.16564,1.16572,49.398036904334816,53.59739439541459,,,67
1767916500,1.16572,1.16578,1.16571,1.16578,51.551195623363625,53.123998344691294,,,70
1767916800,1.16578,1.1657899999999999,1.16564,1.16565,46.895187384774985,52.30159712524877,,,153
1767917100,1.16565,1.16568,1.16555,1.16555,43.63074535281903,51.501269064208586,,,165
1767917400,1.16555,1.16566,1.16548,1.16548,41.45532240256525,49.93466049257604,,,145
1767917700,1.16548,1.1656,1.16542,1.16559,46.01083268827916,49.19829309322795,,,200
1767918000,1.16559,1.16575,1.16558,1.16569,49.83259152213895,48.734908467726996,,,132
1767918300,1.16569,1.16569,1.16551,1.16561,46.96818224463823,48.17245890359104,,,301
1767918600,1.16561,1.16561,1.16546,1.16546,42.083670424848464,47.43053303210796,,,267
1767918900,1.16546,1.16551,1.16538,1.16544,41.46449008068171,46.68751742866703,,,282
1767919200,1.16544,1.1655,1.16538,1.1655,44.12068862303796,46.30923738118117,,,208
1767919500,1.1655,1.16555,1.16541,1.16552,45.01633838508095,45.94955790143208,,,201
1767919800,1.16552,1.1656,1.1654,1.16542,41.439825643899596,45.45133808687718,,,368
1767920100,1.16542,1.16553,1.16534,1.16536,39.41633241512589,44.9488171211135,,,310
1767920400,1.16536,1.16545,1.1653,1.1653,37.447144224115014,44.09518192966923,,,580
1767920700,1.1653,1.16532,1.16515,1.16531,38.00306723086615,43.12745847306227,,,365
1767921000,1.16531,1.16536,1.1651799999999999,1.1653499999999999,40.2890155723747,42.65558905789082,,,208
1767921300,1.1653499999999999,1.16571,1.16532,1.1656199999999999,52.91046121151948,43.31842590494085,,,470
1767921600,1.1656199999999999,1.1656199999999999,1.16515,1.16516,38.12478910834998,43.08053066963976,,,536
1767921900,1.16516,1.16523,1.16506,1.1652,39.70270622554282,42.62995020801573,,,329
1767922200,1.1652,1.16529,1.16509,1.16522,40.519471011342006,41.96472731438738,,,241
1767922500,1.16522,1.16526,1.16505,1.16508,36.76525317482332,41.235946666543455,,,442
1767922800,1.16508,1.16513,1.16485,1.16487,31.978991796354805,40.51418390736534,,,502
1767923100,1.16487,1.16512,1.16487,1.16504,38.912105425532864,40.33187071771185,,,529
1767923400,1.16504,1.16521,1.16482,1.16497,37.229411130794205,39.83963661112301,,,532
1767923700,1.16497,1.1650099999999999,1.16482,1.16491,35.80036629050494,39.18135289008187,,,577
1767924000,1.16491,1.16506,1.1649,1.16494,37.1004224276658,38.87139551749374,,,417
1767924300,1.16494,1.1650099999999999,1.16479,1.1648,33.67346415356019,38.46119064166761,,,326
1767924600,1.1648,1.16487,1.1646,1.16462,29.855097655456007,37.91890160104912,,,489
1767924900,1.16462,1.16481,1.1646,1.16477,36.333991639488275,37.7996819159507,,,415
1767925200,1.16477,1.16506,1.16475,1.16498,44.11620869703376,38.07305285342635,,,343
1767925500,1.16498,1.165,1.16483,1.16497,43.841390537473025,37.42526209099445,,,373
1767925800,1.16497,1.16514,1.16497,1.16514,49.590412796481054,38.244235211575244,,,374
1767926100,1.16514,1.16526,1.16497,1.165,45.46281157282713,38.65567130780984,,,346
1767926400,1.165,1.16521,1.16494,1.1652,51.65366105198345,39.45097059642709,,,430
1767926700,1.1652,1.16531,1.16516,1.16528,53.90754729867013,40.675420176701856,,,364
1767927000,1.16528,1.16545,1.16528,1.16539,56.88396961344026,42.454347163636534,,,394
1767927300,1.16539,1.16546,1.1653499999999999,1.16542,57.686491749908065,43.795374758234765,,,579
1767927600,1.16542,1.16551,1.1653499999999999,1.16545,58.51799260333535,45.31598772055913,,,501
1767927900,1.16545,1.16569,1.16544,1.16568,64.30876511104108,47.35230192202601,,,421
1767928200,1.16568,1.16586,1.16567,1.16575,65.87034265382263,49.407296223894356,,,361
1767928500,1.16575,1.1659,1.16573,1.16585,68.0227744728762,51.86081838955978,,,343
1767928800,1.16585,1.16585,1.16559,1.16565,59.88789368008972,54.006018105605044,,,298
1767929100,1.16565,1.16571,1.16558,1.16565,59.887893680089725,55.688439679933715,,,252
1767929400,1.16565,1.1658,1.16551,1.16574,62.24435658613957,56.98330738629842,,,346
1767929700,1.16574,1.16581,1.16567,1.1657899999999999,63.52632362394098,58.38937403533185,,,416
1767930000,1.1657899999999999,1.16581,1.16569,1.16571,60.01508706711621,59.1339936260915,,,183
1767930300,1.16571,1.16572,1.16555,1.16555,53.630498976896185,59.71739986923929,,,188
1767930600,1.16555,1.16567,1.1655,1.16559,54.92161561425098,59.95082519511554,,,141
1767930900,1.16559,1.16568,1.16556,1.1656,55.25703066729315,60.04721686430289,,,358
1767931200,1.1656,1.16568,1.16541,1.16545,49.32800048790012,59.50750478390717,,,404
1767931500,1.16545,1.16554,1.16533,1.16536,46.12974533613587,58.68202289720916,,,319
1767931800,1.16536,1.16543,1.16534,1.1653499999999999,45.77461605631632,57.77178171527923,,,277
1767932100,1.1653499999999999,1.16536,1.1651799999999999,1.16525,42.27013481302246,56.19759383684932,,,284
1767932400,1.16525,1.16538,1.16524,1.16537,47.467606669700714,54.88311269512633,,,258
1767932700,1.16537,1.16548,1.16534,1.16546,51.02866810147418,53.6692479543119,,,236
1767933000,1.16546,1.16549,1.16541,1.16544,50.21405804304604,52.97825969452306,,,167
1767933300,1.16544,1.16552,1.16542,1.16549,52.26565114445164,52.433813799120344,,,164
1767933600,1.16549,1.16558,1.1654,1.16544,50.044757437122875,51.56241385990487,,,236
1767933900,1.16544,1.16549,1.1653499999999999,1.16548,51.808975395892034,50.725460415044225,,,271
1767934200,1.16548,1.16551,1.16541,1.16541,48.57590752499694,49.90837616203571,,,376
1767934500,1.16541,1.16545,1.16538,1.16541,48.57590752499694,49.54733391547148,,,250
1767934800,1.16541,1.16548,1.16531,1.16544,50.122953182111765,49.204572313175824,,,486
1767935100,1.16544,1.1656,1.16539,1.16539,47.55511773813195,48.654435675378586,,,328
1767935400,1.16539,1.16543,1.16537,1.16539,47.55511773813195,48.527801193252294,,,193
1767935700,1.16539,1.16554,1.16536,1.1654,48.17100705483925,48.673605601731104,,,277
1767936000,1.1654,1.1654,1.16529,1.16533,44.25333329216579,48.56494254714892,,,196
1767936300,1.16533,1.16541,1.16524,1.16529,42.14409378736354,48.55593961674471,,,214
1767936600,1.16529,1.16536,1.16506,1.16512,34.59682572401066,47.636598120624,,,457
1767936900,1.16512,1.16514,1.165,1.16506,32.391983056227545,46.30540633167781,,,276
1767937200,1.16506,1.16515,1.16506,1.16511,36.04951900581338,45.293653543304046,,,166
1767937500,1.16511,1.1652,1.16503,1.16515,38.89741835461685,44.33877977260156,,,192
1767937800,1.16515,1.16517,1.165,1.165,32.968262903490384,43.11903016305639,,,206
1767938100,1.165,1.16514,1.16499,1.16509,38.97849076610843,42.2025669752147,,,303
1767938400,1.16509,1.16522,1.16493,1.1652,45.41988352369643,41.977136689407516,,,755
1767938700,1.1652,1.16525,1.16493,1.16496,36.393331505627316,41.10695268802397,,,530
1767939000,1.16496,1.16499,1.16484,1.16493,35.44507364288961,40.05853272093668,,,340
1767939300,1.16493,1.16506,1.1649,1.165,39.41198787983623,39.47688058820127,,,288
1767939600,1.165,1.16503,1.16483,1.16497,38.32502730444009,38.817588414366135,,,318
1767939900,1.16497,1.16516,1.16497,1.16507,43.88098488156944,38.51115825913258,,,148
1767940200,1.16507,1.16521,1.16507,1.16516,48.38741612812926,38.80644989027284,,,307
1767940500,1.16516,1.16523,1.16508,1.16509,45.337943498163725,39.034582012472846,,,319
1767940800,1.16509,1.16525,1.16507,1.16514,47.865351775201354,39.982333873272175,,,299
1767941100,1.16514,1.16526,1.16484,1.16486,37.42859294473896,40.34209172245156,,,453
1767941400,1.16486,1.16496,1.16486,1.1649,39.45944114323552,40.58565758941028,,,243
1767941700,1.1649,1.16497,1.16483,1.16487,38.45144209958235,40.553802142622104,,,408
1767942000,1.16487,1.1649,1.16455,1.16476,34.92820720593748,40.69379816422547,,,642
1767942300,1.16476,1.16496,1.16475,1.16488,41.25223223041847,40.856208268819046,,,537
1767942600,1.16488,1.16492,1.1645,1.16451,31.187774951158588,39.83962908506635,,,360
1767942900,1.16451,1.16471,1.16445,1.16446,30.11840532599092,39.39142007223518,,,424
1767943200,1.16446,1.16455,1.16431,1.1643999999999999,28.84046199814884,38.919662097610846,,,363
1767943500,1.1643999999999999,1.16459,1.16435,1.16449,33.405003538957004,38.49059178754804,,,468
1767943800,1.16449,1.16456,1.16406,1.16411,25.861897664691284,37.60036824185169,,,480
1767944100,1.16411,1.16416,1.16397,1.16415,27.712291684949307,36.44546158495025,,,508
1767944400,1.16415,1.16423,1.16401,1.16421,30.5138331085098,35.16877708354887,,,431
1767944700,1.16421,1.16441,1.16421,1.16427,33.29775918416399,34.308763918263175,,,424
1767945000,1.16427,1.16458,1.16409,1.16453,43.804492771958465,34.01870256088868,,,660
1767945300,1.16453,1.16507,1.16435,1.16507,58.444988902503354,35.51987370072899,,,946
1767945600,1.16507,1.16529,1.16467,1.1647,49.02110471603973,36.20284967021501,,,1432
1767945900,1.1647,1.16477,1.16452,1.16456,45.99878754037729,36.74194577312893,,,1025
1767946200,1.16456,1.16456,1.16433,1.16436,42.01372805505204,37.24805440520855,,,642
1767946500,1.16436,1.16451,1.16426,1.1645,45.568574576150446,37.55636457276082,,,489
1767946800,1.1645,1.1647399999999999,1.16439,1.16465,49.16449997654992,38.84041636028878,,,637
1767947100,1.16465,1.16472,1.16451,1.16455,46.93821399904013,40.04183126550657,,,623
1767947400,1.16455,1.1646,1.16423,1.16426,41.122635222830525,40.91912935298384,,,686
1767947700,1.16426,1.1643999999999999,1.1641,1.16427,41.39228981552065,41.48964980130982,,,763
1767948000,1.16427,1.16448,1.16425,1.16425,40.98796491107809,42.57008317605173,,,754
1767948300,1.16425,1.16459,1.16423,1.16458,49.71588016508755,44.14176806749017,,,891
1767948600,1.16458,1.16477,1.16432,1.16473,53.11061945326031,45.75582423497235,,,781
1767948900,1.16473,1.16498,1.16462,1.16489,56.485244521433096,47.41207318763443,,,829
1767949200,1.16489,1.1650099999999999,1.1648,1.16493,57.31238190078685,48.37692241112217,,,728
1767949500,1.16493,1.16499,1.16465,1.16476,52.72532644259857,47.96837509255755,,,461
1767949800,1.16476,1.1650099999999999,1.1647399999999999,1.16476,52.72532644259857,48.23296235874032,,,364
1767950100,1.16476,1.16486,1.16456,1.16456,47.53440953225127,48.342649643874175,,,382
1767950400,1.16456,1.1646,1.16441,1.16452,46.547369822794806,48.66648119871295,,,391
1767950700,1.16452,1.16463,1.16425,1.16427,40.83952791871548,48.32869215175331,,,497
1767951000,1.16427,1.16448,1.16425,1.16433,42.656940682894465,47.86386648792078,,,567
1767951300,1.16433,1.16447,1.16426,1.16447,46.766264401913446,47.851584373840296,,,532
1767951600,1.16447,1.16456,1.16427,1.16433,43.41567839469774,48.0153731718308,,,528
1767951900,1.16433,1.16448,1.1643,1.16443,46.3712559743753,48.371013611749,,,375
1767952200,1.16443,1.16443,1.16422,1.16438,45.10271749028803,48.664924510263994,,,366
1767952500,1.16438,1.16445,1.16422,1.16423,41.44017782700005,48.07380291468632,,,347
1767952800,1.16423,1.16442,1.16422,1.16426,42.4467938254961,47.31210108413173,,,376
1767953100,1.16426,1.16433,1.16402,1.16432,44.50154688913431,46.45612268182468,,,432
1767953400,1.16432,1.16445,1.16431,1.16434,45.203816465883286,45.59122515076014,,,335
1767953700,1.16434,1.16441,1.16422,1.16427,43.1459565593304,44.90698444481241,,,417
1767954000,1.16427,1.16427,1.16368,1.16401,36.49953315825176,43.747999210216214,,,664
1767954300,1.16401,1.16427,1.1639,1.16426,45.23528135012191,43.58377576863554,,,609
1767954600,1.16426,1.16429,1.16406,1.16424,44.70542506800866,43.45220828615082,,,493
1767954900,1.16424,1.16447,1.16421,1.16447,51.71054562747659,44.22870955106232,,,253
1767955200,1.16447,1.16447,1.16416,1.16427,46.22638840148554,44.483670102390256,,,470
1767955500,1.16427,1.16438,1.16425,1.16436,48.855027270319816,44.632867450133574,,,271
1767955800,1.16436,1.16462,1.16426,1.16461,55.37993140871382,45.48745695113472,,,504
1767956100,1.16461,1.16467,1.16446,1.16467,56.804253127862616,46.23267103352667,,,389
1767956400,1.16467,1.16469,1.16424,1.16435,48.00325443650925,46.43985224397104,,,660
1767956700,1.16435,1.1645,1.16416,1.16429,46.54702766331309,46.804627232279124,,,426
1767957000,1.16429,1.16453,1.16429,1.1643999999999999,49.56763178093189,47.313258514810244,,,333
1767957300,1.1643999999999999,1.16448,1.16432,1.16447,51.44790084162843,47.80942665427411,,,272
1767957600,1.16447,1.16453,1.1643999999999999,1.16451,52.53686526205887,48.33321585400095,,,364
1767957900,1.16451,1.16458,1.16444,1.1645,52.22152464136535,48.98147071700345,,,370
1767958200,1.1645,1.1646,1.16436,1.16446,50.90531943650206,50.010455451164184,,,400
1767958500,1.16446,1.16451,1.16421,1.1643999999999999,48.913813865290244,50.2732077736762,,,274
1767958800,1.1643999999999999,1.16459,1.1643999999999999,1.16456,54.073626458185,50.94236501583166,,,305
1767959100,1.16456,1.16461,1.16442,1.1645,51.954440488791604,50.95978607735417,,,268
1767959400,1.1645,1.16464,1.16445,1.16452,52.620990861887776,51.41654339595432,,,292
1767959700,1.16452,1.16466,1.16451,1.16459,54.97540194116658,51.85371301530052,,,294
1767960000,1.16459,1.16461,1.16436,1.1645699999999999,54.1474765914785,51.765680528355134,,,647
1767960300,1.1645699999999999,1.1646,1.16444,1.16451,51.63516074148308,51.396459643613746,,,428
1767960600,1.16451,1.16451,1.16424,1.16438,46.59114760234148,51.29559486974462,,,449
1767960900,1.16438,1.16448,1.1643,1.16432,44.43372141910312,51.14464442372962,,,347
1767961200,1.16432,1.16441,1.16415,1.16419,40.100966152494394,50.46845402169838,,,363
1767961500,1.16419,1.16441,1.16397,1.16434,46.57438344890361,50.12034563650375,,,629
1767961800,1.16434,1.16441,1.16397,1.16407,38.50733848771711,49.11823658119362,,,639
1767962100,1.16407,1.16429,1.16401,1.16404,37.725451504383216,48.0828027856949,,,741
1767962400,1.16404,1.16427,1.16399,1.16414,41.95622304108081,47.443581614593384,,,396
1767962700,1.16414,1.16442,1.1641299999999999,1.16434,49.365416095078224,47.475838916721095,,,384
1767963000,1.16434,1.16444,1.16411,1.16411,42.626668878580446,46.65819908960649,,,582
1767963300,1.16411,1.16418,1.16399,1.16414,43.70610211596594,46.069032062976085,,,619
1767963600,1.16414,1.16439,1.16409,1.16418,45.18689243060087,45.53802503216988,,,939
1767963900,1.16418,1.16436,1.1641299999999999,1.16422,46.6968671041539,44.9467011152404,,,636
1767964200,1.16422,1.16436,1.1641299999999999,1.16436,51.710898937431814,44.77265985423706,,,456
1767964500,1.16436,1.16456,1.16425,1.16441,53.39696731309674,44.89850318078089,,,698
1767964800,1.16441,1.1646,1.16433,1.16452,56.957620679319966,45.63896554342221,,,666
1767965100,1.16452,1.16453,1.16409,1.16433,49.86999974038214,46.02727113779928,,,814
1767965400,1.16433,1.16556,1.16252,1.16513,67.95264344640975,48.01667665879324,,,5489
1767965700,1.16513,1.16606,1.16461,1.16471,56.44175787892852,48.72148911808073,,,3712
1767966000,1.16471,1.16591,1.1647,1.16565,69.07005465510487,50.904540272894145,,,3345
1767966300,1.16565,1.1658,1.16471,1.16487,54.85776689446314,52.12827708647128,,,3124
1767966600,1.16487,1.16488,1.16418,1.1646,50.949635816583886,52.770663713292926,,,2160
1767966900,1.1646,1.16471,1.1642,1.16451,49.67915353457873,52.7930735304001,,,1909
1767967200,1.16451,1.16522,1.16445,1.16477,53.301933442609005,53.55559242783072,,,2107
1767967500,1.16477,1.16525,1.1643,1.16438,47.74886521204444,53.84436122040775,,,1774
1767967800,1.16438,1.16461,1.16401,1.16426,46.15550177866919,53.91354760241263,,,2330
1767968100,1.16426,1.16465,1.1641,1.16441,48.47025389828953,54.04021808770803,,,2489
1767968400,1.16441,1.16465,1.16395,1.16438,48.02557105589426,53.77698038188392,,,1814
1767968700,1.16438,1.16449,1.16346,1.1638,40.32324387117574,52.84314299317527,,,1753
1767969000,1.1638,1.16407,1.16355,1.16367,38.82041462876661,51.547628275278605,,,1653
1767969300,1.16367,1.16443,1.16356,1.16389,42.71162482663622,51.03631578143961,,,1892
1767969600,1.16389,1.16398,1.16329,1.16339,36.95826262029367,48.82243143671703,,,1356
1767969900,1.16339,1.16351,1.163,1.16334,36.42979661807478,47.39300563237033,,,1980
1767970200,1.16334,1.16372,1.16304,1.1635199999999999,39.768780673734966,45.30005749084392,,,1956
1767970500,1.1635199999999999,1.1638,1.16332,1.16366,42.306971641570186,44.40357211563728,,,1262
1767970800,1.16366,1.16389,1.16308,1.16317,36.50808729522991,43.37203293554057,,,2737
1767971100,1.16317,1.16333,1.16251,1.16253,30.607116084346814,42.00974454623828,,,2094
1767971400,1.16253,1.16262,1.16215,1.16259,31.72134729227389,40.46827410692863,,,1417
1767971700,1.16259,1.16259,1.16209,1.16223,28.739561427831163,39.11046669377055,,,1122
1767972000,1.16223,1.16256,1.1618,1.16249,33.594506971349475,38.213252778961994,,,1709
1767972300,1.16249,1.16283,1.16237,1.16261,35.76955758214308,37.30606018495154,,,1527
1767972600,1.16261,1.16337,1.16252,1.16325,45.93970373609021,37.15706966210839,,,1635
1767972900,1.16325,1.16375,1.16325,1.16358,50.3087334312479,37.870318916399256,,,1325
1767973200,1.16358,1.16385,1.16337,1.16345,48.64101287912331,38.57179021999617,,,1365
1767973500,1.16345,1.16386,1.16325,1.16363,51.060128139891034,39.168111885228655,,,1338
1767973800,1.16363,1.16409,1.16343,1.16359,50.49097901516927,40.134734484862626,,,1271
1767974100,1.16359,1.16407,1.1634,1.16405,56.49650249809604,41.568070619149864,,,1522
1767974400,1.16405,1.16433,1.1638,1.16395,54.9363984385403,42.65147188806453,,,1192
1767974700,1.16395,1.16423,1.16383,1.16385,53.349862225126046,43.44024978688994,,,1186
1767975000,1.16385,1.16392,1.16363,1.16385,53.349862225126046,44.643233710453956,,,917
1767975300,1.16385,1.16404,1.16374,1.16403,56.0023947394909,46.457182185821395,,,829
1767975600,1.16403,1.16404,1.16315,1.1631799999999999,43.44098115409165,47.29429889023695,,,1210
1767975900,1.1631799999999999,1.16328,1.16296,1.16297,40.99449634177991,48.16965138409042,,,866
1767976200,1.16297,1.1632,1.16282,1.1631,43.129689829693525,48.85073587397215,,,892
1767976500,1.1631,1.16342,1.16306,1.16336,47.24166492223836,49.67017211255038,,,809
1767976800,1.16336,1.16358,1.16328,1.16344,48.476118530112224,49.85134459783767,,,834
1767977100,1.16344,1.16351,1.16332,1.16337,47.4303566235782,49.64574625443269,,,826
1767977400,1.16337,1.16347,1.16323,1.1633499999999999,47.117601242476496,49.53693113752934,,,474
1767977700,1.1633499999999999,1.16348,1.16326,1.16331,46.45778713136455,49.20819249406316,,,601
1767978000,1.16331,1.16345,1.16285,1.16286,39.7191034641943,48.43877281185066,,,958
1767978300,1.16286,1.1631,1.16284,1.16304,43.26412579949123,47.4936030476646,,,560
1767978600,1.16304,1.16317,1.16295,1.16312,44.817384236460484,46.77081631894462,,,398
1767978900,1.16312,1.16312,1.16273,1.16292,41.740782711718055,45.94159635370119,,,803
1767979200,1.16292,1.16296,1.16276,1.16288,41.132611707497766,45.068935602442025,,,567
1767979500,1.16288,1.16308,1.16279,1.16308,45.41506474500164,44.312697745692795,,,698
1767979800,1.16308,1.16311,1.16292,1.16308,45.41506474500164,44.453703716472084,,,778
1767980100,1.16308,1.16312,1.16288,1.16297,43.4011054511549,44.62560436714172,,,754
1767980400,1.16297,1.16323,1.16287,1.16309,46.2037989303258,44.84518358861546,,,637
1767980700,1.16309,1.16329,1.16308,1.16329,50.59489476736148,45.08470000612426,,,615
1767981000,1.16329,1.16331,1.16315,1.16323,49.29493607151034,45.14318697336698,,,365
1767981300,1.16323,1.16323,1.16303,1.16316,47.75338302599506,45.166260287825324,,,593
1767981600,1.16316,1.16332,1.16313,1.16329,50.82875309287057,45.43134256285348,,,479
1767981900,1.16329,1.16343,1.16323,1.16327,50.337839444763816,45.70848915666771,,,375
1767982200,1.16327,1.16334,1.16313,1.1631799999999999,48.08711875280492,46.30620453442561,,,426
1767982500,1.1631799999999999,1.16338,1.16309,1.16336,52.64734170391855,46.976434241884704,,,345
1767982800,1.16336,1.16341,1.16329,1.16339,53.38235418423531,47.5882178095829,,,423
1767983100,1.16339,1.1634,1.16327,1.16332,51.378379549515714,48.2766175837113,,,363
1767983400,1.16332,1.16362,1.16332,1.16362,58.55858641617447,49.52133006290249,,,336
1767983700,1.16362,1.16398,1.16362,1.16381,62.350701002134855,50.731018366983434,,,364
1767984000,1.16381,1.16388,1.16373,1.16377,61.08345320329544,51.85018897114727,,,296
1767984300,1.16377,1.16384,1.16363,1.16368,58.21641887368824,52.908425644185364,,,252
1767984600,1.16368,1.16368,1.1635,1.16363,56.6262640879081,53.65288744115553,,,358
1767984900,1.16363,1.16363,1.16334,1.16339,49.620140071552626,53.583262105740616,,,605
1767985200,1.16339,1.16362,1.16329,1.16353,53.253516035443326,53.86601781745012,,,575
1767985500,1.16353,1.16359,1.1634,1.16358,54.51518796161939,54.34900388428042,,,368
1767985800,1.16358,1.16373,1.16357,1.16359,54.778070209058825,54.631097964008156,,,449
1767986100,1.16359,1.16381,1.16359,1.1637,57.67581932999864,55.155239384382064,,,319
1767986400,1.1637,1.1638,1.16367,1.16378,59.69844484542527,55.98461981956923,,,344
1767986700,1.16378,1.16387,1.16373,1.16377,59.316852445693314,56.46101344398171,,,302
1767987000,1.16377,1.16377,1.16357,1.1636,53.102635910564125,56.44103356729091,,,339
1767987300,1.1636,1.16362,1.16344,1.16346,48.58820570069305,56.24173543523215,,,315
1767987600,1.16346,1.1636,1.16343,1.16356,51.74390550122092,55.75497251273547,,,394
1767987900,1.16356,1.16356,1.1634,1.16353,50.73773873820284,54.9254752081689,,,303
1767988200,1.16353,1.16358,1.16346,1.16354,51.07922053565709,54.21088716048043,,,360
1767988500,1.16354,1.16356,1.1634,1.16346,48.200625575235954,53.49547335344813,,,390
1767988800,1.16346,1.16356,1.1634,1.16344,47.48022547577269,52.84218488115274,,,209
1767989100,1.16344,1.16351,1.16341,1.16346,48.31216944332911,52.7487584077082,,,154
1767989400,1.16346,1.16357,1.16345,1.16356,52.37441554100338,52.685965515248206,,,217
1767989700,1.16356,1.16361,1.16353,1.1636,53.9339798710312,52.64445065163477,,,325
1767990000,1.1636,1.16378,1.16348,1.16371,58.0064930400334,52.87505228241867,,,366
1767990300,1.16371,1.16372,1.16366,1.16367,56.06547617495792,52.76002777134433,,,241
1767990600,1.16367,1.16371,1.16359,1.16362,53.64885885213882,52.32791448610959,,,301
1767990900,1.16362,1.16362,1.16346,1.1635,48.27116499800775,51.5389368112749,,,337
1767991200,1.1635,1.16354,1.16346,1.16353,49.6305043218246,51.29092741207922,,,192
1767991500,1.16353,1.16357,1.16347,1.16347,46.97193312135546,51.175479370697964,,,137
1767991800,1.16347,1.16354,1.16346,1.16353,49.864161440309665,51.041211937775735,,,190
1767992100,1.16353,1.16363,1.1634,1.16346,46.66628636855419,50.75039391137226,,,232
1767992400,1.16346,1.1635199999999999,1.16339,1.16351,49.17365672250254,50.61428221043264,,,179
1767992700,1.16351,1.16368,1.16348,1.16367,56.260111152516394,51.189959751666954,,,216
1767993000,1.16367,1.16367,1.16346,1.1635,48.51957960866771,51.26419933258803,,,175
1767993300,1.1635,1.16353,1.16336,1.16342,45.35700814671311,51.05311638282974,,,110
1767993600,1.16342,1.1636,1.16342,1.16351,49.356324351205764,50.83753844070134,,,61
1767993900,1.16351,1.16351,1.1634,1.16343,46.12472700814127,50.279734664780634,,,159
1767994200,1.16343,1.16343,1.1633,1.1633,41.38302051775483,49.092343770332164,,,96
1767994500,1.1633,1.1633,1.1631,1.16311,35.61954835925337,47.631920354924695,,,135
1767994800,1.16311,1.16312,1.16304,1.16306,34.26704079831883,46.247504779651834,,,92
1767995100,1.16306,1.16313,1.16299,1.16302,33.18155850372514,45.169675744345945,,,197
1767995400,1.16302,1.1631,1.16295,1.163,32.62507493186476,43.955002216491664,,,248
1767995700,1.163,1.1633499999999999,1.1629,1.16329,46.60765330686621,43.92898222974243,,,419
1768169100,1.16339,1.16339,1.16296,1.16298,37.6198358606621,43.054387545481895,,,6
1768169400,1.16298,1.16304,1.16296,1.16303,39.64158752125424,42.552623342103324,,,23
1768169700,1.16303,1.16315,1.16301,1.16312,43.20949987328161,42.12661213858754,,,55
1768170000,1.16312,1.16313,1.1631,1.1631,42.60676393377784,41.15137305153479,,,7
1768170300,1.1631,1.16326,1.1631,1.16326,48.76415100920646,41.16884243728755,,,30
1768170600,1.16326,1.16334,1.16313,1.16325,48.41454707035773,41.38723807469074,,,142
1768170900,1.16325,1.16327,1.16325,1.16325,48.414547070357735,41.31996826891588,,,15
1768171200,1.16325,1.16329,1.16296,1.16328,49.669979599730624,41.573200596886544,,,8
1768171500,1.16328,1.16328,1.16313,1.16313,43.91511814691674,41.75406471325526,,,25
1768171800,1.16313,1.16313,1.16307,1.16311,43.196476089561195,42.29527383684867,,,22
1768172100,1.16311,1.16311,1.16271,1.16279,33.69538190002828,42.254441058399344,,,26
1768172400,1.16279,1.16332,1.16278,1.16325,50.537418882208534,43.49414537114816,,,166
1768172700,1.16325,1.16327,1.16319,1.16326,50.829820307887836,44.79448432657838,,,91
1768173000,1.16326,1.16327,1.16302,1.1631,46.13088797734727,44.76042966018417,,,75
1768173300,1.1631,1.16327,1.16288,1.16288,40.57642834945184,44.97161483795487,,,133
1768173600,1.16288,1.16296,1.1625699999999999,1.16264,35.54793762122539,44.679211273667086,,,147
1768173900,1.16264,1.16276,1.16251,1.16254,33.67532039077638,43.99819845348814,,,109
1768174200,1.16254,1.1626,1.16235,1.1625699999999999,34.78522723423387,43.43951726066358,,,220
1768174500,1.1625699999999999,1.16258,1.16245,1.16255,34.37226255018318,42.4115252278762,,,79
1768174800,1.16255,1.1625699999999999,1.16251,1.16251,33.515273033670184,41.3472913681128,,,60
1768175100,1.16251,1.16251,1.16236,1.16241,31.407037841366503,40.13246928032771,,,111
1768175400,1.16241,1.16243,1.16233,1.16236,30.37809438009441,38.754477478925125,,,104
1768175700,1.16236,1.16237,1.1622999999999999,1.16237,30.865927579855523,37.82239243842075,,,87
1768176000,1.16237,1.16258,1.16216,1.16235,30.407031705798644,36.90886069672343,,,418
1768176300,1.16235,1.16376,1.16234,1.16363,65.6281197304119,39.189770541750825,,,1323
1768176600,1.16363,1.16448,1.16362,1.16437,73.86360977268541,40.85592703392774,,,1056
1768176900,1.16437,1.16459,1.16425,1.16448,74.82906289065102,42.57015864698225,,,674
1768177200,1.16448,1.16448,1.1637899999999999,1.1638,60.059484589788745,43.56505840501378,,,648
1768177500,1.1638,1.16429,1.1638,1.16427,65.17575127258513,45.32215289952331,,,473
1768177800,1.16427,1.16524,1.16421,1.1651799999999999,72.51649209048047,47.96276393304153,,,1588
1768178100,1.1651799999999999,1.16583,1.16515,1.16582,76.3002636927625,51.007402740326256,,,1100
1768178400,1.16582,1.16593,1.16551,1.16589,76.67845609229475,53.99977623018775,,,967
1768178700,1.16589,1.1659599999999999,1.16559,1.16589,76.67845609229475,57.02164719748142,,,769
1768179000,1.16589,1.16638,1.16583,1.16623,78.60196182303184,60.24212496815012,,,981
1768179300,1.16623,1.1665,1.16612,1.16646,79.81479996593666,63.69982226276227,,,1040
1768179600,1.16646,1.16652,1.16605,1.16608,72.5029845820599,66.7087429914741,,,1064
1768179900,1.16608,1.16647,1.16599,1.16638,74.48988688703503,69.82474008484407,,,827
1768180200,1.16638,1.16683,1.16617,1.16658,75.74803374123617,73.0633830873753,,,987
1768180500,1.16658,1.16683,1.16641,1.1665699999999999,75.54740498049182,73.77190346238102,,,821
1768180800,1.1665699999999999,1.16713,1.16648,1.16692,77.76699479871557,74.05071667852603,,,927
1768181100,1.16692,1.16693,1.16644,1.16658,71.02264386770145,73.7788296054582,,,1000
1768181400,1.16658,1.16659,1.16603,1.1661299999999999,63.2091852561203,74.00380822448189,,,956
1768181700,1.1661299999999999,1.16621,1.16593,1.16608,62.387909340397336,73.80467665789705,,,760
1768182000,1.16608,1.16626,1.16582,1.16584,58.46142209592322,72.80074308685724,,,641
1768182300,1.16584,1.16588,1.16572,1.16587,58.81039051773493,71.55146643149813,,,499
1768182600,1.16587,1.16589,1.16557,1.16557,53.931081559594595,69.92665396487669,,,370
1768182900,1.16557,1.16573,1.16556,1.1656,54.3390568092593,68.33098258751701,,,701
1768183200,1.1656,1.16597,1.16555,1.1659599999999999,59.02803800452636,66.93284517190948,,,482
1768183500,1.1659599999999999,1.16624,1.16587,1.16587,57.43995785423319,65.33464216393067,,,681
1768183800,1.16587,1.16595,1.16569,1.16595,58.508532884512846,64.33503847124874,,,623
1768184100,1.16595,1.16602,1.16572,1.16586,56.781320797117985,63.07014089339752,,,473
1768184400,1.16586,1.16595,1.16584,1.16589,57.23451391052081,61.747746619775,,,269
1768184700,1.16589,1.16597,1.16566,1.16566,52.67413925225747,60.11394192490111,,,308
1768185000,1.16566,1.16618,1.16547,1.16617,60.23937916825512,58.86196937986823,,,562
1768185300,1.16617,1.16643,1.16608,1.16623,61.02866663474792,58.14811386322869,,,520
1768185600,1.16623,1.1663,1.166,1.16611,58.526317367539995,57.81362329975867,,,466
1768185900,1.16611,1.16618,1.16597,1.16598,55.85442816718665,57.34694607310076,,,246
1768186200,1.16598,1.16599,1.16574,1.16578,51.92680195653653,56.880187491716,,,330
1768186500,1.16578,1.16578,1.16536,1.16546,46.31503990056871,55.9876624476327,,,482
1768186800,1.16546,1.16582,1.16546,1.16572,50.953011371073124,55.774943148452586,,,514
1768187100,1.16572,1.16592,1.16572,1.16584,52.9724041408106,55.677325100706256,,,313
1768187400,1.16584,1.16584,1.16574,1.16583,52.777392822189306,55.23085044482504,,,260
1768187700,1.16583,1.16584,1.16568,1.16572,50.571943183972024,54.74027796837782,,,265
1768188000,1.16572,1.1659,1.16572,1.16582,52.51462245484087,54.31214150911553,,,274
1768188300,1.16582,1.16585,1.16573,1.16578,51.64032104800247,53.944927241321565,,,221
1768188600,1.16578,1.16588,1.16571,1.16585,53.11151477487735,53.65042730306131,,,279
1768188900,1.16585,1.16585,1.16565,1.16575,50.73687982965125,53.512051630018014,,,199
1768189200,1.16575,1.16575,1.16549,1.1656,47.31927245825988,52.589186865018355,,,216
1768189500,1.1656,1.16571,1.16559,1.16564,48.319002437127395,51.68135370804546,,,264
1768189800,1.16564,1.16575,1.16552,1.16573,50.59098177397852,51.114544022791065,,,253
1768190100,1.16573,1.16575,1.16552,1.16552,45.558268714128374,50.37910406185834,,,466
1768190400,1.16552,1.16553,1.16534,1.16542,43.34694198456022,49.76625692100289,,,478
1768190700,1.16542,1.16548,1.16541,1.16545,44.221638496000764,49.616728249248034,,,270
1768191000,1.16545,1.16563,1.16542,1.1656199999999999,49.02457901682917,49.47898308108775,,,255
1768191300,1.1656199999999999,1.16573,1.16559,1.16572,51.6613461094789,49.385336078849775,,,119
1768191600,1.16572,1.16583,1.1656199999999999,1.16565,49.722485867081886,49.167128439199246,,,215
1768191900,1.16565,1.16565,1.16552,1.16558,47.79091427543036,48.96848351716056,,,159
1768192200,1.16558,1.16558,1.1654,1.16544,44.10096223992975,48.36750778752405,,,164
1768192500,1.16544,1.16544,1.1653,1.16533,41.39645664730212,47.635803187474025,,,191
1768192800,1.16533,1.16545,1.16533,1.1654,43.76006056390794,46.96784217240479,,,148
1768193100,1.1654,1.16553,1.1654,1.16542,44.449436207751425,46.5187390565548,,,138
1768193400,1.16542,1.16553,1.16541,1.16544,45.17318654611183,46.36544720568708,,,207
1768193700,1.16544,1.16556,1.16541,1.16556,49.43040302849033,46.44483296221301,,,203
1768194000,1.16556,1.1659,1.16556,1.16589,58.88513063997328,47.037272166926925,,,350
1768194300,1.16589,1.16602,1.16581,1.16598,61.02533466580265,48.142062592046514,,,339
1768194600,1.16598,1.16608,1.16587,1.16602,61.97277753751721,49.47247941725772,,,558
1768194900,1.16602,1.16625,1.1659599999999999,1.16623,66.56772504697705,51.068628456613176,,,392
1768195200,1.16623,1.16631,1.16621,1.16625,66.97698388790106,52.35094309026117,,,209
1768195500,1.16625,1.16659,1.16622,1.16656,72.57993680478909,53.84512813992618,,,355
1768195800,1.16656,1.16694,1.16653,1.16684,76.46421207255672,55.75525144031724,,,432
1768196100,1.16684,1.16684,1.16653,1.16656,66.34322620225736,57.08041657794773,,,307
1768196400,1.16656,1.16693,1.16655,1.16688,71.05808317067302,59.005925215857964,,,432
1768196700,1.16688,1.16706,1.16678,1.16688,71.05808317067302,61.12461282467017,,,476
1768197000,1.16688,1.1671,1.1668,1.16694,71.91366537528961,63.13558459691172,,,553
1768197300,1.16694,1.16705,1.16688,1.16692,71.1585299440573,65.04337700664784,,,369
1768197600,1.16692,1.16692,1.16662,1.16666,62.0383813041595,66.24803377507983,,,366
1768197900,1.16666,1.1667399999999999,1.16649,1.16649,56.903025230478114,66.78179250379324,,,468
1768198200,1.16649,1.16663,1.16644,1.16646,56.02172557029403,66.57726357024472,,,470
1768198500,1.16646,1.16659,1.16642,1.16652,57.441404740218296,66.32126857556013,,,313
1768198800,1.16652,1.16685,1.16651,1.16676,62.63703285246227,66.36871538377049,,,449
1768199100,1.16676,1.16692,1.16675,1.16679,63.24113114538216,66.13110153365658,,,445
1768199400,1.16679,1.16695,1.16675,1.16687,64.87219397985095,65.98075939736728,,,316
1768199700,1.16687,1.16706,1.1665699999999999,1.16668,58.26024960251044,64.95792459720452,,,431
1768200000,1.16668,1.16693,1.16663,1.16669,58.49999475756755,63.674766217562436,,,547
1768200300,1.16669,1.16683,1.1665699999999999,1.16661,55.74161407786322,62.91750820867714,,,392
1768200600,1.16661,1.16728,1.16661,1.16723,68.24023386366521,62.716233258176594,,,497
1768200900,1.16723,1.16725,1.16692,1.16697,60.52155605986951,61.963624178833484,,,413
1768201200,1.16697,1.1671799999999999,1.16685,1.16705,61.947767356188216,61.25177432032625,,,731
1768201500,1.16705,1.16778,1.16705,1.1676199999999999,70.20652256513361,61.18377379326027,,,785
1768201800,1.1676199999999999,1.16774,1.16745,1.16756,68.5206793262301,61.64679508055102,,,608
1768202100,1.16756,1.16805,1.16756,1.1677899999999999,71.35975949333297,62.679418956469235,,,993
1768202400,1.1677899999999999,1.16822,1.16775,1.16797,73.38297077533133,63.919507899686174,,,1069
1768202700,1.16797,1.16843,1.1679599999999999,1.16811,74.86992815820628,65.16440242954246,,,1130
1768203000,1.16811,1.16814,1.16781,1.16791,68.94443123879057,65.61493088570877,,,775
1768203300,1.16791,1.16804,1.16774,1.16797,69.7187105636418,66.07761512987017,,,804
1768203600,1.16797,1.16799,1.1676199999999999,1.16773,62.95713640029139,65.94082530275878,,,610
1768203900,1.16773,1.1679,1.16757,1.16771,62.413906987714256,66.23751511598762,,,612
1768204200,1.16771,1.16804,1.1676,1.16794,66.04263801636792,66.77627534875907,,,754
1768204500,1.16794,1.16875,1.16793,1.16846,72.50560518717472,67.97370328513846,,,1168
1768204800,1.16846,1.16858,1.16822,1.16847,72.61355329474019,68.28608324450096,,,1374
1768205100,1.16847,1.16876,1.16836,1.16873,75.32604077564608,69.34354643848499,,,1003
1768205400,1.16873,1.16893,1.1678,1.16786,55.51279130276622,68.883905291812,,,937
1768205700,1.16786,1.16818,1.1678,1.16807,58.35991845852242,68.03771928419691,,,617
1768206000,1.16807,1.16817,1.1677899999999999,1.16783,54.09868757391351,67.0075770161743,,,604
1768206300,1.16783,1.16795,1.16758,1.16782,53.92201872712163,65.76202410430206,,,738
1768206600,1.16782,1.16842,1.16782,1.16816,58.84329193196147,64.72347561548993,,,915
1768206900,1.16816,1.16827,1.168,1.16807,57.1046747403671,63.45452894278712,,,682
1768207200,1.16807,1.16854,1.16807,1.16832,60.588174187982794,62.857653439158,,,701
1768207500,1.16832,1.16862,1.16815,1.16848,62.677203869658655,62.35468867530205,,,877
1768207800,1.16848,1.16917,1.16845,1.1688,66.50155201732798,62.6078612193761,,,968
1768208100,1.1688,1.16892,1.1687,1.16881,66.61667117255485,62.90805866115043,,,672
1768208400,1.16881,1.16881,1.16847,1.16872,64.46931944327036,62.795678763072026,,,662
1768208700,1.16872,1.16937,1.16868,1.1691799999999999,69.82345936410539,62.60409691856707,,,699
1768209000,1.1691799999999999,1.16922,1.1688,1.16896,64.79454578177962,62.045596381927034,,,620
1768209300,1.16896,1.16949,1.16892,1.16948,70.24887714009434,61.682941836530475,,,635
1768209600,1.16948,1.16956,1.16906,1.16938,68.06495832853815,62.57952519551419,,,643
1768209900,1.16938,1.16958,1.16929,1.16954,69.68866236562762,63.38872118887885,,,651
1768210200,1.16954,1.16954,1.16926,1.16928,63.99461756286327,64.09557333094669,,,419
1768210500,1.16928,1.16929,1.16873,1.16875,54.26177016750194,64.11984129097385,,,716
1768210800,1.16875,1.16899,1.16871,1.16876,54.402681066979746,63.802654800618015,,,460
1768211100,1.16876,1.16876,1.16844,1.1687,53.340836401154824,63.533809204959994,,,568
1768211400,1.1687,1.16872,1.16825,1.16829,46.64151754474818,62.537619444728946,,,457
1768211700,1.16829,1.16847,1.16811,1.16817,44.865428560634314,61.26534977979863,,,477
1768212000,1.16817,1.16839,1.16813,1.16828,46.8629241195387,59.86259064424227,,,685
1768212300,1.16828,1.16838,1.16819,1.1682299999999999,46.046306729738085,58.39327889832678,,,320
1768212600,1.1682299999999999,1.16847,1.16822,1.1683999999999999,49.282333488686945,57.3084941872851,,,471
1768212900,1.1683999999999999,1.16848,1.16801,1.16802,43.06461752801877,55.39714834185035,,,654
1768213200,1.16802,1.16803,1.16757,1.16768,38.3967925218754,53.511594537571476,,,654
1768213500,1.16768,1.16803,1.16767,1.16802,44.8360263711491,51.696390911218245,,,494
1768213800,1.16802,1.16816,1.16774,1.16782,42.05151929727658,49.83828812327099,,,729
1768214100,1.16782,1.16816,1.16781,1.168,45.341591182613584,48.09921161019856,,,600
1768214400,1.168,1.16827,1.16793,1.1681,47.137255761626015,46.89511433868161,,,523
1768214700,1.1681,1.16826,1.16807,1.16812,47.50868013839005,46.41275076517361,,,565
1768215000,1.16812,1.1685,1.16811,1.1683999999999999,52.53664099354107,46.27946218849943,,,629
1768215300,1.1683999999999999,1.16855,1.1683,1.16854,54.864605351084386,46.3883028277801,,,686
1768215600,1.16854,1.16858,1.16835,1.16844,52.86988123172236,46.83318594827826,,,562
1768215900,1.16844,1.16873,1.16838,1.1686,55.64834703435115,47.60339441068661,,,355
1768216200,1.1686,1.16886,1.16852,1.1687,57.34105235757831,48.351832141975144,,,520
1768216500,1.1687,1.16879,1.1685,1.16856,54.22106854578635,48.93574370026431,,,555
1768216800,1.16856,1.1689,1.16853,1.16887,59.47868127966154,49.66405425676249,,,448
1768217100,1.16887,1.16895,1.16865,1.16867,55.083306337047794,50.52253202883599,,,633
1768217400,1.16867,1.16876,1.16842,1.16854,52.3740577254137,51.520908114803014,,,472
1768217700,1.16854,1.16862,1.16795,1.16805,43.657832558819216,51.43675141392231,,,610
1768218000,1.16805,1.16825,1.16804,1.16819,46.40240176493543,51.747528733040795,,,596
1768218300,1.16819,1.16821,1.16786,1.16788,41.57322907258277,51.47836001089574,,,494
1768218600,1.16788,1.16793,1.16763,1.16768,38.76986471760658,50.88068922203721,,,440
1768218900,1.16768,1.16793,1.16756,1.16785,42.32963596242604,50.51075749518264,,,542
1768219200,1.16785,1.1679599999999999,1.1677,1.16792,43.77903825597632,49.88521444249944,,,823
1768219500,1.16792,1.16841,1.16791,1.16826,50.31124507034144,49.55997442244637,,,879
1768219800,1.16826,1.16848,1.16826,1.1683999999999999,52.745886872370086,49.551117682492645,,,746
1768220100,1.1683999999999999,1.16843,1.16821,1.16824,49.745955190616826,49.12951826508304,,,469
1768220400,1.16824,1.16846,1.1681,1.16813,47.7358232334449,48.44343047050209,,,536
1768220700,1.16813,1.16826,1.16809,1.1682,49.144132064416105,48.080792150404214,,,448
1768221000,1.1682,1.16859,1.1682,1.1685,54.76929427595264,47.74440736442501,,,498
1768221300,1.1685,1.16875,1.16843,1.16868,57.78634667537199,47.93748167430532,,,516
1768221600,1.16868,1.16876,1.16849,1.16869,57.9541439360018,48.33605926077589,,,545
1768221900,1.16869,1.16873,1.168,1.16827,49.12241707414248,48.72638672615613,,,893
1768222200,1.16827,1.16843,1.16783,1.16784,42.05608804097327,48.415935745873114,,,607
1768222500,1.16784,1.16822,1.16783,1.16812,47.36563842563145,48.829679271090875,,,742
1768222800,1.16812,1.16831,1.16777,1.16828,50.17522191327698,49.644347642210185,,,900
1768223100,1.16828,1.16925,1.16828,1.1691799999999999,62.34965511610227,51.07434901032992,,,1216
1768223400,1.1691799999999999,1.16938,1.16905,1.16923,62.89213239732231,52.43957002042607,,,856
1768223700,1.16923,1.16956,1.1691,1.1692,62.31200913009579,53.29676745326566,,,899
1768224000,1.1692,1.16928,1.16907,1.16916,61.497483547459574,53.92188150148633,,,571
1768224300,1.16916,1.16934,1.16882,1.16893,56.89237798884608,54.43234027278843,,,760
1768224600,1.16893,1.16917,1.16877,1.16908,59.0462694736862,55.240229289948516,,,776
1768224900,1.16908,1.16923,1.16892,1.1691,59.33800002248909,55.96836271552515,,,596
1768225200,1.1691,1.16933,1.16887,1.16922,61.12724456195823,56.42250202166842,,,903
1768225500,1.16922,1.1698,1.16917,1.16972,67.53701970378734,57.11897866655522,,,1105
1768225800,1.16972,1.16984,1.16909,1.16911,55.51101997382419,56.94446981211397,,,1152
1768226100,1.16911,1.16934,1.16911,1.16928,57.76798520418375,57.5620103928312,,,1013
1768226400,1.16928,1.16928,1.16867,1.1687,48.69199983693274,58.03600409254259,,,1227
1768226700,1.1687,1.1689,1.16856,1.1686,47.31182854584054,58.032160529700384,,,1290
1768227000,1.1686,1.16869,1.16818,1.16831,43.46422758223744,57.55280379176899,,,887
1768227300,1.16831,1.1683999999999999,1.16814,1.16821,42.19008685931861,56.112834630570156,,,729
1768227600,1.16821,1.16832,1.16804,1.16808,40.52684185461301,54.51531387751949,,,727
1768227900,1.16808,1.16808,1.16754,1.16754,34.451282203178465,52.52526195416825,,,1212
1768228200,1.16754,1.16793,1.1674,1.1676199999999999,35.982452413393304,50.702759730306376,,,1265
1768228500,1.1676199999999999,1.16788,1.16745,1.16783,39.94797919886106,49.49244553102174,,,1235
1768228800,1.16783,1.1679,1.16751,1.16765,37.787322028529175,47.97394928493909,,,1340
1768229100,1.16765,1.16791,1.16748,1.16769,38.58230302110882,46.49139949912621,,,1472
1768229400,1.16769,1.16787,1.1676,1.1676,37.423552191182736,44.79827861549939,,,1045
1768229700,1.1676,1.1677899999999999,1.16756,1.16768,39.17233242302196,42.772229524016154,,,1144
1768230000,1.16768,1.16791,1.16749,1.16784,42.625802009480566,41.85185681227733,,,1348
1768230300,1.16784,1.16787,1.16728,1.16734,35.78786669880776,40.281848347607614,,,1028
1768230600,1.16734,1.16775,1.16732,1.16773,43.41301454970638,39.90477796994859,,,797
1768230900,1.16773,1.16785,1.16755,1.1678,44.6827403499431,39.71698595595591,,,756
1768231200,1.1678,1.16798,1.1676,1.16768,42.90538966512141,39.677068961876195,,,676
1768231500,1.16768,1.16787,1.1676199999999999,1.1676199999999999,42.005692884910836,39.66389796370421,,,683
1768231800,1.1676199999999999,1.16805,1.1676199999999999,1.16804,49.92186433104283,40.33497099773491,,,616
1768232100,1.16804,1.16841,1.16787,1.16838,55.24739026067309,41.82040728755595,,,799
1768232400,1.16838,1.16846,1.1679599999999999,1.16818,51.76042254686126,42.947405154232236,,,914
1768232700,1.16818,1.1686,1.16806,1.16849,56.35826942282336,44.119568741658114,,,866
1768233000,1.16849,1.16858,1.16827,1.1683999999999999,54.72739222001785,45.32957375533588,,,857
1768233300,1.1683999999999999,1.16848,1.16802,1.16811,49.73335742669991,46.12607764144952,,,1235
1768233600,1.16811,1.16821,1.1677899999999999,1.16785,45.706341876663316,46.71770547612671,,,1012
1768233900,1.16785,1.16787,1.16728,1.16737,39.368555701065574,46.731721424558394,,,749
1768234200,1.16737,1.16761,1.16729,1.16754,42.41413146577019,46.71660210000766,,,869
1768234500,1.16754,1.16789,1.16753,1.1677899999999999,46.6575894143987,47.493010865407015,,,642
1768234800,1.1677899999999999,1.16788,1.16765,1.16773,45.78556531515325,47.66247877722465,,,598
1768235100,1.16773,1.16794,1.16767,1.16776,46.325731030899114,47.779835254435795,,,414
1768235400,1.16776,1.16783,1.16767,1.16776,46.325731030899114,48.02414535199135,,,566
1768235700,1.16776,1.16795,1.16765,1.16778,46.73605184273666,48.36202813469318,,,756
1768236000,1.16778,1.16793,1.16758,1.16783,47.81020858880516,48.211195581676215,,,453
1768236300,1.16783,1.16789,1.16757,1.16758,43.12705116337105,47.34545707472607,,,415
1768236600,1.16758,1.1676,1.16729,1.16732,38.86344185720243,46.42424416832187,,,770
1768236900,1.16732,1.16748,1.16712,1.1671799999999999,36.75627695563132,45.024101849236715,,,592
1768237200,1.1671799999999999,1.16744,1.16705,1.16714,36.1531345553471,43.69736915890309,,,978
1768237500,1.16714,1.1674,1.16707,1.16732,40.85633787850916,43.06329633403232,,,627
1768237800,1.16732,1.16757,1.16724,1.16727,39.975431972771936,42.65394562661151,,,567
1768238100,1.16727,1.16727,1.16697,1.16698,35.23077365753463,42.3583897663593,,,574
1768238400,1.16698,1.16713,1.16671,1.16676,32.11654849433846,41.62284812554275,,,842
1768238700,1.16676,1.16697,1.16664,1.16687,35.20081610522479,40.804507174887476,,,682
1768239000,1.16687,1.16695,1.16667,1.16678,33.84585108255604,39.951670443987666,,,618
1768239300,1.16678,1.16697,1.16667,1.16682,35.042608407836255,39.145733113768884,,,665
1768239600,1.16682,1.16716,1.1667,1.16703,41.07000035022593,38.770323779435095,,,821
1768239900,1.16703,1.16714,1.16693,1.16705,41.62554513908278,38.40528758631696,,,486
1768240200,1.16705,1.16705,1.1666,1.16663,34.31054644908687,37.44102600490851,,,403
1768240500,1.16663,1.16694,1.16663,1.16685,40.235136739544444,37.23446068892089,,,609
1768240800,1.16685,1.16691,1.16665,1.16679,39.19682720819271,37.25827392827734,,,650
1768241100,1.16679,1.16679,1.16651,1.16658,35.72217033565205,37.1844091697074,,,443
1768241400,1.16658,1.1668,1.16655,1.1668,41.566209748213325,37.571057397769266,,,415
1768241700,1.1668,1.16691,1.16679,1.1669,44.056025727303506,37.79960652982601,,,338
1768242000,1.1669,1.16715,1.16684,1.16711,48.97309573480139,38.44229679854239,,,347
1768242300,1.16711,1.16713,1.16695,1.167,46.65968395447752,39.25864753403831,,,376
1768242600,1.167,1.16714,1.16692,1.16708,48.562755286896774,40.433376590649615,,,378
1768242900,1.16708,1.1671,1.1669,1.16694,45.50316139297505,41.16925839691749,,,302
1768243200,1.16694,1.16696,1.16683,1.16685,43.601383085694096,41.86608211142735,,,171
1768243500,1.16685,1.16702,1.16685,1.16694,46.03051594077386,42.65093264949432,,,236
1768243800,1.16694,1.16694,1.16679,1.16681,43.14016771172697,42.798801746744395,,,268
1768244100,1.16681,1.16697,1.1668,1.16688,45.13780607134145,43.04967752762001,,,384
1768244400,1.16688,1.16689,1.16677,1.16688,45.137806071341444,43.82305321492391,,,465
1768244700,1.16688,1.16709,1.16687,1.16707,50.601087926475394,44.56347829970469,,,316
1768245000,1.16707,1.16722,1.16706,1.1672,53.97800438784453,45.61927666967983,,,275
1768245300,1.1672,1.16723,1.16708,1.16715,52.491709497480066,46.81710089552468,,,292
1768245600,1.16715,1.16738,1.16715,1.16734,57.30292255735351,47.94115181046327,,,320
1768245900,1.16734,1.16737,1.16724,1.16724,54.19225573330987,48.66516823946372,,,274
1768246200,1.16724,1.16733,1.16719,1.16732,56.238887674640765,49.18415337802368,,,252
1768246500,1.16732,1.16732,1.16706,1.1671,49.66705325121059,49.39896547064747,,,249
1768246800,1.1671,1.1671,1.16693,1.16697,46.22931575709793,49.23229121851898,,,263
1768247100,1.16697,1.16722,1.16697,1.16722,52.97076909867784,49.76569176892633,,,268
1768247400,1.16722,1.1673,1.1672,1.1673,54.91855174072374,50.5740609585713,,,306
1768247700,1.1673,1.16734,1.16716,1.16719,51.745118392713614,50.98224684799557,,,475
1768248000,1.16719,1.1672,1.16703,1.16709,48.974526558890844,51.398986765650136,,,390
1768248300,1.16709,1.16732,1.16707,1.16709,48.974526558890844,51.673038229046526,,,229
1768248600,1.16709,1.16721,1.16709,1.16717,51.389395365241036,52.11958032146792,,,189
1768248900,1.16717,1.1671799999999999,1.16708,1.16714,50.42562462692219,52.10704722864269,,,168
1768249200,1.16714,1.16716,1.16702,1.16711,49.427345030306505,51.7820001316757,,,259
1768249500,1.16711,1.16716,1.16708,1.16711,49.427345030306505,51.56311695544901,,,335
1768249800,1.16711,1.16722,1.16704,1.16704,46.9140142183508,50.821052074091675,,,289
1768250100,1.16704,1.16706,1.16685,1.16687,41.40727413201725,49.90783910257078,,,264
1768250400,1.16687,1.16697,1.16662,1.16665,35.5858669545224,48.432623336848046,,,360
1768250700,1.16665,1.1668,1.16656,1.16659,34.17472839218222,47.326028704060306,,,347
1768251000,1.16659,1.16662,1.16638,1.1665,32.117378573686366,46.318033190959476,,,273
1768251300,1.1665,1.16656,1.16629,1.1665,32.117378573686366,44.82850529631723,,,519
1768251600,1.1665,1.1666,1.16641,1.1666,37.00435720463674,43.54891997231101,,,305
1768251900,1.1666,1.16669,1.1665699999999999,1.16663,38.43625752352974,42.598287053083595,,,191
1768252200,1.16663,1.1667,1.16658,1.16664,38.934523750497895,41.88114399534124,,,205
1768252500,1.16664,1.16669,1.16662,1.16666,39.980788049151705,41.23873410178845,,,103
1768252800,1.16666,1.1667399999999999,1.16663,1.16666,39.980788049151705,40.42383357921064,,,134
1768253100,1.16666,1.16676,1.16664,1.16669,41.717953085177534,39.8018570405146,,,171
1768253400,1.16669,1.16673,1.16664,1.16671,42.90439610600936,39.33593211735051,,,175
1768253700,1.16671,1.16683,1.1667,1.16681,48.544634317757215,39.27288135216842,,,127
1768254000,1.16681,1.16681,1.16669,1.16673,44.737152936467126,39.117391260605295,,,122
1768254300,1.16673,1.16687,1.16668,1.16685,50.95153457869124,39.79912414965344,,,223
1768254600,1.16685,1.16686,1.16669,1.1667399999999999,45.86056830188591,40.533031388750835,,,238
1768254900,1.1667399999999999,1.1667399999999999,1.16651,1.16662,41.04272785200164,41.02360277873794,,,323
1768255200,1.16662,1.16672,1.16632,1.16671,45.65405636045114,41.99050833493543,,,32
1768255500,1.16671,1.16673,1.1665699999999999,1.1665699999999999,40.365154486541826,42.57963518585368,,,32
1768255800,1.1665699999999999,1.1667,1.16654,1.1667,46.5564487717259,43.26192744064576,,,35
1768256100,1.1667,1.1667399999999999,1.16658,1.16668,45.769175041272135,43.78570726334164,,,49
1768256400,1.16668,1.16678,1.16668,1.16677,49.876722349810805,44.56729287757828,,,100
1768256700,1.16677,1.16683,1.16672,1.16683,52.461793948203045,45.45879329893909,,,80
1768257000,1.16683,1.16688,1.16673,1.16676,49.26922477689819,46.1222530652067,,,108
1768257300,1.16676,1.16684,1.16673,1.1668,51.100478100467825,46.79243342344172,,,132
1768257600,1.1668,1.16685,1.16676,1.16677,49.652817447745036,47.27446351927999,,,57
1768257900,1.16677,1.16678,1.1665,1.16653,39.911557129073934,46.65781514865976,,,373
1768258200,1.16653,1.16681,1.16651,1.16676,50.029383798708835,47.03583163881988,,,300
1768258500,1.16676,1.16681,1.16666,1.16671,48.13199219432432,46.83443575422224,,,283
1768258800,1.16671,1.16681,1.16648,1.16665,45.88318951554047,46.836051555197564,,,334
1768259100,1.16665,1.16671,1.16655,1.1666,44.03674541574309,47.04990995260767,,,146
1768259400,1.1666,1.16666,1.16654,1.1666,44.03674541574309,46.93438774227138,,,108
1768259700,1.1666,1.16667,1.16654,1.16662,45.0623547461127,47.26990204652645,,,77
1768260000,1.16662,1.16707,1.16662,1.16689,56.62037067004284,47.98875361069194,,,412
1768260300,1.16689,1.16692,1.16668,1.1667399999999999,50.29028583929003,48.31169009626465,,,91
1768260600,1.1667399999999999,1.16683,1.16665,1.1667,48.72587825295451,48.229486946489196,,,156
1768260900,1.1667,1.16671,1.16655,1.1666,44.96039580826795,47.69367279363668,,,282
1768261200,1.1666,1.16676,1.16659,1.1667399999999999,50.704010040850754,47.796157455347576,,,110
1768261500,1.1667399999999999,1.16684,1.16659,1.16659,45.25492352838604,47.37861784305603,,,199
1768261800,1.16659,1.16664,1.16654,1.16664,47.28845351914066,47.209734705298565,,,86
1768262100,1.16664,1.1667399999999999,1.16664,1.16673,50.82901098137728,47.98955283760595,,,120
1768262400,1.16673,1.16675,1.16653,1.1666,46.02057883100902,47.70320962562739,,,291
1768262700,1.1666,1.1667,1.16659,1.16663,47.260489824426166,47.640959456348945,,,202
1768263000,1.16663,1.16664,1.16647,1.16649,42.369395689153436,47.389974183035584,,,167
1768263300,1.16649,1.16649,1.16637,1.16643,40.437855210503145,47.13291059694701,,,221
1768263600,1.16643,1.16648,1.16638,1.16639,39.156273440329876,46.784305455846074,,,149
1768263900,1.16639,1.1663999999999999,1.16626,1.16634,37.554097399492214,46.24800135965889,,,161
1768264200,1.16634,1.16635,1.16606,1.16631,36.58677999277821,44.817030596997135,,,350
1768264500,1.16631,1.16642,1.1662,1.1662,33.20905486934244,43.59694267057231,,,353
1768264800,1.1662,1.16626,1.16612,1.16614,31.500754182307347,42.366576665526075,,,234
1768265100,1.16614,1.16621,1.16612,1.1662,35.09627734086801,41.66199677499752,,,221
1768265400,1.1662,1.16624,1.1661299999999999,1.16622,36.29661176463689,40.632896898125104,,,376
1768265700,1.16622,1.16641,1.1661,1.16635,43.59829408383056,40.51456622351399,,,577
1768266000,1.16635,1.16644,1.16625,1.16634,43.1882155902746,40.22169208573784,,,469
1768266300,1.16634,1.16634,1.1661299999999999,1.1661299999999999,35.61278371251085,39.134818709390245,,,398
1768266600,1.1661299999999999,1.16617,1.16601,1.16612,35.29529786075305,38.368727211514816,,,353
1768266900,1.16612,1.16618,1.16591,1.16599,31.37892084081848,37.23432942697141,,,405
1768267200,1.16599,1.16601,1.16584,1.16584,27.576660075199854,36.17770545454615,,,249
1768267500,1.16584,1.166,1.16581,1.16599,35.93652176623702,35.856181637098565,,,375
1768267800,1.16599,1.16622,1.16599,1.1661299999999999,42.59660396925858,36.101919532022045,,,301
1768268100,1.1661299999999999,1.1661299999999999,1.1656,1.16585,34.80355564357991,35.905452263742596,,,378
1768268400,1.16585,1.16601,1.16576,1.16591,37.44459653286033,35.96672487374846,,,382
1768268700,1.16591,1.1661299999999999,1.16589,1.16607,43.963514540811076,36.734900564567646,,,502
1768269000,1.16607,1.1661,1.16589,1.16594,40.2897345205947,37.362684874445314,,,279
1768269300,1.16594,1.16597,1.16581,1.16585,37.926804613272665,37.56486539390279,,,446
1768269600,1.16585,1.16592,1.16581,1.16586,38.35938375955487,37.71220625068264,,,397
1768269900,1.16586,1.16612,1.16585,1.16611,48.09749040219347,38.03357741627999,,,493
1768270200,1.16611,1.16612,1.166,1.166,44.7477143653208,38.14497018592615,,,309
1768270500,1.166,1.16602,1.16581,1.16583,40.09962388431655,38.46545876962655,,,289
1768270800,1.16583,1.16594,1.16583,1.16591,43.09518694329541,39.022593704093865,,,196
1768271100,1.16591,1.16595,1.16576,1.16577,39.38338581874521,39.59434120251721,,,378
1768271400,1.16577,1.16587,1.16574,1.16575,38.868348543337895,40.400890378812775,,,223
1768271700,1.16575,1.16578,1.16568,1.1657,37.54638807415787,40.515880829378546,,,164
1768272000,1.1657,1.16599,1.1657,1.16585,43.72952545240935,40.59680379246074,,,272
1768272300,1.16585,1.1659599999999999,1.16584,1.16589,45.285168029446595,41.34549039145122,,,294
1768272600,1.16589,1.16597,1.16584,1.16592,46.48022731384085,41.990892590092685,,,293
1768272900,1.16592,1.16595,1.16582,1.16591,46.118630816944346,42.144829466959344,,,384
1768273200,1.16591,1.16598,1.16564,1.16564,37.610829640668705,41.953479118393204,,,352
1768273500,1.16564,1.16589,1.16564,1.16585,45.960885230344566,42.527342019612625,,,179
1768273800,1.16585,1.1661299999999999,1.16585,1.16606,52.768522004516875,43.55656617996706,,,194
1768274100,1.16606,1.16619,1.16601,1.16618,56.166647925161314,44.132934574464755,,,149
1768274400,1.16618,1.16635,1.16618,1.16622,57.270223257526204,45.027399495336574,,,153
1768274700,1.16622,1.16625,1.16604,1.1661299999999999,53.97734252378859,46.018665112441724,,,252
1768275000,1.1661299999999999,1.16614,1.16599,1.166,49.54594446863578,46.47943350710889,,,259
1768275300,1.166,1.16611,1.1659599999999999,1.16597,48.55527614247173,47.134568530232215,,,224
1768275600,1.16597,1.16605,1.16582,1.16583,44.12161004882824,47.50980149491009,,,195
1768275900,1.16583,1.1659,1.16576,1.16578,42.624637272161245,47.87253358048175,,,276
1768276200,1.16578,1.16599,1.16578,1.16593,48.292531825626185,48.19846260714011,,,229
1768276500,1.16593,1.16602,1.16582,1.16586,46.008381222599304,48.25012069236531,,,295
1768276800,1.16586,1.16598,1.16584,1.16591,47.90380958320628,48.35180514017712,,,205
1768277100,1.16591,1.16608,1.1659,1.16606,53.21062747847441,48.8583763302864,,,205
1768277400,1.16606,1.16607,1.16601,1.16605,52.82430018169611,49.94505279750264,,,119
1768277700,1.16605,1.16619,1.16595,1.1661,54.59920536173721,50.562075664030694,,,316
1768278000,1.1661,1.16654,1.1661,1.16646,64.85259115863872,51.42522346075367,,,609
1768278300,1.16646,1.16656,1.16639,1.16646,64.85259115863872,52.04564797743063,,,214
1768278600,1.16646,1.16655,1.16644,1.1665,65.84654306308606,52.65824224925633,,,204
1768278900,1.1665,1.16652,1.1663,1.16638,60.334138181287145,53.1122990819348,,,344
1768279200,1.16638,1.16639,1.16612,1.16621,53.500969525184914,53.39480087168831,,,337
1768279500,1.16621,1.16628,1.16614,1.16628,55.724564433116676,53.90689289244866,,,164
1768279800,1.16628,1.16641,1.16627,1.16635,57.89302010869444,54.890565039581965,,,237
1768280100,1.16635,1.1665699999999999,1.16635,1.16654,63.166220071316495,56.35782095380734,,,347
1768280400,1.16654,1.1666,1.16639,1.16644,58.97969449737057,57.1211897160748,,,286
1768280700,1.16644,1.16644,1.16626,1.1663,53.6214768578618,57.66498226145069,,,198
1768281000,1.1663,1.16649,1.16626,1.16646,58.285700987014295,58.406545933151264,,,166
1768281300,1.16646,1.16654,1.16637,1.16654,60.42858546483771,58.92211436074864,,,237
1768281600,1.16654,1.16667,1.16653,1.16666,63.46072818746714,59.68185921830371,,,152
1768281900,1.16666,1.16675,1.16659,1.16665,63.027316797143,60.283867177975544,,,294
1768282200,1.16665,1.16672,1.16662,1.16666,63.29726372912487,60.1727723615817,,,279
1768282500,1.16666,1.16666,1.16638,1.16647,55.07007634080782,59.474021303165216,,,318
1768282800,1.16647,1.16651,1.1663,1.16632,49.590042108575055,58.312842663557284,,,179
1768283100,1.16632,1.1663999999999999,1.16626,1.16629,48.54948270389322,57.47108155802915,,,220
1768283400,1.16629,1.16632,1.16618,1.16623,46.45018269684753,56.967453927433624,,,389
1768283700,1.16623,1.16632,1.16618,1.16627,48.06254987442062,56.42016717324105,,,475
1768284000,1.16627,1.1663,1.16612,1.16617,44.45854098497362,55.46056152154671,,,462
1768284300,1.16617,1.16617,1.16568,1.16581,34.44491533912807,53.409039754961825,,,508
1768284600,1.16581,1.16581,1.16554,1.16574,32.89350554865861,51.545740544339544,,,338
1768284900,1.16574,1.16584,1.1657,1.16574,32.89350554865861,50.06517116511075,,,361
1768285200,1.16574,1.16585,1.16558,1.16558,29.385027114690672,48.00083731708763,,,338
1768285500,1.16558,1.16567,1.16546,1.16553,28.366779527239515,45.71070832154489,,,537
1768285800,1.16553,1.1657,1.16546,1.16563,33.34180727863087,43.55935682805659,,,489
1768286100,1.16563,1.16572,1.1654,1.16541,28.630724518877344,41.10245737960905,,,392
1768286400,1.16541,1.16552,1.16538,1.16551,33.24772252426807,38.95606157926214,,,336
1768286700,1.16551,1.16564,1.16541,1.1656,37.18621956852718,37.67864323838494,,,425
1768287000,1.1656,1.1657,1.16556,1.1656,37.18621956852718,36.79265591409581,,,394
1768287300,1.1656,1.16587,1.16557,1.16587,47.88466327450813,36.74516881199687,,,550
1768287600,1.16587,1.16614,1.16576,1.16592,49.59670950137362,36.969920726605885,,,678
1768287900,1.16592,1.16604,1.16575,1.1658,45.7151519364788,36.80224944532432,,,418
1768288200,1.1658,1.16583,1.16571,1.16571,42.99721461891496,36.69786899060585,,,347
1768288500,1.16571,1.16606,1.16567,1.16589,49.46804543545878,37.77094971177233,,,745
1768288800,1.16589,1.16606,1.16558,1.16605,54.4209647886096,39.30862537176883,,,565
1768289100,1.16605,1.16622,1.16599,1.1661,55.87642571376842,40.95026252641953,,,426
1768289400,1.1661,1.16636,1.1661,1.16633,61.90297844635814,43.272973335824354,,,539
1768289700,1.16633,1.16637,1.16601,1.16637,62.8532248421214,45.73629085831591,,,582
1768290000,1.16637,1.16637,1.16597,1.166,50.3442550799167,46.95075141555061,,,542
1768290300,1.166,1.16632,1.16599,1.16628,57.274136686425315,48.99670942751833,,,385
1768290600,1.16628,1.16628,1.166,1.16611,52.48490040006864,50.37079356150408,,,262
1768290900,1.16611,1.16649,1.16604,1.1663999999999999,58.81209478646439,51.91549893421388,,,888
1768291200,1.1663999999999999,1.1663999999999999,1.1661299999999999,1.16635,57.39305183216624,53.358844095902384,,,1004
1768291500,1.16635,1.16663,1.1662,1.1666,62.29214211116604,54.387949727092234,,,706
1768291800,1.1666,1.16685,1.16659,1.16665,63.203432934230314,55.359858543724854,,,716
1768292100,1.16665,1.16665,1.16623,1.16649,58.34430568025417,56.26194095399452,,,625
1768292400,1.16649,1.16653,1.16623,1.16631,53.37293762240938,57.0030640256727,,,607
1768292700,1.16631,1.16634,1.1661,1.16612,48.65976617032755,56.945329792449044,,,645
1768293000,1.16612,1.16627,1.16586,1.16591,44.03161897574351,56.2032336629586,,,570
1768293300,1.16591,1.16625,1.16591,1.1662,50.96726122774068,55.85257905681376,,,473
1768293600,1.1662,1.16635,1.16616,1.16632,53.533246735241114,55.254741077448266,,,545
1768293900,1.16632,1.16647,1.16629,1.16633,53.75045629581686,54.6045433241408,,,490
1768294200,1.16633,1.16666,1.16632,1.16659,59.103281939376565,55.23018809981651,,,660
1768294500,1.16659,1.16693,1.16659,1.16692,64.6893545494236,55.7598465186021,,,600
1768294800,1.16692,1.16704,1.16672,1.16686,63.00431383440837,56.51123319248351,,,898
1768295100,1.16686,1.16697,1.16652,1.16653,54.58295794572169,56.20915198957332,,,422
1768295400,1.16653,1.1665699999999999,1.16634,1.1665,53.877916694781305,55.958070908331536,,,312
1768295700,1.1665,1.16659,1.16646,1.16656,55.12634493704689,55.446228253037305,,,348
1768296000,1.16656,1.16672,1.16652,1.16662,56.397364095163674,54.96008047881826,,,554
1768296300,1.16662,1.16695,1.1666,1.16675,59.10042733917333,55.01408916874106,,,554
1768296600,1.16675,1.16715,1.16665,1.16711,65.48206449255433,55.87902680232282,,,520
1768296900,1.16711,1.16726,1.16691,1.167,62.28415770630761,56.8521976263214,,,497
1768297200,1.167,1.16706,1.16677,1.16692,59.989587764397555,57.99205253979668,,,546
1768297500,1.16692,1.16707,1.16682,1.16702,61.88006126816231,58.771538256969656,,,418
1768297800,1.16702,1.16709,1.16697,1.167,61.256663012800324,59.32321084822388,,,428
1768298100,1.167,1.16721,1.16695,1.16719,64.87674111902409,60.11794547845296,,,378
1768298400,1.16719,1.16743,1.1671799999999999,1.16724,65.78282042704444,60.595055370429236,,,579
1768298700,1.16724,1.16743,1.16717,1.1672,64.35257036146874,60.570999357003885,,,489
1768299000,1.1672,1.16725,1.16708,1.16717,63.24198756000578,60.58797605168942,,,469
1768299300,1.16717,1.1672,1.16691,1.16694,55.35465013783659,60.64309692255477,,,538
1768299600,1.16694,1.16697,1.16676,1.16681,51.44892719334995,60.46959767245253,,,550
1768299900,1.16681,1.16682,1.16669,1.16675,49.70573061004979,60.08241093480988,,,365
1768300200,1.16675,1.16702,1.16672,1.16679,50.90011452531669,59.68975025124938,,,539
1768300500,1.16679,1.16692,1.16662,1.16682,51.8241753245753,59.170017964492374,,,523
1768300800,1.16682,1.16682,1.16661,1.16677,50.130781484712685,58.07349774964654,,,458
1768301100,1.16677,1.16678,1.16661,1.1667,47.77704633956641,57.037275509165035,,,444
1768301400,1.1667,1.16673,1.16654,1.16655,43.106440846203974,55.83133644357978,,,402
1768301700,1.16655,1.16665,1.1665,1.16662,45.77071686781196,54.68066898641189,,,379
1768302000,1.16662,1.16666,1.1665,1.16654,43.276442107448126,53.396367493172455,,,377
1768302300,1.16654,1.16663,1.16648,1.1666,45.667880365093474,52.02430601074883,,,230
1768302600,1.1666,1.16668,1.16648,1.16666,48.02756236364478,50.75607329193457,,,302
1768302900,1.16666,1.16666,1.16645,1.16645,41.271417618599756,49.10741952458678,,,210
1768303200,1.16645,1.16686,1.16645,1.16671,50.54697469692913,48.20063289150988,,,350
1768303500,1.16671,1.16682,1.16671,1.16678,52.71241871539319,48.01190207562107,,,177
1768303800,1.16678,1.1670099999999999,1.1667,1.1670099999999999,59.05630777100208,48.555286402596224,,,276
1768304100,1.1670099999999999,1.16703,1.16684,1.16689,54.91677258881673,48.92750368679386,,,400
1768304400,1.16689,1.16691,1.1667399999999999,1.1668,51.97425218506619,49.0042278053474,,,287
1768304700,1.1668,1.16688,1.1666,1.16662,46.59670351833433,48.63083696204448,,,274
1768305000,1.16662,1.16672,1.1666,1.1667,49.11655404823855,48.55839214515346,,,344
1768305300,1.1667,1.16686,1.16666,1.16685,53.542894527642964,48.97023844430179,,,349
1768305600,1.16685,1.16691,1.16669,1.16678,51.300156947436214,49.55550388010409,,,345
1768305900,1.16678,1.16678,1.1665,1.16654,44.428846947975366,49.459656028687185,,,321
1768306200,1.16654,1.16669,1.16635,1.16658,45.733473770909605,49.63515829036301,,,494
1768306500,1.16658,1.16677,1.16655,1.16669,49.26119688597877,49.89182375614053,,,295
1768306800,1.16669,1.16684,1.16663,1.16672,50.21180626009423,50.0478411773155,,,312
1768307100,1.16672,1.16677,1.16662,1.16665,47.95419110091082,50.52518214033771,,,348
1768307400,1.16665,1.16666,1.16633,1.16635,39.71308364879597,49.75133277975677,,,287
1768307700,1.16635,1.16653,1.16614,1.16618,35.94351306852096,48.55355380498019,,,435
1768308000,1.16618,1.1662,1.16594,1.16608,33.90480393740789,46.757017816866316,,,560
1768308300,1.16608,1.16628,1.16567,1.16568,27.24740518119087,44.78063443060733,,,640
1768308600,1.16568,1.16594,1.16563,1.16569,27.629989057914386,43.04175849295363,,,726
1768308900,1.16569,1.16572,1.16529,1.16551,25.074000023283276,41.50442252902142,,,1274
1768309200,1.16551,1.16585,1.16537,1.16574,33.53482031788964,40.3914415482822,,,1004
1768309500,1.16574,1.16576,1.16532,1.16542,28.681981183272484,38.615662023684315,,,643
1768309800,1.16542,1.16554,1.1653,1.16554,32.61973513889049,37.28134618021676,,,542
1768310100,1.16554,1.16555,1.16517,1.16519,27.798652909407494,36.09347517746191,,,771
1768310400,1.16519,1.16541,1.16502,1.16508,26.474316876930658,34.71782111360627,,,1110
1768310700,1.16508,1.16543,1.16499,1.16523,31.281921135994637,33.43358713146455,,,1110
1768311000,1.16523,1.16777,1.16523,1.16689,61.37862312376062,34.231216907440725,,,5212
1768311300,1.16689,1.16706,1.16599,1.16619,51.196021627261906,34.462776230751516,,,3804
1768311600,1.16619,1.16694,1.16601,1.16667,56.5224331576715,35.66344405281405,,,2892
1768311900,1.16667,1.16672,1.1661299999999999,1.16623,51.02501519492491,36.74069420470005,,,1966
1768312200,1.16623,1.16655,1.166,1.16639,52.82194028832119,38.091918229765284,,,1457
1768312500,1.16639,1.16688,1.16617,1.16684,57.540483361772715,40.25570952837828,,,1413
1768312800,1.16684,1.16733,1.16675,1.16697,58.82178358499446,42.48369485174114,,,1553
1768313100,1.16697,1.1670099999999999,1.1665699999999999,1.16664,54.33904771663164,44.57405540126602,,,1392
1768313400,1.16664,1.16699,1.16664,1.16676,55.662262897083295,46.15458701406557,,,905
1768313700,1.16676,1.16689,1.16654,1.16667,54.38921642193138,47.990818102541205,,,1000
1768314000,1.16667,1.16698,1.16661,1.16678,55.72213890399408,49.6409898000486,,,989
1768314300,1.16678,1.167,1.16659,1.1669,57.19186665619423,51.740505067676224,,,1133
1768314600,1.1669,1.16698,1.16653,1.16688,56.85314870280628,53.91042162666734,,,1408
1768314900,1.16688,1.16693,1.16636,1.16643,49.71826194291207,55.22730311287573,,,1234
1768315200,1.16643,1.16643,1.16572,1.1661,45.23500796013094,54.074187744045034,,,1599
1768315500,1.1661,1.16654,1.16608,1.16623,47.252864919111055,53.79253369346283,,,1465
1768315800,1.16623,1.16627,1.16594,1.16612,45.71786859681272,53.02077908197292,,,1188
1768316100,1.16612,1.16639,1.1659599999999999,1.16637,49.71586317573671,52.92726822345947,,,996
1768316400,1.16637,1.16648,1.16581,1.16586,42.79180421276169,52.21082993234808,,,1304
1768316700,1.16586,1.16605,1.16552,1.16566,40.41469269041731,50.987559170108405,,,1163
1768317000,1.16566,1.16567,1.16539,1.1655,38.568827150327216,49.54091942477503,,,940
1768317300,1.1655,1.1656,1.16499,1.16512,34.53457370863839,48.1263141384898,,,1270
1768317600,1.16512,1.16539,1.1650099999999999,1.16507,34.03018867240945,46.58116597958452,,,1130
1768317900,1.16507,1.1651,1.16471,1.16479,31.275426880653825,44.93018101235041,,,887
1768318200,1.16479,1.1648,1.16444,1.16464,29.879965884740173,43.08431151097513,,,1034
1768318500,1.16464,1.16479,1.1643999999999999,1.16478,32.889679871432094,41.348441026349256,,,1011
1768318800,1.16478,1.16488,1.1643999999999999,1.16484,34.19332961418459,39.729882520019146,,,792
1768319100,1.16484,1.16514,1.1648,1.16483,34.074524578012685,38.61247270824061,,,895
1768319400,1.16483,1.16548,1.16478,1.16548,46.97180977912246,38.73652998102572,,,815
1768319700,1.16548,1.16549,1.16491,1.16519,42.935955389154294,38.42817930031452,,,1528
1768320000,1.16519,1.16545,1.16458,1.16461,36.23103513809089,37.75054833897725,,,1323
1768320300,1.16461,1.1647,1.16411,1.16415,31.967276219883644,36.48279212784489,,,919
1768320600,1.16415,1.16423,1.16369,1.16377,28.937671749987814,35.49321123764675,,,1018
1768320900,1.16377,1.16383,1.16342,1.16361,27.745354975039703,34.588258543691204,,,963
1768321200,1.16361,1.16381,1.1635,1.1637,29.50487559066252,33.94083343228658,,,842
1768321500,1.1637,1.16402,1.16362,1.1639599999999999,34.469512679784344,33.93618621593986,,,969
1768321800,1.1639599999999999,1.16448,1.16392,1.16446,42.81064422215856,34.56336161235052,,,862
1768322100,1.16446,1.16449,1.16418,1.16447,42.967003063974914,35.39847419687346,,,592
1768322400,1.16447,1.16448,1.1642,1.16434,41.38299567965736,36.220119182224686,,,505
1768322700,1.16434,1.16472,1.16434,1.16459,45.54089508351679,37.123777411659304,,,580
1768323000,1.16459,1.16484,1.16452,1.16473,47.77498990141532,38.09389600360436,,,534
1768323300,1.16473,1.16477,1.16448,1.1645699999999999,45.47875507045311,38.90848389592152,,,514
1768323600,1.1645699999999999,1.16479,1.16434,1.16439,42.976214859402816,38.6230842587987,,,497
1768323900,1.16439,1.16462,1.1643,1.16433,42.14374399908542,38.56649773093663,,,506
1768324200,1.16433,1.16459,1.1643,1.16453,45.905231098288986,39.25751172809364,,,530
1768324500,1.16453,1.16456,1.16421,1.16445,44.6546254768833,40.16375096073647,,,679
1768324800,1.16445,1.16472,1.16444,1.16445,44.6546254768833,41.286390512657576,,,666
1768325100,1.16445,1.16445,1.16412,1.16437,43.28694544604412,42.396504117729314,,,516
1768325400,1.16437,1.16453,1.1643,1.16442,44.43246856686851,43.46276075888689,,,689
1768325700,1.16442,1.16463,1.16434,1.1645699999999999,47.836499412166546,44.417545525485615,,,425
1768326000,1.1645699999999999,1.16483,1.1645699999999999,1.16465,49.60948257785147,44.90317683660654,,,606
1768326300,1.16465,1.16487,1.16455,1.16482,53.2461134414825,45.63739900642851,,,555
1768326600,1.16482,1.16484,1.16458,1.16469,50.25905424980825,46.27140319001071,,,593
1768326900,1.16469,1.16469,1.16445,1.16461,48.457496425981084,46.47973185732959,,,628
1768327200,1.16461,1.16469,1.16442,1.16453,46.65642859527454,46.39983462117668,,,746
1768327500,1.16453,1.16455,1.16438,1.16441,44.01381277267024,46.295195885620764,,,513
1768327800,1.16441,1.1646,1.16414,1.16458,48.46689966126278,46.687387657182185,,,631
1768328100,1.16458,1.16491,1.16449,1.1649,55.62225559171566,47.6501384852272,,,337
1768328400,1.1649,1.165,1.16483,1.16487,54.85329575527384,48.289285960726126,,,339
1768328700,1.16487,1.16495,1.16478,1.16487,54.85329575527384,49.01776240918259,,,377
1768329000,1.16487,1.1649,1.16473,1.16479,52.60417202045096,49.585587162294566,,,283
1768329300,1.16479,1.16496,1.16477,1.16494,56.22819569844242,50.509962180323,,,307
1768329600,1.16494,1.16515,1.1649,1.16511,59.964470684853374,51.61939090303621,,,409
1768329900,1.16511,1.1653499999999999,1.16511,1.16534,64.39285346532418,52.8019876211189,,,377
1768330200,1.16534,1.1654,1.16523,1.1654,65.46598929594303,53.93459524383973,,,226
1768330500,1.1654,1.16544,1.16532,1.16532,62.750439831264195,54.61347570025271,,,186
1768330800,1.16532,1.16534,1.16478,1.1648,48.63009907775914,54.49712175939205,,,469
1768331100,1.1648,1.16498,1.16476,1.16495,51.98643163525917,54.74918856005478,,,742
1768331400,1.16495,1.16506,1.1649,1.16506,54.34232773660462,55.298181355864074,,,455
1768331700,1.16506,1.16515,1.16489,1.16491,50.689780685878,55.775036206807485,,,593
1768332000,1.16491,1.16497,1.16482,1.16486,49.49555284969013,55.84851143455229,,,438
1768332300,1.16486,1.16491,1.16467,1.16476,47.105261311358454,55.240154700241064,,,353
1768332600,1.16476,1.1648,1.16462,1.16464,44.33814062877246,54.48907219120525,,,304
1768332900,1.16464,1.16483,1.16461,1.1648,48.667967796914866,54.04726305132247,,,223
1768333200,1.1648,1.16487,1.16476,1.16483,49.46178175913618,53.8228066040857,,,268
1768333500,1.16483,1.16487,1.16466,1.16477,47.86742673176255,53.22560882075142,,,440
1768333800,1.16477,1.16498,1.16477,1.1649,51.51418334239199,52.62201686771847,,,264
1768334100,1.1649,1.16508,1.16482,1.1649,51.51418334239199,51.7021118589376,,,523
1768334400,1.1649,1.16497,1.16472,1.16488,50.87915441128173,50.66019508146179,,,483
1768334700,1.16488,1.16494,1.16485,1.16493,52.45704735619785,49.9249527618142,,,353
1768335000,1.16493,1.16499,1.16489,1.16495,53.10594200235789,50.24465582785696,,,231
1768335300,1.16495,1.16496,1.16482,1.16485,49.47025195813937,50.06492870806269,,,271
1768335600,1.16485,1.16486,1.16472,1.16479,47.374571966707755,49.567231867355765,,,341
1768335900,1.16479,1.16485,1.16462,1.16463,42.23626794722316,48.963409528880426,,,376
1768336200,1.16463,1.16473,1.16453,1.16455,39.90568808788031,48.27841918875115,,,443
1768336500,1.16455,1.1647,1.16451,1.16469,45.56636681408279,48.16849815323146,,,439
1768336800,1.16469,1.16489,1.16468,1.16484,50.90267471774396,48.63739344530085,,,597
1768337100,1.16484,1.16487,1.1647399999999999,1.16482,50.196085785102326,48.74654473017138,,,395
1768337400,1.16482,1.16484,1.16461,1.16463,43.95395988801952,48.353128882234486,,,380
1768337700,1.16463,1.16466,1.16451,1.16455,41.60779545878627,47.90601236273618,,,625
1768338000,1.16455,1.16465,1.16444,1.16445,38.81850380607409,46.99917811014205,,,379
1768338300,1.16445,1.16453,1.16436,1.16436,36.45015434076442,45.92317603859722,,,93
1768338600,1.16436,1.16439,1.16428,1.16428,34.438806223831676,44.748865453779366,,,101
1768338900,1.16428,1.16438,1.16428,1.16437,38.5471529198335,43.755301565467626,,,140
1768339200,1.16437,1.16445,1.16433,1.16442,40.767852890886275,42.874009486076794,,,238
1768339500,1.16442,1.16459,1.16436,1.16452,45.0451423808378,42.55793023055526,,,160
1768339800,1.16452,1.16462,1.1645,1.16456,46.70304212435416,42.50996381324428,,,102
1768340100,1.16456,1.16465,1.16453,1.16455,46.32676411690838,42.80214211107894,,,161
1768340400,1.16455,1.16456,1.16447,1.16448,43.67416857929422,43.07131928903708,,,82
1768340700,1.16448,1.16449,1.16436,1.16439,40.46599098271578,42.70700672965372,,,132
1768341000,1.16439,1.1643999999999999,1.16433,1.16437,39.76690955146491,41.911594932062364,,,123
1768341300,1.16437,1.16442,1.1642,1.1642,34.336881803326364,40.778794647649796,,,332
1768341600,1.1642,1.16425,1.16411,1.1642,34.336881803326364,40.091860498743145,,,54
1768341900,1.1642,1.16423,1.16418,1.16422,35.53786066359024,39.658293727657714,,,28
1768342200,1.16422,1.16428,1.16421,1.16425,37.38776392013457,39.556098021519176,,,44
1768342500,1.16425,1.16425,1.16418,1.16418,34.87301155801346,39.443444965608386,,,29
1768342800,1.16418,1.16442,1.16418,1.16442,47.829531190567096,40.399925320375196,,,52
1768343100,1.16442,1.16443,1.1642,1.16422,40.58378174581004,40.545398807944956,,,73
1768343400,1.16422,1.16423,1.16421,1.16423,41.0645310006775,40.56659010150147,,,28
1768343700,1.16423,1.16423,1.16421,1.16421,40.361148103521174,40.23201908169314,,,94
1768344000,1.16421,1.16421,1.16414,1.16421,40.361148103521174,39.77902665163365,,,32
1768344300,1.16421,1.16435,1.16411,1.16428,44.23817928531599,39.62984202080562,,,205
1768344600,1.16428,1.16434,1.16426,1.16433,46.89383404723851,39.859818125658784,,,159
1768344900,1.16433,1.16436,1.16419,1.16427,44.175032685394875,40.12474967585015,,,334
1768345200,1.16427,1.16442,1.16422,1.16432,46.93602352467595,40.63682924536523,,,225
1768345500,1.16432,1.16442,1.16429,1.16441,51.578326410825994,41.86836100304377,,,130
1768345800,1.16441,1.16445,1.16436,1.16445,53.52440684920013,43.23889850632047,,,81
1768346100,1.16445,1.16452,1.16445,1.1645,55.909788477879424,44.69403620734112,,,73
1768346400,1.1645,1.16452,1.16444,1.16445,52.98132106724309,45.80786171784887,,,51
1768346700,1.16445,1.16446,1.16444,1.16445,52.98132106724309,47.10131239707956,,,29
1768347000,1.16445,1.16454,1.16445,1.1645,55.67397593329186,47.661629878702755,,,74
1768347300,1.1645,1.16455,1.16445,1.16449,54.99562706408498,48.69104740143668,,,87
1768347600,1.16449,1.16449,1.1643,1.16433,45.452997539793095,49.00450929708779,,,86
1768347900,1.16433,1.16438,1.16431,1.16434,46.08269620467695,49.41319130431321,,,56
1768348200,1.16434,1.16439,1.16424,1.16424,40.98711302266472,49.45790308425204,,,87
1768348500,1.16424,1.16428,1.16418,1.16419,38.68386572864115,49.061166401632406,,,79
1768348800,1.16419,1.1643,1.16389,1.16399,31.144717098008215,47.93622947668738,,,378
1768349100,1.16399,1.16405,1.16395,1.16403,33.918589143568994,47.20362636655697,,,177
1768349400,1.16403,1.16403,1.16378,1.16383,27.872440253074146,45.84194184715683,,,236
1768349700,1.16383,1.16408,1.16381,1.16408,41.83065636717089,45.145679701181464,,,278
1768350000,1.16408,1.16414,1.16405,1.16412,43.70773333716557,44.44448873603614,,,172
1768350300,1.16412,1.16414,1.16397,1.16414,44.669146306970426,43.641585723828356,,,174
1768350600,1.16414,1.16417,1.16407,1.16412,43.86239757625458,42.9902340459006,,,196
1768350900,1.16412,1.16428,1.1641,1.16426,50.589562308323266,42.81939413454919,,,357
1768351200,1.16426,1.16436,1.16425,1.16431,52.76654304626605,42.611720356904485,,,337
1768351500,1.16431,1.16434,1.16425,1.16427,50.836845905601685,42.31466455986997,,,264
1768351800,1.16427,1.16427,1.1641299999999999,1.16415,45.46510953643844,42.31552970248749,,,474
1768352100,1.16415,1.16431,1.16407,1.1643,52.25631302066361,42.75650233220082,,,546
1768352400,1.1643,1.16432,1.16394,1.164,41.204538184016016,42.77203270086877,,,737
1768352700,1.164,1.16402,1.16373,1.16374,34.41189725186527,42.46689209538478,,,370
1768353000,1.16374,1.16381,1.16369,1.16375,34.85670736041371,42.732034256985166,,,236
1768353300,1.16375,1.16392,1.16367,1.16381,37.591529293002864,42.99438712480187,,,367
1768353600,1.16381,1.16384,1.16372,1.16373,35.45429737610007,43.53594834787515,,,224
1768353900,1.16373,1.16378,1.16365,1.16374,35.94454161301488,43.11551157972115,,,187
1768354200,1.16374,1.16381,1.16368,1.16375,36.46423609255337,42.5981189193917,,,286
1768354500,1.16375,1.16393,1.16371,1.16386,42.03523891917686,42.40998267740645,,,288
1768354800,1.16386,1.16391,1.16373,1.16384,41.32573033507606,42.2287921601794,,,181
1768355100,1.16384,1.16393,1.1638,1.16389,43.87617602476504,41.74926456849668,,,291
1768355400,1.16389,1.16393,1.1638,1.16381,40.818901965516446,40.89586163415742,,,238
1768355700,1.16381,1.16388,1.16374,1.1638,40.439580915690264,40.15319984916374,,,253
1768356000,1.1638,1.16395,1.1638,1.1639,45.85790940104757,40.181256982350114,,,300
1768356300,1.1639,1.16394,1.1637,1.16374,39.643693209016575,39.28035556723247,,,221
1768356600,1.16374,1.16376,1.1636,1.16375,40.18922023571957,39.20783285663987,,,162
1768356900,1.16375,1.16391,1.16369,1.16385,45.494615051125315,39.99945555658701,,,190
1768357200,1.16385,1.1639,1.1638,1.16387,46.51643244662026,40.83229306274462,,,246
1768357500,1.16387,1.16393,1.16383,1.16392,49.08620137230026,41.65334106840873,,,166
1768357800,1.16392,1.16416,1.16391,1.16392,49.08620137230025,42.627048496708746,,,394
1768358100,1.16392,1.16406,1.16386,1.16405,55.52924305548064,44.025955742599145,,,260
1768358400,1.16405,1.16411,1.16399,1.1641,57.744140953927456,45.54594894698301,,,270
1768358700,1.1641,1.1643,1.16405,1.16426,63.93437797106806,47.110173164975244,,,283
1768359000,1.16426,1.16442,1.16425,1.16435,66.87403144118477,48.935051815411605,,,211
1768359300,1.16435,1.16444,1.16432,1.16434,66.2280988857301,50.53161773405196,,,262
1768359600,1.16434,1.16455,1.16434,1.1645,71.04680870998065,52.69075393008512,,,326
1768359900,1.1645,1.16455,1.16442,1.1645,71.04680870998065,54.87698448682015,,,311
1768360200,1.1645,1.16455,1.16443,1.16451,71.343191154939,56.697361754955246,,,408
1768360500,1.16451,1.1646,1.16447,1.1645699999999999,73.12107685165995,59.08860344371549,,,191
1768360800,1.1645699999999999,1.1646,1.16448,1.16452,69.2645995941586,61.16541625503256,,,198
1768361100,1.16452,1.16453,1.16441,1.16446,64.84492668836847,62.547581371978495,,,154
1768361400,1.16446,1.16465,1.16445,1.16464,70.85349753912917,64.28594316430056,,,110
1768361700,1.16464,1.1647399999999999,1.16458,1.16471,72.80044903140649,65.97981799709386,,,302
1768362000,1.16471,1.16478,1.16468,1.16477,74.38017835444253,67.78653063867546,,,297
1768362300,1.16477,1.16477,1.16463,1.16468,68.00036287634603,68.67732491159441,,,204
1768362600,1.16468,1.16489,1.16467,1.16485,72.75417450354891,69.74947016513882,,,230
1768362900,1.16485,1.16485,1.16468,1.16468,62.71988051924291,69.66272034715129,,,331
1768363200,1.16468,1.16477,1.16465,1.16472,63.97875764988958,69.4559150763445,,,210
1768363500,1.16472,1.1648,1.16469,1.16472,63.97875764988958,69.29524784521303,,,136
1768363800,1.16472,1.16472,1.16463,1.16466,60.428896719531686,68.53682556018096,,,105
1768364100,1.16466,1.16469,1.16458,1.16458,55.96974465889904,67.45989241367512,,,193
1768364400,1.16458,1.16461,1.1645,1.16452,52.82152860587524,66.13691651731342,,,199
1768364700,1.16452,1.16455,1.16444,1.16449,51.268718484642214,64.57603377681217,,,134
1768365000,1.16449,1.16452,1.1643999999999999,1.16448,50.73333590446764,63.25237208469138,,,113
1768365300,1.16448,1.1646,1.16448,1.1646,56.59139244164255,62.66283392421095,,,126
1768365600,1.1646,1.16461,1.1643999999999999,1.1643999999999999,46.63795041083311,60.93315198647552,,,93
1768365900,1.1643999999999999,1.16446,1.16438,1.16445,49.0505598345317,59.236731329555894,,,179
1768366200,1.16445,1.16445,1.16438,1.16439,46.34284373586027,57.23406457108574,,,153
1768366500,1.16439,1.16446,1.16435,1.16439,46.34284373586027,55.6870989181939,,,153
1768366800,1.16439,1.16451,1.16436,1.16444,49.06054415034734,53.99469675010807,,,164
1768367100,1.16444,1.16445,1.16435,1.1643999999999999,47.00923198860548,52.87250756934826,,,161
1768367400,1.1643999999999999,1.16442,1.16429,1.16429,41.829583248221105,51.290423683514796,,,172
1768367700,1.16429,1.16432,1.16423,1.16425,40.09934304068871,49.584751211429015,,,83
1768368000,1.16425,1.16428,1.1642,1.16427,41.40443847539098,48.22586133684754,,,110
1768368300,1.16427,1.16433,1.16423,1.16429,42.74778380851418,47.28143556182005,,,180
1768368600,1.16429,1.16439,1.16425,1.1643,43.44592226670233,46.611749394736265,,,282
1768368900,1.1643,1.16432,1.16421,1.16427,41.79918974937024,45.93535448507398,,,219
1768369200,1.16427,1.16432,1.16419,1.1642,38.16428802059038,45.03756535051132,,,282
1768369500,1.1642,1.16427,1.16415,1.16427,43.45934156065552,44.0995617161551,,,260
1768369800,1.16427,1.16438,1.16424,1.16424,41.80704367791535,43.75449694951811,,,292
1768370100,1.16424,1.16425,1.16416,1.16419,39.13637948473442,43.04634121024689,,,219
1768370400,1.16419,1.1643,1.16414,1.16425,43.777727667996054,42.86311863397087,,,250
1768370700,1.16425,1.16439,1.16424,1.16433,49.32642839949628,43.07623182423058,,,284
1768371000,1.16433,1.1645699999999999,1.16433,1.16455,60.78749163863883,43.91387093053712,,,217
1768371300,1.16455,1.1647,1.16448,1.16467,65.38620049845542,45.226511538383534,,,339
1768371600,1.16467,1.16469,1.16454,1.1646,60.89950562226527,46.58864885081527,,,164
1768371900,1.1646,1.16471,1.16455,1.16465,62.85988585945893,48.21440190929885,,,231
1768372200,1.16465,1.16467,1.16452,1.1645699999999999,57.86126012416419,49.38988916992552,,,193
1768372500,1.1645699999999999,1.16463,1.16454,1.16462,60.00207538031572,50.62233856791134,,,230
1768372800,1.16462,1.16469,1.16451,1.16465,61.27336171775246,51.89572710012921,,,210
1768373100,1.16465,1.16475,1.16451,1.16458,56.7415816188813,52.96304080509429,,,303
1768373400,1.16458,1.16478,1.16444,1.16475,63.752984705176566,54.7908048539933,,,296
1768373700,1.16475,1.1650099999999999,1.16473,1.1649,68.5904999201442,56.585887593956784,,,316
1768374000,1.1649,1.16503,1.16477,1.1650099999999999,71.5853713762077,58.71291100097767,,,654
1768374300,1.1650099999999999,1.16502,1.16481,1.16497,69.00862012557195,60.84664247532321,,,417
1768374600,1.16497,1.16508,1.16488,1.16488,63.472552599406534,62.25341568470967,,,256
1768374900,1.16488,1.16507,1.16487,1.165,67.24559098189928,63.53335586916702,,,329
1768375200,1.165,1.16508,1.16496,1.16503,68.13183565814718,64.05795187056047,,,333
1768375500,1.16503,1.16519,1.16482,1.16485,57.99285499438494,63.52985576312687,,,337
1768375800,1.16485,1.16502,1.16477,1.1648,55.52121426651501,63.14569209485899,,,290
1768376100,1.1648,1.16486,1.16473,1.16477,54.03319873146955,62.51521444285975,,,258
1768376400,1.16477,1.16493,1.1647,1.16489,58.790793386622724,62.5816096758925,,,232
1768376700,1.16489,1.16495,1.16481,1.16488,58.24973942826542,62.45644282217462,,,230
1768377000,1.16488,1.16488,1.16462,1.16466,47.82246941135245,61.49566480028891,,,278
1768377300,1.16466,1.16466,1.16444,1.16461,45.815144384302705,60.71520499781901,,,608
1768377600,1.16461,1.16503,1.16451,1.1650099999999999,60.20578953156235,60.46183391398942,,,615
1768377900,1.1650099999999999,1.16502,1.16453,1.16461,46.81581824963166,58.90649950895282,,,732
1768378200,1.16461,1.16472,1.16446,1.16448,43.43480184177517,56.89574454220764,,,623
1768378500,1.16448,1.1645699999999999,1.16434,1.16439,41.21558388821584,54.910527668110774,,,529
1768378800,1.16439,1.16452,1.1642,1.1642,36.92622133431731,53.01436114917583,,,496
1768379100,1.1642,1.16442,1.1641,1.16427,39.427355321178155,51.02734431626718,,,687
1768379400,1.16427,1.16458,1.16418,1.16449,46.59504195944855,49.489001909217286,,,1142
1768379700,1.16449,1.1645699999999999,1.16428,1.16449,46.59504195944855,48.67487240672183,,,922
1768380000,1.16449,1.16481,1.16422,1.16429,41.4266126617539,47.668115149238886,,,1061
1768380300,1.16429,1.16476,1.16421,1.16458,50.074227728641745,47.38533150617976,,,714
1768380600,1.16458,1.16476,1.16454,1.16465,51.91945603088815,46.894521695055865,,,607
1768380900,1.16465,1.16478,1.1646,1.1647399999999999,54.26017342388093,46.60955269474268,,,537
1768381200,1.1647399999999999,1.1648,1.16459,1.16464,51.273324468936764,46.856042341713,,,578
1768381500,1.16464,1.16482,1.16463,1.16468,52.401990741019304,47.32653136719275,,,394
1768381800,1.16468,1.16498,1.1646,1.16496,59.47777763040518,47.2745305171101,,,376
1768382100,1.16496,1.16511,1.16495,1.16498,59.93591720420056,48.211680442436446,,,418
1768382400,1.16498,1.165,1.16464,1.16467,50.42049544868967,48.71065855721605,,,574
1768382700,1.16467,1.1649,1.1646,1.16482,54.208737759037476,49.63874097656045,,,534
1768383000,1.16482,1.16511,1.16471,1.16511,60.49358356816013,51.32212399326351,,,319
1768383300,1.16511,1.16529,1.16488,1.16488,54.14620296231859,52.373470253344976,,,478
1768383600,1.16488,1.16494,1.16469,1.16491,54.81221848382015,52.96041143365723,,,438
1768383900,1.16491,1.16521,1.16489,1.16513,59.46223942756547,53.87949696709415,,,372
1768384200,1.16513,1.16537,1.16497,1.16537,63.83446021245682,55.48005750643007,,,509
1768384500,1.16537,1.16537,1.1651,1.16517,58.200988364270216,56.060540408974965,,,425
1768384800,1.16517,1.16519,1.16468,1.16479,49.29882099054417,55.87335219180754,,,720
1768385100,1.16479,1.16504,1.16479,1.16491,51.805755040315944,55.69803659298146,,,495
1768385400,1.16491,1.16503,1.16483,1.16503,54.24229622337556,55.9101060040128,,,283
1768385700,1.16503,1.16528,1.16495,1.16528,58.90377732141652,56.37451933118404,,,366
1768386000,1.16528,1.1653,1.16514,1.16523,57.63906624911432,56.243182803948976,,,629
1768386300,1.16523,1.1655,1.1651799999999999,1.16549,62.18572145635942,56.403883107674616,,,414
1768386600,1.16549,1.1655,1.16534,1.16541,60.050017951431045,57.09170614358471,,,576
1768386900,1.16541,1.16558,1.16541,1.16551,61.81537870459856,57.635037639696215,,,474
1768387200,1.16551,1.16571,1.16536,1.16543,59.548328566277405,57.567519425276025,,,443
1768387500,1.16543,1.16567,1.16533,1.16566,63.67323283308633,58.24802155890229,,,383
1768387800,1.16566,1.16578,1.16556,1.16571,64.52023589050762,58.941451373665686,,,530
1768388100,1.16571,1.16575,1.16544,1.16551,58.63135422226214,58.882102430429725,,,792
1768388400,1.16551,1.16551,1.16526,1.1653499999999999,54.35703174211288,58.20514325397659,,,685
1768388700,1.1653499999999999,1.16539,1.16515,1.16525,51.81457261148753,57.74897070020639,,,386
1768389000,1.16525,1.16527,1.16498,1.16504,46.85795354911234,57.57462302581841,,,487
1768389300,1.16504,1.16514,1.16483,1.16495,44.87660223127791,57.07968353945854,,,502
1768389600,1.16495,1.165,1.16486,1.16496,45.15410318927127,56.43052689416538,,,455
1768389900,1.16496,1.16502,1.1648,1.1648,41.54994666153681,55.190967561316825,,,329
1768390200,1.1648,1.16487,1.16467,1.16486,43.37522403713646,54.17212168903269,,,366
1768390500,1.16486,1.16489,1.16476,1.16485,43.133460005707114,52.81124587112896,,,172
1768390800,1.16485,1.16492,1.16464,1.16466,38.717769992371025,51.28751387405324,,,408
1768391100,1.16466,1.16481,1.16452,1.16458,37.00021898070165,49.51500246520346,,,382
1768391400,1.16458,1.16473,1.16455,1.16463,38.826743922959224,48.03488927639502,,,365
1768391700,1.16463,1.16477,1.16437,1.16469,41.03596752032143,46.41794175405467,,,711
1768392000,1.16469,1.16536,1.16469,1.16477,43.94288204427027,44.94813076503771,,,1947
1768392300,1.16477,1.16486,1.1645,1.16456,38.56781254745935,43.51502064540894,,,902
1768392600,1.16456,1.1647399999999999,1.1645,1.16469,43.199669616595735,42.71806620787199,,,520
1768392900,1.16469,1.1647399999999999,1.1645699999999999,1.16468,42.93152025442074,42.0835624680815,,,387
1768393200,1.16468,1.16468,1.1645,1.1646,40.75219515536662,41.647436868528246,,,378
1768393500,1.1646,1.1647399999999999,1.1645,1.16455,39.40580580899549,41.25666569550807,,,395
1768393800,1.16455,1.16482,1.16451,1.16476,47.283517102162556,41.408766689286026,,,503
1768394100,1.16476,1.16489,1.16456,1.1645699999999999,41.967339581464074,41.43858046928083,,,439
1768394400,1.1645699999999999,1.16489,1.1645699999999999,1.16482,49.94234985449924,41.90766088480674,,,375
1768394700,1.16482,1.16483,1.1645699999999999,1.1648,49.35797599134129,42.352269169494896,,,402
1768395000,1.1648,1.16527,1.1647399999999999,1.16526,60.737259946336806,43.92508988049246,,,527
1768395300,1.16526,1.166,1.16524,1.1659599999999999,71.30416203054749,46.37537152691002,,,1825
1768395600,1.1659599999999999,1.16597,1.16543,1.16549,59.68853856637223,47.86549971572523,,,1075
1768395900,1.16549,1.1655,1.16505,1.16506,51.433337877580755,48.60816902695804,,,653
1768396200,1.16506,1.16549,1.16504,1.16508,51.76747361199855,49.16706842465292,,,784
1768396500,1.16508,1.16522,1.16477,1.16478,46.58961988832981,49.74005466328652,,,741
1768396800,1.16478,1.16494,1.16466,1.16471,45.447365107484764,49.90060434120717,,,683
1768397100,1.16471,1.16491,1.16465,1.1647399999999999,46.05775972386754,50.12390716045337,,,756
1768397400,1.1647399999999999,1.16486,1.16448,1.16473,45.873504288258225,50.48971495565991,,,1481
1768397700,1.16473,1.16498,1.16456,1.16491,49.76886499133584,51.22993346868423,,,1501
1768398000,1.16491,1.16528,1.1648,1.16526,56.347385735490256,51.87735265677907,,,1241
1768398300,1.16526,1.16536,1.16493,1.16493,49.73379339292242,52.432099357597515,,,815
1768398600,1.16493,1.16493,1.16453,1.16481,47.5482945342615,52.261095406151966,,,829
1768398900,1.16481,1.1651799999999999,1.16481,1.16499,51.02486160644218,52.38015866437346,,,766
1768399200,1.16499,1.16556,1.16487,1.1652,54.78980820895353,51.95534068313179,,,1026
1768399500,1.1652,1.16554,1.16506,1.16527,56.00392512559022,50.862466618491986,,,1318
1768399800,1.16527,1.16575,1.16517,1.1653,56.54256211866087,50.637754015084035,,,1236
1768400100,1.1653,1.16568,1.16524,1.16556,60.99906360347992,51.32102013836254,,,1044
1768400400,1.16556,1.16587,1.16556,1.1656199999999999,61.96831860223212,52.04965192337924,,,1027
1768400700,1.1656199999999999,1.1657,1.16537,1.16549,58.57184159038846,52.9055249020977,,,950
1768401000,1.16549,1.16563,1.1653,1.16541,56.51886627866718,53.69634641432502,,,1187
1768401300,1.16541,1.16555,1.16522,1.16531,53.972269282368366,54.261668525646506,,,1068
1768401600,1.16531,1.16595,1.16531,1.1659,64.21662729950336,55.5718915978783,,,1436
1768401900,1.1659,1.16597,1.16574,1.16577,60.995280789584115,56.373778440610316,,,1381
1768402200,1.16577,1.16585,1.16545,1.16554,55.67405181726719,56.32568316073725,,,981
1768402500,1.16554,1.16578,1.16554,1.16559,56.56124847782369,56.81335852394448,,,905
1768402800,1.16559,1.16559,1.16523,1.1653,50.27583524776576,57.00818286062336,,,1689
1768403100,1.1653,1.16555,1.1652,1.16536,51.47726411866846,57.040497325782376,,,1067
1768403400,1.16536,1.16589,1.16523,1.16533,50.81613409895256,56.75666346078231,,,2543
1768403700,1.16533,1.16558,1.16517,1.16526,49.22744050311731,56.27262884489138,,,1043
1768404000,1.16526,1.16542,1.16503,1.16507,45.105443044341854,55.45569176815432,,,653
1768404300,1.16507,1.16527,1.16497,1.16515,47.11345693778544,54.46386272060471,,,909
1768404600,1.16515,1.16536,1.16492,1.16517,47.62922109088335,53.43964146979408,,,1013
1768404900,1.16517,1.16539,1.16515,1.16526,49.992621257314404,52.82684001743165,,,806
1768405200,1.16526,1.16541,1.16514,1.16526,49.992621257314404,52.360679658763594,,,795
1768405500,1.16526,1.16551,1.16525,1.16541,54.004787967653925,52.36300242199827,,,818
1768405800,1.16541,1.16557,1.16529,1.16551,56.50990849353006,51.8125225072859,,,959
1768406100,1.16551,1.16606,1.16551,1.16597,65.75071748021954,52.152196556617,,,1453
1768406400,1.16597,1.16615,1.1658,1.16589,63.23426359794161,52.692211683808026,,,1026
1768406700,1.16589,1.16611,1.16589,1.16611,66.97725653352256,53.43621225921509,,,496
1768407000,1.16611,1.16616,1.16589,1.16589,60.35956495700019,54.15647866701755,,,558
1768407300,1.16589,1.16604,1.16573,1.16604,63.04091573110166,54.98245378219134,,,466
1768407600,1.16604,1.16614,1.1654,1.16541,48.272107437783994,54.800737592107886,,,943
1768407900,1.16541,1.16566,1.1654,1.16561,52.10794773621103,55.00648810875743,,,832
1768408200,1.16561,1.16572,1.16551,1.16563,52.487375785957376,55.533769018872825,,,600
1768408500,1.16563,1.16577,1.1655,1.16552,50.13475331407924,55.74957590289382,,,977
1768408800,1.16552,1.16572,1.16549,1.16551,49.9157116919691,55.91289666011422,,,1003
1768409100,1.16551,1.16552,1.16527,1.1653499999999999,46.421033155806604,55.657783224292245,,,650
1768409400,1.1653499999999999,1.16561,1.16534,1.16561,52.269043727940264,55.820384829336945,,,562
1768409700,1.16561,1.16571,1.16542,1.16545,48.743229451655104,55.444559221051314,,,426
1768410000,1.16545,1.16557,1.16531,1.16531,45.83010861150513,54.681716372335245,,,364
1768410300,1.16531,1.16543,1.16521,1.16537,47.284203902382394,53.362679688204025,,,371
1768410600,1.16537,1.16542,1.16525,1.16534,46.6104934404943,52.17526753410065,,,320
1768410900,1.16534,1.1653499999999999,1.16507,1.1652,43.495929237372486,50.49802987008992,,,750
1768411200,1.1652,1.16529,1.16502,1.16503,40.00061796933075,49.043819370970674,,,489
1768411500,1.16503,1.1651799999999999,1.165,1.16516,43.72482014568361,47.664098257726536,,,676
1768411800,1.16516,1.16519,1.16497,1.16502,40.78856200690947,47.129559298378354,,,804
1768412100,1.16502,1.16509,1.1647399999999999,1.16475,35.79602375257002,45.96442187097542,,,584
1768412400,1.16475,1.16487,1.16458,1.16466,34.28939497829222,44.66456609899934,,,831
1768412700,1.16466,1.16482,1.16462,1.1648,38.617392585838424,43.84189747555357,,,507
1768413000,1.1648,1.16481,1.16455,1.16465,35.889852591463594,42.84005039694603,,,412
1768413300,1.16465,1.16471,1.16454,1.16467,36.53351191944146,42.133798880062805,,,424
1768413600,1.16467,1.16472,1.16443,1.16461,35.3857197341334,40.927847166219465,,,469
1768413900,1.16461,1.16461,1.16441,1.16446,32.62602703333296,39.776618422053595,,,488
1768414200,1.16446,1.16456,1.16436,1.16439,31.395498907673726,38.74557487177992,,,405
1768414500,1.16439,1.1643999999999999,1.16417,1.16439,31.395498907673712,37.61066737215788,,,378
1768414800,1.16439,1.16447,1.16435,1.16446,34.27062072768676,36.729247892671616,,,234
1768415100,1.16446,1.16452,1.16439,1.16445,34.05107694855238,36.05461558632732,,,355
1768415400,1.16445,1.16477,1.16445,1.16447,34.94865071952742,35.69376078276995,,,685
1768415700,1.16447,1.16448,1.16407,1.1641,27.493601831233292,34.534388046023494,,,382
1768416000,1.1641,1.16424,1.164,1.16402,26.19261788957091,33.491820609070736,,,334
1768416300,1.16402,1.16411,1.16388,1.16405,27.576614638390396,32.90471995805791,,,655
1768416600,1.16405,1.16421,1.16404,1.1642,34.21853268594471,32.89965836574738,,,413
1768416900,1.1642,1.1642,1.1637899999999999,1.1637899999999999,26.944673392036805,32.06589270904727,,,545
1768417200,1.1637899999999999,1.1639,1.1636,1.16365,24.991149997520495,31.28741395233704,,,578
1768417500,1.16365,1.16381,1.1636,1.16375,28.953432538406332,30.745979710834526,,,639
1768417800,1.16375,1.16382,1.16366,1.16369,27.997796072843897,30.218270877885278,,,476
1768418100,1.16369,1.16385,1.16366,1.16381,32.77668831414097,30.229032397942994,,,626
1768418400,1.16381,1.16382,1.16369,1.16375,31.645718292924826,30.246905211175214,,,575
1768418700,1.16375,1.16378,1.16369,1.16374,31.450934415014828,30.25086489027101,,,279
1768419000,1.16374,1.16375,1.16356,1.16364,29.495773431031722,29.909804369081368,,,183
1768419300,1.16364,1.16374,1.16361,1.1637,32.21845207883173,29.778902592672747,,,441
1768419600,1.1637,1.1639,1.1637,1.16381,37.020295243465256,29.92687720152545,,,329
1768419900,1.16381,1.16381,1.1635199999999999,1.16362,32.7098630851759,30.29946729109278,,,261
1768420200,1.16362,1.16377,1.16361,1.16367,34.85934667029187,30.918519346858563,,,265
1768420500,1.16367,1.16393,1.16356,1.1636,33.25762633456898,31.324305896585603,,,649
1768420800,1.1636,1.16402,1.1636,1.16386,43.61986415481654,31.99582957293359,,,878
1768421100,1.16386,1.16431,1.16386,1.16425,54.92474609976504,33.994406194914184,,,837
1768421400,1.16425,1.16432,1.16421,1.16423,54.323191211678,36.08955199592543,,,452
1768421700,1.16423,1.16437,1.16418,1.16428,55.63148941277323,37.99512748695163,,,564
1768422000,1.16428,1.16437,1.16421,1.16431,56.437716819820174,40.026550397449945,,,505
1768422300,1.16431,1.16441,1.16431,1.16437,58.07843821149357,41.833818247260844,,,465
1768422600,1.16437,1.16453,1.16435,1.1645,61.46498101512083,43.96376558456056,,,622
1768422900,1.1645,1.16473,1.16448,1.16467,65.40112800094857,46.388779412127256,,,559
1768423200,1.16467,1.16472,1.16432,1.16432,53.32448549151819,48.090830273590576,,,807
1768423500,1.16432,1.16439,1.16425,1.16437,54.61383628093321,49.69050057374068,,,428
1768423800,1.16437,1.16449,1.16431,1.16437,54.61383628093321,50.94718207641696,,,479
1768424100,1.16437,1.16442,1.16415,1.16431,52.59197179834226,52.367332698785994,,,605
1768424400,1.16431,1.1645,1.16428,1.1645,57.90635565737018,54.01354762643444,,,435
1768424700,1.1645,1.16463,1.16437,1.16451,58.17212076138606,55.79315437120709,,,218
1768425000,1.16451,1.16456,1.16433,1.16435,52.464541202677815,56.42491701748289,,,297
1768425300,1.16435,1.16447,1.16427,1.16445,55.40927671940679,56.459526347457306,,,275
1768425600,1.16445,1.16446,1.1642,1.16431,50.676181850044046,56.19902567876916,,,257
1768425900,1.16431,1.16438,1.16423,1.1643,50.345371623314634,55.82144583666497,,,198
1768426200,1.1643,1.16448,1.16426,1.16447,55.64615351318719,55.7649056004769,,,182
1768426500,1.16447,1.16447,1.16426,1.16429,49.60755335411851,55.159842396378686,,,134
1768426800,1.16429,1.16446,1.16429,1.16446,54.616643389504745,54.670675423120386,,,139
1768427100,1.16446,1.16463,1.16443,1.16444,53.93736333364592,53.851835089741634,,,157
1768427400,1.16444,1.16451,1.1643,1.1643999999999999,52.530190278228616,53.79509971736381,,,286
1768427700,1.1643999999999999,1.16455,1.16427,1.16439,52.163793490921506,53.620096660934394,,,618
1768428000,1.16439,1.1646,1.16395,1.16459,58.41162505487104,53.89136728764424,,,62
1768428300,1.16459,1.16462,1.16444,1.16452,55.67097168865427,54.111295851237955,,,61
1768428600,1.16452,1.1645699999999999,1.16437,1.16451,55.27199583593806,53.92312729256423,,,55
1768428900,1.16451,1.16455,1.16439,1.16454,56.28418646655197,53.78827484293322,,,37
1768429200,1.16454,1.16459,1.16449,1.1645699999999999,57.32422374489453,54.13539502452013,,,67
1768429500,1.1645699999999999,1.1646,1.16451,1.16455,56.36153350974228,54.203413366686945,,,34
1768429800,1.16455,1.16455,1.16451,1.16453,55.36030877217259,54.5379938611247,,,16
1768430100,1.16453,1.16455,1.16445,1.16451,54.321101865736225,54.82197459272624,,,80
1768430400,1.16451,1.16453,1.16441,1.16442,49.791539227712356,54.403787858049476,,,89
1768430700,1.16442,1.16443,1.16433,1.16438,47.8805891147567,54.28043326952362,,,60
1768431000,1.16438,1.1643999999999999,1.16425,1.16425,42.21058685364648,53.394286374105185,,,78
1768431300,1.16425,1.16437,1.16423,1.16433,46.41583414110651,52.85703428892379,,,129
1768431600,1.16433,1.16461,1.16433,1.16455,55.91618786053803,53.09889125908875,,,154
1768431900,1.16455,1.16463,1.16451,1.16458,57.03485991790182,53.44682457530164,,,126
1768432200,1.16458,1.16464,1.16451,1.16463,58.9065324615838,53.48217510435255,,,157
1768432500,1.16463,1.16471,1.16458,1.16463,58.9065324615838,53.713286588133236,,,163
1768432800,1.16463,1.16463,1.1645699999999999,1.16462,58.317268106774875,53.93080603605015,,,93
1768433100,1.16462,1.16462,1.16447,1.16449,51.15337581346121,53.56431956082938,,,100
1768433400,1.16449,1.16464,1.16449,1.1645699999999999,54.830658006422524,53.38620772236709,,,179
1768433700,1.1645699999999999,1.16463,1.16451,1.16453,52.69459923591343,53.12428384566503,,,124
1768434000,1.16453,1.1645699999999999,1.16449,1.16455,53.66653860379645,53.0033002622096,,,92
1768434300,1.16455,1.16464,1.1645,1.16462,56.996825805009834,53.19442340072914,,,113
1768434600,1.16462,1.1647,1.16461,1.16462,56.996825805009834,53.70908672767896,,,156
1768434900,1.16462,1.16462,1.16449,1.1645,49.87024782517852,53.851205206994806,,,122
1768435200,1.1645,1.1645,1.16442,1.16442,45.76224166663446,54.10489483649395,,,169
1768435500,1.16442,1.16442,1.16422,1.16427,39.236037502833305,53.59205221947444,,,165
1768435800,1.16427,1.16436,1.16427,1.16431,41.62671458738995,52.57137555710671,,,107
1768436100,1.16431,1.16451,1.16431,1.16448,50.53417154000996,52.107040672971586,,,197
1768436400,1.16448,1.16455,1.16448,1.1645,51.47236940341376,51.576029025959436,,,135
1768436700,1.1645,1.16451,1.1641299999999999,1.16416,38.205949154469636,50.09741593259414,,,387
1768437000,1.16416,1.16433,1.16397,1.16398,33.31102606981018,48.31125578709666,,,489
1768437300,1.16398,1.16398,1.16377,1.16385,30.29243303441814,46.82118844573644,,,329
1768437600,1.16385,1.16399,1.16372,1.16387,31.323521433054026,45.14210726192441,,,383
1768437900,1.16387,1.16408,1.16385,1.16392,33.95372286776566,43.80347323562813,,,314
1768438200,1.16392,1.16397,1.16373,1.16374,29.56405045942003,42.08186693960125,,,446
1768438500,1.16374,1.16382,1.16356,1.16377,31.161436710585548,40.23648200428523,,,541
1768438800,1.16377,1.16398,1.16372,1.16377,31.161436710585548,38.39109706896921,,,663
1768439100,1.16377,1.16395,1.16377,1.1637899999999999,32.34768698454572,37.139485580352584,,,330
1768439400,1.1637899999999999,1.16393,1.16378,1.16388,37.561929195373565,36.553748975262515,,,311
1768439700,1.16388,1.16416,1.16385,1.1639599999999999,41.85210151018832,36.74061069007359,,,680
1768440000,1.1639599999999999,1.16399,1.16389,1.16393,40.72211935862585,36.67599674516187,,,460
1768440300,1.16393,1.16411,1.16392,1.16398,43.461979206561956,36.17084014991558,,,313
1768440600,1.16398,1.16399,1.16339,1.16348,29.01797812384362,34.56695505851771,,,720
1768440900,1.16348,1.1639,1.16331,1.16389,45.12316028453887,35.06104156780838,,,646
1768441200,1.16389,1.16402,1.16373,1.16394,46.71106751710199,36.018187385472075,,,675
1768441500,1.16394,1.16411,1.16392,1.164,48.631925471075704,37.32815113094762,,,502
1768441800,1.164,1.16403,1.16373,1.16376,42.09552262434638,38.09757978746849,,,481
1768442100,1.16376,1.16398,1.16374,1.16386,45.389116096071625,38.91439358949036,,,371
1768442400,1.16386,1.16392,1.16374,1.16376,42.769278021965164,39.857624129672146,,,522
1768442700,1.16376,1.16399,1.16376,1.16398,49.65412066734199,41.17853012658332,,,292
1768443000,1.16398,1.16407,1.16388,1.16406,51.91922516047069,42.66122930157512,,,225
1768443300,1.16406,1.16407,1.16385,1.16386,46.30975909830353,43.65852016684353,,,237
1768443600,1.16386,1.16393,1.16376,1.16378,44.25029526324618,44.13626060026301,,,319
1768443900,1.16378,1.16382,1.1637,1.16371,42.47053259936194,44.18043424948969,,,242
1768444200,1.16371,1.16374,1.16364,1.16369,41.951363732447135,44.26823741904836,,,293
1768444500,1.16369,1.16378,1.16361,1.16371,42.70561779515243,44.214211603947675,,,341
1768444800,1.16371,1.16398,1.16369,1.16389,49.11403587495699,45.64964430045577,,,343
1768445100,1.16389,1.16403,1.16385,1.164,52.60298510548236,46.18391750195174,,,197
1768445400,1.164,1.16402,1.16393,1.16399,52.25223844825982,46.57971542560587,,,202
1768445700,1.16399,1.16404,1.16395,1.16401,52.92825622539999,46.886596193771894,,,214
1768446000,1.16401,1.16401,1.16384,1.16386,47.49680994061019,47.27240243064788,,,254
1768446300,1.16386,1.16392,1.16384,1.16385,47.14943552836853,47.3981395329548,,,183
1768446600,1.16385,1.1639,1.16373,1.16374,43.39017716108588,47.442489471463425,,,240
1768446900,1.16374,1.16383,1.16368,1.16378,45.104200692021024,47.11749518751193,,,280
1768447200,1.16378,1.16389,1.16376,1.1637899999999999,45.54807794564027,46.66241324359547,,,306
1768447500,1.1637899999999999,1.16398,1.16378,1.16398,53.278127859366606,47.16015386938569,,,328
1768447800,1.16398,1.16399,1.16386,1.16392,50.824414642132815,47.629733825020445,,,497
1768448100,1.16392,1.16405,1.1639,1.16402,54.57902386698983,48.49462605842245,,,269
1768448400,1.16402,1.16414,1.16401,1.16414,58.65818339571396,49.68797032008437,,,120
1768448700,1.16414,1.16415,1.16387,1.16389,48.82112111468954,50.12479198576558,,,346
1768449000,1.16389,1.16391,1.16372,1.16375,44.337014140293036,49.783576147575296,,,185
1768449300,1.16375,1.16391,1.16372,1.16387,48.68742172313686,49.50389304883634,,,213
1768449600,1.16387,1.16394,1.16377,1.16377,45.49630278625613,49.021326215836076,,,180
1768449900,1.16377,1.16387,1.16372,1.16382,47.35429482771198,48.623186116001214,,,207
1768450200,1.16382,1.16383,1.16361,1.16362,41.290887083828586,48.17990591194539,,,171
1768450500,1.16362,1.16362,1.1635199999999999,1.16353,38.878410542883884,47.589118412982195,,,217
1768450800,1.16353,1.16354,1.16345,1.1635,38.07974248208385,47.20980165019633,,,148
1768451100,1.1635,1.16355,1.16349,1.16354,39.85388623769953,46.834779189173375,,,128
1768451400,1.16354,1.1636,1.1635199999999999,1.16358,41.65420858185938,46.55664566318902,,,162
1768451700,1.16358,1.16366,1.1635199999999999,1.1636,42.579679969967955,45.79247081394626,,,175
1768452000,1.1636,1.16365,1.1636,1.16362,43.544059081200054,45.27244541673679,,,153
1768452300,1.16362,1.16365,1.16355,1.16357,41.660283764607584,44.34967826656663,,,202
1768452600,1.16357,1.16359,1.16342,1.16342,36.55156385809163,42.77063401387932,,,325
1768452900,1.16342,1.1635199999999999,1.16342,1.16345,38.18425360425207,42.010857763133785,,,243
1768453200,1.16345,1.16359,1.16334,1.16358,44.81156807392722,42.044754472679074,,,377
1768453500,1.16358,1.16378,1.16358,1.16376,52.41821151528277,42.31123945783236,,,325
1768453800,1.16376,1.16377,1.16365,1.16367,48.79669786737628,42.54698196362665,,,378
1768454100,1.16367,1.16373,1.16363,1.16369,49.629527410158374,42.70949857665853,,,315
1768454400,1.16369,1.16369,1.16359,1.16359,45.63292329376432,43.01964402022537,,,359
1768454700,1.16359,1.16373,1.16358,1.1637,50.367632909303644,43.840302760683926,,,285
1768455000,1.1637,1.16373,1.16353,1.16357,45.34197263567134,44.35903348594018,,,346
1768455300,1.16357,1.1636,1.16355,1.16355,44.60459073718745,44.698369521617884,,,181
1768455600,1.16355,1.16361,1.16351,1.16357,45.558067854918654,44.97721661255069,,,252
1768455900,1.16357,1.16365,1.16356,1.16359,46.54885014554815,45.260728767949274,,,306
1768456200,1.16359,1.16372,1.16356,1.16364,49.04546878115669,45.65368660366046,,,418
1768456500,1.16364,1.16371,1.16346,1.16351,43.37299382275189,45.77602303638506,,,601
1768456800,1.16351,1.16375,1.16345,1.16372,52.858085612720494,46.94077459028712,,,697
1768457100,1.16372,1.1638,1.16365,1.1637899999999999,55.53189235191033,48.17989164369128,,,450
1768457400,1.1637899999999999,1.16383,1.16338,1.16339,41.16414867424444,47.91936168657107,,,419
1768457700,1.16339,1.1635199999999999,1.16332,1.16334,39.77869710435189,47.016539228647446,,,493
1768458000,1.16334,1.16357,1.16332,1.16356,48.06185607416005,46.964050529132,,,564
1768458300,1.16356,1.16358,1.16344,1.16351,46.49655238745327,46.740266598938774,,,441
1768458600,1.16351,1.16351,1.1633499999999999,1.16338,42.61079453617591,46.524400259111026,,,462
1768458900,1.16338,1.16348,1.16334,1.16338,42.61079453617591,45.97034037531619,,,387
1768459200,1.16338,1.16347,1.16299,1.163,33.203774858063696,45.103326248344224,,,467
1768459500,1.163,1.16312,1.163,1.16304,34.834611596583045,44.4054705954439,,,485
1768459800,1.16304,1.16324,1.16302,1.16324,42.40623067528711,44.180339368327374,,,272
1768460100,1.16324,1.16339,1.16312,1.1633,44.48999673383486,44.033278410347855,,,473
1768460400,1.1633,1.16366,1.16329,1.16345,49.41720554282779,44.0598310361815,,,1004
1768460700,1.16345,1.1635,1.16333,1.16344,49.10427894594202,44.469208544980795,,,598
1768461000,1.16344,1.16347,1.16308,1.16314,40.764534872204464,43.605383492086794,,,621
1768461300,1.16314,1.16329,1.1631,1.16319,42.516831075853595,42.67573625808274,,,592
1768461600,1.16319,1.16319,1.16273,1.16277,33.54114637136816,42.131236093591575,,,580
1768461900,1.16277,1.16292,1.16259,1.16269,32.14895498834342,41.58625451387668,,,1148
1768462200,1.16269,1.16302,1.16266,1.16299,41.889660302336374,41.14538338731785,,,661
1768462500,1.16299,1.1631799999999999,1.16295,1.16311,45.27398749896616,41.05805732385449,,,524
1768462800,1.16311,1.16312,1.16282,1.1629,40.79621956184227,40.9284448256878,,,500
1768463100,1.1629,1.16294,1.16275,1.16279,38.64039946114736,40.64484517747148,,,385
1768463400,1.16279,1.16292,1.1627399999999999,1.16282,39.57817667510466,41.10015959297441,,,416
1768463700,1.16282,1.16297,1.16281,1.16287,41.19138891331634,41.554215115598204,,,638
1768464000,1.16287,1.16306,1.16275,1.16301,45.57319577103905,41.78042690815192,,,928
1768464300,1.16301,1.16305,1.16269,1.1628,40.67721743451358,41.508085529628964,,,554
1768464600,1.1628,1.16302,1.16279,1.1629099999999999,44.06688482307284,41.12591976393219,,,536
1768464900,1.1629099999999999,1.16315,1.16277,1.16314,50.44305541554565,41.22154665461816,,,491
1768465200,1.16314,1.16332,1.16311,1.16328,53.88879369023296,42.15899371304876,,,462
1768465500,1.16328,1.16348,1.16322,1.16339,56.45095090177998,43.154287986329216,,,576
1768465800,1.16339,1.16343,1.16309,1.16332,54.38018957435307,44.64279107225671,,,763
1768466100,1.16332,1.16353,1.1632,1.16353,59.21386290526135,46.575998780607996,,,585
1768466400,1.16353,1.16353,1.1631,1.16314,48.85990422757753,47.07387334669665,,,648
1768466700,1.16314,1.1633499999999999,1.16313,1.16332,52.94914891907541,47.62209916241874,,,424
1768467000,1.16332,1.1633499999999999,1.16294,1.16325,51.233433548032465,48.36761444714661,,,565
1768467300,1.16325,1.16328,1.16306,1.16307,47.01472692574122,48.9657806946176,,,562
1768467600,1.16307,1.16333,1.16304,1.16328,51.982449529216474,49.85180018419702,,,504
1768467900,1.16328,1.16343,1.16322,1.16339,54.39445286542013,50.79487618077586,,,436
1768468200,1.16339,1.16349,1.16315,1.1631799999999999,49.30277882169699,51.06127497010856,,,414
1768468500,1.1631799999999999,1.16344,1.16316,1.16324,50.72208134872182,51.778765249694864,,,1345
1768468800,1.16324,1.16338,1.16315,1.16336,53.524479038583834,52.454307693659935,,,881
1768469100,1.16336,1.16348,1.1631,1.16319,49.251332795887556,52.36918464939864,,,741
1768469400,1.16319,1.1633499999999999,1.16303,1.16333,52.6069597514304,52.277625082341316,,,772
1768469700,1.16333,1.1636,1.16329,1.16345,55.33324521279445,52.197788961699494,,,799
1768470000,1.16345,1.1637,1.1634,1.16365,59.51347969339245,52.56445254163088,,,667
1768470300,1.16365,1.16386,1.16353,1.16383,62.880498703263676,52.82635509863104,,,754
1768470600,1.16383,1.16398,1.16383,1.1639,64.12983319682539,53.91706431072017,,,699
1768470900,1.1639,1.16394,1.16345,1.16357,54.7708869093891,54.04718845288544,,,423
1768471200,1.16357,1.16372,1.16343,1.16348,52.51974583046978,54.13906790163096,,,481
1768471500,1.16348,1.16363,1.16328,1.16343,51.259261467256906,54.442248940310655,,,624
1768471800,1.16343,1.1637,1.16343,1.16364,56.03217734358948,54.73151521276587,,,417
1768472100,1.16364,1.16377,1.16355,1.16372,57.730326912139645,54.969791930388695,,,472
1768472400,1.16372,1.16392,1.16367,1.16389,61.16298422247361,55.816949459015596,,,523
1768472700,1.16389,1.1639,1.1637,1.16386,60.23338479914147,56.496328276902716,,,523
1768473000,1.16386,1.16404,1.16377,1.16402,63.42611137934369,57.20358772981414,,,678
1768473300,1.16402,1.16409,1.1637,1.16381,56.96195328144775,57.75434633592557,,,614
1768473600,1.16381,1.1639599999999999,1.16375,1.16388,58.480942862519434,58.17391655814622,,,386
1768473900,1.16388,1.16389,1.16363,1.16365,51.988289054486074,57.93499111826704,,,411
1768474200,1.16365,1.16368,1.16342,1.16365,51.988289054486074,57.397477501202296,,,514
1768474500,1.16365,1.16371,1.1635,1.16357,49.75976307029852,56.46028209884765,,,617
1768474800,1.16357,1.16372,1.1635,1.16354,48.91301816919297,55.37336673973105,,,487
1768475100,1.16354,1.16365,1.16349,1.16355,49.223190549966596,54.977102714058006,,,464
1768475400,1.16355,1.16378,1.16347,1.16375,55.09536235026601,55.16107532261488,,,285
1768475700,1.16375,1.16375,1.16333,1.16333,43.67311643395716,54.61920782023633,,,305
1768476000,1.16333,1.16341,1.16328,1.16339,45.414134612164396,53.860776196563116,,,473
1768476300,1.16339,1.16344,1.16328,1.16339,45.414134612164396,52.981048175136316,,,579
1768476600,1.16339,1.16354,1.16337,1.1635199999999999,49.34821983981504,52.137136433517846,,,334
1768476900,1.1635199999999999,1.16363,1.16341,1.1635199999999999,49.34821983981504,51.35962465070882,,,333
1768477200,1.1635199999999999,1.1635199999999999,1.16325,1.16334,44.229365273612174,49.98842850029941,,,490
1768477500,1.16334,1.16337,1.16311,1.16312,38.91605725936566,48.69943592729356,,,487
1768477800,1.16312,1.16329,1.16307,1.16321,41.9864117893943,47.52125513635605,,,598
1768478100,1.16321,1.16322,1.16301,1.16308,38.94159785650322,46.58934862221441,,,632
1768478400,1.16308,1.16322,1.16305,1.1631799999999999,42.40180578060994,45.90459981693755,,,505
1768478700,1.1631799999999999,1.16347,1.1631799999999999,1.1633499999999999,47.81593111192606,45.7657546770538,,,527
1768479000,1.1633499999999999,1.1633499999999999,1.16313,1.1633,46.433459428816164,45.58864333845546,,,527
1768479300,1.1633,1.1634,1.16329,1.16334,47.73532619906168,45.48236731339082,,,453
1768479600,1.16334,1.1633499999999999,1.16319,1.16321,43.99313559659497,44.68935111670003,,,285
1768479900,1.16321,1.16347,1.1631799999999999,1.1634,50.144784478006045,45.15161311984639,,,347
1768480200,1.1634,1.16349,1.16336,1.16343,51.05884888320848,45.55480699634954,,,260
1768480500,1.16343,1.16348,1.16323,1.16327,46.194346320453896,45.6105364040845,,,329
1768480800,1.16327,1.16331,1.16315,1.16319,43.94018997418356,45.2242485565394,,,264
1768481100,1.16319,1.16322,1.16275,1.16277,34.43879892710447,44.159289919917214,,,435
1768481400,1.16277,1.16298,1.1627399999999999,1.16275,34.06109692994016,43.432985038226356,,,450
1768481700,1.16275,1.16275,1.16202,1.16227,26.538421867788685,42.54886822454229,,,1182
1768482000,1.16227,1.1622999999999999,1.1617899999999999,1.16218,25.40543153432023,41.364512492037,,,1111
1768482300,1.16218,1.1624,1.1621,1.16239,32.632512648733595,40.91386354862488,,,801
1768482600,1.16239,1.16251,1.16222,1.16231,31.385032394442774,40.12695116389865,,,828
1768482900,1.16231,1.16236,1.16205,1.16216,29.135983952266457,38.79266922392297,,,784
1768483200,1.16216,1.16227,1.16176,1.1619,25.698429515540013,37.31159565868895,,,812
1768483500,1.1619,1.16201,1.16182,1.16193,26.771997795387023,35.81421505842648,,,621
1768483800,1.16193,1.16193,1.16064,1.16132,20.337411636683598,34.12452048986138,,,2256
1768484100,1.16132,1.16137,1.16053,1.16056,15.378190131749108,31.641192322271593,,,1851
1768484400,1.16056,1.16077,1.16029,1.16063,17.37662451119185,29.235319152841836,,,1235
1768484700,1.16063,1.16082,1.16046,1.16048,16.478565475060023,27.112763378170847,,,899
1768485000,1.16048,1.16048,1.15998,1.16014,14.632563243744556,25.01936146885377,,,1462
1768485300,1.16014,1.16016,1.15987,1.16014,14.632563243744556,23.604630348613775,,,1089
1768485600,1.16014,1.16014,1.1597,1.1597,12.526440717100726,22.066440619125242,,,1436
1768485900,1.1597,1.1605,1.15966,1.16047,31.191455114579114,22.398800136753128,,,1642
1768486200,1.16047,1.1608,1.16047,1.1607399999999999,36.32238458657912,23.178582497628764,,,785
1768486500,1.1607399999999999,1.16096,1.1605,1.1609,39.215001895404725,23.64876030096242,,,729
1768486800,1.1609,1.16107,1.16071,1.16071,37.061967529874714,24.05425566777899,,,719
1768487100,1.16071,1.16087,1.1605699999999999,1.16066,36.494131634782434,24.579837645101556,,,1183
1768487400,1.16066,1.16084,1.16021,1.16051,34.772892819254835,25.2280135953669,,,1112
1768487700,1.16051,1.16059,1.16004,1.16006,30.174885429298243,25.47107699778913,,,1137
1768488000,1.16006,1.16012,1.15929,1.15954,25.911143285818767,25.86920068701307,,,1316
1768488300,1.15954,1.16005,1.1594,1.15984,31.89051424832431,27.048652409625586,,,1660
1768488600,1.15984,1.16008,1.1597,1.16007,36.145383053658186,28.389278019801754,,,1079
1768488900,1.16007,1.16022,1.15991,1.16009,36.51676812606728,29.820578209159407,,,855
1768489200,1.16009,1.16034,1.1599599999999999,1.16022,39.000234835304155,31.5611261799851,,,1211
1768489500,1.16022,1.16071,1.16015,1.1605,44.0748791552237,33.66414874509075,,,1317
1768489800,1.1605,1.16058,1.16015,1.16021,40.33242546631857,35.65029051289203,,,1091
1768490100,1.16021,1.16038,1.16004,1.16031,42.15635331673609,36.43349752733181,,,981
1768490400,1.16031,1.16038,1.15991,1.15995,37.689728599907916,36.53116495685529,,,840
1768490700,1.15995,1.16016,1.1597,1.16006,39.78899321749024,36.57216433700426,,,1026
1768491000,1.16006,1.16015,1.1598,1.16001,39.143445139742234,36.720841309137654,,,884
1768491300,1.16001,1.16028,1.16001,1.16016,42.174481297522654,37.12658057076195,,,771
1768491600,1.16016,1.16055,1.16001,1.1605,48.442727287019885,38.10299731845946,,,797
1768491900,1.1605,1.16095,1.16049,1.16082,53.546599050753095,39.772405434277665,,,967
1768492200,1.16082,1.1609,1.16044,1.16045,47.67041752996039,41.32663930885921,,,877
1768492500,1.16045,1.16061,1.16007,1.16023,44.54055963065436,42.230213979025635,,,1934
1768492800,1.16023,1.16038,1.15991,1.15994,40.74312744189609,42.5586242924712,,,1208
1768493100,1.15994,1.16035,1.15982,1.16021,45.40972242800721,43.19383531403834,,,879
1768493400,1.16021,1.16055,1.1602,1.16053,50.39571341261504,44.00779806956054,,,797
1768493700,1.16053,1.16073,1.16051,1.16061,51.586214830871725,44.544322046392544,,,693
1768494000,1.16061,1.1609099999999999,1.1605,1.1609099999999999,55.86400593328468,45.65372065117584,,,662
1768494300,1.1609099999999999,1.16109,1.16084,1.16089,55.51185431125504,46.607685007927195,,,733
1768494600,1.16089,1.1609099999999999,1.16067,1.16086,54.95227807683071,47.84072425627882,,,856
1768494900,1.16086,1.16109,1.16079,1.16103,57.562829748664655,49.110284008505566,,,682
1768495200,1.16103,1.1611,1.1608,1.16081,53.26123827777936,50.118697804079645,,,481
1768495500,1.16081,1.16101,1.16072,1.16078,52.68308698787411,50.86931249624761,,,736
1768495800,1.16078,1.16079,1.16053,1.16058,48.874157376721236,50.90012893122628,,,770
1768496100,1.16058,1.16064,1.16045,1.16046,46.692844333778616,50.41057502287095,,,703
1768496400,1.16046,1.16066,1.16035,1.1606,49.523329522548366,50.54292587948438,,,575
1768496700,1.1606,1.1607399999999999,1.1604,1.16055,48.532196433940136,50.828042794004794,,,429
1768497000,1.16055,1.16098,1.16048,1.1609,55.27924707845518,51.86633705375902,,,560
1768497300,1.1609,1.16097,1.16069,1.16072,51.53736827262029,52.30402604265995,,,454
1768497600,1.16072,1.16101,1.16063,1.161,56.473140818997905,52.73812800025873,,,424
1768497900,1.161,1.16127,1.16097,1.16127,60.63639931761632,53.38456974931192,,,546
1768498200,1.16127,1.16131,1.16115,1.1613,61.0818203693788,53.757270780461496,,,585
1768498500,1.1613,1.16137,1.16108,1.16116,57.795131155943075,53.92036198365349,,,780
1768498800,1.16116,1.1611799999999999,1.16076,1.16077,49.762304310399074,53.54964957176553,,,700
1768499100,1.16077,1.16113,1.16076,1.16102,54.16052365734692,53.306627708099974,,,711
1768499400,1.16102,1.16102,1.16079,1.1608,50.01116036651434,53.07447928586676,,,697
1768499700,1.1608,1.1609099999999999,1.16066,1.16089,51.643308952149944,53.00020942617217,,,629
1768500000,1.16089,1.16145,1.16089,1.16144,60.196250192458955,53.80893034158201,,,900
1768500300,1.16144,1.16149,1.16136,1.16138,58.97087321631113,54.685932404620054,,,516
1768500600,1.16138,1.16141,1.16121,1.16127,56.69236312791643,55.19800623357491,,,492
1768500900,1.16127,1.16132,1.16112,1.1613,57.17831183902359,55.81558590536658,,,333
1768501200,1.1613,1.16131,1.161,1.16101,51.19779606008622,55.5240536897688,,,445
1768501500,1.16101,1.16121,1.16101,1.1611799999999999,54.220619817896576,55.71571451443139,,,586
1768501800,1.1611799999999999,1.16136,1.16109,1.1613499999999999,57.083371456911316,55.759302417139494,,,649
1768502100,1.1613499999999999,1.16142,1.16131,1.16134,56.85813321836402,55.489426267192904,,,643
1768502400,1.16134,1.16148,1.16125,1.16146,58.95127253114297,55.33724427874749,,,360
1768502700,1.16146,1.1615,1.16133,1.16141,57.69520677136935,55.330106822706504,,,285
1768503000,1.16141,1.16149,1.16131,1.16136,56.40103783440363,55.804302074421116,,,368
1768503300,1.16136,1.1615199999999999,1.1613,1.16148,58.79021061062084,56.13499399965497,,,428
1768503600,1.16148,1.16151,1.1613499999999999,1.16138,56.03451974007597,56.565233954909374,,,368
1768503900,1.16138,1.16144,1.16112,1.16141,56.690386658653495,56.925739505373905,,,508
1768504200,1.16141,1.16151,1.16139,1.16142,56.92107845748728,56.69179866716165,,,435
1768504500,1.16142,1.16173,1.16142,1.16171,63.06527864509634,56.98425619778916,,,433
1768504800,1.16171,1.16174,1.16158,1.16165,61.12286303604346,57.300720476941095,,,414
1768505100,1.16165,1.16172,1.16161,1.16165,61.12286303604346,57.58247413387109,,,265
1768505400,1.16165,1.16169,1.16141,1.16145,54.619370543022555,57.82687231122368,,,554
1768505700,1.16145,1.16146,1.16132,1.1613499999999999,51.65966034625724,57.64394663467802,,,456
1768506000,1.1613499999999999,1.1615,1.16134,1.16142,53.55683380689846,57.39205108824853,,,582
1768506300,1.16142,1.16145,1.16127,1.16133,50.79650795187337,56.95907785492776,,,435
1768506600,1.16133,1.16147,1.16126,1.16131,50.17759795726513,56.33238681393649,,,410
1768506900,1.16131,1.16137,1.16122,1.16137,52.06453128427159,55.930195707715214,,,646
1768507200,1.16137,1.16147,1.16125,1.16142,53.64024200774981,55.732996005811366,,,624
1768507500,1.16142,1.16154,1.16137,1.1615,56.125309803051266,55.54264594812782,,,244
1768507800,1.1615,1.1615,1.16133,1.16133,49.992675364430305,55.111085635581695,,,646
1768508100,1.16133,1.16138,1.16115,1.16116,44.72929167350844,54.25672170807134,,,350
1768508400,1.16116,1.16123,1.1609,1.1609,38.11914738053042,52.91372663114585,,,531
1768508700,1.1609,1.1609,1.1605699999999999,1.1607,33.96150459910466,50.83488562786073,,,601
1768509000,1.1607,1.16073,1.16028,1.16047,29.91995876056039,48.606106751040514,,,588
1768509300,1.16047,1.16048,1.16029,1.16047,29.91995876056039,46.37732787422029,,,670
1768509600,1.16047,1.16051,1.16034,1.1604,28.713836374363936,44.526932576458954,,,520
1768509900,1.1604,1.16056,1.16039,1.16048,32.08346869467192,43.12863317277429,,,560
1768510200,1.16048,1.16065,1.16048,1.16053,34.17765503724067,41.74440611779874,,,602
1768510500,1.16053,1.1606,1.16039,1.16042,31.85080895029894,40.39114190340057,,,422
1768510800,1.16042,1.16051,1.16032,1.16045,33.186792074265085,39.17751291175771,,,378
1768511100,1.16045,1.16051,1.16041,1.1605,35.45779401441166,37.991317392482,,,217
1768511400,1.1605,1.16055,1.16043,1.16049,35.20009444739554,36.67416399531384,,,234
1768511700,1.16049,1.16061,1.16046,1.1606,40.336813239275834,35.54641424075845,,,137
1768512000,1.1606,1.1607399999999999,1.16059,1.16072,45.41980863666398,35.21978090306086,,,127
1768512300,1.16072,1.16088,1.16069,1.16078,47.81380554887985,35.440103322730245,,,230
1768512600,1.16078,1.16102,1.16073,1.16092,52.9946149503067,36.5026367205714,,,283
1768512900,1.16092,1.16092,1.16077,1.16077,47.548050928073756,37.473104315497764,,,114
1768513200,1.16077,1.16083,1.16067,1.16081,49.051792467311266,38.839663865979965,,,180
1768513500,1.16081,1.16101,1.16076,1.16096,54.33841714883779,40.583839465142646,,,213
1768513800,1.16096,1.16106,1.1609099999999999,1.1609099999999999,52.38705886905947,42.27478392904947,,,167
1768514100,1.1609099999999999,1.1611,1.16082,1.16082,48.97760539521524,43.481507979088285,,,270
1768514400,1.16082,1.16082,1.1608,1.1608,48.22646971385358,44.48499474170349,,,1
1768514700,1.1608,1.1608,1.1605,1.16062,41.98555889664381,45.20890545215669,,,19
1768515000,1.16062,1.16066,1.1605699999999999,1.16062,41.98555889664381,45.83738879661232,,,28
1768515300,1.16062,1.1607,1.16055,1.16059,40.96096721815583,46.23047259687975,,,53
1768515600,1.16059,1.16063,1.16054,1.16056,39.91205379020484,46.56704112136613,,,328
1768515900,1.16056,1.16072,1.16055,1.16064,44.0282118156464,46.83071244824975,,,186
1768516200,1.16064,1.16068,1.16062,1.16064,44.0282118156464,46.73131267531992,,,105
1768516500,1.16064,1.1607399999999999,1.16062,1.16072,48.147689540266654,46.75516153184755,,,105
1768516800,1.16072,1.1607399999999999,1.16069,1.1607399999999999,49.15518782691678,46.480916737319696,,,62
1768517100,1.1607399999999999,1.16078,1.16067,1.16075,49.68163813639994,46.633315823628706,,,146
1768517400,1.16075,1.1608,1.16067,1.16078,51.31038291029073,46.79464371241295,,,133
1768517700,1.16078,1.16079,1.16064,1.16065,44.57685389142679,46.09738919402645,,,156
1768518000,1.16065,1.16096,1.16063,1.16087,55.27387326593907,46.303590222375,,,162
1768518300,1.16087,1.1609,1.16082,1.16084,53.750394106584466,46.64450370175852,,,78
1768518600,1.16084,1.1609099999999999,1.16082,1.16085,54.20351304315031,47.07143536813685,,,82
1768518900,1.16085,1.1609,1.16085,1.16085,54.2035130431503,47.944146378601594,,,101
1768519200,1.16085,1.16085,1.16078,1.16083,52.9991092651668,48.730828547781805,,,49
1768519500,1.16083,1.16088,1.16081,1.16085,54.09752182525091,49.66915387686002,,,91
1768519800,1.16085,1.16086,1.16078,1.16081,51.50499402596901,50.49722103655746,,,75
1768520100,1.16081,1.16088,1.16079,1.16085,53.88497342468752,51.20127543720326,,,92
1768520400,1.16085,1.16088,1.1607399999999999,1.16088,55.64322918636624,52.03091953511182,,,111
1768520700,1.16088,1.16103,1.16084,1.16084,52.75503164562534,52.360015399780295,,,118
1768521000,1.16084,1.16087,1.16076,1.16084,52.755031645625344,52.61714710111663,,,87
1768521300,1.16084,1.16092,1.16079,1.1609099999999999,57.25779296921444,53.15830101774623,,,95
1768521600,1.1609099999999999,1.16095,1.16075,1.16075,46.37756625066844,52.805956970630355,,,297
1768521900,1.16075,1.16083,1.16067,1.16075,46.37756625066844,52.93457928200477,,,235
1768522200,1.16075,1.16085,1.16071,1.16084,52.2916761842532,52.72156520474148,,,213
1768522500,1.16084,1.16085,1.16066,1.16073,45.662795173438866,52.143879566659656,,,200
1768522800,1.16073,1.16075,1.16067,1.16072,45.10303063358925,51.49384510883387,,,129
1768523100,1.16072,1.16075,1.16067,1.1607,43.94279748047934,50.760936854357375,,,127
1768523400,1.1607,1.16072,1.16064,1.16066,41.635930763711855,49.94928124711059,,,166
1768523700,1.16066,1.16068,1.16056,1.16062,39.40798937045732,48.90002892891105,,,162
1768524000,1.16062,1.16067,1.16055,1.16056,36.272609089466926,47.8120014334466,,,151
1768524300,1.16056,1.16056,1.16027,1.16031,26.729818448480273,45.87234750657466,,,275
1768524600,1.16031,1.16058,1.16029,1.16037,31.394796275391073,44.14031658436215,,,702
1768524900,1.16037,1.1605699999999999,1.16029,1.16037,31.394796275391073,42.614585486488274,,,925
1768525200,1.16037,1.16041,1.16022,1.16028,28.26424818324844,40.865243810604206,,,616
1768525500,1.16028,1.16054,1.16025,1.16046,40.94714090328913,39.70019723446668,,,413
1768525800,1.16046,1.16061,1.16046,1.1606,48.56421607935625,39.85638650794438,,,318
1768526100,1.1606,1.16064,1.16042,1.16045,42.27270131082562,39.563181869384174,,,382
1768526400,1.16045,1.16056,1.16042,1.16055,47.185049467260725,39.198422818170435,,,336
1768526700,1.16055,1.16061,1.16051,1.16056,47.664658823688,39.34141307890251,,,229
1768527000,1.16056,1.16068,1.1605,1.16056,47.664658823688,39.52438652105242,,,281
1768527300,1.16056,1.16065,1.16053,1.16064,51.73147162043829,40.08072038819235,,,192
1768527600,1.16064,1.16072,1.1606,1.16067,53.2001264982903,40.90673436923367,,,226
1768527900,1.16067,1.16084,1.1606,1.16084,60.529127349171056,42.41538708199893,,,269
1768528200,1.16084,1.16086,1.16073,1.16078,57.128641276847475,43.905103666811826,,,281
1768528500,1.16078,1.16079,1.1606,1.16069,52.375500109085536,45.73693807114078,,,408
1768528800,1.16069,1.16082,1.16064,1.16078,56.29178743998985,47.51529458289783,,,312
1768529100,1.16078,1.16088,1.1607,1.1608,57.13534671405927,49.35390532851699,,,315
1768529400,1.1608,1.1608,1.16065,1.16071,52.24855283646279,51.06706994660373,,,344
1768529700,1.16071,1.16093,1.16062,1.16086,58.60355412513792,52.328242319592924,,,430
1768530000,1.16086,1.16098,1.16084,1.1609099999999999,60.491058339276265,53.18015962387292,,,287
1768530300,1.1609099999999999,1.16097,1.16078,1.1609099999999999,60.491058339276265,54.48147084019082,,,311
1768530600,1.1609099999999999,1.16104,1.16088,1.16102,64.60840179791947,55.72599600666645,,,221
1768530900,1.16102,1.16128,1.16101,1.16123,70.85326471688171,57.382324999037436,,,327
1768531200,1.16123,1.16141,1.1611799999999999,1.1614,74.73911145446975,59.3162144726647,,,1013
1768531500,1.1614,1.1614,1.16119,1.16121,64.40435290052301,60.22142027838504,,,392
1768531800,1.16121,1.16126,1.16102,1.16102,56.05669610233572,60.42546096438828,,,296
1768532100,1.16102,1.16106,1.16084,1.16095,53.31494844925932,59.91016247153744,,,387
1768532400,1.16095,1.161,1.16087,1.16096,53.6636137963647,59.66266050864582,,,442
1768532700,1.16096,1.16104,1.16092,1.161,55.107875117588414,59.85783015211031,,,361
1768533000,1.161,1.16107,1.16094,1.16096,53.31816179023042,59.64542831998464,,,176
1768533300,1.16096,1.16096,1.1607399999999999,1.16076,45.38203712979546,58.80590620682294,,,212
1768533600,1.16076,1.16081,1.16069,1.16076,45.382037129795464,58.315440799203834,,,314
1768533900,1.16076,1.16089,1.16072,1.16088,50.508144154970076,57.73719722990614,,,224
1768534200,1.16088,1.1609,1.16082,1.16085,49.26334087381768,56.9352174109448,,,169
1768534500,1.16085,1.16096,1.16085,1.16095,53.38723587355983,56.427801520536484,,,138
1768534800,1.16095,1.16112,1.16094,1.16109,58.475846694508924,55.989761870292874,,,321
1768535100,1.16109,1.16115,1.16098,1.1611,58.821642757653365,55.130360301776555,,,242
1768535400,1.1611,1.16122,1.1611,1.16115,60.5888716979508,54.11962889059664,,,239
1768535700,1.16115,1.16124,1.16115,1.1612,62.32989779055414,53.97145352559887,,,271
1768536000,1.1612,1.16125,1.1611799999999999,1.16121,62.68494424926346,54.444899821807994,,,159
1768536300,1.16121,1.16121,1.16108,1.16109,55.87879667656522,54.62803183804412,,,118
1768536600,1.16109,1.16112,1.161,1.16112,57.131928490929354,54.8757686019416,,,130
1768536900,1.16112,1.16123,1.16111,1.1611799999999999,59.60314953277341,55.19685963159766,,,173
1768537200,1.1611799999999999,1.1611799999999999,1.1611,1.16112,56.11918530059031,55.39693273948051,,,182
1768537500,1.16112,1.16127,1.1611,1.16127,62.08583648442056,56.59006126481088,,,144
1768537800,1.16127,1.16131,1.16122,1.1613,63.1646236177549,57.860246013950835,,,234
1768538100,1.1613,1.16136,1.16127,1.16128,61.9001225158368,58.67395875401275,,,254
1768538400,1.16128,1.16128,1.16117,1.16122,58.139802635586456,59.307991736996236,,,184
1768538700,1.16122,1.16127,1.1612,1.16121,57.51271164744085,59.60266857798773,,,82
1768539000,1.16121,1.16122,1.16112,1.16116,54.355833259622244,59.30838190406725,,,116
1768539300,1.16116,1.16117,1.16108,1.16109,50.201304858903065,58.692643482727945,,,172
1768539600,1.16109,1.16111,1.16104,1.16107,49.04781993615553,57.868282642599716,,,254
1768539900,1.16107,1.16109,1.16105,1.16108,49.67051311299341,56.9640408799168,,,109
1768540200,1.16108,1.16108,1.16075,1.16077,35.277410721308215,55.00635991363429,,,338
1768540500,1.16077,1.16086,1.1607399999999999,1.16085,40.10118498226623,53.87938764975579,,,158
1768540800,1.16085,1.16102,1.1608,1.16096,46.05468312684186,53.088155838035256,,,191
1768541100,1.16096,1.16101,1.16094,1.16096,46.05468312684186,52.12040823761157,,,184
1768541400,1.16096,1.16107,1.16093,1.16101,48.740492040384545,51.593358719025446,,,393
1768541700,1.16101,1.1611,1.16098,1.16104,50.33813710696142,50.75423733492122,,,346
1768542000,1.16104,1.16105,1.16089,1.16092,44.37966919383184,49.41245487606958,,,317
1768542300,1.16092,1.16093,1.16084,1.16087,42.141363054147384,48.00111491452033,,,422
1768542600,1.16087,1.16087,1.16069,1.16076,37.643254303541205,46.537075747945664,,,414
1768542900,1.16076,1.16077,1.16059,1.16066,34.08173675658975,44.86343468431345,,,459
1768543200,1.16066,1.16081,1.16064,1.16078,41.2633649754882,43.92825837830387,,,313
1768543500,1.16078,1.16085,1.1607399999999999,1.16076,40.47194917573098,43.233304400934436,,,255
1768543800,1.16076,1.16087,1.1607399999999999,1.16086,46.04422607055983,43.018761981963316,,,275
1768544100,1.16086,1.16093,1.16077,1.16077,42.214240000370914,42.48617104534742,,,240
1768544400,1.16077,1.16087,1.16076,1.16077,42.214240000370914,42.981658850994755,,,246
1768544700,1.16077,1.16086,1.16063,1.16083,45.706057243417575,43.38200686964842,,,358
1768545000,1.16083,1.16084,1.1606,1.16061,36.90111881422114,42.72818084731837,,,364
1768545300,1.16061,1.16066,1.16055,1.16056,35.23956244924794,41.95567222749024,,,294
1768545600,1.16056,1.16062,1.16049,1.16049,32.999328539563436,40.831303406003016,,,408
1768545900,1.16049,1.16055,1.16044,1.16046,32.05870312806604,39.525629550367626,,,462
1768546200,1.16046,1.16065,1.16042,1.16064,42.625974492121195,39.40036564310258,,,223
1768546500,1.16064,1.16097,1.16061,1.16092,54.48510356991443,40.2820613942288,,,339
1768546800,1.16092,1.16123,1.16079,1.16089,53.21591282431211,41.39439414571243,,,503
1768547100,1.16089,1.16111,1.16087,1.16098,56.49037791809704,42.99501137153438,,,480
1768547400,1.16098,1.16143,1.16095,1.16137,67.2027642654229,44.847825606529746,,,584
1768547700,1.16137,1.16141,1.1611,1.16112,57.43994947406536,46.059825627839345,,,492
1768548000,1.16112,1.16117,1.16089,1.16113,57.70463207584577,46.892711771074055,,,502
1768548300,1.16113,1.16125,1.16101,1.16125,60.851002392336575,48.22390908478589,,,512
1768548600,1.16125,1.16125,1.16092,1.16093,50.13949889669898,48.78999900595219,,,678
1768548900,1.16093,1.16127,1.16089,1.16096,51.01015120533806,49.16886286037508,,,1760
1768549200,1.16096,1.16134,1.16092,1.16131,59.82434435186425,50.80623611306387,,,651
1768549500,1.16131,1.16147,1.16106,1.16121,56.68621690556209,52.33814000280059,,,741
1768549800,1.16121,1.16146,1.16119,1.16136,60.069751240060505,54.27174162426467,,,575
1768550100,1.16136,1.1614,1.16107,1.1612,55.12330674990665,55.919213311538996,,,887
1768550400,1.1612,1.16142,1.16101,1.16115,53.6369066209584,56.705708463598796,,,801
1768550700,1.16115,1.16124,1.16095,1.16116,53.904621516849495,56.66424545980844,,,893
1768551000,1.16116,1.16124,1.16096,1.16107,51.04766764370037,56.509370804050455,,,624
1768551300,1.16107,1.16147,1.16099,1.16138,59.0904419688722,56.69508966482011,,,776
1768551600,1.16138,1.16138,1.16083,1.16101,48.78741149993136,55.379707324427855,,,783
1768551900,1.16101,1.16112,1.1609099999999999,1.16096,47.580081774080625,54.67543106014324,,,715
1768552200,1.16096,1.16127,1.16093,1.16121,53.74379975177385,54.39251446556667,,,853
1768552500,1.16121,1.1614,1.16114,1.16125,54.662364869523905,53.950468928222904,,,643
1768552800,1.16125,1.16129,1.16105,1.16106,49.62167784903326,53.913481710532494,,,411
1768553100,1.16106,1.16121,1.16103,1.16121,53.284256210711575,54.07591778234489,,,377
1768553400,1.16121,1.16127,1.16099,1.16117,52.19451958842171,53.530930299241845,,,472
1768553700,1.16117,1.16126,1.16092,1.16092,45.879099755266225,52.758993359935,,,544
1768554000,1.16092,1.16113,1.1608,1.16108,50.04510692603287,52.04294733750446,,,652
1768554300,1.16108,1.16122,1.16106,1.1611,50.557437961183055,51.71681385259563,,,301
1768554600,1.1611,1.16127,1.16108,1.16123,53.869218024947195,51.73340752430911,,,389
1768554900,1.16123,1.16128,1.16109,1.16114,51.30697246480476,51.54786116344877,,,420
1768555200,1.16114,1.16146,1.16114,1.16137,56.94323810325425,51.96897333913119,,,264
1768555500,1.16137,1.1615199999999999,1.16124,1.16126,53.739424653518874,51.58675781660595,,,519
1768555800,1.16126,1.1613,1.16116,1.1612,52.02017050750965,51.817669174290124,,,410
1768556100,1.1612,1.16132,1.16111,1.16122,52.56493649290244,52.17373022563453,,,470
1768556400,1.16122,1.16128,1.1611,1.16111,49.25264739736452,51.852933628891016,,,368
1768556700,1.16111,1.1611799999999999,1.16101,1.16101,46.39074116677516,51.26210336440896,,,438
1768557000,1.16101,1.16113,1.16093,1.16113,50.13517410742105,51.298781668579515,,,431
1768557300,1.16113,1.16114,1.16081,1.16083,42.19958571312555,50.50701949018052,,,638
1768557600,1.16083,1.16117,1.16083,1.16103,48.09774207916389,50.21439252523352,,,493
1768557900,1.16103,1.1611,1.1609,1.16094,45.83129960614239,50.21097822886753,,,412
1768558200,1.16094,1.1611,1.16081,1.16098,47.02606977760161,49.995332718265296,,,439
1768558500,1.16098,1.16119,1.16095,1.16101,47.9532738254573,49.809320994284896,,,635
1768558800,1.16101,1.16115,1.16086,1.16102,48.2782486920809,49.4099660419373,,,644
1768559100,1.16102,1.16145,1.16101,1.16143,59.45594043783552,49.99203518286807,,,591
1768559400,1.16143,1.16168,1.16122,1.16166,64.13804902941675,50.50595024902254,,,521
1768559700,1.16166,1.16172,1.16153,1.16157,61.161639239420744,51.03610843372981,,,543
1768560000,1.16157,1.16176,1.16155,1.16162,62.210834825961676,51.764013027904966,,,339
1768560300,1.16162,1.16168,1.16147,1.16148,57.52492088474792,52.1182976273225,,,443
1768560600,1.16148,1.16155,1.1614,1.16142,55.592282148405914,52.57112868096832,,,423
1768560900,1.16142,1.16153,1.16127,1.1613,51.840976085422575,52.96043117515742,,,548
1768561200,1.1613,1.16158,1.16127,1.16151,57.27445892190029,53.47038009047736,,,754
1768561500,1.16151,1.16153,1.16137,1.16147,55.97891984324155,54.454618242628506,,,327
1768561800,1.16147,1.16188,1.16147,1.16188,64.7743500431917,55.64580452577336,,,550
1768562100,1.16188,1.16215,1.16186,1.16202,67.18532842357878,57.171092298447384,,,776
1768562400,1.16202,1.1621,1.16197,1.16208,68.19018334729367,58.682814696282534,,,323
1768562700,1.16208,1.16209,1.16188,1.16195,63.64280195915094,59.80349527726065,,,436
1768563000,1.16195,1.16222,1.1618,1.16218,67.7415580616267,61.193731660799635,,,474
1768563300,1.16218,1.16222,1.16201,1.16221,68.2444326029744,61.8214811011667,,,293
1768563600,1.16221,1.16222,1.16191,1.16209,63.95003989688485,61.808051877414414,,,360
1768563900,1.16209,1.16233,1.16208,1.16226,67.10780449061852,62.23277796678569,,,234
1768564200,1.16226,1.16228,1.162,1.16206,60.404207310804495,62.103733144274464,,,478
1768564500,1.16206,1.16209,1.16191,1.16191,55.8944851534646,61.987273449182794,,,625
1768564800,1.16191,1.16222,1.16191,1.16206,59.17675863956392,62.243307484265515,,,683
1768565100,1.16206,1.16215,1.16198,1.16203,58.24319963366543,62.70060916628286,,,513
1768565400,1.16203,1.16212,1.1619,1.16202,57.915220103520326,62.746377822112855,,,628
1768565700,1.16202,1.1621299999999999,1.16192,1.1621,59.86249197254607,63.02377583134889,,,567
1768566000,1.1621,1.16212,1.16183,1.16187,52.361236510144494,62.13712486470267,,,539
1768566300,1.16187,1.16191,1.16164,1.16166,46.61738487720525,60.6679860399617,,,474
1768566600,1.16166,1.16166,1.16153,1.16157,44.37091991041367,58.96661008018456,,,594
1768566900,1.16157,1.16181,1.16155,1.16177,50.12299183167771,58.00090935679361,,,548
1768567200,1.16177,1.16186,1.16172,1.16174,49.29953433275955,56.683621947588826,,,448
1768567500,1.16174,1.16188,1.16166,1.16171,48.44246661984209,55.26919580593651,,,280
1768567800,1.16171,1.16171,1.16136,1.16138,40.16973946040647,53.570602917616625,,,708
1768568100,1.16138,1.16201,1.1613499999999999,1.16191,53.81228817252979,52.62092318061029,,,998
1768568400,1.16191,1.16211,1.16181,1.16182,51.65819173639161,51.996207782437935,,,854
1768568700,1.16182,1.16203,1.16165,1.16165,47.768490077645104,51.415779562736546,,,688
1768569000,1.16165,1.16173,1.16141,1.16154,45.38706126826839,50.43080117907258,,,752
1768569300,1.16154,1.16155,1.16115,1.16124,39.59015190069866,49.09844062671781,,,788
1768569600,1.16124,1.16146,1.1611799999999999,1.1614,43.71882957024234,48.08441273148367,,,701
1768569900,1.1614,1.16181,1.16138,1.1616,48.46056765892656,47.269989566225135,,,659
1768570200,1.1616,1.16192,1.16155,1.16174,51.5384663359696,47.21122026806979,,,627
1768570500,1.16174,1.1619,1.16166,1.1618,52.838370655437394,47.655576395086364,,,548
1768570800,1.1618,1.16195,1.16165,1.16185,53.94697314542564,48.33958019758722,,,690
1768571100,1.16185,1.1619,1.16168,1.1618,52.61504236095011,48.51758380682095,,,595
1768571400,1.1618,1.16187,1.16165,1.16174,50.98818289437173,48.63820156122183,,,481
1768571700,1.16174,1.16195,1.16172,1.16185,53.808073789678765,49.021459216210154,,,551
1768572000,1.16185,1.1619,1.1614,1.16155,46.02979056250651,49.440034294931586,,,735
1768572300,1.16155,1.16184,1.16154,1.16161,47.65942238761296,49.00054388172324,,,601
1768572600,1.16161,1.16171,1.1615,1.16155,46.15845471531692,48.60770552307505,,,483
1768572900,1.16155,1.16156,1.16124,1.16142,42.99869116069756,48.26700560043594,,,534
1768573200,1.16142,1.16157,1.16125,1.16129,40.04644873381049,47.88553327654609,,,502
1768573500,1.16129,1.16169,1.16126,1.16149,46.1698623812456,48.35551259658515,,,869
1768573800,1.16149,1.16161,1.16138,1.16161,49.50247411428656,48.76863006401688,,,1177
1768574100,1.16161,1.16172,1.16138,1.16146,45.69430682081987,48.57104000415212,,,926
1768574400,1.16146,1.16165,1.16139,1.16155,48.265898196124986,48.337285137020366,,,984
1768574700,1.16155,1.16188,1.16147,1.1618,54.685084185066266,48.469193246279566,,,909
1768575000,1.1618,1.16206,1.1618,1.16198,58.662194547216544,48.80599477497891,,,996
1768575300,1.16198,1.16201,1.16163,1.16181,53.85477748503092,48.894547283841824,,,1386
1768575600,1.16181,1.1622999999999999,1.16181,1.16225,62.43543064306747,49.712207837320086,,,1008
1768575900,1.16225,1.16251,1.16225,1.16247,65.85431291886857,50.57265348940507,,,767
1768576200,1.16247,1.16251,1.16221,1.1625,66.3046717477724,52.02085928835264,,,676
1768576500,1.1625,1.16273,1.16158,1.16195,52.605855731996115,52.374175955808575,,,2025
1768576800,1.16195,1.16225,1.16042,1.16052,33.32666525544697,51.457619565817865,,,4441
1768577100,1.16052,1.16078,1.16017,1.16025,31.015426198027072,50.601672068484255,,,3033
1768577400,1.16025,1.16048,1.16001,1.16035,32.872272150265985,50.08923088394537,,,2224
1768577700,1.16035,1.16038,1.15916,1.15918,24.547079902315573,48.544746421164646,,,2169
1768578000,1.15918,1.15947,1.15843,1.15894,23.24651376401401,46.66932068185946,,,2971
1768578300,1.15894,1.1594,1.15889,1.15928,28.986683818711427,45.475919038851714,,,2188
1768578600,1.15928,1.15978,1.15899,1.15922,28.58047153296009,44.069817134339935,,,1857
1768578900,1.15922,1.1597,1.15903,1.15934,30.673001087153366,42.354668341631864,,,2251
1768579200,1.15934,1.16011,1.15934,1.15997,40.52516939748183,41.05916654522225,,,1484
1768579500,1.15997,1.16031,1.15947,1.16027,44.56513619222168,40.39562073859302,,,1143
1768579800,1.16027,1.16054,1.16025,1.16052,47.75030033230935,39.34668285925314,,,868
1768580100,1.16052,1.16053,1.15965,1.15983,40.78495592328512,37.556014502425754,,,1280
1768580400,1.15983,1.16007,1.15962,1.15992,41.97391755712329,35.81810348880796,,,1051
1768580700,1.15992,1.16012,1.1598,1.15984,41.18236594417657,35.00213993253514,,,952
1768581000,1.15984,1.15989,1.15959,1.1598,40.7683872858167,35.533691506132975,,,928
1768581300,1.1598,1.15994,1.1596899999999999,1.15974,40.11695310462701,36.18380057089011,,,937
1768581600,1.15974,1.16037,1.15974,1.16034,48.90875994119319,37.32926398452777,,,1007
1768581900,1.16034,1.16058,1.16009,1.1601,45.999566108991985,38.86158442786179,,,877
1768582200,1.1601,1.1602,1.15993,1.15994,44.11560609405132,40.35223388000731,,,894
1768582500,1.15994,1.15995,1.15967,1.15982,42.70299621040906,41.331970479414295,,,1187
1768582800,1.15982,1.15997,1.15968,1.1599599999999999,44.91896458897301,42.49900569770092,,,1164
1768583100,1.1599599999999999,1.16012,1.15972,1.16011,47.271960525363696,43.68464565757309,,,938
1768583400,1.16011,1.16028,1.1601,1.16025,49.442780085811584,44.32161784959664,,,605
1768583700,1.16025,1.16028,1.16007,1.1601,47.20056531436897,44.50986278689288,,,645
1768584000,1.1601,1.16028,1.16009,1.1601,47.200565314368966,44.470595999897135,,,597
1768584300,1.1601,1.1601,1.15979,1.1599,44.107461517237276,44.70791782803658,,,1118
1768584600,1.1599,1.16004,1.15968,1.16001,46.19584607539399,45.009484150770206,,,897
1768584900,1.16001,1.16021,1.1599,1.15991,44.56561726783991,45.2511449596033,,,598
1768585200,1.15991,1.15992,1.1596,1.15962,40.14154325459208,45.206370385944396,,,629
1768585500,1.15962,1.15978,1.15961,1.15972,42.26974416822299,45.360141176201246,,,584
1768585800,1.15972,1.15987,1.15949,1.15958,40.11918248666961,44.73231421516385,,,719
1768586100,1.15958,1.15962,1.15948,1.15955,39.65361465167792,44.27903196821285,,,490
1768586400,1.15955,1.15957,1.15927,1.1593,35.9134442533947,43.693163265308804,,,548
1768586700,1.1593,1.15938,1.15904,1.15904,32.482053999086176,42.96309596450003,,,496
1768587000,1.15904,1.15911,1.15893,1.1591,34.0480944987839,42.18660524377224,,,457
1768587300,1.1591,1.15926,1.15904,1.15922,37.186103472146414,41.46618688282815,,,367
1768587600,1.15922,1.15936,1.15904,1.1593499999999999,40.48954694348557,40.826670229804854,,,503
1768587900,1.1593499999999999,1.1595199999999999,1.1593499999999999,1.15949,43.910611108174855,40.59167350079099,,,520
1768588200,1.15949,1.15953,1.15943,1.15951,44.40232360722592,40.39179909313791,,,310
1768588500,1.15951,1.15962,1.1593499999999999,1.15961,46.9084922205965,40.59187271480642,,,439
1768588800,1.15961,1.15972,1.15959,1.15971,49.36646234723302,40.81834530565207,,,420
1768589100,1.15971,1.15992,1.1597,1.15981,51.7710680289464,41.33302036001682,,,535
1768589400,1.15981,1.15985,1.15964,1.15974,49.981701309811754,42.03588879253251,,,522
1768589700,1.15974,1.15978,1.15954,1.15955,45.395383320153435,42.25914873195611,,,621
1768590000,1.15955,1.15961,1.15934,1.15948,43.80073950245369,42.52211709022641,,,789
1768590300,1.15948,1.15968,1.15939,1.15942,42.42507503863939,42.720078546437946,,,529
1768590600,1.15942,1.15944,1.1592,1.15925,38.71492204075531,42.920184102677986,,,399
1768590900,1.15925,1.15932,1.15915,1.15932,41.002807851671506,43.52880937786265,,,271
1768591200,1.15932,1.15958,1.15932,1.15956,48.14986679037536,44.53607882726204,,,401
1768591500,1.15956,1.15956,1.15943,1.15946,45.66744173598919,45.141888703250814,,,483
1768591800,1.15946,1.1595199999999999,1.15937,1.1595199999999999,47.41908291403435,45.63685555829001,,,353
1768592100,1.1595199999999999,1.15971,1.15946,1.15953,47.721593631088425,45.90906859564098,,,649
1768592400,1.15953,1.15959,1.15945,1.1595199999999999,47.42774090064582,46.12516983088526,,,358
1768592700,1.1595199999999999,1.15967,1.1595199999999999,1.15961,50.38863684575933,46.37375158982547,,,417
1768593000,1.15961,1.15974,1.15961,1.1596899999999999,52.92653856985145,46.62804274858393,,,333
1768593300,1.1596899999999999,1.15972,1.15954,1.15964,51.1648464314898,46.58474120590846,,,488
1768593600,1.15964,1.15977,1.15962,1.15976,55.03334985041105,46.945573244522684,,,304
1768593900,1.15976,1.15988,1.15972,1.15985,57.73738738100448,47.82714496315491,,,232
1768594200,1.15985,1.15997,1.15982,1.1599599999999999,60.837169122963886,49.044032793191356,,,189
1768594500,1.1599599999999999,1.1599599999999999,1.15983,1.15991,58.72860664203458,50.208570764862436,,,257
1768594800,1.15991,1.15998,1.15988,1.1599599999999999,60.213640525484685,51.74419351377168,,,192
1768595100,1.1599599999999999,1.16002,1.15991,1.16001,61.69784956613853,53.222410779090744,,,204
1768595400,1.16001,1.16001,1.15983,1.16,61.20607048905642,54.154996757567964,,,276
1768595700,1.16,1.16003,1.15986,1.1599599999999999,59.174285634172215,55.119771321723896,,,230
1768596000,1.1599599999999999,1.1599599999999999,1.15953,1.15981,52.179149544377836,55.45977608103414,,,353
1768596300,1.15981,1.16006,1.1598,1.16006,60.54958661499957,56.376061294170654,,,207
1768596600,1.16006,1.16023,1.16006,1.16022,64.79656926809412,57.61669189184554,,,282
1768596900,1.16022,1.16023,1.15991,1.15993,53.54505454815941,57.842150299159826,,,231
1768597200,1.15993,1.16016,1.1599,1.16009,57.88969675986325,58.19666159844639,,,263
1768597500,1.16009,1.16018,1.16008,1.16014,59.17464816660623,58.76879029381185,,,96
1768597800,1.16014,1.16022,1.16004,1.16006,56.21878415266896,58.853464172544555,,,127
1768598100,1.16006,1.16019,1.16003,1.16016,58.97725369723619,58.94202605227539,,,81
1768598400,1.16016,1.1602,1.16009,1.16012,57.41885150178077,58.69786050790517,,,125
1768598700,1.16012,1.16014,1.16006,1.16011,57.013253763241465,58.5753353022771,,,142
1768599000,1.16011,1.16015,1.1601,1.16012,57.33779434602763,58.36991771803016,,,77
1768599300,1.16012,1.16012,1.15994,1.15994,50.017719623686766,57.53562272214075,,,108
1768599600,1.15994,1.15999,1.15974,1.15983,46.14098348870091,56.459545079258206,,,848
1768599900,1.15983,1.15988,1.15978,1.15979,44.78174593239953,55.43150652913159,,,94
1768600200,1.15979,1.15987,1.15974,1.15983,46.479646203222664,55.02439914762051,,,226
1768600500,1.15983,1.15985,1.15947,1.1595,36.50638905933197,53.30702789364425,,,343
1768773600,1.158,1.158,1.15766,1.15779,16.613409694428398,49.865373638382415,,,45
1768773900,1.15779,1.1579,1.15774,1.1579,19.646713141864836,47.4440635379328,,,135
1768774200,1.1579,1.158,1.15771,1.15779,18.906075609196407,44.65951917002803,,,188
1768774500,1.15779,1.15782,1.15775,1.15779,18.906075609196407,41.78319255878447,,,120
1768774800,1.15779,1.15779,1.15776,1.15776,18.683300153979303,39.102086558878064,,,35
1768775100,1.15776,1.15783,1.15776,1.15779,19.70225278237541,36.29672935067372,,,20
1768775400,1.15779,1.15799,1.15762,1.1579,23.48806898543208,33.87310202807739,,,243
1768775700,1.1579,1.15816,1.1578,1.15811,30.24916166512314,31.96138116392608,,,128
1768776000,1.15811,1.15839,1.15797,1.15802,29.06380749288516,29.941810674415905,,,195
1768776300,1.15802,1.15821,1.15798,1.1582,34.58492877463787,28.83946847091241,,,155
1768776600,1.1582,1.15843,1.1581299999999999,1.15841,40.41199228537669,28.430254813532112,,,267
1768776900,1.15841,1.15848,1.15806,1.15818,36.569730771348496,27.84368230202847,,,167
1768777200,1.15818,1.15944,1.15775,1.1594,58.89470967895352,28.73047255029496,,,1337
1768777500,1.1594,1.16093,1.15937,1.1601,66.23737315015538,30.854114271068063,,,1365
1768777800,1.1601,1.16028,1.15975,1.15981,61.348127511693484,34.049451258015566,,,905
1768778100,1.15981,1.16078,1.1596899999999999,1.16068,68.79077816668435,37.55974161693125,,,945
1768778400,1.16068,1.1611,1.16055,1.16093,70.5459039052646,41.24830078093611,,,731
1768778700,1.16093,1.16127,1.1607399999999999,1.1612,72.35417401612861,45.06602209571698,,,479
1768779000,1.1612,1.16202,1.1611,1.16198,76.78771751223842,49.21633762130692,,,1044
1768779300,1.16198,1.16208,1.16172,1.16198,76.78771751223842,53.293870816297144,,,737
1768779600,1.16198,1.16271,1.16184,1.16259,79.73530126656709,57.31153026494964,,,1094
1768779900,1.16259,1.16266,1.1622,1.16239,76.31365277009635,60.60185105816201,,,689
1768780200,1.16239,1.16239,1.1617899999999999,1.16218,72.78196336400866,63.724576477527975,,,792
1768780500,1.16218,1.16246,1.16211,1.16243,74.30640410742532,66.56182471558422,,,673
1768780800,1.16243,1.16244,1.16184,1.16194,66.45055520293865,68.42172206683865,,,1035
1768781100,1.16194,1.16199,1.16084,1.16109,55.49091510460832,69.77323523350006,,,1334
1768781400,1.16109,1.16134,1.16084,1.16115,56.042042740861646,69.56947330935064,,,866
1768781700,1.16115,1.16158,1.16044,1.16108,55.18353441793637,68.77991339990643,,,1798
1768782000,1.16108,1.16195,1.16083,1.16188,62.29289268028892,68.84739662623467,,,1004
1768782300,1.16188,1.16251,1.16177,1.16229,65.32848965085631,68.60009030367553,,,876
1768782600,1.16229,1.16348,1.1621299999999999,1.16347,72.25211569252205,68.72196257419392,,,1126
1768782900,1.16347,1.1635199999999999,1.16308,1.16333,70.45448611412286,68.58627058119352,,,1327
1768783200,1.16333,1.16377,1.16317,1.1636,71.90619842347454,68.2375906462818,,,840
1768783500,1.1636,1.1637,1.16329,1.16334,68.4198911853726,67.63988876579138,,,940
1768783800,1.16334,1.16343,1.16306,1.16313,65.65121156434913,66.63388235849011,,,1024
1768784100,1.16313,1.16345,1.16313,1.16319,66.07363143549577,65.90245226316149,,,1034
1768784400,1.16319,1.16345,1.163,1.16312,65.06824394804417,65.3514723048783,,,1143
1768784700,1.16312,1.1632,1.16272,1.16275,59.88159310730102,64.32112866201228,,,947
1768785000,1.16275,1.16295,1.16268,1.16269,59.05946098877409,63.79319336100053,,,870
1768785300,1.16269,1.16297,1.16248,1.16279,60.044068096679304,64.11841857471988,,,986
1768785600,1.16279,1.163,1.16245,1.16247,55.448552099089,64.07602638602184,,,910
1768785900,1.16247,1.16252,1.16235,1.16247,55.448552099089,64.09495622038989,,,703
1768786200,1.16247,1.16259,1.16239,1.16254,56.29712969865006,63.66668743598711,,,693
1768786500,1.16254,1.16279,1.16249,1.16262,57.298172917864555,63.09309338363056,,,344
1768786800,1.16262,1.16267,1.16242,1.16255,56.087568604411935,61.93848287733697,,,378
1768787100,1.16255,1.1627,1.16242,1.16254,55.90584751895116,60.899294406253276,,,384
1768787400,1.16254,1.16285,1.16252,1.16284,60.084064230105696,60.05485624958408,,,593
1768787700,1.16284,1.16293,1.16219,1.16225,50.04128615476596,58.74209874739789,,,645
1768788000,1.16225,1.16234,1.16208,1.16216,48.703969947316885,57.53158148903844,,,634
1768788300,1.16216,1.16226,1.16203,1.16218,49.02995137850016,56.314175770681615,,,546
1768788600,1.16218,1.16238,1.16212,1.16225,50.22228232200435,55.253749940250195,,,560
1768788900,1.16225,1.16226,1.1619,1.16192,44.89089083538036,54.18298549225586,,,506
1768789200,1.16192,1.16195,1.16156,1.16173,42.118578371248894,52.97292244814692,,,489
1768789500,1.16173,1.16209,1.16169,1.16204,47.7845660012469,52.09724372704461,,,421
1768789800,1.16204,1.16218,1.16177,1.16194,46.21303163707698,51.43756369404375,,,506
1768790100,1.16194,1.16209,1.16182,1.16207,48.580541362441856,50.94699149856895,,,490
1768790400,1.16207,1.16209,1.16182,1.16183,44.67127199058713,50.116573090850174,,,397
1768790700,1.16183,1.16192,1.16176,1.1617899999999999,44.0352571974149,49.16922196796092,,,399
1768791000,1.1617899999999999,1.16185,1.16167,1.16174,43.20714503106572,48.2491917127219,,,332
1768791300,1.16174,1.1618,1.16169,1.16176,43.66352124489379,47.37473983600352,,,457
1768791600,1.16176,1.1619599999999999,1.16176,1.16188,46.444327372910145,46.400472917632406,,,317
1768791900,1.16188,1.16191,1.16169,1.16174,43.732178066624755,45.94982233990804,,,358
1768792200,1.16174,1.16174,1.16161,1.16168,42.58444779959804,45.51271361507098,,,282
1768792500,1.16168,1.16205,1.1616,1.16203,50.71074108921152,45.63277002297893,,,792
1768792800,1.16203,1.16216,1.162,1.16208,51.76112192264377,45.74268713731032,,,273
1768793100,1.16208,1.16229,1.16205,1.16216,53.46970071756078,46.355459271751776,,,723
1768793400,1.16216,1.16237,1.16208,1.1621299999999999,52.71566237114194,47.112393843172704,,,699
1768793700,1.1621299999999999,1.16235,1.16194,1.16225,55.42358053445724,47.65803773840202,,,385
1768794000,1.16225,1.16231,1.16212,1.16212,51.95244923342019,48.06799613814082,,,317
1768794300,1.16212,1.16237,1.16212,1.16234,56.874790219113635,48.66044248504595,,,264
1768794600,1.16234,1.1626,1.16231,1.1626,61.849178540608825,49.8874358100475,,,168
1768794900,1.1626,1.16262,1.16235,1.16245,57.71312946469157,50.86442668628154,,,293
1768795200,1.16245,1.16271,1.16244,1.16261,60.72980248983678,52.116045076193764,,,254
1768795500,1.16261,1.1627,1.16261,1.16268,62.006803578190855,53.426279528572124,,,185
1768795800,1.16268,1.16273,1.16254,1.16258,59.05251300220727,54.326864216379064,,,235
1768796100,1.16258,1.16297,1.16253,1.1629099999999999,64.98184477307069,55.84469755255377,,,272
1768796400,1.1629099999999999,1.16298,1.16284,1.16298,66.10310695503767,57.52460177794232,,,207
1768796700,1.16298,1.16302,1.16287,1.16295,65.14044779258772,58.55529511389776,,,313
1768797000,1.16295,1.16295,1.16275,1.16292,64.13461030031914,59.43911571230314,,,259
1768797300,1.16292,1.16297,1.16286,1.1629099999999999,63.781075356891456,60.17564247225534,,,251
1768797600,1.1629099999999999,1.16302,1.1629,1.163,65.61802760091507,61.0972399886677,,,238
1768797900,1.163,1.16332,1.16296,1.16329,70.76352633148389,62.19295040274103,,,421
1768798200,1.16329,1.1633499999999999,1.16316,1.16326,69.60305890509755,63.45370823643227,,,601
1768798500,1.16326,1.16333,1.16317,1.16331,70.47219558032758,64.42495147651898,,,394
1768798800,1.16331,1.16341,1.16324,1.16333,70.83146273951279,65.06654320501214,,,463
1768799100,1.16333,1.16344,1.16326,1.16343,72.62494099652636,66.13167260014319,,,142
1768799400,1.16343,1.16351,1.16339,1.16346,73.15815285829913,67.01941191217621,,,198
1768799700,1.16346,1.1635,1.16329,1.16343,71.65509229094258,67.70857539165848,,,237
1768800000,1.16343,1.1636,1.16343,1.16355,73.95973606300905,68.77337703885861,,,226
1768800300,1.16355,1.16375,1.16355,1.16365,75.73062296166225,69.54114690947229,,,350
1768800600,1.16365,1.16365,1.1635199999999999,1.16354,70.08456666568593,69.82553688880431,,,163
1768800900,1.16354,1.16369,1.16338,1.1634,63.58684660727423,69.71456537556763,,,284
1768801200,1.1634,1.16341,1.16304,1.16315,53.96520658348425,68.98817939579371,,,388
1768801500,1.16315,1.1632,1.1629,1.163,49.15881494756869,67.94373222369923,,,383
1768801800,1.163,1.16301,1.16277,1.16279,43.33914482844229,66.35238345423689,,,449
1768802100,1.16279,1.1628,1.16268,1.16275,42.31164385642071,64.32010613458951,,,315
1768802400,1.16275,1.16293,1.16273,1.16275,42.3116438564207,62.370719345398314,,,227
1768802700,1.16275,1.16294,1.1627399999999999,1.16294,48.975744629091636,60.83525856316718,,,217
1768803000,1.16294,1.16306,1.16282,1.16288,47.124423428891575,59.14189861240851,,,372
1768803300,1.16288,1.16295,1.16275,1.16285,46.184374454185054,57.253286716526986,,,237
1768803600,1.16285,1.16315,1.16285,1.16312,54.90352572705503,55.94938477858098,,,412
1768803900,1.16312,1.16324,1.16298,1.16314,55.4789420931887,54.79394547874142,,,416
1768804200,1.16314,1.16315,1.1627399999999999,1.1627399999999999,43.518910776966926,52.6196008154527,,,403
1768804500,1.1627399999999999,1.16296,1.16273,1.16294,49.393350094870854,50.73836703925331,,,336
1768804800,1.16294,1.16295,1.1625699999999999,1.16258,41.10583993488105,48.66845798705297,,,335
1768805100,1.16258,1.16271,1.16249,1.16268,43.92059846315498,47.26372597675873,,,373
1768805400,1.16268,1.16287,1.16266,1.16286,48.675593177583046,46.88589644776578,,,381
1768805700,1.16286,1.163,1.16277,1.16279,47.00637298858797,46.73215059355288,,,465
1768806000,1.16279,1.16309,1.16275,1.16298,51.83450007134319,47.33896168233151,,,811
1768806300,1.16298,1.16369,1.16294,1.16338,60.08030940375427,48.608152078569624,,,839
1768806600,1.16338,1.1641299999999999,1.16324,1.16397,68.61512779421818,50.48697235984087,,,1132
1768806900,1.16397,1.16401,1.16343,1.16344,56.85562191589055,51.04982073746936,,,772
1768807200,1.16344,1.16364,1.16327,1.16363,59.53313251649398,51.936157100869536,,,610
1768807500,1.16363,1.16386,1.16347,1.16357,58.302643989241176,52.801747781944975,,,551
1768807800,1.16357,1.16357,1.16297,1.163,48.1259553669312,52.3176356133647,,,856
1768808100,1.163,1.16304,1.16243,1.16248,41.08108074968201,51.28921694597137,,,915
1768808400,1.16248,1.16277,1.16236,1.16252,41.78700030697172,51.165509055257424,,,799
1768808700,1.16252,1.16255,1.16229,1.1625,41.51914299247991,50.603065690800925,,,742
1768809000,1.1625,1.16271,1.16249,1.16268,44.93993172050891,50.876929389774354,,,475
1768809300,1.16268,1.16272,1.16249,1.16259,43.56768654917048,50.85172139591832,,,725
1768809600,1.16259,1.16278,1.16258,1.16277,47.050090931554536,50.73561409263056,,,885
1768809900,1.16277,1.16277,1.16197,1.162,36.635235663131326,49.99481856938366,,,861
1768810200,1.162,1.16235,1.16195,1.1621299999999999,39.0867902469684,49.0842678676426,,,745
1768810500,1.1621299999999999,1.16261,1.16211,1.16248,45.230642520952635,48.02357737601391,,,671
1768810800,1.16248,1.16269,1.1622,1.1622,41.61447630867151,46.09495941276058,,,638
1768811100,1.1622,1.1622999999999999,1.16193,1.16194,38.53372513839621,44.78625250008241,,,479
1768811400,1.16194,1.16223,1.16184,1.16223,43.55322722220323,43.64483069334735,,,511
1768811700,1.16223,1.16247,1.16218,1.16232,45.052904060755814,42.69842069845554,,,682
1768812000,1.16232,1.16254,1.16226,1.1624,46.41569222363736,42.57625904536313,,,692
1768812300,1.1624,1.16249,1.16218,1.16225,44.202027936200075,42.79918384440013,,,500
1768812600,1.16225,1.16242,1.16217,1.16238,46.57989955792223,43.141533790896595,,,627
1768812900,1.16238,1.16251,1.16231,1.1625,48.75099062744036,43.65809433625092,,,657
1768813200,1.1625,1.16297,1.16247,1.1625699999999999,50.02687502355318,44.02144742932551,,,847
1768813500,1.1625699999999999,1.1627,1.16215,1.1622,43.81732563544245,44.03927879263065,,,650
1768813800,1.1622,1.16227,1.16173,1.16176,37.80739928125774,43.37908653189516,,,845
1768814100,1.16176,1.16187,1.16154,1.16162,36.11027322949598,43.34158921520692,,,741
1768814400,1.16162,1.16163,1.16112,1.16112,30.793762400409392,42.749230083309854,,,567
1768814700,1.16112,1.16154,1.1611,1.1615199999999999,38.584022644615985,42.27447152071437,,,533
1768815000,1.1615199999999999,1.16168,1.16139,1.16166,41.08376053445216,42.23656325112728,,,522
1768815300,1.16166,1.16207,1.16166,1.16204,47.347998340193016,42.86615419411277,,,500
1768815600,1.16204,1.16244,1.16193,1.16244,53.01150983283439,43.54174580915785,,,740
1768815900,1.16244,1.16268,1.16229,1.16265,55.705316885880734,44.30263243952392,,,675
1768816200,1.16265,1.16267,1.16228,1.16251,53.50316196357654,44.808880278091,,,644
1768816500,1.16251,1.16255,1.16228,1.16243,52.23247532919591,45.38248366330499,,,676
1768816800,1.16243,1.16262,1.16232,1.16256,54.13857078679703,45.92238875108176,,,482
1768817100,1.16256,1.16276,1.16247,1.16269,56.028175982285426,46.44218770499926,,,561
1768817400,1.16269,1.16285,1.16268,1.16279,57.47949612534118,46.97451778369841,,,340
1768817700,1.16279,1.1628,1.16248,1.1625699999999999,53.31070147313901,47.65261605781959,,,327
1768818000,1.1625699999999999,1.16263,1.1624,1.16241,50.44520781661715,48.55531666748812,,,344
1768818300,1.16241,1.16244,1.16231,1.16235,49.37345526400154,49.50268681280995,,,523
1768818600,1.16235,1.16246,1.16224,1.16228,48.08976934291777,50.738115880131964,,,373
1768818900,1.16228,1.16246,1.16221,1.1624,50.467294893416764,51.58692104076059,,,355
1768819200,1.1624,1.16248,1.16228,1.16229,48.284196233728814,52.10123787642321,,,382
1768819500,1.16229,1.16234,1.1622,1.1622999999999999,48.50228999970482,52.18368728067406,,,384
1768819800,1.1622999999999999,1.16276,1.16228,1.1626,54.67735030325781,52.302675885704296,,,854
1768820100,1.1626,1.1627,1.16233,1.16239,50.144615459036345,51.905482926643984,,,762
1768820400,1.16239,1.16252,1.16212,1.1622,46.396946326763214,51.39789609544304,,,640
1768820700,1.1622,1.1622999999999999,1.16217,1.16225,47.50874206215302,51.06048657636854,,,405
1768821000,1.16225,1.16251,1.16224,1.16229,48.4302626916948,50.65275028386124,,,349
1768821300,1.16229,1.16231,1.16204,1.16204,43.31233253548527,49.744475751946936,,,420
1768821600,1.16204,1.16223,1.16201,1.16219,46.93572751511411,48.991349422645,,,347
1768821900,1.16219,1.16226,1.16209,1.16223,47.89222327704985,48.604315265781494,,,343
1768822200,1.16223,1.16242,1.1621,1.16241,52.07832716969181,48.72096664814397,,,461
1768822500,1.16241,1.16252,1.16223,1.16225,48.35937733338922,48.64853251024309,,,231
1768822800,1.16225,1.1625,1.16222,1.16245,52.88822257766977,48.99127916986823,,,341
1768823100,1.16245,1.16264,1.16244,1.16264,56.767203369253764,49.44127263242802,,,317
1768823400,1.16264,1.16273,1.1625,1.16264,56.767203369253764,50.047201713536936,,,356
1768823700,1.16264,1.16289,1.16263,1.16278,59.60914398227339,50.84054842657755,,,442
1768824000,1.16278,1.1628,1.16262,1.16278,59.60914398227339,51.19281940365009,,,395
1768824300,1.16278,1.1629,1.16266,1.16288,61.69506440395007,52.01785147114392,,,296
1768824600,1.16288,1.16294,1.16277,1.16293,62.731427928997235,53.18460015701778,,,329
1768824900,1.16293,1.1631799999999999,1.16287,1.16313,66.62159006051098,54.549803585471956,,,396
1768825200,1.16313,1.16325,1.16304,1.1631,65.51686551730401,55.77027521587261,,,255
1768825500,1.1631,1.16315,1.16296,1.16297,60.81111643178759,57.020188351322766,,,391
1768825800,1.16297,1.16313,1.16292,1.16304,62.37806989387762,58.123212806948736,,,515
1768826100,1.16304,1.16314,1.16298,1.16307,63.05978131062357,59.20660980934685,,,365
1768826400,1.16307,1.16332,1.16306,1.1631799999999999,65.52640121480022,60.1671865268546,,,379
1768826700,1.1631799999999999,1.16321,1.16292,1.16302,59.32160343931116,60.950202677277595,,,550
1768827000,1.16302,1.16303,1.1626,1.1626,46.795195018212176,60.51498642303062,,,397
1768827300,1.1626,1.16267,1.1625,1.16256,45.80321028389344,59.731844059790596,,,598
1768827600,1.16256,1.16295,1.16256,1.1629099999999999,54.82676500835302,59.59324131972625,,,679
1768827900,1.1629099999999999,1.1631,1.1629099999999999,1.16304,57.64738339315769,59.453115563360846,,,370
1768828200,1.16304,1.16316,1.16297,1.16305,57.86532698222532,59.328557206214555,,,453
1768828500,1.16305,1.16337,1.16299,1.1633499999999999,63.87175948720168,59.484035426446816,,,460
1768828800,1.1633499999999999,1.16343,1.16324,1.16334,63.54657296592281,59.5422600719415,,,472
1768829100,1.16334,1.16334,1.16301,1.16322,59.62366386130595,59.04240820056971,,,397
1768829400,1.16322,1.16349,1.16319,1.16348,64.70733399648414,58.98458452051114,,,500
1768829700,1.16348,1.16353,1.16325,1.16337,61.1967235048624,59.01212788287363,,,600
1768830000,1.16337,1.1635,1.16327,1.16334,60.23687035976036,58.85918505900811,,,397
1768830300,1.16334,1.1635,1.16333,1.16343,62.15463479480937,58.79453173644996,,,339
1768830600,1.16343,1.16354,1.16324,1.16353,64.21955202817773,58.701185365976926,,,383
1768830900,1.16353,1.16354,1.163,1.16316,52.7510333272261,58.23185892939942,,,636
1768831200,1.16316,1.16331,1.16308,1.16323,54.40982672256374,58.77576119399596,,,662
1768831500,1.16323,1.16344,1.16322,1.16332,56.52324870438087,59.541478224030776,,,456
1768831800,1.16332,1.1633499999999999,1.16314,1.16314,51.3919773238619,59.29613624656713,,,371
1768832100,1.16314,1.16322,1.16302,1.16314,51.3919773238619,58.84932152733171,,,431
1768832400,1.16314,1.16334,1.16314,1.16333,56.2536947235777,58.734204937428316,,,383
1768832700,1.16333,1.16355,1.16332,1.1635199999999999,60.50753059901991,58.493902873986755,,,413
1768833000,1.1635199999999999,1.16375,1.1635199999999999,1.16365,63.147964306126546,58.46543082685845,,,519
1768833300,1.16365,1.16365,1.16337,1.16338,54.93310350599123,58.130390801478825,,,527
1768833600,1.16338,1.1637,1.16328,1.16365,60.470961198241646,57.82779274446151,,,571
1768833900,1.16365,1.16418,1.16355,1.16417,68.49934294943,58.34940841907348,,,609
1768834200,1.16417,1.16426,1.16397,1.16401,64.18004558185498,58.63106379208024,,,665
1768834500,1.16401,1.16423,1.16394,1.16397,63.10867321508487,58.6992093935285,,,750
1768834800,1.16397,1.16435,1.16392,1.16392,61.721684629366194,58.52079029361338,,,950
1768835100,1.16392,1.16417,1.16389,1.16409,64.57261453929684,59.365188951618435,,,767
1768835400,1.16409,1.1641299999999999,1.16377,1.16377,56.102289955751985,59.48607918256045,,,605
1768835700,1.16377,1.16394,1.16367,1.16389,58.31076047206397,59.61375859453782,,,531
1768836000,1.16389,1.16398,1.16361,1.16361,51.76650755912184,59.640510754199234,,,569
1768836300,1.16361,1.16367,1.16351,1.16357,50.88786498437595,59.60450272995024,,,255
1768836600,1.16357,1.16368,1.16346,1.16353,49.97439226492561,59.15598112576081,,,476
1768836900,1.16353,1.16363,1.16334,1.16339,46.80738910770148,58.17739959066664,,,573
1768837200,1.16339,1.16347,1.16336,1.1634,47.065435012421716,57.02864749825915,,,526
1768837500,1.1634,1.16353,1.16317,1.16353,50.43191356861588,56.707133931303765,,,549
1768837800,1.16353,1.16388,1.16353,1.16374,55.3696450681435,56.34275420772533,,,865
1768838100,1.16374,1.16415,1.16366,1.16398,60.243874826169524,55.75307791320672,,,1191
1768838400,1.16398,1.16401,1.16382,1.1639599999999999,59.65914383817114,55.43015636008645,,,855
1768838700,1.1639599999999999,1.1639599999999999,1.16376,1.16391,58.139849880434355,55.07524040761142,,,682
1768839000,1.16391,1.16437,1.16391,1.16437,66.57369585453358,55.421812637980516,,,475
1768839300,1.16437,1.16437,1.16416,1.16434,65.64478672360123,55.49839636543082,,,511
1768839600,1.16434,1.16438,1.1642,1.16432,64.99370532807109,56.13349746345362,,,360
1768839900,1.16432,1.1646,1.16426,1.1645699999999999,69.11704061504616,56.90537461652378,,,353
1768840200,1.1645699999999999,1.16473,1.16448,1.16458,69.27294849626115,58.155834683462295,,,302
1768840500,1.16458,1.16465,1.16421,1.16422,57.934063851983744,58.65913460257714,,,221
1768840800,1.16422,1.16444,1.16414,1.16438,60.99026431316517,59.445982606022824,,,237
1768841100,1.16438,1.16447,1.16431,1.16447,62.634736519743974,60.57650742116872,,,179
1768841400,1.16447,1.16464,1.16438,1.16443,61.39595294057865,61.6001158446085,,,179
1768841700,1.16443,1.16446,1.16417,1.16419,54.43889784378591,61.886329007120644,,,354
1768842000,1.16419,1.16426,1.16406,1.1641299999999999,52.82725632979696,61.704729811524466,,,327
1768842300,1.1641299999999999,1.16432,1.16412,1.16418,54.04811636552413,61.26217563576408,,,165
1768842600,1.16418,1.16432,1.16418,1.16427,56.243327120201975,61.0181887273377,,,168
1768842900,1.16427,1.16427,1.16408,1.16412,51.8016222648664,60.56545818336856,,,387
1768843200,1.16412,1.16421,1.16397,1.16407,50.37356760165833,59.408306165306044,,,402
1768843500,1.16407,1.16417,1.16406,1.16409,50.9559821138277,58.359105836036505,,,174
1768843800,1.16409,1.16417,1.16408,1.16417,53.31608572913519,57.52499015039822,,,119
1768844100,1.16417,1.16432,1.16416,1.1643,56.94214938100062,56.65535506225211,,,202
1768844400,1.1643,1.16452,1.1643,1.16452,62.28148002335626,56.15596445704462,,,285
1768844700,1.16452,1.16466,1.16448,1.16448,60.805105609825,56.36103886831899,,,211
1768845000,1.16448,1.16448,1.16428,1.16432,55.17137509717147,55.94540392431944,,,132
1768845300,1.16432,1.16464,1.16432,1.1645699999999999,61.21773386993146,55.84418944933283,,,204
1768845600,1.1645699999999999,1.16479,1.16456,1.16473,64.5163476505996,56.06707478576289,,,315
1768845900,1.16473,1.16476,1.16469,1.16475,64.9180247031245,56.815583847144225,,,214
1768846200,1.16475,1.16485,1.16471,1.16481,66.15579198773841,57.76762210842576,,,171
1768846500,1.16481,1.16484,1.1647,1.1647,61.847517626131605,58.324722198469146,,,165
1768846800,1.1647,1.16487,1.1647,1.16482,64.55904584993658,58.91870210773591,,,164
1768847100,1.16482,1.16485,1.16472,1.1647399999999999,61.42483127798194,59.60607418010131,,,111
1768847400,1.1647399999999999,1.1648,1.16473,1.16479,62.64544946947125,60.48263717065937,,,190
1768847700,1.16479,1.16479,1.1646,1.16467,57.90939229699163,60.979309326599655,,,176
1768848000,1.16467,1.16467,1.16452,1.16452,52.560301709660344,60.925324753780025,,,119
1768848300,1.16452,1.16453,1.16442,1.16447,50.873417447322886,60.49184390137447,,,156
1768848600,1.16447,1.16448,1.1643999999999999,1.16442,49.173820009815124,59.55558247183582,,,84
1768848900,1.16442,1.16442,1.16431,1.16431,45.56708861123024,58.467152686221915,,,95
1768849200,1.16431,1.16442,1.16427,1.16432,45.955172831059016,57.80885252435674,,,158
1768849500,1.16432,1.16459,1.16432,1.16458,54.94869530920969,57.361064055733756,,,108
1768849800,1.16458,1.16467,1.16455,1.16467,57.58016579692803,56.86562249475721,,,179
1768850100,1.16467,1.16468,1.16454,1.16455,53.124530309085635,56.023230038040154,,,128
1768850400,1.16455,1.16459,1.16453,1.16458,54.08117831478957,55.16075763282952,,,69
1768850700,1.16458,1.16463,1.1645699999999999,1.16463,55.70376095525029,54.72191787062372,,,114
1768851000,1.16463,1.16464,1.16459,1.16463,55.70376095525029,54.089397521003264,,,48
1768851300,1.16463,1.16464,1.16451,1.16451,50.71562292418511,53.32445406716063,,,57
1768851600,1.16451,1.16452,1.16432,1.16438,45.91842419830107,52.12966654779134,,,160
1768851900,1.16438,1.16444,1.16438,1.16443,47.957418951031045,51.418811308794155,,,132
1768852200,1.16443,1.16443,1.16427,1.16427,42.442912931757704,50.696140681801104,,,140
1768852500,1.16427,1.16436,1.16426,1.16432,44.58726031152759,50.247129457815724,,,203
1768852800,1.16432,1.16444,1.16429,1.1643,43.88299344811525,49.86921327483716,,,167
1768853100,1.1643,1.16431,1.16419,1.16423,41.41718266085148,49.572791421238676,,,212
1768853400,1.16423,1.16424,1.16418,1.16423,41.41718266085149,49.24864926622386,,,121
1768853700,1.16423,1.16424,1.16417,1.16422,41.03515840003168,48.254825201282564,,,107
1768854000,1.16422,1.16423,1.16419,1.16421,40.63155159403725,47.04420990107608,,,53
1768854300,1.16421,1.16429,1.16421,1.16429,45.26930841929167,46.48312262323365,,,120
1768854600,1.16429,1.16435,1.16429,1.16432,46.94313257250569,45.973262213070505,,,88
1768854900,1.16432,1.16433,1.16431,1.16432,46.94313257250569,45.347503042874465,,,552
1768855200,1.16432,1.16444,1.16431,1.16439,50.99853632872841,45.01141556955148,,,163
1768855500,1.16439,1.16442,1.16433,1.16437,49.82668866262266,44.94792026515416,,,520
1768855800,1.16437,1.16443,1.16437,1.16443,53.29399420986473,45.47474669455157,,,65
1768856100,1.16443,1.16454,1.16432,1.16452,57.984355744555344,46.190956465517594,,,137
1768856400,1.16452,1.16456,1.16446,1.16454,58.97041471337573,47.371492307061736,,,185
1768856700,1.16454,1.16454,1.16443,1.16444,52.35435574027029,47.926284837686225,,,107
1768857000,1.16444,1.1645,1.16443,1.16448,54.550876791055735,48.68827650503912,,,94
1768857300,1.16448,1.16451,1.16442,1.16442,50.7699777449064,49.35633329675733,,,55
1768857600,1.16442,1.16446,1.16442,1.16444,51.965103576220116,50.10975621928366,,,74
1768857900,1.16444,1.16445,1.16429,1.16433,45.4323513271149,50.42384142836103,,,116
1768858200,1.16433,1.16445,1.16429,1.16444,51.939059638411194,51.23152057438774,,,119
1768858500,1.16444,1.1645699999999999,1.16444,1.16449,54.58965193311384,51.89725939680361,,,111
1768858800,1.16449,1.16463,1.16449,1.16463,61.064622155652444,52.90593722417123,,,89
1768859100,1.16463,1.16463,1.16456,1.16459,58.49812079569482,53.7312935258276,,,68
1768859400,1.16459,1.16462,1.16455,1.16455,55.96501609466511,54.08604208053737,,,71
1768859700,1.16455,1.16459,1.16446,1.16453,54.689833102438115,54.43340954052418,,,153
1768860000,1.16453,1.16455,1.16415,1.16431,43.065611820708064,53.702810798441575,,,51
1768860300,1.16431,1.16453,1.16431,1.16453,53.670370320892516,53.39466898246565,,,45
1768860600,1.16453,1.16464,1.16447,1.1646,56.44992411439231,53.21463393968112,,,60
1768860900,1.1646,1.16468,1.16441,1.16465,58.371103005753014,53.64440160150132,,,45
1768861200,1.16465,1.16465,1.16463,1.16463,57.28255903611513,53.839521761862706,,,56
1768861500,1.16463,1.16463,1.16462,1.16462,56.7130692810938,54.2640283001618,,,15
1768861800,1.16462,1.16462,1.16455,1.16459,54.94815917472922,54.4771037000553,,,22
1768862100,1.16459,1.16465,1.16459,1.16465,57.77818876900068,55.358949231618574,,,16
1768862400,1.16465,1.16465,1.16463,1.16463,56.504036481261736,55.68501900610789,,,18
1768862700,1.16463,1.16463,1.16458,1.16462,55.840957956403166,55.774398007771424,,,14
1768863000,1.16462,1.16464,1.16455,1.16461,55.144060444650705,55.351500742699876,,,52
1768863300,1.16461,1.16465,1.16454,1.16456,51.67170980457082,54.86389995761959,,,148
1768863600,1.16456,1.16464,1.16448,1.16453,49.651514906551704,54.41293558704006,,,230
1768863900,1.16453,1.16453,1.16439,1.1643999999999999,41.990321618553686,53.50582762390546,,,102
1768864200,1.1643999999999999,1.1643999999999999,1.16419,1.16419,33.104274430118096,52.79430352457761,,,97
1768864500,1.16419,1.16421,1.16406,1.16409,29.86338754728655,51.09380475503432,,,100
1768864800,1.16409,1.16409,1.16401,1.16402,27.810913047563716,49.0481611074037,,,73
1768865100,1.16402,1.16406,1.16398,1.164,27.23496649360243,46.82415135653581,,,65
1768865400,1.164,1.1641299999999999,1.16399,1.16404,30.342045750951485,44.899828979024115,,,108
1768865700,1.16404,1.16404,1.16391,1.16397,28.082177551198285,42.854765284031586,,,79
1768866000,1.16397,1.16401,1.16383,1.16391,26.275708284156437,40.8067330775621,,,116
1768866300,1.16391,1.16403,1.1639,1.16399,32.509678375252435,39.001839478008655,,,81
1768866600,1.16399,1.16399,1.16385,1.16387,28.602731094571354,37.00888909324505,,,87
1768866900,1.16387,1.16391,1.16387,1.16391,31.55548307414398,35.27421231594082,,,101
1768867200,1.16391,1.16397,1.16381,1.16382,28.68131818999632,33.38401644060836,,,249
1768867500,1.16382,1.16382,1.16365,1.16373,26.119295411728643,31.55884398397678,,,201
1768867800,1.16373,1.16373,1.1636,1.16365,24.061776968163556,29.731005559806196,,,182
1768868100,1.16365,1.16372,1.1636,1.16366,24.858589796287433,28.507310429644324,,,218
1768868400,1.16366,1.16381,1.16366,1.16377,33.166085991341475,28.511725541160278,,,228
1768868700,1.16377,1.1637899999999999,1.1636,1.16362,28.53344838737783,28.416729886881082,,,209
1768869000,1.16362,1.16362,1.16351,1.16353,26.17135907039038,28.299618888511564,,,266
1768869300,1.16353,1.16355,1.16343,1.16343,23.81256312531295,28.05516150506232,,,276
1768869600,1.16343,1.16344,1.16323,1.16337,22.502104916749545,27.49516573119075,,,290
1768869900,1.16337,1.16356,1.16337,1.16343,26.838080291908724,27.406301641241495,,,343
1768870200,1.16343,1.16373,1.16326,1.16365,40.07685053728515,28.39209751646497,,,600
1768870500,1.16365,1.16409,1.16359,1.16402,54.86822914882177,29.989136857434207,,,980
1768870800,1.16402,1.16425,1.16393,1.1641299999999999,58.17374079505217,32.10135183603998,,,1014
1768871100,1.1641299999999999,1.1643,1.1641299999999999,1.1643,62.71831099320018,34.32726811597257,,,562
1768871400,1.1643,1.16433,1.16409,1.16419,58.30392758928584,36.443168787350395,,,774
1768871700,1.16419,1.16422,1.16404,1.16404,52.84208820145481,38.351939700902264,,,719
1768872000,1.16404,1.16407,1.16394,1.16402,52.140727194142634,40.35757900275791,,,474
1768872300,1.16402,1.16414,1.16395,1.16407,53.791943762953984,42.42424714323409,,,293
1768872600,1.16407,1.16407,1.16388,1.16399,50.7735221641571,43.68192115557806,,,445
1768872900,1.16399,1.16411,1.16398,1.16405,52.9078311903525,45.42294849864769,,,288
1768873200,1.16405,1.16407,1.1639,1.16397,49.807038862952574,47.11121134097356,,,287
1768873500,1.16397,1.16408,1.1639,1.1639,47.200341578654395,48.78176694478366,,,298
1768873800,1.1639,1.16415,1.1639,1.16414,55.75102746334108,51.15668998382591,,,255
1768874100,1.16414,1.16438,1.16408,1.16436,61.850046332785304,53.657544701031384,,,569
1768874400,1.16436,1.16447,1.16426,1.16427,58.30926685773386,54.959860152492006,,,568
1768874700,1.16427,1.16427,1.1641299999999999,1.1642,55.64120678071507,55.015072840484386,,,325
1768875000,1.1642,1.16421,1.16408,1.1641299999999999,53.02814807286763,54.647530503185486,,,243
1768875300,1.1641299999999999,1.1641299999999999,1.16404,1.16408,51.179290176755096,53.823314730582275,,,357
1768875600,1.16408,1.16423,1.16405,1.16421,55.52144926789329,53.624566279054235,,,235
1768875900,1.16421,1.16442,1.16421,1.16441,61.233929954500304,54.22398354712891,,,256
1768876200,1.16441,1.16448,1.16431,1.16447,62.77838498568229,54.9838162465246,,,298
1768876500,1.16447,1.16452,1.16441,1.16452,64.06327348974047,55.717482655580774,,,323
1768876800,1.16452,1.16463,1.16444,1.16461,66.31717983235752,56.82774391759509,,,319
1768877100,1.16461,1.16461,1.16444,1.16447,60.01189248393881,57.335176867136965,,,405
1768877400,1.16447,1.16458,1.16445,1.16447,60.01189248393881,58.064094982921695,,,279
1768877700,1.16447,1.16452,1.1643999999999999,1.16442,57.738090776301966,58.816791354182236,,,311
1768878000,1.16442,1.1645,1.16439,1.16444,58.41679092186886,59.00720302979136,,,289
1768878300,1.16444,1.16463,1.16443,1.16459,63.19126625387202,59.10300445272613,,,283
1768878600,1.16459,1.1647,1.16459,1.16469,65.99444590604323,59.651945813319664,,,230
1768878900,1.16469,1.16487,1.16468,1.16485,69.9390821216564,60.67322262338689,,,173
1768879200,1.16485,1.16546,1.16485,1.16544,79.41953370608397,62.55832159718806,,,668
1768879500,1.16544,1.16555,1.1653499999999999,1.16552,80.32558198684241,64.64019958362287,,,466
1768879800,1.16552,1.16583,1.16547,1.16577,82.86439277030354,66.59326697665217,,,464
1768880100,1.16577,1.16586,1.16558,1.16578,82.95911789517034,68.14506611527146,,,539
1768880400,1.16578,1.16585,1.16553,1.16561,75.33489667396826,69.04195980729189,,,397
1768880700,1.16561,1.16585,1.16558,1.1657899999999999,77.67449314739092,70.01418978283836,,,378
1768881000,1.1657899999999999,1.16583,1.16565,1.16571,74.30118567503379,70.58447591445808,,,250
1768881300,1.16571,1.16571,1.16556,1.16566,72.19097833905721,71.4544106183951,,,466
1768881600,1.16566,1.16574,1.16561,1.16566,72.19097833905721,72.32434532233215,,,406
1768881900,1.16566,1.16583,1.1656,1.16582,74.84261616362029,73.54609713571202,,,270
1768882200,1.16582,1.16591,1.16575,1.16585,75.31783935348793,74.75331488082767,,,226
1768882500,1.16585,1.16592,1.16577,1.16588,75.8099398250292,75.6546487073389,,,194
1768882800,1.16588,1.16625,1.16587,1.16619,80.2024036567592,76.66950283239005,,,277
1768883100,1.16619,1.16625,1.16608,1.16623,80.68964538560282,77.43740020838621,,,377
1768883400,1.16623,1.16627,1.16614,1.1662,79.11693976952361,77.41578635577477,,,284
1768883700,1.1662,1.16641,1.16617,1.16623,79.54626551058792,77.36012089318515,,,553
1768884000,1.16623,1.1663999999999999,1.16612,1.16615,75.11167378138441,76.8063552511195,,,350
1768884300,1.16615,1.16616,1.16585,1.16614,74.5521881489392,76.20586026924585,,,416
1768884600,1.16614,1.16644,1.16612,1.16643,79.35485190890243,76.492999928884,,,504
1768884900,1.16643,1.16666,1.16642,1.16655,80.95642971438151,76.72742396938334,,,542
1768885200,1.16655,1.16666,1.1665,1.16661,81.72002008194082,77.25734071273382,,,439
1768885500,1.16661,1.16686,1.16661,1.1668,83.91895942558489,78.0950536474858,,,347
1768885800,1.1668,1.16724,1.16677,1.16714,86.9452809389572,79.14893240462152,,,547
1768886100,1.16714,1.16714,1.16682,1.16689,75.66902712486781,79.20796175899633,,,538
1768886400,1.16689,1.16689,1.16663,1.16672,69.105669034815,78.76423530766256,,,508
1768886700,1.16672,1.16681,1.1666,1.16664,66.19585974946199,78.0775153022649,,,384
1768887000,1.16664,1.16673,1.16659,1.1667,67.30769970201592,77.15646501978324,,,395
1768887300,1.1667,1.1667,1.16652,1.1665699999999999,62.510352879494405,75.85794412648978,,,398
1768887600,1.1665699999999999,1.16665,1.16642,1.16647,59.02525051752158,74.4228234656325,,,433
1768887900,1.16647,1.16655,1.16637,1.16647,59.02525051752158,72.95703668041347,,,472
1768888200,1.16647,1.1665,1.16639,1.16642,57.176738256333785,71.67596985719557,,,400
1768888500,1.16642,1.16654,1.16629,1.16632,53.56372194272116,70.17679369960857,,,535
1768888800,1.16632,1.16641,1.16621,1.16622,50.15089757186768,68.09079696124894,,,364
1768889100,1.16622,1.16662,1.16622,1.1666,60.46051370403012,66.62680296050955,,,462
1768889400,1.1666,1.16667,1.16652,1.16653,58.07768103258123,64.93806445698388,,,497
1768889700,1.16653,1.16675,1.16645,1.1667399999999999,62.812705568132365,63.43047489573727,,,547
1768890000,1.1667399999999999,1.16677,1.16637,1.16638,51.97495921914985,60.93259477289388,,,745
1768890300,1.16638,1.1665699999999999,1.16626,1.16633,50.667367946780516,59.14676197445908,,,863
1768890600,1.16633,1.16669,1.16631,1.16658,56.55299080229407,58.250142100707585,,,821
1768890900,1.16658,1.16676,1.16655,1.16658,56.552990802294076,57.561365747338435,,,496
1768891200,1.16658,1.16664,1.16639,1.16653,55.0301373860337,56.68439701048256,,,498
1768891500,1.16653,1.16655,1.16631,1.16642,51.729854656145505,55.9143614231005,,,599
1768891800,1.16642,1.16668,1.16642,1.16662,56.80246506086855,55.75559103333956,,,610
1768892100,1.16662,1.1669,1.16659,1.16684,61.58473516694996,55.938411365441596,,,638
1768892400,1.16684,1.16684,1.16642,1.1665,52.002994558967515,55.568858244201145,,,854
1768892700,1.1665,1.16675,1.1663999999999999,1.16669,56.112344100868185,55.7509026840688,,,972
1768893000,1.16669,1.16689,1.16666,1.16672,56.74210638415692,56.221703313518034,,,674
1768893300,1.16672,1.1671799999999999,1.16672,1.16712,64.13237610376854,56.48397919921364,,,677
1768893600,1.16712,1.16778,1.16695,1.16776,72.28959998256548,57.49911626706966,,,1123
1768893900,1.16776,1.16789,1.16736,1.16758,67.63092596215478,57.84327486664269,,,1013
1768894200,1.16758,1.1688,1.16756,1.16879,77.92819242360007,59.69707723838913,,,1474
1768894500,1.16879,1.16904,1.1686,1.16902,79.27764589500549,61.7406685204052,,,1139
1768894800,1.16902,1.16937,1.16898,1.16921,80.34662123335295,63.44021355119512,,,1363
1768895100,1.16921,1.16921,1.16862,1.16888,73.27632964090107,64.63473775395276,,,1698
1768895400,1.16888,1.16906,1.16868,1.16882,72.03514572268445,65.84938120657067,,,936
1768895700,1.16882,1.1692,1.16867,1.16887,72.45387790220666,67.32966858128933,,,1300
1768896000,1.16887,1.1693,1.16872,1.16921,75.17589569966998,68.64205648406086,,,1685
1768896300,1.16921,1.16973,1.169,1.16966,78.24064398242484,69.83176425659478,,,1399
1768896600,1.16966,1.17,1.16963,1.16998,80.12020042733238,71.84013610433513,,,1330
1768896900,1.16998,1.17019,1.16957,1.16961,72.33945839721646,72.99921569693143,,,1536
1768897200,1.16961,1.16964,1.16924,1.1694499999999999,69.209437404005,73.88973934120631,,,1019
1768897500,1.1694499999999999,1.16985,1.16942,1.16966,70.98400851846513,74.37914165654176,,,958
1768897800,1.16966,1.17096,1.1696199999999999,1.17077,78.15173104224758,74.79786530366191,,,1857
1768898100,1.17077,1.17111,1.17029,1.17109,79.70798552656254,75.66051241540534,,,1510
1768898400,1.17109,1.17147,1.1708399999999999,1.17087,75.71495494337867,75.50242402396093,,,2151
1768898700,1.17087,1.17153,1.17087,1.1714,78.5082138142784,75.4474645896233,,,1475
1768899000,1.1714,1.17192,1.17133,1.17164,79.6496812957167,75.39768316550642,,,1749
1768899300,1.17164,1.17217,1.17153,1.1716199999999999,79.2718365479936,75.82593365887017,,,2142
1768899600,1.1716199999999999,1.17201,1.17161,1.17185,80.42205160980467,76.42499836509305,,,1640
1768899900,1.17185,1.17285,1.17176,1.17239,82.83093354358756,77.16621662519167,,,1940
1768900200,1.17239,1.17269,1.17176,1.17188,73.61808463443509,77.05494440624632,,,1670
1768900500,1.17188,1.17208,1.1717,1.17177,71.76405964445225,76.59233123924828,,,1278
1768900800,1.17177,1.17238,1.17156,1.17216,74.241005853643,76.17238876969904,,,1504
1768901100,1.17216,1.17248,1.17199,1.17248,76.09406827482412,76.44057518952816,,,1223
1768901400,1.17248,1.17316,1.17247,1.1727,77.30296093182966,77.0186840129442,,,1470
1768901700,1.1727,1.1732799999999999,1.17266,1.17285,78.11554997719328,77.52807983142479,,,1117
1768902000,1.17285,1.17319,1.17271,1.17275,76.15800942975987,77.38567114481853,,,808
1768902300,1.17275,1.17277,1.17231,1.17237,69.07433985581964,76.62612502547975,,,860
1768902600,1.17237,1.17256,1.17226,1.17233,68.3536219355671,76.1003155249218,,,766
1768902900,1.17233,1.17265,1.1723,1.17262,70.73749318270463,75.54526405123795,,,791
1768903200,1.17262,1.173,1.17257,1.17281,72.21428942119935,75.01416463162955,,,1463
1768903500,1.17281,1.17307,1.1726699999999999,1.173,73.64657869016366,74.61236049892742,,,844
1768903800,1.173,1.17305,1.17182,1.17194,56.23148758228481,72.88446306839029,,,1806
1768904100,1.17194,1.17205,1.1716,1.17173,53.53079601129406,70.7915961017979,,,1532
1768904400,1.17173,1.17194,1.17152,1.1718,54.31838617400755,69.41304621176735,,,1404
1768904700,1.1718,1.17201,1.17157,1.17184,54.78992441347881,68.20060798098353,,,996
1768905000,1.17184,1.17213,1.17177,1.17211,57.94548528061245,67.03664222576707,,,881
1768905300,1.17211,1.17244,1.17207,1.1723999999999999,61.08710616155392,65.96471636053347,,,683
1768905600,1.1723999999999999,1.17272,1.1722299999999999,1.17254,62.541900521854025,64.91035490267808,,,783
1768905900,1.17254,1.17272,1.17231,1.17233,58.9799458268512,63.54352603479651,,,579
1768906200,1.17233,1.17263,1.17231,1.17262,62.18302375059168,62.54531277199878,,,536
1768906500,1.17262,1.1732,1.1726,1.1731,66.80354438474218,62.383113095493236,,,953
1768906800,1.1731,1.17323,1.17291,1.17318,67.51591851132213,62.32327713661861,,,871
1768907100,1.17318,1.17326,1.17293,1.17293,62.96840675204955,61.76834239157181,,,827
1768907400,1.17293,1.17293,1.17234,1.17244,55.13049614311712,60.54807144313736,,,956
1768907700,1.17244,1.1725,1.1722299999999999,1.17246,55.37465796568053,59.24293424853142,,,661
1768908000,1.17246,1.17278,1.17238,1.17269,58.19217523441061,59.382983366540415,,,657
1768908300,1.17269,1.1730099999999999,1.17262,1.17264,57.34454970770311,59.655394344855345,,,837
1768908600,1.17264,1.17286,1.17253,1.17281,59.504339683057104,60.025819595501744,,,439
1768908900,1.17281,1.17317,1.17278,1.1731,62.95062795048123,60.608726991001916,,,537
1768909200,1.1731,1.17372,1.17285,1.17358,67.8305674694253,61.31480429020284,,,874
1768909500,1.17358,1.17384,1.17349,1.17368,68.75393038850434,61.862434592127855,,,888
1768909800,1.17368,1.1738899999999999,1.17365,1.1737,68.94591325452741,62.3198640730331,,,622
1768910100,1.1737,1.17383,1.17339,1.17348,64.26812987999347,62.6975915054004,,,922
1768910400,1.17348,1.17349,1.17325,1.17329,60.45336594963333,62.574044519617665,,,766
1768910700,1.17329,1.17349,1.17306,1.17347,62.71150385508004,62.28175591035608,,,599
1768911000,1.17347,1.17397,1.1734499999999999,1.17385,66.99603084771044,62.24462107724096,,,497
1768911300,1.17385,1.17424,1.17381,1.17415,69.93325302735249,62.742110096905456,,,881
1768911600,1.17415,1.17435,1.17403,1.17415,69.93325302735249,63.79944987435084,,,881
1768911900,1.17415,1.17437,1.17414,1.17424,70.83628694880181,64.90385194457379,,,626
1768912200,1.17424,1.17427,1.17367,1.1738,61.16440037916821,65.1161537406279,,,1079
1768912500,1.1738,1.17395,1.17346,1.17356,56.62298317376228,65.06461327391784,,,764
1768912800,1.17356,1.17368,1.1734499999999999,1.17359,57.05225045385909,64.88946404326084,,,679
1768913100,1.17359,1.17364,1.17298,1.17302,47.445041788135086,63.78192217452183,,,758
1768913400,1.17302,1.17307,1.17277,1.17306,48.10545532748655,62.37298559295478,,,1181
1768913700,1.17306,1.17306,1.17255,1.17258,41.38483407573821,60.41805014204292,,,1297
1768914000,1.17258,1.17295,1.17256,1.1727,43.509615750511564,58.60117174889893,,,1108
1768914300,1.1727,1.17285,1.17248,1.17277,44.76738619931951,57.208261485993646,,,763
1768914600,1.17277,1.1730099999999999,1.17264,1.17283,45.879694030651315,56.16728492035207,,,921
1768914900,1.17283,1.1733,1.17283,1.1732,52.26395965260802,55.42103176303264,,,1239
1768915200,1.1732,1.17331,1.1721,1.17221,39.005462712246796,53.421705467642376,,,1603
1768915500,1.17221,1.17229,1.17183,1.17217,38.57961011794925,51.18215954554215,,,1186
1768915800,1.17217,1.17691,1.17184,1.17453,63.73592979525823,50.73949360039256,,,5848
1768916100,1.17453,1.17494,1.17359,1.17378,55.90016217949581,49.672627545442126,,,5567
1768916400,1.17378,1.17481,1.17349,1.17355,53.7190557974511,49.140817218176615,,,3150
1768916700,1.17355,1.17456,1.17352,1.17443,60.12907857255014,49.391252603804325,,,2605
1768917000,1.17443,1.17456,1.17344,1.17379,54.24474823964674,49.19071673136058,,,3154
1768917300,1.17379,1.1738,1.17327,1.17333,50.4251127868095,49.40357894555161,,,2395
1768917600,1.17333,1.1737,1.17285,1.1729,47.08729038598318,49.33085287830137,,,2350
1768917900,1.1729,1.17309,1.17229,1.17231,42.892010060978926,49.438508305818566,,,2328
1768918200,1.17231,1.17256,1.17209,1.17241,43.80587262847543,49.45966951138741,,,2952
1768918500,1.17241,1.1731,1.17234,1.17309,49.70031681800734,49.81202169843654,,,1791
1768918800,1.17309,1.17333,1.17271,1.17277,47.191650799614486,49.90573289621962,,,1522
1768919100,1.17277,1.17306,1.17239,1.17262,46.01905759076353,49.45966846323073,,,1752
1768919400,1.17262,1.17269,1.17214,1.17227,43.31461285780398,49.767464902199094,,,2611
1768919700,1.17227,1.17245,1.1721,1.17216,42.46985833311122,50.04533977471067,,,2033
1768920000,1.17216,1.1722299999999999,1.17151,1.17202,41.364150879878586,48.44735556646926,,,1985
1768920300,1.17202,1.1723999999999999,1.17183,1.17236,45.10223969770963,47.67607538919883,,,1757
1768920600,1.17236,1.17251,1.17173,1.17201,42.12508758376733,46.84793480250713,,,1424
1768920900,1.17201,1.17212,1.17169,1.17192,41.36888889276933,45.50792125395136,,,1494
1768921200,1.17192,1.17242,1.17161,1.17237,46.536688313811005,44.9573455449631,,,1408
1768921500,1.17237,1.17303,1.17229,1.17241,46.98400653521845,44.71155224127802,,,1930
1768921800,1.17241,1.17258,1.17199,1.17234,46.254651678066566,44.652078047855404,,,1707
1768922100,1.17234,1.17278,1.17211,1.17257,49.05312310495606,45.092157550996625,,,1391
1768922400,1.17257,1.17285,1.17234,1.17255,48.815098960830774,45.44995943187916,,,1621
1768922700,1.17255,1.17261,1.17212,1.17234,46.27597496961743,45.205363585565586,,,1557
1768923000,1.17234,1.17288,1.17226,1.17285,52.70937234800394,45.5994865533077,,,1558
1768923300,1.17285,1.17326,1.17268,1.17307,55.201512022632826,46.255376155584074,,,1311
1768923600,1.17307,1.17327,1.17287,1.17297,53.81332141526808,47.00528390968866,,,1053
1768923900,1.17297,1.17338,1.17286,1.1732799999999999,57.39057842859756,48.071049630794825,,,1279
1768924200,1.1732799999999999,1.17372,1.17319,1.17327,57.23657512392873,49.20479421965555,,,1551
1768924500,1.17327,1.1734499999999999,1.17257,1.17271,49.26410744242089,49.50207048713492,,,1903
1768924800,1.17271,1.17335,1.1727,1.17304,53.384687224384365,50.306327604321844,,,1276
1768925100,1.17304,1.17351,1.1730099999999999,1.17348,58.25313293336666,51.51234503579309,,,1006
1768925400,1.17348,1.17373,1.17326,1.17337,56.65996083905319,52.23543593045325,,,1030
1768925700,1.17337,1.17357,1.17305,1.17342,57.23251830778213,52.96747248563638,,,1087
1768926000,1.17342,1.17363,1.17327,1.17336,56.27182076064294,53.682984562963256,,,802
1768926300,1.17336,1.1735,1.17316,1.17334,55.93477478312645,54.174531111404,,,1121
1768926600,1.17334,1.17344,1.17276,1.17282,47.90129877582306,54.109259669617735,,,1305
1768926900,1.17282,1.17294,1.17269,1.1728,47.618026329304584,54.20512048102396,,,914
1768927200,1.1728,1.17338,1.17278,1.1732799999999999,54.56288924164378,54.337514544855374,,,1161
1768927500,1.1732799999999999,1.17349,1.17296,1.17307,51.354944877611686,54.06275974878243,,,1099
1768927800,1.17307,1.17354,1.17303,1.17349,56.82259464979201,54.27770783696271,,,905
1768928100,1.17349,1.17393,1.17349,1.17388,61.185321129396016,54.548760887019746,,,843
1768928400,1.17388,1.1742299999999999,1.17366,1.1742,64.36678171987089,55.058061358158476,,,1025
1768928700,1.1742,1.17427,1.17398,1.1740599999999999,61.973470862762966,55.965873031040054,,,776
1768929000,1.1740599999999999,1.17413,1.17383,1.17392,59.58743646201042,56.408926548013355,,,900
1768929300,1.17392,1.17408,1.1738,1.17399,60.408223626986704,56.56286159755764,,,877
1768929600,1.17399,1.174,1.17324,1.17327,49.313862134085475,56.03814026148852,,,940
1768929900,1.17327,1.17353,1.17319,1.17332,50.00060348956851,55.521574917330405,,,974
1768930200,1.17332,1.17332,1.17302,1.17329,49.56666355307211,55.04263511678964,,,838
1768930500,1.17329,1.17359,1.17323,1.17348,52.38513697545128,54.78908955909855,,,878
1768930800,1.17348,1.1737,1.1732799999999999,1.17329,49.41136426194413,54.89695137953577,,,942
1768931100,1.17329,1.17329,1.1730099999999999,1.17313,46.99214080972263,54.8522452709942,,,747
1768931400,1.17313,1.17326,1.17296,1.17321,48.35371989856179,54.40873317505977,,,799
1768931700,1.17321,1.1734499999999999,1.17313,1.17315,47.370930483811435,54.124160718359754,,,812
1768932000,1.17315,1.17321,1.17289,1.17297,44.45197432138889,53.240544980616676,,,743
1768932300,1.17297,1.17318,1.17295,1.17318,48.44342859747522,52.330409799765185,,,450
1768932600,1.17318,1.17338,1.17306,1.17308,46.72176934567448,51.07005177303687,,,620
1768932900,1.17308,1.1734,1.17307,1.17334,51.543696448147315,50.3250678862786,,,485
1768933200,1.17334,1.17335,1.17315,1.17317,48.45570545930298,49.52994424322808,,,559
1768933500,1.17317,1.17322,1.17309,1.17311,47.37687333037637,48.5991335077559,,,397
1768933800,1.17311,1.17326,1.17304,1.17313,47.794118972068794,48.490580424754704,,,341
1768934100,1.17313,1.17324,1.17292,1.1732,49.30906848589888,48.441185067349736,,,483
1768934400,1.1732,1.1732,1.17303,1.17311,47.40436988952223,48.28673551995331,,,403
1768934700,1.17311,1.17333,1.1730099999999999,1.17333,52.25899680091584,48.277725507486494,,,489
1768935000,1.17333,1.17333,1.17292,1.17292,44.09121507490411,47.89771485126935,,,365
1768935300,1.17292,1.17293,1.17264,1.17266,39.838907680294696,47.38676962773878,,,620
1768935600,1.17266,1.17279,1.1723999999999999,1.17247,37.02847403783613,46.57782349482981,,,711
1768935900,1.17247,1.1725,1.17227,1.17232,34.93326466134661,45.68941879322517,,,629
1768936200,1.17232,1.17245,1.172,1.17218,33.05338923052801,44.87523414387797,,,994
1768936500,1.17218,1.17245,1.17203,1.17242,39.10333264983562,44.20808443333228,,,685
1768936800,1.17242,1.1725,1.17227,1.17233,37.72648767709352,43.56556431414793,,,488
1768937100,1.17233,1.17234,1.1722,1.17224,36.34820308874756,42.48017193133366,,,541
1768937400,1.17224,1.1723,1.17203,1.17213,34.68052197642557,41.496230253985274,,,782
1768937700,1.17213,1.17218,1.17201,1.17203,33.189701303850256,40.482860823519125,,,504
1768938000,1.17203,1.17203,1.17158,1.17166,28.336079330977242,39.093000849155445,,,904
1768938300,1.17166,1.17185,1.17161,1.17174,30.695981333399274,37.7634946239769,,,868
1768938600,1.17174,1.17184,1.1715,1.17156,28.427673828245034,36.40801633388567,,,990
1768938900,1.17156,1.17161,1.17113,1.17122,24.712878899792543,34.44043648380544,,,1169
1768939200,1.17122,1.17137,1.17108,1.17111,23.63671340987355,32.97940065058897,,,858
1768939500,1.17111,1.17177,1.1711,1.17176,40.20644429910569,33.005653266218324,,,732
1768939800,1.17176,1.17192,1.1714,1.17151,36.890853807500235,32.99582324976576,,,706
1768940100,1.17151,1.1718,1.17146,1.17152,37.11424301416689,33.15160741782436,,,933
1768940400,1.17152,1.17157,1.1712,1.17152,37.11424301416688,33.44166840236999,,,862
1768940700,1.17152,1.17195,1.17151,1.17193,46.173976130110354,33.94671436524676,,,871
1768941000,1.17193,1.17204,1.17158,1.17171,42.62539276432957,34.2966361571922,,,762
1768941300,1.17171,1.1717899999999999,1.17164,1.17166,41.83841054115921,34.68879383236445,,,828
1768941600,1.17166,1.17191,1.17157,1.17191,47.09768563989886,35.57573409404112,,,804
1768941900,1.17191,1.17201,1.17174,1.17186,46.19792544880576,36.50489296153794,,,768
1768942200,1.17186,1.17196,1.17171,1.17178,44.725651756845075,37.675576706242786,,,537
1768942500,1.17178,1.17196,1.17173,1.17194,48.27601458327369,38.931293366948104,,,665
1768942800,1.17194,1.17208,1.17175,1.17207,51.028353232035315,40.545627610075975,,,525
1768943100,1.17207,1.17232,1.17207,1.17232,55.88944429505942,42.77252513830933,,,156
1768943400,1.17232,1.17232,1.17217,1.17224,54.04083241265667,44.9442479242224,,,108
1768943700,1.17224,1.17231,1.17221,1.17226,54.44649266952768,45.9613942363954,,,126
1768944000,1.17226,1.17236,1.1722299999999999,1.17232,55.70950270645979,47.305583443463945,,,156
1768944300,1.17232,1.17242,1.17228,1.17236,56.57393090323878,48.695561149826226,,,431
1768944600,1.17236,1.17251,1.17231,1.17245,58.53488938145221,50.22560731891803,,,192
1768944900,1.17245,1.17245,1.17225,1.17227,53.34643546538835,50.73792584286646,,,145
1768945200,1.17227,1.17227,1.1722,1.17226,53.06502276420149,51.48361370000017,,,185
1768945500,1.17226,1.17241,1.17221,1.17241,56.75051242956035,52.54876383488597,,,216
1768945800,1.17241,1.17252,1.17234,1.1725,58.838947562256195,53.38742540076863,,,159
1768946100,1.1725,1.1726699999999999,1.17243,1.17243,56.551635563585336,54.12697612325288,,,307
1768946400,1.17243,1.17243,1.17198,1.17202,45.415487581639226,54.17625011073819,,,104
1768946700,1.17202,1.17249,1.17202,1.17236,53.579111921346055,54.55504277774336,,,145
1768947000,1.17236,1.17241,1.17224,1.17224,50.69717576709411,54.53138724453327,,,21
1768947300,1.17224,1.17229,1.17207,1.17212,47.92128735317612,53.96223317725589,,,64
1768947600,1.17212,1.17233,1.1721,1.17233,52.79265132264319,53.873077385112076,,,39
1768947900,1.17233,1.17239,1.17233,1.17237,53.68138429059469,53.81842678661686,,,26
1768948200,1.17237,1.17243,1.17234,1.17239,54.14621155304358,53.70676313280142,,,210
1768948500,1.17239,1.17244,1.17236,1.17238,53.85519458785312,53.51256768170244,,,133
1768948800,1.17238,1.17246,1.17237,1.1723999999999999,54.38326172300395,53.216022848956136,,,98
1768949100,1.1723999999999999,1.17246,1.17239,1.17243,55.21122569751158,53.34922215125065,,,93
1768949400,1.17243,1.17251,1.17238,1.1725,57.16488408824636,53.64206938868243,,,234
1768949700,1.1725,1.1725,1.17199,1.17214,46.04188938182301,52.877167742415466,,,168
1768950000,1.17214,1.17244,1.17209,1.17239,52.896293102060184,52.452692423830044,,,188
1768950300,1.17239,1.17248,1.17232,1.17246,54.63403708933952,52.31572110424106,,,108
1768950600,1.17246,1.17248,1.17216,1.1722,47.608561074878345,52.47236921090099,,,177
1768950900,1.1722,1.1723999999999999,1.1722,1.17238,52.192052292309874,52.37329352311269,,,97
1768951200,1.17238,1.17242,1.17234,1.17236,51.65134788410925,52.44144867432806,,,72
1768951500,1.17236,1.17242,1.17234,1.17242,53.21718933011367,52.819727386966456,,,71
1768951800,1.17242,1.17242,1.17234,1.1723999999999999,52.60560150342037,52.80636668559339,,,106
1768952100,1.1723999999999999,1.1725,1.17238,1.17249,55.10590821245885,52.90811839429797,,,153
1768952400,1.17249,1.17255,1.17244,1.17252,55.940302288831255,53.036267732568525,,,245
1768952700,1.17252,1.17288,1.17252,1.1728399999999999,63.69201364081902,53.738897664923236,,,208
1768953000,1.1728399999999999,1.17285,1.1726699999999999,1.1728,62.21844646520692,54.298553717937736,,,189
1768953300,1.1728,1.1728,1.1726699999999999,1.1727,58.57018269670347,54.53847921788001,,,160
1768953600,1.1727,1.1727,1.1722299999999999,1.17225,45.60969294933944,53.713108422243806,,,550
1768953900,1.17225,1.17237,1.1722,1.17237,48.85953970355014,53.914369159510024,,,308
1768954200,1.17237,1.17247,1.17231,1.17236,48.59894137948797,53.60741546504058,,,405
1768954500,1.17236,1.17236,1.17214,1.1722,44.50850260301472,52.884163001731665,,,271
1768954800,1.1722,1.17222,1.17193,1.17195,38.98688491692229,52.26832899044909,,,409
1768955100,1.17195,1.17203,1.17187,1.17202,41.18697069427598,51.48225173344667,,,336
1768955400,1.17202,1.17212,1.17199,1.1721,43.686209776934,50.913313297219865,,,413
1768955700,1.1721,1.17212,1.17201,1.17203,42.0042327974754,50.11238783060285,,,315
1768956000,1.17203,1.17204,1.17182,1.17185,37.95726506444198,49.06607808496153,,,195
1768956300,1.17185,1.1719,1.17166,1.17168,34.56965915238244,47.59920315209894,,,408
1768956600,1.17168,1.17194,1.17167,1.17188,41.2165534556771,46.54750680687364,,,522
1768956900,1.17188,1.17238,1.17181,1.17237,53.6420686754061,45.82965359505844,,,598
1768957200,1.17237,1.17251,1.17231,1.17242,54.694441100625745,45.2922246404455,,,738
1768957500,1.17242,1.17257,1.17237,1.17238,53.645257682132666,44.940444282261865,,,383
1768957800,1.17238,1.17266,1.17225,1.17253,56.978092878049125,45.75247284859828,,,533
1768958100,1.17253,1.17253,1.17233,1.17245,54.71846469721589,46.17096749100296,,,717
1768958400,1.17245,1.17292,1.17237,1.17291,63.64603677460537,47.24576001922564,,,576
1768958700,1.17291,1.17318,1.17288,1.17318,67.67457163615632,48.900479235878606,,,625
1768959000,1.17318,1.17337,1.1731,1.17335,69.93372071529421,51.110967507190885,,,765
1768959300,1.17335,1.17341,1.17329,1.1733,68.4191688086592,53.05612451536111,,,341
1768959600,1.1733,1.17332,1.17317,1.1733,68.4191688086592,54.82276444619863,,,481
1768959900,1.1733,1.17337,1.17298,1.17314,63.32913758815981,56.34597193124752,,,720
1768960200,1.17314,1.17326,1.17299,1.17307,61.18453389775669,58.005062562198574,,,556
1768960500,1.17307,1.17311,1.17277,1.17289,55.93869494533694,59.53142226169532,,,579
1768960800,1.17289,1.17294,1.17281,1.17291,56.386140289924725,60.61496417842729,,,488
1768961100,1.17291,1.173,1.1727,1.17277,52.37653068978858,60.52456860802604,,,525
1768961400,1.17277,1.17287,1.1726,1.17283,53.88986208138623,60.467098678080355,,,541
1768961700,1.17283,1.17292,1.1727,1.17276,51.82091418322518,60.3367884281584,,,539
1768962000,1.17276,1.17281,1.17247,1.1725,44.92226419605964,59.475657808016294,,,398
1768962300,1.1725,1.17258,1.17245,1.17249,44.6759191278019,58.758333124486725,,,346
1768962600,1.17249,1.17275,1.17243,1.17273,51.54386592178235,57.893892349285075,,,366
1768962900,1.17273,1.17309,1.17272,1.17305,58.874582863053675,57.26532172263489,,,444
1768963200,1.17305,1.17317,1.1729,1.1729,54.697338809887654,56.17700872939156,,,515
1768963500,1.1729,1.17297,1.17277,1.1729,54.697338809887654,55.1968780151936,,,403
1768963800,1.1729,1.1729,1.1726699999999999,1.17273,50.03147221004395,53.883471115292515,,,321
1768964100,1.17273,1.17276,1.17258,1.17264,47.711068582530324,52.76789475774755,,,317
1768964400,1.17264,1.17289,1.17258,1.17269,49.12281124022697,51.906343139352565,,,486
1768964700,1.17269,1.17273,1.17256,1.1726,46.67976535553399,51.244991025795215,,,224
1768965000,1.1726,1.17265,1.17205,1.17215,36.81963641546528,49.847383606190974,,,474
1768965300,1.17215,1.17219,1.17141,1.17148,27.504252654740938,48.07079231797328,,,1242
1768965600,1.17148,1.17165,1.17117,1.17135,26.123228310060625,46.08746133430716,,,727
1768965900,1.17135,1.17146,1.17112,1.17119,24.49315361492806,44.13547843657165,,,464
1768966200,1.17119,1.17135,1.17104,1.1711799999999999,24.390713545072856,42.66893910435831,,,594
1768966500,1.1711799999999999,1.17154,1.17115,1.17144,32.31688608825755,41.78615103010514,,,475
1768966800,1.17144,1.17156,1.17134,1.17148,33.47236439999868,40.49532949283488,,,440
1768967100,1.17148,1.17155,1.17143,1.17147,33.319220047572514,38.66994643458623,,,367
1768967400,1.17147,1.17164,1.1714499999999999,1.1716,37.33324299711506,37.42965387653105,,,273
1768967700,1.1716,1.17189,1.1716,1.17187,44.76963369520512,36.72053208262515,,,405
1768968000,1.17187,1.17197,1.17175,1.1719,45.5428869672244,36.399918850995185,,,378
1768968300,1.1719,1.17191,1.17143,1.17158,39.233160348172355,35.79435397711248,,,410
1768968600,1.17158,1.17163,1.17141,1.17146,37.15434666885645,34.93946365058601,,,464
1768968900,1.17146,1.17166,1.17144,1.17154,39.457465237738894,34.423585070743506,,,294
1768969200,1.17154,1.17163,1.17151,1.1716199999999999,41.75613163114195,34.77619187186327,,,312
1768969500,1.1716199999999999,1.17169,1.1715,1.1715,39.34311648569351,35.62182500264559,,,204
1768969800,1.1715,1.17158,1.17139,1.17153,40.2723816973578,36.63247881602397,,,240
1768970100,1.17153,1.17177,1.17152,1.17174,46.45613335528967,38.20126308319265,,,292
1768970400,1.17174,1.17176,1.17159,1.1717,45.49004120623644,39.708357916132904,,,328
1768970700,1.1717,1.17171,1.17159,1.1716,43.078152549343095,40.47701980621044,,,276
1768971000,1.1716,1.17193,1.17156,1.17191,51.638427526188714,41.774595743795444,,,542
1768971300,1.17191,1.17203,1.1717899999999999,1.17181,49.0746017929947,42.89998015418275,,,699
1768971600,1.17181,1.17198,1.17177,1.17195,52.62120212056978,43.99197723442951,,,404
1768971900,1.17195,1.17212,1.17188,1.17205,55.03030004691604,44.72488197383744,,,400
1768972200,1.17205,1.17215,1.17199,1.17204,54.73060103077953,45.381147264091375,,,255
1768972500,1.17204,1.17207,1.17189,1.17198,52.870101708758284,46.35521450413323,,,169
1768972800,1.17198,1.1721,1.17193,1.1720599999999999,55.06352148206433,47.63444127650522,,,241
1768973100,1.1720599999999999,1.1720599999999999,1.17187,1.17189,49.763476205426294,48.370584917054316,,,288
1768973400,1.17189,1.17195,1.17177,1.1719,50.06793664642423,48.964285275288766,,,373
1768973700,1.1719,1.17191,1.17167,1.1717,44.28695262771464,49.31741642829028,,,361
1768974000,1.1717,1.17187,1.17166,1.17168,43.743031862497695,49.56532001151455,,,303
1768974300,1.17168,1.1717899999999999,1.17158,1.17159,41.285738027040956,49.19600605949678,,,273
1768974600,1.17159,1.17168,1.17156,1.17158,41.010073469911966,48.87600836404504,,,232
1768974900,1.17158,1.17181,1.17157,1.17173,46.75322327204154,49.13851341566635,,,364
1768975200,1.17173,1.17175,1.17156,1.17165,44.2773018975911,48.61271872790938,,,288
1768975500,1.17165,1.17178,1.17153,1.17178,49.00341822708368,48.60763418748717,,,349
1768975800,1.17178,1.17201,1.17178,1.17189,52.66202678701204,48.61055023509018,,,446
1768976100,1.17189,1.17204,1.17188,1.172,56.05709370984706,48.68389263958526,,,210
1768976400,1.172,1.172,1.17187,1.17189,52.03786402597761,48.4915542820994,,,261
1768976700,1.17189,1.17201,1.17185,1.17199,55.183728222246835,48.656813318777154,,,380
1768977000,1.17199,1.17214,1.17192,1.17212,58.95294800481759,48.93462949897383,,,523
1768977300,1.17212,1.17221,1.17204,1.17217,60.33472372007507,49.689718607163016,,,465
1768977600,1.17217,1.17243,1.17212,1.17225,62.50934331863613,50.57839051232101,,,299
1768977900,1.17225,1.17233,1.1721,1.17222,61.15532956390707,51.783274579191904,,,273
1768978200,1.17222,1.17246,1.17222,1.1723999999999999,65.92462973483873,53.367674427216265,,,375
1768978500,1.1723999999999999,1.17249,1.17229,1.17239,65.4438960652142,55.09325714422864,,,428
1768978800,1.17239,1.17239,1.17178,1.1718,44.72248053538468,55.35842907747669,,,926
1768979100,1.1718,1.17203,1.17163,1.17168,41.822006035177154,55.006199274843524,,,785
1768979400,1.17168,1.1718,1.17138,1.17143,36.50957407918662,54.451361573528914,,,765
1768979700,1.17143,1.17207,1.17142,1.17192,49.933425906517115,54.51779069348845,,,913
1768980000,1.17192,1.17228,1.17181,1.17225,56.590139113757175,54.79837014539881,,,689
1768980300,1.17225,1.17253,1.17218,1.17235,58.39533663081907,54.96538749689682,,,751
1768980600,1.17235,1.17238,1.17144,1.17151,42.432797694117184,54.279311330335354,,,815
1768980900,1.17151,1.17172,1.171,1.17104,36.43198711381984,52.93990125116199,,,920
1768981200,1.17104,1.17135,1.17098,1.17135,42.234611625797335,51.74573436694625,,,903
1768981500,1.17135,1.17187,1.17124,1.17182,49.72731832023205,50.98806255267176,,,667
1768981800,1.17182,1.17187,1.1715,1.17184,50.02437960153706,50.09627943002182,,,1028
1768982100,1.17184,1.17199,1.17157,1.1717,47.89108235216915,49.148833200611975,,,1311
1768982400,1.1717,1.17187,1.17122,1.17126,41.85048993830237,47.42925178657366,,,1181
1768982700,1.17126,1.17142,1.17096,1.17127,42.029453363450926,45.75679159359056,,,840
1768983000,1.17127,1.17129,1.17095,1.1712,41.07645125227705,45.49636093051145,,,733
1768983300,1.1712,1.17141,1.1711,1.17134,43.82014367798466,45.63908504785484,,,852
1768983600,1.17134,1.17142,1.17102,1.17104,39.568348315332955,45.85756892186529,,,845
1768983900,1.17104,1.17115,1.17069,1.17085,37.112318296783016,44.941775521169994,,,807
1768984200,1.17085,1.17086,1.1705,1.1705699999999999,33.78427152494059,43.31278497911166,,,876
1768984500,1.1705699999999999,1.17075,1.1705,1.17065,35.562257348743785,41.68185074467772,,,619
1768984800,1.17065,1.17107,1.1706,1.17094,41.675999673574225,41.62779374321036,,,700
1768985100,1.17094,1.17114,1.1708,1.17108,44.41768835215582,42.19820097452008,,,584
1768985400,1.17108,1.17116,1.17097,1.1711,44.81677258979015,42.382641043376715,,,434
1768985700,1.1711,1.17124,1.17099,1.1710099999999999,43.309779905709334,41.92424544233938,,,583
1768986000,1.1710099999999999,1.1712,1.1708399999999999,1.17105,44.207718935152464,41.508769680454755,,,781
1768986300,1.17105,1.17116,1.17082,1.171,43.28478905327191,41.179748730533525,,,522
1768986600,1.171,1.17109,1.17089,1.17091,41.60120911188304,41.16194295721785,,,516
1768986900,1.17091,1.17121,1.1708,1.17086,40.655133159515806,41.063777228365346,,,604
1768987200,1.17086,1.17112,1.17082,1.1710099999999999,44.71692950685132,41.32381138940637,,,518
1768987500,1.1710099999999999,1.17126,1.17099,1.17116,48.512047558232716,41.658947380852666,,,435
1768987800,1.17116,1.17116,1.17062,1.17075,40.356956399726585,41.71527652973792,,,660
1768988100,1.17075,1.17087,1.17071,1.1708,41.64528311321563,42.039059730911674,,,471
1768988400,1.1708,1.17082,1.17045,1.17059,37.9386308725413,42.33579968431172,,,581
1768988700,1.17059,1.17065,1.17042,1.17051,36.60210472881446,42.41007449717392,,,652
1768989000,1.17051,1.17051,1.17031,1.17036,34.17133559272985,41.8740270628279,,,442
1768989300,1.17036,1.1703999999999999,1.17012,1.17034,33.848559569905916,41.11908929266719,,,647
1768989600,1.17034,1.17064,1.17026,1.17062,42.09502611654899,40.92467883029282,,,620
1768989900,1.17062,1.1708399999999999,1.17059,1.17075,45.49249069980107,41.08058674415652,,,625
1768990200,1.17075,1.17083,1.17045,1.1706,42.40113393083883,40.951544958134114,,,659
1768990500,1.1706,1.17078,1.17045,1.17058,41.99140816746231,40.859160609147715,,,743
1768990800,1.17058,1.17069,1.17044,1.17063,43.4622930502949,40.99209517617714,,,593
1768991100,1.17063,1.1707,1.1703999999999999,1.17045,39.57216940632876,40.91474062237806,,,598
1768991400,1.17045,1.17048,1.17014,1.17038,38.142390467484475,40.44513069099471,,,695
1768991700,1.17038,1.17052,1.17033,1.17038,38.142390467484475,39.70444089879841,,,428
1768992000,1.17038,1.17082,1.17037,1.17075,49.35884687669989,40.34743307572507,,,565
1768992300,1.17075,1.17083,1.1705699999999999,1.17065,46.884423123185755,40.72165736215151,,,532
1768992600,1.17065,1.17075,1.17056,1.1707,48.280527364711375,41.460364254449374,,,390
1768992900,1.1707,1.1708399999999999,1.17062,1.1707,48.280527364711375,42.294537299870576,,,520
1768993200,1.1707,1.17072,1.17045,1.1706,45.506150795900744,43.10416695723993,,,581
1768993500,1.1706,1.17079,1.17052,1.17077,50.69334543486654,44.307365947594256,,,707
1768993800,1.17077,1.17087,1.1705699999999999,1.1705699999999999,45.23764176324926,44.53183849378713,,,548
1768994100,1.1705699999999999,1.17082,1.17039,1.17081,51.92405994900281,44.99123629730154,,,542
1768994400,1.17081,1.17111,1.17081,1.17111,58.71054960471771,46.15619455972147,,,463
1768994700,1.17111,1.17163,1.17111,1.17126,61.627269960065924,47.558756116336006,,,578
1768995000,1.17126,1.17134,1.17112,1.17113,57.815417083302194,48.58397926155082,,,449
1768995300,1.17113,1.17168,1.17112,1.17166,66.82478214566848,50.530594457217944,,,715
1768995600,1.17166,1.17168,1.17129,1.17144,61.00095404732135,52.163348998634866,,,590
1768995900,1.17144,1.17175,1.17139,1.17175,65.55614367807163,54.121474227962516,,,627
1768996200,1.17175,1.17197,1.1717,1.17182,66.50745285289003,55.34637465483325,,,598
1768996500,1.17182,1.17203,1.17119,1.17141,56.64002706850157,56.043203508070086,,,1221
1768996800,1.17141,1.1716,1.1712,1.17151,58.266400330536825,56.7564801484862,,,823
1768997100,1.17151,1.17174,1.17144,1.17166,60.6506137531155,57.64005774765792,,,651
1768997400,1.17166,1.17217,1.17166,1.17207,66.31522616584037,59.12642027408215,,,799
1768997700,1.17207,1.17216,1.17191,1.17207,66.31522616584037,60.242268897723136,,,696
1768998000,1.17207,1.17232,1.1720599999999999,1.17229,69.08479731129388,61.94563715115489,,,837
1768998300,1.17229,1.17246,1.17213,1.17245,70.95517631987,63.30500260621683,,,838
1768998600,1.17245,1.17285,1.17242,1.17279,74.48745473555522,64.43192440127665,,,627
1768998900,1.17279,1.17296,1.17272,1.17287,75.25015589091313,65.40498768205146,,,604
1768999200,1.17287,1.17317,1.17286,1.17302,76.65913183118104,66.75096730689994,,,635
1768999500,1.17302,1.17331,1.17302,1.17331,79.13252131583785,67.63009153334062,,,628
1768999800,1.17331,1.17348,1.17324,1.17347,80.36856606864457,69.01349239200655,,,578
1769000100,1.17347,1.17358,1.17336,1.17347,80.36856606864457,70.07152256276177,,,639
1769000400,1.17347,1.17357,1.17324,1.17343,79.01161394432503,70.9646769264357,,,870
1769000700,1.17343,1.17392,1.17337,1.17386,82.44334488940252,72.80777105650006,,,818
1769001000,1.17386,1.17397,1.17347,1.17359,74.23555656118785,73.94842507297514,,,681
1769001300,1.17359,1.17367,1.1732,1.17333,67.28843006044093,74.42255480921267,,,883
1769001600,1.17333,1.17342,1.17293,1.1731,61.78055343079735,74.09864961385244,,,952
1769001900,1.1731,1.1732,1.17285,1.17308,61.310587765011384,73.74117544236466,,,597
1769002200,1.17308,1.17321,1.1729,1.17311,61.78024196684486,73.21942148918973,,,700
1769002500,1.17311,1.17342,1.17297,1.17324,63.82927997869792,72.71042889339172,,,787
1769002800,1.17324,1.17352,1.17303,1.17352,67.82978981571354,72.23488139911733,,,916
1769003100,1.17352,1.1736199999999999,1.17319,1.17356,68.36802385046755,71.7433005390855,,,1168
1769003400,1.17356,1.1743,1.17353,1.17422,75.61695308380575,71.66885919998727,,,1483
1769003700,1.17422,1.17429,1.1736,1.17395,68.68270408033608,70.92244368316571,,,1734
1769004000,1.17395,1.17407,1.17286,1.17294,50.154527058607634,68.76429803959164,,,2508
1769004300,1.17294,1.17339,1.17212,1.17325,54.23528704659307,66.89763525230225,,,3694
1769004600,1.17325,1.17341,1.17149,1.17245,44.182648758410984,64.40985202473698,,,4252
1769004900,1.17245,1.1728,1.17154,1.17175,37.61317162751367,61.20769679174491,,,2301
1769005200,1.17175,1.17227,1.17158,1.1717899999999999,38.178841218466964,58.6322171244077,,,2360
1769005500,1.1717899999999999,1.17256,1.17175,1.17239,46.076905671408696,57.11710823947682,,,2032
1769005800,1.17239,1.17278,1.17233,1.1727,49.65564018557154,56.25104300767498,,,2310
1769006100,1.1727,1.17285,1.17235,1.17266,49.2018872805568,55.38613583021394,,,1952
1769006400,1.17266,1.17276,1.17226,1.17261,48.604002410774484,54.4449758619232,,,1533
1769006700,1.17261,1.17292,1.17254,1.1726699999999999,49.398630660405495,53.414215196330886,,,1551
1769007000,1.1726699999999999,1.17299,1.17252,1.17286,51.93299360216153,52.27872975250575,,,1637
1769007300,1.17286,1.17289,1.17205,1.17248,46.876216924085305,50.74360068633558,,,1951
1769007600,1.17248,1.17286,1.17215,1.17265,49.2566687646604,48.860723234968056,,,1946
1769007900,1.17265,1.17268,1.17221,1.17235,45.3912252814204,47.19704617790264,,,1282
1769008200,1.17235,1.17257,1.17199,1.17203,41.63773897355158,46.58870417182722,,,1361
1769008500,1.17203,1.17229,1.17107,1.17117,33.59699071348382,45.1145401480337,,,1529
1769008800,1.17117,1.17129,1.17045,1.17065,29.844165462872354,44.09036276978094,,,2105
1769009100,1.17065,1.17097,1.17054,1.1708399999999999,32.797927928584244,43.74641679128598,,,1660
1769009400,1.1708399999999999,1.17155,1.17082,1.17155,42.534544292611095,44.057538439439135,,,1464
1769009700,1.17155,1.1716,1.17091,1.17104,38.24779301756593,43.4983161070218,,,1377
1769010000,1.17104,1.17138,1.1707,1.17137,42.29999251308502,42.97291270184418,,,1830
1769010300,1.17137,1.17147,1.17103,1.17121,40.89866954241463,42.37982572054831,,,1134
1769010600,1.17121,1.17125,1.17043,1.1705,35.3087746024115,41.430166591379525,,,1605
1769010900,1.1705,1.1706,1.17005,1.1702,33.241390211419045,40.2760779878805,,,2026
1769011200,1.1702,1.17055,1.17015,1.1703999999999999,35.93451293301035,39.13332936865542,,,1395
1769011500,1.1703999999999999,1.17051,1.17025,1.1703,35.1705320596452,38.2972090211954,,,929
1769011800,1.1703,1.17087,1.1703,1.17081,41.94905229557535,37.77523641626076,,,866
1769012100,1.17081,1.17093,1.17029,1.17031,37.77851651751901,37.23147150455352,,,861
1769012400,1.17031,1.17037,1.1694499999999999,1.16964,33.03850338278802,36.617240390927556,,,1243
1769012700,1.16964,1.17039,1.16961,1.17026,40.48059171068647,37.10892617644202,,,972
1769013000,1.17026,1.17105,1.17015,1.17086,46.65898038488609,38.309984385157286,,,1319
1769013300,1.17086,1.17106,1.17054,1.17071,45.39043600044557,39.2094492474331,,,1116
1769013600,1.17071,1.17072,1.17014,1.17021,41.3543953905993,39.125152897289404,,,1240
1769013900,1.17021,1.1705699999999999,1.17021,1.17051,44.54079851283905,39.57465328980891,,,990
1769014200,1.17051,1.17075,1.16967,1.1703,42.78824050122091,39.60952814610433,,,2772
1769014500,1.1703,1.17041,1.17005,1.17032,43.01819715158768,39.76092297533098,,,1897
1769014800,1.17032,1.17066,1.1701,1.17043,44.343228201195096,40.40624108952981,,,1508
1769015100,1.17043,1.17087,1.17043,1.17087,49.41071987425867,41.56119320830406,,,1091
1769015400,1.17087,1.17096,1.17064,1.17094,50.187755954616286,42.57928199556163,,,877
1769015700,1.17094,1.17106,1.17083,1.17093,50.06944033952741,43.643489729838926,,,1090
1769016000,1.17093,1.17115,1.1708399999999999,1.17085,49.072752010774664,44.15232542378174,,,849
1769016300,1.17085,1.17102,1.17074,1.17078,48.16920888576335,44.89451773579919,,,749
1769016600,1.17078,1.17078,1.17,1.17004,39.821863013040556,45.379043423674375,,,1021
1769016900,1.17004,1.17031,1.16984,1.1701,40.71887764385406,45.39606384747206,,,1022
1769017200,1.1701,1.1703,1.1697,1.16985,38.16610536738222,44.78942991765035,,,1196
1769017500,1.16985,1.16998,1.16973,1.16985,38.16610536738222,44.27340630100297,,,1223
1769017800,1.16985,1.17032,1.16982,1.17032,45.601897535329606,44.57679931134085,,,758
1769018100,1.17032,1.17039,1.1702,1.17028,45.10476760930839,44.617082818231516,,,722
1769018400,1.17028,1.17033,1.16989,1.16991,40.68639240958279,44.46695081168594,,,707
1769018700,1.16991,1.17013,1.1698,1.16997,41.68400527363735,44.371651391832344,,,839
1769019000,1.16997,1.17008,1.16983,1.16992,41.064172952510695,44.13743315978345,,,643
1769019300,1.16992,1.17006,1.16971,1.16976,39.06247214979363,43.39827260803595,,,636
1769019600,1.16976,1.17007,1.16971,1.17001,43.68190588427488,42.93356903158299,,,500
1769019900,1.17001,1.17008,1.16997,1.16998,43.25812870308213,42.4470467718369,,,529
1769020200,1.16998,1.17019,1.16974,1.16991,42.22867941404123,41.958184443498794,,,478
1769020500,1.16991,1.16998,1.16958,1.16958,37.676602924898575,41.20871258915132,,,468
1769020800,1.16958,1.1697,1.16936,1.1697,40.20094586490221,41.235789935712866,,,477
1769021100,1.1697,1.16992,1.16966,1.16985,43.292875213535595,41.41964690497583,,,343
1769021400,1.16985,1.16998,1.16975,1.16986,43.50260354712764,41.80082534638622,,,384
1769021700,1.16986,1.16988,1.16956,1.16968,40.5924123146767,41.974132985478676,,,560
1769022000,1.16968,1.16977,1.16951,1.16976,42.43557066218488,41.74796678025405,,,600
1769022300,1.16976,1.1697899999999999,1.16948,1.16952,38.56949280585718,41.281161437150395,,,427
1769022600,1.16952,1.16975,1.16951,1.16972,43.21247410172195,41.461595843731764,,,411
1769022900,1.16972,1.16993,1.1696199999999999,1.16989,46.887126316462165,41.833247346790685,,,448
1769023200,1.16989,1.17041,1.16985,1.1703999999999999,56.07090638244564,42.90515687750032,,,740
1769023500,1.1703999999999999,1.17052,1.16798,1.16856,33.53880831755241,42.51060946091167,,,5013
1769023800,1.16856,1.1687,1.1679,1.16851,33.14898203430023,41.75825775734205,,,3990
1769024100,1.16851,1.16861,1.16803,1.1682,30.76166701977037,40.86565335139121,,,2522
1769024400,1.1682,1.16852,1.1677,1.16802,29.43606025681956,39.951894840161096,,,2155
1769024700,1.16802,1.16821,1.16781,1.16818,32.231591138134405,39.56296542682079,,,1572
1769025000,1.16818,1.16855,1.16813,1.16847,37.09592061091428,39.341177908678794,,,1233
1769025300,1.16847,1.1691799999999999,1.16847,1.16913,46.50670207933939,39.57073697052193,,,1226
1769025600,1.16913,1.16919,1.16851,1.16858,41.00175932392342,39.392105240293056,,,1194
1769025900,1.16858,1.16882,1.16843,1.1685,40.25535709435606,39.36802986741301,,,964
1769026200,1.1685,1.16878,1.16835,1.16845,39.76808691238439,39.17749531385583,,,860
1769026500,1.16845,1.16849,1.16831,1.16841,39.35764666066854,39.23379201777092,,,863
1769026800,1.16841,1.16869,1.1676199999999999,1.16776,33.33656939852588,38.52837025325692,,,1159
1769027100,1.16776,1.16806,1.16776,1.16798,36.85752605507981,37.811970234586745,,,855
1769027400,1.16798,1.16833,1.16797,1.1683,41.682386370890335,36.784218805189944,,,795
1769027700,1.1683,1.1685699999999999,1.16821,1.16821,40.739506998688974,37.29855442527113,,,705
1769028000,1.16821,1.16853,1.16821,1.16847,44.63577068108998,38.11903932861325,,,783
1769028300,1.16847,1.16863,1.16841,1.16847,44.63577068108998,39.110046732993226,,,591
1769028600,1.16847,1.16891,1.16847,1.16885,50.187186603824856,40.5922700434936,,,638
1769028900,1.16885,1.16896,1.16864,1.16867,47.74501523181384,41.700371764470695,,,753
1769029200,1.16867,1.16873,1.16855,1.16856,46.26343219208192,42.35519402026838,,,509
1769029500,1.16856,1.16858,1.16843,1.1685699999999999,46.4261902469474,42.34944317509753,,,193
1769029800,1.1685699999999999,1.16872,1.16856,1.16861,47.11617595154749,42.78618721992782,,,148
1769030100,1.16861,1.16872,1.16859,1.16869,48.54356363986135,43.3782019731782,,,129
1769030400,1.16869,1.16869,1.16846,1.1685699999999999,46.51545009739163,43.860156486393,,,349
1769030700,1.1685699999999999,1.16864,1.1683999999999999,1.16841,43.8828845289224,44.183387762696846,,,358
1769031000,1.16841,1.16892,1.16841,1.16888,52.4043084196157,45.54536912134612,,,305
1769031300,1.16888,1.16894,1.1688,1.16881,51.15830889840991,46.56685361015541,,,148
1769031600,1.16881,1.16883,1.16876,1.16882,51.33631811517263,47.25642016331843,,,76
1769031900,1.16882,1.16892,1.1688,1.16886,52.08852279766712,48.06706414895973,,,132
1769032200,1.16886,1.16886,1.16871,1.16876,50.00743529205861,48.450754478314636,,,194
1769032500,1.16876,1.16876,1.16822,1.16822,40.57920330581985,48.16099966579534,,,709
1769032800,1.16822,1.1683,1.16801,1.1682299999999999,40.801787946060884,47.49061404738363,,,44
1769033100,1.1682299999999999,1.16855,1.1682299999999999,1.16835,43.535172024302355,47.18991096113281,,,85
1769033400,1.16835,1.16839,1.16832,1.16834,43.35551679003109,46.98220271812919,,,36
1769033700,1.16834,1.16844,1.16829,1.16841,45.06449091368003,46.884938480038656,,,51
1769034000,1.16841,1.16848,1.16835,1.16848,46.79322998147856,46.86187091074802,,,72
1769034300,1.16848,1.16852,1.16845,1.16852,47.804017806644566,46.80904620837539,,,34
1769034600,1.16852,1.16854,1.16843,1.16843,45.70033761863068,46.7508238884639,,,41
1769034900,1.16843,1.1685,1.16839,1.16842,45.46095311786765,46.86354307338855,,,125
1769035200,1.16842,1.16851,1.16842,1.16848,47.246470470165335,46.49512607699925,,,46
1769035500,1.16848,1.16853,1.1683999999999999,1.16849,47.5546451774759,46.23772152550395,,,152
1769035800,1.16849,1.16852,1.16845,1.16848,47.25734207220874,45.94636609386367,,,72
1769036100,1.16848,1.16853,1.16841,1.16847,46.9412989914268,45.5787072505608,,,168
1769036400,1.16847,1.16854,1.16844,1.16848,47.32070276926008,45.38679778464662,,,228
1769036700,1.16848,1.16854,1.16845,1.16846,46.60295285057753,45.81706560927217,,,172
1769037000,1.16846,1.16847,1.16803,1.16805,34.91229582768652,45.39638760081686,,,173
1769037300,1.16805,1.16811,1.16804,1.16807,35.75887858746533,44.84093806961421,,,94
1769037600,1.16807,1.16814,1.16787,1.16788,31.55929654551835,43.998350909291865,,,124
1769037900,1.16788,1.16792,1.16766,1.16766,27.527952587816714,42.74574102887306,,,156
1769038200,1.16766,1.16766,1.16694,1.16746,24.468010568114835,41.151082499347076,,,572
1769038500,1.16746,1.16761,1.1671799999999999,1.16758,29.52954608342489,39.845763090545674,,,287
1769038800,1.16758,1.16768,1.16743,1.16746,27.54193889564158,38.548734610332176,,,350
1769039100,1.16746,1.16752,1.16724,1.16728,24.840977307313494,37.075879195292586,,,143
1769039400,1.16728,1.16753,1.16717,1.16717,23.334940914758022,35.367912798477775,,,163
1769039700,1.16717,1.16733,1.16716,1.1673,28.826791150287548,34.03020893939289,,,121
1769040000,1.1673,1.16769,1.16728,1.16748,35.69551864237539,33.20436440869051,,,381
1769040300,1.16748,1.16787,1.16748,1.16782,46.24781456472114,33.15482980678296,,,263
1769040600,1.16782,1.16792,1.1677899999999999,1.16783,46.52575781187574,33.09804802411266,,,223
1769040900,1.16783,1.16783,1.1676199999999999,1.1677,43.38504592754471,32.86819752961031,,,315
1769041200,1.1677,1.1679,1.16766,1.16788,48.5626307987481,33.84322145611471,,,422
1769041500,1.16788,1.16798,1.16777,1.16778,46.04335779220371,34.57782711359603,,,284
1769041800,1.16778,1.16833,1.16778,1.16827,57.63952800300996,36.44070078913114,,,1004
1769042100,1.16827,1.16855,1.16804,1.16853,62.27278475612367,38.92247451543879,,,692
1769042400,1.16853,1.16876,1.16843,1.1685699999999999,62.94429400024436,41.670780474876615,,,664
1769042700,1.1685699999999999,1.1687,1.16854,1.16867,64.63882167559365,44.17858587431724,,,284
1769043000,1.16867,1.16871,1.16845,1.1687,65.15364342802266,46.86513619805874,,,501
1769043300,1.1687,1.16898,1.16867,1.16872,65.51411002190969,49.770359963387044,,,604
1769043600,1.16872,1.16874,1.16833,1.16835,54.319268047447906,51.98352618715061,,,585
1769043900,1.16835,1.16847,1.1682299999999999,1.16833,53.78427102681193,53.766203321188065,,,745
1769044200,1.16833,1.1683999999999999,1.16827,1.16839,55.20951482269099,55.160060191210604,,,557
1769044500,1.16839,1.16844,1.16813,1.1683999999999999,55.45607405890694,55.81779301222387,,,518
1769044800,1.1683999999999999,1.1685,1.1683,1.16847,57.230870870336325,56.58244394497107,,,393
1769045100,1.16847,1.16854,1.16829,1.16854,58.990531713690274,57.69712150112431,,,332
1769045400,1.16854,1.16865,1.16839,1.16847,56.48766970946659,58.26319570903278,,,456
1769045700,1.16847,1.1687,1.16843,1.16854,58.38895756366662,59.14502426413726,,,413
1769046000,1.16854,1.16863,1.16842,1.1686,60.00223532099563,59.313789072564816,,,443
1769046300,1.1686,1.16892,1.16855,1.16885,65.92947882004479,59.57498150570204,,,721
1769046600,1.16885,1.16893,1.16868,1.16887,66.35897659429185,59.81888740527686,,,564
1769046900,1.16887,1.1690099999999999,1.16887,1.16888,66.58578964007334,59.957956545596836,,,415
1769047200,1.16888,1.16904,1.1688,1.16898,68.84769146169377,60.221817119430476,,,418
1769047500,1.16898,1.16923,1.16897,1.16922,73.48649170135371,60.79127295367648,,,283
1769047800,1.16922,1.16935,1.16912,1.16916,70.65394835878028,61.95803583305737,,,329
1769048100,1.16916,1.16917,1.16903,1.16903,64.82379119821314,62.74657298815747,,,180
1769048400,1.16903,1.16903,1.16847,1.16853,48.31154693025617,62.25386099584069,,,461
1769048700,1.16853,1.1686,1.16844,1.16853,48.31154693025617,61.74353762950849,,,443
1769049000,1.16853,1.16854,1.16833,1.16848,46.925276732612815,61.00742376252824,,,362
1769049300,1.16848,1.16852,1.16836,1.16836,43.68539515395242,59.91419972254697,,,248
1769049600,1.16836,1.16872,1.16836,1.16853,49.05202430903792,59.38308219394492,,,383
1769049900,1.16853,1.16864,1.1683999999999999,1.16849,47.895457762255454,58.63354649384412,,,373
1769050200,1.16849,1.16867,1.16843,1.16858,50.711422286471816,57.969916991378135,,,295
1769050500,1.16858,1.16874,1.16853,1.16855,49.74631424981834,56.8139766649334,,,370
1769050800,1.16855,1.16862,1.16849,1.16854,49.408764675023924,55.60324724212854,,,250
1769051100,1.16854,1.16866,1.16852,1.16859,51.19205425995419,54.50369471497718,,,183
1769051400,1.16859,1.16869,1.1685699999999999,1.16868,54.31374137288345,53.465555422919294,,,140
1769051700,1.16868,1.1687,1.16858,1.16859,50.81376659929064,51.84607505848622,,,167
1769052000,1.16859,1.16875,1.1685699999999999,1.16873,55.60611672315329,50.77122994165571,,,154
1769052300,1.16873,1.16883,1.16872,1.1688,57.819087271017175,50.270893946856006,,,234
1769052600,1.1688,1.1688,1.16858,1.16878,56.945654017681505,50.887615881672104,,,358
1769052900,1.16878,1.1688,1.16872,1.16873,54.72013976112684,51.345372512448584,,,235
1769053200,1.16873,1.16875,1.16863,1.16868,52.510113492166106,51.744289423845245,,,165
1769053500,1.16868,1.16872,1.16863,1.16865,51.17462293071716,52.27923426504272,,,203
1769053800,1.16865,1.16888,1.16863,1.16885,58.71339279533501,52.969332014063944,,,232
1769054100,1.16885,1.16902,1.1688399999999999,1.16888,59.71810282762534,53.81380666159037,,,304
1769054400,1.16888,1.16915,1.16888,1.16909,65.96227405765,54.903153216674504,,,244
1769054700,1.16909,1.16947,1.16906,1.16938,72.33898088788276,56.51691511939339,,,310
1769055000,1.16938,1.16969,1.16936,1.16966,76.84875666884507,58.476914547523464,,,292
1769055300,1.16966,1.16972,1.16942,1.16943,67.16226332376192,59.61764376636687,,,378
1769055600,1.16943,1.16955,1.16941,1.16943,67.16226332376192,60.535395334286754,,,200
1769055900,1.16943,1.16947,1.16939,1.16943,67.16226332376192,61.70314510032041,,,171
1769056200,1.16943,1.16943,1.16927,1.16929,61.2891597955147,62.10907674834623,,,181
1769056500,1.16929,1.16937,1.16913,1.16915,56.014133390112434,61.980151471138754,,,315
1769056800,1.16915,1.16925,1.16908,1.16909,53.87406044103073,61.760751929949414,,,257
1769057100,1.16909,1.16911,1.1690099999999999,1.16908,53.50713645846784,61.674108836902334,,,150
1769057400,1.16908,1.1692,1.16908,1.1691799999999999,56.68421030384488,61.97225860916511,,,145
1769057700,1.1691799999999999,1.16925,1.16912,1.16914,55.06334009473552,62.25002412088071,,,152
1769058000,1.16914,1.16914,1.16903,1.1691,53.41835733071722,61.87180730197944,,,322
1769058300,1.1691,1.16911,1.16898,1.16907,52.1597783228286,61.331926980208245,,,259
1769058600,1.16907,1.1691799999999999,1.16897,1.1691799999999999,56.231754310838,60.63688985543596,,,225
1769058900,1.1691799999999999,1.1691799999999999,1.16902,1.16904,50.356973355187236,59.066746460243415,,,257
1769059200,1.16904,1.16907,1.16882,1.16888,44.61960893857756,56.764664479510024,,,445
1769059500,1.16888,1.16889,1.16878,1.1688399999999999,43.29165889947339,55.05962130634656,,,382
1769059800,1.1688399999999999,1.16895,1.16883,1.16886,44.18610260829922,53.4184669695278,,,260
1769060100,1.16886,1.16889,1.16883,1.16885,43.81399069855143,51.750733210584194,,,211
1769060400,1.16885,1.16885,1.16866,1.16868,37.96121848171891,50.084451688170205,,,164
1769060700,1.16868,1.16872,1.16842,1.1685,32.94329421387211,48.436534604153046,,,335
1769061000,1.1685,1.16875,1.16848,1.16863,39.194742214957934,47.38801187371927,,,313
1769061300,1.16863,1.16888,1.16861,1.16882,46.97531293803241,46.92145305083102,,,465
1769061600,1.16882,1.16904,1.16881,1.16893,50.89306474058138,46.5077997963122,,,326
1769061900,1.16893,1.16894,1.16861,1.16868,43.099091239662634,45.65321059237842,,,460
1769062200,1.16868,1.16871,1.16849,1.16869,43.47200514315028,44.94275686469507,,,366
1769062500,1.16869,1.16909,1.16867,1.16893,51.66023189547204,44.907074977026745,,,498
1769062800,1.16893,1.16902,1.16883,1.16889,50.351143270039536,44.48703133125542,,,513
1769063100,1.16889,1.169,1.16878,1.169,53.817011951153994,44.73417694525305,,,426
1769063400,1.169,1.1691799999999999,1.16896,1.16909,56.4930715560068,45.58228141792656,,,407
1769063700,1.16909,1.1691,1.16876,1.16896,51.822030290142216,46.19159366011719,,,399
1769064000,1.16896,1.16908,1.16869,1.16869,43.733999329724,46.15930056879039,,,332
1769064300,1.16869,1.16876,1.16862,1.16867,43.196194394776214,46.11517226137787,,,254
1769064600,1.16867,1.16869,1.16846,1.16848,38.36900424875332,46.14429981616605,,,423
1769064900,1.16848,1.16895,1.16842,1.1688399999999999,49.81291525276983,47.34927274751588,,,661
1769065200,1.1688399999999999,1.16889,1.16854,1.16863,44.60933224409092,47.73602917816824,,,771
1769065500,1.16863,1.16891,1.1686,1.16871,46.88562430935413,47.729622847548356,,,646
1769065800,1.16871,1.16887,1.16849,1.16851,42.214923172865895,47.109755592711544,,,557
1769066100,1.16851,1.16883,1.16847,1.1686,44.876133763484226,47.23668720155593,,,451
1769066400,1.1686,1.16895,1.16855,1.16895,53.78903001034117,47.97361754921243,,,353
1769066700,1.16895,1.1691,1.16882,1.1689,52.483494854840544,48.03242204631018,,,581
1769067000,1.1689,1.16911,1.16866,1.16895,53.69386465354879,48.271187859417985,,,524
1769067300,1.16895,1.16916,1.16887,1.16913,57.85582840703907,48.55967474912406,,,434
1769067600,1.16913,1.16929,1.16883,1.16899,53.80518424189367,48.367682798115986,,,690
1769067900,1.16899,1.1693,1.16895,1.16926,59.66966090740564,48.92822784220623,,,381
1769068200,1.16926,1.1696,1.16924,1.16952,64.36156298411775,50.40162524609151,,,784
1769068500,1.16952,1.16953,1.16903,1.16905,52.47673131261474,51.06452074022284,,,807
1769068800,1.16905,1.16917,1.16881,1.16915,54.40586471962453,52.210010773856496,,,1035
1769069100,1.16915,1.16923,1.16871,1.16871,45.62908705110307,51.91116590230887,,,541
1769069400,1.16871,1.16888,1.16863,1.16867,44.91964376772386,51.9333310111398,,,798
1769069700,1.16867,1.16915,1.16865,1.16915,54.135196146505194,52.4511575709363,,,580
1769070000,1.16915,1.16943,1.16904,1.16922,55.309502226507206,53.3864846461964,,,981
1769070300,1.16922,1.1695,1.1690099999999999,1.16902,51.27039768343904,53.84321778333604,,,788
1769070600,1.16902,1.16909,1.16859,1.1686,44.0031050912792,53.144223146260174,,,503
1769070900,1.1686,1.16867,1.1683999999999999,1.1686,44.0031050912792,52.538481020291506,,,612
1769071200,1.1686,1.16889,1.16859,1.16865,45.07794265953979,51.92305802071944,,,696
1769071500,1.16865,1.1688,1.16847,1.16879,48.08285893460119,51.22498877268816,,,597
1769071800,1.16879,1.16891,1.16863,1.1688399999999999,49.152846851155275,50.892678959063986,,,578
1769072100,1.1688399999999999,1.16902,1.16879,1.16889,50.25688919138975,50.22033812220571,,,741
1769072400,1.16889,1.1691799999999999,1.16876,1.16905,53.71985689601481,49.46021625876978,,,713
1769072700,1.16905,1.16908,1.1689,1.16896,51.54606374274171,49.39374000377886,,,607
1769073000,1.16896,1.16912,1.16892,1.16899,52.239829195167964,49.23902318060339,,,586
1769073300,1.16899,1.1691799999999999,1.1688399999999999,1.16914,55.65843708178952,49.955405325652414,,,643
1769073600,1.16914,1.16974,1.16909,1.16963,64.5780398458491,51.359576474089934,,,653
1769073900,1.16963,1.16966,1.16923,1.16927,55.711212863463054,51.47214909672978,,,675
1769074200,1.16927,1.16937,1.16895,1.16934,56.94900242953552,51.589256254088944,,,624
1769074500,1.16934,1.16935,1.16913,1.16933,56.70518628739139,51.97745544008554,,,408
1769074800,1.16933,1.16951,1.16919,1.16934,56.90388686075528,52.898939852190985,,,619
1769075100,1.16934,1.16956,1.16933,1.16938,57.73938169018524,53.880102466398554,,,457
1769075400,1.16938,1.16938,1.16916,1.16933,56.27084830987598,54.67959572713685,,,579
1769075700,1.16933,1.16936,1.16904,1.16924,53.62690803862824,55.07559923456735,,,766
1769076000,1.16924,1.16955,1.16924,1.1695,59.54112796455448,55.81761931409586,,,797
1769076300,1.1695,1.16953,1.16893,1.16894,45.948531717273276,55.50987949451611,,,501
1769076600,1.16894,1.16907,1.16881,1.16883,43.83180841993343,54.80359031765316,,,363
1769076900,1.16883,1.1689,1.16874,1.16879,43.0550806222151,54.19709152332983,,,350
1769077200,1.16879,1.1688399999999999,1.16866,1.16873,41.85689954349129,53.455453691067206,,,380
1769077500,1.16873,1.16883,1.16866,1.16876,42.71530280633446,52.53094409996328,,,450
1769077800,1.16876,1.16906,1.16874,1.16899,48.939323171792154,51.41389290895921,,,370
1769078100,1.16899,1.16941,1.16898,1.16929,55.700324622483066,51.41311517746065,,,329
1769078400,1.16929,1.1694,1.16909,1.16912,51.53597389386876,51.026470282055875,,,302
1769078700,1.16912,1.16912,1.16867,1.1688,44.7533075798688,50.17276466008998,,,475
1769079000,1.1688,1.16935,1.16875,1.16935,55.57539291389397,50.07787223531418,,,475
1769079300,1.16935,1.16953,1.16919,1.16953,58.44438212391152,50.128229409151764,,,585
1769079600,1.16953,1.16953,1.16923,1.16934,54.4472624818018,49.99797327857504,,,557
1769079900,1.16934,1.16968,1.16932,1.16967,59.61361862022556,50.42559546297485,,,314
1769080200,1.16967,1.16986,1.1694,1.1694,54.19755154690808,50.043911433142966,,,873
1769080500,1.1694,1.16957,1.16902,1.1694499999999999,55.01266809434667,50.69134974579106,,,2038
1769080800,1.1694499999999999,1.16957,1.16931,1.16953,56.35113798688452,51.58558757200185,,,859
1769081100,1.16953,1.16994,1.1694499999999999,1.1697899999999999,60.467732917358155,52.829348450226355,,,905
1769081400,1.1697899999999999,1.17017,1.16967,1.17003,63.85633072942984,54.40073639207911,,,1043
1769081700,1.17003,1.17025,1.16969,1.17024,66.55754590684654,56.103753756401396,,,716
1769082000,1.17024,1.17024,1.16995,1.17016,64.5775518174766,57.22077008823601,,,496
1769082300,1.17016,1.1703999999999999,1.17016,1.17038,67.44564383801452,58.059721460773964,,,454
1769082600,1.17038,1.1703999999999999,1.17011,1.17011,60.92574140095196,58.730419139851335,,,488
1769082900,1.17011,1.17039,1.17009,1.17022,62.51557492593639,59.999152521713306,,,756
1769083200,1.17022,1.17028,1.17015,1.17019,61.777325261462444,60.44214768939677,,,882
1769083500,1.17019,1.17039,1.17013,1.17034,64.06249091669766,60.84344117459578,,,685
1769083800,1.17034,1.17047,1.17027,1.17037,64.5193713911157,61.56287752526106,,,437
1769084100,1.17037,1.17058,1.17034,1.17047,66.06793259954713,62.02389995235545,,,486
1769084400,1.17047,1.17091,1.17045,1.17085,71.21009292730628,63.23908147952675,,,616
1769084700,1.17085,1.17091,1.17062,1.17065,65.57734633748379,63.993701354036546,,,395
1769085000,1.17065,1.17077,1.17041,1.17041,59.49558555955023,64.2183047520841,,,969
1769085300,1.17041,1.17046,1.17021,1.17043,59.82992039130916,64.17274671450916,,,728
1769085600,1.17043,1.17046,1.17025,1.17031,56.80044824806577,63.66875510869745,,,729
1769085900,1.17031,1.17033,1.17017,1.17027,55.786442001131945,62.899390544003545,,,384
1769086200,1.17027,1.17034,1.17,1.1701,51.57257075853025,61.970463325507374,,,804
1769086500,1.1701,1.17053,1.17009,1.17037,57.113388420098914,61.23244508137055,,,878
1769086800,1.17037,1.17071,1.17029,1.17041,57.88221584802581,61.01505039901868,,,1025
1769087100,1.17041,1.17058,1.17037,1.17054,60.368849778483415,60.86171288848633,,,421
1769087400,1.17054,1.17116,1.17047,1.17091,66.44166185143698,61.19487978777022,,,638
1769087700,1.17091,1.17172,1.17091,1.1717,75.18500327171041,61.989344955985416,,,952
1769088000,1.1717,1.17187,1.17153,1.1717,75.18500327171043,62.75117580459933,,,1069
1769088300,1.1717,1.17178,1.17124,1.17127,64.565835169172,62.64388313100111,,,933
1769088600,1.17127,1.1716,1.17064,1.17136,65.65911050379285,62.24738438646443,,,1688
1769088900,1.17136,1.17175,1.17099,1.1717,69.48898933214053,62.526787457511354,,,1346
1769089200,1.1717,1.17176,1.17108,1.1714,62.830564845141915,62.76500026362504,,,881
1769089500,1.1714,1.17146,1.17102,1.17113,57.491262408737946,62.59795326486995,,,956
1769089800,1.17113,1.17143,1.17102,1.17134,60.31594597705915,62.84906024551234,,,875
1769090100,1.17134,1.17143,1.17117,1.17138,60.84959198922267,63.210713816090255,,,859
1769090400,1.17138,1.17176,1.17135,1.17159,63.61585456885408,64.07094837397052,,,1002
1769090700,1.17159,1.17175,1.17155,1.17156,62.93176391425203,64.48654662355288,,,621
1769091000,1.17156,1.17191,1.1714,1.17141,59.48725803010077,64.60119249370109,,,644
1769091300,1.17141,1.17158,1.17122,1.17148,60.57182206406431,64.61569051409973,,,722
1769091600,1.17148,1.17166,1.17107,1.17121,54.51016372034717,63.76344064759332,,,905
1769091900,1.17121,1.17158,1.17114,1.17142,58.028336863463615,62.53796447557569,,,968
1769092200,1.17142,1.17191,1.1714,1.17142,58.028336863463615,61.31248830355806,,,1203
1769092500,1.17142,1.17256,1.17142,1.17247,71.02363215705492,61.77375951697825,,,1242
1769092800,1.17247,1.17252,1.17207,1.17209,63.375893319083005,61.61067257521326,,,1356
1769093100,1.17209,1.17221,1.17186,1.17208,63.183082204538614,61.160250637527405,,,1458
1769093400,1.17208,1.17227,1.17196,1.17227,65.3406603733782,61.339543175258584,,,1428
1769093700,1.17227,1.17242,1.17187,1.17198,59.59960696158109,61.49013921474737,,,1470
1769094000,1.17198,1.17221,1.17186,1.17217,61.95797704794754,61.607427148382264,,,1456
1769094300,1.17217,1.17256,1.17202,1.17233,63.870636884915335,61.82321606950317,,,1562
1769094600,1.17233,1.17269,1.17219,1.17261,66.9977291245367,62.06477853776622,,,1430
1769094900,1.17261,1.1728,1.17251,1.17263,67.21600158978146,62.37079551458975,,,1151
1769095200,1.17263,1.17281,1.17262,1.1726699999999999,67.67645823956097,62.95573838669405,,,980
1769095500,1.1726699999999999,1.17297,1.17251,1.17283,69.52053439493805,63.5949321246136,,,1120
1769095800,1.17283,1.1729,1.17262,1.17282,69.25460077714997,64.64810620009952,,,925
1769096100,1.17282,1.17286,1.17242,1.17282,69.25460077714997,65.44998219393425,,,1181
1769096400,1.17282,1.17322,1.17268,1.17316,73.28431894848924,66.5396952000075,,,690
1769096700,1.17316,1.17334,1.17279,1.17316,73.28431894848924,66.7011728279671,,,962
1769097000,1.17316,1.17329,1.17296,1.1732799999999999,74.6446239321092,67.50608215746897,,,1042
1769097300,1.1732799999999999,1.17341,1.17293,1.17338,75.75262018558229,68.40390629897209,,,1186
1769097600,1.17338,1.1738,1.17334,1.17374,79.26540105693697,69.39853063351201,,,1028
1769097900,1.17374,1.17378,1.17347,1.17374,79.26540105693698,70.80323021175171,,,939
1769098200,1.17374,1.1746,1.1737,1.17454,84.90242890351944,72.44211963000684,,,1236
1769098500,1.17454,1.17499,1.17426,1.17494,86.83032756368245,74.08209753563308,,,947
1769098800,1.17494,1.175,1.17473,1.17498,87.00897842138832,75.51147248540819,,,652
1769099100,1.17498,1.17507,1.17416,1.17418,67.3352283899394,75.51998868541946,,,1181
1769099400,1.17418,1.17424,1.17396,1.17424,67.9210815061578,75.53746177589066,,,1382
1769099700,1.17424,1.17462,1.1742,1.17426,68.12629461563802,75.43787322022638,,,1583
1769100000,1.17426,1.17446,1.17414,1.17421,66.97281838249089,75.27488876346503,,,731
1769100300,1.17421,1.17447,1.17416,1.17419,66.48788611592636,75.07726628766333,,,600
1769100600,1.17419,1.17436,1.17416,1.1742299999999999,67.00249617801887,74.62856466120117,,,618
1769100900,1.1742299999999999,1.17436,1.17386,1.17386,58.11301748962473,73.54490027128227,,,865
1769101200,1.17386,1.17398,1.17365,1.1738899999999999,58.592713706684684,72.39833525518053,,,784
1769101500,1.1738899999999999,1.1740599999999999,1.17268,1.17349,50.3183103549511,70.58159883870687,,,1840
1769101800,1.17349,1.17385,1.17343,1.17377,55.09841565344376,68.85538559560021,,,1018
1769102100,1.17377,1.17402,1.17339,1.1738899999999999,57.00756981637305,67.2655405069885,,,979
1769102400,1.1738899999999999,1.17421,1.17386,1.17417,61.157562039954215,65.56947858816241,,,756
1769102700,1.17417,1.17421,1.17402,1.17412,60.04297460152827,63.656096233722835,,,723
1769103000,1.17412,1.17427,1.17398,1.17426,62.124424377908596,61.87862808775999,,,532
1769103300,1.17426,1.17455,1.17425,1.17452,65.69814344003234,61.76169344848092,,,568
1769103600,1.17452,1.17477,1.17442,1.17477,68.75127048159233,61.820992661011964,,,590
1769103900,1.17477,1.17477,1.17465,1.17465,65.7271574445727,61.64962572022158,,,354
1769104200,1.17465,1.17477,1.17458,1.17471,66.52012569484003,61.61729052824652,,,436
1769104500,1.17471,1.17473,1.1746,1.17465,64.90295876358206,61.504081431650505,,,535
1769104800,1.17465,1.17465,1.17433,1.17462,64.0643242565841,61.29421200869088,,,673
1769105100,1.17462,1.17462,1.17444,1.17455,62.04963112775386,61.57539869712867,,,363
1769105400,1.17455,1.17468,1.17435,1.17453,61.454974399933725,61.77984588950361,,,388
1769105700,1.17453,1.17466,1.17447,1.17462,63.16568643506565,62.69751560951179,,,297
1769106000,1.17462,1.17486,1.17457,1.17457,61.53180548575663,63.15704345467699,,,450
1769106300,1.17457,1.17473,1.17451,1.1746,62.164185606333064,63.52537315395985,,,504
1769106600,1.1746,1.17477,1.17457,1.17475,65.2409809190579,63.81704593103865,,,330
1769106900,1.17475,1.17479,1.1747,1.17472,64.11795479517764,64.10811594487075,,,176
1769107200,1.17472,1.17472,1.17455,1.17462,60.38654467258826,63.98398168020501,,,220
1769107500,1.17462,1.17479,1.17457,1.17477,63.790556905811655,63.847725499189245,,,268
1769107800,1.17477,1.17483,1.1746699999999999,1.17483,65.08305324487083,63.585709982280555,,,282
1769108100,1.17483,1.17483,1.1746699999999999,1.17475,61.9099003317029,63.31304875993272,,,438
1769108400,1.17475,1.17479,1.1745,1.17451,53.4850628678644,62.38197284372018,,,387
1769108700,1.17451,1.17464,1.17435,1.17455,54.594102643069,61.64562597796924,,,343
1769109000,1.17455,1.17459,1.17434,1.17438,49.22263285759692,60.585505163755876,,,371
1769109300,1.17438,1.1743999999999999,1.17425,1.17427,46.0644195753602,59.443704338584894,,,394
1769109600,1.17427,1.1743999999999999,1.1742,1.17434,48.336133096262195,58.5066442454655,,,468
1769109900,1.17434,1.17435,1.1742299999999999,1.17432,47.717725831638724,57.40321848807786,,,465
1769110200,1.17432,1.17434,1.17412,1.17413,42.19479224906325,56.02200325688547,,,361
1769110500,1.17413,1.17443,1.17413,1.17443,51.70051091990696,55.27459792214075,,,422
1769110800,1.17443,1.17443,1.1743,1.17431,48.280449025646966,54.063131358325684,,,430
1769111100,1.17431,1.1743999999999999,1.17419,1.17438,50.34398694886914,53.07927651216079,,,210
1769111400,1.17438,1.17448,1.1743,1.17447,52.94358214299515,52.547636331475566,,,233
1769111700,1.17447,1.17449,1.17432,1.1743999999999999,50.719508667900115,51.6139900287676,,,463
1769112000,1.1743999999999999,1.17446,1.17421,1.17444,51.961369865879206,50.676726930268195,,,545
1769112300,1.17444,1.17456,1.17434,1.17455,55.297530270191075,50.20441478301735,,,292
1769112600,1.17455,1.17468,1.17449,1.1746699999999999,58.669618772668215,50.57474020478905,,,233
1769112900,1.1746699999999999,1.17483,1.1746699999999999,1.17479,61.77489882572175,51.08765421783568,,,241
1769113200,1.17479,1.17481,1.17465,1.17473,59.372891912518426,51.81267272175864,,,253
1769113500,1.17473,1.17474,1.17463,1.17469,57.76044232718135,52.64810291831729,,,224
1769113800,1.17469,1.17482,1.17458,1.17464,55.7232633729978,53.175755080941265,,,303
1769114100,1.17464,1.17485,1.17461,1.1748399999999999,61.562994958668924,54.16470287572914,,,386
1769114400,1.1748399999999999,1.17508,1.1748399999999999,1.17507,66.95986135116223,55.93363638302193,,,392
1769114700,1.17507,1.1752799999999999,1.1750099999999999,1.17514,68.41347458598881,57.12741950202777,,,392
1769115000,1.17514,1.1752,1.1749,1.17498,61.7285056031127,58.087994971846754,,,398
1769115300,1.17498,1.17498,1.17476,1.17489,58.27884855455368,58.654770800824224,,,599
1769115600,1.17489,1.17494,1.17472,1.1748,54.970548357257194,58.79955410184294,,,563
1769115900,1.1748,1.17485,1.17473,1.1748399999999999,56.161653977231936,59.18827876679522,,,200
1769116200,1.1748399999999999,1.17491,1.17478,1.17489,57.66897949128137,59.59596516860966,,,202
1769116500,1.17489,1.17492,1.17485,1.17491,58.28681226858101,59.80948531135179,,,208
1769116800,1.17491,1.17542,1.1749,1.17542,70.22206554900569,60.63466008109019,,,224
1769117100,1.17542,1.17549,1.17525,1.17546,70.924743479153,61.288220413478136,,,196
1769117400,1.17546,1.17549,1.1754,1.17544,70.03486495267701,62.049789916346604,,,129
1769117700,1.17544,1.17544,1.17529,1.1754,68.19205144060939,62.79490485302004,,,158
1769118000,1.1754,1.17548,1.17537,1.17544,69.06855166516385,63.748139731031905,,,137
1769118300,1.17544,1.17549,1.17529,1.17541,67.564777331904,64.17683847197728,,,400
1769118600,1.17541,1.17544,1.17533,1.17544,68.30786240089239,64.27312426124371,,,179
1769118900,1.17544,1.17564,1.17539,1.17547,69.07094746110393,64.32008660946622,,,393
1769119200,1.17547,1.17547,1.1746699999999999,1.17503,50.04017733740692,63.48520601905866,,,96
1769119500,1.17503,1.17521,1.17497,1.17513,53.19643119653859,63.12217620777187,,,48
1769119800,1.17513,1.17524,1.17511,1.17524,56.45527788911448,63.22822831719025,,,237
1769120100,1.17524,1.17537,1.17522,1.17536,59.747934043475205,63.484391179064765,,,286
1769120400,1.17536,1.17543,1.17534,1.17538,60.28692050349248,63.67138696565128,,,171
1769120700,1.17538,1.17538,1.17526,1.17529,56.61321216708462,63.55184410125867,,,83
1769121000,1.17529,1.17538,1.17529,1.17531,57.236837230618,62.62432779280241,,,176
1769121300,1.17531,1.1756,1.1753,1.17558,64.62844154165992,62.174591940124344,,,49
1769121600,1.17558,1.17559,1.17555,1.17559,64.87063372723938,61.80571828116451,,,13
1769121900,1.17559,1.17561,1.17556,1.17556,63.46666464230655,61.46819065271431,,,9
1769122200,1.17556,1.17561,1.17552,1.17557,63.748309030346235,61.08817332165591,,,48
1769122500,1.17557,1.17557,1.17554,1.17554,62.19912854869285,60.704912694283685,,,14
1769122800,1.17554,1.17581,1.17554,1.17578,68.74325605676108,60.73601224113144,,,149
1769123100,1.17578,1.17593,1.17559,1.17591,71.61025915754304,60.917391648019944,,,150
1769123400,1.17591,1.17591,1.17571,1.17573,62.99437178703897,61.84269125156509,,,206
1769123700,1.17573,1.17578,1.1756,1.1756199999999999,58.37230246020028,62.21239634182665,,,162
1769124000,1.1756199999999999,1.17571,1.1756199999999999,1.17568,60.09232592336041,62.47218548712993,,,98
1769124300,1.17568,1.17574,1.17565,1.17565,58.78444239111655,62.40336465481859,,,100
1769124600,1.17565,1.17567,1.17546,1.17547,51.53670221065847,61.7783490624733,,,105
1769124900,1.17547,1.17552,1.17542,1.17544,50.42090748511278,61.336041585189605,,,102
1769125200,1.17544,1.17546,1.17534,1.17542,49.649163874529776,60.79406491689758,,,91
1769125500,1.17542,1.1755,1.17534,1.17544,50.46565874336877,59.7824375741625,,,195
1769125800,1.17544,1.17544,1.17532,1.17535,46.78872989246447,58.49087301453572,,,157
1769126100,1.17535,1.17543,1.17533,1.17538,48.14499134789672,57.396467779220735,,,147
1769126400,1.17538,1.17538,1.17509,1.17511,38.60742057563122,55.600690032455375,,,492
1769126700,1.17511,1.17512,1.17492,1.17498,35.01111283905996,53.658688910338746,,,296
1769127000,1.17498,1.17505,1.17488,1.17488,32.50297979706927,51.070097748932184,,,215
1769127300,1.17488,1.1751,1.17487,1.17497,36.885283605831326,48.58974235238135,,,308
1769127600,1.17497,1.17516,1.17493,1.17503,39.69624982875828,46.925590783932726,,,218
1769127900,1.17503,1.17516,1.17499,1.17513,44.1600376390937,45.910429010996545,,,502
1769128200,1.17513,1.17523,1.17503,1.17505,41.5126682657808,44.58331060688372,,,301
1769128500,1.17505,1.17506,1.17491,1.17492,37.57103418957404,43.068067163916396,,,284
1769128800,1.17492,1.17503,1.17486,1.17492,37.57103418957404,42.070519448124664,,,307
1769129100,1.17492,1.17499,1.17485,1.17494,38.611054541760296,41.22695852359948,,,300
1769129400,1.17494,1.17499,1.1748399999999999,1.17486,36.025740590750736,40.25385686047241,,,431
1769129700,1.17486,1.17492,1.17478,1.17481,34.47215644950727,39.111463839482305,,,401
1769130000,1.17481,1.17494,1.1747,1.17486,37.380310800034124,38.43943390430871,,,479
1769130300,1.17486,1.1749,1.1747,1.17479,35.03598165753171,37.503076069282635,,,393
1769130600,1.17479,1.1748399999999999,1.17476,1.17477,34.372688046790444,37.20059517436544,,,334
1769130900,1.17477,1.17537,1.17477,1.17506,49.347066666089304,38.22459187629612,,,1082
1769131200,1.17506,1.17535,1.175,1.17512,51.7976546484469,39.602782937108806,,,1174
1769131500,1.17512,1.17522,1.17507,1.17514,52.62050257125424,40.726727148924724,,,741
1769131800,1.17514,1.17518,1.17492,1.17506,49.016088060196424,41.392429879741734,,,672
1769132100,1.17506,1.17514,1.175,1.17507,49.48191150586949,41.77256372736857,,,321
1769132400,1.17507,1.1751,1.17488,1.17497,45.0492883925142,42.02517945070667,,,395
1769132700,1.17497,1.17514,1.17496,1.17512,51.99583844822506,43.05552261203889,,,403
1769133000,1.17512,1.17523,1.17505,1.17514,52.85166475426834,44.146996223802766,,,501
1769133300,1.17514,1.17514,1.17478,1.17493,43.984574646673366,44.53081908843942,,,533
1769133600,1.17493,1.175,1.17463,1.17464,35.201492992546676,44.47194425999627,,,479
1769133900,1.17464,1.17478,1.17461,1.17468,37.06814655397605,44.65737212460118,,,359
1769134200,1.17468,1.17486,1.17463,1.1748399999999999,44.015383422177734,45.13130588332573,,,278
1769134500,1.1748399999999999,1.17489,1.17482,1.17488,45.6312865882817,45.888113378379295,,,232
1769134800,1.17488,1.17491,1.17478,1.17478,42.34100914320281,46.457279170980186,,,235
1769135100,1.17478,1.17491,1.17478,1.17482,44.07799861836802,46.08091716757152,,,266
1769135400,1.17482,1.17498,1.17472,1.17481,43.72337430115282,45.504182857050516,,,324
1769135700,1.17481,1.17483,1.17463,1.17464,38.11005410814041,44.46772225254238,,,269
1769136000,1.17464,1.17473,1.17437,1.1745,34.21441222587498,43.410459692947995,,,345
1769136300,1.1745,1.17462,1.17444,1.17452,35.232957112685625,42.392677236292,,,371
1769136600,1.17452,1.1747,1.17447,1.17452,35.232957112685625,41.69151071630425,,,446
1769136900,1.17452,1.17471,1.17446,1.17454,36.375424154934514,40.57576683821207,,,454
1769137200,1.17454,1.1747,1.17452,1.17462,40.86859069765825,39.71983297702564,,,271
1769137500,1.17462,1.17486,1.17458,1.17478,48.6753110297366,40.05488557581587,,,605
1769137800,1.17478,1.17478,1.17456,1.17466,43.9850069137065,40.68227942732728,,,373
1769138100,1.17466,1.17477,1.17445,1.17447,37.777925867806296,40.73297794974373,,,439
1769138400,1.17447,1.1746,1.17447,1.17449,38.75763195097873,40.35742427322952,,,399
1769138700,1.17449,1.17454,1.17444,1.17447,38.1113963710678,39.820289257714236,,,368
1769139000,1.17447,1.17453,1.17436,1.17443,36.79016156753529,39.42380014516656,,,354
1769139300,1.17443,1.17452,1.17441,1.17448,39.608515587609105,39.104551357255204,,,270
1769139600,1.17448,1.17455,1.17447,1.17449,40.18296321350865,38.8516648509949,,,291
1769139900,1.17449,1.17463,1.17449,1.17458,45.232215811005176,39.36039068691382,,,261
1769140200,1.17458,1.17463,1.17436,1.17441,38.60362271467157,39.67390572182786,,,289
1769140500,1.17441,1.17444,1.17435,1.17435,36.56682560582735,39.76918204276656,,,324
1769140800,1.17435,1.17442,1.1743,1.17437,37.74592634385695,39.94867984499308,,,302
1769141100,1.17437,1.17443,1.17431,1.17438,38.362850392739425,40.090638861979144,,,198
1769141400,1.17438,1.17448,1.17438,1.17448,44.30649902485754,40.33620374249339,,,181
1769141700,1.17448,1.17462,1.17445,1.17453,47.0555675512223,40.22050777974236,,,143
1769142000,1.17453,1.17454,1.17446,1.17447,44.23392220755493,40.238287443588675,,,138
1769142300,1.17447,1.1745,1.17445,1.17449,45.40902455270346,40.783365921081334,,,100
1769142600,1.17449,1.17451,1.17445,1.17448,44.899573462713924,41.22207602906242,,,243
1769142900,1.17448,1.1746699999999999,1.17447,1.1746699999999999,55.18692060994021,42.441756331839024,,,236
1769143200,1.1746699999999999,1.17482,1.1746699999999999,1.17482,61.32583676718783,44.194304560385625,,,297
1769143500,1.17482,1.17486,1.17472,1.17477,58.4514473070039,45.54022825462812,,,754
1769143800,1.17477,1.17503,1.17477,1.17503,67.08963844580029,47.46213362836323,,,381
1769144100,1.17503,1.1751,1.17497,1.17498,64.3201760439621,48.825559359288725,,,391
1769144400,1.17498,1.17515,1.17498,1.17505,66.41069341014364,50.81177869467958,,,366
1769144700,1.17505,1.1752,1.17502,1.17519,70.17454763814573,53.212330268416615,,,249
1769145000,1.17519,1.17522,1.17511,1.17511,65.64768021735155,55.205312687951945,,,175
1769145300,1.17511,1.1752799999999999,1.17511,1.17519,67.87914450430678,57.313619410206755,,,257
1769145600,1.17519,1.17539,1.17517,1.1753,70.69767852304878,59.19870366007756,,,351
1769145900,1.1753,1.1753,1.17503,1.17508,59.46001834109894,60.08473585935447,,,322
1769146200,1.17508,1.17521,1.17505,1.17517,62.113178264270736,61.36182557769131,,,293
1769146500,1.17517,1.17519,1.17508,1.17512,59.77275019808265,62.38780598093268,,,349
1769146800,1.17512,1.17524,1.17512,1.17522,62.79240837692186,63.66586561766182,,,389
1769147100,1.17522,1.17523,1.17511,1.17516,59.887645953143696,64.00163171360492,,,439
1769147400,1.17516,1.17522,1.17502,1.17504,54.461314979337246,63.51130872875846,,,352
1769147700,1.17504,1.1752,1.17497,1.17509,56.24047526426316,63.35338215427697,,,363
1769148000,1.17509,1.17529,1.17502,1.17516,58.674714040793475,62.75231612534792,,,336
1769148300,1.17516,1.17519,1.17493,1.17498,50.842623795972536,61.789633821920084,,,294
1769148600,1.17498,1.17498,1.1746699999999999,1.17476,43.24470720873094,60.13492052181918,,,404
1769148900,1.17476,1.17476,1.17453,1.17457,37.96760641902454,57.834424720453384,,,491
1769149200,1.17457,1.17478,1.17451,1.17474,44.494122395669706,56.32345630461896,,,530
1769149500,1.17474,1.17474,1.17436,1.17437,35.69226283535629,54.02439332826536,,,1012
1769149800,1.17437,1.17478,1.17436,1.17474,46.986200883767346,52.330716354030976,,,646
1769150100,1.17474,1.17479,1.17461,1.17462,44.27062447855659,51.24575964956366,,,682
1769150400,1.17462,1.17468,1.17441,1.17443,40.299209571030225,49.68761902861792,,,612
1769150700,1.17443,1.17462,1.17424,1.17428,37.44341229490777,48.09266632124828,,,670
1769151000,1.17428,1.17446,1.1742,1.1743,38.07354279599261,46.32703306546762,,,743
1769151300,1.1743,1.1743999999999999,1.17413,1.17419,35.929860810099115,44.61576269810729,,,771
1769151600,1.17419,1.17445,1.17412,1.17418,35.73289210298306,43.27801820693913,,,835
1769151900,1.17418,1.17438,1.17407,1.17418,35.73289210298306,41.81319083827626,,,480
1769152200,1.17418,1.17425,1.17409,1.17422,37.326763153328855,40.28833720345737,,,286
1769152500,1.17422,1.17422,1.17397,1.174,32.54588299266608,38.98142714607833,,,378
1769152800,1.174,1.174,1.17372,1.17376,28.289113708433177,37.91317046748564,,,573
1769153100,1.17376,1.17377,1.17355,1.17368,27.02046801614719,37.13123201013725,,,513
1769153400,1.17368,1.17387,1.17349,1.17363,26.22876278615037,35.82656346660016,,,517
1769153700,1.17363,1.1738,1.1736,1.17372,30.19358026743498,35.43380042603435,,,366
1769154000,1.17372,1.17466,1.17368,1.17429,48.918400274818765,35.57181466825231,,,4058
1769154300,1.17429,1.17472,1.17384,1.17393,41.37051128506374,35.36466372585996,,,3820
1769154600,1.17393,1.1742,1.17372,1.17418,47.43597566706274,35.874432732719434,,,1750
1769154900,1.17418,1.17419,1.17351,1.17359,37.560176301166834,35.8827730188808,,,1577
1769155200,1.17359,1.17397,1.17349,1.17364,38.72444796929921,35.92926624554555,,,1958
1769155500,1.17364,1.17365,1.1732799999999999,1.17331,34.19280202015241,35.80519061769221,,,826
1769155800,1.17331,1.17358,1.17315,1.17347,37.98226248942979,35.96585993100984,,,825
1769156100,1.17347,1.17347,1.17282,1.17297,31.81644888019784,35.68611398652518,,,1209
1769156400,1.17297,1.17325,1.17294,1.17313,35.428745832362,35.550541320741836,,,947
1769156700,1.17313,1.17317,1.1730099999999999,1.17306,34.56593637789577,35.69483084825824,,,819
1769157000,1.17306,1.17376,1.17306,1.17375,48.007149787648416,37.10326199677361,,,1459
1769157300,1.17375,1.17401,1.17359,1.17394,50.992441953072564,38.81554584941114,,,1019
1769157600,1.17394,1.17451,1.17384,1.17451,58.6609316480243,41.13212933954499,,,845
1769157900,1.17451,1.17451,1.17401,1.17418,53.44668778095972,42.79306559051105,,,1046
1769158200,1.17418,1.1743,1.17403,1.17407,51.794020475180176,42.998467033394,,,775
1769158500,1.17407,1.17408,1.17393,1.17398,50.4202809051136,43.644879149111844,,,624
1769158800,1.17398,1.17408,1.1736199999999999,1.17377,47.26984647943441,43.63301277856697,,,803
1769159100,1.17377,1.17435,1.17374,1.17414,52.85882797847736,44.72577361266058,,,959
1769159400,1.17414,1.1742299999999999,1.17368,1.1738,47.84079092787023,45.376940966844224,,,670
1769159700,1.1738,1.1739,1.17364,1.17371,46.58022322623566,46.26175676727873,,,464
1769160000,1.17371,1.17424,1.17371,1.1742,53.72876086712235,47.386506651399635,,,526
1769160300,1.1742,1.17439,1.17408,1.17412,52.493665120465295,48.8634506685616,,,602
1769160600,1.17412,1.17451,1.17385,1.17405,51.3806874568633,50.00287507031169,,,1209
1769160900,1.17405,1.17449,1.17404,1.17435,55.714308038215464,51.51347304604881,,,730
1769161200,1.17435,1.17439,1.17412,1.17417,52.68023713020785,51.84726499908877,,,724
1769161500,1.17417,1.17428,1.17382,1.17397,49.45744122798091,51.73762209015365,,,788
1769161800,1.17397,1.17415,1.17381,1.17384,47.42646932054849,50.935160495333946,,,837
1769162100,1.17384,1.17388,1.1735,1.17353,42.90213958405021,50.18197848126898,,,715
1769162400,1.17353,1.1736,1.1732799999999999,1.17334,40.36076086049823,49.365317080220265,,,715
1769162700,1.17334,1.17355,1.17323,1.17339,41.34543680838026,48.71711393045359,,,689
1769163000,1.17339,1.1734,1.17313,1.17313,37.84621321206695,48.04399726849878,,,435
1769163300,1.17313,1.17316,1.17305,1.17312,37.714005100893075,46.96222420581419,,,659
1769163600,1.17312,1.17331,1.17312,1.17323,40.189108317221354,46.415675447910694,,,433
1769163900,1.17323,1.17326,1.17299,1.17318,39.42226526501238,45.90439273639475,,,521
1769164200,1.17318,1.17347,1.17318,1.17329,42.042355262868156,45.069649478948016,,,611
1769164500,1.17329,1.17329,1.17314,1.17317,40.00935259609287,44.17791287006427,,,347
1769164800,1.17317,1.17334,1.17311,1.17315,39.66508768311172,43.3410843147963,,,412
1769165100,1.17315,1.17343,1.17307,1.17339,45.70282735053311,42.62597855139041,,,561
1769165400,1.17339,1.17358,1.17332,1.17342,46.42454325512937,42.17914327459909,,,513
1769165700,1.17342,1.1734499999999999,1.17319,1.1734499999999999,47.180621995139326,42.01651332939612,,,656
1769166000,1.1734499999999999,1.17356,1.17318,1.1732,41.87691783273901,41.62011679455258,,,636
1769166300,1.1732,1.17354,1.17306,1.17338,46.53692656612441,41.879744436129315,,,457
1769166600,1.17338,1.17357,1.17329,1.17348,48.984052017331976,42.49569380447458,,,507
1769166900,1.17348,1.17374,1.17332,1.17373,54.581152622047135,43.44110207687936,,,577
1769167200,1.17373,1.17385,1.17364,1.1737,53.818105277461136,44.581951510121804,,,475
1769167500,1.1737,1.17385,1.17361,1.17368,53.283302881028035,45.69404420870286,,,486
1769167800,1.17368,1.17385,1.17357,1.17384,56.9674478793089,46.89249703456626,,,439
1769168100,1.17384,1.17388,1.17365,1.17371,53.29022311949507,47.88306545274361,,,385
1769168400,1.17371,1.17372,1.17358,1.1737,53.00677983966368,48.66623863680043,,,456
1769168700,1.1737,1.17404,1.17368,1.17393,58.47716764689966,49.985368283286626,,,621
1769169000,1.17393,1.17393,1.17353,1.17368,51.464439363481155,50.82817911759873,,,677
1769169300,1.17368,1.17386,1.17358,1.17374,52.923589398323884,51.343947835298074,,,867
1769169600,1.17374,1.1738899999999999,1.17365,1.17384,55.333786025590705,51.98032231890245,,,675
1769169900,1.17384,1.17392,1.17373,1.17381,54.43341675145185,52.49837908721049,,,497
1769170200,1.17381,1.17395,1.1737,1.17382,54.69802952259526,53.414172779343076,,,603
1769170500,1.17382,1.17394,1.17373,1.1738899999999999,56.598041702003,54.13282386047727,,,497
1769170800,1.1738899999999999,1.17392,1.1738,1.1738,53.49166202058517,54.454796003566784,,,374
1769171100,1.1738,1.1739,1.17374,1.1738899999999999,56.08720878657922,54.562371443890505,,,356
1769171400,1.1738899999999999,1.1741,1.17377,1.17398,58.57679094239963,54.90227756281468,,,522
1769171700,1.17398,1.17432,1.17398,1.1743,65.96519780119209,55.808127199969256,,,484
1769172000,1.1743,1.17432,1.17397,1.17398,55.33602013756989,55.69159664698789,,,537
1769172300,1.17398,1.17443,1.17398,1.17438,63.297218904111176,56.40638206017476,,,665
1769172600,1.17438,1.17442,1.17428,1.17433,61.81400887116358,57.035469848139044,,,526
1769172900,1.17433,1.17436,1.17411,1.17422,58.56278332102003,57.04158525343336,,,545
1769173200,1.17422,1.17441,1.17409,1.17418,57.3808868528507,57.46418864553118,,,727
1769173500,1.17418,1.17435,1.17411,1.1742,57.83905276359991,57.81529317162233,,,569
1769173800,1.1742,1.17447,1.17413,1.17447,63.53780329977092,58.40129440549235,,,675
1769174100,1.17447,1.17473,1.17447,1.17464,66.59904752252731,59.27026803199771,,,738
1769174400,1.17464,1.17466,1.17421,1.17421,54.20301258396605,59.23490967923848,,,594
1769174700,1.17421,1.17444,1.17415,1.17437,57.3816951202248,59.29088492339718,,,406
1769175000,1.17437,1.17444,1.17413,1.17417,52.478425877205595,59.21851091315578,,,634
1769175300,1.17417,1.1742,1.1739,1.17399,48.46455164995134,58.67403540339665,,,496
1769175600,1.17399,1.17418,1.17383,1.17417,52.38646563187336,58.231869309787626,,,487
1769175900,1.17417,1.17417,1.17361,1.17363,42.04824459394147,56.52351550926972,,,764
1769176200,1.17363,1.17374,1.17327,1.17337,38.14497685690868,55.295583846365346,,,561
1769176500,1.17337,1.17346,1.17329,1.1734,38.85033092148696,53.54937756189219,,,696
1769176800,1.1734,1.17349,1.17319,1.17348,40.78936453312653,52.0476172520324,,,899
1769177100,1.17348,1.17384,1.17339,1.17382,48.293640565061125,51.31410705517819,,,673
1769177400,1.17382,1.17395,1.17377,1.1738899999999999,49.70689809131783,50.76596500078299,,,619
1769177700,1.1738899999999999,1.17397,1.17378,1.17383,48.48366098784763,50.09772273108639,,,469
1769178000,1.17383,1.17453,1.17382,1.17428,57.02548983780771,49.6325574838033,,,750
1769178300,1.17428,1.17447,1.17428,1.17444,59.59101326982489,49.13198360861027,,,524
1769178600,1.17444,1.17449,1.17425,1.17435,57.51119840425507,49.36828259577378,,,1168
1769178900,1.17435,1.17453,1.17426,1.17441,58.54983494228317,49.45172115449223,,,967
1769179200,1.17441,1.17441,1.17399,1.17399,49.43929516625802,49.23464038942454,,,515
1769179500,1.17399,1.17468,1.17399,1.17454,58.537779864895754,49.954156690492006,,,602
1769179800,1.17454,1.1748,1.17436,1.17475,61.39436969432092,50.59757840923826,,,666
1769180100,1.17475,1.17482,1.17454,1.17463,58.89726310190638,51.80107973123575,,,610
1769180400,1.17463,1.17504,1.17459,1.17489,62.45996881735905,53.53786487126792,,,1104
1769180700,1.17489,1.17515,1.17478,1.17488,62.236526262095985,55.208307395597146,,,806
1769181000,1.17488,1.17488,1.17458,1.17477,59.70628717621496,56.55951615581775,,,745
1769181300,1.17477,1.17505,1.17472,1.17492,61.97642596374353,57.53685797000935,,,912
1769181600,1.17492,1.17536,1.17491,1.17527,66.69191039408581,58.75007313449277,,,797
1769181900,1.17527,1.1752799999999999,1.17494,1.17497,59.84154027995951,59.56135022678648,,,788
1769182200,1.17497,1.17523,1.17487,1.17497,59.84154027995951,59.762496686940175,,,578
1769182500,1.17497,1.1751,1.17486,1.17492,58.676546676413544,59.697177644553655,,,707
1769182800,1.17492,1.17504,1.17485,1.17491,58.43153726405359,59.76291613453926,,,402
1769183100,1.17491,1.17553,1.1749,1.17542,66.18626023817666,60.308375084245945,,,827
1769183400,1.17542,1.17614,1.17539,1.17593,71.84307796983273,61.908645284501276,,,1025
1769183700,1.17593,1.17595,1.17554,1.17581,68.92142273168105,62.65033406070023,,,1369
1769184000,1.17581,1.17586,1.17543,1.17551,62.119994256265564,62.70216438655342,,,1112
1769184300,1.17551,1.17573,1.17536,1.17539,59.586955847795195,62.75142815411691,,,812
1769184600,1.17539,1.17552,1.17469,1.17469,47.43578922541858,61.67827246897831,,,1095
1769184900,1.17469,1.17546,1.17464,1.17543,57.339743057115456,61.32850224005112,,,1009
1769185200,1.17543,1.17604,1.17536,1.1758,61.2691760141767,61.44013715704839,,,1361
1769185500,1.1758,1.17636,1.17568,1.17636,66.32492976750615,61.75074457160286,,,1440
1769185800,1.17636,1.17675,1.1763,1.17666,68.68335603049259,61.89299068848906,,,1312
1769186100,1.17666,1.17682,1.17638,1.17651,66.18736194687577,62.346263664697354,,,1163
1769186400,1.17651,1.17691,1.17647,1.17677,68.33535762690065,62.952964903764574,,,717
1769186700,1.17677,1.17738,1.17664,1.17707,70.65203190303939,63.80835670566643,,,1092
1769187000,1.17707,1.17752,1.17683,1.17693,68.14635825595265,64.50227249080207,,,1671
1769187300,1.17693,1.17708,1.17675,1.17706,69.2373551657324,64.72020784277034,,,1365
1769187600,1.17706,1.1776,1.1769,1.17756,73.05930174344064,64.80708096945662,,,1088
1769187900,1.17756,1.17798,1.17749,1.17781,74.74858088202768,65.22330655162423,,,1102
1769188200,1.17781,1.17843,1.1778,1.17834,77.91080727958058,66.3512217675753,,,1750
1769188500,1.17834,1.17851,1.178,1.17839,78.18831508498126,67.67989028451716,,,1940
1769188800,1.17839,1.17891,1.17827,1.17877,80.22196747335417,70.0217601593697,,,1732
1769189100,1.17877,1.17935,1.17877,1.17927,82.53004495660649,71.82106743790479,,,1745
1769189400,1.17927,1.17988,1.17856,1.1786,70.63475055724737,72.49003704812412,,,2812
1769189700,1.1786,1.17878,1.17824,1.17862,70.77018497860915,72.80755527748862,,,2585
1769190000,1.17862,1.17912,1.17849,1.17859,70.24682799573833,72.91923184643476,,,2104
1769190300,1.17859,1.17942,1.17852,1.17935,75.24190261315682,73.56598475116911,,,1747
1769190600,1.17935,1.17975,1.17925,1.1797,77.14487078148903,74.19523569078255,,,1385
1769190900,1.1797,1.1798,1.1792799999999999,1.17943,72.51446243967574,74.32826644339944,,,1904
1769191200,1.17943,1.17955,1.17883,1.17883,63.40655582731424,73.98970912706811,,,2080
1769191500,1.17883,1.17892,1.17842,1.17852,59.26478756426298,73.2773828698203,,,1421
1769191800,1.17852,1.17856,1.17778,1.17781,51.04132188690796,71.70467002292511,,,1613
1769192100,1.17781,1.1786699999999999,1.1777199999999999,1.17853,57.48403797521036,70.47148838672388,,,1441
1769192400,1.17853,1.17916,1.17843,1.17872,59.01671914063604,69.12191066251356,,,1521
1769192700,1.17872,1.1793,1.17863,1.17905,61.6056036461737,67.9374312740273,,,1583
1769193000,1.17905,1.17906,1.17856,1.17876,58.130417007515085,66.35946338361022,,,1244
1769193300,1.17876,1.17906,1.17864,1.17902,60.293057814139495,64.77110715914829,,,839
1769193600,1.17902,1.17903,1.1786699999999999,1.17887,58.41833306472089,63.898505909682115,,,630
1769193900,1.17887,1.17902,1.17865,1.17875,56.8942342351134,62.907366570860994,,,602
1769194200,1.17875,1.17877,1.17849,1.17853,54.107182643397756,61.75453475997953,,,691
1769194500,1.17853,1.17923,1.1784999999999999,1.1792,60.45979649380724,60.698670037168846,,,682
1769194800,1.1792,1.17962,1.17914,1.17946,62.62204922199362,59.66132564006203,,,1142
1769195100,1.17946,1.17976,1.17946,1.1797199999999999,64.70086633660043,59.10321163269951,,,809
1769195400,1.1797199999999999,1.18008,1.1797,1.17991,66.18108345437824,59.301392177489795,,,935
1769195700,1.17991,1.18007,1.17978,1.1800599999999999,67.34528873548282,59.878570832576926,,,805
1769196000,1.1800599999999999,1.18007,1.1792799999999999,1.17937,57.53378958200601,60.34231852508393,,,1006
1769196300,1.17937,1.17967,1.17937,1.17964,59.99016247445906,60.5213274178874,,,928
1769196600,1.17964,1.17983,1.17955,1.1797,60.53644730152421,60.629879429379415,,,772
1769196900,1.1797,1.1798899999999999,1.1796,1.17983,61.75488983784513,60.64054272878451,,,752
1769197200,1.17983,1.17988,1.1797,1.17982,61.59734209843891,60.88818023527907,,,683
1769197500,1.17982,1.17996,1.17963,1.17968,59.31582302155133,60.8183777500942,,,831
1769197800,1.17968,1.1806699999999999,1.17968,1.1804999999999999,67.0208201717772,61.43284111488394,,,1176
1769198100,1.1804999999999999,1.18149,1.18049,1.18116,71.67121348696305,62.48833963287319,,,1777
1769198400,1.18116,1.18145,1.181,1.18144,73.38580974355733,63.86538442574173,,,1312
1769198700,1.18144,1.18162,1.18109,1.18131,71.23020997367274,64.63469967430355,,,558
1769199000,1.18131,1.18165,1.18114,1.18156,72.87999423141055,65.36741003211905,,,477
1769199300,1.18156,1.18211,1.18156,1.18211,76.12385387903147,66.18333771372126,,,863
1769199600,1.18211,1.18238,1.18193,1.18236,77.44450080137463,66.987867524221,,,1028
1769199900,1.18236,1.18265,1.18218,1.18222,74.94452883055592,67.53067038815479,,,892
1769200200,1.18222,1.18222,1.18137,1.1814,62.266068892299174,67.86869033889002,,,794
1769200500,1.1814,1.18193,1.1813,1.18193,66.24127217078805,68.31519817434209,,,755
1769200800,1.18193,1.18204,1.18173,1.18181,64.58233070096108,68.60418984573043,,,554
1769201100,1.18181,1.18201,1.18148,1.18199,65.95946019580114,68.90451629987015,,,577
1769201400,1.18199,1.1822,1.1819,1.18217,67.3275698965333,69.31381828544832,,,481
1769201700,1.18217,1.18238,1.182,1.18212,66.52771851974325,69.82895367817632,,,703
1769202000,1.18212,1.18239,1.1821,1.18225,67.60529575484883,69.87070193411,,,434
1769202300,1.18225,1.18316,1.18223,1.18272,71.21350024557067,69.83800813115342,,,508
1769202600,1.18272,1.18302,1.1826699999999999,1.18288,72.34285723249181,69.76351152322016,,,495
1769202900,1.18288,1.18307,1.1828,1.1829,72.48815428554546,69.85336468835392,,,383
1769203200,1.1829,1.18302,1.1824999999999999,1.18259,66.64393493839574,69.40793188171001,,,338
1769203500,1.18259,1.18336,1.18258,1.18293,69.54416154650049,68.9379538579578,,,863
1769203800,1.18293,1.18319,1.18262,1.18263,64.23692003482384,67.99455523177559,,,527
1769204100,1.18263,1.18263,1.18216,1.18256,63.02825781520413,67.14339301639332,,,335
1769204400,1.18256,1.18269,1.18244,1.18262,63.65943287771765,67.24291901535177,,,247
1769204700,1.18262,1.18276,1.18238,1.18239,59.46834256595786,66.75913832929248,,,436
1769205000,1.18239,1.1829399999999999,1.18236,1.18293,65.25248081414776,66.80700619452014,,,429
1769205300,1.18293,1.18299,1.18253,1.18265,60.43641974903921,66.41250330546572,,,321
1769378400,1.18612,1.18638,1.1859,1.18606,79.8965691172638,67.31028896408932,,,35
1769378700,1.18606,1.18606,1.18536,1.18536,72.06085896442156,67.70551328156635,,,153
1769379000,1.18536,1.18542,1.18495,1.18533,71.73614857337157,68.00057419717511,,,265
1769379300,1.18533,1.18551,1.18526,1.18539,72.00782259580694,68.05731150790628,,,228
1769379600,1.18539,1.18579,1.1853799999999999,1.18578,73.77252429909312,68.15943058409208,,,131
1769379900,1.18578,1.18608,1.18559,1.18599,74.69751459606113,68.3172420348432,,,805
1769380200,1.18599,1.18649,1.18595,1.18649,76.79588027513158,69.04238098746718,,,151
1769380500,1.18649,1.18679,1.1864,1.18679,77.97606204012901,69.64465959415494,,,436
1769380800,1.18679,1.18705,1.18674,1.187,78.7893070064075,70.68411580641092,,,219
1769381100,1.187,1.1875,1.18696,1.18716,79.41304736474882,71.85445791709267,,,425
1769381400,1.18716,1.1892099999999999,1.18689,1.18857,83.90490792688391,73.30056327774741,,,511
1769381700,1.18857,1.18904,1.18848,1.18889,84.7197620498026,75.10423609802204,,,327
1769382000,1.18889,1.18937,1.18749,1.18758,69.26081236465357,75.39054549448674,,,2250
1769382300,1.18758,1.18854,1.18706,1.18852,73.0595656683104,76.29219877443468,,,1332
1769382600,1.18852,1.18947,1.18852,1.18942,76.10441440257793,76.02133058052854,,,850
1769382900,1.18942,1.18976,1.18841,1.18862,68.6744230330239,75.77944229971442,,,1135
1769383200,1.18862,1.1887699999999999,1.18733,1.18739,59.11795007963038,74.87814240730434,,,1148
1769383500,1.18739,1.18739,1.18618,1.18648,53.217586732786174,73.53598270280285,,,1046
1769383800,1.18648,1.18683,1.18607,1.18612,51.047008333699885,71.91273156241763,,,976
1769384100,1.18612,1.1866,1.18592,1.18659,53.70199658302446,70.41305170434357,,,868
1769384400,1.18659,1.1867,1.18628,1.18659,53.70199658302446,68.76348858347878,,,693
1769384700,1.18659,1.18665,1.18543,1.18592,49.28297060654652,66.7139820525086,,,1007
1769385000,1.18592,1.1862,1.18563,1.18564,47.52299035595788,64.48067372033363,,,782
1769385300,1.18564,1.18603,1.18549,1.18603,50.19113180276098,62.393394037334495,,,857
1769385600,1.18603,1.18603,1.18444,1.18529,45.467336402629954,59.6478532141735,,,2267
1769385900,1.18529,1.18558,1.18482,1.18557,47.48146719762542,56.98797501044656,,,1721
1769386200,1.18557,1.1858899999999999,1.18473,1.18493,43.524425454869856,55.14966165974773,,,1393
1769386500,1.18493,1.18495,1.18447,1.18464,41.82355907809136,52.91851833187494,,,1127
1769386800,1.18464,1.185,1.18444,1.185,44.71196034462905,50.67620018487859,,,1053
1769387100,1.185,1.18554,1.18499,1.18535,47.44397554296603,49.15973964987445,,,793
1769387400,1.18535,1.1853799999999999,1.18469,1.18491,44.469030827599866,48.11338827472942,,,1095
1769387700,1.18491,1.1855499999999999,1.18489,1.18547,48.863895444809735,47.80241032558825,,,848
1769388000,1.18547,1.18568,1.18536,1.18554,49.40294683226487,47.684977361200026,,,1069
1769388300,1.18554,1.1859,1.18547,1.18574,50.99252359511781,47.49144357634956,,,1075
1769388600,1.18574,1.18631,1.18568,1.18622,54.673040326164156,47.56080384371667,,,1072
1769388900,1.18622,1.18624,1.18563,1.18611,53.67813893520632,47.87474443862095,,,1370
1769389200,1.18611,1.18649,1.18603,1.18645,56.3237331872169,48.50336892656802,,,1688
1769389500,1.18645,1.18656,1.18545,1.18585,50.8088808972934,48.547493861891766,,,1314
1769389800,1.18585,1.18622,1.18559,1.1858899999999999,51.15226509599057,48.95356019713181,,,1319
1769390100,1.1858899999999999,1.18611,1.18559,1.18593,51.51674205811347,49.241794115738095,,,1360
1769390400,1.18593,1.18598,1.18559,1.18576,49.81550890574733,49.6911572193722,,,1187
1769390700,1.18576,1.18606,1.18574,1.1858899999999999,51.14416028756279,50.35691444862016,,,1363
1769391000,1.1858899999999999,1.18609,1.18554,1.18571,49.20177179025394,50.6776152661648,,,1235
1769391300,1.18571,1.18667,1.18566,1.18642,56.25851193575902,51.30722500850715,,,1160
1769391600,1.18642,1.18674,1.1863,1.18642,56.258511935759024,52.14933080194709,,,1129
1769391900,1.18642,1.18691,1.1864,1.18679,59.64655498216446,52.919520768901,,,1222
1769392200,1.18679,1.18684,1.18622,1.18645,55.400088495621176,53.34788803056931,,,1001
1769392500,1.18645,1.18647,1.18571,1.18577,48.034458274698174,53.136597650539336,,,1035
1769392800,1.18577,1.18618,1.18558,1.18599,50.335092296147174,52.82674421982383,,,954
1769393100,1.18599,1.18659,1.18587,1.18657,55.88071751187941,52.98407126101477,,,801
1769393400,1.18657,1.1876,1.1864999999999999,1.18746,62.753505998831116,53.44334074755864,,,1618
1769393700,1.18746,1.18746,1.18688,1.1869399999999999,57.151657159412025,53.896396194852834,,,1328
1769394000,1.1869399999999999,1.18712,1.18648,1.1871099999999999,58.457282452944604,54.41818314892097,,,1271
1769394300,1.1871099999999999,1.18737,1.187,1.1872,59.16666042193301,54.9646058891938,,,1219
1769394600,1.1872,1.18764,1.18716,1.18721,59.24992367874157,55.63849265869339,,,1368
1769394900,1.18721,1.18743,1.18716,1.18731,60.12554817491139,56.280020364932575,,,779
1769395200,1.18731,1.18756,1.18715,1.18729,59.84856213814998,57.0405053897823,,,707
1769395500,1.18729,1.18729,1.18685,1.18693,54.94217447671351,56.94648128556476,,,698
1769395800,1.18693,1.18699,1.18645,1.18648,49.48150675529171,56.46240948695995,,,698
1769396100,1.18648,1.1867699999999999,1.18646,1.18675,52.53006487406577,55.95408876495291,,,916
1769396400,1.18675,1.1867699999999999,1.18646,1.18656,50.232825672143264,55.58499856327591,,,1031
1769396700,1.18656,1.18657,1.18637,1.18641,48.43207454532019,55.613399725463196,,,668
1769397000,1.18641,1.1864999999999999,1.1861599999999999,1.18624,46.40185154923348,55.33245395782651,,,602
1769397300,1.18624,1.18635,1.18599,1.18604,44.06173226518444,54.48824072591972,,,820
1769397600,1.18604,1.18623,1.18582,1.18606,44.36389720336094,53.17469724052899,,,509
1769397900,1.18606,1.18632,1.18595,1.1862,46.54080576823288,52.416779284016194,,,643
1769398200,1.1862,1.18636,1.1861,1.18624,47.176758987889365,51.61102760794082,,,613
1769398500,1.18624,1.18648,1.18603,1.18612,45.430703032007656,50.629887794374724,,,573
1769398800,1.18612,1.18625,1.18604,1.18623,47.35419317014922,49.7801927580467,,,508
1769399100,1.18623,1.1866,1.1861599999999999,1.1861599999999999,46.23726867603073,48.78817279384094,,,687
1769399400,1.1861599999999999,1.1863,1.18593,1.18593,42.675554795120775,47.561529412196,,,556
1769399700,1.18593,1.18623,1.18591,1.18622,48.10377514876706,47.073072317342685,,,407
1769400000,1.18622,1.18624,1.18562,1.18586,42.698482240297416,46.588570566271656,,,707
1769400300,1.18586,1.18622,1.1855499999999999,1.18621,48.73033558654899,46.317161331449036,,,684
1769400600,1.18621,1.18671,1.18618,1.18671,55.876050290402,46.7202488041818,,,493
1769400900,1.18671,1.18693,1.1866,1.18675,56.39959096943796,47.28935712019022,,,1037
1769401200,1.18675,1.1867699999999999,1.18643,1.18649,52.07446364816811,47.69454369868554,,,674
1769401500,1.18649,1.18652,1.18607,1.18612,46.59796536401713,47.87570320574502,,,525
1769401800,1.18612,1.18632,1.18609,1.1861,46.31442987362209,48.01502696790653,,,458
1769402100,1.1861,1.18617,1.18574,1.1858,42.16952015867186,47.70279228150931,,,535
1769402400,1.1858,1.18621,1.18577,1.1862,48.75481518619941,47.8155105813886,,,442
1769402700,1.1862,1.18647,1.18613,1.18638,51.43484963004836,48.24437819553437,,,532
1769403000,1.18638,1.18638,1.18596,1.186,45.969107268741325,48.14544348829095,,,702
1769403300,1.186,1.18603,1.18584,1.1859,44.62518906127012,48.03029494437948,,,575
1769403600,1.1859,1.18622,1.1859,1.18598,45.98566379850432,48.26673130176402,,,522
1769403900,1.18598,1.18607,1.18581,1.18606,47.37795672293047,48.21488712848997,,,472
1769404200,1.18606,1.18613,1.18585,1.18592,45.183031781219796,48.39235495284157,,,545
1769404500,1.18592,1.18612,1.18579,1.18603,47.25083070148082,48.286676032479555,,,375
1769404800,1.18603,1.18649,1.18595,1.18643,54.04011799576473,48.15553801143404,,,517
1769405100,1.18643,1.18697,1.18636,1.18676,58.75643892982544,48.32388429431886,,,739
1769405400,1.18676,1.1867699999999999,1.18641,1.18652,54.38536196381225,48.488948459722,,,592
1769405700,1.18652,1.18663,1.18636,1.18662,55.85886135460545,49.15044103047831,,,509
1769406000,1.18662,1.18665,1.18638,1.18655,54.53094274563205,49.73733480705045,,,436
1769406300,1.18655,1.18656,1.18628,1.18636,50.98782100228177,50.367213438736876,,,298
1769406600,1.18636,1.18669,1.18628,1.1864,51.69934114274877,50.57753672134754,,,532
1769406900,1.1864,1.1867,1.18637,1.18649,53.34064547184721,50.71366499576174,,,619
1769407200,1.18649,1.18649,1.18619,1.18635,50.46774757187261,51.034996445985406,,,909
1769407500,1.18635,1.18655,1.18542,1.18554,37.786974904783364,50.54655257766491,,,1035
1769407800,1.18554,1.18556,1.18506,1.18524,34.344938517144286,49.71507220042491,,,898
1769408100,1.18524,1.18556,1.18508,1.18554,40.21017217548099,49.2030875898928,,,606
1769408400,1.18554,1.18567,1.18543,1.18547,39.327349952034766,48.78482460209387,,,590
1769408700,1.18547,1.18583,1.18544,1.18574,44.39815522202085,48.58106206784674,,,1052
1769409000,1.18574,1.1861599999999999,1.1857199999999999,1.18593,47.71005132644982,48.12891444860996,,,815
1769409300,1.18593,1.18627,1.18585,1.18615,51.325349396386926,47.59812233907864,,,677
1769409600,1.18615,1.18621,1.18595,1.18605,49.64513540851131,47.25953472798572,,,642
1769409900,1.18605,1.18626,1.18573,1.1859,47.151657157117235,46.63759157102227,,,864
1769410200,1.1859,1.18612,1.18574,1.18575,44.73211601682321,45.93767537610736,,,548
1769410500,1.18575,1.18582,1.18515,1.18515,36.634289048708304,44.91242309370925,,,971
1769410800,1.18515,1.18575,1.18505,1.18562,45.0291380319509,44.43598001436654,,,1363
1769411100,1.18562,1.18592,1.18545,1.1859,49.33546949853219,44.14989601627261,,,1078
1769411400,1.1859,1.18623,1.1853799999999999,1.18545,43.444952652398406,43.64826780773874,,,991
1769411700,1.18545,1.18591,1.18536,1.18569,47.07442219437647,44.31165689985253,,,782
1769412000,1.18569,1.18607,1.18553,1.1856,45.88520704592634,45.13596179476553,,,1233
1769412300,1.1856,1.18628,1.1856,1.18605,52.36493646759489,46.00415924420224,,,1083
1769412600,1.18605,1.18611,1.1852,1.1853799999999999,43.93053393334644,46.33295810001022,,,1044
1769412900,1.1853799999999999,1.1856,1.1849399999999999,1.185,39.99574854802955,46.01850048043941,,,752
1769413200,1.185,1.18501,1.18463,1.18484,38.43475967556972,45.35597964823369,,,933
1769413500,1.18484,1.18488,1.18439,1.18471,37.16554654990817,44.34456515919949,,,950
1769413800,1.18471,1.18473,1.18419,1.18455,35.607043647087664,43.3418443190978,,,1034
1769414100,1.18455,1.18455,1.18364,1.18387,29.873459129271367,42.10768731710881,,,1446
1769414400,1.18387,1.18485,1.18382,1.18444,38.77329175341774,41.68205701257985,,,1273
1769414700,1.18444,1.18471,1.18417,1.18423,36.91452119782559,41.70207359465966,,,1605
1769415000,1.18423,1.18479,1.18418,1.1843,37.98179471727548,41.1986919293257,,,969
1769415300,1.1843,1.1843,1.18384,1.18401,35.316138247509286,40.197311125681196,,,961
1769415600,1.18401,1.18434,1.18381,1.18409,36.6372494994322,39.711046614755034,,,780
1769415900,1.18409,1.1848,1.18408,1.1847,45.73775902066857,39.6155706737759,,,1296
1769416200,1.1847,1.18545,1.1847,1.18534,53.3139909239376,40.14619809363385,,,1299
1769416500,1.18534,1.18595,1.1852,1.18521,51.7339115220586,40.1011248832384,,,1904
1769416800,1.18521,1.18537,1.1847699999999999,1.18484,47.425722690259015,40.35078122301787,,,1426
1769417100,1.18484,1.18567,1.1847699999999999,1.18529,52.596172177954365,41.25081148229822,,,1708
1769417400,1.18529,1.18566,1.18521,1.18557,55.526944981703835,42.47168186130779,,,1269
1769417700,1.18557,1.18571,1.18531,1.18534,52.64754904985661,43.57753918273268,,,824
1769418000,1.18534,1.1855499999999999,1.18489,1.1851,49.74856229976036,44.58764765792359,,,2514
1769418300,1.1851,1.1856,1.18506,1.18512,49.9956659481548,46.024948144986695,,,1458
1769418600,1.18512,1.18514,1.18456,1.18457,43.64036120955631,46.37259596328231,,,1330
1769418900,1.18457,1.18481,1.18418,1.18476,46.18531790143845,47.03479572782608,,,1285
1769419200,1.18476,1.18554,1.18471,1.18552,54.94857245048577,48.24670842305539,,,897
1769419500,1.18552,1.18596,1.18552,1.18595,59.015137101406864,49.93949405547664,,,999
1769419800,1.18595,1.18632,1.1858,1.18625,61.61818474633914,51.72384657311285,,,1017
1769420100,1.18625,1.18631,1.18593,1.18595,57.673437757458565,52.57639505431214,,,859
1769420400,1.18595,1.18674,1.18593,1.18668,63.75415454620893,53.32212102733151,,,1090
1769420700,1.18668,1.18668,1.18635,1.1864999999999999,61.41140874466781,54.013370828946464,,,900
1769421000,1.1864999999999999,1.18664,1.18621,1.18625,58.211918593438604,54.78381339345929,,,1002
1769421300,1.18625,1.18646,1.18598,1.18636,59.21868859112274,55.25685028011418,,,1100
1769421600,1.18636,1.18653,1.18599,1.1861,55.79689943728486,55.27613274122711,,,884
1769421900,1.1861,1.1862,1.18588,1.18588,53.005943101740286,55.301732316361665,,,715
1769422200,1.18588,1.18607,1.18565,1.18586,52.74763503654381,55.51595179756048,,,777
1769422500,1.18586,1.18609,1.18573,1.18598,54.19011096306722,55.81555501291137,,,673
1769422800,1.18598,1.18642,1.18598,1.18614,56.11380658697344,56.706515397012595,,,769
1769423100,1.18614,1.18646,1.18608,1.18625,57.43712826042672,57.51021613694032,,,662
1769423400,1.18625,1.18634,1.1858899999999999,1.186,53.48948469097553,57.40599558268959,,,821
1769423700,1.186,1.18612,1.18534,1.18542,45.650444447242506,56.45137467882072,,,947
1769424000,1.18542,1.18606,1.1853799999999999,1.18593,52.27380178730674,55.78391875317555,,,774
1769424300,1.18593,1.18611,1.18584,1.18596,52.63942596708252,55.424346482434395,,,678
1769424600,1.18596,1.18617,1.18545,1.18585,51.09380697584789,54.520035941694324,,,774
1769424900,1.18585,1.18612,1.18584,1.18606,53.878068827593594,53.981940233331876,,,822
1769425200,1.18606,1.18607,1.18547,1.18579,49.94133947349153,53.39118458190709,,,1002
1769425500,1.18579,1.18585,1.18534,1.18545,45.43886887192184,52.4069117448213,,,1122
1769425800,1.18545,1.1856,1.18532,1.18542,45.052910405553604,51.6394839568405,,,681
1769426100,1.18542,1.18564,1.18537,1.1855,46.36132246312425,51.164868196939366,,,594
1769426400,1.1855,1.18554,1.18513,1.18514,41.56483709845487,50.3660969156473,,,560
1769426700,1.18514,1.18521,1.1849,1.18518,42.27939976242821,49.515331829887366,,,651
1769427000,1.18518,1.18526,1.18486,1.18515,41.86590266287306,48.49762440673734,,,776
1769427300,1.18515,1.1855499999999999,1.18515,1.18549,48.065225463691085,47.82820277839908,,,681
1769427600,1.18549,1.18563,1.18535,1.1855499999999999,49.09683446955075,47.51444204829731,,,606
1769427900,1.1855499999999999,1.1857,1.18549,1.18552,48.57726381877515,47.72350057483535,,,529
1769428200,1.18552,1.18579,1.1855,1.1857199999999999,52.208350089123755,47.718825453536574,,,727
1769428500,1.1857199999999999,1.1857199999999999,1.1854,1.18557,49.39140296502912,47.48682381053276,,,1015
1769428800,1.18557,1.18564,1.18539,1.18545,47.19742770181931,47.208511005245,,,874
1769429100,1.18545,1.18571,1.18544,1.18545,47.19742770181931,46.73132235340398,,,565
1769429400,1.18545,1.1855,1.18535,1.18544,46.99567175403908,46.52091751630024,,,609
1769429700,1.18544,1.18554,1.18536,1.18546,47.479235501855655,46.66665798986694,,,680
1769430000,1.18546,1.18553,1.18487,1.18501,38.88363116256368,46.225995186796226,,,782
1769430300,1.18501,1.18506,1.18474,1.18485,36.36291719297149,45.51182338178531,,,632
1769430600,1.18485,1.1849399999999999,1.18455,1.18492,38.24901151663868,45.274978697369875,,,967
1769430900,1.18492,1.18514,1.18485,1.18488,37.56388576588194,44.93815626904514,,,543
1769431200,1.18488,1.18488,1.18449,1.18451,31.876117318933183,44.22460017304944,,,616
1769431500,1.18451,1.18461,1.18435,1.18438,30.148816508894598,42.94485667627826,,,687
1769431800,1.18438,1.1844,1.18401,1.18413,27.106796317647067,41.374139665428,,,750
1769432100,1.18413,1.18427,1.18401,1.18421,29.55624847891457,40.01549571258081,,,701
1769432400,1.18421,1.18434,1.1836,1.18374,24.37416676988157,38.02733976120636,,,948
1769432700,1.18374,1.18378,1.18349,1.18353,22.47783006487161,36.1049416969094,,,1082
1769433000,1.18353,1.18419,1.18353,1.18395,33.60392494525922,35.133977214297964,,,878
1769433300,1.18395,1.18408,1.18369,1.18402,35.271351863829224,34.282114654441536,,,882
1769433600,1.18402,1.18448,1.18402,1.18446,44.676272859964435,34.116443304864774,,,886
1769433900,1.18446,1.18475,1.18446,1.18468,48.69057837242332,34.202967795619614,,,671
1769434200,1.18468,1.18487,1.18442,1.18476,50.108262919988185,35.00472720686422,,,984
1769434500,1.18476,1.18496,1.18451,1.18459,47.12831924204103,35.77368449608347,,,1064
1769434800,1.18459,1.18499,1.18458,1.18468,48.86219920096188,36.53176933067798,,,929
1769435100,1.18468,1.18541,1.18454,1.18533,59.25486957932273,38.08112531735232,,,1161
1769435400,1.18533,1.18568,1.18513,1.18545,60.83724985444866,40.14977764131771,,,1238
1769435700,1.18545,1.18565,1.18541,1.18559,62.659255002975634,42.47195181946636,,,895
1769436000,1.18559,1.18568,1.18526,1.18541,58.86716454668714,44.74054955011208,,,1166
1769436300,1.18541,1.18584,1.18533,1.18568,62.53027419709979,47.09583710141102,,,1063
1769436600,1.18568,1.18581,1.18548,1.18571,62.925350065732445,49.849493051114656,,,882
1769436900,1.18571,1.18626,1.18545,1.18626,69.31348007077095,53.19489662296461,,,929
1769437200,1.18626,1.18676,1.18625,1.18672,73.43605933015623,56.040049079028684,,,1132
1769437500,1.18672,1.18676,1.18653,1.1867,72.97700482175841,58.733310004595054,,,1209
1769437800,1.1867,1.18715,1.18655,1.18708,76.04146158208577,60.97368062760372,,,1258
1769438100,1.18708,1.18717,1.18659,1.18701,74.36841638142798,62.807811913961196,,,1262
1769438400,1.18701,1.18729,1.18678,1.18695,72.88810936485737,64.43494380288043,,,1600
1769438700,1.18695,1.18764,1.1869399999999999,1.18762,78.12447519791402,66.64895494258563,,,1511
1769439000,1.18762,1.18792,1.18736,1.18764,78.25945861175981,68.74875918621407,,,1683
1769439300,1.18764,1.18796,1.18743,1.18789,79.92683085477731,70.22532784874655,,,1575
1769439600,1.18789,1.18797,1.18721,1.18734,67.63680823953024,70.71101059053808,,,1610
1769439900,1.18734,1.18742,1.18704,1.18735,67.73395488736146,71.0734891537085,,,1559
1769440200,1.18735,1.18745,1.1872,1.1873799999999999,68.04386564324984,71.72896780346298,,,1188
1769440500,1.1873799999999999,1.18747,1.18712,1.18739,68.15366852858813,72.13063882714071,,,1134
1769440800,1.18739,1.18767,1.18713,1.18767,71.14349484800819,72.71764916873184,,,1084
1769441100,1.18767,1.1879899999999999,1.1876,1.18798,74.04844257310097,73.05586077604113,,,907
1769441400,1.18798,1.1883,1.18779,1.18823,76.13495000670602,73.24863868150896,,,1351
1769441700,1.18823,1.18876,1.18817,1.18876,79.8362073152533,73.73858171675862,,,1166
1769442000,1.18876,1.18882,1.18832,1.18844,72.52279200010386,73.48724817518847,,,1117
1769442300,1.18844,1.18924,1.18844,1.18919,77.68285441347737,73.7239937489063,,,1121
1769442600,1.18919,1.18929,1.18892,1.18922,77.86194243574472,74.07926753968397,,,1077
1769442900,1.18922,1.18969,1.18917,1.18952,79.62292263062687,74.18629949916344,,,1654
1769443200,1.18952,1.19069,1.18951,1.19031,83.3735576904358,74.55159229049745,,,1971
1769443500,1.19031,1.19032,1.18919,1.18933,66.9187016063309,73.6224402013227,,,1534
1769443800,1.18933,1.18961,1.18898,1.18902,62.702958956398035,73.27002239538469,,,1591
1769444100,1.18902,1.18903,1.18819,1.18827,53.86210597526034,72.27917604452033,,,1869
1769444400,1.18827,1.1885999999999999,1.18815,1.18853,56.169285813987685,71.4309917710016,,,1202
1769444700,1.18853,1.18857,1.1879899999999999,1.18831,53.721325262891725,70.40011010916614,,,1281
1769445000,1.18831,1.1885999999999999,1.1881,1.18822,52.70928646502528,69.08338093895307,,,1515
1769445300,1.18822,1.18848,1.1881599999999999,1.18832,53.7518134997721,67.63362171942957,,,1209
1769445600,1.18832,1.18878,1.18821,1.18853,55.94805707982676,66.19170079608107,,,945
1769445900,1.18853,1.18901,1.18836,1.18843,54.61795007066817,64.39039670718212,,,867
1769446200,1.18843,1.18876,1.18829,1.18863,56.828563245896575,63.269380367595886,,,897
1769446500,1.18863,1.18869,1.18836,1.18859,56.23852892290348,61.7376428325549,,,1123
1769446800,1.18859,1.18876,1.18848,1.18852,55.15920615399011,60.11601881242956,,,1071
1769447100,1.18852,1.18874,1.18837,1.18838,52.969635080752596,58.212212558867115,,,1025
1769447400,1.18838,1.18893,1.18829,1.18887,59.090563060210116,56.47771294242242,,,1039
1769447700,1.18887,1.18914,1.18874,1.18904,60.98761385634183,56.054063817423206,,,877
1769448000,1.18904,1.18904,1.18859,1.18862,54.28944746507193,55.45309871089991,,,1014
1769448300,1.18862,1.18862,1.18773,1.18776,43.70478286345187,54.727575631485024,,,1148
1769448600,1.18776,1.18805,1.18752,1.18804,47.30691444634205,54.09454910522462,,,980
1769448900,1.18804,1.18811,1.18786,1.18793,46.060014846951006,53.54731264694313,,,698
1769449200,1.18793,1.18796,1.1877,1.18784,45.01458564413459,52.997691159736654,,,790
1769449500,1.18784,1.18784,1.18747,1.18774,43.82436264929491,52.28858752755972,,,848
1769449800,1.18774,1.18788,1.18768,1.1877199999999999,43.57619846742252,51.404883340959415,,,783
1769450100,1.1877199999999999,1.18795,1.18764,1.18787,46.04399431270162,50.7924579296761,,,699
1769450400,1.18787,1.18811,1.1878,1.18805,48.93051260227842,50.22831145513194,,,701
1769450700,1.18805,1.18864,1.18793,1.18857,56.21753713650007,50.22681204181742,,,731
1769451000,1.18857,1.18888,1.18845,1.18849,54.919209396359946,50.2096694162724,,,839
1769451300,1.18849,1.18902,1.18841,1.18893,60.343844198969315,50.73639863900217,,,683
1769451600,1.18893,1.18896,1.18862,1.18866,55.898789056673344,50.50841478160668,,,445
1769451900,1.18866,1.18876,1.1883,1.18856,54.30330895316454,50.03096443137973,,,590
1769452200,1.18856,1.18864,1.18837,1.18852,53.64375123408854,49.984843272023774,,,712
1769452500,1.18852,1.18865,1.18841,1.18857,54.38948901757849,50.748036568747104,,,630
1769452800,1.18857,1.18859,1.18795,1.1879899999999999,45.28815307275634,50.6038393277767,,,1013
1769453100,1.1879899999999999,1.18828,1.18795,1.18819,48.48908276603028,50.777344179139504,,,1024
1769453400,1.18819,1.18834,1.18808,1.18819,48.48908276603028,51.025522544989194,,,1019
1769453700,1.18819,1.18824,1.18788,1.18791,44.28254551075499,51.05824989223635,,,1046
1769454000,1.18791,1.18791,1.18731,1.18752,39.18364162669729,50.74449583218454,,,1369
1769454300,1.18752,1.18773,1.18734,1.18741,37.859507527399,50.15988963323435,,,961
1769454600,1.18741,1.1875499999999999,1.1873,1.18748,39.266036986984666,49.469569946427654,,,903
1769454900,1.18748,1.18748,1.18719,1.1872,35.77760630535542,48.00957488706018,,,630
1769455200,1.1872,1.1874,1.18713,1.18723,36.42926198725237,46.68886435783821,,,488
1769455500,1.18723,1.18756,1.18718,1.18729,37.78887230176559,45.07779493660938,,,534
1769455800,1.18729,1.18745,1.18722,1.1873799999999999,39.866416283283826,43.93262545279584,,,446
1769456100,1.1873799999999999,1.18739,1.1871,1.18729,38.48243757248348,42.80256321131862,,,537
1769456400,1.18729,1.18756,1.18705,1.18752,43.84734821357781,42.102820138424995,,,937
1769456700,1.18752,1.18757,1.1873,1.18757,44.970873483812994,41.43006188601318,,,515
1769457000,1.18757,1.18786,1.18745,1.18781,50.12894168035748,41.77583250084183,,,810
1769457300,1.18781,1.18815,1.18781,1.18791,52.14184917217951,42.03674438699534,,,1174
1769457600,1.18791,1.18832,1.18773,1.18785,50.81654281555867,42.202991533390225,,,1288
1769457900,1.18785,1.1881599999999999,1.18785,1.18815,56.737550743433644,43.09263476429584,,,762
1769458200,1.18815,1.18837,1.18806,1.18823,58.18325747837267,44.449750182272645,,,625
1769458500,1.18823,1.18831,1.18805,1.18827,58.92240110905375,45.95424258096227,,,718
1769458800,1.18827,1.1883299999999999,1.1881,1.18823,57.821737864323836,47.2796497864865,,,586
1769459100,1.18823,1.18825,1.18808,1.18819,56.681488193681844,48.772784207081244,,,552
1769459400,1.18819,1.18831,1.18809,1.1881599999999999,55.79283321650211,50.15589643774194,,,613
1769459700,1.1881599999999999,1.18827,1.18797,1.18812,54.564474172745705,51.35415371424051,,,681
1769460000,1.18812,1.18815,1.18795,1.1879899999999999,50.660687848741496,52.12517311177321,,,634
1769460300,1.1879899999999999,1.18827,1.1879899999999999,1.18822,56.57956589905112,53.41782513509947,,,477
1769460600,1.18822,1.18827,1.18809,1.18813,53.856943812002214,54.132796249272644,,,475
1769460900,1.18813,1.18826,1.1881,1.18825,56.839172443728394,54.9805318892666,,,450
1769461200,1.18825,1.1885999999999999,1.18824,1.18859,63.948660648671314,55.967654672717586,,,431
1769461500,1.18859,1.18864,1.18815,1.18817,52.45430200005064,55.989972731851246,,,518
1769461800,1.18817,1.18818,1.18792,1.18794,47.42692465043264,55.74785714862795,,,233
1769462100,1.18794,1.18794,1.18763,1.18777,44.06520181633744,54.84268936812108,,,304
1769462400,1.18777,1.18782,1.1876,1.18766,41.991133828386545,53.686109107407795,,,252
1769462700,1.18766,1.18773,1.18756,1.18761,41.045432362371045,52.409182768359024,,,292
1769463000,1.18761,1.18761,1.18742,1.1875499999999999,39.884604872486214,51.12795898322777,,,219
1769463300,1.1875499999999999,1.1876,1.18747,1.18747,38.328123847542514,49.81700438707496,,,206
1769463600,1.18747,1.18753,1.18737,1.18753,40.212614743772754,48.70413163902286,,,294
1769463900,1.18753,1.18758,1.18742,1.18748,39.13930894938152,47.602334123068275,,,464
1769464200,1.18748,1.18781,1.18748,1.1878,48.59569713794566,47.45483478658286,,,297
1769464500,1.1878,1.18804,1.1878,1.18804,54.32747536077649,47.29397117670609,,,389
1769464800,1.18804,1.18804,1.1874,1.18741,41.30698381268623,46.39754546246923,,,36
1769465100,1.18741,1.18761,1.1873799999999999,1.18752,43.83795716110702,45.46888722799628,,,153
1769465400,1.18752,1.18753,1.1873799999999999,1.18743,42.233270062279495,43.91778790039685,,,56
1769465700,1.18743,1.18766,1.18739,1.18764,47.09917855690112,43.53527908302903,,,154
1769466000,1.18764,1.18767,1.18763,1.18767,47.775952031889396,43.56020961027595,,,129
1769466300,1.18767,1.18774,1.18752,1.18762,46.703534041653924,43.748661912084266,,,87
1769466600,1.18762,1.18766,1.18754,1.18766,47.714669336322146,44.1574858769368,,,48
1769466900,1.18766,1.18766,1.18764,1.18765,47.472189954248186,44.616539990642316,,,77
1769467200,1.18765,1.18765,1.18762,1.18763,46.95820657056582,45.12179725479086,,,73
1769467500,1.18763,1.18765,1.18739,1.18756,45.11699903018796,45.60671691069411,,,147
1769467800,1.18756,1.18765,1.18748,1.18751,43.79605952756532,45.862677252393574,,,484
1769468100,1.18751,1.18765,1.18748,1.18751,43.79605952756532,46.19530229369242,,,177
1769468400,1.18751,1.18813,1.18749,1.18788,55.08254965565201,46.65864890210002,,,258
1769468700,1.18788,1.18803,1.18784,1.18789,55.34356088363758,46.73122643944724,,,202
1769469000,1.18789,1.18791,1.18777,1.18779,52.08418357413004,47.50102642240751,,,87
1769469300,1.18779,1.18779,1.18758,1.18768,48.68744669077726,47.847418531669675,,,132
1769469600,1.18768,1.1877,1.1876,1.18763,47.18123049927177,48.20084427716911,,,158
1769469900,1.18763,1.18773,1.18763,1.18773,50.48080947851239,48.44238934299849,,,77
1769470200,1.18773,1.18774,1.18763,1.18764,47.59881225939992,48.42973650210639,,,67
1769470500,1.18764,1.18766,1.18747,1.18747,42.64615552072821,48.139923750611686,,,63
1769470800,1.18747,1.18778,1.18736,1.18773,51.03722383710634,48.37724907209628,,,170
1769471100,1.18773,1.18773,1.18732,1.18733,41.0796638671738,47.92064006587668,,,295
1769471400,1.18733,1.18748,1.18713,1.18748,45.38304050885826,47.808128204326145,,,301
1769471700,1.18748,1.18754,1.18735,1.18736,42.69639701665856,47.63522806050262,,,269
1769472000,1.18736,1.18789,1.18724,1.18785,54.53267969536753,48.40212950105991,,,910
1769472300,1.18785,1.18805,1.18767,1.1877199999999999,51.493755138747034,48.9519649018586,,,554
1769472600,1.1877199999999999,1.18809,1.18764,1.18806,58.074323518785825,49.165663034939584,,,559
1769472900,1.18806,1.18826,1.188,1.18814,59.467682250381735,49.46024313256417,,,512
1769473200,1.18814,1.18825,1.18802,1.18808,57.9131281687599,49.87659631789488,,,625
1769473500,1.18808,1.18819,1.18784,1.18785,52.272126123720504,50.132644848819396,,,454
1769473800,1.18785,1.18825,1.18784,1.18824,59.4794779078263,51.01109109228757,,,565
1769474100,1.18824,1.18826,1.18808,1.18814,57.098536621413004,51.48378588820905,,,507
1769474400,1.18814,1.18815,1.18791,1.18804,54.73881061871546,51.9937857710173,,,469
1769474700,1.18804,1.18805,1.18773,1.18779,49.25807641837192,52.466065835134714,,,565
1769475000,1.18779,1.18786,1.18764,1.1877199999999999,47.81448083980345,52.23586990675593,,,809
1769475300,1.1877199999999999,1.1878,1.18764,1.18771,47.59986564576374,52.70159860522664,,,682
1769475600,1.18771,1.1878,1.18731,1.18753,43.78981039226495,52.587796454041396,,,936
1769475900,1.18753,1.18773,1.18743,1.18749,42.96675275460607,52.6071075781805,,,836
1769476200,1.18749,1.18763,1.18733,1.18754,44.374187437784336,51.88150098835314,,,688
1769476500,1.18754,1.18782,1.18736,1.18767,47.96934148189547,51.62975715572089,,,806
1769476800,1.18767,1.18783,1.1876,1.1877199999999999,49.32589994636382,51.00486975769074,,,773
1769477100,1.1877199999999999,1.18773,1.18752,1.1876,46.21183052421499,50.05802320582169,,,432
1769477400,1.1876,1.18771,1.18742,1.18759,45.951481337080104,49.2036198607017,,,521
1769477700,1.18759,1.18769,1.18744,1.18756,45.130043424098965,48.69347109644302,,,508
1769478000,1.18756,1.18781,1.18752,1.18774,50.81167648175485,48.0743424231522,,,524
1769478300,1.18774,1.18798,1.18766,1.18791,55.49845815697059,47.96005110426346,,,399
1769478600,1.18791,1.18806,1.1879,1.18803,58.50408496851142,48.22899927210602,,,466
1769478900,1.18803,1.18814,1.18783,1.18786,53.038877183887124,48.499056469642824,,,396
1769479200,1.18786,1.18791,1.1876,1.18783,52.11369058409574,48.80614287994941,,,574
1769479500,1.18783,1.18801,1.18782,1.18792,54.66840272674938,49.31103838573411,,,464
1769479800,1.18792,1.18802,1.18788,1.18792,54.66840272674938,50.08808069534014,,,358
1769480100,1.18792,1.1882,1.18781,1.18819,61.765443265296916,51.43084430324664,,,463
1769480400,1.18819,1.18849,1.18817,1.18849,67.79799846369914,53.10397366224054,,,283
1769480700,1.18849,1.18887,1.18849,1.18882,72.86894759071875,54.882516955727915,,,521
1769481000,1.18882,1.18904,1.18879,1.18899,75.04875568450737,56.71986379416675,,,555
1769481300,1.18899,1.1895,1.18893,1.18948,80.02929946392939,59.13539728986063,,,858
1769481600,1.18948,1.18993,1.18944,1.18969,81.7139589852315,61.689859979014294,,,944
1769481900,1.18969,1.18982,1.18964,1.18974,82.1011099402345,64.33065044445254,,,512
1769482200,1.18974,1.1899,1.18948,1.18952,74.6155021054961,66.03092370329121,,,453
1769482500,1.18952,1.1895499999999999,1.18932,1.18933,68.78275418119598,66.97980199073588,,,729
1769482800,1.18933,1.18933,1.18871,1.18875,54.720542985860035,66.70954899197507,,,793
1769483100,1.18875,1.18879,1.18851,1.1887699999999999,55.061717989787546,66.85403762096796,,,606
1769483400,1.1887699999999999,1.18883,1.18851,1.18864,52.303040258287375,66.86756259769592,,,576
1769483700,1.18864,1.18874,1.1885,1.18864,52.303040258287375,66.69860813566292,,,520
1769484000,1.18864,1.18867,1.18843,1.18844,48.01114345523187,66.22308961626882,,,588
1769484300,1.18844,1.18854,1.18839,1.18841,47.38305424828317,65.19577611505355,,,419
1769484600,1.18841,1.18859,1.18839,1.18854,50.41049620044201,63.953811667678046,,,345
1769484900,1.18854,1.18875,1.1885,1.18874,54.72635273187135,62.657912034903234,,,311
1769485200,1.18874,1.1889,1.18852,1.18852,49.611459115080656,60.84096227994417,,,569
1769485500,1.18852,1.18852,1.1881,1.18813,42.09964043703891,58.13170092088057,,,513
1769485800,1.18813,1.18832,1.18797,1.18819,43.51659298919361,55.40331763544929,,,523
1769486100,1.18819,1.1882,1.18791,1.18796,39.52365625118431,52.36207094337427,,,528
1769486400,1.18796,1.18824,1.18796,1.18823,45.809729972210604,50.30451579099674,,,532
1769486700,1.18823,1.18823,1.18793,1.18796,41.19808700524284,48.334182421285796,,,343
1769487000,1.18796,1.18806,1.18767,1.18773,37.715025775175285,47.11950262052261,,,337
1769487300,1.18773,1.18773,1.18748,1.18752,34.820390575076885,45.67369351947185,,,390
1769487600,1.18752,1.18775,1.18742,1.18749,34.414039210302434,44.39590773033006,,,405
1769487900,1.18749,1.18749,1.18715,1.18721,30.801136358491192,42.86005745177319,,,469
1769488200,1.18721,1.18745,1.18721,1.18732,33.743967856159145,41.84097348041085,,,372
1769488500,1.18732,1.18733,1.18713,1.18714,31.391402709075663,40.69871265618174,,,282
1769488800,1.18714,1.18732,1.187,1.18722,33.60689703303261,39.49845557279536,,,411
1769489100,1.18722,1.18727,1.18705,1.1871099999999999,32.073259996959806,37.88037752030167,,,344
1769489400,1.1871099999999999,1.18743,1.1871099999999999,1.18736,38.89793630774302,37.11512589120612,,,320
1769489700,1.18736,1.18747,1.18724,1.18733,38.399360493779035,36.85082018097328,,,413
1769490000,1.18733,1.18743,1.18727,1.1873,37.87653165679162,36.447958657230274,,,478
1769490300,1.1873,1.18745,1.18727,1.18742,41.318309488602495,36.57614817418871,,,518
1769490600,1.18742,1.18742,1.18733,1.1873799999999999,40.5125959887505,36.19778146108441,,,395
1769490900,1.1873799999999999,1.18739,1.18719,1.18724,37.738773854092855,35.95068766457371,,,375
1769491200,1.18724,1.18764,1.1872,1.18762,48.12159545848825,36.69401407052463,,,521
1769491500,1.18762,1.1877199999999999,1.18759,1.1876,47.67100384673584,37.61191501850027,,,313
1769491800,1.1876,1.18775,1.18759,1.1877199999999999,50.65645108553039,38.77208729530226,,,464
1769492100,1.1877199999999999,1.18774,1.1875,1.1875,45.528154208392365,39.824017141723786,,,476
1769492400,1.1875,1.18759,1.18737,1.18748,45.081339757668665,40.63382942040304,,,477
1769492700,1.18748,1.18761,1.18746,1.18757,47.57470141505922,41.78977932797329,,,297
1769493000,1.18757,1.18781,1.1874,1.18781,53.6216226069274,43.219402583251494,,,412
1769493300,1.18781,1.18785,1.18763,1.18767,49.99874255492001,44.49979419453437,,,518
1769493600,1.18767,1.1879,1.18753,1.18779,52.93408264019798,45.502376075424,,,525
1769493900,1.18779,1.1879,1.18775,1.18782,53.666398185510005,46.5928787676905,,,505
1769494200,1.18782,1.18783,1.18758,1.1877,50.295355278323555,47.479937597799925,,,481
1769494500,1.1877,1.1877,1.18741,1.18748,44.74600411268216,47.72477292809133,,,394
1769494800,1.18748,1.1877199999999999,1.18748,1.18766,49.64175613556121,48.376855795720665,,,405
1769495100,1.18766,1.1877,1.18737,1.18743,44.24691421381711,48.8417229642724,,,518
1769495400,1.18743,1.18768,1.18731,1.1876,48.68580891304694,48.8820239253123,,,571
1769495700,1.1876,1.18783,1.18742,1.1878,53.38769664439995,49.29035912514546,,,434
1769496000,1.1878,1.18805,1.18779,1.18796,56.798147590370625,49.72905173263404,,,451
1769496300,1.18796,1.18813,1.18771,1.18775,51.4747435473703,50.153808113989605,,,608
1769496600,1.18775,1.1878,1.1874,1.18742,44.42795961891759,50.10713810407881,,,496
1769496900,1.18742,1.18742,1.18707,1.18719,40.28821656572904,49.58667490055523,,,626
1769497200,1.18719,1.1873799999999999,1.1871,1.18735,44.18448427703879,48.91259359127747,,,1247
1769497500,1.18735,1.18741,1.1869399999999999,1.18696,37.723101791867144,48.03576210820227,,,743
1769497800,1.18696,1.18734,1.1869399999999999,1.18726,44.452296567311606,47.42992024585324,,,617
1769498100,1.18726,1.1875499999999999,1.18725,1.18745,48.265037472254726,47.044108766335,,,626
1769498400,1.18745,1.18747,1.18717,1.18735,46.45761699916731,46.769984603538134,,,642
1769498700,1.18735,1.18736,1.18712,1.18723,44.3131229902712,46.73906452336592,,,624
1769499000,1.18723,1.1874,1.18707,1.18732,46.314686382035866,46.501416683828396,,,885
1769499300,1.18732,1.18741,1.187,1.18723,44.588743557888506,46.525833065547786,,,595
1769499600,1.18723,1.1873799999999999,1.18719,1.18732,46.726714707221475,46.38589776513168,,,511
1769499900,1.18732,1.18752,1.18721,1.18732,46.726714707221475,45.910113341047506,,,608
1769500200,1.18732,1.18742,1.18704,1.18708,41.74533249077186,44.83491226250474,,,827
1769500500,1.18708,1.18708,1.18609,1.18636,31.05077167651561,43.37605712887226,,,1556
1769500800,1.18636,1.18672,1.1861,1.18628,30.12723018910779,42.35457645531442,,,1228
1769501100,1.18628,1.18647,1.18614,1.18636,32.29585273100945,41.78369332426302,,,824
1769501400,1.18636,1.18636,1.18564,1.18593,27.37737254536657,40.58318534342929,,,797
1769501700,1.18593,1.18622,1.18578,1.1861,31.79955376197738,40.16007476986573,,,785
1769502000,1.1861,1.1861,1.18537,1.1854,25.03859440390879,38.7733817581941,,,977
1769502300,1.1854,1.18569,1.18527,1.18553,28.096116757393887,37.33274456427547,,,960
1769502600,1.18553,1.18574,1.18525,1.18528,25.907643836726066,35.86488933838682,,,1002
1769502900,1.18528,1.18547,1.1851,1.1851099999999999,24.5095880967762,34.4503511317086,,,892
1769503200,1.1851099999999999,1.18548,1.18502,1.18517,26.026840211334815,33.001219262372814,,,1090
1769503500,1.18517,1.1857,1.18517,1.1855499999999999,34.94479083654221,32.31236549656237,,,712
1769503800,1.1855499999999999,1.18587,1.18553,1.18581,40.252252490891145,31.849903909681636,,,593
1769504100,1.18581,1.18611,1.18579,1.18606,44.90656937142676,31.719893528553435,,,635
1769504400,1.18606,1.18617,1.18588,1.1861599999999999,46.69529858825411,32.07346253551645,,,852
1769504700,1.1861599999999999,1.18644,1.18612,1.1864,50.822074738773196,33.48569846853485,,,761
1769505000,1.1864,1.18655,1.18635,1.18649,52.313018231369156,35.07039761441066,,,644
1769505300,1.18649,1.18686,1.18647,1.18676,56.56718844932584,36.80406445143326,,,454
1769505600,1.18676,1.1867699999999999,1.18644,1.18665,54.43650531387294,38.736859649183714,,,422
1769505900,1.18665,1.18681,1.18661,1.18669,55.098819449289266,40.401092912563136,,,445
1769506200,1.18669,1.18713,1.18669,1.1871,61.307290850012315,42.99171408728482,,,480
1769506500,1.1871,1.18716,1.18696,1.1871,61.307290850012315,45.363940808186136,,,526
1769506800,1.1871,1.18726,1.18702,1.18715,62.0494558121937,47.94549880643382,,,522
1769507100,1.18715,1.18715,1.18684,1.18684,55.00496547410425,50.12374004767154,,,579
1769507400,1.18684,1.18895,1.18683,1.18854,73.06454981166493,53.483576447695114,,,4782
1769507700,1.18854,1.18898,1.18817,1.1889,75.3233014446395,56.36775577684493,,,1878
1769508000,1.1889,1.18895,1.18751,1.18774,58.34518723563161,57.660108258612105,,,2003
1769508300,1.18774,1.188,1.1875,1.18778,58.690960875960826,58.644707651793105,,,1651
1769508600,1.18778,1.18786,1.1874,1.18762,56.66475132821417,59.356811418933106,,,1222
1769508900,1.18762,1.1881,1.18753,1.18805,60.60140351149506,60.05533490269896,,,1183
1769509200,1.18805,1.18831,1.18798,1.18824,62.23391968721899,60.763970720973944,,,998
1769509500,1.18824,1.18824,1.18792,1.18808,59.980020849719445,61.007744463859204,,,795
1769509800,1.18808,1.18817,1.18788,1.18795,58.13766752893604,61.27211319350657,,,679
1769510100,1.18795,1.18811,1.18776,1.1879,57.40729450486594,61.4370042689049,,,759
1769510400,1.1879,1.18868,1.18787,1.18842,62.661022288130525,61.53369937162763,,,1332
1769510700,1.18842,1.18891,1.18829,1.18864,64.64781527152498,61.77230825887857,,,1394
1769511000,1.18864,1.18865,1.18829,1.18853,62.847160152316924,61.82928714031594,,,795
1769511300,1.18853,1.18898,1.18844,1.18888,66.08413706115181,62.620656539390765,,,929
1769511600,1.18888,1.18908,1.18884,1.18902,67.31099414125623,62.209688277218724,,,1023
1769511900,1.18902,1.18923,1.18893,1.18895,66.02495582247475,61.54552073277838,,,719
1769512200,1.18895,1.18906,1.18886,1.18906,67.08906800153053,62.1700836446283,,,475
1769512500,1.18906,1.18914,1.1887,1.18871,60.58679221638998,62.30550016894467,,,578
1769512800,1.18871,1.18889,1.18854,1.18859,58.4935499692048,62.43612864330114,,,473
1769513100,1.18859,1.18889,1.18853,1.18889,62.025825448345635,62.53787306736189,,,610
1769513400,1.18889,1.18917,1.18885,1.18915,64.82010761558308,62.72260077653076,,,654
1769513700,1.18915,1.18923,1.18879,1.18882,58.89637115531089,62.645197226930144,,,606
1769514000,1.18882,1.18896,1.18862,1.18865,56.05442685071696,62.496394321343075,,,459
1769514300,1.18865,1.18876,1.18859,1.18867,56.32145738360228,62.41883452696709,,,587
1769514600,1.18867,1.18932,1.18863,1.18929,63.68769866854638,62.49216855413965,,,1234
1769514900,1.18929,1.1897,1.18925,1.18953,66.07291915253961,62.593961688497835,,,838
1769515200,1.18953,1.18975,1.18941,1.18961,66.8544803990979,62.880198848982204,,,571
1769515500,1.18961,1.18977,1.18941,1.1897,67.75444128657708,62.99950629365543,,,469
1769515800,1.1897,1.19082,1.1897,1.19064,75.29832831882678,63.570030163481896,,,1698
1769516100,1.19064,1.19112,1.19064,1.19093,77.07987451680205,64.3596672130767,,,1300
1769516400,1.19093,1.19169,1.1905999999999999,1.1916,80.56703068189742,65.32237883310292,,,1978
1769516700,1.1916,1.19329,1.19148,1.19167,80.89409261157324,66.77290028990171,,,3816
1769517000,1.19167,1.1919899999999999,1.19127,1.1916,79.45399720894807,68.27007509274053,,,2336
1769517300,1.1916,1.19171,1.19125,1.19146,76.51997137166441,69.30537123012043,,,1363
1769517600,1.19146,1.1925999999999999,1.19132,1.19228,80.95585515292629,70.45792462564495,,,1891
1769517900,1.19228,1.19298,1.19213,1.19251,81.9839647811283,72.10703845606048,,,1948
1769518200,1.19251,1.19342,1.19251,1.19262,82.47135392887415,73.99396181878599,,,2244
1769518500,1.19262,1.19287,1.19226,1.1928,83.26898738657836,75.91878539042713,,,1764
1769518800,1.1928,1.19385,1.1928,1.19372,86.62021626605018,77.5568223616774,,,2693
1769519100,1.19372,1.19373,1.19287,1.19288,72.36739209224453,78.00642757165633,,,1324
1769519400,1.19288,1.19292,1.19254,1.19276,70.5806817302104,78.27258480959293,,,1414
1769519700,1.19276,1.19323,1.19266,1.19294,71.70900963066137,78.55505397702753,,,1437
1769520000,1.19294,1.19311,1.1925,1.1927,67.9660252484446,78.0313180434288,,,1480
1769520300,1.1927,1.19271,1.19206,1.19229,62.0111661804432,76.95498173368888,,,1476
1769520600,1.19229,1.19256,1.19208,1.19245,63.36029192340849,75.72592896522539,,,1488
1769520900,1.19245,1.19323,1.19245,1.19319,68.86723493543697,74.86686770264423,,,1536
1769521200,1.19319,1.19365,1.19302,1.19309,67.39313409217937,74.00537748001788,,,1938
1769521500,1.19309,1.19337,1.19226,1.19227,56.67945259047736,72.58819756707597,,,3530
1769521800,1.19227,1.19239,1.1914,1.19201,53.7611150319268,70.64571612986171,,,1942
1769522100,1.19201,1.19261,1.192,1.19234,56.80133808141672,68.84695707988233,,,1600
1769522400,1.19234,1.19256,1.19183,1.1925,58.23517413269554,67.11580138015528,,,1717
1769522700,1.1925,1.19306,1.19237,1.19299,62.356012687266784,65.6220174730616,,,1668
1769523000,1.19299,1.19307,1.19256,1.19268,58.428225754717616,63.60830386510927,,,1683
1769523300,1.19268,1.19295,1.19248,1.1925,56.214060479601564,62.454494464206206,,,1488
1769523600,1.1925,1.19315,1.19244,1.19313,61.68662041744256,61.81920437043707,,,1363
1769523900,1.19313,1.19347,1.19284,1.1931,61.2937606899904,61.075258017532,,,1282
1769524200,1.1931,1.19476,1.1931,1.19476,71.94194593573638,61.35925235233856,,,3252
1769524500,1.19476,1.19522,1.19435,1.19483,72.28815205765973,62.093322772139736,,,3256
1769524800,1.19483,1.19558,1.19434,1.19448,67.7845248000757,62.40933940618739,,,2472
1769525100,1.19448,1.19466,1.19391,1.19397,61.7477716077902,61.90080631135549,,,1837
1769525400,1.19397,1.19424,1.19359,1.19389,60.832576749271816,61.43219507257637,,,1684
1769525700,1.19389,1.19461,1.19376,1.19432,63.92738050485139,61.949904209317374,,,1704
1769526000,1.19432,1.19581,1.19432,1.19547,70.61470299118395,63.153731920692884,,,3112
1769526300,1.19547,1.19622,1.19537,1.19584,72.388305187155,64.2670867139599,,,2536
1769526600,1.19584,1.19668,1.19542,1.19665,75.8279083774307,65.52371058858385,,,2358
1769526900,1.19665,1.19711,1.19644,1.19681,76.45191684989246,66.53056088591426,,,2374
1769527200,1.19681,1.19701,1.19622,1.19698,77.12753732739299,67.86622599824821,,,1966
1769527500,1.19698,1.19723,1.1964299999999999,1.19647,70.58473264662793,68.89270258160724,,,1825
1769527800,1.19647,1.19648,1.19537,1.19546,59.77088896819655,68.75586462094681,,,1859
1769528100,1.19546,1.19596,1.1953,1.19537,58.904872103329765,68.58522972189962,,,1576
1769528400,1.19537,1.1953799999999999,1.19474,1.19506,55.900483758708106,67.43941099496904,,,1753
1769528700,1.19506,1.19579,1.19505,1.19548,58.95496695776795,66.48704063069104,,,1578
1769529000,1.19548,1.19617,1.19514,1.19554,59.387727691168834,65.88726940862627,,,2358
1769529300,1.19554,1.19579,1.19497,1.19507,54.53697047244295,65.37221218467288,,,1957
1769529600,1.19507,1.19606,1.19496,1.19585,60.328262674740785,65.33618975077782,,,1986
1769529900,1.19585,1.19652,1.19578,1.1963,63.237782992633996,65.28693278561943,,,1619
1769530200,1.1963,1.19647,1.19606,1.19639,63.809458952284444,64.80084392569803,,,1475
1769530500,1.19639,1.1972099999999999,1.1962599999999999,1.1972,68.54969804311544,64.52665770112378,,,1705
1769530800,1.1972,1.19746,1.19681,1.197,66.24256842399915,63.841990561592965,,,1348
1769531100,1.197,1.19722,1.1967,1.19718,67.30897348929578,63.188923178693194,,,1311
1769531400,1.19718,1.198,1.19714,1.19798,71.60267972725855,62.79429049296931,,,1809
1769531700,1.19798,1.19859,1.1978199999999999,1.19846,73.82414995895721,63.02567744384998,,,1845
1769532000,1.19846,1.19881,1.19811,1.19874,75.05026320472231,64.11706131788753,,,1691
1769532300,1.19874,1.19901,1.19821,1.1982599999999999,69.07675319344649,64.84362425289586,,,1402
1769532600,1.1982599999999999,1.1982599999999999,1.19737,1.19761,61.892639702633694,65.27163539174771,,,1468
1769532900,1.19761,1.19815,1.19748,1.19792,63.82497770997332,65.61949330261952,,,1335
1769533200,1.19792,1.19817,1.19739,1.19817,65.3508891284021,66.04543340527903,,,1698
1769533500,1.19817,1.19836,1.1972,1.19737,57.05690187751053,66.225428505641,,,1890
1769533800,1.19737,1.19752,1.19697,1.19716,55.08072636883577,65.85060448379063,,,1567
1769534100,1.19716,1.19729,1.19629,1.19656,49.7760996484021,64.88905567348836,,,1855
1769534400,1.19656,1.19666,1.19618,1.19627,47.39999847721469,63.716951353840514,,,1298
1769534700,1.19627,1.19639,1.19585,1.19595,44.85553195915661,62.024510919272025,,,1290
1769535000,1.19595,1.19628,1.19591,1.19617,46.96343759916539,60.64743014606962,,,929
1769535300,1.19617,1.19645,1.19616,1.19642,49.33356438379397,59.36347235281949,,,610
1769535600,1.19642,1.19812,1.19642,1.19808,61.6034642082132,58.64924267288768,,,2269
1769535900,1.19808,1.19824,1.1976499999999999,1.1981,61.723734071828545,57.78492725237849,,,1710
1769536200,1.1981,1.1981,1.19767,1.19771,57.91422247423308,56.56092434305783,,,1033
1769536500,1.19771,1.19803,1.19769,1.1979899999999999,59.83106119977444,55.900517772081244,,,1284
1769536800,1.1979899999999999,1.19873,1.1979899999999999,1.19864,63.93733620375542,56.046567522161375,,,1151
1769537100,1.19864,1.19864,1.19797,1.19806,58.218375935375484,55.64609596683296,,,1303
1769537400,1.19806,1.19807,1.19733,1.19739,52.38885410866578,54.72023632256609,,,1177
1769537700,1.19739,1.1976499999999999,1.19719,1.1972,50.8343439959516,54.27576790245473,,,906
1769538000,1.1972,1.19791,1.19716,1.19776,55.0663427394784,54.27474050035778,,,981
1769538300,1.19776,1.19778,1.19741,1.19758,53.47307767224406,54.53881035920363,,,842
1769538600,1.19758,1.19807,1.19758,1.19785,55.5505906138128,55.12099551181778,,,1274
1769538900,1.19785,1.1979899999999999,1.1976,1.19788,55.786819684530286,55.9018017779159,,,792
1769539200,1.19788,1.19805,1.1976,1.19766,53.539684181474996,56.3715336766523,,,946
1769539500,1.19766,1.19801,1.1975,1.1979899999999999,56.37811325092916,56.87471573859053,,,870
1769539800,1.1979899999999999,1.19858,1.19796,1.19839,59.59998431806405,56.73161003215131,,,790
1769540100,1.19839,1.19844,1.19777,1.19778,53.152610689241776,56.119386933395106,,,729
1769540400,1.19778,1.19792,1.19742,1.19792,54.37257065303537,55.86641180330956,,,710
1769540700,1.19792,1.19806,1.19771,1.19804,55.443616379909706,55.55302288760494,,,502
1769541000,1.19804,1.19808,1.1977,1.19771,51.839799602492874,54.68891313037191,,,533
1769541300,1.19771,1.1978199999999999,1.19719,1.19722,46.95894054928728,53.88466774565132,,,642
1769541600,1.19722,1.19787,1.19718,1.19787,53.2473542506414,53.94598918436386,,,568
1769541900,1.19787,1.19787,1.19741,1.19749,49.548918978901064,53.8541731117174,,,611
1769542200,1.19749,1.19771,1.19743,1.1977,51.5516355475266,53.60312259800656,,,693
1769542500,1.1977,1.19792,1.19751,1.19786,53.07988228985352,53.5750372135501,,,741
1769542800,1.19786,1.19798,1.19761,1.19781,52.52232054419346,53.35873220857729,,,766
1769543100,1.19781,1.1978199999999999,1.1971,1.19731,47.1846867132002,52.74429413919656,,,880
1769543400,1.19731,1.19779,1.19726,1.19751,49.399828525131866,52.44859016374348,,,706
1769543700,1.19751,1.19778,1.1975,1.19771,51.58654479663587,52.1063352741511,,,1068
1769544000,1.19771,1.19791,1.1974,1.19785,53.1139927528468,51.64305016234987,,,888
1769544300,1.19785,1.19797,1.19771,1.19789,53.56477266856879,51.672490303730385,,,567
1769544600,1.19789,1.19807,1.1977,1.19791,53.80392853579385,51.6318730096417,,,643
1769544900,1.19791,1.19836,1.19788,1.19832,58.520296215964194,51.851635855074164,,,622
1769545200,1.19832,1.19907,1.1983,1.19895,64.51524877949764,52.75702508200307,,,1043
1769545500,1.19895,1.19911,1.19891,1.19898,64.77631476136173,54.029694668579815,,,605
1769545800,1.19898,1.19898,1.19855,1.1987,60.316028641652004,54.53459998222343,,,916
1769546100,1.1987,1.19874,1.19809,1.19816,52.769459734615914,54.76463860763164,,,615
1769546400,1.19816,1.19873,1.19714,1.19844,55.85377876447395,55.07193455169931,,,2901
1769546700,1.19844,1.20828,1.1984,1.20516,83.57560141792092,57.25020020370412,,,16002
1769547000,1.20516,1.20659,1.20357,1.20558,84.24164673372755,59.5158663600994,,,8616
1769547300,1.20558,1.20663,1.20277,1.20293,66.04354967869308,60.862928000491756,,,6912
1769547600,1.20293,1.2034,1.20231,1.2028699999999999,65.69750033113723,62.027047415206425,,,4951
1769547900,1.2028699999999999,1.20408,1.20229,1.20406,69.15006823895848,63.28158480394375,,,2698
1769548200,1.20406,1.20468,1.2031,1.20398,68.64982228255084,64.39128691320832,,,2472
1769548500,1.20398,1.2045299999999999,1.20338,1.20371,66.89101908371649,65.34316165714745,,,1646
1769548800,1.20371,1.20373,1.2028699999999999,1.20349,65.42028597973251,66.17290147457163,,,2038
1769549100,1.20349,1.20447,1.20338,1.20423,67.97122515902154,66.84796782764717,,,1829
1769549400,1.20423,1.2042599999999999,1.20298,1.20335,62.10398567085134,66.67573474845814,,,1458
1769549700,1.20335,1.204,1.20316,1.20394,64.32728966285225,66.64366152713603,,,1273
1769550000,1.20394,1.20498,1.2039,1.20496,67.8400864579094,67.18109422829728,,,1039
1769550300,1.20496,1.20498,1.20354,1.20394,61.335583641883396,67.79296022167352,,,1465
1769550600,1.20394,1.20461,1.20388,1.20461,63.79141521406768,68.35993425378737,,,1019
1769550900,1.20461,1.20461,1.20362,1.20391,59.53661493939175,66.64286379103528,,,1106
1769551200,1.20391,1.20391,1.2036,1.2036499999999999,57.9894871020652,64.76770953163083,,,37
1769551500,1.2036499999999999,1.20372,1.20357,1.20367,58.07972884531137,64.19886518638927,,,81
1769551800,1.20367,1.2037,1.20361,1.20361,57.67943727428103,63.626146396613834,,,81
1769552100,1.20361,1.20378,1.20357,1.20372,58.24758282044419,62.847397438148526,,,77
1769552400,1.20372,1.2039,1.20368,1.20386,59.001964706237594,62.15826475412616,,,81
1769552700,1.20386,1.2039,1.20381,1.20386,59.001964706237594,61.59476087002052,,,46
1769553000,1.20386,1.20413,1.2038,1.20406,60.19357469195064,61.22142434946468,,,139
1769553300,1.20406,1.20411,1.2039,1.20399,59.54128276489635,60.61928560702716,,,146
1769553600,1.20399,1.20399,1.20358,1.20374,57.15894821590626,60.26606864595965,,,177
1769553900,1.20374,1.20385,1.20362,1.20383,57.813353429664716,59.80078748644626,,,96
1769554200,1.20383,1.20423,1.20377,1.20422,60.62049104372929,59.285102099719104,,,134
1769554500,1.20422,1.20428,1.204,1.2040899999999999,59.206261941810624,59.13300769257105,,,463
1769554800,1.2040899999999999,1.20456,1.20327,1.20337,51.97420257956822,58.28892107582109,,,636
1769555100,1.20337,1.20351,1.20286,1.2030399999999999,49.01875831972121,57.53764560298748,,,487
1769555400,1.2030399999999999,1.20338,1.20294,1.203,48.65758453618123,56.87108113399576,,,409
1769555700,1.203,1.20349,1.20259,1.20263,45.33045002311485,55.96041836098173,,,647
1769556000,1.20263,1.20281,1.2022599999999999,1.20255,44.620018045600695,55.02760270179027,,,556
1769556300,1.20255,1.20255,1.20188,1.20193,39.45868940531479,53.685538886423885,,,616
1769556600,1.20193,1.20271,1.20193,1.20267,47.294947560636714,52.84932337602381,,,482
1769556900,1.20267,1.20277,1.20229,1.2024,45.00595878803109,51.84960866758049,,,514
1769557200,1.2024,1.20286,1.20218,1.20218,43.172465334296696,50.63381514203378,,,369
1769557500,1.20218,1.20263,1.20197,1.20213,42.7462399881906,49.43416922941195,,,585
1769557800,1.20213,1.20225,1.20202,1.20221,43.70390877001071,48.47309498327655,,,356
1769558100,1.20221,1.20236,1.20163,1.20229,44.70004960216931,47.53643042416974,,,639
1769558400,1.20229,1.20231,1.20113,1.20119,35.41952350297839,45.7363613141161,,,1308
1769558700,1.20119,1.20141,1.201,1.2013,36.83188920675015,44.13819183304035,,,1156
1769559000,1.2013,1.20139,1.20078,1.20135,37.500974015802356,43.104389792771364,,,913
1769559300,1.20135,1.20205,1.20134,1.20181,43.436906413129584,42.70568608515767,,,998
1769559600,1.20181,1.20186,1.20144,1.20149,40.55154678065286,42.12668338833423,,,561
1769559900,1.20149,1.20149,1.20105,1.20119,38.0028773816151,41.60328534251282,,,640
1769560200,1.20119,1.20204,1.2011,1.20203,47.88043510527311,41.836172275346556,,,1958
1769560500,1.20203,1.20234,1.2016499999999999,1.20202,47.78283386356727,42.43075402236459,,,1575
1769560800,1.20202,1.20206,1.20152,1.20152,43.056830762152465,42.12803139390143,,,831
1769561100,1.20152,1.20169,1.20134,1.20143,42.24685198279992,41.93095233638492,,,904
1769561400,1.20143,1.2017,1.2012099999999999,1.20144,42.376561822411766,41.874102085535995,,,1293
1769561700,1.20144,1.20163,1.20123,1.2015,43.20084244149827,41.906573689343695,,,1393
1769562000,1.2015,1.2016,1.20096,1.20119,40.015886081882265,41.64314349733451,,,1246
1769562300,1.20119,1.20135,1.20069,1.20093,37.51759736854946,41.13011119493309,,,741
1769562600,1.20093,1.2011,1.20073,1.20089,37.13349468810458,41.25253770815639,,,805
1769562900,1.20089,1.20114,1.20054,1.20057,34.12366029983242,41.05909278623369,,,974
1769563200,1.20057,1.20063,1.20007,1.20018,30.842512196853704,40.58348837059451,,,666
1769563500,1.20018,1.20052,1.20012,1.20037,34.16381562686742,39.92112474300435,,,1074
1769563800,1.20037,1.20069,1.19943,1.19963,28.435872407494486,39.0557194306359,,,1301
1769564100,1.19963,1.1997,1.19939,1.19946,27.30334160546458,38.29146687519657,,,712
1769564400,1.19946,1.19998,1.19946,1.19992,34.86304118777241,37.36165302394652,,,791
1769564700,1.19992,1.20035,1.19989,1.20032,40.6432926660895,36.85168579555525,,,749
1769565000,1.20032,1.20053,1.19985,1.19994,37.26049398536244,36.43766174007025,,,637
1769565300,1.19994,1.19994,1.19926,1.19928,32.2411914552179,35.72297170238582,,,895
1769565600,1.19928,1.19973,1.19916,1.19971,38.092429033019705,35.416962217429244,,,959
1769565900,1.19971,1.1998199999999999,1.19922,1.1993,34.98984157932546,34.830462155845474,,,779
1769566200,1.1993,1.19935,1.19871,1.19874,31.246375778449334,34.204068562743124,,,924
1769566500,1.19874,1.19937,1.19872,1.19935,38.91304714085138,34.30374354647898,,,974
1769566800,1.19935,1.19949,1.19925,1.19928,38.38409612233093,34.39307222035229,,,668
1769567100,1.19928,1.19953,1.19922,1.19939,39.76962353824861,34.79635530881058,,,512
1769567400,1.19939,1.19967,1.19932,1.19958,42.18779682588696,35.60673278231297,,,498
1769567700,1.19958,1.19968,1.19936,1.19938,40.35129891308229,36.04869587418545,,,447
1769568000,1.19938,1.19953,1.19932,1.19949,41.850624730711374,37.00689246870095,,,461
1769568300,1.19949,1.19974,1.19949,1.19967,44.31712508229113,38.2221627170457,,,359
1769568600,1.19967,1.19988,1.19952,1.19987,47.00679207022602,39.08957349436381,,,287
1769568900,1.19987,1.19999,1.19962,1.19974,45.46936750573956,39.43429312576739,,,678
1769569200,1.19974,1.19998,1.19964,1.19995,48.40499845195112,40.23032915909515,,,450
1769569500,1.19995,1.20006,1.19973,1.19974,45.75246942580346,41.1954204427084,,,401
1769569800,1.19974,1.20029,1.19974,1.20027,52.7847118964406,42.244869218667034,,,495
1769570100,1.20027,1.20049,1.20019,1.20035,53.75911531441983,43.58553162831664,,,493
1769570400,1.20035,1.20038,1.20019,1.20029,52.87771184584853,45.13062706170229,,,520
1769570700,1.20029,1.20031,1.20012,1.20015,50.78541585084971,45.978653398130746,,,431
1769571000,1.20015,1.20016,1.19962,1.19974,45.1508909923216,46.46199588884436,,,556
1769571300,1.19974,1.1998,1.19951,1.19958,43.139421666246655,46.70269575512994,,,465
1769571600,1.19958,1.19969,1.19954,1.19955,42.7548138863701,46.74319697373587,,,350
1769571900,1.19955,1.19985,1.19954,1.19981,47.1523199785231,47.22898419269593,,,318
1769572200,1.19981,1.19994,1.1997,1.19986,47.97991876261302,47.666790909260335,,,331
1769572500,1.19986,1.19988,1.19956,1.19969,45.37794823579802,47.74256399165368,,,476
1769572800,1.19969,1.19974,1.19953,1.1996499999999999,44.76283342118525,47.58228123100792,,,486
1769573100,1.1996499999999999,1.1996499999999999,1.19933,1.19939,40.8834972931517,47.254719072965926,,,297
1769573400,1.19939,1.19946,1.19913,1.19935,40.30477833994552,46.676131922108375,,,333
1769573700,1.19935,1.19951,1.19923,1.1995,43.532767872351805,46.517581811147544,,,313
1769574000,1.1995,1.19954,1.19929,1.1994,41.905868041531185,45.74052153579688,,,364
1769574300,1.1994,1.19947,1.19932,1.19932,40.59870026462113,44.800491889382684,,,303
1769574600,1.19932,1.19945,1.1992099999999999,1.19934,41.09340391185804,43.95875560838336,,,244
1769574900,1.19934,1.19956,1.19922,1.19955,46.163326887345626,43.62860639670451,,,227
1769575200,1.19955,1.19958,1.19926,1.1995,45.166568445271835,43.62972621477239,,,344
1769575500,1.1995,1.19988,1.19929,1.19985,52.84242743382943,44.32279805531401,,,339
1769575800,1.19985,1.1999,1.19969,1.19972,50.04046144426253,44.84320145230633,,,438
1769576100,1.19972,1.20016,1.19972,1.20001,55.685481204535975,45.45271296845011,,,783
1769576400,1.20001,1.20008,1.19745,1.19846,33.74105928727276,44.435651577354385,,,3889
1769576700,1.19846,1.19879,1.19747,1.1978199999999999,28.710109568394543,43.24509167253985,,,1953
1769577000,1.1978199999999999,1.19844,1.19775,1.19841,37.90238272373221,42.755059479864634,,,904
1769577300,1.19841,1.19899,1.19841,1.19876,42.62837332750685,42.87969348231858,,,658
1769577600,1.19876,1.1988,1.19849,1.19863,41.36900438807929,42.95570962861385,,,562
1769577900,1.19863,1.19922,1.19853,1.19906,46.95160143831277,43.19991202618248,,,906
1769578200,1.19906,1.19932,1.19864,1.19891,45.330151047156804,43.44450366944146,,,917
1769578500,1.19891,1.19901,1.1988,1.1988,44.126666587605165,43.69650126394032,,,438
1769578800,1.1988,1.19939,1.19869,1.19937,51.336475208629935,44.428149213709744,,,748
1769579100,1.19937,1.19955,1.1993,1.19942,51.92253316138113,44.839521090426565,,,626
1769579400,1.19942,1.19944,1.19915,1.19934,50.866985927758144,45.24669376774701,,,437
1769579700,1.19934,1.19972,1.19933,1.19969,55.161694796264335,45.412355722206655,,,538
1769580000,1.19969,1.19986,1.19942,1.19949,52.345969978876965,45.57703490325054,,,961
1769580300,1.19949,1.19963,1.1993,1.19944,51.63633871520835,45.28781043972714,,,564
1769580600,1.19944,1.1998,1.1994,1.19974,55.53160273584398,46.84427782891079,,,409
1769580900,1.19974,1.20024,1.19967,1.2002,60.751501027908006,49.13294864744746,,,397
1769581200,1.2002,1.20025,1.19952,1.19952,51.18618931762062,50.08179197558235,,,634
1769581500,1.19952,1.20016,1.19944,1.20014,57.72231993455467,51.159931018942906,,,805
1769581800,1.20014,1.2006999999999999,1.20008,1.20015,57.82042089192091,52.335032197788735,,,995
1769582100,1.20015,1.20041,1.19967,1.19967,51.62783636384048,52.66904897818357,,,578
1769582400,1.19967,1.19974,1.1994,1.19954,50.063959036470244,53.00717812027739,,,683
1769582700,1.19954,1.19959,1.19903,1.19927,46.88724193775904,53.204362073859805,,,767
1769583000,1.19927,1.19947,1.19909,1.19934,47.81182183339444,52.952601118485845,,,658
1769583300,1.19934,1.1997,1.19927,1.1995,49.95620530566674,52.812149128791965,,,602
1769583600,1.1995,1.19999,1.1994799999999999,1.19983,54.14152435393628,53.046044730661826,,,1083
1769583900,1.19983,1.2001,1.19953,1.19979,53.556836612959046,52.93141200328288,,,944
1769584200,1.19979,1.20214,1.19969,1.20212,72.31315487710663,54.35763949601357,,,2023
1769584500,1.20212,1.20256,1.20109,1.20153,65.13934353029404,55.32213983994826,,,2884
1769584800,1.20153,1.20155,1.20094,1.20097,59.142120089409495,55.580033936631516,,,1231
1769585100,1.20097,1.20126,1.20027,1.20032,53.03824029974983,55.029086741763074,,,1300
1769585400,1.20032,1.20033,1.19913,1.19934,45.426022626917174,54.61764626385568,,,1243
1769585700,1.19934,1.19944,1.19879,1.19915,44.104374136870234,53.64493584973536,,,1187
1769586000,1.19915,1.19936,1.1989,1.19929,45.365723992075694,52.75531464260356,,,1002
1769586300,1.19929,1.19934,1.19862,1.19872,41.28119911330315,52.016269124708046,,,925
1769586600,1.19872,1.19889,1.1984299999999999,1.1988,42.06955153271907,51.445240017297245,,,908
1769586900,1.1988,1.19939,1.19879,1.19912,45.23676266294056,51.3273486405245,,,1159
1769587200,1.19912,1.19937,1.19859,1.19892,43.63118316049698,51.028731592460396,,,1413
1769587500,1.19892,1.19974,1.19868,1.19973,51.187513496085806,51.11668217749032,,,1190
1769587800,1.19973,1.19973,1.19907,1.19922,46.922476683797676,50.60103591533757,,,1275
1769588100,1.19922,1.20003,1.19878,1.19999,53.25528700648223,50.57949665773208,,,1066
1769588400,1.19999,1.20047,1.19979,1.19995,52.90217433499249,49.19299804758107,,,1196
1769588700,1.19995,1.20014,1.19957,1.19992,52.62036822657275,48.29878552588669,,,1209
1769589000,1.19992,1.19995,1.1992099999999999,1.19971,50.588878387873244,47.687839690062674,,,1036
1769589300,1.19971,1.19983,1.19893,1.19933,47.04921367547291,47.260052074042896,,,888
1769589600,1.19933,1.19954,1.19866,1.19877,42.34683941660077,47.040110416163145,,,1405
1769589900,1.19877,1.19878,1.1971,1.19763,34.73580483021615,46.370926894259284,,,2875
1769590200,1.19763,1.19783,1.19703,1.19748,33.873126152285764,45.550027048560004,,,1739
1769590500,1.19748,1.1982,1.19743,1.19803,39.77889608307274,45.442719689257835,,,1237
1769590800,1.19803,1.19857,1.198,1.19848,44.17212785035443,45.59290371194608,,,1297
1769591100,1.19848,1.19863,1.19784,1.19811,41.491894762317145,45.32541314761583,,,1063
1769591400,1.19811,1.19811,1.1975,1.19768,38.563359111088616,44.963425715515235,,,1252
1769591700,1.19768,1.19821,1.19768,1.19807,42.52561411047941,44.34471861654335,,,1230
1769592000,1.19807,1.19825,1.19792,1.19804,42.29962225909221,44.01451472906438,,,962
1769592300,1.19804,1.19844,1.19797,1.19841,46.103838329629845,43.503696966432074,,,1029
1769592600,1.19841,1.19898,1.19814,1.19897,51.33365251367347,43.39165969348071,,,852
1769592900,1.19897,1.19927,1.1985999999999999,1.19873,49.133203059878035,43.14257646728824,,,1110
1769593200,1.19873,1.19899,1.19807,1.1984299999999999,46.452708278438614,42.84713574518576,,,1078
1769593500,1.1984299999999999,1.19882,1.19818,1.19862,48.373710345082536,42.94174265015788,,,920
1769593800,1.19862,1.19896,1.1985999999999999,1.19896,51.712111605001745,43.61069066361508,,,724
1769594100,1.19896,1.19913,1.1985999999999999,1.19867,48.81273564347868,44.616185721705264,,,912
1769594400,1.19867,1.19898,1.19793,1.19796,42.52616858463965,45.23426018115911,,,1040
1769594700,1.19796,1.19839,1.19773,1.19833,46.40027066624631,45.70721550852865,,,1002
1769595000,1.19833,1.19856,1.19807,1.19856,48.714499518054424,46.03167062765009,,,799
1769595300,1.19856,1.19857,1.1978199999999999,1.198,43.76034734904545,46.19370295527353,,,729
1769595600,1.198,1.19845,1.19775,1.19788,42.756898601551775,46.49324149030662,,,1101
1769595900,1.19788,1.19789,1.19725,1.19749,39.580305279627446,46.28286228810291,,,1153
1769596200,1.19749,1.19815,1.19734,1.19806,45.90588553763781,46.54045252228473,,,983
1769596500,1.19806,1.1983,1.19767,1.19824,47.765660034341764,46.65915407262129,,,687
1769596800,1.19824,1.19865,1.19804,1.19865,51.82821324542868,46.69447983917524,,,932
1769597100,1.19865,1.19949,1.19856,1.19931,57.551552901676665,47.295790542160866,,,1102
1769597400,1.19931,1.19933,1.19892,1.19893,53.60272693667065,47.80650616060601,,,1074
1769597700,1.19893,1.1991,1.19873,1.19889,53.18901885538821,48.15045676848498,,,788
1769598000,1.19889,1.19896,1.19784,1.19784,43.662581415387024,47.57549032636965,,,920
1769598300,1.19784,1.19786,1.19726,1.19762,41.9665650841415,47.08647814355985,,,993
1769598600,1.19762,1.19776,1.19722,1.19742,40.429095118262794,46.93668718167578,,,848
1769598900,1.19742,1.19742,1.19662,1.19663,34.97804117079809,46.12081364628663,,,1195
1769599200,1.19663,1.19718,1.19651,1.19718,40.947625678548015,45.56603694346473,,,900
1769599500,1.19718,1.19737,1.19683,1.1968699999999999,38.78617798769167,45.21073913193946,,,552
1769599800,1.1968699999999999,1.19713,1.19658,1.19661,37.02110868015738,44.80103985183986,,,700
1769600100,1.19661,1.19662,1.19617,1.19634,35.22823079795931,44.490177388863565,,,988
1769600400,1.19634,1.19689,1.19633,1.19666,38.998829837647776,43.9968162674357,,,519
1769600700,1.19666,1.19717,1.1965999999999999,1.19709,43.73840881208696,43.709155465846074,,,505
1769601000,1.19709,1.19745,1.1970399999999999,1.19727,45.642339305159574,43.26730732725542,,,574
1769601300,1.19727,1.19734,1.19671,1.1968,41.676456290793034,42.13337185504945,,,886
1769601600,1.1968,1.19703,1.1965999999999999,1.19683,42.02274452599719,41.30623025428706,,,741
1769601900,1.19683,1.1973,1.19675,1.19719,46.15427527635667,40.80374857007052,,,763
1769602200,1.19719,1.19754,1.19705,1.19729,47.27817092053854,41.06200496329562,,,1035
1769602500,1.19729,1.1975,1.19701,1.19748,49.437608489948545,41.59565092085327,,,935
1769602800,1.19748,1.19792,1.19748,1.19792,54.12381319191328,42.57384506897116,,,706
1769603100,1.19792,1.19827,1.19784,1.19815,56.39866583464766,44.103889687817556,,,897
1769603400,1.19815,1.19828,1.1979,1.19823,57.19376234957829,45.264328021462575,,,910
1769603700,1.19823,1.19834,1.19801,1.1983,57.916899276465315,46.63080811351784,,,1092
1769604000,1.1983,1.19833,1.1973799999999999,1.19739,46.83917082582758,47.332098266779994,,,1055
1769604300,1.19739,1.1977,1.19719,1.19768,50.11383536446938,48.39535573581643,,,724
1769604600,1.19768,1.19797,1.19748,1.19784,51.875205493290544,49.31509685407662,,,989
1769604900,1.19784,1.19802,1.19752,1.19797,53.31743145077785,49.99931275684026,,,1038
1769605200,1.19797,1.19807,1.19747,1.19769,49.85208165067386,50.3000086386627,,,1292
1769605500,1.19769,1.19778,1.19733,1.19743,46.809699833911964,50.66666889174263,,,1017
1769605800,1.19743,1.19758,1.19688,1.19725,44.77253601577762,50.86308256958409,,,1091
1769606100,1.19725,1.19736,1.19637,1.19642,36.81610640446011,50.19607050730576,,,1019
1769606400,1.19642,1.19649,1.19574,1.1959,32.87448082168929,49.167235500245106,,,1304
1769606700,1.1959,1.19664,1.19583,1.19624,37.580140903579455,48.320273529790164,,,1224
1769607000,1.19624,1.19692,1.19624,1.19668,43.13573802574604,47.535411017921085,,,939
1769607300,1.19668,1.1969,1.1963,1.19631,39.918275739263926,46.358240296822245,,,809
1769607600,1.19631,1.19651,1.1959,1.19627,39.574610323390836,45.099729437808854,,,1140
1769607900,1.19627,1.19656,1.19546,1.19567,34.74284944667885,43.44444016425268,,,1291
1769608200,1.19567,1.19607,1.19518,1.19537,32.5996786053054,42.42733357707253,,,1651
1769608500,1.19537,1.19586,1.19518,1.19574,37.703768186300074,41.5409002072033,,,1260
1769608800,1.19574,1.19598,1.19524,1.19532,34.509123925596285,40.30046580951085,,,1204
1769609100,1.19532,1.19581,1.1953,1.19571,39.62472716938183,39.32241550369684,,,969
1769609400,1.19571,1.19638,1.19566,1.19637,47.14852592416832,39.12930438037501,,,1003
1769609700,1.19637,1.19645,1.19602,1.19617,45.30603701111393,39.0218998930323,,,774
1769610000,1.19617,1.19668,1.19607,1.19663,50.13288403574052,39.40478189445822,,,717
1769610300,1.19663,1.19678,1.1965,1.1967,50.84381463580135,40.40676105383973,,,711
1769610600,1.1967,1.19678,1.19634,1.19678,51.69145867131034,41.75083090024123,,,1124
1769610900,1.19678,1.19748,1.1967,1.19743,58.02484143255056,43.21116665231061,,,1297
1769611200,1.19743,1.19775,1.19707,1.1976499999999999,59.93920904692669,44.41141458239493,,,1071
1769611500,1.1976499999999999,1.19775,1.19724,1.19728,55.36581699452883,45.51481038634243,,,813
1769611800,1.19728,1.19757,1.19585,1.19621,44.735495206128526,45.883445020823686,,,1510
1769612100,1.19621,1.19631,1.19552,1.19624,45.054034248286726,46.61995822093854,,,1656
1769612400,1.19624,1.19702,1.19617,1.19668,49.63891041074843,47.83704620704162,,,1486
1769612700,1.19668,1.19681,1.19228,1.19324,29.155486835647025,47.22645468199497,,,10826
1769613000,1.19324,1.19417,1.19279,1.19374,33.45381634312277,47.151075568961154,,,8264
1769613300,1.19374,1.19463,1.19323,1.19447,39.24921015681334,47.12425292520625,,,4728
1769613600,1.19447,1.19473,1.19334,1.19388,36.483716268159206,46.36248080691989,,,3562
1769613900,1.19388,1.19482,1.19381,1.1947,42.543125743120775,46.165130002063236,,,2599
1769614200,1.1947,1.19529,1.19447,1.19497,44.42319309621639,45.757294934954366,,,2110
1769614500,1.19497,1.19519,1.19433,1.19487,43.850883953798125,45.25779988623985,,,1947
1769614800,1.19487,1.1958,1.19486,1.19572,49.77403503279327,45.1208410549172,,,1765
1769615100,1.19572,1.19577,1.19393,1.19434,42.02326995616832,43.977871663747045,,,3745
1769615400,1.19434,1.1950399999999999,1.19316,1.19377,39.3010317256354,42.503716140797664,,,3772
1769615700,1.19377,1.19498,1.19366,1.19433,43.19439837336536,41.63432909642885,,,4298
1769616000,1.19433,1.19497,1.19429,1.19488,46.80340107977514,41.782036658832176,,,2096
1769616300,1.19488,1.19526,1.19433,1.19448,44.58486991916369,41.74852492103768,,,1890
1769616600,1.19448,1.19449,1.19361,1.19362,40.17553642610131,41.07256963642003,,,1936
1769616900,1.19362,1.19475,1.19362,1.19437,45.2599206394136,42.22288633668906,,,1568
1769617200,1.19437,1.1947,1.1929,1.1932,39.60508735358644,42.662262837436465,,,1833
1769617500,1.1932,1.19354,1.19268,1.19274,37.615210642998775,42.545548586449705,,,1749
1769617800,1.19274,1.19293,1.19183,1.19265,37.22117578532022,42.598224266246916,,,1963
1769618100,1.19265,1.19359,1.19247,1.19352,43.39414262305836,42.65901118624246,,,1283
1769618400,1.19352,1.19368,1.1931,1.19335,42.51444854442394,42.522672289685865,,,1000
1769618700,1.19335,1.19374,1.1932,1.19335,42.51444854442394,42.4272126175877,,,1157
1769619000,1.19335,1.19381,1.19324,1.19341,42.987536681687786,41.94246273536588,,,1430
1769619300,1.19341,1.19406,1.19335,1.19405,47.91174659837753,42.3630682098094,,,893
1769619600,1.19405,1.19431,1.19386,1.19418,48.8776323805225,43.04711111372991,,,832
1769619900,1.19418,1.19418,1.19339,1.19358,44.75286550670575,43.15843019468279,,,739
1769620200,1.19358,1.19386,1.19346,1.19368,45.577200167325365,43.07084441522209,,,730
1769620500,1.19368,1.19371,1.19299,1.19313,41.876283488957675,42.87737395592166,,,488
1769620800,1.19313,1.19362,1.19312,1.19316,42.152208897151574,43.018564846710966,,,525
1769621100,1.19316,1.1939899999999999,1.19308,1.19345,44.87639848643965,42.991170407212834,,,996
1769621400,1.19345,1.19396,1.19344,1.19354,45.730550482122176,43.428703487822524,,,891
1769621700,1.19354,1.19354,1.19317,1.19319,42.94373865614759,43.809312631618866,,,569
1769622000,1.19319,1.19322,1.19279,1.19307,41.99873112361636,44.15056658435431,,,599
1769622300,1.19307,1.19342,1.19295,1.19328,44.30839042139131,44.215869998520944,,,428
1769622600,1.19328,1.1935499999999999,1.19317,1.19346,46.28290716484753,44.485045614265495,,,449
1769622900,1.19346,1.19411,1.19343,1.1941,52.70372229221688,45.21285088196499,,,629
1769623200,1.1941,1.19422,1.19374,1.19379,49.61045614718993,45.685916558072286,,,465
1769623500,1.19379,1.19411,1.19362,1.19364,48.13821079415533,45.702092572056415,,,508
1769623800,1.19364,1.19364,1.19312,1.19315,43.58769733805836,45.32424006902327,,,663
1769624100,1.19315,1.19322,1.1928,1.1932099999999999,44.282247950622036,45.290624529303,,,564
1769624400,1.1932099999999999,1.19356,1.1932,1.19345,47.08848861235572,45.39857370394803,,,533
1769624700,1.19345,1.1936,1.19336,1.19349,47.56251943015157,45.80473341403331,,,427
1769625000,1.19349,1.19352,1.19268,1.19269,39.86927654071445,45.641666817144944,,,622
1769625300,1.19269,1.19287,1.19225,1.19255,38.68986719819814,45.19977172512769,,,770
1769625600,1.19255,1.19256,1.19209,1.1921,35.09606780927824,44.44016581992456,,,878
1769625900,1.1921,1.19226,1.19143,1.19174,32.49557593859474,43.693868482956496,,,1225
1769626200,1.19174,1.19236,1.19171,1.19225,39.35154913311845,43.504784055063794,,,805
1769626500,1.19225,1.19241,1.19192,1.19214,38.44460717401789,43.08594239453713,,,718
1769626800,1.19214,1.19334,1.18954,1.19135,32.6284834208884,42.11062641282576,,,6069
1769627100,1.19135,1.19184,1.19051,1.19117,31.460610848821773,40.59326130972611,,,4126
1769627400,1.19117,1.19122,1.19022,1.19098,30.230594080854615,39.208985447845016,,,2967
1769627700,1.19098,1.19161,1.1909399999999999,1.19144,36.68477250112457,38.39088271262854,,,1814
1769628000,1.19144,1.19146,1.1905,1.19065,31.32526757691575,37.51499487254693,,,1502
1769628300,1.19065,1.19075,1.19019,1.1903299999999999,29.448503652755633,36.45544170841361,,,1022
1769628600,1.1903299999999999,1.19163,1.19014,1.1916,43.83141402442524,36.222793523561435,,,2584
1769628900,1.1916,1.19265,1.19144,1.1925999999999999,52.110165467408834,36.54762538336552,,,1623
1769629200,1.1925999999999999,1.19302,1.1913,1.19205,47.92616783494914,37.123117618668005,,,3713
1769629500,1.19205,1.19312,1.19179,1.19309,55.243900531654816,38.30554857105777,,,2682
1769629800,1.19309,1.19322,1.19266,1.19297,54.295796912647646,39.67695779272701,,,1678
1769630100,1.19297,1.19418,1.19268,1.19403,60.7102551353835,41.692292021069065,,,1503
1769630400,1.19403,1.19471,1.19398,1.1947,64.13644047747783,43.46264140280902,,,1432
1769630700,1.1947,1.19489,1.19367,1.19384,57.2369579425352,44.80495217198882,,,1251
1769631000,1.19384,1.19419,1.19293,1.1930399999999999,51.66874542824045,46.16497088679968,,,1342
1769631300,1.1930399999999999,1.19391,1.19303,1.19352,54.527172718598926,47.81258244892662,,,1005
1769631600,1.19352,1.19389,1.19329,1.19384,56.37935853070583,49.68035133820171,,,857
1769631900,1.19384,1.19455,1.19383,1.1944,59.48911951357445,51.309233267662414,,,834
1769632200,1.1944,1.19484,1.19439,1.19458,60.46475712665048,53.390625378357754,,,632
1769632500,1.19458,1.19471,1.1943,1.19469,61.081602994672664,55.650132474208974,,,690
1769632800,1.19469,1.19502,1.19461,1.19468,60.98844249919337,56.875634508120974,,,773
1769633100,1.19468,1.19473,1.1944299999999999,1.1947,61.11617605757606,57.51892097884721,,,683
1769633400,1.1947,1.19494,1.19452,1.19469,61.008614379130115,58.4533814462887,,,791
1769633700,1.19469,1.19485,1.19442,1.19454,59.32208562096047,58.744680381239114,,,1089
1769634000,1.19454,1.19494,1.19445,1.19494,62.31391631494059,59.317403195688605,,,585
1769634300,1.19494,1.19506,1.19479,1.19495,62.388393783717525,59.437270241998185,,,377
1769634600,1.19495,1.19529,1.19489,1.19494,62.25589586076543,59.30294562651873,,,331
1769634900,1.19494,1.19503,1.19469,1.1948,60.32432581617366,59.52347190320718,,,258
1769635200,1.1948,1.19511,1.19469,1.19478,60.037749022727226,60.121257874241955,,,231
1769635500,1.19478,1.19478,1.1942,1.19421,52.39778959818993,59.969159079927024,,,444
1769635800,1.19421,1.19467,1.19415,1.19466,57.04510023310824,60.01671205867006,,,434
1769636100,1.19466,1.1948,1.19458,1.19471,57.54110454155363,59.87756813209713,,,272
1769636400,1.19471,1.19501,1.19471,1.19483,58.7715590897658,59.7566254151768,,,213
1769636700,1.19483,1.19503,1.19482,1.19503,60.81003325512204,59.737227576637466,,,267
1769637000,1.19503,1.19528,1.19502,1.19527,63.163726791594534,59.8926050260947,,,215
1769637300,1.19527,1.19542,1.19517,1.1953799999999999,64.22427304453262,60.11461195373446,,,739
1769637600,1.1953799999999999,1.19544,1.19505,1.19541,64.52425744809074,60.36572931580307,,,63
1769637900,1.19541,1.19547,1.19537,1.19546,65.05025968950294,60.774884606413245,,,52
1769638200,1.19546,1.19546,1.19543,1.19545,64.84318115058187,60.95554638038762,,,16
1769638500,1.19545,1.1955,1.19542,1.19548,65.20107792724527,61.15645239063959,,,41
1769638800,1.19548,1.1955,1.19547,1.1955,65.45356830714206,61.384857565380784,,,45
1769639100,1.1955,1.19551,1.19544,1.19551,65.5880129441311,61.76083521737774,,,19
1769639400,1.19551,1.19552,1.19545,1.19551,65.5880129441311,62.15728264033516,,,28
1769639700,1.19551,1.19556,1.19551,1.19553,65.89586825277055,63.12143111566235,,,41
1769640000,1.19553,1.1956,1.1955,1.19553,65.89586825277055,63.75362883135251,,,35
1769640300,1.19553,1.1956499999999999,1.19552,1.19554,66.07187774559998,64.36296977449868,,,58
1769640600,1.19554,1.19558,1.19554,1.19557,66.62831117997706,64.92416635237092,,,6
1769640900,1.19557,1.19558,1.19553,1.19553,65.09536509616137,65.23026148387372,,,15
1769641200,1.19553,1.19556,1.19537,1.1955,63.90777190731649,65.28340756356813,,,705
1769641500,1.1955,1.19551,1.1952099999999999,1.19537,58.89367133944367,64.90265029891893,,,319
1769641800,1.19537,1.19594,1.19535,1.19594,70.00571733783488,65.29418314818636,,,203
1769642100,1.19594,1.1965999999999999,1.19594,1.1965999999999999,77.56740349426276,66.18826484852636,,,341
1769642400,1.1965999999999999,1.1969,1.19651,1.19681,79.35116113396543,67.22454913305376,,,252
1769642700,1.19681,1.19725,1.19666,1.19671,76.24218750397196,68.01319981710566,,,483
1769643000,1.19671,1.19739,1.1967,1.1972099999999999,80.38115389988414,69.07945593087295,,,579
1769643300,1.1972099999999999,1.19776,1.19716,1.19756,82.65861956935811,70.29878497553202,,,719
1769643600,1.19756,1.19757,1.19697,1.19718,72.78011205979342,70.81250634093648,,,555
1769643900,1.19718,1.19758,1.19698,1.19699,68.37977883414419,70.98992852532031,,,441
1769644200,1.19699,1.19723,1.19661,1.19675,63.18320810000154,70.7961670858368,,,523
1769644500,1.19675,1.19808,1.19655,1.19807,74.61135922829749,71.40613004888662,,,634
1769644800,1.19807,1.19807,1.19697,1.1971,59.897646378901335,70.92536827738121,,,1661
1769645100,1.1971,1.19757,1.19688,1.19729,61.49924299713813,70.66850241316527,,,1108
1769645400,1.19729,1.19786,1.19729,1.19785,65.83073951750555,70.80585724246448,,,730
1769645700,1.19785,1.19808,1.1976499999999999,1.19793,66.41209037905017,71.34288717386495,,,786
1769646000,1.19793,1.19812,1.1978,1.19802,67.0904529104256,71.13465400047856,,,585
1769646300,1.19802,1.19827,1.19796,1.19822,68.60775954921472,70.49467943297513,,,373
1769646600,1.19822,1.19851,1.19815,1.19837,69.73480361246843,69.8077967528682,,,699
1769646900,1.19837,1.1985,1.1976499999999999,1.19766,58.9470203216526,68.57242766841682,,,871
1769647200,1.19766,1.19772,1.19735,1.19745,56.17879959558649,66.8436880752527,,,500
1769647500,1.19745,1.19757,1.19736,1.19737,55.11691064584077,64.87642315214433,,,316
1769647800,1.19737,1.1976,1.19737,1.19751,56.66077973447794,63.72504227176465,,,544
1769648100,1.19751,1.19754,1.1973,1.19735,54.35944712732615,62.723590006991934,,,543
1769648400,1.19735,1.19736,1.19649,1.1965,44.10967273516299,61.36119462378918,,,997
1769648700,1.1965,1.19695,1.1965,1.19651,44.24287310168009,59.19201704331651,,,840
1769649000,1.19651,1.19667,1.19607,1.19632,42.18569334119042,57.926877540622876,,,763
1769649300,1.19632,1.1965,1.1961,1.1962,40.89243807939168,56.45496290364099,,,567
1769649600,1.1962,1.19636,1.19592,1.19607,39.480396899513146,54.57279557378438,,,563
1769649900,1.19607,1.19618,1.19566,1.19608,39.653020918409446,52.6614334694529,,,647
1769650200,1.19608,1.19649,1.19608,1.19633,43.95682575796462,51.00903152999141,,,756
1769650500,1.19633,1.19636,1.19593,1.1961,41.05584691752018,49.04103777058465,,,567
1769650800,1.1961,1.19636,1.1961,1.19622,43.163427606028506,47.14308234155323,,,569
1769651100,1.19622,1.1964,1.19606,1.19621,43.025366453750344,46.005821350988775,,,596
1769651400,1.19621,1.19649,1.19596,1.19649,48.037138849130635,45.42427415481336,,,511
1769651700,1.19649,1.19653,1.19605,1.19613,42.82157154863842,44.54603564787033,,,537
1769652000,1.19613,1.19614,1.1956499999999999,1.19581,38.78998326357622,43.26955018566306,,,811
1769652300,1.19581,1.1958199999999999,1.19531,1.19576,38.185044268489,42.114235695746125,,,810
1769652600,1.19576,1.1961,1.19576,1.196,42.79652424224419,42.020439374823354,,,515
1769652900,1.196,1.1961,1.19585,1.19608,44.28847751040053,42.0236968325891,,,480
1769653200,1.19608,1.19642,1.19605,1.1964,49.915525259182935,42.57582768387427,,,563
1769653500,1.1964,1.19683,1.19636,1.19681,56.04176986937102,43.657922811729954,,,405
1769653800,1.19681,1.19708,1.19676,1.19692,57.542288204315334,44.9480579049301,,,497
1769654100,1.19692,1.19719,1.1969,1.19696,58.10235867099214,46.265867744400296,,,437
1769654400,1.19696,1.19735,1.19691,1.19725,62.014598733333216,47.55570867121234,,,451
1769654700,1.19725,1.19737,1.19708,1.19726,62.14585981929809,49.06213816419647,,,373
1769655000,1.19726,1.19745,1.1971,1.1973,62.70107365487605,50.457684310542724,,,396
1769655300,1.1973,1.19756,1.19717,1.19731,62.847782509446226,51.87357117166386,,,527
1769655600,1.19731,1.19732,1.19705,1.19725,61.2900744103676,52.820209426037934,,,695
1769655900,1.19725,1.19767,1.1972099999999999,1.19751,65.30327927923432,54.42604569250907,,,523
1769656200,1.19751,1.19796,1.1975,1.19786,69.83671090752658,56.64366909564837,,,521
1769656500,1.19786,1.19798,1.19781,1.19796,71.00248928640056,58.987772311213476,,,352
1769656800,1.19796,1.19807,1.19764,1.19795,70.70818831663348,60.98146260224129,,,522
1769657100,1.19795,1.1981,1.19783,1.19785,67.68679841040745,62.65277123795607,,,370
1769657400,1.19785,1.19785,1.19749,1.1975,58.29737745873683,63.25147496649563,,,622
1769657700,1.1975,1.19787,1.1975,1.19778,62.749266548674456,63.73058187216016,,,355
1769658000,1.19778,1.19821,1.19778,1.19808,66.83448781796548,64.39431041599231,,,287
1769658300,1.19808,1.1982,1.19803,1.19811,67.22161440548122,65.04568582559867,,,279
1769658600,1.19811,1.1984,1.1981,1.19827,69.28108490605848,65.56472055222191,,,307
1769658900,1.19827,1.19868,1.19827,1.19864,73.43737152066981,66.37125710231989,,,441
1769659200,1.19864,1.19884,1.1985,1.19865,73.54156647830102,67.14557801827881,,,515
1769659500,1.19865,1.19906,1.19862,1.199,76.94962044430707,68.15285215648316,,,328
1769659800,1.199,1.19901,1.1982599999999999,1.19831,60.425202247260266,68.09107557340407,,,482
1769660100,1.19831,1.19835,1.19809,1.19828,59.82368277918935,67.69967582340085,,,363
1769660400,1.19828,1.19875,1.19751,1.19875,65.60114197329153,67.39713518524121,,,1520
1769660700,1.19875,1.19881,1.19847,1.19852,60.97980680057534,66.68122929339656,,,292
1769661000,1.19852,1.19865,1.19828,1.19865,62.584201739073855,66.10094453785658,,,454
1769661300,1.19865,1.19878,1.1984299999999999,1.19844,58.40644393859324,65.43806207558414,,,451
1769661600,1.19844,1.19846,1.19822,1.1982599999999999,55.016375904201915,65.20370482168879,,,483
1769661900,1.1982599999999999,1.1987,1.19822,1.19867,60.62282902661418,65.05181642725591,,,466
1769662200,1.19867,1.19905,1.19861,1.199,64.46203231179153,64.88235531967206,,,378
1769662500,1.199,1.19902,1.1988,1.199,64.46203231179153,64.68524231297994,,,333
1769662800,1.199,1.19922,1.19893,1.19918,66.52657864336248,64.48849186564452,,,340
1769663100,1.19918,1.19924,1.19895,1.19923,67.09836230785058,64.03570549330028,,,315
1769663400,1.19923,1.19937,1.19864,1.1987,56.14951925917589,62.793416406219926,,,526
1769663700,1.1987,1.19886,1.19852,1.19871,56.29443044416269,61.31804569192389,,,465
1769664000,1.19871,1.19874,1.19818,1.1984299999999999,51.193118839401585,60.658611162791125,,,484
1769664300,1.1984299999999999,1.19852,1.19836,1.19851,52.51706586905289,60.136709954924235,,,249
1769664600,1.19851,1.19869,1.19832,1.19839,50.312410935777024,59.044657737958914,,,405
1769664900,1.19839,1.19885,1.19838,1.19882,57.23955582045862,58.77749695366486,,,368
1769665200,1.19882,1.19888,1.19849,1.19853,51.97661413816358,58.0198121250284,,,308
1769665500,1.19853,1.19861,1.19817,1.19834,48.81009414492276,57.33435856833766,,,389
1769665800,1.19834,1.19836,1.19817,1.19829,47.981673849118295,56.8318798501174,,,272
1769666100,1.19829,1.1984299999999999,1.19804,1.19811,45.019382291220225,55.71734794044641,,,506
1769666400,1.19811,1.19822,1.19803,1.19814,45.62195496053381,54.37162812964228,,,353
1769666700,1.19814,1.19828,1.1979,1.19798,42.920205819812765,52.83292623735809,,,414
1769667000,1.19798,1.1979899999999999,1.1975,1.19785,40.805741053188235,50.99572355234563,,,706
1769667300,1.19785,1.19845,1.1978,1.19837,51.16865748850001,49.85788749382059,,,521
1769667600,1.19837,1.19886,1.19821,1.19882,58.01814239311807,49.99136057481646,,,624
1769667900,1.19882,1.1989,1.19844,1.1985,52.39041285937781,49.71250217590325,,,730
1769668200,1.1985,1.19858,1.1983,1.19847,51.88231808372695,49.76173069335507,,,429
1769668500,1.19847,1.19864,1.19844,1.19863,54.42118175088991,49.89773897062914,,,464
1769668800,1.19863,1.19876,1.19852,1.1985999999999999,53.84748019940615,50.15024391803122,,,366
1769669100,1.1985999999999999,1.19864,1.19844,1.19854,52.65198594860987,49.822560355756316,,,494
1769669400,1.19854,1.19869,1.19842,1.19852,52.235679836967705,49.84106504852804,,,425
1769669700,1.19852,1.19862,1.19841,1.19844,50.51514178931351,49.962854165984524,,,509
1769670000,1.19844,1.19966,1.19839,1.19925,63.59133878402896,51.07783023276385,,,1143
1769670300,1.19925,1.1994,1.19866,1.19867,52.82688937025979,51.635509309838106,,,1078
1769670600,1.19867,1.19871,1.1984,1.19857,51.21711267956288,52.03516343262589,,,779
1769670900,1.19857,1.19889,1.1984299999999999,1.19877,54.22170068608394,52.84241306593098,,,712
1769671200,1.19877,1.19893,1.19848,1.19859,51.16722624509061,53.582519151066855,,,595
1769671500,1.19859,1.1987,1.19809,1.1982,45.22294938939194,53.15782571541628,,,1084
1769671800,1.1982,1.19831,1.19729,1.19749,36.833576954753994,51.64464246981885,,,1306
1769672100,1.19749,1.19785,1.19724,1.19725,34.50349469732022,50.367005458243305,,,1132
1769672400,1.19725,1.19744,1.19701,1.19715,33.55112005850519,49.05763417072746,,,951
1769672700,1.19715,1.19715,1.19671,1.19712,33.254567294493285,47.54573313812771,,,1004
1769673000,1.19712,1.19742,1.19705,1.19725,35.89861418476211,46.263671279938855,,,686
1769673300,1.19725,1.19753,1.19715,1.1974,38.90593138568682,45.28181023973006,,,510
1769673600,1.1974,1.19794,1.19731,1.19745,39.917793010473076,44.40196118069473,,,1325
1769673900,1.19745,1.1981,1.19739,1.19807,50.79951917278186,44.422273850942474,,,1046
1769674200,1.19807,1.19856,1.19785,1.19811,51.41094440715315,43.55224568116563,,,1090
1769674500,1.19811,1.19811,1.19719,1.19736,41.09803837922354,42.71447061037732,,,1421
1769674800,1.19736,1.19817,1.19734,1.19791,49.15321530054363,42.5670493690188,,,1013
1769675100,1.19791,1.198,1.19735,1.19762,45.61130305743972,41.95202096697278,,,1119
1769675400,1.19762,1.19791,1.19688,1.19688,38.072307761770524,41.01666964673563,,,1135
1769675700,1.19688,1.19697,1.1964,1.19671,36.576601776091415,40.39907338864274,,,1357
1769676000,1.19671,1.19689,1.19641,1.19682,38.266597821238875,40.50143202196308,,,1123
1769676300,1.19682,1.19689,1.19651,1.1968699999999999,39.06145710059857,40.8270007650544,,,900
1769676600,1.1968699999999999,1.19712,1.1964299999999999,1.1964299999999999,34.81345678187091,40.91716767386624,,,982
1769676900,1.1964299999999999,1.19686,1.19613,1.19683,41.08603847250894,41.47655847229593,,,1201
1769677200,1.19683,1.19742,1.19664,1.19713,45.33464483796807,42.150560661810644,,,910
1769677500,1.19713,1.19722,1.1969,1.19705,44.414810749487295,42.54405204493925,,,822
1769677800,1.19705,1.19718,1.19674,1.19699,43.6986780114044,42.81411525929149,,,719
1769678100,1.19699,1.19717,1.19651,1.19668,40.10104751313293,42.049938712173706,,,669
1769678400,1.19668,1.19669,1.19622,1.19636,36.738682888664385,41.00192003228165,,,1083
1769678700,1.19636,1.19648,1.19611,1.1963,36.127026849967216,40.64684778019192,,,859
1769679000,1.1963,1.19695,1.19622,1.19692,46.1111072194358,40.42955434582707,,,915
1769679300,1.19692,1.197,1.19638,1.19661,42.53134073747975,40.209557037258506,,,868
1769679600,1.19661,1.19695,1.19634,1.19653,41.63308354925264,40.4638981649358,,,714
1769679900,1.19653,1.19655,1.19577,1.19579,34.39651766526933,40.308177871305645,,,834
1769680200,1.19579,1.19579,1.1952,1.19543,31.525648287709103,39.82668147605352,,,995
1769680500,1.19543,1.19561,1.19515,1.19556,33.678330592115856,39.442172439733326,,,669
1769680800,1.19556,1.19578,1.19543,1.19568,35.68818839457353,39.50465326921209,,,914
1769681100,1.19568,1.19568,1.19527,1.19546,33.673428323232244,38.97518111569233,,,774
1769681400,1.19546,1.19561,1.19502,1.19546,33.673428323232244,38.14223707892548,,,787
1769681700,1.19546,1.19548,1.19465,1.19482,28.285838229348883,36.990167613201315,,,1154
1769682000,1.19482,1.19553,1.19481,1.19537,37.535166561849906,36.549916795375985,,,794
1769682300,1.19537,1.19543,1.19517,1.19535,37.34653793305536,36.35316611108473,,,585
1769682600,1.19535,1.19552,1.19506,1.19522,36.07741776477003,36.305932887949425,,,982
1769682900,1.19522,1.1953799999999999,1.19502,1.19506,34.52247079631978,36.191321741260325,,,710
1769683200,1.19506,1.19511,1.19481,1.19508,34.900177451960886,35.390541043583546,,,682
1769683500,1.19508,1.19508,1.19425,1.19463,30.620233736471306,34.53974768636865,,,1089
1769683800,1.19463,1.19479,1.19449,1.19464,30.823255554189743,33.76761711529273,,,633
1769684100,1.19464,1.19473,1.19386,1.19422,27.220462233354368,33.25504172729881,,,939
1769684400,1.19422,1.19447,1.1938,1.19444,31.722377395098434,33.26909380639805,,,1080
1769684700,1.19444,1.19463,1.19426,1.19442,31.531425655589786,33.115743453789044,,,700
1769685000,1.19442,1.19469,1.19437,1.19469,37.0411880147303,33.21238628380024,,,619
1769685300,1.19469,1.19488,1.19436,1.19441,33.98675739536252,33.234766931809546,,,717
1769685600,1.19441,1.1952,1.19437,1.19516,46.671759125434306,34.163219131966834,,,668
1769685900,1.19516,1.19516,1.1948,1.19483,42.77678180596367,35.198286530296464,,,719
1769686200,1.19483,1.19501,1.19457,1.19492,44.145832712324896,35.670476969616104,,,716
1769686500,1.19492,1.1950399999999999,1.19455,1.1947,41.53020319755025,35.96931020279431,,,668
1769686800,1.1947,1.1950399999999999,1.19466,1.19486,44.12318885467223,36.54400813778732,,,508
1769687100,1.19486,1.19515,1.19483,1.19508,47.56641437894116,37.47571839368885,,,383
1769687400,1.19508,1.1953,1.1949,1.1949,45.11675222595479,38.20547373468842,,,501
1769687700,1.1949,1.19496,1.19461,1.1947,42.49787484541533,39.053876671041564,,,619
1769688000,1.1947,1.19474,1.19436,1.19456,40.716204521764624,39.760515883011195,,,763
1769688300,1.19456,1.19474,1.1942,1.19436,38.24920433842049,40.54828317623021,,,539
1769688600,1.19436,1.19492,1.19433,1.19486,46.90968315643759,41.63309073061157,,,478
1769688900,1.19486,1.19501,1.19471,1.19478,45.80281428136611,42.65247563245274,,,400
1769689200,1.19478,1.19499,1.19468,1.19496,48.733916842130824,43.48767054869563,,,398
1769689500,1.19496,1.19517,1.1949,1.19513,51.406863610651584,44.731963849787704,,,372
1769689800,1.19513,1.19517,1.1948,1.19489,47.63115646296159,44.800492231039655,,,473
1769690100,1.19489,1.1951,1.19466,1.19472,45.10409651216533,44.96672899576834,,,462
1769690400,1.19472,1.1948,1.19448,1.1947699999999999,46.01135823191283,45.09998081859606,,,626
1769690700,1.1947699999999999,1.19527,1.1947,1.19517,52.740456119091036,45.900713170134686,,,675
1769691000,1.19517,1.19591,1.19516,1.19547,57.06293378363245,46.824980665060416,,,1144
1769691300,1.19547,1.19622,1.19537,1.19612,64.61461921270842,48.042709581758075,,,1442
1769691600,1.19612,1.1965,1.19581,1.19647,67.88951688676288,49.669335628958656,,,1169
1769691900,1.19647,1.19684,1.19639,1.19673,70.10307235256624,51.641135450898,,,1031
1769692200,1.19673,1.19677,1.19623,1.19631,62.596305984492595,53.20399984109285,,,662
1769692500,1.19631,1.19673,1.1959899999999999,1.1967,66.21415646461061,55.20149642153501,,,1180
1769692800,1.1967,1.19684,1.19638,1.19656,63.82748859033196,56.40991109538461,,,860
1769693100,1.19656,1.19685,1.19644,1.19646,62.10550934684945,57.5743893143477,,,658
1769693400,1.19646,1.19708,1.19607,1.19607,55.78454499465776,58.07800561095677,,,1452
1769693700,1.19607,1.19609,1.19552,1.1958199999999999,52.122382920870976,58.1291141331153,,,1275
1769694000,1.1958199999999999,1.19685,1.1958199999999999,1.19646,59.459671175032796,58.974008041120385,,,1167
1769694300,1.19646,1.19646,1.19412,1.19415,37.262688934465885,58.41390749985614,,,4193
1769694600,1.19415,1.19592,1.19401,1.19518,46.79938631289414,58.47019521992623,,,3036
1769694900,1.19518,1.19563,1.1949,1.19561,50.2026400786371,58.2889226456081,,,1860
1769695200,1.19561,1.19579,1.19518,1.19546,49.02449623504402,57.714748534994634,,,1507
1769695500,1.19546,1.19611,1.19543,1.19602,53.41948249873283,56.91509591256782,,,1144
1769695800,1.19602,1.19648,1.19586,1.19647,56.65361667027198,56.1125316113899,,,1377
1769696100,1.19647,1.19668,1.19614,1.19663,57.776161233255635,55.23203796001057,,,1353
1769696400,1.19663,1.19668,1.19636,1.19638,55.363592494191124,54.715415567846186,,,911
1769696700,1.19638,1.1970399999999999,1.19635,1.19657,56.83870043639243,54.045740137259166,,,1340
1769697000,1.19657,1.19682,1.19595,1.19607,51.971277886246426,53.1988679441102,,,1764
1769697300,1.19607,1.19676,1.1955,1.19648,55.34799306069766,52.716188209385066,,,1774
1769697600,1.19648,1.19691,1.19603,1.19684,58.13145083400252,52.88382434076684,,,1570
1769697900,1.19684,1.19692,1.1961,1.19661,55.74074341723026,53.14227866193536,,,1945
1769698200,1.19661,1.19685,1.19629,1.1967,56.49471783958856,52.9304962808322,,,1974
1769698500,1.1967,1.19713,1.19657,1.19703,59.23677881270049,54.500074129277536,,,1643
1769698800,1.19703,1.19724,1.19584,1.19605,49.29936714270695,54.67864418854988,,,2767
1769699100,1.19605,1.19631,1.19505,1.19526,43.032328247629046,54.16647905776359,,,3025
1769699400,1.19526,1.19562,1.19454,1.1948,39.85529000080242,53.51153575531776,,,2542
1769699700,1.1948,1.1948,1.19171,1.19239,28.135379965279654,51.70552843149967,,,6906
1769700000,1.19239,1.19328,1.19147,1.19234,27.951732608209127,49.655393855638046,,,6452
1769700300,1.19234,1.1927,1.1905999999999999,1.1909,23.24572914603253,47.1889344208364,,,7036
1769700600,1.1909,1.19228,1.1907,1.19191,31.90537102726485,45.5133471731988,,,7133
1769700900,1.19191,1.19347,1.19164,1.19286,38.889325128950446,44.231248936952944,,,5392
1769701200,1.19286,1.19286,1.19132,1.19133,33.01621308270326,42.87731573669986,,,5236
1769701500,1.19133,1.19261,1.19129,1.19235,39.56852411656825,41.750210812119185,,,5688
1769701800,1.19235,1.193,1.19202,1.19281,42.30929660156547,40.620056938373686,,,4124
1769702100,1.19281,1.19301,1.19237,1.19295,43.154307353111335,39.721025790936615,,,3423
1769702400,1.19295,1.19359,1.19271,1.19348,46.35760348943774,38.996946194497276,,,3181
1769702700,1.19348,1.19427,1.19331,1.19347,46.304584391841104,38.07321802157874,,,3398
1769703000,1.19347,1.19388,1.19315,1.19362,47.27861831152484,37.928878819351446,,,2433
1769703300,1.19362,1.19401,1.19299,1.193,43.74627380431526,37.97987493054332,,,2171
1769703600,1.193,1.1935499999999999,1.19281,1.1932099999999999,45.23867140517171,38.364402173712556,,,2267
1769703900,1.1932099999999999,1.19387,1.19311,1.19364,48.265233474338004,39.80224885293101,,,1959
1769704200,1.19364,1.19404,1.19354,1.19383,49.590959756781906,41.34790793497192,,,1913
1769704500,1.19383,1.19385,1.19314,1.19357,47.786364567928615,43.10081046510736,,,1345
1769704800,1.19357,1.19471,1.19342,1.19442,53.7161262952325,44.65872155567647,,,1590
1769705100,1.19442,1.19505,1.19427,1.19498,57.167415662882334,45.96429945095731,,,1312
1769705400,1.19498,1.19528,1.19436,1.19472,55.11260132110602,47.542612896557515,,,1318
1769705700,1.19472,1.19502,1.19424,1.19425,51.508382626042604,48.39545993294853,,,1370
1769706000,1.19425,1.19511,1.19425,1.19492,55.93262614062177,49.36855490002399,,,1573
1769706300,1.19492,1.19516,1.19471,1.19506,56.81917205919131,50.34461666474398,,,1184
1769706600,1.19506,1.1953,1.1947699999999999,1.1948,54.621428021465285,50.934889845603095,,,1510
1769706900,1.1948,1.19515,1.1944299999999999,1.19481,54.69401339849598,51.53413477464987,,,1603
1769707200,1.19481,1.19598,1.19481,1.19558,59.99965012377588,52.44277990409637,,,1496
1769707500,1.19558,1.19572,1.19523,1.19555,59.70627915259324,53.58278028611623,,,1343
1769707800,1.19555,1.19614,1.19555,1.19578,61.26981989299044,54.727862320960426,,,911
1769708100,1.19578,1.19594,1.19544,1.19549,58.20310885423996,55.437710562381994,,,964
1769708400,1.19549,1.19614,1.19548,1.19604,62.0796788859411,56.32976192875051,,,1099
1769708700,1.19604,1.19605,1.1955,1.19596,61.19068061029741,57.28721307463399,,,921
1769709000,1.19596,1.19596,1.19501,1.19584,59.807175736277244,57.72228803470862,,,1409
1769709300,1.19584,1.19594,1.19526,1.19557,56.70081483491771,57.688959404139716,,,1039
1769709600,1.19557,1.19563,1.19513,1.19524,53.072515191617384,57.5432389663191,,,726
1769709900,1.19524,1.19597,1.19522,1.19584,58.29763790861528,58.02818577221715,,,891
1769710200,1.19584,1.19594,1.19556,1.19557,55.312987107706704,57.98392584129465,,,762
1769710500,1.19557,1.19557,1.19526,1.1953799999999999,53.24707040543763,57.728775723169385,,,717
1769710800,1.1953799999999999,1.19553,1.19495,1.19505,49.77011320305411,57.38225323614001,,,675
1769711100,1.19505,1.1952099999999999,1.19483,1.19517,51.02253866033988,57.12000504055743,,,632
1769711400,1.19517,1.19579,1.19507,1.19579,56.989573375328824,56.9049995585255,,,882
1769711700,1.19579,1.19636,1.19556,1.19636,61.61918287163966,57.04163553845739,,,889
1769712000,1.19636,1.19647,1.1959,1.19615,59.09539208447118,56.886319266420294,,,864
1769712300,1.19615,1.19623,1.19604,1.19621,59.60447359810008,56.98641674812459,,,501
1769712600,1.19621,1.19632,1.19604,1.19618,59.207695276236144,56.781275061717096,,,530
1769712900,1.19618,1.19636,1.19578,1.19578,54.04205288318133,56.27065879549451,,,623
1769713200,1.19578,1.19579,1.19533,1.19568,52.80177389405441,55.77027294962146,,,893
1769713500,1.19568,1.19569,1.19528,1.19528,48.05129572796567,55.15245015626774,,,451
1769713800,1.19528,1.19534,1.195,1.19503,45.307667760745844,54.59781819691977,,,504
1769714100,1.19503,1.19572,1.19503,1.19567,52.746114997961214,54.201280846158774,,,498
1769714400,1.19567,1.19604,1.19558,1.196,56.06423923981527,54.25494171273795,,,693
1769714700,1.196,1.19603,1.19576,1.19578,53.373484556073606,54.26397129492624,,,564
1769715000,1.19578,1.19579,1.19516,1.19517,46.6832533940583,54.04348130856939,,,677
1769715300,1.19517,1.19536,1.19509,1.19523,47.38189884708137,53.78343560762236,,,710
1769715600,1.19523,1.19551,1.19522,1.19534,48.70887029641788,53.19195681627158,,,632
1769715900,1.19534,1.19553,1.19516,1.19522,47.30725947608404,52.1696765737319,,,453
1769716200,1.19522,1.19543,1.19507,1.19524,47.57800814864803,51.34700629260167,,,545
1769716500,1.19524,1.19545,1.19511,1.19513,46.1727733895277,50.387599134846496,,,487
1769716800,1.19513,1.19529,1.19457,1.19469,40.96129458116028,49.08428479948393,,,875
1769717100,1.19469,1.19498,1.19467,1.19493,44.63221851541484,48.41215377321489,,,590
1769717400,1.19493,1.19578,1.19493,1.19554,52.68491706966982,48.40380685718742,,,576
1769717700,1.19554,1.19588,1.1955,1.19585,56.173415176212366,48.9839582463479,,,378
1769718000,1.19585,1.19602,1.19577,1.19591,56.83674167551404,49.80746352597419,,,332
1769718300,1.19591,1.19609,1.19586,1.19597,57.52899796248116,50.1490980234399,,,503
1769718600,1.19597,1.19624,1.19588,1.19622,60.38026378654097,50.45738549106317,,,388
1769718900,1.19622,1.19667,1.19611,1.19653,63.6399516914659,51.19070457216261,,,515
1769719200,1.19653,1.19655,1.19632,1.19639,61.19141854413697,52.22700208288252,,,371
1769719500,1.19639,1.19655,1.19637,1.19649,62.306980570376325,53.293079348832165,,,491
1769719800,1.19649,1.19682,1.19649,1.19661,63.65703788046871,54.36080560483579,,,509
1769720100,1.19661,1.19671,1.19636,1.19647,60.915763898435976,55.33284163500379,,,552
1769720400,1.19647,1.19649,1.19622,1.1962599999999999,56.95384987531597,56.002544615480076,,,555
1769720700,1.1962599999999999,1.19628,1.19618,1.19623,56.389613458383685,56.732318906112646,,,268
1769721000,1.19623,1.19678,1.19622,1.19676,63.305907871555036,58.32836271256941,,,317
1769721300,1.19676,1.19682,1.19659,1.19677,63.42377460150406,59.67061671871864,,,360
1769721600,1.19677,1.19682,1.19668,1.19672,62.345437733152835,60.36065390896743,,,226
1769721900,1.19672,1.19682,1.19667,1.19669,61.66795558850968,60.75312108127438,,,198
1769722200,1.19669,1.19696,1.19666,1.1968699999999999,64.18285204976809,61.27784325086395,,,251
1769722500,1.1968699999999999,1.19691,1.19675,1.19684,63.43584229869929,61.69976070345097,,,207
1769722800,1.19684,1.19713,1.19676,1.19697,65.31948932420926,62.052562527570124,,,221
1769723100,1.19697,1.19705,1.19686,1.19692,63.95481649957097,62.07505287100621,,,182
1769723400,1.19692,1.19711,1.19691,1.19695,64.43493157728994,62.30673237337427,,,389
1769723700,1.19695,1.19715,1.19691,1.19707,66.36483821495764,62.59657934798722,,,553
1769724000,1.19707,1.19707,1.19645,1.19645,50.974157339463545,61.69065930934399,,,8
1769724300,1.19645,1.19662,1.19645,1.19653,52.50472721182924,61.08987097458637,,,81
1769724600,1.19653,1.19657,1.19649,1.19653,52.50472721182924,60.772076498623036,,,79
1769724900,1.19653,1.19663,1.19653,1.19663,54.561251460881785,60.64147921308718,,,41
1769725200,1.19663,1.19663,1.19661,1.19662,54.308011618814355,59.998772337891424,,,12
1769725500,1.19662,1.19666,1.19656,1.19666,55.203654687651,59.41162091547335,,,20
1769725800,1.19666,1.19666,1.19663,1.19665,54.91385259490442,58.88079340559846,,,13
1769726100,1.19665,1.19666,1.19657,1.19662,53.998017171584486,58.33294066153237,,,56
1769726400,1.19662,1.19674,1.19662,1.19673,56.84031696946244,57.80847387008197,,,23
1769726700,1.19673,1.19678,1.19671,1.19675,57.356223452659634,57.37421538107914,,,26
1769727000,1.19675,1.19684,1.19666,1.19672,56.26968974995113,56.72780112577499,,,67
1769727300,1.19672,1.19696,1.1967,1.19692,61.50519078608086,56.5528278605257,,,222
1769727600,1.19692,1.19709,1.19683,1.19688,59.95906361550829,56.23312300611271,,,200
1769727900,1.19688,1.19715,1.19686,1.19711,65.35241739699849,56.16080723340135,,,150
1769728200,1.19711,1.19711,1.19698,1.19703,62.213456888479634,56.96361434404536,,,112
1769728500,1.19703,1.19716,1.197,1.19712,64.29140258054655,57.805519727525166,,,133
1769728800,1.19712,1.19717,1.19711,1.19716,65.20717773002514,58.71283762168201,,,111
1769729100,1.19716,1.19743,1.19716,1.19737,69.61318518961822,59.78797574516319,,,243
1769729400,1.19737,1.19739,1.19718,1.19735,68.7206239001035,60.81744805096956,,,251
1769729700,1.19735,1.19746,1.19713,1.19718,61.502223503821014,61.26734582355313,,,238
1769730000,1.19718,1.19724,1.19714,1.19722,62.500330428764464,61.80923709740028,,,107
1769730300,1.19722,1.19724,1.19702,1.19703,55.181923564926315,61.89380183978184,,,147
1769730600,1.19703,1.19706,1.19649,1.19656,42.06149820072525,60.838171927729185,,,239
1769730900,1.19656,1.19678,1.19648,1.19672,46.706954974351426,60.07750989356431,,,163
1769731200,1.19672,1.19709,1.19665,1.19697,53.04233106734991,59.84698427337851,,,423
1769731500,1.19697,1.1973,1.19696,1.1973,59.83055702422561,59.727367576103134,,,360
1769731800,1.1973,1.1973,1.19694,1.19697,51.770842225031394,59.1424946196405,,,231
1769732100,1.19697,1.19702,1.19581,1.19587,34.89610518436848,56.96704374730979,,,724
1769732400,1.19587,1.19596,1.19374,1.19436,23.548856861389254,54.20528660251762,,,2777
1769732700,1.19436,1.19468,1.19398,1.19468,28.830456715687788,51.67236189788485,,,948
1769733000,1.19468,1.19484,1.19363,1.19423,26.09980681133628,48.878978260835645,,,1570
1769733300,1.19423,1.19471,1.19406,1.19409,25.29704895035104,45.71353995803084,,,914
1769733600,1.19409,1.19421,1.19343,1.19347,22.060962806173777,42.38070702275015,,,1326
1769733900,1.19347,1.1936,1.19309,1.19309,20.343262451403902,39.44078123329179,,,1141
1769734200,1.19309,1.19358,1.19309,1.19335,24.665336755602496,36.7382816852088,,,1128
1769734500,1.19335,1.1935499999999999,1.193,1.19317,23.7063380367905,34.49002557605623,,,1410
1769734800,1.19317,1.19342,1.1923,1.1924,20.105182348720348,32.92171730091302,,,1692
1769735100,1.1924,1.19293,1.19211,1.19279,26.218584596064687,31.458262273892547,,,1229
1769735400,1.19279,1.19287,1.19225,1.1928,26.374150621763476,29.55339224206494,,,1371
1769735700,1.1928,1.19396,1.19278,1.19372,39.09686878600105,28.072414510763192,,,1314
1769736000,1.19372,1.19393,1.19141,1.19255,31.614785390825972,26.6326961654628,,,2211
1769736300,1.19255,1.19327,1.19255,1.1928,34.499252901600244,26.604349573836505,,,995
1769736600,1.1928,1.19337,1.19238,1.19332,40.153683533978196,27.790408621878573,,,1189
1769736900,1.19332,1.1933799999999999,1.19278,1.19308,38.50166571473553,28.481209264667694,,,846
1769737200,1.19308,1.19384,1.19305,1.19357,43.60333476359261,29.731461261257433,,,717
1769737500,1.19357,1.19363,1.19281,1.19327,41.342072024712884,30.87753433799756,,,1022
1769737800,1.19327,1.1935499999999999,1.19276,1.1930399999999999,39.64458500494182,32.13350735219528,,,1073
1769738100,1.1930399999999999,1.19305,1.1915,1.19169,31.475439350057542,32.92866284495625,,,1975
1769738400,1.19169,1.1918199999999999,1.19095,1.19108,28.606999053343245,33.21021015193773,,,2137
1769738700,1.19108,1.19167,1.19079,1.19084,27.5434478393678,33.48428942355039,,,1805
1769739000,1.19084,1.19163,1.19082,1.19123,31.969608031929056,34.33174840092244,,,1519
1769739300,1.19123,1.19265,1.19018,1.19124,32.08417002284432,34.750718788549555,,,2773
1769739600,1.19124,1.19132,1.18947,1.19075,29.465769218899837,34.97154868834501,,,2584
1769739900,1.19075,1.19132,1.19048,1.19082,30.340376488443383,34.34608495280518,,,2308
1769740200,1.19082,1.19136,1.19009,1.1901,26.676349330309634,33.99333951991115,,,1704
1769740500,1.1901,1.19108,1.19009,1.19086,35.52711068644905,34.06675793311464,,,1845
1769740800,1.19086,1.19135,1.19085,1.19126,39.65571960542092,34.031189081074835,,,1327
1769741100,1.19126,1.19194,1.19126,1.19189,45.567891005179376,34.53591945896368,,,1192
1769741400,1.19189,1.19195,1.19139,1.19177,44.67014466684705,34.612120166339,,,897
1769741700,1.19177,1.19187,1.19157,1.19185,45.44184346774982,34.90496098369878,,,955
1769742000,1.19185,1.19196,1.19137,1.19173,44.44058996395449,35.2475327664854,,,1031
1769742300,1.19173,1.19179,1.19139,1.19174,44.550235574513415,36.18144678251796,,,797
1769742600,1.19174,1.19198,1.19165,1.19185,45.81693781604618,37.41072812271103,,,720
1769742900,1.19185,1.19204,1.19173,1.19175,44.81466266425659,38.6443863244888,,,586
1769743200,1.19175,1.19188,1.19156,1.19175,44.81466266425659,39.56189022679791,,,562
1769743500,1.19175,1.19193,1.1913799999999999,1.19165,43.70582095679835,40.39200815065177,,,729
1769743800,1.19165,1.19218,1.19156,1.19191,47.35318847778206,41.66968095485765,,,632
1769744100,1.19191,1.19193,1.19129,1.19142,41.849949301737915,42.49179329866439,,,715
1769744400,1.19142,1.19158,1.19134,1.19144,42.1454952028875,43.59673228956281,,,613
1769744700,1.19144,1.1919,1.19144,1.1919,48.61437399720409,44.53153681175961,,,644
1769745000,1.1919,1.19193,1.19159,1.19188,48.361184544216826,45.1533557359593,,,485
1769745300,1.19188,1.19231,1.19188,1.1919899999999999,49.906474160203956,45.463254532746774,,,475
1769745600,1.1919899999999999,1.19262,1.1919,1.19256,57.07473010016384,46.34929634941226,,,703
1769745900,1.19256,1.19343,1.1924299999999999,1.19303,61.91424822598116,47.525896689285936,,,810
1769746200,1.19303,1.19327,1.19298,1.19315,63.05939501953793,48.85581133611332,,,505
1769746500,1.19315,1.19324,1.19294,1.19309,62.054714233842155,50.10613124035109,,,370
1769746800,1.19309,1.19324,1.19233,1.19234,51.0959938906381,50.48320667425052,,,536
1769747100,1.19234,1.19252,1.19217,1.1924,51.828896602929404,50.98422338415571,,,542
1769747400,1.1924,1.19274,1.19228,1.19259,54.17111925417417,51.652541712006965,,,372
1769747700,1.19259,1.19275,1.19256,1.19274,55.99044675271714,52.53001498314402,,,342
1769748000,1.19274,1.19274,1.1924299999999999,1.19244,51.580139707189765,52.83194007095886,,,264
1769748300,1.19244,1.19248,1.19212,1.19214,47.54683366047955,53.23886038229755,,,243
1769748600,1.19214,1.19214,1.19201,1.19207,46.630589876438016,53.55922428755116,,,248
1769748900,1.19207,1.19251,1.19205,1.1924299999999999,51.77730427598474,53.78514787889264,,,360
1769749200,1.1924299999999999,1.19305,1.1924,1.19305,59.093765027755765,54.551760770573985,,,538
1769749500,1.19305,1.19306,1.19285,1.19305,59.093765027755765,55.20799583254198,,,412
1769749800,1.19305,1.19347,1.19291,1.19342,62.98110411780099,55.62987969094463,,,538
1769750100,1.19342,1.1935,1.19336,1.19339,62.46279536026852,55.66906162910801,,,421
1769750400,1.19339,1.19339,1.19254,1.19254,49.9259799995594,54.730960556252406,,,447
1769750700,1.19254,1.19278,1.19241,1.1924299999999999,48.56744901065562,53.767584468881935,,,443
1769751000,1.1924299999999999,1.19252,1.19224,1.19247,49.10973656767092,53.62570894581285,,,395
1769751300,1.19247,1.19257,1.19181,1.19204,43.76735368306681,53.049884451536954,,,604
1769751600,1.19204,1.19211,1.19143,1.19154,38.52000447845598,51.9319476818428,,,768
1769751900,1.19154,1.19211,1.19154,1.19178,42.107861996001944,50.94033448493457,,,654
1769752200,1.19178,1.19212,1.19165,1.1919899999999999,45.12548374907674,50.47928763078364,,,384
1769752500,1.1919899999999999,1.19255,1.1919899999999999,1.19247,51.365634649866664,50.75205913002558,,,525
1769752800,1.19247,1.19302,1.19233,1.19292,56.3743076551428,51.44803897136163,,,878
1769753100,1.19292,1.1933,1.19273,1.19311,58.32582410927677,51.91579038802535,,,773
1769753400,1.19311,1.19318,1.19286,1.19308,57.88552058103824,51.82948721325981,,,680
1769753700,1.19308,1.19319,1.19251,1.19267,52.097195520468276,51.32973224845357,,,792
1769754000,1.19267,1.19279,1.19245,1.19253,50.249445955026445,50.420328093969665,,,716
1769754300,1.19253,1.19266,1.19173,1.19181,41.999326545997945,48.95865175009319,,,743
1769754600,1.19181,1.19219,1.19176,1.1919899999999999,44.45461017369762,48.567839619674494,,,904
1769754900,1.1919899999999999,1.19281,1.19196,1.19257,51.56892260802827,48.7822305909154,,,1099
1769755200,1.19257,1.1925999999999999,1.1921599999999999,1.19223,47.711118924340624,48.68232933067752,,,745
1769755500,1.19223,1.19225,1.19177,1.19208,46.0735457080239,48.84705733246016,,,865
1769755800,1.19208,1.19231,1.19153,1.19159,41.1097340336671,49.032038014975235,,,1090
1769756100,1.19159,1.19189,1.19139,1.19188,44.89373499427317,49.231028943423176,,,1178
1769756400,1.19188,1.1919899999999999,1.19146,1.19178,43.847476465181465,49.13974270885923,,,1467
1769756700,1.19178,1.19258,1.19171,1.19227,49.99685662916558,49.041972850237734,,,1011
1769757000,1.19227,1.19258,1.19176,1.19183,45.209128519556984,48.24446005483874,,,1242
1769757300,1.19183,1.19261,1.19166,1.19258,53.40057514152752,47.89265655714237,,,1242
1769757600,1.19258,1.1925999999999999,1.19184,1.19232,50.57759797500685,47.37066208528298,,,795
1769757900,1.19232,1.19285,1.1921599999999999,1.19278,55.10007352659064,47.58515337143458,,,794
1769758200,1.19278,1.19302,1.19265,1.19284,55.66988260213364,47.97232741765653,,,904
1769758500,1.19284,1.19284,1.19226,1.19251,51.77786126374821,48.67079418321011,,,1131
1769758800,1.19251,1.19305,1.1924299999999999,1.19305,57.0672785396224,49.57169906649045,,,791
1769759100,1.19305,1.19335,1.19292,1.19309,57.43968491779759,49.99103923147398,,,957
1769759400,1.19309,1.1935499999999999,1.19298,1.19354,61.48705255297532,50.97503449066217,,,960
1769759700,1.19354,1.19426,1.19354,1.19377,63.40270539282336,52.212831611004994,,,2093
1769760000,1.19377,1.19433,1.19362,1.19419,66.66358717252382,54.03810683520904,,,1315
1769760300,1.19419,1.19419,1.19349,1.1938,61.2096979963009,55.20353276392531,,,1124
1769760600,1.1938,1.19403,1.19358,1.1939899999999999,62.80617317729077,56.55772538621883,,,884
1769760900,1.1939899999999999,1.194,1.19358,1.19385,60.81987850887992,57.330798377627,,,887
1769761200,1.19385,1.1941599999999999,1.19368,1.19373,59.09472419563782,58.322626640204206,,,767
1769761500,1.19373,1.19384,1.19326,1.19333,53.63359173577719,58.33927068265062,,,782
1769761800,1.19333,1.19354,1.19287,1.19292,48.66888141095039,58.202933785218015,,,864
1769762100,1.19292,1.19292,1.19233,1.19285,47.854406274527896,57.68538612435639,,,1054
1769762400,1.19285,1.19317,1.19251,1.19316,51.70869089630245,57.40244385965416,,,828
1769762700,1.19316,1.19353,1.19298,1.19344,54.94778339211255,57.62886686882304,,,902
1769763000,1.19344,1.19357,1.19314,1.19328,52.76964640389253,57.32189314484233,,,717
1769763300,1.19328,1.19354,1.1931,1.19327,52.62922713559816,56.97828901754237,,,619
1769763600,1.19327,1.1938,1.19281,1.19314,50.73900643112967,56.210571437410536,,,1110
1769763900,1.19314,1.19339,1.19286,1.19334,53.5056729616715,55.503640549471115,,,949
1769764200,1.19334,1.19339,1.19255,1.19258,43.5062754337376,53.849546853843535,,,1164
1769764500,1.19258,1.19292,1.19224,1.1923,40.50303119660535,52.37049922529384,,,974
1769764800,1.1923,1.19254,1.19195,1.19239,41.89153574432161,50.87659655151033,,,1004
1769765100,1.19239,1.19244,1.19174,1.19188,36.66918460824996,49.15154698717963,,,1209
1769765400,1.19188,1.19259,1.19178,1.19226,42.428193490042254,47.96108050820852,,,1116
1769765700,1.19226,1.19232,1.19175,1.19184,38.284341565102935,46.8647054960175,,,1001
1769766000,1.19184,1.19198,1.19137,1.1914,34.48452993857329,45.85153753370485,,,981
1769766300,1.1914,1.19141,1.19059,1.19072,29.595646953792595,44.54734043936661,,,1521
1769766600,1.19072,1.19072,1.18982,1.18995,25.2332513955984,42.65623761788775,,,1672
1769766900,1.18995,1.1909399999999999,1.18983,1.19083,36.714252282089674,41.353842538600404,,,1409
1769767200,1.19083,1.19126,1.19046,1.19124,41.241437724257935,40.53039906148364,,,1596
1769767500,1.19124,1.19146,1.19082,1.19135,42.43131505208582,39.80197676980419,,,956
1769767800,1.19135,1.1916,1.19105,1.1915499999999999,44.62690785557322,39.36539830012158,,,759
1769768100,1.1915499999999999,1.19198,1.1915,1.19185,47.84038913941814,38.96073516996063,,,749
1769768400,1.19185,1.19195,1.19152,1.19164,45.835184476913206,39.12708581590175,,,798
1769768700,1.19164,1.19195,1.19154,1.19181,47.74463834326333,39.64434346923446,,,1027
1769769000,1.19181,1.19194,1.19143,1.19164,45.99833882979035,39.93768654676794,,,825
1769769300,1.19164,1.19184,1.1915,1.1918,47.9287416466399,40.74194062093865,,,695
1769769600,1.1918,1.19201,1.1916,1.19165,46.25920874258861,41.01558456754911,,,656
1769769900,1.19165,1.19251,1.19164,1.19229,53.673973918224426,42.1148440213435,,,803
1769770200,1.19229,1.19246,1.19204,1.19219,52.45612268342988,43.398529217404686,,,608
1769770500,1.19219,1.19227,1.1918199999999999,1.1921,51.327349912423166,44.95079371444972,,,795
1769770800,1.1921,1.19232,1.19206,1.19223,52.903805291377275,46.92726184986251,,,647
1769771100,1.19223,1.1930399999999999,1.19219,1.19294,60.44000789806174,48.621958679574796,,,705
1769771400,1.19294,1.19344,1.19292,1.19336,64.09966865777649,50.25468946054041,,,701
1769771700,1.19336,1.19353,1.19326,1.19339,64.35333345673402,51.82054791801528,,,545
1769772000,1.19339,1.19343,1.19248,1.19333,63.38864322117582,53.16067187270118,,,1615
1769772300,1.19333,1.19347,1.1932099999999999,1.19343,64.34790109002401,54.339779869173015,,,652
1769772600,1.19343,1.19365,1.1934,1.19361,66.07114192845586,55.78520540142607,,,560
1769772900,1.19361,1.19378,1.19327,1.1936,65.88062622770101,57.080633107457324,,,456
1769773200,1.1936,1.19393,1.19356,1.19356,65.07234941293831,58.44306243482504,,,565
1769773500,1.19356,1.19381,1.19311,1.19339,61.61259315266282,59.420480399540956,,,1433
1769773800,1.19339,1.19471,1.19323,1.19434,70.91795598121149,61.18181948801402,,,1403
1769774100,1.19434,1.1950399999999999,1.19434,1.19489,74.73622518872476,62.686266007335476,,,997
1769774400,1.19489,1.19545,1.19463,1.19465,70.39307554171451,63.96747692578437,,,1152
1769774700,1.19465,1.1950399999999999,1.19453,1.1950399999999999,73.12609350122523,65.52453003927023,,,897
1769775000,1.1950399999999999,1.19525,1.19484,1.19519,74.11577552698985,67.03967077038541,,,630
1769775300,1.19519,1.1952,1.19463,1.19472,65.92363641090073,67.43135852130249,,,743
1769775600,1.19472,1.19479,1.19432,1.1944,60.98142800296412,67.20862704595875,,,728
1769775900,1.1944,1.19455,1.19412,1.1942,58.052135110472626,66.7585414497972,,,698
1769776200,1.1942,1.19442,1.19389,1.1939899999999999,55.06134454163914,66.16373440125888,,,620
1769776500,1.1939899999999999,1.19425,1.19349,1.19349,48.63646224991947,65.04148876982285,,,700
1769776800,1.19349,1.19361,1.19257,1.19268,40.41009753693686,63.20855702757148,,,1108
1769777100,1.19268,1.19272,1.19204,1.19231,37.306061379764195,61.16751668129028,,,1241
1769777400,1.19231,1.19258,1.19178,1.19178,33.35383772506127,58.90190870358477,,,827
1769777700,1.19178,1.19197,1.19151,1.19194,35.57285061657319,57.04192709386409,,,863
1769778000,1.19194,1.19241,1.1917,1.19236,41.1152930176223,54.91316545360771,,,1453
1769778300,1.19236,1.1924,1.19173,1.19186,37.03111673706718,52.21994342134646,,,1373
1769778600,1.19186,1.1922,1.19134,1.19192,37.82920956398132,49.89395299436552,,,1149
1769778900,1.19192,1.19198,1.19128,1.19154,34.81922960687558,47.15774843048341,,,749
1769779200,1.19154,1.1918199999999999,1.1913799999999999,1.19166,36.536515426471524,44.473515566160664,,,905
1769779500,1.19166,1.19245,1.19166,1.19189,39.80977419871884,42.608239693861954,,,915
1769779800,1.19189,1.1919,1.19078,1.19136,35.2925450578301,40.77331948349524,,,2101
1769780100,1.19136,1.19174,1.191,1.19135,35.21136038871332,39.14183557479815,,,1798
1769780400,1.19135,1.19224,1.1913,1.1922,46.48084176758607,38.52894251950864,,,1356
1769780700,1.1922,1.1922,1.19059,1.19068,34.81772133898998,37.54188959729938,,,1420
1769781000,1.19068,1.19081,1.19017,1.1907,35.048661768979784,37.158929899588166,,,1781
1769781300,1.1907,1.19146,1.19062,1.19125,41.21663206597822,37.43825637717488,,,1477
1769781600,1.19125,1.19211,1.19114,1.19195,47.98663911602875,38.483456476529696,,,1850
1769781900,1.19195,1.19196,1.1912099999999999,1.19171,46.02929638516855,39.2303454600008,,,1341
1769782200,1.19171,1.19173,1.19102,1.19154,44.640315832897286,39.48213280394901,,,1465
1769782500,1.19154,1.19191,1.19133,1.19143,43.72096760996221,39.95997929487009,,,1337
1769782800,1.19143,1.19151,1.19066,1.1909399999999999,39.78987368034096,40.10002673175291,,,1357
1769783100,1.1909399999999999,1.19105,1.19054,1.19076,38.42315908179976,40.357450265676064,,,1036
1769783400,1.19076,1.19168,1.1905999999999999,1.1916,47.48791295403549,41.13969294621635,,,1772
1769783700,1.1916,1.19163,1.19075,1.19132,45.10438209863063,41.51787922478148,,,1511
1769784000,1.19132,1.19152,1.19098,1.1913799999999999,45.73294944451444,42.263622395258935,,,985
1769784300,1.1913799999999999,1.1916,1.19116,1.19125,44.542888241263135,42.93016009901248,,,1275
1769784600,1.19125,1.19164,1.19082,1.19092,41.584680138645176,42.58043426837385,,,1218
1769784900,1.19092,1.1909399999999999,1.19009,1.1905999999999999,38.88766759781424,42.87114471543273,,,2026
1769785200,1.1905999999999999,1.1905999999999999,1.18871,1.18911,29.344421453349554,42.463698978602,,,2606
1769785500,1.18911,1.19047,1.18911,1.19008,39.71623594163943,42.35652782686351,,,2595
1769785800,1.19008,1.19027,1.189,1.18901,33.81880033110846,41.34453934222635,,,2047
1769786100,1.18901,1.18952,1.18899,1.18945,37.902226758288215,40.76403436887775,,,1869
1769786400,1.18945,1.18981,1.18927,1.18939,37.56188073042327,40.25843186155818,,,1754
1769786700,1.18939,1.19007,1.18937,1.1895499999999999,39.1315269684216,39.9306146728767,,,2049
1769787000,1.1895499999999999,1.18965,1.18829,1.18863,33.8604724090967,39.50708601064497,,,2362
1769787300,1.18863,1.18973,1.18863,1.18947,41.59599231449854,39.733716955837735,,,2062
1769787600,1.18947,1.19041,1.18947,1.19025,47.71152630490388,39.74968933804262,,,2215
1769787900,1.19025,1.19032,1.18888,1.18909,40.85931311858284,39.44647012518207,,,2646
1769788200,1.18909,1.18983,1.18882,1.18962,44.762708092090584,39.377167171437506,,,2925
1769788500,1.18962,1.19018,1.18948,1.1895,44.05373632298207,39.34222774870314,,,3291
1769788800,1.1895,1.18975,1.18849,1.1888,40.06713876286505,39.23383193614742,,,3148
1769789100,1.1888,1.18925,1.18865,1.18923,43.45237599771069,39.55988253614003,,,1753
1769789400,1.18923,1.18951,1.18851,1.1888,40.960783383735546,40.38962267402474,,,1847
1769789700,1.1888,1.18882,1.18807,1.1884,38.73567653461868,40.3195827163804,,,1389
1769790000,1.1884,1.18854,1.18798,1.188,36.59482302545772,40.51787005169107,,,1561
1769790300,1.188,1.18873,1.18778,1.18795,36.32456974094418,40.405180264737915,,,1332
1769790600,1.18795,1.18844,1.18747,1.18753,34.04983720772286,40.154320013116454,,,1445
1769790900,1.18753,1.18783,1.18714,1.18749,33.83253716487687,39.775820741434686,,,2008
1769791200,1.18749,1.18826,1.18731,1.1882,41.026743993627484,40.28769728318689,,,1408
1769791500,1.1882,1.1883299999999999,1.18754,1.18765,37.61491290661534,40.00333446833808,,,1217
1769791800,1.18765,1.1883,1.1875499999999999,1.18814,42.224698880196506,39.61141822371612,,,1672
1769792100,1.18814,1.1887699999999999,1.18811,1.18859,46.1593935465223,39.989995397140376,,,1226
1769792400,1.18859,1.1887699999999999,1.1877199999999999,1.1883299999999999,44.28288625645921,39.955722408880995,,,1405
1769792700,1.1883299999999999,1.18855,1.1877,1.18779,40.591960696807966,39.70845272129713,,,1390
1769793000,1.18779,1.18805,1.18706,1.18714,36.63386419816393,39.46321882381847,,,1879
1769793300,1.18714,1.18767,1.1867,1.18671,34.25428052171148,38.80621200410424,,,1766
1769793600,1.18671,1.18825,1.18668,1.18801,45.731259198823786,39.14696027661055,,,1637
1769793900,1.18801,1.18848,1.18791,1.1883299999999999,48.131501460684305,39.818090628472376,,,1080
1769794200,1.1883299999999999,1.18834,1.18748,1.18776,44.36725976777174,40.3732646814948,,,1450
1769794500,1.18776,1.18776,1.18722,1.18728,41.42891522996036,40.7378607878531,,,990
1769794800,1.18728,1.18747,1.18703,1.18729,41.515815673831085,41.27114496400369,,,1015
1769795100,1.18729,1.18748,1.18713,1.18717,40.734781480379894,41.764162415111045,,,1149
1769795400,1.18717,1.18728,1.18665,1.18691,39.021845760568915,41.620955398464005,,,1634
1769795700,1.18691,1.18746,1.18691,1.18723,42.24110439505054,41.951397647637954,,,1696
1769796000,1.18723,1.18727,1.18675,1.18702,40.721740079828585,41.844043447611675,,,1456
1769796300,1.18702,1.18729,1.18681,1.18681,39.20317778213099,41.34717089301229,,,1534
1769796600,1.18681,1.18696,1.18653,1.18682,39.31922181567032,40.99262343295594,,,1573
1769796900,1.18682,1.18705,1.18634,1.18673,38.605032980325,40.85070002463573,,,1712
1769797200,1.18673,1.18695,1.18617,1.18631,35.37575572651093,40.760835133803376,,,2555
1769797500,1.18631,1.18673,1.18543,1.18575,31.582350215424256,40.56998296906857,,,2290
1769797800,1.18575,1.18629,1.18545,1.1861599999999999,36.915986238269355,39.94032061474326,,,2183
1769798100,1.1861599999999999,1.18635,1.18547,1.18576,34.12124911909852,38.939588304629986,,,1518
1769798400,1.18576,1.18658,1.18558,1.18654,43.15805067743261,38.853216226748614,,,1498
1769798700,1.18654,1.18757,1.18652,1.18757,52.43641240296892,39.639466024820656,,,2201
1769799000,1.18757,1.18842,1.18748,1.18817,56.85452057649656,40.73508780358247,,,1768
1769799300,1.18817,1.1883,1.18765,1.18781,53.635316411926,41.656554584407196,,,1847
1769799600,1.18781,1.18836,1.18776,1.18812,55.948388641914825,42.865593361646184,,,1658
1769799900,1.18812,1.18835,1.188,1.18832,57.42415680569534,43.95009710526367,,,1054
1769800200,1.18832,1.18848,1.18769,1.18769,51.56413403022661,44.72455381600639,,,1021
1769800500,1.18769,1.18777,1.18727,1.18736,48.757387599164744,45.40699737436595,,,890
1769800800,1.18736,1.18756,1.18702,1.18724,47.73976276596093,46.00846458510098,,,901
1769801100,1.18724,1.18731,1.18705,1.18719,47.29681490867293,46.62930615141155,,,784
1769801400,1.18719,1.18745,1.18681,1.18728,48.22797570577616,47.547321864216215,,,1136
1769801700,1.18728,1.1877199999999999,1.18714,1.18765,51.98391421074033,49.00457643531022,,,736
1769802000,1.18765,1.18779,1.18729,1.1877,52.48556541139154,50.116689233390375,,,591
1769802300,1.1877,1.18781,1.18674,1.18681,43.72806699590151,50.80289051030487,,,1131
1769802600,1.18681,1.18709,1.18644,1.18685,44.17887687602751,50.87580666734737,,,950
1769802900,1.18685,1.18708,1.18655,1.18693,45.12573516559781,50.35361543610657,,,934
1769803200,1.18693,1.18693,1.18619,1.1866,41.963685579997055,49.28998436492804,,,1097
1769803500,1.1866,1.18675,1.18617,1.18641,40.21636904099383,48.331488124147164,,,849
1769803800,1.18641,1.18651,1.1861599999999999,1.18624,38.66506572817877,47.09696505888031,,,625
1769804100,1.18624,1.18625,1.18561,1.18569,34.084219928103295,45.429826710480874,,,656
1769804400,1.18569,1.1861599999999999,1.18569,1.18584,36.30075426209195,44.339585298471256,,,701
1769804700,1.18584,1.18604,1.18553,1.1857,35.11393118980314,43.36505269780257,,,616
1769805000,1.1857,1.18593,1.18549,1.1859,38.22132001461928,42.68516392984959,,,725
1769805300,1.1859,1.18603,1.18553,1.1858899999999999,38.12301265365812,42.02989234020567,,,790
1769805600,1.1858899999999999,1.18591,1.18567,1.18591,38.4639110242841,41.33245914867053,,,570
1769805900,1.18591,1.18596,1.18559,1.18585,37.79125502845988,40.318697778507634,,,721
1769806200,1.18585,1.186,1.18564,1.18593,39.31510975735902,39.377950946076744,,,684
1769806500,1.18593,1.186,1.18527,1.18527,32.28806422386191,38.560807890931066,,,1027
1769806800,1.18527,1.18539,1.1851,1.18527,32.28806422386191,37.71146413006209,,,799
1769807100,1.18527,1.18557,1.185,1.18556,37.94061141595774,37.1982410050878,,,427
1769807400,1.18556,1.18559,1.18541,1.18553,37.59101181932206,36.88590716503959,,,357
1769807700,1.18553,1.18556,1.18537,1.18542,36.27128027715629,36.60411511047976,,,252
1769808000,1.18542,1.18547,1.1852,1.18526,34.38056319225778,36.29807921505683,,,245
1769808300,1.18526,1.18528,1.18501,1.1851,32.5531316320253,36.18871576533697,,,304
1769808600,1.1851,1.18524,1.18503,1.18515,33.738421620569994,36.00569200522826,,,160
1769808900,1.18515,1.18516,1.18499,1.18501,32.04054757047879,35.78616460384796,,,223
1769809200,1.18501,1.1855499999999999,1.185,1.18545,41.93135460010107,36.05116707423951,,,272
1769809500,1.18545,1.18564,1.1853,1.18533,40.21243530737754,36.20041154950518,,,211
1769809800,1.18533,1.18553,1.18501,1.18509,36.94997372431553,36.092273170936004,,,698
1769810100,1.18509,1.18533,1.18462,1.1848,33.42153291727473,35.780150162994204,,,805
1769983200,1.18513,1.18513,1.18483,1.18493,36.355528298727826,35.56875148737769,,,2
1769983500,1.18493,1.18493,1.18459,1.18473,33.88173928079311,35.68258542001563,,,36
1769983800,1.18473,1.18476,1.18472,1.18474,34.12310744651769,35.81365993591961,,,18
1769984100,1.18474,1.18474,1.18454,1.18454,31.635679998586397,35.36330769182167,,,120
1769984400,1.18454,1.18475,1.18454,1.18475,36.84170476851148,35.30978575962091,,,79
1769984700,1.18475,1.18526,1.18475,1.18493,40.98973747649765,35.64681841671672,,,216
1769985000,1.18493,1.18501,1.18486,1.18501,42.78819260393787,36.24736337469387,,,226
1769985300,1.18501,1.18503,1.18499,1.185,42.613363965435994,36.96595139850892,,,127
1769985600,1.185,1.18502,1.18495,1.18495,41.69600818800777,37.53435043904018,,,55
1769985900,1.18495,1.18495,1.1847,1.18475,38.15752711296149,37.971277549217525,,,104
1769986200,1.18475,1.18478,1.18455,1.18457,35.257505879780624,37.494574069194634,,,446
1769986500,1.18457,1.18487,1.18436,1.1848,41.387387018098224,37.57849919138897,,,595
1769986800,1.1848,1.18496,1.1844,1.18455,37.25805620485537,37.6005050828561,,,750
1769987100,1.18455,1.1846,1.18406,1.18408,30.996685005301174,37.42730166057227,,,469
1769987400,1.18408,1.1847,1.18398,1.18409,31.261374634826893,37.063433541722205,,,1221
1769987700,1.18409,1.18455,1.184,1.1843299999999999,37.46162839881523,37.31913990729522,,,978
1769988000,1.1843299999999999,1.18436,1.18394,1.18399,32.93001447887838,37.233918981035266,,,923
1769988300,1.18399,1.18465,1.18399,1.18447,43.348906791269954,38.07057803765552,,,778
1769988600,1.18447,1.18496,1.18439,1.18493,51.17642662028235,39.094486741353435,,,794
1769988900,1.18493,1.18562,1.18472,1.18554,59.22264198046319,40.39683706306526,,,753
1769989200,1.18554,1.18568,1.18512,1.18552,58.88002026501997,41.546253324571126,,,648
1769989500,1.18552,1.18563,1.18484,1.18489,49.22026186375427,42.01817460302243,,,880
1769989800,1.18489,1.18539,1.18473,1.18509,51.91714830666074,42.74825604006907,,,1406
1769990100,1.18509,1.18509,1.18456,1.18461,45.65077475222056,43.28348801430186,,,613
1769990400,1.18461,1.18624,1.18461,1.18619,61.936699603456375,45.18914470885012,,,1326
1769990700,1.18619,1.1869399999999999,1.18587,1.18674,65.780676544177,46.931522532141464,,,1644
1769991000,1.18674,1.18737,1.18674,1.1872,68.63377290219324,49.17264515337989,,,1773
1769991300,1.1872,1.18746,1.18714,1.18726,68.99687486431422,51.88694442902368,,,1760
1769991600,1.18726,1.1873,1.18686,1.18704,65.98081403475575,54.36690438616146,,,1224
1769991900,1.18704,1.18728,1.18695,1.18715,66.76313578829468,56.459869199695696,,,1050
1769992200,1.18715,1.18731,1.18676,1.18685,62.539111114198064,58.57480467364711,,,957
1769992500,1.18685,1.18704,1.18676,1.18682,62.115880525075724,59.91530279749038,,,1523
1769992800,1.18682,1.187,1.18662,1.18667,59.93195183193174,60.54069745546534,,,1765
1769993100,1.18667,1.18678,1.1864,1.18658,58.60065705670961,60.496269960911505,,,1309
1769993400,1.18658,1.18674,1.18641,1.18646,56.789293234315835,60.34693231586122,,,900
1769993700,1.18646,1.18667,1.18612,1.18666,59.06061147487195,61.049814430941055,,,872
1769994000,1.18666,1.1869,1.18626,1.18636,54.43822241213176,61.2298911527604,,,1794
1769994300,1.18636,1.18645,1.1857199999999999,1.18576,46.585287204960395,61.29664204224182,,,1574
1769994600,1.18576,1.18581,1.18527,1.18544,43.02085372413326,59.94551019371874,,,1831
1769994900,1.18544,1.18619,1.18528,1.18606,50.86520884024736,58.88011964343806,,,1826
1769995200,1.18606,1.18617,1.18552,1.18604,50.62309867571947,57.593642912975646,,,1126
1769995500,1.18604,1.1864,1.18602,1.1862,52.56817520939462,56.42016436619567,,,1174
1769995800,1.1862,1.18647,1.18598,1.18642,55.1824336218429,55.648851479559035,,,1195
1769996100,1.18642,1.18689,1.18642,1.18667,58.01435701423253,55.02393870998316,,,1142
1769996400,1.18667,1.18687,1.18631,1.18667,58.01435701423253,54.70074198855706,,,1020
1769996700,1.18667,1.18718,1.18667,1.18685,60.11864418736506,54.558082250149155,,,1022
1769997000,1.18685,1.187,1.18663,1.18671,57.69653270683715,54.39840945549954,,,1188
1769997300,1.18671,1.18724,1.18671,1.18705,61.729163567362576,54.62187420626047,,,1162
1769997600,1.18705,1.18747,1.18692,1.18692,59.39768647367007,54.808188009071486,,,1196
1769997900,1.18692,1.1873,1.18667,1.1871,61.56244921150333,54.986890704545154,,,1186
1769998200,1.1871,1.18719,1.18672,1.1867699999999999,55.69924586453977,55.07696380828859,,,1274
1769998500,1.1867699999999999,1.18714,1.18672,1.18709,59.70673412145143,56.014210016609375,,,739
1769998800,1.18709,1.18727,1.1868,1.18692,56.768720072815995,56.99620047008672,,,1206
1769999100,1.18692,1.187,1.18669,1.18669,52.97092353337843,57.146608662453225,,,669
1769999400,1.18669,1.18724,1.18669,1.18686,55.34865552351454,57.48414843729573,,,899
1769999700,1.18686,1.18724,1.18674,1.18701,57.39547346373302,57.828955455462754,,,650
1770000000,1.18701,1.18742,1.18691,1.18734,61.569264786070136,58.285157681478985,,,516
1770000300,1.18734,1.18746,1.18669,1.18695,54.743617653192565,58.05153344140471,,,816
1770000600,1.18695,1.18702,1.18669,1.18702,55.69306244087661,57.88572668616499,,,806
1770000900,1.18702,1.18706,1.18628,1.18629,45.07322208511377,56.811053678861335,,,608
1770001200,1.18629,1.18676,1.18628,1.18663,49.86804195687283,56.251875768149596,,,706
1770001500,1.18663,1.18695,1.18662,1.18686,52.86554910550572,55.61876044944553,,,513
1770001800,1.18686,1.187,1.18652,1.18655,48.64380737638008,54.85062622821052,,,625
1770002100,1.18655,1.18697,1.18631,1.18695,53.773516633376666,54.294273901201485,,,726
1770002400,1.18695,1.18718,1.18686,1.1869,53.060068454122955,54.10576122902886,,,420
1770002700,1.1869,1.18695,1.18675,1.18682,51.87416380921587,53.54629192101203,,,408
1770003000,1.18682,1.18702,1.18663,1.18665,49.35002652237816,53.01638523883789,,,643
1770003300,1.18665,1.18683,1.18642,1.18651,47.30845578055102,52.61192325649308,,,576
1770003600,1.18651,1.187,1.1863299999999999,1.18686,52.58902370354773,52.41480669792402,,,499
1770003900,1.18686,1.18712,1.18676,1.1871,55.855952982392914,52.30484094925687,,,409
1770004200,1.1871,1.1871,1.1867,1.1867,49.708125729667806,51.457616730942426,,,386
1770004500,1.1867,1.18684,1.18635,1.18639,45.52599131535114,50.79921484966803,,,536
1770004800,1.18639,1.1869399999999999,1.18628,1.18653,47.667373361395725,50.22595134399082,,,902
1770005100,1.18653,1.18707,1.18653,1.187,54.17945160038158,50.8763963093671,,,971
1770005400,1.187,1.18726,1.18666,1.1868,51.25655589702393,50.97557587652075,,,755
1770005700,1.1868,1.18691,1.1866,1.18684,51.8164325332603,50.90063897850322,,,512
1770006000,1.18684,1.18684,1.18657,1.18658,47.9602662099663,50.851814609473664,,,441
1770006300,1.18658,1.1867,1.18627,1.18631,44.275367751241404,50.17337540360686,,,347
1770006600,1.18631,1.18664,1.18611,1.18631,44.275367751241404,49.545896781972466,,,447
1770006900,1.18631,1.18645,1.18596,1.186,40.1660445351463,48.70960254811035,,,376
1770007200,1.186,1.18606,1.18577,1.18601,40.358345205809776,48.06733959692689,,,462
1770007500,1.18601,1.18631,1.18601,1.18605,41.17277956690341,47.62907701023778,,,250
1770007800,1.18605,1.18619,1.18597,1.18611,42.442431805561775,46.90432044609592,,,339
1770008100,1.18611,1.18635,1.18602,1.18631,46.58113727135374,46.24183360959313,,,419
1770008400,1.18631,1.18636,1.18609,1.18619,44.51297487483905,45.87075140567679,,,447
1770008700,1.18619,1.1862,1.18583,1.18612,43.30511860056414,45.71211764033486,,,436
1770009000,1.18612,1.18629,1.18599,1.18612,43.30511860056414,45.40052801456118,,,358
1770009300,1.18612,1.18624,1.18606,1.1861599999999999,44.306647123097655,44.695327694755186,,,243
1770009600,1.1861599999999999,1.1863,1.18602,1.18605,42.103926359724596,44.04156844209094,,,338
1770009900,1.18605,1.18606,1.1852,1.18544,32.46501476260231,42.65932431561537,,,718
1770010200,1.18544,1.18564,1.18527,1.18551,34.32312205528872,41.685242590281256,,,535
1770010500,1.18551,1.18552,1.18533,1.18539,32.66399673409566,40.85585894619942,,,496
1770010800,1.18539,1.18545,1.1851099999999999,1.18523,30.543970120001774,39.8750448296823,,,706
1770011100,1.18523,1.1853,1.18448,1.18465,24.369368314317327,38.746710813908805,,,912
1770011400,1.18465,1.18473,1.18408,1.18465,24.36936831431734,37.60464103594506,,,1095
1770011700,1.18465,1.18509,1.18457,1.18506,35.121816979574774,37.17242942256444,,,938
1770012000,1.18506,1.18526,1.18469,1.18474,31.37282831034024,36.38174345862004,,,1058
1770012300,1.18474,1.18516,1.18446,1.18515,40.18292874857422,35.92472856413578,,,806
1770012600,1.18515,1.18545,1.18464,1.18475,35.407224136352795,35.274317797101055,,,743
1770012900,1.18475,1.18509,1.18464,1.18504,40.8920686411914,35.10195708571728,,,921
1770013200,1.18504,1.18505,1.18434,1.18451,35.03656278156021,34.51134595578843,,,1315
1770013500,1.18451,1.18479,1.18431,1.18461,36.87330087550719,33.98039265238911,,,1275
1770013800,1.18461,1.18509,1.18461,1.18509,44.922915703289604,34.181749034072325,,,1086
1770014100,1.18509,1.18523,1.1847,1.18474,40.83410888611935,34.7795414714664,,,1260
1770014400,1.18474,1.1853,1.18456,1.18524,48.10137628374149,35.76370248778445,,,987
1770014700,1.18524,1.18535,1.185,1.18516,47.10444261013664,36.79516290750167,,,1002
1770015000,1.18516,1.18537,1.18495,1.1853,49.092871637296255,38.12008444445127,,,888
1770015300,1.1853,1.18537,1.18505,1.18536,49.96104611862203,39.94806143047304,,,861
1770015600,1.18536,1.18596,1.18519,1.18582,56.1371741330985,42.21719041752884,,,1267
1770015900,1.18582,1.18624,1.18569,1.18605,58.870646206569106,43.91353536231414,,,1360
1770016200,1.18605,1.18629,1.18569,1.18569,53.274410076361484,45.4779340598871,,,1058
1770016500,1.18569,1.18587,1.1854,1.18581,54.81626250306651,46.52317218520797,,,802
1770016800,1.18581,1.18623,1.18567,1.1857,53.08695605026036,47.78601017905851,,,959
1770017100,1.1857,1.18634,1.1857,1.18629,60.317987359474195,49.173575801793,,,754
1770017400,1.18629,1.18632,1.18543,1.18543,48.566898244475,50.14002833485834,,,883
1770017700,1.18543,1.18554,1.18515,1.18553,49.79177495867375,51.06277648365595,,,862
1770018000,1.18553,1.18582,1.18541,1.18565,51.290859274007296,51.51762959585007,,,728
1770018300,1.18565,1.18594,1.18544,1.18585,53.76841487105089,52.44150859477376,,,866
1770018600,1.18585,1.18587,1.18519,1.18571,51.782860863753136,52.70447177906029,,,927
1770018900,1.18571,1.18603,1.18531,1.18533,46.737835950226426,52.67828558906671,,,980
1770019200,1.18533,1.18603,1.18529,1.18574,52.15417974453897,52.89695045386976,,,1739
1770019500,1.18574,1.18584,1.18479,1.1858,52.9088868663285,53.10751050727737,,,1495
1770019800,1.1858,1.18618,1.18553,1.18618,57.48306831989334,53.20364580633414,,,1476
1770020100,1.18618,1.18665,1.1858,1.18661,61.983147287694464,53.42596731212881,,,1046
1770020400,1.18661,1.18661,1.18609,1.1861,54.60156127583986,53.52076382637727,,,832
1770020700,1.1861,1.18627,1.18569,1.18623,56.0387184403378,53.608082107610926,,,1010
1770021000,1.18623,1.18635,1.18586,1.18625,56.26808661202523,53.835305719165554,,,1070
1770021300,1.18625,1.18659,1.18592,1.18595,51.89429240237825,53.23361322223013,,,1086
1770021600,1.18595,1.186,1.1855,1.18563,47.64041345609475,53.16743573734583,,,856
1770021900,1.18563,1.18585,1.18549,1.18579,49.85380479881009,53.17186644021272,,,843
1770022200,1.18579,1.186,1.18506,1.18517,42.37798694299064,52.53523270228295,,,714
1770022500,1.18517,1.18523,1.18435,1.18506,41.19761690656257,51.63731856196235,,,1070
1770022800,1.18506,1.18532,1.18445,1.18505,41.08558047209311,50.87322710541521,,,1302
1770023100,1.18505,1.18535,1.18492,1.18525,44.3454664543562,50.702343569995904,,,1020
1770023400,1.18525,1.1854,1.18506,1.1852,43.69453889387705,50.09808350923434,,,919
1770023700,1.1852,1.18529,1.18481,1.18525,44.570746752017016,49.502502072497805,,,1060
1770024000,1.18525,1.18544,1.18476,1.18544,47.88932170129022,48.8172344568833,,,1118
1770024300,1.18544,1.18599,1.18543,1.18568,51.81376385152168,48.090849925728094,,,1051
1770024600,1.18568,1.18586,1.18527,1.18542,47.62901326155744,47.59281078185079,,,821
1770024900,1.18542,1.18557,1.18519,1.18525,45.0660957431192,46.80905201776374,,,1046
1770025200,1.18525,1.18574,1.18521,1.18553,49.85246729929127,46.3507934954256,,,876
1770025500,1.18553,1.1862,1.18539,1.18617,58.708399543230456,46.83751543405789,,,971
1770025800,1.18617,1.18649,1.18614,1.18645,61.88014748902343,47.8546392935528,,,1249
1770026100,1.18645,1.1864999999999999,1.18615,1.18621,57.783058735242854,48.42101457472658,,,895
1770026400,1.18621,1.18673,1.18585,1.1862,57.61189583357922,49.50915092405433,,,1055
1770026700,1.1862,1.18665,1.18606,1.18648,61.08757825863894,50.929862449202645,,,870
1770027000,1.18648,1.18691,1.18637,1.18686,65.2518411751901,52.656023927995356,,,1030
1770027300,1.18686,1.18695,1.1866,1.1868,64.0856677717224,54.066038307807226,,,701
1770027600,1.1868,1.18703,1.18642,1.18646,57.78354454586883,55.072395854378065,,,754
1770027900,1.18646,1.18676,1.18644,1.18664,60.0248172693514,56.176258034187676,,,791
1770028200,1.18664,1.1867,1.1863299999999999,1.18649,57.29500285967397,56.84809240264365,,,787
1770028500,1.18649,1.18649,1.186,1.18627,53.45520485459115,56.96533818857718,,,1247
1770028800,1.18627,1.18643,1.1859,1.186,49.105612723498645,57.07080957871584,,,743
1770029100,1.186,1.1863299999999999,1.18586,1.18625,52.925130931897975,57.63216923505718,,,658
1770029400,1.18625,1.18646,1.18613,1.18636,54.541681956532976,57.967113139145866,,,571
1770029700,1.18636,1.1868,1.18635,1.18646,56.020262303896324,57.775103336336294,,,913
1770030000,1.18646,1.18691,1.18632,1.18646,56.02026230389632,57.35654010882721,,,1101
1770030300,1.18646,1.18676,1.18634,1.18651,56.83441997408998,57.28878019731628,,,796
1770030600,1.18651,1.18662,1.18624,1.1864999999999999,56.60870841062968,57.2171239528199,,,716
1770030900,1.1864999999999999,1.18659,1.18629,1.18641,54.51049482771025,56.747332279182125,,,741
1770031200,1.18641,1.1867,1.1861599999999999,1.18659,57.87356432494547,56.22031250416465,,,820
1770031500,1.18659,1.1868,1.1864,1.18671,59.996867709783324,55.9282553568833,,,697
1770031800,1.18671,1.18698,1.18661,1.18697,64.20644906820009,56.38703425133554,,,771
1770032100,1.18697,1.18712,1.18645,1.18647,52.717483679070796,55.86508185202979,,,759
1770032400,1.18647,1.18647,1.18603,1.1862,47.748781090970475,55.18320886855097,,,729
1770032700,1.1862,1.18631,1.18607,1.1862,47.748781090970475,54.775607171149495,,,571
1770033000,1.1862,1.18639,1.18609,1.18621,47.95946708594508,54.69373962560995,,,708
1770033300,1.18621,1.18655,1.1862,1.18645,52.871064858138716,54.689877763198574,,,762
1770033600,1.18645,1.187,1.18629,1.1863,49.713036332142636,54.34497450431355,,,1246
1770033900,1.1863,1.18631,1.18584,1.186,44.04642604824325,53.489700486052605,,,755
1770034200,1.186,1.18608,1.18545,1.18566,38.6670006683011,52.250181797795804,,,849
1770034500,1.18566,1.18568,1.18513,1.18519,32.718329548439385,50.52760391024934,,,820
1770034800,1.18519,1.18561,1.1851099999999999,1.18539,37.149372046830536,49.137651312835104,,,718
1770035100,1.18539,1.18553,1.18531,1.18547,38.88323273150254,48.02141830596313,,,593
1770035400,1.18547,1.18554,1.1851099999999999,1.18537,37.49095530728121,46.565517661844254,,,515
1770035700,1.18537,1.18541,1.18456,1.18457,28.65212301334128,44.326607326384114,,,825
1770036000,1.18457,1.1849,1.18447,1.18479,33.30858133421113,42.11961677395633,,,815
1770036300,1.18479,1.18507,1.1846,1.1847,32.377635721255785,40.66677049125525,,,731
1770036600,1.1847,1.18514,1.18458,1.18487,36.01540138257249,39.82867194065539,,,792
1770036900,1.18487,1.18499,1.18429,1.18497,38.12403964473249,39.14119040878125,,,1704
1770037200,1.18497,1.18503,1.18345,1.18411,29.208950028834437,37.80186776184478,,,2533
1770037500,1.18411,1.18423,1.18379,1.18396,27.97995180859276,36.02393111544863,,,1287
1770037800,1.18396,1.18415,1.18338,1.18376,26.385802359893646,34.35770011743085,,,1270
1770038100,1.18376,1.1838,1.18309,1.18315,22.22636138895143,32.79912407033858,,,1106
1770038400,1.18315,1.18334,1.18302,1.1832,23.293744424590784,31.701034338644984,,,1136
1770038700,1.1832,1.18331,1.18301,1.18306,22.368068277757814,30.96172996216773,,,829
1770039000,1.18306,1.1831099999999999,1.18247,1.18256,19.402522606596165,29.69409785929384,,,1286
1770039300,1.18256,1.1826,1.18196,1.1820599999999999,16.978385347653287,28.129465903304613,,,1288
1770039600,1.1820599999999999,1.18236,1.18194,1.18236,23.180059036859404,27.107259026845913,,,1034
1770039900,1.18236,1.18265,1.18201,1.18251,26.150493803211006,26.92857122612232,,,1052
1770040200,1.18251,1.1826699999999999,1.18232,1.18236,25.105070494708343,26.34260616615784,,,819
1770040500,1.18236,1.18251,1.18179,1.18207,23.176024231692068,25.685348202617575,,,907
1770040800,1.18207,1.18213,1.18175,1.18192,22.22477038657216,24.700303131474694,,,1299
1770041100,1.18192,1.18198,1.1813,1.18142,19.370691102576657,23.360778235606425,,,1165
1770041400,1.18142,1.18152,1.18076,1.18084,16.69275908013428,22.466764596413555,,,1204
1770041700,1.18084,1.18103,1.18052,1.18068,16.034223800396646,21.613498310113833,,,1058
1770042000,1.18068,1.18089,1.18053,1.18077,17.99398801630541,21.01408299985753,,,923
1770042300,1.18077,1.18139,1.18076,1.18127,28.042256500236988,21.42950407923507,,,1193
1770042600,1.18127,1.18208,1.18102,1.18185,37.59460860227173,22.45099437764085,,,1806
1770042900,1.18185,1.18258,1.18175,1.18224,43.0674713472445,23.929523168318468,,,1589
1770043200,1.18224,1.18254,1.18184,1.18231,44.01648126957713,25.68766307281711,,,1179
1770043500,1.18231,1.18282,1.18227,1.1823,43.90389123901864,27.61091349362892,,,1392
1770043800,1.1823,1.18299,1.18219,1.18276,50.212678629694075,29.541814893117113,,,1826
1770044100,1.18276,1.18282,1.18207,1.18207,42.4928906410897,30.70912895296559,,,1597
1770044400,1.18207,1.18207,1.18048,1.18141,36.68336493108468,31.536149984135328,,,3653
1770044700,1.18141,1.18169,1.18104,1.18166,40.02803612352681,32.73986511926638,,,2626
1770045000,1.18166,1.18166,1.1803,1.18068,32.729363102149975,33.49019317037908,,,1967
1770045300,1.18068,1.18104,1.18003,1.18044,31.22764403714133,34.33711837999084,,,1956
1770045600,1.18044,1.18137,1.18032,1.18121,40.638332546112736,36.047516484703586,,,1846
1770045900,1.18121,1.18142,1.1802,1.18042,35.30109297030424,37.42372142541127,,,1718
1770046200,1.18042,1.18051,1.1800599999999999,1.18022,34.080761813374664,38.572776696630505,,,2120
1770046500,1.18022,1.18081,1.18004,1.18035,35.63821733292899,39.11534532753708,,,2082
1770046800,1.18035,1.18049,1.17916,1.17927,29.419464187115622,38.53140644074022,,,2491
1770047100,1.17927,1.17955,1.17909,1.17921,29.11549905905771,37.534836991584015,,,1936
1770047400,1.17921,1.17963,1.1791,1.17938,31.281917727395168,36.625225309999585,,,2101
1770047700,1.17938,1.17953,1.17903,1.17923,30.399084581960736,35.660596263066886,,,2042
1770048000,1.17923,1.17962,1.17903,1.17932,31.64557185534946,34.33437435061369,,,1889
1770048300,1.17932,1.18024,1.17918,1.18017,42.177971302861636,34.31188011216883,,,1697
1770048600,1.18017,1.18053,1.1799,1.18038,44.45511174811262,34.86700488481368,,,1496
1770048900,1.18038,1.18065,1.1802,1.18057,46.50772236878791,35.32983961661805,,,1518
1770049200,1.18057,1.1806699999999999,1.18022,1.18027,43.75809871512937,36.117606446116575,,,1476
1770049500,1.18027,1.18052,1.1799,1.18024,43.48125482943872,36.992864359852106,,,1564
1770049800,1.18024,1.18058,1.17997,1.18048,46.402676622704185,37.40460322246578,,,1326
1770050100,1.18048,1.18066,1.18034,1.18048,46.402676622704185,38.19757348335149,,,1241
1770050400,1.18048,1.18069,1.18038,1.18062,48.21361434602156,39.20706294996912,,,883
1770050700,1.18062,1.18069,1.17984,1.17998,41.33752507006705,39.614156359764706,,,1112
1770051000,1.17998,1.18017,1.17984,1.17993,40.8473955040518,40.43043716811729,,,882
1770051300,1.17993,1.18076,1.1799,1.18063,49.818094721493786,41.909194001148435,,,1097
1770051600,1.18063,1.18107,1.18057,1.18101,53.904843639518724,43.52511728058583,,,1105
1770051900,1.18101,1.18122,1.1808,1.18121,55.93869516992403,45.34937517972607,,,722
1770052200,1.18121,1.18122,1.18093,1.1812,55.80610834222958,47.07512778593179,,,820
1770052500,1.1812,1.18123,1.18071,1.18076,50.17128118312311,47.64607849166475,,,1053
1770052800,1.18076,1.18079,1.1802,1.18036,45.65785481049937,47.73198871040667,,,1125
1770053100,1.18036,1.18053,1.18016,1.18042,46.43624636833128,47.72688328180262,,,844
1770053400,1.18042,1.18049,1.1799,1.18011,43.00848477994564,47.673339429289506,,,1003
1770053700,1.18011,1.18014,1.17949,1.1798,39.84131159617789,47.41334348405659,,,1122
1770054000,1.1798,1.18044,1.17978,1.18034,47.14320139459772,47.46623811062041,,,1039
1770054300,1.18034,1.18061,1.18002,1.18057,49.93077621726963,47.718245224517936,,,1117
1770054600,1.18057,1.18059,1.17976,1.17991,42.93358676809767,47.34110039752337,,,1147
1770054900,1.17991,1.18026,1.17963,1.17998,43.832625141970674,47.519321831230776,,,1035
1770055200,1.17998,1.18011,1.1791099999999999,1.17915,36.49161995017959,47.20819500595419,,,1394
1770055500,1.17915,1.17922,1.17851,1.17886,34.32832727074198,46.10178304518621,,,1143
1770055800,1.17886,1.17891,1.1782,1.17827,30.382127905983765,44.42158906421942,,,907
1770056100,1.17827,1.17857,1.17797,1.17799,28.696190926213617,42.47569590395439,,,1278
1770056400,1.17799,1.1788399999999999,1.17798,1.17877,38.872314172994294,41.26613917758044,,,895
1770056700,1.17877,1.1788399999999999,1.17855,1.1787,38.34344424950374,40.42129368232192,,,687
1770057000,1.1787,1.1791099999999999,1.1787,1.17888,40.58208810519561,40.058738917657365,,,600
1770057300,1.17888,1.17906,1.1784,1.17852,37.63865279044438,39.430339376379735,,,686
1770057600,1.17852,1.17887,1.17852,1.1787,39.98262153411252,39.21420628739166,,,476
1770057900,1.1787,1.17883,1.17857,1.17868,39.80360181379443,39.21151273150713,,,523
1770058200,1.17868,1.17877,1.17774,1.17788,33.36781000161574,38.22755620343698,,,827
1770058500,1.17788,1.17802,1.17778,1.17796,34.50819438506821,37.125943215422595,,,771
1770058800,1.17796,1.17807,1.17764,1.17781,33.35548356297576,36.44179298648532,,,942
1770059100,1.17781,1.17795,1.1776,1.1776,31.756151236968478,35.57918770755659,,,546
1770059400,1.1776,1.17788,1.17759,1.17773,33.87002276110252,35.39193076547966,,,583
1770059700,1.17773,1.17779,1.1776,1.1777199999999999,33.783334772856875,35.35300272991643,,,555
1770060000,1.1777199999999999,1.17774,1.17762,1.17767,33.32407727373882,35.56314197047036,,,361
1770060300,1.17767,1.1778899999999999,1.17763,1.17778,35.40455466491723,36.04231080894919,,,529
1770060600,1.17778,1.17781,1.17763,1.17771,34.66332260820688,35.74166855432152,,,414
1770060900,1.17771,1.178,1.17762,1.17785,37.48243127418104,35.68016762751275,,,396
1770061200,1.17785,1.17882,1.17778,1.1788,52.46925622414046,36.529251064580244,,,835
1770061500,1.1788,1.17886,1.17847,1.17855,49.13139888486886,37.350161499896274,,,449
1770061800,1.17855,1.17891,1.17855,1.17888,53.350041534510275,38.3049772142104,,,609
1770062100,1.17888,1.17913,1.17877,1.17886,53.06282196552088,39.252064367905156,,,836
1770062400,1.17886,1.17887,1.17845,1.17849,47.922662262334114,40.291696672242175,,,733
1770062700,1.17849,1.17902,1.17849,1.17897,54.1304259199331,41.69328463901824,,,412
1770063000,1.17897,1.17898,1.17858,1.17859,49.13675504930953,42.82051831661351,,,444
1770063300,1.17859,1.17859,1.17802,1.17811,43.65796920574531,43.67064817152613,,,441
1770063600,1.17811,1.1783,1.17811,1.17824,45.432560023372204,44.496543690259685,,,446
1770063900,1.17824,1.17842,1.17808,1.17837,47.22274223671264,45.45650136624938,,,443
1770064200,1.17837,1.17841,1.17812,1.1782299999999999,45.49186307874288,46.32562892374967,,,397
1770064500,1.1782299999999999,1.17868,1.1782299999999999,1.17852,49.6118742669273,47.340437466750394,,,538
1770064800,1.17852,1.17866,1.17848,1.17857,50.30925390794161,48.45800398816001,,,312
1770065100,1.17857,1.17883,1.1784999999999999,1.17862,51.03900702838884,49.42633082774628,,,388
1770065400,1.17862,1.1789,1.17862,1.17876,53.11523437590087,49.4724721243006,,,326
1770065700,1.17876,1.17922,1.17876,1.17914,58.28591439053616,50.12636608899112,,,828
1770066000,1.17914,1.1793,1.17902,1.17922,59.303484206016805,50.55161199409873,,,622
1770066300,1.17922,1.17932,1.17913,1.17923,59.4366858592287,51.006887986506435,,,271
1770066600,1.17923,1.17942,1.17923,1.1794,61.729904865906555,51.993119601047326,,,234
1770066900,1.1794,1.17944,1.17922,1.17931,59.80234193821313,52.3982564594959,,,192
1770067200,1.17931,1.17941,1.17927,1.17933,60.10050410487676,53.181381392036414,,,165
1770067500,1.17933,1.17933,1.17921,1.1792799999999999,58.92380012111438,54.27179788599135,,,128
1770067800,1.1792799999999999,1.17938,1.17919,1.17919,56.7692363654108,55.08156048185124,,,116
1770068100,1.17919,1.17923,1.17917,1.1792,56.95756122249196,55.77690469512119,,,81
1770068400,1.1792,1.17929,1.1792,1.17927,58.32611373097874,56.69363688456661,,,120
1770068700,1.17927,1.17939,1.17927,1.17933,59.51435212712359,57.40095673172349,,,169
1770069000,1.17933,1.17933,1.17891,1.17898,50.473586292518455,57.412694759193265,,,321
1770069300,1.17898,1.17913,1.1788399999999999,1.17905,52.0426947433321,57.48438673883207,,,820
1770069600,1.17905,1.17905,1.17854,1.17854,41.681377656100146,56.66768268741773,,,10
1770069900,1.17854,1.17889,1.17854,1.1788399999999999,48.21287496705216,55.94817987145459,,,79
1770070200,1.1788399999999999,1.17901,1.17883,1.1788399999999999,48.21287496705216,55.155993497242825,,,53
1770070500,1.1788399999999999,1.1788399999999999,1.17882,1.17882,47.79896857886018,54.32472797721651,,,25
1770070800,1.17882,1.17913,1.17876,1.17913,54.341912491463866,53.797014236184886,,,163
1770071100,1.17913,1.17913,1.17866,1.17882,47.879057791976024,52.94535108288223,,,72
1770071400,1.17882,1.17896,1.17882,1.17886,48.726414251396136,52.1329160933479,,,1420
1770071700,1.17886,1.17893,1.17886,1.1789,49.608669788415156,51.46754964101224,,,670
1770072000,1.1789,1.17896,1.17888,1.17894,50.52545416141568,51.021565197869734,,,457
1770072300,1.17894,1.17897,1.17892,1.17895,50.766608911742814,50.5793543185305,,,978
1770072600,1.17895,1.17922,1.17892,1.17901,52.2698973157289,50.14676743172695,,,473
1770072900,1.17901,1.17905,1.17881,1.17881,47.1065934437891,49.260498954345906,,,1069
1770073200,1.17881,1.17924,1.1787,1.17917,55.607131811297386,49.62718077711583,,,423
1770073500,1.17917,1.17933,1.17908,1.17925,57.25127715746066,49.99922237812501,,,195
1770073800,1.17925,1.17942,1.17921,1.17935,59.28136535169774,51.25636435638199,,,170
1770074100,1.17935,1.17966,1.17934,1.17956,63.23034827531614,52.329041021257986,,,180
1770074400,1.17956,1.17981,1.17948,1.17979,67.004660897105,53.6713114448332,,,151
1770074700,1.17979,1.17979,1.17957,1.17957,60.59727373157106,54.58547609859827,,,121
1770075000,1.17957,1.17981,1.17948,1.17973,63.342750740338694,55.228393116375045,,,202
1770075300,1.17973,1.17977,1.17962,1.17977,64.01775190970312,56.381156981926985,,,146
1770075600,1.17977,1.17977,1.17953,1.17959,58.7730581039259,57.098774399964825,,,149
1770075900,1.17959,1.17962,1.17938,1.17958,58.48638517892494,57.732896927858384,,,132
1770076200,1.17958,1.17979,1.17952,1.17956,57.878335448085906,58.25810273404911,,,181
1770076500,1.17956,1.17988,1.17954,1.17987,64.10718965883132,59.211001358841145,,,207
1770076800,1.17987,1.18018,1.1798,1.18001,66.5154225779199,60.22853887756907,,,514
1770077100,1.18001,1.18042,1.17987,1.18028,70.61084360999806,61.90741388944115,,,399
1770077400,1.18028,1.1803299999999999,1.18014,1.18032,71.1733517266841,63.01928674054019,,,322
1770077700,1.18032,1.18054,1.18021,1.18045,72.98320569416869,64.14299592173363,,,496
1770078000,1.18045,1.18052,1.18038,1.18044,72.60558071054939,65.09472559022302,,,368
1770078300,1.18044,1.18056,1.18038,1.18048,73.2028511858368,65.8070472266888,,,305
1770078600,1.18048,1.18063,1.18046,1.18053,73.96691439995939,66.30435104832124,,,242
1770078900,1.18053,1.1807,1.18046,1.18046,70.91823779829255,67.04156276737277,,,223
1770079200,1.18046,1.18052,1.18029,1.1803,64.3858642555,67.11607087559858,,,167
1770079500,1.1803,1.18037,1.18017,1.18036,65.66315400623927,67.23359959677973,,,222
1770079800,1.18036,1.1804999999999999,1.18023,1.18036,65.66315400623927,67.72574930408783,,,378
1770080100,1.18036,1.18064,1.18019,1.18062,70.90696992740894,68.61293392897954,,,600
1770080400,1.18062,1.18066,1.18022,1.18048,65.13845694084392,69.13151403560512,,,651
1770080700,1.18048,1.18048,1.18014,1.18031,58.875034664594395,68.75778867887391,,,371
1770081000,1.18031,1.18078,1.18031,1.18075,67.5675019569598,68.83293720594818,,,536
1770081300,1.18075,1.18103,1.18074,1.181,71.28172428626272,68.8808572542528,,,592
1770081600,1.181,1.18108,1.18074,1.18099,70.93180074875133,68.8636036129719,,,558
1770081900,1.18099,1.18107,1.1808,1.18082,65.08263791672016,68.29927734315415,,,478
1770082200,1.18082,1.18106,1.18075,1.18099,67.93056411156627,67.96534758608392,,,550
1770082500,1.18099,1.18127,1.18099,1.18112,69.94904523722037,67.73293287546845,,,428
1770082800,1.18112,1.1813,1.18109,1.18124,71.71857256813476,67.57233703033812,,,378
1770083100,1.18124,1.18124,1.181,1.18101,63.94633715284167,67.07434412709163,,,467
1770083400,1.18101,1.18121,1.18096,1.18113,66.01567342969284,67.19075906810541,,,274
1770083700,1.18113,1.18147,1.18109,1.18138,69.892685422956,67.49286845501375,,,296
1770084000,1.18138,1.18143,1.18102,1.18107,60.65263173993712,67.13497400742074,,,369
1770084300,1.18107,1.18114,1.18095,1.18113,61.70781325673078,66.47789138808659,,,362
1770084600,1.18113,1.18115,1.18089,1.18102,58.60488712276078,66.01120782965208,,,420
1770084900,1.18102,1.18102,1.18075,1.18083,53.59211696130347,65.6338565651313,,,448
1770085200,1.18083,1.1809399999999999,1.18074,1.18093,55.738000131020925,64.7888921489928,,,326
1770085500,1.18093,1.18093,1.18064,1.18064,48.70457661211294,63.17623874369639,,,314
1770085800,1.18064,1.18072,1.18059,1.18064,48.70457661211294,61.588579876793645,,,377
1770086100,1.18064,1.18068,1.18056,1.18063,48.460025078622685,60.401250388358115,,,263
1770086400,1.18063,1.18063,1.18026,1.18028,40.74813124621059,58.45964804083271,,,304
1770086700,1.18028,1.1803299999999999,1.18016,1.18019,39.02818485988317,56.251015156737196,,,183
1770087000,1.18019,1.18031,1.18007,1.18031,42.51239884677293,54.16485989092564,,,223
1770087300,1.18031,1.18032,1.18008,1.18014,39.10328649522114,52.39035627252417,,,252
1770087600,1.18014,1.18019,1.18008,1.18012,38.70999498170158,50.43995066909623,,,291
1770087900,1.18012,1.1803299999999999,1.18012,1.18032,44.69980019167595,48.640458866861934,,,235
1770088200,1.18032,1.1803299999999999,1.18014,1.18019,41.83767501189772,47.29653338628769,,,154
1770088500,1.18019,1.18042,1.18019,1.18022,42.74870142841295,45.942311112836414,,,326
1770088800,1.18022,1.18041,1.1802,1.18028,44.6171418538806,44.94318645077355,,,329
1770089100,1.18028,1.18047,1.18022,1.18041,48.53612320877411,44.58204403987859,,,174
1770089400,1.18041,1.18074,1.18034,1.18068,55.568384960588304,44.56992867056197,,,981
1770089700,1.18068,1.18104,1.18057,1.18096,61.45116649035786,45.4803993761509,,,708
1770090000,1.18096,1.18118,1.1809,1.18108,63.671152025818714,46.54944047712989,,,524
1770090300,1.18108,1.18118,1.18091,1.18093,59.090265423970166,47.308743358940426,,,622
1770090600,1.18093,1.18118,1.18093,1.18118,63.76892537880692,48.95308579698302,,,341
1770090900,1.18118,1.18125,1.18092,1.18092,56.52826025258435,50.20309118217596,,,541
1770091200,1.18092,1.18135,1.18092,1.18114,60.604417302447075,51.49537821472411,,,542
1770091500,1.18114,1.18147,1.18114,1.18147,65.78663466194325,53.40133165520427,,,241
1770091800,1.18147,1.1815,1.1812799999999999,1.18131,61.55851785037337,55.03336900296654,,,259
1770092100,1.18131,1.18148,1.18129,1.18143,63.45555827375697,56.37306600882947,,,236
1770092400,1.18143,1.18164,1.1814,1.1814,62.6235288406104,57.857769853737516,,,447
1770092700,1.1814,1.18147,1.18133,1.18137,61.75155867081076,59.21511679962307,,,224
1770093000,1.18137,1.18154,1.18117,1.18117,56.13945473082074,60.03813914797594,,,394
1770093300,1.18117,1.18123,1.18108,1.18109,54.02444312236438,60.43016199894668,,,264
1770093600,1.18109,1.1812799999999999,1.18104,1.18113,54.93856534628119,60.385174883639024,,,283
1770093900,1.18113,1.18136,1.18109,1.1812,56.56609488508444,60.036241197548065,,,285
1770094200,1.1812,1.18121,1.18097,1.18102,51.422828969968904,59.16136097927308,,,160
1770094500,1.18102,1.18102,1.18087,1.18091,48.51945134486052,58.40630283076525,,,208
1770094800,1.18091,1.18127,1.18089,1.18114,54.32621794151126,57.731823728101276,,,337
1770095100,1.18114,1.18114,1.181,1.18103,51.34340899948684,57.361477210022876,,,199
1770095400,1.18103,1.18104,1.18061,1.18063,42.257441943361044,56.05097897008816,,,182
1770095700,1.18063,1.1806699999999999,1.18047,1.18051,39.97210910895595,54.20708428773192,,,222
1770096000,1.18051,1.18087,1.18051,1.18086,48.68842708891725,53.28779209048505,,,183
1770096300,1.18086,1.18103,1.18077,1.18102,52.11173309906848,52.477518863721585,,,231
1770096600,1.18102,1.18127,1.18097,1.18127,56.945179301394504,52.07192246806331,,,258
1770096900,1.18127,1.1812799999999999,1.1811099999999999,1.18119,55.03105443546213,51.5918864512527,,,338
1770097200,1.18119,1.18131,1.18114,1.18114,53.813552489769755,51.425750576891915,,,190
1770097500,1.18114,1.18124,1.18107,1.18113,53.558339010282545,51.39245742602892,,,257
1770097800,1.18113,1.18114,1.1808,1.18084,46.6489935806891,50.80034515705806,,,314
1770098100,1.18084,1.18097,1.18079,1.18088,47.65211980080528,50.16363265103812,,,349
1770098400,1.18088,1.18093,1.18078,1.18087,47.41211111908579,49.87715280454647,,,355
1770098700,1.18087,1.18096,1.18086,1.18095,49.59915363808151,49.95427439691939,,,239
1770099000,1.18095,1.18143,1.18095,1.18138,59.37815100440643,50.31512675855476,,,296
1770099300,1.18138,1.18163,1.18136,1.18148,61.2606099190772,51.02349825281122,,,264
1770099600,1.18148,1.1815,1.1812799999999999,1.18138,58.34867604538033,52.17287211724117,,,261
1770099900,1.18138,1.18157,1.18133,1.18153,61.318809518779105,53.697636432228535,,,280
1770100200,1.18153,1.18154,1.18106,1.1813,54.859045369452396,54.138394880838185,,,461
1770100500,1.1813,1.18137,1.18112,1.1812,52.280246782455684,54.1504315725087,,,488
1770100800,1.1812,1.18157,1.18115,1.18152,58.932939409422225,54.292414437367825,,,592
1770101100,1.18152,1.18158,1.18134,1.18139,55.54509805982519,54.32913183910804,,,485
1770101400,1.18139,1.18149,1.18118,1.18138,55.281835713018346,54.434009212197225,,,537
1770101700,1.18138,1.18152,1.1813,1.18137,55.00109909603088,54.5370635040364,,,340
1770102000,1.18137,1.18137,1.18098,1.18105,46.809233832900915,54.54850923633724,,,554
1770102300,1.18105,1.18149,1.18102,1.18143,55.319575969311316,55.096184676944816,,,815
1770102600,1.18143,1.18195,1.18114,1.18194,63.71133537499292,56.26041498093819,,,863
1770102900,1.18194,1.18202,1.18151,1.18154,54.98807643438727,56.64533803781717,,,901
1770103200,1.18154,1.18187,1.18132,1.18148,53.79818959817738,56.24676936594367,,,800
1770103500,1.18148,1.1819,1.18143,1.18163,56.34167303221637,55.89541673116789,,,587
1770103800,1.18163,1.18219,1.18162,1.18207,62.80936863292737,56.21403763027839,,,746
1770104100,1.18207,1.18237,1.18194,1.1820599999999999,62.58245161794617,56.30429778021891,,,839
1770104400,1.1820599999999999,1.1824,1.18204,1.18222,64.77523344699992,57.01259692861516,,,968
1770104700,1.18222,1.18243,1.18207,1.18219,64.01769257970419,57.85098591413291,,,586
1770105000,1.18219,1.1822,1.18182,1.18187,56.43599167469789,57.67263250450974,,,485
1770105300,1.18187,1.18203,1.18151,1.18151,49.35441665850382,57.23044097584393,,,818
1770105600,1.18151,1.18176,1.18142,1.18161,51.186705764860285,56.93793169383264,,,1108
1770105900,1.18161,1.18178,1.18105,1.18171,53.0172309750565,56.79622682804876,,,1049
1770106200,1.18171,1.18179,1.18107,1.18118,43.67002894653432,56.571997907594,,,573
1770106500,1.18118,1.1812,1.18046,1.18061,36.26487003042278,55.21094748338768,,,896
1770106800,1.18061,1.18135,1.18036,1.181,43.343874830726214,53.756128873082915,,,918
1770107100,1.181,1.18107,1.18071,1.18086,41.55939887622928,52.79693761892877,,,607
1770107400,1.18086,1.18092,1.18054,1.18068,39.318076226748104,51.76264380668383,,,702
1770107700,1.18068,1.18104,1.18053,1.18092,43.67946978092894,50.858200717306154,,,958
1770108000,1.18092,1.18171,1.18077,1.1814,51.22933642330617,50.031055559476066,,,874
1770108300,1.1814,1.18165,1.18126,1.1815499999999999,53.334580365505154,49.37049332715885,,,764
1770108600,1.1815499999999999,1.18193,1.18136,1.18173,55.8002210550561,48.72942101344858,,,750
1770108900,1.18173,1.18193,1.18127,1.1812799999999999,48.851047117957805,47.6460891947524,,,597
1770109200,1.1812799999999999,1.18161,1.18056,1.18063,40.92324421585056,46.53803580483474,,,1248
1770109500,1.18063,1.18116,1.18063,1.1811,47.55125562641365,46.40923858825687,,,1056
1770109800,1.1811,1.1811,1.18062,1.18062,42.32820190856628,45.7764883128073,,,955
1770110100,1.18062,1.18127,1.18055,1.18113,48.767277982023934,45.47292024187641,,,1191
1770110400,1.18113,1.18115,1.18064,1.18088,46.05289268437645,45.643124794579414,,,806
1770110700,1.18088,1.18089,1.18053,1.1806699999999999,43.84524653245262,46.184580259010126,,,759
1770111000,1.1806699999999999,1.18077,1.18024,1.18032,40.371627094885554,45.972276849307214,,,888
1770111300,1.18032,1.18054,1.18005,1.18007,38.05262576525503,45.7217930556662,,,678
1770111600,1.18007,1.18031,1.1799,1.1800599999999999,37.958700861329525,45.624694815279156,,,1077
1770111900,1.1800599999999999,1.18008,1.17971,1.17996,36.975824964023225,45.145863042643036,,,695
1770112200,1.17996,1.18001,1.17955,1.17961,33.68795439202587,43.892907183265876,,,631
1770112500,1.17961,1.17964,1.1792,1.17921,30.364845676975463,42.2522118483709,,,735
1770112800,1.17921,1.17957,1.1792,1.17933,32.51554448906016,40.58902066508547,,,807
1770113100,1.17933,1.17968,1.17925,1.17968,38.48335689553139,39.84847136348359,,,688
1770113400,1.17968,1.18,1.17964,1.17977,39.95382599841921,39.77922720509564,,,623
1770113700,1.17977,1.17977,1.1788399999999999,1.17896,32.43845212476248,38.699741240691985,,,684
1770114000,1.17896,1.17917,1.17885,1.17902,33.43724269984253,38.06467272578315,,,428
1770114300,1.17902,1.17968,1.17902,1.17946,40.39606700825254,37.46672908479947,,,513
1770114600,1.17946,1.17952,1.17907,1.17912,37.162920888167505,36.83173109935598,,,562
1770114900,1.17912,1.17923,1.17881,1.17906,36.60612373150411,36.314650899288225,,,536
1770115200,1.17906,1.17917,1.17893,1.17904,36.41029572497413,36.031698658580275,,,390
1770115500,1.17904,1.17904,1.17876,1.1789,34.998870696937544,35.813573296557585,,,635
1770115800,1.1789,1.17902,1.17866,1.17891,35.19212005959743,35.61596038214815,,,533
1770116100,1.17891,1.17896,1.1786699999999999,1.1787,32.97501559720526,35.33018828451831,,,514
1770116400,1.1787,1.17883,1.17825,1.17852,31.162779384608058,35.14981864113131,,,776
1770116700,1.17852,1.17923,1.17844,1.1788399999999999,37.71618648020631,35.67491441279066,,,743
1770117000,1.1788399999999999,1.17909,1.17862,1.179,40.75331096461998,36.263326303902076,,,569
1770117300,1.179,1.17903,1.17826,1.17851,35.10725642120673,36.022176270021745,,,1017
1770117600,1.17851,1.17896,1.17841,1.17869,38.479089255741805,35.91683793125907,,,839
1770117900,1.17869,1.17922,1.1786699999999999,1.17913,45.88160983817399,36.87706348221703,,,576
1770118200,1.17913,1.17947,1.17901,1.17947,50.80731403436465,38.11778286325433,,,505
1770118500,1.17947,1.17947,1.17896,1.17912,46.15064819673856,38.528824376717616,,,475
1770118800,1.17912,1.17927,1.17902,1.17903,45.00829462468316,39.089208215040166,,,392
1770119100,1.17903,1.17908,1.17868,1.17877,41.790104361871705,39.45949254578071,,,365
1770119400,1.17877,1.1789,1.1787,1.1789,43.948165181068305,39.99791179264457,,,333
1770119700,1.1789,1.17905,1.17866,1.17871,41.525061087333405,40.46406824910142,,,549
1770120000,1.17871,1.17907,1.17866,1.17902,46.68964864125576,41.28532029064844,,,748
1770120300,1.17902,1.17923,1.17892,1.17923,49.916666572168545,42.495438217431534,,,348
1770120600,1.17923,1.17923,1.17897,1.17904,47.136528181703774,43.636420274366955,,,452
1770120900,1.17904,1.17938,1.17899,1.17934,51.70984968990919,44.63596764648859,,,392
1770121200,1.17934,1.17955,1.17899,1.1791099999999999,48.262560812479244,45.17234263562138,,,554
1770121500,1.1791099999999999,1.17922,1.17898,1.17915,48.90058503850318,46.15758039399971,,,538
1770121800,1.17915,1.17957,1.17907,1.17957,55.15416032726861,47.34865689910877,,,615
1770122100,1.17957,1.17971,1.1794499999999999,1.1795,53.96869780882989,47.92630603986991,,,660
1770122400,1.1795,1.1797199999999999,1.17948,1.1797,56.82410184810798,48.356076597994424,,,626
1770122700,1.1797,1.18001,1.17969,1.1798,58.219638321279135,49.21814732117589,,,689
1770123000,1.1798,1.17983,1.17953,1.17966,55.514324866266,49.968578052717525,,,657
1770123300,1.17966,1.17973,1.1794499999999999,1.17965,55.31660048758647,50.93475634741144,,,590
1770123600,1.17965,1.18008,1.17951,1.18008,61.64295391180851,52.198669828178595,,,1029
1770123900,1.18008,1.18036,1.17999,1.18008,61.64295391180851,53.63566217278396,,,927
1770124200,1.18008,1.18048,1.17994,1.18048,66.72548333750635,55.06679322251615,,,699
1770124500,1.18048,1.18066,1.18028,1.18032,63.12248933139964,56.01006627674694,,,878
1770124800,1.18032,1.18032,1.17975,1.17987,54.24994236579301,56.51816728989616,,,942
1770125100,1.17987,1.17993,1.17956,1.17961,49.88683723203446,56.387952114333686,,,613
1770125400,1.17961,1.17988,1.1795,1.17956,49.06952205343436,56.44559220297334,,,883
1770125700,1.17956,1.1797199999999999,1.17925,1.17929,44.80106985969791,56.15276969020153,,,665
1770126000,1.17929,1.17994,1.17929,1.1797,51.6754173543035,55.90428804927546,,,712
1770126300,1.1797,1.18016,1.17966,1.18004,56.51211412065389,56.08596064297717,,,811
1770126600,1.18004,1.18008,1.17969,1.17986,53.461414386060575,55.845768681402355,,,644
1770126900,1.17986,1.1798899999999999,1.17957,1.17959,49.173328652863844,55.19960370508698,,,802
1770127200,1.17959,1.17964,1.17849,1.17849,36.37311724943852,53.8323745895993,,,1367
1770127500,1.17849,1.17863,1.17805,1.17821,33.9505055516,52.306224951314555,,,1405
1770127800,1.17821,1.17846,1.178,1.17839,36.861854524884144,50.536146423677096,,,913
1770128100,1.17839,1.17863,1.17818,1.17863,40.62012040120155,49.03451545863374,,,741
1770128400,1.17863,1.17873,1.17836,1.17854,39.66658581140753,47.1017370639124,,,776
1770128700,1.17854,1.17908,1.17854,1.17902,46.83472924265876,45.93832562900234,,,770
1770129000,1.17902,1.17947,1.17899,1.17946,52.415686716126466,45.80730736831187,,,1297
1770129300,1.17946,1.17965,1.17893,1.17903,47.200955418276294,45.61545866732914,,,1368
1770129600,1.17903,1.17988,1.17903,1.17966,54.36453247143938,45.993673697186644,,,1602
1770129900,1.17966,1.18009,1.17941,1.18004,58.060708864694526,46.94079076897212,,,1551
1770130200,1.18004,1.18011,1.17942,1.17942,50.827343929507734,46.88021409577242,,,1187
1770130500,1.17942,1.17968,1.17907,1.17908,47.344010873445974,46.22534957811472,,,1126
1770130800,1.17908,1.1792799999999999,1.1786,1.17886,45.186112384253555,45.63425657798564,,,1313
1770131100,1.17886,1.17966,1.17881,1.1794,51.08007659192379,45.77045285934707,,,1467
1770131400,1.1794,1.17981,1.17929,1.17957,52.80072471255985,46.94385339242716,,,1485
1770131700,1.17957,1.1800599999999999,1.17952,1.17984,55.479090274159546,48.481609444038554,,,1519
1770132000,1.17984,1.18055,1.17962,1.18035,60.08639152724892,50.14050494420747,,,1757
1770132300,1.18035,1.18096,1.18023,1.18081,63.732064843395044,51.79135811864986,,,1309
1770132600,1.18081,1.18091,1.18028,1.18057,60.620939471549704,53.28809766580287,,,1119
1770132900,1.18057,1.18085,1.1804999999999999,1.18072,61.87364644459838,54.36230603736999,,,1101
1770133200,1.18072,1.18083,1.18025,1.1806699999999999,61.17505710183493,54.987975350634876,,,1097
1770133500,1.1806699999999999,1.18122,1.18036,1.18098,63.89674881196725,56.180532021612805,,,1239
1770133800,1.18098,1.18127,1.18096,1.18108,64.75506597403685,56.92271298608405,,,1132
1770134100,1.18108,1.18135,1.18077,1.18129,66.55334921625722,57.52933015405282,,,1244
1770134400,1.18129,1.18164,1.18117,1.18147,68.05775411013893,58.76007373838362,,,1156
1770134700,1.18147,1.18162,1.1812799999999999,1.18143,67.33296442064439,60.18785613461208,,,942
1770135000,1.18143,1.18153,1.18105,1.18137,66.19420932155793,61.68843448727667,,,1160
1770135300,1.18137,1.18179,1.18106,1.18162,68.578723277302,62.93833782194655,,,1057
1770135600,1.18162,1.18168,1.18106,1.18126,61.81690909324357,63.58235099199538,,,755
1770135900,1.18126,1.18158,1.181,1.18101,57.57164541788287,63.731819216547045,,,819
1770136200,1.18101,1.18157,1.18101,1.18146,62.55628237843153,63.908239991631525,,,1120
1770136500,1.18146,1.18147,1.18104,1.18142,61.86057999343482,63.77456250234865,,,806
1770136800,1.18142,1.18179,1.18116,1.18174,65.19534029680197,64.10130541843803,,,821
1770137100,1.18174,1.18185,1.18148,1.18162,62.971762451449266,64.17974227607024,,,879
1770137400,1.18162,1.18202,1.1815,1.18199,66.73863566270002,64.57714074470346,,,953
1770137700,1.18199,1.18213,1.18171,1.18177,62.65709738618286,64.48859421429029,,,706
1770138000,1.18177,1.18228,1.18176,1.18217,66.65062131157099,64.62399102411418,,,934
1770138300,1.18217,1.18228,1.18187,1.18202,63.891277956352354,64.4338430769781,,,596
1770138600,1.18202,1.18203,1.18162,1.1819,61.69089983610435,63.97906777168993,,,1340
1770138900,1.1819,1.18288,1.18184,1.18269,69.2090272382187,64.11307225865951,,,1824
1770139200,1.18269,1.18289,1.18185,1.18193,57.51509090845637,63.49313522915226,,,1152
1770139500,1.18193,1.1821,1.1817,1.18187,56.700559813924734,62.644694981768176,,,705
1770139800,1.18187,1.18208,1.18166,1.18198,57.878322086959194,62.36336733846215,,,693
1770140100,1.18198,1.18207,1.18176,1.18193,57.11780518479227,62.330950178955675,,,526
1770140400,1.18193,1.18193,1.18137,1.18143,50.037196541753666,61.43672976205011,,,778
1770140700,1.18143,1.18185,1.18135,1.18177,54.195365202939286,60.889214419871855,,,748
1770141000,1.18177,1.18187,1.18158,1.18162,52.13391582869528,59.95625552929281,,,586
1770141300,1.18162,1.18175,1.18149,1.18162,52.13391582869528,59.18212362766752,,,679
1770141600,1.18162,1.18177,1.18154,1.18166,52.69045710223751,58.178682301920205,,,504
1770141900,1.18166,1.18224,1.18165,1.18181,54.81226472009339,57.618337111485246,,,1086
1770142200,1.18181,1.18197,1.18146,1.18152,50.131080426313325,56.43836990539541,,,1022
1770142500,1.18152,1.18174,1.18142,1.1815499999999999,50.60108634959687,55.48907050491288,,,739
1770142800,1.1815499999999999,1.18196,1.18151,1.18168,52.68224084920426,54.84559486299145,,,849
1770143100,1.18168,1.18175,1.18136,1.1814,47.992393605818016,53.33012103210569,,,979
1770143400,1.1814,1.18154,1.18118,1.1814,47.992393605818016,52.64992836763152,,,732
1770143700,1.1814,1.18165,1.18139,1.18157,51.06012659181995,52.24704028033832,,,619
1770144000,1.18157,1.18157,1.18099,1.1812799999999999,46.06801847878588,51.40344716546879,,,508
1770144300,1.1812799999999999,1.18156,1.18116,1.18124,45.40856142922609,50.56707261149978,,,623
1770144600,1.18124,1.18141,1.18103,1.18133,47.238641752067124,50.36717584080789,,,771
1770144900,1.18133,1.18157,1.18089,1.18089,40.15190059341492,49.36407122584186,,,1543
1770145200,1.18089,1.1809,1.18057,1.18057,35.930170780956374,48.206660865289074,,,1576
1770145500,1.18057,1.18086,1.18057,1.18076,39.966323359823335,47.33754711751252,,,594
1770145800,1.18076,1.18125,1.18075,1.18106,45.77486356427165,46.843576150514956,,,748
1770146100,1.18106,1.18116,1.18095,1.18108,46.14893947586124,46.22476720449838,,,441
1770146400,1.18108,1.1811099999999999,1.18065,1.18077,41.38350264477614,45.59994022010286,,,635
1770146700,1.18077,1.18112,1.18073,1.1811099999999999,47.75560316297211,45.396691421058236,,,557
1770147000,1.1811099999999999,1.18126,1.18101,1.18105,46.78896658625894,44.97574325941928,,,763
1770147300,1.18105,1.18152,1.18104,1.18148,53.97851205013916,45.403323148299364,,,485
1770147600,1.18148,1.18161,1.18136,1.18138,52.211725774332976,45.704704017479,,,666
1770147900,1.18138,1.18158,1.1812,1.18145,53.36247664244434,45.8691575925236,,,678
1770148200,1.18145,1.1816,1.18132,1.18148,53.87510573060716,46.426806681939404,,,550
1770148500,1.18148,1.1817,1.1812799999999999,1.18133,50.86460897119275,46.81652436350845,,,634
1770148800,1.18133,1.18139,1.181,1.18103,45.40043271516061,46.68522371801513,,,669
1770149100,1.18103,1.18143,1.1809399999999999,1.18139,52.056324391722924,47.535539703608556,,,419
1770149400,1.18139,1.18148,1.18132,1.18144,52.91484987530856,48.74873106749085,,,351
1770149700,1.18144,1.18157,1.18139,1.18143,52.711547566577245,49.65910422511613,,,399
1770150000,1.18143,1.18146,1.18114,1.18131,50.218150820707535,49.97648188629012,,,349
1770150300,1.18131,1.18132,1.18112,1.18119,47.78397161252396,50.093269896051744,,,272
1770150600,1.18119,1.18178,1.18119,1.18174,57.864927309870836,51.270514514987084,,,500
1770150900,1.18174,1.18195,1.18171,1.1818,58.79941691953598,52.05935835474163,,,457
1770151200,1.1818,1.18182,1.18157,1.18162,54.86794344490616,52.6364281303593,,,462
1770151500,1.18162,1.18183,1.18157,1.1818,57.89942572289528,52.91649339269902,,,356
1770151800,1.1818,1.182,1.18178,1.18197,60.59169656741207,53.51506273506182,,,476
1770152100,1.18197,1.18217,1.18197,1.1821,62.56324754198668,54.1722606564577,,,520
1770152400,1.1821,1.18234,1.18201,1.18229,65.29596759685492,54.988036504046825,,,341
1770152700,1.18229,1.18249,1.18221,1.18249,67.9481938057248,56.20829256365626,,,271
1770153000,1.18249,1.18252,1.1823299999999999,1.18252,68.33906200841797,57.84676608460321,,,213
1770153300,1.18252,1.18252,1.1822,1.18227,61.59772632879992,58.52829479439443,,,254
1770153600,1.18227,1.18235,1.18222,1.18225,61.078638367833165,59.11142254386048,,,151
1770153900,1.18225,1.18228,1.18215,1.18226,61.25445209021395,59.72163000983452,,,155
1770154200,1.18226,1.18246,1.18224,1.18237,63.22245117866383,60.6505086068314,,,151
1770154500,1.18237,1.18243,1.1823,1.18243,64.28796939739227,61.82936559146485,,,94
1770154800,1.18243,1.18244,1.18235,1.18238,62.65880962971371,62.17178575716792,,,122
1770155100,1.18238,1.18247,1.18224,1.18229,59.724900931019725,62.23789175798818,,,209
1770155400,1.18229,1.1823299999999999,1.18217,1.18232,60.39067266143016,62.63237241631133,,,168
1770155700,1.18232,1.18234,1.18167,1.18167,43.580903544107336,61.609620832112185,,,989
1770156000,1.18167,1.18167,1.18133,1.18139,38.596947548442095,60.03856733075719,,,15
1770156300,1.18139,1.18149,1.18135,1.18136,38.09427452022031,58.29078354348816,,,61
1770156600,1.18136,1.18137,1.18135,1.18135,37.91700662164073,56.33514347383,,,131
1770156900,1.18135,1.18143,1.18116,1.18116,34.62058277134639,53.95459982851726,,,63
1770157200,1.18116,1.18123,1.18116,1.18118,35.25862874888847,51.59171173855087,,,46
1770157500,1.18118,1.1814,1.18118,1.18138,41.41573436932924,50.150140884302964,,,102
1770157800,1.18138,1.18164,1.18138,1.1816,47.34758705721511,49.16935150497311,,,113
1770158100,1.1816,1.18178,1.18159,1.18169,49.596013902680596,48.33660592014929,,,237
1770158400,1.18169,1.18192,1.18169,1.1818899999999999,54.26947703263592,47.69710776686158,,,117
1770158700,1.1818899999999999,1.18194,1.18182,1.1818899999999999,54.26947703263592,46.98150116937899,,,254
1770159000,1.1818899999999999,1.1818899999999999,1.1815499999999999,1.18161,47.16842471378349,45.87504510395541,,,1167
1770159300,1.18161,1.18164,1.18148,1.18154,45.56330657807186,44.863502650173416,,,847
1770159600,1.18154,1.18201,1.18154,1.18187,53.582614464864214,44.377212778990135,,,193
1770159900,1.18187,1.18194,1.1817199999999999,1.18179,51.598164587142065,44.949874282064044,,,150
1770160200,1.18179,1.18185,1.18178,1.18183,52.54452645540749,45.94612991827585,,,99
1770160500,1.18183,1.18185,1.18152,1.18152,45.17295194154697,46.45174973408489,,,125
1770160800,1.18152,1.18159,1.18147,1.18156,46.22134868887313,47.04491702460149,,,118
1770161100,1.18156,1.1816,1.18126,1.18126,40.03768691429867,47.43185303481236,,,152
1770161400,1.18126,1.18152,1.18121,1.18152,46.69375807150985,48.24864798642818,,,178
1770161700,1.18152,1.18162,1.18139,1.18145,45.23779492773959,48.52165231202891,,,123
1770162000,1.18145,1.18151,1.18144,1.18147,45.75820090650659,48.40812472983545,,,74
1770162300,1.18147,1.18156,1.18146,1.1815499999999999,47.891324688524115,48.28636121453856,,,118
1770162600,1.1815499999999999,1.18168,1.18151,1.18153,47.38957229489954,47.79493944755739,,,125
1770162900,1.18153,1.18158,1.18148,1.1815499999999999,47.97654309048945,47.34544416597549,,,138
1770163200,1.1815499999999999,1.1816,1.18087,1.18096,35.42149783679557,46.506377960476364,,,483
1770163500,1.18096,1.18124,1.1809,1.18122,42.55565440747494,46.29154566257659,,,253
1770163800,1.18122,1.1812799999999999,1.18102,1.18119,41.97938792427878,45.46274376682049,,,215
1770164100,1.18119,1.18139,1.18113,1.18131,45.17733244954964,45.004112899849595,,,308
1770164400,1.18131,1.18152,1.1812799999999999,1.18143,48.24911910800715,44.697298089321,,,198
1770164700,1.18143,1.18148,1.18134,1.18147,49.26950262659365,44.989908852538626,,,171
1770165000,1.18147,1.18158,1.18127,1.18138,47.022919564819915,45.047163915106246,,,289
1770165300,1.18138,1.18145,1.18132,1.18144,48.70224956612148,45.66606124737931,,,208
1770165600,1.18144,1.18148,1.18127,1.18148,49.84372540081541,45.89105891375827,,,212
1770165900,1.18148,1.18158,1.18124,1.18153,51.3024399011054,46.324247840427255,,,307
1770166200,1.18153,1.18173,1.18132,1.18151,50.66766377688058,46.674923759739684,,,637
1770166500,1.18151,1.18162,1.18138,1.18141,47.50279017247805,46.647171294307824,,,473
1770166800,1.18141,1.18158,1.18123,1.18141,47.50279017247805,46.655258285563434,,,589
1770167100,1.18141,1.18146,1.18123,1.18129,43.7035816293448,46.35004675262453,,,412
1770167400,1.18129,1.18219,1.18129,1.18204,63.4039081169744,48.348790344065876,,,580
1770167700,1.18204,1.18254,1.182,1.18247,69.90613971279112,50.30239643730274,,,554
1770168000,1.18247,1.18256,1.18227,1.18255,70.94061554792837,52.37105555327771,,,479
1770168300,1.18255,1.18265,1.18244,1.18247,68.4081981720546,54.0304031048852,,,507
1770168600,1.18247,1.18248,1.18203,1.18223,61.33443319408899,54.9650683967482,,,529
1770168900,1.18223,1.18261,1.18213,1.18228,62.21113079331119,55.8894704086566,,,283
1770169200,1.18228,1.1828,1.18228,1.18279,69.74624135920064,57.51256482254094,,,297
1770169500,1.18279,1.18318,1.1827,1.183,72.20401355174812,59.1912622500857,,,503
1770169800,1.183,1.183,1.18246,1.18246,58.94357444391412,59.8412514674499,,,466
1770170100,1.18246,1.18276,1.18245,1.18259,60.80957109044813,60.52033226668867,,,564
1770170400,1.18259,1.18274,1.18245,1.18273,62.77189209894762,61.38492000397917,,,469
1770170700,1.18273,1.18316,1.18272,1.18289,64.93294764123604,62.6299312517476,,,545
1770171000,1.18289,1.18292,1.18264,1.18265,59.36609892797325,63.47731044856869,,,344
1770171300,1.18265,1.18269,1.18234,1.18239,53.96815169395048,64.21049402461195,,,401
1770171600,1.18239,1.1824999999999999,1.18231,1.18231,52.38967861219921,63.423763345699435,,,339
1770171900,1.18231,1.18259,1.18229,1.18246,55.04469115215725,62.362231305654156,,,318
1770172200,1.18246,1.18257,1.18239,1.18244,54.607430273240126,61.19557521460499,,,272
1770172500,1.18244,1.18253,1.18234,1.18243,54.37484729782132,60.19319300930261,,,273
1770172800,1.18243,1.18262,1.18241,1.18255,56.755120477781325,59.866099243852055,,,246
1770173100,1.18255,1.18258,1.18236,1.18237,52.3438463473914,59.16129321200065,,,208
1770173400,1.18237,1.18237,1.18188,1.18208,46.12379201351268,57.473975401594366,,,414
1770173700,1.18208,1.18224,1.18205,1.18221,49.046800291704066,55.81988874016265,,,379
1770174000,1.18221,1.18242,1.1822,1.18229,50.81525824299625,55.23929472581137,,,546
1770174300,1.18229,1.18248,1.18224,1.18234,51.938025113278826,54.60561287029929,,,284
1770174600,1.18234,1.18248,1.18234,1.18239,53.091207838035324,53.91413542309126,,,268
1770174900,1.18239,1.18239,1.18212,1.18216,47.45112428709951,52.66543375493866,,,273
1770175200,1.18216,1.1823299999999999,1.18216,1.18225,49.702801261003344,51.97519820729794,,,309
1770175500,1.18225,1.18244,1.18222,1.1823299999999999,51.68460372828081,51.81208763832154,,,335
1770175800,1.1823299999999999,1.18236,1.18222,1.18227,50.090495365601505,51.64786026356457,,,299
1770176100,1.18227,1.18228,1.1820599999999999,1.18226,49.8147248582226,51.274291242569234,,,221
1770176400,1.18226,1.18227,1.18213,1.18218,47.55893181191234,50.770827066760106,,,103
1770176700,1.18218,1.1824,1.18214,1.18218,47.55893181191234,50.283975960623756,,,217
1770177000,1.18218,1.1827,1.18216,1.18268,60.51836553742766,50.55277917916993,,,238
1770177300,1.18268,1.1828,1.18253,1.1827,60.93423355267066,51.1663782652613,,,419
1770177600,1.1827,1.18272,1.18253,1.1827,60.934233552670655,52.224266946629726,,,434
1770177900,1.1827,1.18285,1.18262,1.18278,62.75421470265054,53.20336797598305,,,266
1770178200,1.18278,1.18305,1.18277,1.18303,67.80233427085861,54.41673054940179,,,255
1770178500,1.18303,1.18305,1.18277,1.18293,64.06210375963167,55.282736166998426,,,248
1770178800,1.18293,1.18297,1.18284,1.18293,64.06210375963167,56.06637158996959,,,146
1770179100,1.18293,1.18296,1.18287,1.1829399999999999,64.2905616222985,57.2691885424838,,,194
1770179400,1.1829399999999999,1.1831,1.18286,1.1831,67.81589038048095,58.56298062244649,,,196
1770179700,1.1831,1.18313,1.1829,1.18306,66.06006905561655,59.589799574399045,,,161
1770180000,1.18306,1.18323,1.18283,1.18289,59.06124519715397,60.23056741950993,,,301
1770180300,1.18289,1.18308,1.18288,1.18307,63.47387875781869,61.206221269481084,,,199
1770180600,1.18307,1.1834,1.18305,1.18338,69.55931279592045,62.777677054053086,,,423
1770180900,1.18338,1.18357,1.18336,1.18354,72.13932961653083,64.53341975438298,,,315
1770181200,1.18354,1.18356,1.18329,1.18354,72.13932961653083,65.36348861717606,,,187
1770181500,1.18354,1.1835499999999999,1.18334,1.18339,66.05241218798935,65.72907280541311,,,201
1770181800,1.18339,1.18354,1.18332,1.18333,63.73579954993972,65.9291846623609,,,187
1770182100,1.18333,1.18334,1.18323,1.18329,62.17034156340944,65.88747943812939,,,221
1770182400,1.18329,1.18339,1.18316,1.18316,57.248891272758776,65.13366208112225,,,192
1770182700,1.18316,1.18342,1.18316,1.18337,62.42359723688144,65.01662590092582,,,197
1770183000,1.18337,1.18343,1.1832799999999999,1.18338,62.65540683617163,64.9161475492501,,,250
1770183300,1.18338,1.18344,1.18329,1.18344,64.08694997015269,64.9016038598111,,,204
1770183600,1.18344,1.18358,1.18339,1.18353,66.18111967718374,64.7848345238613,,,235
1770183900,1.18353,1.18359,1.18336,1.18338,59.910689537704,64.34559312972469,,,180
1770184200,1.18338,1.18344,1.18336,1.18344,61.4827288723985,64.51855624938501,,,129
1770184500,1.18344,1.18345,1.18304,1.1832799999999999,55.259765106513676,63.93183384572037,,,439
1770184800,1.1832799999999999,1.18342,1.18323,1.18342,59.15534491783761,63.18869328300017,,,351
1770185100,1.18342,1.18348,1.18329,1.18339,57.99013053863835,62.17803620600784,,,306
1770185400,1.18339,1.18357,1.18329,1.18354,62.01857840701424,61.45512540532809,,,279
1770185700,1.18354,1.18361,1.18335,1.1834,56.566441706799914,60.77755608524313,,,575
1770186000,1.1834,1.1834,1.1832,1.18331,53.32122146750177,60.03365765078327,,,395
1770186300,1.18331,1.18339,1.18314,1.1832799999999999,52.245262621037114,59.324723440613816,,,358
1770186600,1.1832799999999999,1.18346,1.18321,1.18342,56.6422367016208,59.28139097124682,,,270
1770186900,1.18342,1.18351,1.18333,1.18341,56.243882516200564,58.83998277691247,,,271
1770187200,1.18341,1.18343,1.18309,1.18313,46.40330440925479,57.679118317846985,,,326
1770187500,1.18313,1.18329,1.18308,1.18309,45.186991295266935,56.32912126964087,,,288
1770187800,1.18309,1.18315,1.18293,1.18303,43.35140177877169,54.69842713404,,,258
1770188100,1.18303,1.18303,1.18288,1.18295,40.96211678946717,53.34495765202308,,,288
1770188400,1.18295,1.18338,1.1829399999999999,1.1832,50.19921754770149,52.53899255740186,,,749
1770188700,1.1832,1.18324,1.1829,1.18297,43.46191202086852,51.69628876557007,,,547
1770189000,1.18297,1.18314,1.18246,1.18254,34.21609925319396,49.91491407523838,,,635
1770189300,1.18254,1.18283,1.18238,1.18276,41.11784378609917,48.7097507357713,,,457
1770189600,1.18276,1.18334,1.18275,1.18319,51.76898449660172,47.97763688502755,,,570
1770189900,1.18319,1.1832,1.1827,1.18284,44.683861609263346,47.12888116377494,,,597
1770190200,1.18284,1.18289,1.1826699999999999,1.18282,44.310669299374055,46.485270294622964,,,392
1770190500,1.18282,1.18291,1.18256,1.18259,40.15705325667989,45.621826768597444,,,400
1770190800,1.18259,1.18301,1.18245,1.1829399999999999,48.125868670253496,45.01351476635692,,,452
1770191100,1.1829399999999999,1.18327,1.18283,1.18307,50.749205340472706,44.6210378252335,,,391
1770191400,1.18307,1.18315,1.18276,1.18305,50.327528139987166,44.90133952028582,,,404
1770191700,1.18305,1.18332,1.18295,1.18318,53.05783838115599,45.463542883563605,,,854
1770192000,1.18318,1.18327,1.18268,1.1828,45.231445884526124,45.597831748260354,,,1069
1770192300,1.1828,1.18333,1.18272,1.18313,51.870933115871644,46.3770329144321,,,815
1770192600,1.18313,1.18378,1.18299,1.18349,57.87101895653971,46.92501872934911,,,1020
1770192900,1.18349,1.1835499999999999,1.18314,1.18324,52.93564128544966,47.601713676819195,,,617
1770193200,1.18324,1.18329,1.18283,1.1829399999999999,47.68070057952557,48.56347091441431,,,485
1770193500,1.1829399999999999,1.1832,1.18282,1.18299,48.59659406537699,49.097667362934146,,,564
1770193800,1.18299,1.18301,1.18254,1.18255,41.68155936342853,48.37713699627892,,,914
1770194100,1.18255,1.1827,1.18243,1.1826,42.679716401008484,48.23398376711786,,,622
1770194400,1.1826,1.18289,1.18258,1.18282,46.97975230965833,48.424632553566745,,,516
1770194700,1.18282,1.18289,1.18235,1.18248,41.76517642655023,48.53949849427176,,,951
1770195000,1.18248,1.18309,1.18248,1.18282,47.98299819222026,48.52929346012654,,,610
1770195300,1.18282,1.18303,1.18266,1.18285,48.505447090385495,48.36902501369173,,,607
1770195600,1.18285,1.18326,1.18265,1.18278,47.311388429161475,48.153586462918476,,,729
1770195900,1.18278,1.18285,1.18254,1.18263,44.768177017405684,47.56146779407917,,,493
1770196200,1.18263,1.18326,1.1826,1.1829399999999999,50.66996146025795,47.949933192345725,,,622
1770196500,1.1829399999999999,1.18295,1.1826,1.18261,45.14033638365464,47.46917628290164,,,538
1770196800,1.18261,1.18283,1.1824,1.18259,44.821088336804,46.53703838149196,,,642
1770197100,1.18259,1.1827,1.1824999999999999,1.18261,45.23817476291607,45.987219344168125,,,563
1770197400,1.18261,1.18265,1.18194,1.18228,39.881524363799436,45.430135328759114,,,777
1770197700,1.18228,1.18228,1.1816,1.18188,34.54238470973972,44.426263231927884,,,780
1770198000,1.18188,1.18209,1.1817,1.1818,33.574283065587736,43.8471720677964,,,406
1770198300,1.1818,1.18181,1.1811099999999999,1.18115,26.962276794256482,42.72449781017126,,,616
1770198600,1.18115,1.1818,1.18112,1.1817199999999999,38.41586439074812,42.112791530249105,,,635
1770198900,1.1817199999999999,1.1818899999999999,1.18134,1.18134,34.52841794366003,41.59588021004266,,,496
1770199200,1.18134,1.18177,1.18131,1.18152,37.74223342400086,40.86439701231269,,,419
1770199500,1.18152,1.18169,1.18132,1.18135,35.947508092034624,39.96740136957335,,,424
1770199800,1.18135,1.18146,1.18119,1.18123,34.693401956974526,39.06611662156,,,458
1770200100,1.18123,1.18157,1.1812,1.18134,36.86767174221565,38.501794816189275,,,491
1770200400,1.18134,1.18154,1.18112,1.1812,35.258720257841986,37.40099187315956,,,467
1770200700,1.1812,1.18127,1.18097,1.18099,32.936763634721004,36.52930810537859,,,515
1770201000,1.18099,1.18134,1.1806699999999999,1.1806699999999999,29.72445794010676,35.45097736275736,,,713
1770201300,1.1806699999999999,1.18079,1.18046,1.18073,31.081697384039714,34.439800407123336,,,795
1770201600,1.18073,1.1811099999999999,1.18062,1.18099,36.77961524074682,34.218235469762426,,,615
1770201900,1.18099,1.18108,1.18082,1.18083,34.8690868172949,34.241571334587796,,,346
1770202200,1.18083,1.18144,1.18083,1.18135,44.888779374775545,35.04974964238693,,,641
1770202500,1.18135,1.18144,1.18112,1.18134,44.74621700928981,36.32003108631788,,,440
1770202800,1.18134,1.18148,1.18117,1.18147,47.09836284409394,36.94020954727115,,,608
1770203100,1.18147,1.18147,1.18112,1.18112,41.92381508864328,37.46845220048424,,,551
1770203400,1.18112,1.18127,1.18081,1.18083,38.180763334962414,37.49977576555293,,,585
1770203700,1.18083,1.18107,1.18058,1.18083,38.180763334962414,37.65929399719062,,,684
1770204000,1.18083,1.18092,1.18063,1.18079,37.643134962123845,37.86998921184415,,,444
1770204300,1.18079,1.18093,1.18068,1.18083,38.57460779909851,37.99191321590721,,,418
1770204600,1.18083,1.18127,1.18083,1.1811,44.59123181841454,38.658521184519536,,,446
1770204900,1.1811,1.18145,1.1811,1.18144,51.08830138063877,39.955059594942234,,,381
1770205200,1.18144,1.18154,1.18129,1.1813,48.56319281367486,41.30068351448282,,,384
1770205500,1.1813,1.18134,1.18099,1.18108,44.81468620805843,42.28161128762701,,,443
1770205800,1.18108,1.18137,1.18107,1.1812799999999999,48.691976616138795,43.132494243012154,,,435
1770206100,1.1812799999999999,1.18133,1.18097,1.18101,44.179225669422145,43.797504161021244,,,603
1770206400,1.18101,1.1814,1.1809399999999999,1.18107,45.39045038870281,43.83333780487319,,,586
1770206700,1.18107,1.18127,1.181,1.18119,47.82868413925969,44.053514028442464,,,306
1770207000,1.18119,1.1813,1.18113,1.18124,48.853384955782346,44.17887275070592,,,292
1770207300,1.18124,1.18173,1.18124,1.18162,55.936756602878226,45.179797144579844,,,543
1770207600,1.18162,1.18168,1.18145,1.18166,56.61783241629605,46.49673065038939,,,296
1770207900,1.18166,1.18174,1.18144,1.18157,54.573878873605395,47.667667474578174,,,486
1770208200,1.18157,1.18205,1.18157,1.18198,61.40878112762745,49.365213629257006,,,460
1770208500,1.18198,1.18209,1.18182,1.18196,60.92720084003056,50.961827417895,,,428
1770208800,1.18196,1.18236,1.18192,1.18234,66.33000859136929,52.51459718739177,,,268
1770209100,1.18234,1.18249,1.18218,1.18218,62.416506961077815,53.32375472885171,,,544
1770209400,1.18218,1.1823299999999999,1.1819,1.18213,61.20129843831719,54.226476559183304,,,523
1770209700,1.18213,1.1824,1.18198,1.18215,61.523988851354844,55.41999817656161,,,648
1770210000,1.18215,1.18231,1.18192,1.18228,63.64079592865821,56.48777098459872,,,908
1770210300,1.18228,1.18238,1.18191,1.18197,55.76243311241856,57.31514294481274,,,569
1770210600,1.18197,1.18225,1.18185,1.18209,57.933346868890034,58.21106412196897,,,552
1770210900,1.18209,1.1827,1.18129,1.18181,51.5735944669553,58.47855771680438,,,1583
1770211200,1.18181,1.18203,1.18138,1.18143,44.44300754063246,58.163530758579384,,,1017
1770211500,1.18143,1.18167,1.18131,1.18138,43.58903053173695,57.281550324926435,,,642
1770211800,1.18138,1.18171,1.1811099999999999,1.1816,48.29662447288952,56.68717832896882,,,993
1770212100,1.1816,1.1820599999999999,1.18134,1.18205,56.32523709857309,56.81227534503795,,,1040
1770212400,1.18205,1.18207,1.18156,1.18181,51.71306702302377,56.11972433756626,,,1005
1770212700,1.18181,1.18202,1.18151,1.18163,48.505060223970375,55.232428579276245,,,745
1770213000,1.18163,1.18245,1.18163,1.18216,56.96951962773393,54.56382222473087,,,825
1770213300,1.18216,1.18245,1.18215,1.18224,58.089364131012836,54.25474059401194,,,777
1770213600,1.18224,1.18256,1.18168,1.18174,49.430834096158605,53.41399314100062,,,1436
1770213900,1.18174,1.18182,1.18074,1.18085,38.44580542943439,51.7655514680063,,,1554
1770214200,1.18085,1.1811,1.18053,1.18076,37.53734912817308,49.90101955368592,,,1418
1770214500,1.18076,1.18148,1.18073,1.18143,47.485671906920956,49.309822324721814,,,1027
1770214800,1.18143,1.18158,1.18121,1.18141,47.24378408238393,48.54628212568566,,,702
1770215100,1.18141,1.18141,1.18066,1.18077,40.18886794229178,47.73308737392398,,,1231
1770215400,1.18077,1.18096,1.18024,1.1806699999999999,39.20376931430868,47.35885607204371,,,2042
1770215700,1.1806699999999999,1.18107,1.18054,1.18107,45.010097332790174,47.460360843547505,,,2087
1770216000,1.18107,1.18148,1.18084,1.1814,49.31116115837903,47.5328277496539,,,1093
1770216300,1.1814,1.18197,1.18136,1.18194,55.451477479807366,47.47041634831349,,,1084
1770216600,1.18194,1.18198,1.18161,1.18187,54.5293359647103,47.67157841557681,,,1235
1770216900,1.18187,1.1819,1.18138,1.18138,48.45491343390628,47.66799650200081,,,1144
1770217200,1.18138,1.1822,1.18115,1.18149,49.8066809070385,47.156365164808285,,,2563
1770217500,1.18149,1.18184,1.18138,1.1817199999999999,52.605424976630026,46.764655225209516,,,1745
1770217800,1.1817199999999999,1.18208,1.18139,1.18204,56.25973591542237,47.25243392658549,,,1098
1770218100,1.18204,1.18216,1.18152,1.18158,50.260496724740996,48.09634044767883,,,1189
1770218400,1.18158,1.18171,1.18104,1.18115,45.38816933796305,48.65711331980668,,,1218
1770218700,1.18115,1.18129,1.18062,1.18096,43.38675642185693,48.36433364230211,,,1217
1770219000,1.18096,1.181,1.17963,1.17994,34.57297884871669,47.459276125611595,,,2043
1770219300,1.17994,1.18074,1.17987,1.18044,40.90984518274765,47.51077449992988,,,1899
1770219600,1.18044,1.18073,1.18025,1.18032,39.91075819606397,47.561273705769544,,,1494
1770219900,1.18032,1.18057,1.18021,1.18047,41.823335425876245,47.333647855275686,,,1338
1770220200,1.18047,1.18057,1.18004,1.18032,40.43725445568076,46.69979737651152,,,1307
1770220500,1.18032,1.1803299999999999,1.17931,1.17962,34.663779186037885,45.21496178409942,,,1658
1770220800,1.17962,1.17992,1.1794,1.17957,34.287210287789975,43.76909566431939,,,1602
1770221100,1.17957,1.17984,1.17941,1.17949,33.65719495002149,42.71211577261334,,,1250
1770221400,1.17949,1.1797,1.1792,1.17934,32.45309898425968,41.47257420670057,,,1249
1770221700,1.17934,1.1795,1.17903,1.17924,31.640420332038502,39.97507387494403,,,1097
1770222000,1.17924,1.17955,1.17907,1.17935,33.6098641801824,38.357225893855464,,,1017
1770222300,1.17935,1.1799,1.17929,1.17981,41.23445928163525,37.71250893363362,,,985
1770222600,1.17981,1.17994,1.1796,1.17979,41.013912221238996,37.400061996724766,,,1127
1770222900,1.17979,1.17991,1.17936,1.1794499999999999,37.35598725296338,36.96929277037522,,,1078
1770223200,1.1794499999999999,1.17965,1.17908,1.17956,39.24394222980923,37.30293301188183,,,882
1770223500,1.17956,1.17976,1.1792799999999999,1.1794499999999999,38.01027574179233,37.09582090895645,,,1393
1770223800,1.1794499999999999,1.18043,1.1794499999999999,1.1803299999999999,51.221145414762006,37.903705710292016,,,1432
1770224100,1.1803299999999999,1.18056,1.17994,1.18026,50.30280445898727,38.50938206979995,,,1079
1770224400,1.18026,1.18081,1.18009,1.1808,56.74548396318184,39.67425560605002,,,1202
1770224700,1.1808,1.18108,1.18043,1.18104,59.27259075884334,41.43202786125041,,,919
1770225000,1.18104,1.18113,1.18079,1.18106,59.485018494949486,43.231871304618956,,,850
1770225300,1.18106,1.1812,1.18099,1.18102,58.824180506043746,45.02951313004912,,,743
1770225600,1.18102,1.18149,1.18084,1.18089,56.622547882303984,46.755902337052284,,,1025
1770225900,1.18089,1.18099,1.18034,1.18086,56.10072868260483,48.50306721923558,,,1441
1770226200,1.18086,1.1809399999999999,1.1801,1.18038,48.4130112988583,49.56043487056958,,,1790
1770226500,1.18038,1.18038,1.17949,1.17954,38.476258732309496,49.363420545617736,,,1045
1770226800,1.17954,1.17995,1.17938,1.17956,38.79835144022737,49.20516620411691,,,1072
1770227100,1.17956,1.17993,1.1795,1.17984,43.275691538405674,49.62800222450564,,,1074
1770227400,1.17984,1.17993,1.17958,1.17977,42.43979045736247,49.85627709790231,,,969
1770227700,1.17977,1.18013,1.17962,1.17975,42.189048368952385,50.15476085698516,,,1010
1770228000,1.17975,1.17998,1.1796,1.17994,45.484266412275836,49.74498378537901,,,1113
1770228300,1.17994,1.18012,1.17965,1.1797199999999999,42.46592481923478,49.185206668253834,,,829
1770228600,1.1797199999999999,1.17985,1.17948,1.17948,39.394656525661794,47.945861851288115,,,621
1770228900,1.17948,1.17985,1.17948,1.17971,43.604111699598455,46.82668477562777,,,599
1770229200,1.17971,1.17988,1.17954,1.17968,43.182799660163674,45.66224057314307,,,650
1770229500,1.17968,1.18008,1.17958,1.17962,42.30244716996537,44.482116763423186,,,586
1770229800,1.17962,1.17993,1.17955,1.17986,46.960356916716854,43.79196026588125,,,607
1770230100,1.17986,1.18001,1.1798,1.17996,48.81454458811333,43.27151854484615,,,490
1770230400,1.17996,1.18009,1.17994,1.1800599999999999,50.671640986529184,43.43284923682263,,,395
1770230700,1.1800599999999999,1.18008,1.17978,1.17986,46.99890041583494,44.04160935707445,,,427
1770231000,1.17986,1.17997,1.17978,1.17985,46.816184664287,44.61431173022157,,,287
1770231300,1.17985,1.18016,1.17985,1.18008,51.487649931739774,45.20088018688829,,,692
1770231600,1.18008,1.18015,1.17942,1.17955,42.27316409574495,45.18897830391561,,,902
1770231900,1.17955,1.1800599999999999,1.1794499999999999,1.18001,50.5457013202263,45.785882086149456,,,889
1770232200,1.18001,1.1801,1.1798,1.17991,48.904957731814584,46.03021718040223,,,628
1770232500,1.17991,1.18017,1.17985,1.18011,52.24383612655991,46.72863941663974,,,578
1770232800,1.18011,1.18016,1.17959,1.17994,49.29514298982475,47.43581702122281,,,632
1770233100,1.17994,1.17996,1.17971,1.17995,49.475789600398016,47.855222585565635,,,418
1770233400,1.17995,1.18035,1.17994,1.1803299999999999,55.90474474987112,48.76393294911617,,,575
1770233700,1.1803299999999999,1.18045,1.18029,1.18035,56.220494340942594,49.75807917561455,,,375
1770234000,1.18035,1.18044,1.18027,1.18031,55.36658192568761,50.358523819112456,,,275
1770234300,1.18031,1.18061,1.18027,1.18043,57.45433862157523,50.975651964359734,,,677
1770234600,1.18043,1.18079,1.18043,1.18054,59.332212440446455,51.594264211068115,,,946
1770234900,1.18054,1.1809399999999999,1.18044,1.18091,64.93805453153553,52.87563236218955,,,919
1770235200,1.18091,1.18096,1.18072,1.18075,61.02089016963168,53.890254183999886,,,601
1770235500,1.18075,1.18082,1.18064,1.18072,60.286580699696586,54.51874923885394,,,312
1770235800,1.18072,1.18074,1.18044,1.1806,57.315481124059545,55.593200455162126,,,304
1770236100,1.1806,1.18065,1.18044,1.18044,53.52758855298105,55.806192400358896,,,183
1770236400,1.18044,1.18054,1.18035,1.18038,52.136098236263955,56.0369881506767,,,264
1770236700,1.18038,1.1804,1.18024,1.18024,48.939255054962466,55.8009466455626,,,274
1770237000,1.18024,1.1804,1.18015,1.1804,52.52227585743061,56.031456136105874,,,293
1770237300,1.1804,1.18051,1.1803299999999999,1.18041,52.74546362607515,56.2650042807971,,,270
1770237600,1.18041,1.18045,1.18037,1.18041,52.745463626075136,56.0393413433831,,,143
1770237900,1.18041,1.18066,1.18041,1.18048,54.48256700805366,55.91520367674817,,,281
1770238200,1.18048,1.18053,1.18024,1.18026,48.453913262267896,55.42144162936105,,,296
1770238500,1.18026,1.18047,1.18021,1.18035,50.84993833514076,54.949698751758596,,,342
1770238800,1.18035,1.18039,1.18023,1.18032,50.015368733850735,54.284209915573186,,,169
1770239100,1.18032,1.18049,1.18024,1.18027,48.5841686922216,53.116075212765054,,,201
1770239400,1.18027,1.18041,1.18025,1.18039,52.12497222018363,52.48065250209019,,,216
1770239700,1.18039,1.18044,1.1803,1.18042,52.996457882111756,51.95992944369127,,,130
1770240000,1.18042,1.18049,1.18042,1.18045,53.90018042638822,51.7159793938576,,,65
1770240300,1.18045,1.18054,1.18041,1.18053,56.31239628927334,51.914894232164194,,,279
1770240600,1.18053,1.1806,1.18034,1.1804,51.588424883456206,51.87577470696363,,,249
1770240900,1.1804,1.18079,1.18039,1.18079,61.911387267329616,52.80235557927557,,,178
1770241200,1.18079,1.1808,1.18049,1.18049,52.61696759844334,52.80911927506219,,,310
1770241500,1.18049,1.18051,1.1803,1.18041,50.44226565123503,52.644605134002184,,,213
1770241800,1.18041,1.18042,1.18031,1.18038,49.61414166975275,52.42093927997916,,,234
1770242100,1.18038,1.18074,1.18038,1.18069,57.3974084609129,52.62914224089768,,,605
1770242400,1.18069,1.1807,1.18017,1.18029,47.254174986603125,52.543446649778765,,,30
1770242700,1.18029,1.18029,1.18025,1.18026,46.589184860747146,52.239107115893496,,,32
1770243000,1.18026,1.1803,1.18021,1.18029,47.38654860920554,52.05133424984741,,,70
1770243300,1.18029,1.18035,1.18027,1.1803,47.66700561578062,51.985822601530195,,,50
1770243600,1.1803,1.18037,1.18028,1.18034,48.84171424876512,51.75130417500031,,,35
1770243900,1.18034,1.18044,1.18031,1.18032,48.258427076110884,51.41287340314309,,,61
1770244200,1.18032,1.18042,1.18028,1.18042,51.38464789278256,51.23319250788554,,,81
1770244500,1.18042,1.18043,1.18035,1.1804,50.72454315928019,50.83406014145747,,,110
1770244800,1.1804,1.18049,1.18037,1.18039,50.37607868517955,50.74746398443771,,,91
1770245100,1.18039,1.18066,1.18037,1.18066,58.638147266751346,50.51366112725355,,,168
1770245400,1.18066,1.18066,1.18038,1.18045,51.461517840654174,50.43112900169717,,,173
1770245700,1.18045,1.18048,1.18042,1.18042,50.51045716632748,50.43599982420377,,,56
1770246000,1.18042,1.18066,1.18035,1.18059,55.526272238697985,50.85829486484272,,,153
1770246300,1.18059,1.18072,1.18053,1.18061,56.0901125930431,50.764916588566294,,,155
1770246600,1.18061,1.1806699999999999,1.18055,1.18066,57.53942879218431,51.499577574679236,,,111
1770246900,1.18066,1.18074,1.18063,1.18065,57.13326189827118,52.25272593450239,,,137
1770247200,1.18065,1.1806699999999999,1.1806,1.18061,55.447238597007434,52.828489505059665,,,105
1770247500,1.18061,1.18063,1.18032,1.18035,45.954334857185195,52.7061558794457,,,145
1770247800,1.18035,1.18057,1.18029,1.18055,52.667399804199874,52.97941913340533,,,128
1770248100,1.18055,1.18055,1.18043,1.18044,49.05813776249626,53.03654132529,,,125
1770248400,1.18044,1.18048,1.18037,1.18041,48.09020231786265,52.8012237842243,,,120
1770248700,1.18041,1.18047,1.18024,1.18026,43.471743443339825,52.28316666165713,,,152
1770249000,1.18026,1.18035,1.1802,1.18024,42.88042291459163,51.74776267804371,,,108
1770249300,1.18024,1.18025,1.18001,1.18013,39.68322016407616,50.393839313566914,,,197
1770249600,1.18013,1.18029,1.17997,1.18016,40.97579156432468,49.64485886525766,,,293
1770249900,1.18016,1.18019,1.18003,1.18008,38.60026394165104,48.79413077778077,,,174
1770250200,1.18008,1.18019,1.18003,1.1801,39.54388507682139,47.652531694789594,,,288
1770250500,1.1801,1.18016,1.18003,1.18005,37.97270006907743,46.35843080022062,,,173
1770250800,1.18005,1.18021,1.18005,1.18011,41.00205928129834,45.177190120871614,,,241
1770251100,1.18011,1.18024,1.18011,1.18021,45.75699923683047,44.3645999307687,,,187
1770251400,1.18021,1.18022,1.18011,1.18015,43.49207219021368,43.51065947314057,,,195
1770251700,1.18015,1.18017,1.18002,1.18003,39.301960702565324,43.03548989066773,,,201
1770252000,1.18003,1.18012,1.17994,1.18005,40.33371879036649,42.15451267539392,,,229
1770252300,1.18005,1.18028,1.18005,1.18026,49.953234651281456,42.218448167450006,,,209
1770252600,1.18026,1.18044,1.1802,1.18034,53.05808332614385,42.57329681089867,,,509
1770252900,1.18034,1.18045,1.1802,1.18043,56.33970349117725,43.492436814315624,,,344
1770253200,1.18043,1.18058,1.18038,1.18054,60.018621558647844,44.716593860319634,,,421
1770253500,1.18054,1.18056,1.18042,1.1804999999999999,58.101401205523864,46.032178220423035,,,333
1770253800,1.1804999999999999,1.18059,1.18039,1.18053,59.1552261080267,47.33070925925889,,,270
1770254100,1.18053,1.18066,1.18027,1.18043,54.25648962564517,48.4490110938299,,,541
1770254400,1.18043,1.18043,1.18019,1.18037,51.50073635358961,49.303071899313345,,,355
1770254700,1.18037,1.18038,1.18021,1.18034,50.12973237872565,50.1714313500025,,,421
1770255000,1.18034,1.18052,1.18022,1.18037,51.51960844827347,50.922684861929305,,,358
1770255300,1.18037,1.18076,1.18032,1.18075,64.87368798612478,52.28816262973603,,,289
1770255600,1.18075,1.18082,1.18051,1.18052,54.99884243757267,53.11007479026167,,,296
1770255900,1.18052,1.18052,1.1804,1.18049,53.847497772542184,54.14904172383145,,,192
1770256200,1.18049,1.18055,1.18041,1.18047,53.050178832908976,55.057360298298775,,,212
1770256500,1.18047,1.18047,1.18027,1.18037,49.13282352903274,54.99875950385244,,,303
1770256800,1.18037,1.18053,1.1802,1.18021,43.58698062746475,54.32225216823251,,,409
1770257100,1.18021,1.18025,1.1794499999999999,1.17985,34.22603653308106,52.74270452836849,,,786
1770257400,1.17985,1.17992,1.17956,1.17966,30.502664536494933,50.634421883929,,,457
1770257700,1.17966,1.17971,1.17909,1.17942,26.57057738942183,48.382220182778845,,,1331
1770258000,1.17942,1.17968,1.17932,1.17959,33.14477940630776,46.524331132656066,,,584
1770258300,1.17959,1.17962,1.17939,1.17947,31.032703364804604,44.865489256881744,,,472
1770258600,1.17947,1.17984,1.17941,1.17977,41.13214414616302,44.12487552777984,,,573
1770258900,1.17977,1.17992,1.1797,1.1797,39.6723114140359,43.37791688744486,,,433
1770259200,1.1797,1.1797199999999999,1.1794,1.17952,36.12210244795454,42.278095030279225,,,456
1770259500,1.17952,1.17953,1.17892,1.17905,28.859861006164834,39.70567881742494,,,786
1770259800,1.17905,1.17907,1.17844,1.17877,25.562638883209274,37.60309284925613,,,1023
1770260100,1.17877,1.17882,1.1784999999999999,1.17855,23.30927150223532,35.42179097280564,,,846
1770260400,1.17855,1.17861,1.17826,1.17859,24.61051652124962,33.39038652197283,,,826
1770260700,1.17859,1.17888,1.17853,1.17887,33.15992153100464,32.2494649506851,,,646
1770261000,1.17887,1.17901,1.17872,1.17877,31.774045790347373,31.40568389089101,,,600
1770261300,1.17877,1.17896,1.17857,1.17892,36.088871213356775,31.538743510910706,,,508
1770261600,1.17892,1.17909,1.17881,1.1788399999999999,34.82391746401295,31.84740443430485,,,439
1770261900,1.1788399999999999,1.17891,1.17874,1.17883,34.66037546288737,32.4252471538381,,,297
1770262200,1.17883,1.17885,1.1784,1.1786,31.048708160622667,32.27552777914631,,,645
1770262500,1.1786,1.1788,1.17855,1.17871,34.56077025477073,32.52753255700103,,,619
1770262800,1.17871,1.1789,1.17854,1.17876,36.15270150106787,32.17185808235137,,,372
1770263100,1.17876,1.17876,1.17857,1.17864,34.014048247435454,31.767696427594196,,,249
1770263400,1.17864,1.17872,1.17849,1.17864,34.014048247435454,31.61712112755712,,,403
1770263700,1.17864,1.17893,1.17861,1.17892,43.1196388244729,32.6356766860077,,,515
1770264000,1.17892,1.179,1.17873,1.17877,39.939967353163,33.66262871957582,,,345
1770264300,1.17877,1.17885,1.17865,1.17871,38.71032550850953,34.762704005738264,,,197
1770264600,1.17871,1.17886,1.17871,1.17879,41.30507193720963,35.95517224973541,,,137
1770264900,1.17879,1.17886,1.17876,1.17885,43.245743289968175,36.67558808966138,,,190
1770265200,1.17885,1.17899,1.17883,1.1788399999999999,42.990615062384514,37.4767716090926,,,230
1770265500,1.1788399999999999,1.17903,1.17879,1.17897,47.33996475725527,38.28042114794249,,,171
1770265800,1.17897,1.17902,1.17891,1.17902,48.953056435631616,39.289645360200964,,,199
1770266100,1.17902,1.17904,1.17892,1.17895,46.79201843464063,40.156191286754776,,,110
1770266400,1.17895,1.17905,1.1789,1.17898,47.85446624668274,41.35660257861621,,,161
1770266700,1.17898,1.17909,1.17897,1.17907,51.01458601681893,42.531875133048224,,,184
1770267000,1.17907,1.17909,1.17895,1.17897,47.56537677642172,43.34706622414493,,,197
1770267300,1.17897,1.17901,1.17874,1.17875,40.99795729223424,43.84591687020198,,,345
1770267600,1.17875,1.17881,1.17865,1.17875,40.99795729223424,44.34476751625903,,,238
1770267900,1.17875,1.1788,1.17859,1.17863,37.704689013984336,43.957985386938425,,,239
1770268200,1.17863,1.17886,1.17862,1.17866,39.02340940647263,43.89251696217483,,,196
1770268500,1.17866,1.17874,1.17854,1.1786,37.32174474033195,43.793332621590714,,,230
1770268800,1.1786,1.17862,1.17846,1.17854,35.64770770284868,43.389235176279215,,,217
1770269100,1.17854,1.17861,1.17849,1.1786,38.61297855792311,43.05832340970456,,,123
1770269400,1.1786,1.17866,1.17842,1.17859,38.29624796992635,42.72301147452898,,,294
1770269700,1.17859,1.17881,1.17857,1.17873,45.08737184024351,42.56211198045672,,,102
1770270000,1.17873,1.17895,1.17872,1.17885,50.15166279456083,42.64772672038023,,,175
1770270300,1.17885,1.17902,1.17877,1.17877,47.037212391874924,42.66524057446839,,,208
1770270600,1.17877,1.17894,1.17868,1.17882,49.162158339039124,42.75864715249385,,,216
1770270900,1.17882,1.179,1.17872,1.179,56.005423625576675,43.1151355531194,,,256
1770271200,1.179,1.17901,1.17888,1.17897,54.684214147929694,43.62362393679854,,,259
1770271500,1.17897,1.17908,1.17886,1.17887,50.41484725312711,44.29625893400517,,,456
1770271800,1.17887,1.17893,1.17845,1.17852,38.952173608525584,44.15013152802597,,,385
1770272100,1.17852,1.17886,1.17852,1.17868,45.09764329529139,44.678199690976484,,,466
1770272400,1.17868,1.17868,1.17852,1.17856,41.70658357803179,44.869854988945,,,188
1770272700,1.17856,1.17876,1.17851,1.17872,47.38721134293066,45.58881688913062,,,517
1770273000,1.17872,1.17882,1.17852,1.17872,47.38721134293066,46.427352863422186,,,414
1770273300,1.17872,1.17873,1.17855,1.1786699999999999,45.77068198907895,46.93861739421904,,,379
1770273600,1.1786699999999999,1.17916,1.17865,1.17899,56.09383964156869,48.2098739421935,,,405
1770273900,1.17899,1.17907,1.17885,1.17897,55.384214299158295,48.945362689258836,,,364
1770274200,1.17897,1.17905,1.17876,1.17897,55.38421429915829,49.319116368158646,,,330
1770274500,1.17897,1.17905,1.17866,1.17902,56.96279708073795,50.02808670307744,,,414
1770274800,1.17902,1.18011,1.17902,1.18003,75.68091306495126,51.92228346921406,,,752
1770275100,1.18003,1.18018,1.17987,1.18014,76.86127065507866,53.4119868284642,,,534
1770275400,1.18014,1.18031,1.17966,1.17966,62.58620309041375,53.97641461007021,,,536
1770275700,1.17966,1.17986,1.17957,1.17974,63.79316780785626,54.93200893540801,,,485
1770276000,1.17974,1.17977,1.17956,1.1796,60.1369907860903,56.44521016237691,,,387
1770276300,1.1796,1.18003,1.17955,1.17999,65.98542202172746,57.937194357122344,,,593
1770276600,1.17999,1.18004,1.17955,1.18002,66.39386293013342,59.70057145370102,,,502
1770276900,1.18002,1.18014,1.17976,1.17982,61.12433491891643,60.68179456627144,,,574
1770277200,1.17982,1.1800599999999999,1.17973,1.17974,59.10363130037644,61.518681706089,,,499
1770277500,1.17974,1.18024,1.17973,1.18016,65.54383242224979,62.93104959417264,,,566
1770277800,1.18016,1.18034,1.18002,1.18007,63.24545214213232,63.441879058498614,,,506
1770278100,1.18007,1.18011,1.17976,1.17987,58.34885304135935,63.653638968655834,,,712
1770278400,1.17987,1.18066,1.17971,1.18062,68.26981530891148,64.57403904078106,,,1221
1770278700,1.18062,1.18075,1.18031,1.18063,68.37796866918413,65.3894084399558,,,832
1770279000,1.18063,1.18072,1.18041,1.18056,66.6650053662971,64.74541503290907,,,663
1770279300,1.18056,1.18087,1.18042,1.18072,68.60121061845624,64.1554107445789,,,584
1770279600,1.18072,1.18077,1.18036,1.18047,62.49334485270841,64.14877801331423,,,554
1770279900,1.18047,1.18047,1.18009,1.18022,57.025553926399986,63.66537702178164,,,724
1770280200,1.18022,1.18048,1.18007,1.18042,60.03787573542031,63.6582973753052,,,711
1770280500,1.18042,1.18055,1.18012,1.18036,58.708349571767705,63.138506486022365,,,625
1770280800,1.18036,1.18043,1.18016,1.1802,55.1980154929552,62.33880309765249,,,610
1770281100,1.1802,1.18022,1.17956,1.17956,43.892640723282,61.107967797964314,,,599
1770281400,1.17956,1.18002,1.17955,1.17968,46.12091017139169,60.180630574465404,,,759
1770281700,1.17968,1.18029,1.17966,1.18028,55.61293730744851,59.47128092340817,,,793
1770282000,1.18028,1.18028,1.17975,1.17978,48.020686865614614,58.38379768937119,,,965
1770282300,1.17978,1.18004,1.17969,1.1797199999999999,47.188168651255445,57.58660594722091,,,918
1770282600,1.1797199999999999,1.1798,1.17927,1.1792799999999999,41.50544473141584,55.674865191685505,,,764
1770282900,1.1792799999999999,1.17956,1.17925,1.17955,45.81744414383219,54.063399154160365,,,639
1770283200,1.17955,1.17958,1.17902,1.17927,42.33234952535982,52.32535230837914,,,892
1770283500,1.17927,1.17927,1.1786,1.17876,36.83623495952646,50.05642547559844,,,783
1770283800,1.17876,1.17914,1.17876,1.17888,38.84805635328305,48.36747629706805,,,818
1770284100,1.17888,1.17915,1.17875,1.17887,38.73732910089891,47.061174523817975,,,737
1770284400,1.17887,1.17888,1.17836,1.1786699999999999,36.49678004262511,45.379667688618326,,,703
1770284700,1.1786699999999999,1.17893,1.17855,1.17865,36.27085350697304,43.77698939827585,,,646
1770285000,1.17865,1.17869,1.1783,1.17841,33.58418871648894,42.23314462852826,,,481
1770285300,1.17841,1.17841,1.17801,1.17804,29.906337892040384,41.23412299772529,,,426
1770285600,1.17804,1.17836,1.17802,1.17836,36.39402776454516,40.53934568295053,,,573
1770285900,1.17836,1.1786699999999999,1.17831,1.17859,40.64630555692235,39.47030055791296,,,475
1770286200,1.17859,1.17863,1.17845,1.17856,40.26815601585542,38.91654835435873,,,445
1770286500,1.17856,1.17871,1.1784999999999999,1.17857,40.4669777507841,38.43646329003935,,,367
1770286800,1.17857,1.179,1.17853,1.17891,46.93444513422301,38.824249033097,,,412
1770287100,1.17891,1.17907,1.17876,1.17907,49.703549975227126,39.101828021053784,,,501
1770287400,1.17907,1.17916,1.17885,1.17907,49.703549975227126,39.62834233890145,,,476
1770287700,1.17907,1.1791099999999999,1.17875,1.17875,44.33703111232665,40.16411349267289,,,376
1770288000,1.17875,1.17913,1.17875,1.17898,48.6301789653928,40.862836536395015,,,338
1770288300,1.17898,1.17917,1.17896,1.17906,50.07261038415343,41.67249948519891,,,279
1770288600,1.17906,1.17907,1.1787,1.17883,46.06758647587645,42.35612851614543,,,285
1770288900,1.17883,1.17896,1.17872,1.17877,45.05517363282064,42.98357995370598,,,431
1770289200,1.17877,1.17889,1.1786,1.17872,44.18375223818588,43.74069163382718,,,520
1770289500,1.17872,1.17886,1.17866,1.17877,45.32262675760908,44.84185512422495,,,362
1770289800,1.17877,1.17895,1.17868,1.17892,48.70408448172701,45.72114488973794,,,404
1770290100,1.17892,1.17908,1.17879,1.17879,46.046253286911124,46.10685544187999,,,474
1770290400,1.17879,1.17915,1.17875,1.17915,53.597927121167466,47.05898194940229,,,393
1770290700,1.17915,1.17922,1.17903,1.17904,51.23805162964362,47.82834436932082,,,341
1770291000,1.17904,1.17937,1.17899,1.17937,57.31055228600467,48.569494880162374,,,467
1770291300,1.17937,1.17943,1.17924,1.17926,54.85815327479612,48.93768083013158,,,473
1770291600,1.17926,1.17933,1.17912,1.17915,52.441489455291446,49.13324793585046,,,331
1770291900,1.17915,1.17948,1.17912,1.17947,58.20913302691888,50.124112358321334,,,365
1770292200,1.17947,1.17952,1.17915,1.17917,51.85942408513067,50.35477272401689,,,420
1770292500,1.17917,1.17942,1.17908,1.17936,55.19310884367221,50.72052261398253,,,446
1770292800,1.17936,1.17952,1.17871,1.17947,57.04759870781134,51.50480920197788,,,2286
1770293100,1.17947,1.17967,1.17912,1.17958,58.88039124945713,52.492324746023336,,,1016
1770293400,1.17958,1.17958,1.17918,1.17925,51.74669785304754,53.032535147084886,,,970
1770293700,1.17925,1.1794499999999999,1.17878,1.17879,43.78357296491615,52.922602733321106,,,679
1770294000,1.17879,1.17888,1.17853,1.17888,45.54910369053855,52.69724696252193,,,987
1770294300,1.17888,1.17942,1.17887,1.17938,54.16201102220982,53.27694394361469,,,942
1770294600,1.17938,1.18011,1.17925,1.17927,52.20556050274561,53.17748918515599,,,2396
1770294900,1.17927,1.17967,1.17913,1.17966,57.99845898064102,53.66037542451295,,,1267
1770295200,1.17966,1.17973,1.17924,1.1795,55.05051008191169,53.4989438385063,,,1157
1770295500,1.1795,1.18035,1.17941,1.17968,57.65794023253934,53.69892862120225,,,1631
1770295800,1.17968,1.18014,1.17919,1.17942,52.88580682687835,53.730665576315594,,,1589
1770296100,1.17942,1.18024,1.17942,1.17994,60.01395309050106,53.859581295142895,,,1732
1770296400,1.17994,1.18029,1.17966,1.1798,57.49197423040414,54.261906305519574,,,2115
1770296700,1.1798,1.17992,1.17939,1.17976,56.758079885254325,54.37368995134687,,,1391
1770297000,1.17976,1.17994,1.17924,1.17934,49.59876932031935,53.84163070938315,,,842
1770297300,1.17934,1.1800599999999999,1.17906,1.17981,56.2493726174007,53.653700807093415,,,1134
1770297600,1.17981,1.18,1.17946,1.17993,57.78114564502226,54.08473279223447,,,1174
1770297900,1.17993,1.18027,1.17987,1.18016,60.626555405445394,55.28780296655799,,,802
1770298200,1.18016,1.1809399999999999,1.18001,1.18036,62.96404032824194,56.53172701210823,,,2127
1770298500,1.18036,1.1812799999999999,1.1803299999999999,1.1804,63.43163082837822,57.19384271254883,,,2496
1770298800,1.1804,1.18084,1.1803,1.18053,64.97915261302626,58.106242148997445,,,1399
1770299100,1.18053,1.18063,1.18031,1.18046,63.422772150261245,58.4936930896846,,,1389
1770299400,1.18046,1.18153,1.18045,1.18145,73.1997133644409,59.7900647527224,,,2193
1770299700,1.18145,1.1815,1.18102,1.18117,67.68888251746255,60.50656063021692,,,1789
1770300000,1.18117,1.18192,1.18008,1.18098,64.15911333779792,61.311796809568314,,,5112
1770300300,1.18098,1.18144,1.18052,1.1809,62.67707728605869,61.50201996639386,,,2181
1770300600,1.1809,1.18207,1.18082,1.18203,72.38156509591379,62.56556217107312,,,1625
1770300900,1.18203,1.18217,1.18084,1.18116,59.5445395096829,62.764595001389445,,,1716
1770301200,1.18116,1.18188,1.18107,1.18188,65.06631521528332,63.86941970817258,,,1206
1770301500,1.18188,1.18195,1.1806699999999999,1.18074,52.782148194676054,63.62176082083511,,,1324
1770301800,1.18074,1.18124,1.18062,1.18115,55.99958455619815,63.49450645734767,,,2063
1770302100,1.18115,1.18165,1.18088,1.18126,56.84913037197323,63.22469038352823,,,1772
1770302400,1.18126,1.18144,1.18051,1.18073,51.672389339493556,62.41814388433191,,,2009
1770302700,1.18073,1.18086,1.1801,1.18016,46.74259190681709,61.226069675648965,,,1810
1770303000,1.18016,1.18058,1.18016,1.1803299999999999,48.326030069360336,60.03656092252998,,,1266
1770303300,1.1803299999999999,1.18041,1.17954,1.17976,43.640863517547565,58.62356744876472,,,1347
1770303600,1.17976,1.18115,1.17975,1.18061,51.23352492272471,57.05455398864213,,,3964
1770303900,1.18061,1.18066,1.17994,1.18054,50.62861659851266,55.83596356585999,,,2133
1770304200,1.18054,1.18081,1.18041,1.18074,52.359347947152344,54.99312318081388,,,1579
1770304500,1.18074,1.18085,1.18029,1.18029,48.26005132598655,53.9633356122373,,,1365
1770304800,1.18029,1.18059,1.17968,1.17968,43.31004499233415,51.88679846198162,,,1235
1770305100,1.17968,1.17995,1.17901,1.1792,39.8466217423523,50.479804335743715,,,1772
1770305400,1.1792,1.17942,1.17879,1.1789,37.81143264863942,48.533027009554864,,,2178
1770305700,1.1789,1.17912,1.1784,1.17885,37.46794857257046,47.4391556079759,,,2002
1770306000,1.17885,1.17916,1.17865,1.17865,36.0569795049609,46.0146838186018,,,1846
1770306300,1.17865,1.17872,1.17817,1.17871,36.82558720221672,44.58443073504777,,,1374
1770306600,1.17871,1.17917,1.17861,1.17902,40.785920107598514,43.80682578991241,,,1567
1770306900,1.17902,1.17944,1.17902,1.17913,42.171239889609495,43.480300645826155,,,1669
1770307200,1.17913,1.1792,1.17868,1.17875,38.79469171428847,42.799490763321025,,,1685
1770307500,1.17875,1.17894,1.17849,1.17876,38.93325954132299,42.463233336447836,,,1227
1770307800,1.17876,1.17905,1.17856,1.17866,38.00660662673439,41.51845345816281,,,1146
1770308100,1.17866,1.17924,1.17858,1.1791099999999999,44.4176727363751,41.07481461086727,,,1322
1770308400,1.1791099999999999,1.17927,1.17895,1.17912,44.55489362789866,40.517353588063436,,,906
1770308700,1.17912,1.17926,1.17856,1.17876,40.662925177071656,39.974701720283804,,,1360
1770309000,1.17876,1.17941,1.17875,1.1792,46.781766787718375,40.22268184852554,,,1201
1770309300,1.1792,1.1794499999999999,1.17897,1.1793,48.09188458710704,40.811629194579446,,,938
1770309600,1.1793,1.1796,1.17918,1.17957,51.55932143768866,41.7936212509401,,,831
1770309900,1.17957,1.17987,1.1795,1.17986,55.03371658191713,43.04831896589344,,,969
1770310200,1.17986,1.1803299999999999,1.17984,1.18012,57.94601691798913,44.6118216382526,,,955
1770310500,1.18012,1.1803,1.1798899999999999,1.18012,57.94601691798913,46.120423760807775,,,717
1770310800,1.18012,1.18021,1.17991,1.18019,58.779612295949484,47.40568748854713,,,740
1770311100,1.18019,1.18026,1.17976,1.18012,57.55108070397418,48.50424754671603,,,563
1770311400,1.18012,1.18017,1.17958,1.17982,52.48786512864634,49.4823313620273,,,623
1770311700,1.17982,1.18,1.17973,1.17983,52.637444427048194,50.461201711007675,,,624
1770312000,1.17983,1.18014,1.17978,1.18003,55.645068411933444,51.721091838521886,,,664
1770312300,1.18003,1.18036,1.18003,1.18036,60.142523526276555,52.844295466371996,,,744
1770312600,1.18036,1.18042,1.1802,1.1803,58.97170231331548,53.874067515330346,,,426
1770312900,1.1803,1.18038,1.18008,1.1802,56.980707157549936,55.03962337107879,,,546
1770313200,1.1802,1.1804,1.17995,1.18037,59.48495044307347,55.946993632175584,,,640
1770313500,1.18037,1.1804,1.17992,1.17997,51.838476182404825,56.214607317554,,,562
1770313800,1.17997,1.18004,1.1797199999999999,1.17985,49.771475679401384,56.08690404910491,,,511
1770314100,1.17985,1.18012,1.17981,1.18008,53.59110206158384,55.98386015479539,,,518
1770314400,1.18008,1.18027,1.18007,1.1802,55.49278864557117,55.80862956390839,,,492
1770314700,1.1802,1.18028,1.18014,1.18024,56.13798176454489,55.67948419580524,,,305
1770315000,1.18024,1.18024,1.17995,1.18,51.32996225072608,55.14736633543214,,,306
1770315300,1.18,1.18015,1.17996,1.1801,53.13118267548477,54.83165933339718,,,265
1770315600,1.1801,1.18011,1.17968,1.17976,46.790622824774594,54.4247134545492,,,451
1770315900,1.17976,1.18001,1.17969,1.17976,46.7906228247746,54.00708334010108,,,395
1770316200,1.17976,1.18025,1.1796,1.18024,55.4879767836904,53.9958625095123,,,358
1770316500,1.18024,1.18025,1.18,1.18005,51.87353012127873,53.405220123441026,,,318
1770316800,1.18005,1.18008,1.17995,1.18,50.93327518726527,52.83104675729459,,,264
1770317100,1.18,1.18001,1.17956,1.17956,43.466664790172665,51.865758016767636,,,356
1770317400,1.17956,1.17969,1.1792799999999999,1.17934,40.28659170066141,50.49444667802391,,,432
1770317700,1.17934,1.17952,1.17919,1.17933,40.14282750277651,49.659043200907604,,,445
1770318000,1.17933,1.17967,1.17925,1.17966,46.87957655736824,49.45247897790524,,,720
1770318300,1.17966,1.17971,1.17954,1.17965,46.70802430946171,48.96083056703937,,,302
1770318600,1.17965,1.17968,1.17942,1.17951,44.26575619404135,48.15889967764439,,,261
1770318900,1.17951,1.17969,1.17938,1.17965,47.23685567903493,47.523104957250816,,,274
1770319200,1.17965,1.17973,1.17954,1.17964,47.04394535720565,47.21696089342793,,,292
1770319500,1.17964,1.17969,1.1794499999999999,1.17956,45.444994166209995,46.667947428479735,,,282
1770319800,1.17956,1.1797,1.1794,1.17961,46.66512788395957,46.658983504135804,,,510
1770320100,1.17961,1.17962,1.1794,1.1794499999999999,43.32583561840347,46.41149870368072,,,285
1770320400,1.1794499999999999,1.17961,1.17938,1.17942,42.70872287946963,45.498694853379234,,,328
1770320700,1.17942,1.17971,1.17931,1.17961,47.78164058021759,45.20641702901772,,,366
1770321000,1.17961,1.17962,1.17935,1.1795,45.281775729661554,44.80273849633175,,,336
1770321300,1.1795,1.17962,1.17938,1.17941,43.28632637212223,44.78985718075672,,,329
1770321600,1.17941,1.17946,1.17916,1.17918,38.60440482594097,44.66970097541955,,,355
1770321900,1.17918,1.17936,1.17896,1.17921,39.523245019327305,44.6254450837446,,,620
1770322200,1.17921,1.17925,1.1788399999999999,1.17885,33.11803640124036,43.64247792973548,,,418
1770322500,1.17885,1.17899,1.17869,1.1788,32.334253631152805,42.615780024141976,,,312
1770322800,1.1788,1.17907,1.17879,1.17896,37.43677597854909,42.12799572303539,,,385
1770323100,1.17896,1.17908,1.1789,1.17908,41.02850936293931,41.68454241474284,,,328
1770323400,1.17908,1.17908,1.17869,1.17875,35.06647518423112,40.829008830958955,,,379
1770323700,1.17875,1.17878,1.17856,1.1786,32.73774342535829,39.92134806375526,,,324
1770324000,1.1786,1.17871,1.17833,1.17838,29.629806004328017,38.70453935806729,,,359
1770324300,1.17838,1.17847,1.17829,1.17833,28.956970870729123,37.67819187609056,,,413
1770324600,1.17833,1.17839,1.17807,1.17811,26.143859572408445,36.49498735415761,,,569
1770324900,1.17811,1.1782299999999999,1.17797,1.17808,25.776124824365326,34.92316480016816,,,544
1770325200,1.17808,1.17817,1.17771,1.17796,24.303543651584363,33.42471965173408,,,714
1770325500,1.17796,1.17797,1.17764,1.1777199999999999,21.64068944457243,31.878602728337672,,,265
1770325800,1.1777199999999999,1.17785,1.17771,1.17783,25.661009016869784,30.954074456261157,,,239
1770326100,1.17783,1.17797,1.17777,1.17787,27.125205312510857,30.068500191488557,,,231
1770326400,1.17787,1.1778899999999999,1.17766,1.17783,26.561795058785776,29.600197238456087,,,279
1770326700,1.17783,1.17802,1.17781,1.17799,32.59296558481233,29.618676663717483,,,314
1770327000,1.17799,1.17843,1.1777,1.1777199999999999,28.36025858524792,28.970353992767404,,,415
1770327300,1.1777199999999999,1.17776,1.17746,1.17752,25.69803148489767,27.87531985862157,,,225
1770327600,1.17752,1.1778,1.17752,1.17756,27.170536236963244,27.311324219531006,,,292
1770327900,1.17756,1.17767,1.17749,1.17764,30.151970399187945,27.126626146233125,,,335
1770328200,1.17764,1.17781,1.17749,1.17751,28.13628428848132,27.01994602367265,,,261
1770328500,1.17751,1.17794,1.17751,1.1777,34.97796346223227,27.450016923065732,,,552
1770328800,1.1777,1.1777,1.1776,1.17766,34.23892968149377,28.028236216571827,,,22
1770329100,1.17766,1.17778,1.17765,1.17774,37.1013018855399,28.837177435227154,,,128
1770329400,1.17774,1.17774,1.17768,1.17771,36.46039555717453,29.70552399991217,,,46
1770329700,1.17771,1.17787,1.1777,1.17786,41.867663348230494,31.15030785017346,,,56
1770330000,1.17786,1.17796,1.17782,1.17792,43.92336457166765,32.454761818373306,,,58
1770330300,1.17792,1.17793,1.17782,1.17787,42.572310071525855,33.55812644401723,,,35
1770330600,1.17787,1.17799,1.17785,1.17794,45.11752059620889,34.88353541097603,,,57
1770330900,1.17794,1.178,1.17794,1.17797,46.21766554925065,35.85672826557877,,,34
1770331200,1.17797,1.17802,1.17795,1.17801,47.722384457073396,37.23973725642344,,,46
1770331500,1.17801,1.17817,1.17796,1.17809,50.69359706094675,39.025134797569805,,,167
1770331800,1.17809,1.17813,1.17802,1.17803,48.46862479217127,40.546426837227514,,,97
1770332100,1.17803,1.17803,1.17796,1.17798,46.63184322059934,41.72356061018547,,,77
1770332400,1.17798,1.17805,1.17761,1.17794,45.15749086179123,42.939361079707616,,,267
1770332700,1.17794,1.17794,1.1778,1.17787,42.61806705245177,43.48508276472329,,,105
1770333000,1.17787,1.17787,1.17759,1.17765,35.803474650808795,43.59683597681722,,,168
1770333300,1.17765,1.17769,1.17749,1.1775,32.04152812315357,43.23542356521819,,,249
1770333600,1.1775,1.17776,1.17748,1.17763,38.110831756926956,43.35331186520051,,,192
1770333900,1.17763,1.17777,1.17758,1.17764,38.565348608236455,43.11743224091522,,,240
1770334200,1.17764,1.17783,1.17752,1.17782,46.22135654452868,43.28157452469101,,,268
1770334500,1.17782,1.17782,1.17762,1.17766,41.295073296812674,43.190343326497214,,,211
1770334800,1.17766,1.17795,1.17763,1.17781,46.99832152877618,43.324686250252014,,,274
1770335100,1.17781,1.1779,1.1777199999999999,1.1777199999999999,44.22228704038558,43.18215921390452,,,184
1770335400,1.1777199999999999,1.17785,1.17771,1.17777,46.126137363957525,43.068141564396235,,,207
1770335700,1.17777,1.17792,1.17762,1.17764,42.102337777805346,42.45448018702899,,,261
1770336000,1.17764,1.1779,1.17761,1.17777,47.07443319910487,42.35489507323854,,,614
1770336300,1.17777,1.17786,1.17757,1.17762,42.5354172005999,42.06229321466715,,,613
1770336600,1.17762,1.1777199999999999,1.17742,1.17742,37.36249544961536,41.50550782808316,,,615
1770336900,1.17742,1.17742,1.17665,1.17674,25.85110244276376,40.30786749881973,,,1130
1770337200,1.17674,1.1774499999999999,1.17655,1.1774499999999999,44.929606058801035,40.959734027962035,,,958
1770337500,1.1774499999999999,1.17746,1.17715,1.17734,43.080183402304534,41.74820940504425,,,627
1770337800,1.17734,1.17755,1.17729,1.17751,46.72965503094618,42.36383963890277,,,443
1770338100,1.17751,1.17768,1.17738,1.17768,50.170296993591485,43.19276452357098,,,517
1770338400,1.17768,1.17776,1.17759,1.1777,50.57475049598336,43.50372123438917,,,369
1770338700,1.1777,1.17786,1.17764,1.17785,53.615621454553406,44.38376038851351,,,346
1770339000,1.17785,1.17787,1.17766,1.17774,51.131222125331135,44.678967573981716,,,453
1770339300,1.17774,1.17832,1.17768,1.17828,60.74707556451262,45.85930961141936,,,744
1770339600,1.17828,1.17842,1.17797,1.1781,56.73929684241113,46.61739243130891,,,875
1770339900,1.1781,1.17841,1.17803,1.17831,60.0507489238337,47.899421798882365,,,454
1770340200,1.17831,1.17846,1.17814,1.17836,60.819750953368185,48.88123020990117,,,434
1770340500,1.17836,1.17837,1.17786,1.17795,51.983241666483494,49.55607481460714,,,496
1770340800,1.17795,1.17805,1.17792,1.17795,51.983241666483494,50.60041383009773,,,517
1770341100,1.17795,1.17807,1.17786,1.17807,54.240018906282785,52.628193577491935,,,377
1770341400,1.17807,1.17821,1.17791,1.17818,56.26901512190477,53.43815136771364,,,458
1770341700,1.17818,1.17831,1.17804,1.1783,58.434246455007504,54.534870157192415,,,366
1770342000,1.1783,1.17853,1.17827,1.17832,58.800381811333565,55.397064927220086,,,442
1770342300,1.17832,1.17872,1.17824,1.17861,63.78212829037287,56.3693385912759,,,616
1770342600,1.17861,1.17877,1.17861,1.17877,66.20977864003379,57.486126315850925,,,402
1770342900,1.17877,1.17881,1.17822,1.17851,59.258683142038265,57.88920215067128,,,610
1770343200,1.17851,1.17885,1.17846,1.17868,62.063164018407825,58.6700551430339,,,682
1770343500,1.17868,1.17888,1.17863,1.17883,64.39226737787638,58.93042598684559,,,541
1770343800,1.17883,1.17892,1.1787,1.17877,62.73317861113212,59.35856039889709,,,404
1770344100,1.17877,1.17882,1.17849,1.17876,62.44440144832328,59.52953557921778,,,351
1770344400,1.17876,1.17882,1.1786699999999999,1.17873,61.52933275881349,59.58021999389244,,,345
1770344700,1.17873,1.1791099999999999,1.17871,1.17903,66.77300917023173,60.63663195844589,,,306
1770345000,1.17903,1.17912,1.17882,1.17901,66.12590939848599,61.64682251073178,,,527
1770345300,1.17901,1.17915,1.17894,1.17902,66.30175530601522,62.50837511071267,,,298
1770345600,1.17902,1.17903,1.17887,1.17889,61.80965952644135,62.90413542532242,,,192
1770345900,1.17889,1.17891,1.17864,1.17877,57.90938218432247,62.866645120273496,,,389
1770346200,1.17877,1.17892,1.17877,1.17888,60.37756017741975,62.979300717851075,,,245
1770346500,1.17888,1.17888,1.17869,1.17875,56.184392628392054,62.436605313423875,,,366
1770346800,1.17875,1.17891,1.17868,1.17887,59.013991414415,61.92262051159396,,,377
1770347100,1.17887,1.17897,1.17881,1.17881,57.03081967308417,61.76348740666867,,,193
1770347400,1.17881,1.17901,1.17878,1.17895,60.37675004435326,61.64302926566478,,,224
1770347700,1.17895,1.17904,1.17893,1.17894,60.017255248663545,61.330528399292426,,,115
1770348000,1.17894,1.17894,1.17866,1.17866,50.88183812328433,60.48400407873187,,,158
1770348300,1.17866,1.17889,1.17859,1.17888,56.486227734796564,60.05842024205139,,,288
1770348600,1.17888,1.17888,1.17871,1.17872,51.85242765446203,59.36721273459772,,,230
1770348900,1.17872,1.17872,1.17858,1.17859,48.37973567218316,58.053407484737114,,,180
1770349200,1.17859,1.17882,1.17855,1.17882,54.22130750671294,57.2030787781819,,,209
1770349500,1.17882,1.17887,1.17877,1.17882,54.22130750671294,56.3401896496603,,,154
1770349800,1.17882,1.17886,1.17869,1.1787,50.746442957630634,55.54995989474525,,,139
1770350100,1.1787,1.17886,1.1787,1.17875,52.12322817909389,55.13666318008607,,,213
1770350400,1.17875,1.1789,1.17875,1.17881,53.79242556727494,54.666296422218586,,,154
1770350700,1.17881,1.17892,1.17876,1.17887,55.4645677099873,54.614880356618244,,,164
1770351000,1.17887,1.17895,1.17883,1.17895,57.66439801305797,54.51848082794988,,,222
1770351300,1.17895,1.17902,1.17885,1.17885,54.069158602722375,54.306933608638325,,,106
1770351600,1.17885,1.17889,1.1787,1.17875,50.667180791877705,53.613392947747215,,,132
1770351900,1.17875,1.17903,1.17871,1.179,57.81346681762338,53.4559794883872,,,193
1770352200,1.179,1.17916,1.17891,1.17907,59.57907145365082,54.077210440556236,,,202
1770352500,1.17907,1.17952,1.17901,1.17948,68.02120500455514,54.90113738839613,,,292
1770352800,1.17948,1.17961,1.17946,1.17952,68.70786530824745,56.10509722080938,,,271
1770353100,1.17952,1.17962,1.17939,1.1796,70.09109724039199,57.65590876139572,,,204
1770353400,1.1796,1.17962,1.17933,1.1794,62.6366870557926,58.25700730061569,,,225
1770353700,1.1794,1.1795,1.17933,1.1795,64.66047860908273,59.0026623793564,,,168
1770354000,1.1795,1.17971,1.17947,1.17962,66.9723516611601,60.161655858179934,,,208
1770354300,1.17962,1.1797199999999999,1.17951,1.1797199999999999,68.80385488897734,61.35312919460018,,,222
1770354600,1.1797199999999999,1.17982,1.17968,1.17977,69.70835289337745,62.48998114646464,,,226
1770354900,1.17977,1.18013,1.17977,1.1798899999999999,71.82010066079278,63.65823350009361,,,324
1770355200,1.1798899999999999,1.17993,1.17981,1.17987,70.93253988939989,64.60595791983232,,,154
1770355500,1.17987,1.17992,1.1797199999999999,1.17977,66.50692475197361,65.49436978763597,,,172
1770355800,1.17977,1.17982,1.17961,1.17981,67.38354120007904,66.68839553107894,,,222
1770356100,1.17981,1.17981,1.17968,1.17977,65.53630998767838,67.24002718608286,,,163
1770356400,1.17977,1.17977,1.17952,1.17954,56.025721069305945,66.98621644434394,,,194
1770356700,1.17954,1.17961,1.17951,1.17955,56.32250473735122,66.15059499668652,,,162
1770357000,1.17955,1.17981,1.17955,1.1797199999999999,61.12577102815415,65.60901683382271,,,273
1770357300,1.1797199999999999,1.17988,1.17968,1.17982,63.65756697274486,65.1494789575622,,,276
1770357600,1.17982,1.17982,1.17954,1.17961,55.4851969584263,64.63865823632175,,,236
1770357900,1.17961,1.17962,1.17943,1.17953,52.70907369366616,63.78498645664914,,,367
1770358200,1.17953,1.18009,1.17943,1.17977,59.28976033189824,63.23622993313044,,,658
1770358500,1.17977,1.17996,1.1797199999999999,1.17982,60.522266350405836,62.64468789466104,,,282
1770358800,1.17982,1.17992,1.17974,1.17984,61.03049016020766,62.02484055657748,,,350
1770359100,1.17984,1.18008,1.17979,1.17993,63.31894233963809,61.41761496220929,,,395
1770359400,1.17993,1.18017,1.17983,1.18009,67.02616380532751,61.138588099061266,,,401
1770359700,1.18009,1.18011,1.17958,1.17964,51.31721913469632,60.0536091263986,,,546
1770360000,1.17964,1.17998,1.1796,1.17996,58.72534346354177,59.435166430931645,,,282
1770360300,1.17996,1.18007,1.17982,1.17984,55.325387442882246,58.70581482058907,,,322
1770360600,1.17984,1.1799,1.17954,1.17968,51.079054856196606,58.35248151965269,,,368
1770360900,1.17968,1.17982,1.17966,1.1797,51.579336964029814,58.0136838215583,,,448
1770361200,1.1797,1.17975,1.17952,1.17952,46.92798472505493,56.99955622847978,,,432
1770361500,1.17952,1.1797,1.17939,1.1794,44.07444606340611,55.60076187781273,,,322
1770361800,1.1794,1.17944,1.17913,1.17917,39.159484798518235,54.434639580676446,,,296
1770362100,1.17917,1.17942,1.17915,1.17927,42.17859340687953,53.68246241733454,,,313
1770362400,1.17927,1.17936,1.17913,1.1792799999999999,42.48595137539155,52.48219034901264,,,397
1770362700,1.1792799999999999,1.17952,1.1792799999999999,1.17934,44.39580173884303,51.3303000196153,,,470
1770363000,1.17934,1.1795,1.17921,1.1795,49.23672756169783,50.48788840543602,,,365
1770363300,1.1795,1.17967,1.17922,1.17927,43.388930095008504,49.06431610224819,,,436
1770363600,1.17927,1.17938,1.17907,1.17913,40.25487579788495,47.152081244573715,,,523
1770363900,1.17913,1.17914,1.17886,1.17892,36.04865051948588,46.06146920063012,,,394
1770364200,1.17892,1.17913,1.17892,1.17901,38.990880996350924,44.65186473868791,,,423
1770364500,1.17901,1.17918,1.17892,1.17914,43.065508820504036,43.77615912280375,,,378
1770364800,1.17914,1.17918,1.17883,1.17895,38.96905554848429,42.91115917225287,,,785
1770365100,1.17895,1.1791,1.17876,1.1788399999999999,36.787328383479895,41.85458713078502,,,691
1770365400,1.1788399999999999,1.17915,1.17856,1.179,41.8840172869836,41.49430374235135,,,740
1770365700,1.179,1.17936,1.1788399999999999,1.17901,42.19770230941021,41.36025061706594,,,775
1770366000,1.17901,1.1794,1.17874,1.1788399999999999,38.40284698397323,41.30620505888414,,,703
1770366300,1.1788399999999999,1.17908,1.17868,1.1787,35.566185532611385,40.83389021072213,,,550
1770366600,1.1787,1.17923,1.1787,1.17917,49.14673723625696,41.30966062935538,,,736
1770366900,1.17917,1.17934,1.17899,1.17902,45.82700446573613,41.41188939556202,,,732
1770367200,1.17902,1.17907,1.17886,1.17896,44.5312636815694,41.0757848326957,,,588
1770367500,1.17896,1.17912,1.1788,1.17891,43.42926128698437,41.07866563212256,,,416
1770367800,1.17891,1.17931,1.1788,1.17925,52.10829564600311,41.92533847841671,,,654
1770368100,1.17925,1.17957,1.1791,1.17922,51.35956108129363,43.018974947117265,,,570
1770368400,1.17922,1.17939,1.17906,1.17935,54.416161630752825,44.120780706717404,,,673
1770368700,1.17935,1.17952,1.17924,1.17949,57.51265504791611,45.15271972296112,,,459
1770369000,1.17949,1.17949,1.17917,1.1792,49.94432500462484,45.936667541256874,,,414
1770369300,1.1792,1.17952,1.179,1.1792799999999999,51.827591076532656,47.01097201933207,,,657
1770369600,1.1792799999999999,1.17952,1.17922,1.1794,54.587589641625875,47.91837004466366,,,550
1770369900,1.1794,1.1795,1.17919,1.17941,54.81989603123644,48.819955310508384,,,424
1770370200,1.17941,1.17978,1.17941,1.17969,60.85765963907055,50.423870500158195,,,529
1770370500,1.17969,1.17977,1.17938,1.1794,52.96311556026021,51.666508359275966,,,574
1770370800,1.1794,1.1797199999999999,1.17933,1.17963,57.654816755677025,52.27422832494882,,,508
1770371100,1.17963,1.17981,1.1795,1.17957,56.08324917480851,53.006817232739714,,,458
1770371400,1.17957,1.17981,1.17953,1.17956,55.8101977421937,53.81245537992716,,,411
1770371700,1.17956,1.1796,1.17917,1.17919,46.742279628845566,54.049099547202964,,,484
1770372000,1.17919,1.17959,1.17917,1.17958,55.03530907154453,54.25817193474164,,,438
1770372300,1.17958,1.17981,1.17956,1.17973,57.75969727771604,54.71532452020038,,,298
1770372600,1.17973,1.17997,1.17969,1.1798899999999999,60.508327472406584,55.150479223175644,,,341
1770372900,1.1798899999999999,1.17997,1.1796,1.17962,54.10962021314963,54.90740530640661,,,312
1770373200,1.17962,1.17966,1.17944,1.17951,51.710408009134746,55.033554092443026,,,286
1770373500,1.17951,1.17955,1.17914,1.17915,44.72155966772888,54.525980420385615,,,329
1770373800,1.17915,1.17935,1.17906,1.17925,46.86964986124064,53.97469900750095,,,399
1770374100,1.17925,1.17955,1.17921,1.1794499999999999,50.97307108189743,53.69992579683389,,,410
1770374400,1.1794499999999999,1.17957,1.17931,1.17944,50.76196703809195,52.978804896763975,,,391
1770374700,1.17944,1.17944,1.17905,1.1791,44.077907337252725,52.344147166549156,,,544
1770375000,1.1791,1.1791099999999999,1.17897,1.179,42.313157781355855,51.24831438266908,,,404
1770375300,1.179,1.17941,1.179,1.1792,46.89278686373949,50.59185278902129,,,567
1770375600,1.1792,1.17925,1.17883,1.1788399999999999,40.638866921892266,49.508186301856895,,,622
1770375900,1.1788399999999999,1.17907,1.17873,1.179,44.20072796003466,49.32664689694184,,,552
1770376200,1.179,1.1791,1.17891,1.179,44.20072796003466,48.5527482461197,,,452
1770376500,1.179,1.179,1.17856,1.17873,39.55561691773159,47.252456791835094,,,479
1770376800,1.17873,1.1793,1.17864,1.17926,50.5429372671807,46.540643205747536,,,577
1770377100,1.17926,1.17932,1.1791099999999999,1.17917,48.91684349653831,46.169730583132434,,,408
1770377400,1.17917,1.1793,1.17897,1.17904,46.58542265057477,45.80366020037815,,,361
1770377700,1.17904,1.1791099999999999,1.17877,1.17882,42.86234424686906,45.670859098888165,,,357
1770378000,1.17882,1.17893,1.17878,1.17891,44.805693833635644,45.52343366834494,,,357
1770378300,1.17891,1.17916,1.17885,1.1791099999999999,48.960113661418,45.37965099545356,,,373
1770378600,1.1791099999999999,1.17921,1.179,1.17916,49.973879427889564,45.32335902329624,,,394
1770378900,1.17916,1.17916,1.17888,1.17901,46.96041683833383,45.529252559087745,,,564
1770379200,1.17901,1.17913,1.17892,1.17912,49.37145611940263,46.03341672609109,,,529
1770379500,1.17912,1.1793,1.17898,1.17916,50.25695604907864,46.273714525043886,,,416
1770379800,1.17916,1.17919,1.17881,1.17903,47.357919105096165,46.753646823844164,,,314
1770380100,1.17903,1.1791,1.17891,1.17892,44.992895249528594,46.810230201665156,,,338
1770380400,1.17892,1.17908,1.17889,1.17902,47.55692500696195,47.049958562159965,,,501
1770380700,1.17902,1.17917,1.17897,1.17916,51.00049330616638,47.86744973276245,,,312
1770381000,1.17916,1.17923,1.17893,1.17898,46.75007191448835,47.59653077899871,,,364
1770381300,1.17898,1.1791099999999999,1.17897,1.17899,47.014269422494316,47.460632630852714,,,351
1770381600,1.17899,1.17916,1.17883,1.179,47.29587353588788,47.51137912266079,,,441
1770381900,1.179,1.17929,1.17895,1.17927,54.35036657622493,48.33195214618621,,,344
1770382200,1.17927,1.17927,1.17894,1.17918,51.85861067223949,48.835731920372204,,,482
1770382500,1.17918,1.17932,1.17906,1.17926,53.88256328358261,49.18733546481253,,,635
1770382800,1.17926,1.17977,1.17926,1.17954,60.19092433439781,49.91712438670597,,,746
1770383100,1.17954,1.17956,1.1793,1.17936,54.98393863961514,50.4902330867975,,,471
1770383400,1.17936,1.17946,1.17922,1.17936,54.98393863961514,50.89112469538411,,,510
1770383700,1.17936,1.17956,1.17936,1.17954,59.08852911022718,51.52195134260901,,,464
1770384000,1.17954,1.17994,1.17939,1.17994,66.41673170145505,52.88329509949178,,,593
1770384300,1.17994,1.18015,1.1798899999999999,1.18009,68.68220769182324,54.57538884536997,,,457
1770384600,1.18009,1.18047,1.18009,1.18042,72.99782234709795,56.392595798236826,,,552
1770384900,1.18042,1.18055,1.18028,1.18034,70.46285434433747,57.78276444382048,,,839
1770385200,1.18034,1.1804999999999999,1.18023,1.1803299999999999,70.13499163511972,59.45311585243701,,,561
1770385500,1.1803299999999999,1.18072,1.18026,1.18052,72.73118121004484,61.29003812297633,,,472
1770385800,1.18052,1.18091,1.18051,1.18076,75.61482707688555,63.31282051876188,,,779
1770386100,1.18076,1.1811,1.1807,1.18102,78.29290986348104,65.02300218213732,,,649
1770386400,1.18102,1.18149,1.18098,1.18131,80.82275382420582,67.09186955013492,,,1015
1770386700,1.18131,1.18151,1.18121,1.18131,80.82275382420582,69.01616887446515,,,801
1770387000,1.18131,1.18142,1.18121,1.18122,77.56893165604833,70.2574551117259,,,687
1770387300,1.18122,1.1815499999999999,1.18116,1.18142,79.54015021872381,72.01147022451937,,,658
1770387600,1.18142,1.18152,1.18105,1.18116,70.8263478586048,73.14307088301864,,,602
1770387900,1.18116,1.1812799999999999,1.18098,1.18126,72.09268874751811,74.07193942853941,,,526
1770388200,1.18126,1.18195,1.18116,1.18184,78.04521905175174,74.90254566784633,,,1225
1770388500,1.18184,1.18229,1.18179,1.18218,80.6506819282261,75.75743668473226,,,1213
1770388800,1.18218,1.18254,1.18197,1.1823299999999999,81.6834357714679,76.37783764361582,,,1307
1770389100,1.1823299999999999,1.1824,1.18218,1.18236,81.89160938891689,77.1941772896572,,,1037
1770389400,1.18236,1.18262,1.18224,1.18234,81.22880531975562,77.9865925528455,,,1197
1770389700,1.18234,1.18236,1.18178,1.1820599999999999,72.39465143225073,77.96255471157448,,,894
1770390000,1.1820599999999999,1.18214,1.18165,1.18173,63.61361884864515,77.10532555241444,,,1242
1770390300,1.18173,1.1824,1.18169,1.18199,67.00893014298887,76.29932700095071,,,1193
1770390600,1.18199,1.18201,1.18117,1.18138,54.2245932414817,74.39945838789899,,,1168
1770390900,1.18138,1.18158,1.1812,1.18121,51.28786401753731,72.28982340170839,,,944
1770391200,1.18121,1.18137,1.18085,1.18086,45.7894568114697,70.0198609128099,,,829
1770391500,1.18086,1.18106,1.18075,1.18076,44.32724702376167,67.50465354174118,,,881
1770391800,1.18076,1.18081,1.1804999999999999,1.18069,43.28524913291661,65.53743220419203,,,885
1770392100,1.18069,1.18118,1.18066,1.18117,51.67412366399152,64.07896326965441,,,849
1770392400,1.18117,1.18152,1.18104,1.1814,55.10112601025855,62.440099480976336,,,960
1770392700,1.1814,1.18146,1.18116,1.18127,52.82108740331647,60.45227130062564,,,936
1770393000,1.18127,1.18177,1.18123,1.18146,55.70593077630923,58.59673522954288,,,1316
1770393300,1.18146,1.18194,1.18138,1.18192,61.7966027545158,57.16137761279994,,,877
1770393600,1.18192,1.18207,1.18158,1.18165,56.85488400851815,55.42038323342583,,,1001
1770393900,1.18165,1.18177,1.18118,1.18119,49.58039989380004,53.790793837822214,,,813
1770394200,1.18119,1.18215,1.18117,1.1815,53.86448726224214,53.094427295936285,,,903
1770394500,1.1815,1.18161,1.18102,1.1813,50.86184222845123,51.94106387346931,,,703
1770394800,1.1813,1.18135,1.181,1.1813,50.86184222845123,51.70086737253855,,,669
1770395100,1.1813,1.18142,1.18105,1.18138,52.1005291092979,51.75891487909288,,,691
1770395400,1.18138,1.18187,1.18117,1.18175,57.44374246918732,52.59136385464414,,,813
1770395700,1.18175,1.18179,1.18143,1.18151,53.29113419764903,53.23164150992181,,,524
1770396000,1.18151,1.18169,1.18127,1.18168,55.732248230065565,54.12071287400387,,,658
1770396300,1.18168,1.18191,1.18154,1.18178,57.15086967050647,54.511909017326374,,,627
1770396600,1.18178,1.18178,1.18129,1.18142,50.83505296243025,54.207189513910066,,,497
1770396900,1.18142,1.18149,1.18113,1.18122,47.682394606476905,53.84014002842152,,,607
1770397200,1.18122,1.18145,1.181,1.18142,50.957822604836544,53.5009894447449,,,518
1770397500,1.18142,1.18157,1.18137,1.18139,50.44762680118102,52.69034830522099,,,417
1770397800,1.18139,1.18146,1.1811,1.18113,46.136348891216414,51.92473865398516,,,542
1770398100,1.18113,1.1815,1.18113,1.1815,52.37401734374771,52.12428275755285,,,587
1770398400,1.1815,1.18156,1.18118,1.1812,47.56437776729266,51.67427493648503,,,331
1770398700,1.1812,1.18137,1.18116,1.18122,47.90782699441801,51.463273848339796,,,314
1770399000,1.18122,1.18147,1.18122,1.18144,51.658695599324126,51.520191946259295,,,467
1770399300,1.18144,1.1817199999999999,1.18125,1.18164,54.84205412310524,51.716015161531246,,,379
1770399600,1.18164,1.18195,1.18164,1.1818,57.26648853580723,51.703354166289806,,,316
1770399900,1.1818,1.1818,1.18164,1.18176,56.450528357378204,51.92902517769904,,,214
1770400200,1.18176,1.1820599999999999,1.18162,1.18203,60.53783972142065,52.272281712795824,,,384
1770400500,1.18203,1.18204,1.18176,1.18179,55.54727437194923,52.157739191470306,,,347
1770400800,1.18179,1.18202,1.18176,1.18199,58.609432712284004,52.71305203074558,,,329
1770401100,1.18199,1.18203,1.18175,1.18193,57.33345439035576,53.40241344387978,,,287
1770401400,1.18193,1.18209,1.18191,1.18208,59.69583771869853,54.02655738058421,,,307
1770401700,1.18208,1.1822,1.1820599999999999,1.18208,59.69583771869853,54.6871438746926,,,238
1770402000,1.18208,1.18225,1.18186,1.18187,54.77184232425778,55.303964834195554,,,399
1770402300,1.18187,1.18197,1.18176,1.18196,56.43052685148163,55.59371551331941,,,300
1770402600,1.18196,1.18201,1.18179,1.18181,52.94541526583094,55.97807533464356,,,289
1770402900,1.18181,1.18222,1.1818,1.18221,60.03382182350118,56.84421782243522,,,240
1770403200,1.18221,1.18224,1.18204,1.18224,60.51425496368777,57.476757777032624,,,246
1770403500,1.18224,1.18228,1.1821,1.18221,59.74086852466049,57.82667309142943,,,225
1770403800,1.18221,1.18223,1.18199,1.18208,56.378398818054386,57.76323811158994,,,254
1770404100,1.18208,1.1821,1.18184,1.1818899999999999,51.79032480733831,57.43036642944423,,,251
1770404400,1.1818899999999999,1.18199,1.18184,1.1818899999999999,51.79032480733831,56.805543935581206,,,340
1770404700,1.1818899999999999,1.1820599999999999,1.18179,1.18185,50.78131046670241,56.46511794234929,,,300
1770405000,1.18185,1.18187,1.1817,1.18175,48.25041366477241,55.725188010384166,,,276
1770405300,1.18175,1.18178,1.18164,1.18169,46.74504776305335,54.968873251291136,,,233
1770405600,1.18169,1.18185,1.18169,1.18181,50.09833494903406,54.28333733917225,,,231
1770405900,1.18181,1.18184,1.18152,1.18154,43.466514392785335,53.12409995874987,,,318
1770406200,1.18154,1.1817199999999999,1.18145,1.18169,47.615345331602,52.6129216021316,,,333
1770406500,1.18169,1.18181,1.18163,1.1818,50.48508263534491,52.188247015264686,,,272
1770406800,1.1818,1.18197,1.18179,1.18184,51.52502118013805,52.086790294858055,,,252
1770407100,1.18184,1.18204,1.18178,1.18198,55.08096402333343,51.733014737703215,,,260
1770407400,1.18198,1.18212,1.18193,1.182,55.58224404996805,51.380728243866095,,,233
1770407700,1.182,1.18202,1.18174,1.18192,53.03283517341672,50.90158300449154,,,282
1770408000,1.18192,1.1820599999999999,1.18182,1.1819,52.385926847013366,50.616406435131466,,,352
1770408300,1.1819,1.18208,1.18183,1.1820599999999999,56.91395573801811,50.98238007303717,,,219
1770408600,1.1820599999999999,1.18212,1.18197,1.18205,56.55197427900538,51.32249789244196,,,203
1770408900,1.18205,1.18212,1.18198,1.18203,55.78774956844494,51.68010068542357,,,174
1770409200,1.18203,1.18216,1.18203,1.18211,58.219884238549426,52.392205726407646,,,211
1770409500,1.18211,1.18214,1.182,1.18213,58.82963784357981,53.25539073215953,,,246
1770409800,1.18213,1.18222,1.18208,1.18213,58.82963784357982,53.87905522462709,,,206
1770410100,1.18213,1.1822,1.18207,1.18218,60.50103562777957,55.09580674141239,,,154
1770410400,1.18218,1.18218,1.1820599999999999,1.1820599999999999,54.755640241949564,55.60582780643722,,,189
1770410700,1.1820599999999999,1.18214,1.18193,1.182,52.09195761167076,55.72060459046049,,,312
1770411000,1.182,1.18224,1.18199,1.1822,59.21432958445521,56.26984090505458,,,287
1770411300,1.1822,1.18227,1.18215,1.18221,59.53823317103653,56.588217272747656,,,277
1770411600,1.18221,1.18228,1.18215,1.18225,60.8766424680959,56.96638858832822,,,264
1770411900,1.18225,1.18236,1.18224,1.18226,61.22198838855968,57.551328103695575,,,199
1770412200,1.18226,1.18232,1.18222,1.18222,58.97933200978499,58.02228561532211,,,136
1770412500,1.18222,1.18223,1.1821,1.18213,54.17105174116344,57.82636390126106,,,88
1770412800,1.18213,1.1823,1.18208,1.18227,59.677901863271956,58.04964444299439,,,140
1770413100,1.18227,1.18239,1.1821,1.18213,52.84016736112109,57.83910285675697,,,272
1770413400,1.18213,1.18224,1.18204,1.18209,51.04074812714223,57.326307420227884,,,132
1770413700,1.18209,1.18209,1.18198,1.18198,46.3647583632289,56.43595888591711,,,114
1770414000,1.18198,1.18198,1.1816,1.1816,34.57926286564013,54.7037892446357,,,116
1770414300,1.1816,1.1816,1.18132,1.18138,29.848735579669835,52.514339241199295,,,278
1770414600,1.18138,1.18147,1.18126,1.18137,29.650179517807786,50.72109204661774,,,202
1770414900,1.18137,1.18152,1.18133,1.18141,31.609904358212404,49.25808824279928,,,232
1770588000,1.18098,1.18098,1.18093,1.18095,23.501849637069128,46.707196817985995,,,7
1770588300,1.18095,1.18135,1.18089,1.1813,36.78771570204841,45.08215985591541,,,96
1770588600,1.1813,1.18135,1.18117,1.18118,34.570814051750375,43.20317211189074,,,32
1770588900,1.18118,1.18129,1.1811,1.18113,33.66060946050855,41.234502188458514,,,171
1770589200,1.18113,1.1812,1.1811099999999999,1.18117,35.132021980057004,39.5311229006208,,,132
1770589500,1.18117,1.18119,1.18113,1.18113,34.31242736666124,38.1126497310135,,,51
1770589800,1.18113,1.1813,1.18113,1.18122,37.82694218378841,36.55186689676468,,,52
1770590100,1.18122,1.18134,1.18122,1.1813,40.85611582209083,35.69586321540537,,,60
1770590400,1.1813,1.18131,1.18126,1.18129,40.58989953994421,34.94937403060551,,,46
1770590700,1.18129,1.18136,1.18129,1.18134,42.60369859711104,34.68072690445424,,,66
1770591000,1.18134,1.18136,1.18133,1.18134,42.60369859711104,35.25390088527359,,,34
1770591300,1.18134,1.18143,1.18127,1.18134,42.60369859711104,36.16496967223368,,,353
1770591600,1.18134,1.18215,1.18115,1.18141,45.815250897844926,37.31961762795061,,,473
1770591900,1.18141,1.18158,1.18117,1.18121,39.08597042886496,37.85362234728295,,,338
1770592200,1.18121,1.18126,1.1809399999999999,1.18108,35.44200017011936,38.70649024250082,,,220
1770592500,1.18108,1.18126,1.181,1.18116,39.19863166986984,38.87869852591665,,,147
1770592800,1.18116,1.18125,1.18099,1.18116,39.19863166986984,39.209256927210895,,,185
1770593100,1.18116,1.18143,1.1811099999999999,1.18142,50.13549467442671,40.38603444249076,,,223
1770593400,1.18142,1.182,1.1813,1.18187,62.656048477147834,42.3520363351401,,,911
1770593700,1.18187,1.18207,1.18178,1.18202,65.74374973806354,44.597130790240264,,,499
1770594000,1.18202,1.18211,1.18188,1.18207,66.7312007509243,46.66172068789283,,,426
1770594300,1.18207,1.18229,1.18188,1.18224,69.90734252029102,48.73680830919284,,,637
1770594600,1.18224,1.18236,1.18211,1.18228,70.61812707530233,50.88168170457556,,,579
1770594900,1.18228,1.18277,1.18222,1.18265,76.21459904814245,53.282460308220664,,,384
1770595200,1.18265,1.18322,1.18247,1.18266,76.34573665199025,55.69260588356918,,,1042
1770595500,1.18266,1.18305,1.1826,1.18305,80.79327229295986,58.42043257612981,,,853
1770595800,1.18305,1.18334,1.1829399999999999,1.18306,80.8924774994657,60.925948761959866,,,896
1770596100,1.18306,1.18306,1.18265,1.18266,66.1698337271417,62.860510426122495,,,630
1770596400,1.18266,1.18304,1.18238,1.18299,70.87879987238769,65.39171040485594,,,480
1770596700,1.18299,1.18304,1.18277,1.18303,71.39848608157315,67.6917000056919,,,381
1770597000,1.18303,1.18306,1.18278,1.18293,68.12534064990199,69.75789350426562,,,519
1770597300,1.18293,1.1829399999999999,1.18271,1.18278,63.428189289616164,70.70737169106488,,,418
1770597600,1.18278,1.18282,1.18253,1.18281,63.963350895349194,70.80075043522211,,,351
1770597900,1.18281,1.18298,1.18276,1.18278,62.97100339119232,70.6026971247313,,,296
1770598200,1.18278,1.18306,1.18277,1.18288,64.92444551358855,70.47364317920731,,,519
1770598500,1.18288,1.1831099999999999,1.18281,1.18307,68.3417508253624,70.36181520099812,,,547
1770598800,1.18307,1.18322,1.18297,1.18308,68.51561318052795,70.21163563708566,,,565
1770599100,1.18308,1.18308,1.18272,1.18279,58.48463806124194,68.94520985230706,,,356
1770599400,1.18279,1.18295,1.18271,1.18277,57.85554445620407,67.62448183832234,,,297
1770599700,1.18277,1.18304,1.1827,1.18287,60.16290676282334,66.15088430045544,,,549
1770600000,1.18287,1.18295,1.1826699999999999,1.18278,57.131274956399324,64.45365554737927,,,381
1770600300,1.18278,1.18281,1.18245,1.18266,53.276436091051146,63.5326985733728,,,344
1770600600,1.18266,1.18321,1.18261,1.18316,64.13508056979649,63.05100433747343,,,861
1770600900,1.18316,1.18334,1.18262,1.18262,50.48808650915797,61.557404368015206,,,775
1770601200,1.18262,1.18312,1.18257,1.18297,56.89087985333726,60.754942882546295,,,461
1770601500,1.18297,1.18303,1.18271,1.18298,57.06173219413614,60.30019594715487,,,472
1770601800,1.18298,1.18302,1.1826,1.1826,49.09851736493509,59.23842212355385,,,390
1770602100,1.1826,1.18271,1.1824999999999999,1.18255,48.14642600018754,58.17952373848209,,,342
1770602400,1.18255,1.18256,1.18208,1.18212,40.81607712149873,56.45749742476139,,,417
1770602700,1.18212,1.18232,1.18158,1.18166,34.72520515659431,54.05631559127796,,,538
1770603000,1.18166,1.1820599999999999,1.18165,1.18201,41.83715589059505,52.150711499139895,,,402
1770603300,1.18201,1.18221,1.1819,1.18209,43.35630848255232,51.07011652923349,,,260
1770603600,1.18209,1.18218,1.18196,1.18213,44.141899688628534,50.09057047440667,,,240
1770603900,1.18213,1.18222,1.18208,1.18216,44.76068401315879,48.99041170657348,,,202
1770604200,1.18216,1.18242,1.18212,1.1823,47.673838291007385,48.314880516188346,,,386
1770604500,1.1823,1.18256,1.1823,1.18255,52.49197205004435,48.258847370402144,,,313
1770604800,1.18255,1.18256,1.18191,1.18205,43.804500672754905,46.80666309204203,,,337
1770605100,1.18205,1.18209,1.1818899999999999,1.18204,43.6489082074828,46.31815035620809,,,230
1770605400,1.18204,1.18217,1.18202,1.18216,46.122038041787434,45.54894736966882,,,146
1770605700,1.18216,1.18216,1.18194,1.18195,42.59862996513867,44.51586863902613,,,355
1770606000,1.18195,1.18222,1.18195,1.18215,46.76935508798178,44.34949990495805,,,210
1770606300,1.18215,1.18215,1.1820599999999999,1.18211,46.048709956440945,44.19966304469043,,,221
1770606600,1.18211,1.18212,1.18198,1.18202,44.391317669132334,44.4550373695214,,,187
1770606900,1.18202,1.18228,1.18194,1.18218,47.97617813327855,45.40153543928456,,,203
1770607200,1.18218,1.18228,1.18208,1.18223,49.08088039383749,45.91894433237331,,,157
1770607500,1.18223,1.18236,1.18217,1.18228,50.21926490350889,46.40915550529877,,,228
1770607800,1.18228,1.18232,1.18201,1.18205,45.21196099576494,46.48558845580852,,,361
1770608100,1.18205,1.18225,1.18203,1.18225,49.890798128212694,46.85202517831237,,,232
1770608400,1.18225,1.18226,1.18205,1.18225,49.890798128212694,47.01037945239846,,,243
1770608700,1.18225,1.18247,1.18225,1.18246,54.611008656261475,47.1617392099854,,,193
1770609000,1.18246,1.18248,1.18235,1.18246,54.611008656261475,47.93363263737872,,,179
1770609300,1.18246,1.18246,1.18182,1.18188,41.95256152004998,47.81246501684781,,,479
1770609600,1.18188,1.18211,1.18188,1.1821,46.97336975507149,47.87327442493953,,,252
1770609900,1.1821,1.18224,1.18209,1.18216,48.287089739801814,48.27959298027262,,,179
1770610200,1.18216,1.18229,1.18215,1.18218,48.742943840305706,48.4205636054386,,,152
1770610500,1.18218,1.18244,1.18216,1.18237,52.98316550835809,48.91588185914698,,,139
1770610800,1.18237,1.18247,1.18229,1.18241,53.84874995413085,49.59141273664687,,,158
1770611100,1.18241,1.18254,1.18231,1.18236,52.546499422682686,49.917864257318605,,,153
1770611400,1.18236,1.18245,1.18222,1.18243,54.21584718315309,50.284647599412565,,,167
1770611700,1.18243,1.18246,1.18237,1.18243,54.21584718315309,50.570117762244294,,,114
1770612000,1.18243,1.18243,1.18231,1.18232,50.949357526049305,50.97993180012175,,,181
1770612300,1.18232,1.18258,1.18231,1.18253,56.3555926789584,51.44170283946073,,,147
1770612600,1.18253,1.18253,1.18243,1.18251,55.72565039287692,51.858478001222466,,,126
1770612900,1.18251,1.1826699999999999,1.18251,1.18263,58.70804509233583,52.15112346094206,,,143
1770613200,1.18263,1.18273,1.18256,1.18273,61.06195843397923,52.6119055879219,,,202
1770613500,1.18273,1.1829,1.18271,1.18289,64.544624112952,54.22562434455775,,,264
1770613800,1.18289,1.18316,1.18282,1.18308,68.18380936251573,55.74065574508949,,,309
1770614100,1.18308,1.18324,1.18308,1.18321,70.42088984593278,57.32164146695599,,,200
1770614400,1.18321,1.18324,1.18303,1.18308,65.46387922867913,58.51599399469695,,,226
1770614700,1.18308,1.18331,1.18304,1.18331,69.54803940884891,59.69919927330343,,,178
1770615000,1.18331,1.18346,1.18331,1.18343,71.44537341595478,60.956100949147995,,,177
1770615300,1.18343,1.18362,1.18341,1.18348,72.22198381243896,62.36149269127344,,,199
1770615600,1.18348,1.18361,1.18343,1.18356,73.46547496394761,63.736466104187336,,,184
1770615900,1.18356,1.18357,1.18332,1.1834,67.00501471633562,64.64997807084323,,,193
1770616200,1.1834,1.18341,1.1832799999999999,1.1834,67.00501471633561,65.79681072729225,,,140
1770616500,1.1834,1.18342,1.18329,1.18331,63.369607392520436,66.29781177826096,,,203
1770616800,1.18331,1.18539,1.18329,1.18515,83.308502100208,68.26801547164176,,,3573
1770617100,1.18515,1.18533,1.18408,1.18421,64.10956960073281,68.65383865081297,,,1182
1770617400,1.18421,1.18441,1.18394,1.18401,60.89406209946334,68.6418460554904,,,718
1770617700,1.18401,1.18409,1.18373,1.18394,59.76421260517292,68.30038809064904,,,553
1770618000,1.18394,1.18417,1.18376,1.18412,61.73054560935283,67.83944067970883,,,600
1770618300,1.18412,1.18481,1.18412,1.18478,67.92098770791583,67.66087624127906,,,748
1770618600,1.18478,1.18495,1.18462,1.18481,68.17300309606028,67.85438508894914,,,742
1770618900,1.18481,1.18521,1.1848,1.18517,71.1064173416665,67.9656977984361,,,483
1770619200,1.18517,1.18549,1.18512,1.18543,73.03912948786474,68.07953751785824,,,713
1770619500,1.18543,1.18576,1.18521,1.18571,74.98010737969909,68.27654634409112,,,960
1770619800,1.18571,1.18571,1.18515,1.18527,66.83712045324712,67.80309245046965,,,654
1770620100,1.18527,1.18543,1.18516,1.18518,65.27554595255873,67.67955896734273,,,531
1770620400,1.18518,1.18552,1.18507,1.18526,66.03518348008419,67.61028530761048,,,914
1770620700,1.18526,1.1853,1.18488,1.18517,64.3301888427392,67.6788982683404,,,687
1770621000,1.18517,1.18557,1.18517,1.18533,66.0103704135578,66.44331743357967,,,505
1770621300,1.18533,1.18543,1.18495,1.18509,61.342759387034306,66.2456881326012,,,523
1770621600,1.18509,1.18554,1.18486,1.18491,58.02862067473311,66.04101374512048,,,722
1770621900,1.18491,1.18528,1.1849,1.18508,60.21482021345317,66.07320000285478,,,439
1770622200,1.18508,1.18578,1.18499,1.18551,65.15837325169,66.31804483445029,,,1250
1770622500,1.18551,1.18586,1.1855,1.1858,68.04244246254282,66.3267201740665,,,725
1770622800,1.1858,1.18598,1.18568,1.18595,69.45102357957154,66.41800735146016,,,523
1770623100,1.18595,1.18597,1.18541,1.18561,62.70450995078068,65.81787110925403,,,738
1770623400,1.18561,1.18561,1.18469,1.18474,49.463752487394636,64.13391560922045,,,679
1770623700,1.18474,1.18564,1.18469,1.18557,58.4729934347452,62.954836041723745,,,578
1770624000,1.18557,1.18617,1.18544,1.18613,63.235236962457016,62.69755864952446,,,959
1770624300,1.18613,1.18615,1.18574,1.1859,60.182591613168825,62.3337761967109,,,805
1770624600,1.1859,1.18622,1.18576,1.18579,58.722528985242555,61.811443732793634,,,677
1770624900,1.18579,1.18643,1.18571,1.18602,60.86065821738142,61.56362011669665,,,1035
1770625200,1.18602,1.18603,1.18554,1.1857,56.477350029375614,60.882690089255064,,,883
1770625500,1.1857,1.18571,1.18519,1.18521,50.48177596913717,60.10690555940527,,,754
1770625800,1.18521,1.18562,1.18516,1.18557,54.318722977052744,59.84191286671381,,,800
1770626100,1.18557,1.18562,1.18532,1.18553,53.81971862003236,59.38511989575518,,,575
1770626400,1.18553,1.18606,1.18522,1.18587,57.4019080051937,58.83108666386259,,,591
1770626700,1.18587,1.18617,1.18584,1.18607,59.397100392854526,58.21356223031343,,,590
1770627000,1.18607,1.18626,1.18598,1.186,58.36668488395951,57.42182375205543,,,715
1770627300,1.186,1.18648,1.18591,1.18641,62.47307854291663,57.40529293720799,,,641
1770627600,1.18641,1.1869399999999999,1.18635,1.1869,66.70031566959453,58.636476021650836,,,993
1770627900,1.1869,1.18696,1.18639,1.18655,61.381580274858635,58.844232224516084,,,784
1770628200,1.18655,1.18676,1.18643,1.18645,59.91161141268961,58.60683039953269,,,447
1770628500,1.18645,1.18651,1.18627,1.18645,59.91161141268961,58.587474670927044,,,409
1770628800,1.18645,1.18693,1.18635,1.18686,64.00993228081563,58.965146334896545,,,434
1770629100,1.18686,1.18697,1.18664,1.18681,63.16189809162915,59.129520611628536,,,516
1770629400,1.18681,1.18693,1.18662,1.1867699999999999,62.44909948121524,59.556074143902784,,,419
1770629700,1.1867699999999999,1.1869,1.18642,1.18686,63.448599698567016,60.482275838862066,,,598
1770630000,1.18686,1.1869399999999999,1.18661,1.18673,60.92598667307743,60.95422324572097,,,328
1770630300,1.18673,1.18676,1.18623,1.18624,52.459719536721025,60.85708045405587,,,433
1770630600,1.18624,1.18641,1.186,1.18622,52.14123430172231,60.48131804666506,,,467
1770630900,1.18622,1.18626,1.18604,1.1862,51.80254682838416,59.93884993491717,,,490
1770631200,1.1862,1.18631,1.18601,1.18612,50.3925162036069,59.36926645774912,,,442
1770631500,1.18612,1.1869399999999999,1.18611,1.18674,59.575924878606294,59.16232691029838,,,618
1770631800,1.18674,1.18696,1.18655,1.18661,57.18547949517926,58.48269575498301,,,718
1770632100,1.18661,1.18685,1.18655,1.18662,57.32731967904145,58.19310571242465,,,583
1770632400,1.18662,1.1868,1.1864999999999999,1.18665,57.77921767496858,58.040791874016,,,397
1770632700,1.18665,1.18665,1.18617,1.18621,49.4996325885144,57.29707910086063,,,699
1770633000,1.18621,1.18623,1.18567,1.18567,41.61757728421022,55.69762517253167,,,954
1770633300,1.18567,1.18585,1.18548,1.18573,42.7091802642829,54.23671675629266,,,794
1770633600,1.18573,1.18592,1.18562,1.1857199999999999,42.56632960924959,52.81651890829511,,,509
1770633900,1.1857199999999999,1.18656,1.1857,1.18606,48.83271336748198,51.77252702750332,,,874
1770634200,1.18606,1.1861,1.18566,1.18578,44.524354725570674,50.6009818883957,,,887
1770634500,1.18578,1.1861,1.18574,1.186,48.378110773457806,50.309438405305464,,,494
1770634800,1.186,1.18602,1.1855499999999999,1.18585,46.03021856066039,49.8729372809439,,,1601
1770635100,1.18585,1.18624,1.18585,1.1861,50.35476215534237,49.76952409001235,,,913
1770635400,1.1861,1.18641,1.18595,1.18622,52.32930702059108,49.9078662912255,,,725
1770635700,1.18622,1.18642,1.18607,1.18611,50.35231474166462,49.24903699572967,,,444
1770636000,1.18611,1.1863299999999999,1.18601,1.18617,51.43019276695838,48.83794508657103,,,388
1770636300,1.18617,1.18641,1.18615,1.18635,54.61366910485641,48.64411290270067,,,415
1770636600,1.18635,1.18653,1.18631,1.18649,56.97571907427125,48.58672014550801,,,522
1770636900,1.18649,1.18671,1.1864,1.1867,60.3122590144417,49.35905060450282,,,806
1770637200,1.1867,1.1869399999999999,1.18662,1.18688,62.963507603834884,50.883759913047435,,,675
1770637500,1.18688,1.1869399999999999,1.18658,1.1866,56.62650299874561,51.87785439408049,,,586
1770637800,1.1866,1.18699,1.18654,1.18688,60.86793543731962,53.18511195322834,,,563
1770638100,1.18688,1.18719,1.18683,1.18691,61.30454771974104,54.07595726410399,,,878
1770638400,1.18691,1.18743,1.18691,1.18737,67.32465966876165,55.70455047433193,,,1028
1770638700,1.18737,1.18749,1.18725,1.18731,65.88483955893119,56.95503110186574,,,470
1770639000,1.18731,1.18746,1.18724,1.18741,67.14595921081596,58.463298291162566,,,471
1770639300,1.18741,1.18767,1.18737,1.1875499999999999,68.88038533012977,59.786557089361665,,,507
1770639600,1.1875499999999999,1.18773,1.18749,1.18763,69.85956669421788,61.03871849462072,,,499
1770639900,1.18763,1.18774,1.18739,1.18749,65.94882847546344,62.15275518989206,,,476
1770640200,1.18749,1.18764,1.18731,1.18742,64.01909609751499,63.051962570646104,,,457
1770640500,1.18742,1.18768,1.1874,1.1875,65.26985395131221,63.81311863110724,,,429
1770640800,1.1875,1.18775,1.18749,1.18771,68.37736848030582,64.6275221601097,,,379
1770641100,1.18771,1.18791,1.1877,1.18778,69.36146562868508,65.2738940611271,,,587
1770641400,1.18778,1.18814,1.18769,1.18811,73.54171540795102,66.02948033284966,,,686
1770641700,1.18811,1.18828,1.18785,1.18812,73.65899900155576,67.24608719019325,,,1028
1770642000,1.18812,1.18853,1.18812,1.18819,74.5107551427871,68.22057431201236,,,965
1770642300,1.18819,1.18882,1.18814,1.18862,79.00241998370002,69.48470804515229,,,1215
1770642600,1.18862,1.18916,1.18856,1.18915,82.98284483887039,70.60314984301719,,,1126
1770642900,1.18915,1.18926,1.18896,1.18926,83.67455890576633,71.87384408207684,,,955
1770643200,1.18926,1.18994,1.18895,1.18991,87.0296032500095,73.29410437059066,,,1628
1770643500,1.18991,1.19028,1.18949,1.1896,78.7204991466142,73.9969696431967,,,1885
1770643800,1.1896,1.19024,1.1895499999999999,1.18977,79.85629049752441,74.71102134343289,,,1434
1770644100,1.18977,1.1899,1.18931,1.18954,74.09414020860895,75.29282932437185,,,1422
1770644400,1.18954,1.18965,1.18925,1.18931,68.75165544535403,75.63086927778893,,,1004
1770644700,1.18931,1.18983,1.1892,1.18981,73.26471530785426,76.20193080325622,,,895
1770645000,1.18981,1.19044,1.18958,1.1902,76.15725673684163,76.75763710729449,,,1037
1770645300,1.1902,1.19056,1.19007,1.19035,77.17989885458665,77.31609662343031,,,1299
1770645600,1.19035,1.19091,1.19027,1.19054,78.44125562116017,77.66606378151668,,,1651
1770645900,1.19054,1.19092,1.19036,1.19066,79.22239440793612,78.06344916768671,,,1632
1770646200,1.19066,1.19127,1.19064,1.19112,81.92587518448704,78.5931005992367,,,1847
1770646500,1.19112,1.19128,1.19079,1.19114,82.0353222361113,78.80973647440894,,,1432
1770646800,1.19114,1.1915,1.191,1.19135,83.18659057354937,78.82428974117171,,,2156
1770647100,1.19135,1.19179,1.19129,1.19163,84.60338189182559,78.89063424017596,,,1442
1770647400,1.19163,1.19168,1.19092,1.191,70.25797343800689,77.69266068217577,,,1499
1770647700,1.191,1.19107,1.1907,1.19103,70.51436344334252,77.10650813194208,,,1552
1770648000,1.19103,1.1914,1.19084,1.19137,73.3213289282181,76.63972516270591,,,1456
1770648300,1.19137,1.19141,1.19092,1.19099,65.78370824677444,76.04612287971773,,,841
1770648600,1.19099,1.19124,1.1905999999999999,1.19117,67.48866118850954,75.95590900422884,,,1021
1770648900,1.19117,1.19183,1.19117,1.1918199999999999,72.76601472836222,75.92028753426511,,,1183
1770649200,1.1918199999999999,1.19266,1.1918,1.19202,74.15609777584379,75.77734760847956,,,2327
1770649500,1.19202,1.19215,1.19133,1.19161,66.64605298446811,75.02493004632824,,,1463
1770649800,1.19161,1.1918,1.19109,1.19114,59.23965774710459,73.65338734103855,,,1095
1770650100,1.19114,1.19124,1.19041,1.19041,49.9540048160899,71.56278808447811,,,1172
1770650400,1.19041,1.1908,1.19032,1.19076,53.70114566989406,69.5467359762929,,,1132
1770650700,1.19076,1.19111,1.19073,1.19098,55.93455422970532,67.68239540440676,,,1061
1770651000,1.19098,1.19153,1.19098,1.19144,60.25205520192218,66.04421430643337,,,987
1770651300,1.19144,1.19152,1.1912,1.1914,59.704249732048915,64.26570486644934,,,1128
1770651600,1.1914,1.19142,1.19062,1.19082,52.281643587385815,62.98168130569069,,,1337
1770651900,1.19082,1.19133,1.1907,1.19093,53.46331303901382,61.76374913395292,,,1073
1770652200,1.19093,1.19153,1.19084,1.19115,55.819737398928424,60.51363545328938,,,1095
1770652500,1.19115,1.19123,1.19095,1.1912,56.360577694671484,59.84055469956774,,,1103
1770652800,1.1912,1.19177,1.1912,1.19123,56.703056673259404,59.07015437704988,,,1125
1770653100,1.19123,1.1913,1.19055,1.1907699999999999,50.197847284840535,57.45814241679833,,,1009
1770653400,1.1907699999999999,1.19107,1.19073,1.19089,51.75286186160467,55.857911280066965,,,750
1770653700,1.19089,1.19097,1.19022,1.19025,43.88301597058236,54.23198006478941,,,988
1770654000,1.19025,1.19034,1.19011,1.19014,42.68166311378717,53.04926616240959,,,996
1770654300,1.19014,1.19036,1.18965,1.1897199999999999,38.363190904404505,52.22135088300349,,,879
1770654600,1.1897199999999999,1.18979,1.18928,1.18953,36.561019529197935,50.99705615866805,,,1151
1770654900,1.18953,1.1897199999999999,1.1894,1.1897,39.30822539070488,49.80946124159659,,,664
1770655200,1.1897,1.19031,1.18967,1.1899,42.464926339053804,48.53895203710599,,,854
1770655500,1.1899,1.19003,1.18973,1.18975,40.75290897320628,47.1852848400458,,,404
1770655800,1.18975,1.18978,1.18949,1.18952,38.209202341165856,46.180110465315806,,,561
1770656100,1.18952,1.18976,1.18942,1.18974,41.94212564608461,45.35716850867801,,,548
1770656400,1.18974,1.19012,1.1897199999999999,1.19011,47.66817245302765,44.7749138696851,,,570
1770656700,1.19011,1.19022,1.18994,1.1899899999999999,46.08080304292017,44.040644251702865,,,454
1770657000,1.1899899999999999,1.19038,1.18997,1.19027,50.24426074505863,43.579301685402804,,,632
1770657300,1.19027,1.19051,1.18978,1.1899,45.269782607669086,43.227297065604844,,,737
1770657600,1.1899,1.19017,1.18985,1.1901599999999999,49.08454099324468,43.03670271786484,,,344
1770657900,1.1901599999999999,1.19021,1.1899899999999999,1.19002,47.177693590356135,43.27203683356297,,,334
1770658200,1.19002,1.19019,1.1899899999999999,1.19007,47.95532564285345,43.648727014210564,,,265
1770658500,1.19007,1.19066,1.18997,1.19055,54.830146575363216,44.824938133564764,,,427
1770658800,1.19055,1.19079,1.19045,1.19079,57.829634694161925,46.34412493106218,,,319
1770659100,1.19079,1.19092,1.19072,1.19086,58.69124726879269,47.72862649378275,,,372
1770659400,1.19086,1.19099,1.19081,1.19099,60.31299388038112,49.00348846102041,,,310
1770659700,1.19099,1.19108,1.19082,1.19085,57.68645325945121,50.21302733860933,,,430
1770660000,1.19085,1.19127,1.19081,1.19122,62.35267841271545,51.93756134372001,,,545
1770660300,1.19122,1.19141,1.19113,1.1913,63.295180455849064,53.46277954441747,,,502
1770660600,1.1913,1.19142,1.1912099999999999,1.19127,62.66165217136688,54.53374238144171,,,390
1770660900,1.19127,1.1913799999999999,1.19097,1.19097,56.56453841856861,55.28258062255946,,,372
1770661200,1.19097,1.19112,1.19034,1.19085,54.28902614657647,55.57149243695359,,,1249
1770661500,1.19085,1.1912099999999999,1.1907,1.19117,59.02302594325587,56.553866960924076,,,532
1770661800,1.19117,1.19132,1.19108,1.1912,59.44704582227592,57.29404587728345,,,360
1770662100,1.1912,1.19128,1.19112,1.19128,60.617365516282845,58.25402244342107,,,259
1770662400,1.19128,1.19133,1.19111,1.19127,60.3827861218999,59.141698191924384,,,315
1770662700,1.19127,1.19136,1.19114,1.1913,60.871986229464596,59.57325816721734,,,280
1770663000,1.1913,1.19145,1.19125,1.19126,59.81148633729072,59.714818998869404,,,306
1770663300,1.19126,1.19172,1.19125,1.19159,65.19830315541196,60.179608705056474,,,483
1770663600,1.19159,1.19161,1.19123,1.19135,59.00398391595588,60.08610799331181,,,409
1770663900,1.19135,1.19151,1.19127,1.19129,57.53236880418153,60.07510196079255,,,305
1770664200,1.19129,1.19167,1.19127,1.1916,62.707585429186665,60.10045246196906,,,387
1770664500,1.1916,1.19178,1.19152,1.1917,64.22221668667814,60.166669335599714,,,242
1770664800,1.1917,1.19178,1.19142,1.19144,57.66449561086199,59.80972958127794,,,283
1770665100,1.19144,1.19175,1.19143,1.19172,62.14715316839411,60.20848777769405,,,284
1770665400,1.19172,1.1921,1.19171,1.19205,66.63158106999694,61.090098843652655,,,517
1770665700,1.19205,1.19218,1.19198,1.19204,66.37496517799426,61.61523736041967,,,336
1770666000,1.19204,1.19221,1.1919,1.19206,66.65159132255627,62.129847753296836,,,425
1770666300,1.19206,1.19222,1.19197,1.19201,65.20731109720091,62.4577010090767,,,493
1770666600,1.19201,1.19202,1.19176,1.19196,63.720336041701096,62.69609743191965,,,333
1770666900,1.19196,1.19212,1.1919,1.19202,64.75887567798591,62.97373239252831,,,439
1770667200,1.19202,1.19212,1.19197,1.19201,64.42784605017847,63.303472372020295,,,365
1770667500,1.19201,1.19206,1.19192,1.19197,63.039727470098576,63.14928839449791,,,210
1770667800,1.19197,1.19198,1.19176,1.19181,57.6858669383451,63.055137181811425,,,240
1770668100,1.19181,1.19191,1.19158,1.1917,54.27318790337969,62.822338546039866,,,381
1770668400,1.1917,1.19179,1.19149,1.19157,50.47287452558717,61.94843062435418,,,363
1770668700,1.19157,1.19173,1.19153,1.19168,53.44350332709808,61.17852252724133,,,240
1770669000,1.19168,1.19187,1.19164,1.1918199999999999,56.980168936755035,61.1296420505194,,,244
1770669300,1.1918199999999999,1.1919,1.19162,1.19184,57.477130628393724,60.79606901194794,,,296
1770669600,1.19184,1.19191,1.1918,1.19189,58.75975686934076,60.23379585475821,,,194
1770669900,1.19189,1.19189,1.19159,1.19159,49.17542922984776,59.005257572747745,,,225
1770670200,1.19159,1.19168,1.19139,1.19141,44.48677195043329,57.42205618902467,,,248
1770670500,1.19141,1.19168,1.19139,1.19146,46.026221064514154,56.051978329547055,,,518
1770670800,1.19146,1.1915,1.19136,1.19145,45.752944378160294,54.76859321072271,,,250
1770671100,1.19145,1.19145,1.19123,1.19124,40.33666310232181,53.02414945531813,,,218
1770671400,1.19124,1.19134,1.19116,1.19118,38.9190395649969,51.20209184923373,,,197
1770671700,1.19118,1.1913799999999999,1.19114,1.19134,44.518691798359214,49.879160729823774,,,181
1770672000,1.19134,1.19134,1.19117,1.19123,41.68903095680164,48.73652958828495,,,159
1770672300,1.19123,1.19126,1.19108,1.19118,40.43106419542443,47.74780646628815,,,219
1770672600,1.19118,1.19128,1.19109,1.19109,38.19681453650445,46.87094503849653,,,140
1770672900,1.19109,1.1913,1.19104,1.1913,45.7324245577992,46.320153697832325,,,142
1770673200,1.1913,1.19141,1.19124,1.1914,48.925969795843855,45.74485375919581,,,111
1770673500,1.1914,1.1915499999999999,1.1914,1.19151,52.25442810867451,45.371803579215864,,,187
1770673800,1.19151,1.19151,1.19124,1.1913799999999999,48.25225424859168,44.62126767773379,,,154
1770674100,1.1913799999999999,1.19159,1.19135,1.19141,49.218834902996704,44.62436808295872,,,1018
1770674400,1.19141,1.19141,1.19087,1.19093,37.234856587509476,44.10637412846416,,,33
1770674700,1.19093,1.19106,1.19071,1.19092,37.03255615021302,43.463969491728356,,,110
1770675000,1.19092,1.19112,1.19091,1.19106,41.79997212900488,43.1816143310744,,,127
1770675300,1.19106,1.1912,1.19096,1.19115,44.69866217399939,43.49318569333708,,,138
1770675600,1.19115,1.19116,1.191,1.19107,42.66453650956398,43.76072118937759,,,56
1770675900,1.19107,1.1912,1.1909,1.19103,41.64408753692787,43.555392313561065,,,92
1770676200,1.19103,1.19111,1.19101,1.1911,44.16109157709593,43.731968072153514,,,48
1770676500,1.1911,1.19112,1.19102,1.19102,41.93495473383429,43.83938882489707,,,44
1770676800,1.19102,1.19103,1.19101,1.19103,42.326321913902696,44.134353637568374,,,9
1770677100,1.19103,1.19103,1.19102,1.19103,42.326321913902696,43.891060591575766,,,34
1770677400,1.19103,1.19112,1.19103,1.19105,43.21411024301464,43.48307062351654,,,91
1770677700,1.19105,1.19112,1.19102,1.19104,42.85886592095333,42.81195903867931,,,190
1770678000,1.19104,1.19146,1.19104,1.19136,55.473050338645265,43.32773018796885,,,185
1770678300,1.19136,1.19144,1.19119,1.1912099999999999,49.91102718462277,43.37717249379928,,,101
1770678600,1.1912099999999999,1.19124,1.19104,1.19104,44.469114466152156,43.893905199416615,,,152
1770678900,1.19104,1.1911,1.19086,1.1909,40.548174699684864,44.14502081009318,,,155
1770679200,1.1909,1.1909399999999999,1.19069,1.19069,35.49285560044002,43.69451248662426,,,137
1770679500,1.19069,1.19069,1.19053,1.19058,33.160692446294675,42.870371791788216,,,149
1770679800,1.19058,1.19064,1.19043,1.19063,35.2435660432177,42.34030247276348,,,243
1770680100,1.19063,1.19063,1.19042,1.19043,31.072459543591478,41.58518618752516,,,133
1770680400,1.19043,1.19062,1.19042,1.19055,35.96908698205347,41.00004300216499,,,149
1770680700,1.19055,1.19057,1.19047,1.1905,34.85792034091763,40.49454054552808,,,185
1770681000,1.1905,1.19053,1.19041,1.19044,33.519734945144265,39.865498619188195,,,179
1770681300,1.19044,1.19045,1.19014,1.19035,31.562418566735488,39.09664838010482,,,213
1770681600,1.19035,1.19054,1.19032,1.1904,33.872641072385434,38.42940058220273,,,415
1770681900,1.1904,1.19044,1.19014,1.1902,29.57242074065546,37.48036878361002,,,226
1770682200,1.1902,1.19026,1.19012,1.19024,31.446911705613388,35.764216024107746,,,236
1770682500,1.19024,1.19031,1.19017,1.19021,30.78511094757681,34.398079150033034,,,281
1770682800,1.19021,1.19053,1.19021,1.19051,43.57352917114898,34.33410877181853,,,169
1770683100,1.19051,1.19054,1.19031,1.19034,39.15829787576729,34.23483185582442,,,265
1770683400,1.19034,1.19035,1.19012,1.19015,34.901664679731454,34.19260393291666,,,263
1770683700,1.19015,1.19015,1.18995,1.18997,31.417363078809245,34.068080406667704,,,258
1770684000,1.18997,1.19001,1.18986,1.1899,30.156519995344667,33.70471997467677,,,269
1770684300,1.1899,1.19006,1.18985,1.1899,30.156519995344667,33.63929572123057,,,285
1770684600,1.1899,1.1901599999999999,1.18984,1.19008,37.62213588035884,33.7573706425381,,,676
1770684900,1.19008,1.19031,1.19003,1.1901599999999999,40.658144883162514,34.17167239555558,,,510
1770685200,1.1901599999999999,1.1903299999999999,1.19009,1.19011,39.368454039308894,34.58943804513878,,,537
1770685500,1.19011,1.19024,1.18996,1.19023,43.96267010411385,35.47517029780866,,,428
1770685800,1.19023,1.19037,1.19017,1.19025,44.71456466114533,36.249593411291514,,,435
1770686100,1.19025,1.19045,1.18993,1.19002,38.34297451362169,36.87606153793195,,,357
1770686400,1.19002,1.19005,1.1898,1.1898,33.4352228834384,37.01808376491946,,,265
1770686700,1.1898,1.18981,1.18965,1.18975,32.41959102847892,37.13483234212675,,,179
1770687000,1.18975,1.19028,1.18971,1.19021,48.05331500877717,37.45481704481448,,,319
1770687300,1.19021,1.19051,1.19009,1.19046,54.247991727947785,38.53265231997023,,,448
1770687600,1.19046,1.19086,1.19046,1.19056,56.48341755582001,40.0742060968337,,,504
1770687900,1.19056,1.19103,1.19044,1.19084,62.0714515492023,42.26378384471892,,,460
1770688200,1.19084,1.19091,1.19069,1.19072,58.5985005200468,44.29535388219764,,,388
1770688500,1.19072,1.19078,1.19041,1.19056,54.240810365628114,46.01566033721789,,,448
1770688800,1.19056,1.19075,1.19056,1.19068,56.833568124479314,47.3879054975122,,,384
1770689100,1.19068,1.19087,1.19067,1.19081,59.510127122016925,48.73447565743038,,,225
1770689400,1.19081,1.1909399999999999,1.1907,1.1907699999999999,58.312035062232184,50.08758858763918,,,257
1770689700,1.1907699999999999,1.19088,1.19059,1.19061,53.65850469158257,50.78014820102981,,,247
1770690000,1.19061,1.19078,1.19061,1.19075,56.89964573553493,51.65051113491478,,,205
1770690300,1.19075,1.1909,1.19068,1.1909,60.11812943438769,53.20587934354092,,,182
1770690600,1.1909,1.19099,1.1907699999999999,1.19081,57.3508910232001,54.9141413535239,,,279
1770690900,1.19081,1.19097,1.19074,1.19082,57.58450981981034,56.711635552904724,,,250
1770691200,1.19082,1.19105,1.19081,1.191,61.655991804245474,57.6832553240096,,,311
1770691500,1.191,1.19119,1.19098,1.19109,63.54048099083089,58.34700455707268,,,370
1770691800,1.19109,1.19143,1.19101,1.19115,64.78310745208387,58.939839549662956,,,341
1770692100,1.19115,1.19135,1.19111,1.19135,68.62209761142876,59.407742839821985,,,346
1770692400,1.19135,1.19166,1.19124,1.19163,73.0512209940998,60.44008001654006,,,512
1770692700,1.19163,1.19166,1.19141,1.19165,73.34068825517623,61.80435700865064,,,364
1770693000,1.19165,1.19166,1.19149,1.19151,67.84688625254388,62.59102258922668,,,229
1770693300,1.19151,1.19152,1.19119,1.1912,57.564355636905944,62.45203891171876,,,269
1770693600,1.1912,1.19148,1.1912,1.19144,62.32492061722546,62.73867359421828,,,241
1770693900,1.19144,1.19149,1.19111,1.19111,53.44652397837642,62.72353211470355,,,325
1770694200,1.19111,1.19156,1.19111,1.19154,61.20219180080058,63.0308568336511,,,306
1770694500,1.19154,1.1916,1.1914,1.19145,58.98714356000767,62.95007212833824,,,259
1770694800,1.19145,1.1916,1.19141,1.19147,59.339322187888996,63.09210292581601,,,315
1770695100,1.19147,1.19158,1.19144,1.1915499999999999,60.7897214865083,63.32104661629444,,,272
1770695400,1.1915499999999999,1.19169,1.19143,1.19146,58.2714308252742,63.07929226065363,,,243
1770695700,1.19146,1.19146,1.19099,1.19113,50.07941046771683,62.117787223288346,,,331
1770696000,1.19113,1.19127,1.19108,1.19109,49.176951063602864,61.00306176696828,,,253
1770696300,1.19109,1.1911,1.19099,1.19102,47.56166930664958,59.49874545948405,,,164
1770696600,1.19102,1.19109,1.19093,1.19093,45.492684020309134,57.53027853278472,,,262
1770696900,1.19093,1.19097,1.19074,1.19075,41.59541443696597,55.262758974341125,,,201
1770697200,1.19075,1.19082,1.1907,1.1907,40.55607597757174,53.31341538327168,,,188
1770697500,1.1907,1.19074,1.19063,1.19064,39.28745647189593,52.00792258577097,,,164
1770697800,1.19064,1.19069,1.19058,1.19064,39.287456471895915,50.362389432533135,,,156
1770698100,1.19064,1.19075,1.19059,1.19075,43.073623743953874,49.62146798721724,,,108
1770698400,1.19075,1.191,1.19074,1.19091,48.139664423316795,48.68843031739697,,,132
1770698700,1.19091,1.19093,1.19076,1.19084,46.20242779642754,47.7752363342841,,,191
1770699000,1.19084,1.19084,1.1907,1.19081,45.35994692527609,46.77670952981175,,,161
1770699300,1.19081,1.19091,1.19068,1.19069,42.056459658190555,45.438619399217615,,,254
1770699600,1.19069,1.19076,1.19052,1.1905999999999999,39.72001524672784,44.113518286464306,,,207
1770699900,1.1905999999999999,1.19074,1.19053,1.19068,42.76387824879477,43.59098027082702,,,135
1770700200,1.19068,1.1907699999999999,1.1905999999999999,1.1907699999999999,46.06355568270944,43.36859488647748,,,110
1770700500,1.1907699999999999,1.19087,1.19068,1.19086,49.216447363064816,43.48679331907858,,,224
1770700800,1.19086,1.19104,1.19084,1.19085,48.87458444957829,43.72835763545494,,,183
1770701100,1.19085,1.19086,1.19056,1.19068,43.360542790002704,43.854438232100414,,,258
1770701400,1.19068,1.19084,1.19063,1.19068,43.360542790002704,44.05475729013121,,,257
1770701700,1.19068,1.19069,1.1905,1.19059,40.55150914348778,44.14504676667349,,,167
1770702000,1.19059,1.19059,1.19036,1.19046,36.83909273689555,43.970163642744886,,,179
1770702300,1.19046,1.19055,1.19036,1.19039,34.981999687116414,43.392190495827926,,,180
1770702600,1.19039,1.19067,1.19038,1.19061,44.458568708622025,43.12925508763544,,,231
1770702900,1.19061,1.19078,1.19059,1.19071,48.157414114160424,43.26889696747351,,,249
1770703200,1.19071,1.19072,1.19047,1.19066,46.49029695753535,43.34963625549204,,,403
1770703500,1.19066,1.19132,1.19064,1.1909,54.61236203566718,44.24648642531179,,,661
1770703800,1.1909,1.19109,1.19089,1.19089,54.242916520954125,45.28383651632795,,,267
1770704100,1.19089,1.19089,1.19058,1.19058,44.249496364032964,45.38995209598782,,,367
1770704400,1.19058,1.19066,1.19046,1.19046,41.093419094531946,45.03494233968943,,,223
1770704700,1.19046,1.19057,1.1903,1.19051,42.9202355268099,44.58521292281408,,,334
1770705000,1.19051,1.19054,1.19024,1.19039,39.73528051658676,43.932405499028974,,,282
1770705300,1.19039,1.19086,1.19038,1.1907,50.04772471207809,44.41006135060578,,,338
1770705600,1.1907,1.1907,1.19037,1.19043,43.1258615421315,44.393298404329265,,,240
1770705900,1.19043,1.1905,1.19014,1.19023,38.84061614283949,44.271091761425815,,,317
1770706200,1.19023,1.19026,1.1901,1.19024,39.16610656489952,44.43730703485467,,,217
1770706500,1.19024,1.19045,1.19014,1.19029,40.860853480844604,44.85722516297811,,,386
1770706800,1.19029,1.19066,1.19022,1.19043,45.443812439791046,44.927599715204465,,,849
1770707100,1.19043,1.19055,1.19015,1.19047,46.71437947133919,44.82452581214581,,,519
1770707400,1.19047,1.1909,1.19046,1.19055,49.2595816762477,45.02233186348241,,,560
1770707700,1.19055,1.19104,1.19052,1.19101,60.84171282400484,45.46728549122081,,,372
1770708000,1.19101,1.19104,1.19045,1.19049,47.61126961740896,44.99359642668186,,,336
1770708300,1.19049,1.1905,1.19013,1.1901599999999999,41.450956376035215,44.79370071325344,,,334
1770708600,1.1901599999999999,1.1903299999999999,1.1901,1.19012,40.76248728957231,44.7700627271849,,,291
1770708900,1.19012,1.19025,1.18994,1.1901,40.40116193919539,44.590128899498154,,,371
1770709200,1.1901,1.19041,1.1901,1.1903299999999999,46.29667315935102,45.05879980255274,,,319
1770709500,1.1903299999999999,1.19068,1.19026,1.1905999999999999,52.266082576906065,45.217253935754734,,,387
1770709800,1.1905999999999999,1.1907699999999999,1.19054,1.19063,52.89264033657353,45.914880992500606,,,454
1770710100,1.19063,1.19084,1.1905,1.19083,56.94963381566359,47.208382254845176,,,507
1770710400,1.19083,1.19115,1.19056,1.19112,62.052885524824234,48.84315218055408,,,916
1770710700,1.19112,1.19116,1.19057,1.19065,51.41521896960498,49.59703542975125,,,675
1770711000,1.19065,1.19104,1.1905,1.19051,48.73517579999208,49.83213281262275,,,625
1770711300,1.19051,1.19109,1.19046,1.19048,48.155910384826086,49.93509930644325,,,889
1770711600,1.19048,1.19057,1.18996,1.19055,49.65944869682497,49.963661236484484,,,1087
1770711900,1.19055,1.19103,1.19051,1.19075,53.78354253619648,49.459506215926744,,,574
1770712200,1.19075,1.19085,1.19059,1.19066,51.729788312605,49.75368612272646,,,497
1770712500,1.19066,1.19105,1.19061,1.19103,58.7102646948397,50.98649385978393,,,414
1770712800,1.19103,1.19151,1.19102,1.19135,63.61147410686757,52.618564346733585,,,557
1770713100,1.19135,1.19143,1.19109,1.19116,59.12389129530591,53.95590215788434,,,534
1770713400,1.19116,1.19119,1.19092,1.19102,55.9895716889292,54.64825205285421,,,590
1770713700,1.19102,1.19107,1.19081,1.1909,53.37754988229291,54.72764257466755,,,440
1770714000,1.1909,1.1912099999999999,1.1908,1.1912,58.57996291081367,55.13387990139899,,,588
1770714300,1.1912,1.1915,1.19111,1.19147,62.62244259176317,55.53908052826325,,,491
1770714600,1.19147,1.19188,1.19142,1.19147,62.622442591763175,55.579763175901746,,,489
1770714900,1.19147,1.19148,1.19113,1.19135,59.62301656405894,56.16603443264846,,,609
1770715200,1.19135,1.1919,1.19129,1.19173,65.2922197835111,57.348680431471244,,,535
1770715500,1.19173,1.19198,1.19173,1.19191,67.61199520239487,58.73840077558331,,,499
1770715800,1.19191,1.19197,1.19173,1.19174,63.308306041879355,59.7133191573729,,,374
1770716100,1.19174,1.19188,1.19163,1.1917,62.30340184960138,60.32188053690182,,,534
1770716400,1.1917,1.19191,1.19161,1.19165,60.99997013565695,60.98403638140554,,,433
1770716700,1.19165,1.19181,1.1915499999999999,1.1917,61.859280573876475,61.20896608705102,,,340
1770717000,1.1917,1.1917,1.19126,1.1915,56.496935996762296,60.70078479347207,,,537
1770717300,1.1915,1.19152,1.19133,1.19143,54.709361193484916,60.385461214770565,,,313
1770717600,1.19143,1.19172,1.19139,1.19156,57.404802976193885,60.4865491638609,,,461
1770717900,1.19156,1.1917,1.19139,1.19143,53.9472001607983,60.52723846946843,,,486
1770718200,1.19143,1.19148,1.19115,1.1912,48.39349261565701,59.79963344838581,,,427
1770718500,1.1912,1.19134,1.19105,1.19107,45.539810983979244,58.57944547640125,,,482
1770718800,1.19107,1.19114,1.19091,1.19106,45.318432827237544,57.34344477893514,,,380
1770719100,1.19106,1.19117,1.191,1.19104,44.84885285960505,56.288147371474146,,,337
1770719400,1.19104,1.1912099999999999,1.1909399999999999,1.1912099999999999,49.62676470573541,55.16918629449017,,,388
1770719700,1.1912099999999999,1.1916,1.19117,1.1916,58.50757796567992,54.51887077758197,,,312
1770720000,1.1916,1.19173,1.19154,1.1915499999999999,57.11727186156287,54.076654050416494,,,385
1770720300,1.1915499999999999,1.19161,1.19131,1.19136,52.05517447582172,53.34463780943223,,,294
1770720600,1.19136,1.1913799999999999,1.19107,1.19114,46.87485288580479,52.33570086301422,,,319
1770720900,1.19114,1.19129,1.19096,1.191,43.88210388667678,51.051616813928526,,,477
1770721200,1.191,1.19105,1.19072,1.1908,39.957339554020244,49.87021706801837,,,537
1770721500,1.1908,1.19103,1.19072,1.19075,39.01780307404647,48.749391488058485,,,414
1770721800,1.19075,1.19083,1.19064,1.19069,37.86714683596853,47.35384462089953,,,289
1770722100,1.19069,1.19081,1.19055,1.19061,36.328789826288904,46.095386739863144,,,338
1770722400,1.19061,1.19068,1.19046,1.19049,34.09152728450816,45.07381778763823,,,304
1770722700,1.19049,1.19052,1.19013,1.1903,30.851832994722102,44.024676502691285,,,302
1770723000,1.1903,1.19053,1.1903,1.19052,38.17766175235897,43.51462142591425,,,244
1770723300,1.19052,1.19055,1.19011,1.19014,31.892575016770678,42.589173008568935,,,395
1770723600,1.19014,1.19039,1.19014,1.19025,35.21729300291037,41.559925029795714,,,326
1770723900,1.19025,1.1903,1.19007,1.19021,34.55668412641667,39.84914689841977,,,299
1770724200,1.19021,1.19032,1.19017,1.19026,36.168509963499346,38.352806762843805,,,305
1770724500,1.19026,1.19043,1.19021,1.19037,39.68787880178525,37.469428500412626,,,412
1770724800,1.19037,1.19065,1.19034,1.19064,47.35978398973631,37.50406643640775,,,417
1770725100,1.19064,1.19067,1.19035,1.19052,44.64182600056121,37.558332301685205,,,446
1770725400,1.19052,1.19058,1.1904,1.1905,44.186672634250975,37.86042752170169,,,318
1770725700,1.1905,1.19085,1.1905,1.1905,44.186672634250975,38.22963249028772,,,656
1770726000,1.1905,1.1908,1.19048,1.1907,50.08849144042733,39.10258567632049,,,636
1770726300,1.1907,1.19083,1.19041,1.19042,43.201090214921024,39.593464275508495,,,470
1770726600,1.19042,1.19051,1.19031,1.19035,41.65885898111269,40.1339879681231,,,487
1770726900,1.19035,1.19036,1.19011,1.19015,37.53582090991215,40.611415676350965,,,478
1770727200,1.19015,1.19036,1.18983,1.18989,32.96780098196007,40.23928276417962,,,628
1770727500,1.18989,1.18989,1.1892099999999999,1.18943,26.76232523207544,39.87283635098709,,,1120
1770727800,1.18943,1.18945,1.1891,1.18932,25.525036625589692,39.18053232403562,,,1180
1770728100,1.18932,1.18967,1.18911,1.18929,25.18308136351915,38.51098926954294,,,1582
1770728400,1.18929,1.18943,1.18881,1.18934,26.93985924458316,37.8517999324775,,,1417
1770728700,1.18934,1.18958,1.18927,1.18936,27.671455439241896,36.99348397801011,,,600
1770729000,1.18936,1.18947,1.18902,1.18932,27.08724350529542,35.54544537197862,,,792
1770729300,1.18932,1.18954,1.18915,1.18918,25.090592902528826,34.14892872211917,,,683
1770729600,1.18918,1.18935,1.18911,1.18925,27.95031629561616,32.989188983645256,,,507
1770729900,1.18925,1.18929,1.1889,1.1892099999999999,27.308757816744617,31.78362363953766,,,433
1770730200,1.1892099999999999,1.1908,1.18918,1.19062,61.155749428658915,32.57414206726848,,,2242
1770730500,1.19062,1.19134,1.19001,1.19001,50.25383851082706,33.07790980269034,,,2523
1770730800,1.19001,1.19037,1.18991,1.19013,52.06418436657382,33.82114733022328,,,1335
1770731100,1.19013,1.19053,1.18992,1.1903,54.585619114254655,35.0389900591049,,,1040
1770731400,1.1903,1.19046,1.1901,1.19041,56.19136130114423,36.69781579618948,,,997
1770731700,1.19041,1.19057,1.19008,1.19054,58.07787955358096,38.93464110486844,,,1186
1770732000,1.19054,1.19084,1.19029,1.19037,54.75715840369431,41.02264980330448,,,1659
1770732300,1.19037,1.19126,1.19032,1.1911,64.2182604859442,43.810876883477704,,,1015
1770732600,1.1911,1.19154,1.1909,1.19154,68.4947662366682,46.7790845257695,,,922
1770732900,1.19154,1.19193,1.19154,1.19172,70.07066801698929,49.807599709894305,,,1016
1770733200,1.19172,1.19208,1.19146,1.19207,72.90834051265581,53.08053521042005,,,1370
1770733500,1.19207,1.19225,1.19175,1.19213,73.3743907049184,56.52937791059073,,,1339
1770733800,1.19213,1.19286,1.19197,1.19258,76.62256869600266,60.005967367761194,,,1999
1770734100,1.19258,1.19258,1.19165,1.1919899999999999,65.36356024338446,62.72416754109262,,,1592
1770734400,1.1919899999999999,1.19238,1.19149,1.19154,58.32413892223884,62.521909647776894,,,1399
1770734700,1.19154,1.19169,1.19082,1.1909399999999999,50.51279001604755,62.54040618386407,,,1707
1770735000,1.1909399999999999,1.19151,1.19092,1.1914,55.44013358945304,62.781545414069726,,,1467
1770735300,1.1914,1.19171,1.1912,1.19147,56.15555080459788,62.89368339195139,,,1173
1770735600,1.19147,1.19147,1.19076,1.19088,49.012826182723806,62.38093088349279,,,1403
1770735900,1.19088,1.19088,1.1904,1.19066,46.631045750031916,61.563299897525,,,1250
1770736200,1.19066,1.19066,1.1903299999999999,1.19044,44.31205735598875,60.81722125126032,,,947
1770736500,1.19044,1.19068,1.1901,1.19028,42.650815942492464,59.276689498156614,,,1312
1770736800,1.19028,1.19059,1.19011,1.19045,45.00972057628147,57.59918623670042,,,1171
1770737100,1.19045,1.19052,1.1901,1.19017,41.94916510556527,55.59050745731299,,,942
1770737400,1.19017,1.19017,1.18965,1.19,40.16349585982228,53.251589982110595,,,1308
1770737700,1.19,1.1903,1.18983,1.19009,41.58127328068497,50.980653023236776,,,1277
1770738000,1.19009,1.19022,1.1898,1.19011,41.91066329577651,48.501231208934904,,,1188
1770738300,1.19011,1.1912099999999999,1.18979,1.191,54.26796308655941,47.708688554875984,,,2383
1770738600,1.191,1.19193,1.19074,1.1918199999999999,62.23845990981288,47.988282911131265,,,3741
1770738900,1.1918199999999999,1.1919,1.19132,1.19139,56.661562205274,48.42748092464744,,,1879
1770739200,1.19139,1.19148,1.19092,1.1912099999999999,54.46161095456904,48.35758645072716,,,2022
1770739500,1.1912099999999999,1.19122,1.1907,1.19081,49.83140982056486,47.905862094724796,,,1686
1770739800,1.19081,1.19132,1.19072,1.19086,50.399077054949956,48.00488001416952,,,1206
1770740100,1.19086,1.19097,1.19021,1.19023,43.69085134778938,47.794866128295055,,,1014
1770740400,1.19023,1.19047,1.19003,1.19006,42.06385272003461,47.63428008286975,,,851
1770740700,1.19006,1.19047,1.19001,1.19028,44.92230457787806,47.79652927111159,,,710
1770741000,1.19028,1.19052,1.1901,1.19044,46.971451034804005,47.93665287529177,,,980
1770741300,1.19044,1.19045,1.18993,1.19004,42.69486175383632,47.989916921596844,,,701
1770741600,1.19004,1.1907,1.19001,1.1907,50.67482401591231,48.74072607560328,,,690
1770741900,1.1907,1.19078,1.19031,1.19031,46.5497653977244,49.095618369677524,,,532
1770742200,1.19031,1.1903299999999999,1.1897199999999999,1.18974,41.262961495642344,49.04935395538223,,,896
1770742500,1.18974,1.19015,1.18964,1.18975,41.38872848826785,48.129408626932836,,,621
1770742800,1.18975,1.18983,1.18962,1.18976,41.52356893185044,46.649773557078376,,,496
1770743100,1.18976,1.19002,1.18976,1.18991,43.61888076114954,45.718153453926625,,,478
1770743400,1.18991,1.19009,1.18982,1.19009,46.114100910909926,45.12190273652241,,,312
1770743700,1.19009,1.19038,1.19009,1.1901599999999999,47.094684682103534,44.92642236948945,,,587
1770744000,1.1901599999999999,1.19026,1.18989,1.18992,44.12959780804311,44.47860242328182,,,326
1770744300,1.18992,1.19052,1.18988,1.19044,51.28601962368853,45.02111444298891,,,339
1770744600,1.19044,1.19053,1.19006,1.19022,48.45799248953227,45.47783871223874,,,598
1770744900,1.19022,1.19025,1.18978,1.1898,43.52373276295954,45.37794072545885,,,411
1770745200,1.1898,1.18997,1.18969,1.18974,42.85242961883946,45.08372491003281,,,410
1770745500,1.18974,1.18974,1.18931,1.18935,38.67663380361233,44.796708627873954,,,520
1770745800,1.18935,1.18966,1.18931,1.18965,43.25716812791969,44.26687606444591,,,329
1770746100,1.18965,1.18975,1.18953,1.18957,42.348753327981704,43.966803773749994,,,346
1770746400,1.18957,1.1897,1.1895,1.18961,42.99337680819005,44.09040486750341,,,328
1770746700,1.18961,1.18963,1.18942,1.18963,43.334546524037385,44.22939187005837,,,236
1770747000,1.18963,1.18977,1.18961,1.1897,44.58459934039836,44.44803689924038,,,267
1770747300,1.1897,1.1898,1.18947,1.18954,42.2882581437976,44.35299242657238,,,312
1770747600,1.18954,1.18966,1.18916,1.18925,38.4252069560639,43.80378571551194,,,415
1770747900,1.18925,1.18936,1.18913,1.18916,37.286806528571645,43.10322299025967,,,406
1770748200,1.18916,1.18929,1.18903,1.18922,38.59294885017132,42.7077480646974,,,414
1770748500,1.18922,1.1894,1.18916,1.18933,41.01830194863152,41.97433965933618,,,377
1770748800,1.18933,1.18947,1.18926,1.18936,41.69466254538815,41.49124466332588,,,318
1770749100,1.18936,1.18944,1.18915,1.18918,38.818362598126306,41.15514679440923,,,381
1770749400,1.18918,1.18929,1.18913,1.18926,40.773912571754174,41.006681291045986,,,389
1770749700,1.18926,1.18936,1.18916,1.1892,39.74777268990784,41.08319121149567,,,350
1770750000,1.1892,1.18927,1.18903,1.18911,38.19500428599323,40.72160807992949,,,347
1770750300,1.18911,1.18925,1.18904,1.18904,36.98480353570742,40.33846880905276,,,225
1770750600,1.18904,1.18906,1.18866,1.18904,36.98480353570742,39.909285003875425,,,460
1770750900,1.18904,1.18945,1.18896,1.18945,48.14552521426286,40.252926338891534,,,347
1770751200,1.18945,1.1896,1.1894,1.18956,50.66989257600428,40.68759014143482,,,292
1770751500,1.18956,1.18956,1.18935,1.18945,48.14577720367328,41.10598435999736,,,310
1770751800,1.18945,1.18954,1.18942,1.18948,48.89351355680442,41.85372054576453,,,289
1770752100,1.18948,1.18957,1.18943,1.18957,51.16845773845984,42.84526706075655,,,287
1770752400,1.18957,1.18966,1.18947,1.18966,53.402257701816744,43.90307483587407,,,219
1770752700,1.18966,1.18966,1.18945,1.1895499999999999,50.369443202605645,44.57101349687223,,,256
1770753000,1.1895499999999999,1.18984,1.1895499999999999,1.18984,57.26077100878258,45.682878387114684,,,268
1770753300,1.18984,1.19023,1.18982,1.19022,64.2630785499044,47.50035809795598,,,520
1770753600,1.19022,1.19022,1.18991,1.18991,56.177034741204295,48.600581110059565,,,366
1770753900,1.18991,1.19,1.18983,1.18989,55.69017248054276,49.73932395224777,,,237
1770754200,1.18989,1.19004,1.18985,1.18997,57.28485367529683,51.102884622912306,,,209
1770754500,1.18997,1.19014,1.18994,1.19013,60.35774264815946,52.77238027380174,,,186
1770754800,1.19013,1.19034,1.19002,1.19022,62.01315212923185,54.56011945905349,,,241
1770755100,1.19022,1.19028,1.19014,1.1901599999999999,60.20807716176754,55.42173031244668,,,346
1770755400,1.1901599999999999,1.19027,1.19013,1.19018,60.619563471803865,56.13242109071807,,,263
1770755700,1.19018,1.19023,1.19009,1.19011,58.34540939938213,56.860966247554416,,,252
1770756000,1.19011,1.19027,1.1901,1.19022,60.832072772910834,57.7137204772763,,,226
1770756300,1.19022,1.19022,1.18995,1.19,53.901492515732585,57.9089372470815,,,300
1770756600,1.19,1.19002,1.1897,1.1898,48.492643705859585,57.55825053308456,,,438
1770756900,1.1898,1.18985,1.18945,1.18951,41.92342798480376,56.954963731812995,,,673
1770757200,1.18951,1.18966,1.18936,1.18942,40.10752469052855,55.72973185193772,,,452
1770757500,1.18942,1.18942,1.18924,1.18933,38.32002334204439,53.87665647994771,,,119
1770757800,1.18933,1.18949,1.18931,1.18943,41.44281413182067,52.824212150706025,,,182
1770758100,1.18943,1.18962,1.18942,1.18959,46.14131290324923,52.142150752327915,,,94
1770758400,1.18959,1.18963,1.18949,1.18951,44.23034271271091,51.209685683571784,,,91
1770758700,1.18951,1.1896,1.18949,1.1896,46.89497209197175,50.24805921527267,,,116
1770759000,1.1896,1.18965,1.18951,1.18965,48.3708353229836,49.27360801482636,,,116
1770759300,1.18965,1.18966,1.18952,1.18957,46.16036653821707,48.270200113144185,,,101
1770759600,1.18957,1.18966,1.18953,1.18953,45.051785379128056,47.15821596366734,,,109
1770759900,1.18953,1.18962,1.18942,1.18959,47.10388282999491,46.35524978013967,,,237
1770760200,1.18959,1.18963,1.1895499999999999,1.18956,46.175324817505384,45.30833921189643,,,164
1770760500,1.18956,1.18956,1.18935,1.18947,43.41058713594564,44.558988827625925,,,878
1770760800,1.18947,1.18948,1.18926,1.18926,37.73342078613976,43.79047290478879,,,3
1770761100,1.18926,1.18926,1.18911,1.18918,35.81201080411232,43.35394310616799,,,8
1770761400,1.18918,1.18929,1.18918,1.18926,39.14893783962392,43.28547261681765,,,21
1770761700,1.18926,1.18926,1.18905,1.18911,35.42975875893168,43.07902514659531,,,227
1770762000,1.18911,1.18923,1.18904,1.18911,35.42975875893167,42.649521191388956,,,101
1770762300,1.18911,1.18915,1.18903,1.18909,34.9168149045623,41.847771334339896,,,89
1770762600,1.18909,1.18927,1.18909,1.1892099999999999,40.484417843598074,41.58020527226041,,,681
1770762900,1.1892099999999999,1.1892099999999999,1.18914,1.18918,39.572988518420146,41.05720644557815,,,118
1770763200,1.18918,1.18919,1.18891,1.18906,36.07450263330631,40.17889696774406,,,334
1770763500,1.18906,1.18912,1.18902,1.18912,38.97928281180044,39.66596241585716,,,603
1770763800,1.18912,1.18914,1.18902,1.18908,37.747811336209246,39.144249984220096,,,322
1770764100,1.18908,1.18916,1.1889,1.18895,33.98941756534343,38.207502465316416,,,270
1770764400,1.18895,1.18923,1.18895,1.18902,37.5925977470043,37.5944505317092,,,159
1770764700,1.18902,1.18912,1.18898,1.18902,37.5925977470043,37.178879861070534,,,99
1770765000,1.18902,1.18902,1.18874,1.1888,31.35433075346191,36.72323057302212,,,107
1770765300,1.1888,1.18902,1.18879,1.189,40.94806629072237,37.090091679208555,,,94
1770765600,1.189,1.18911,1.18895,1.18896,39.75148385730781,37.13313068047169,,,114
1770765900,1.18896,1.18896,1.1889,1.18891,38.24695411891805,37.33435892047071,,,95
1770766200,1.18891,1.18897,1.18886,1.1889399999999999,39.72112723743724,37.640885240363964,,,112
1770766500,1.1889399999999999,1.18899,1.18885,1.18887,37.473248321571816,37.82348762729322,,,88
1770766800,1.18887,1.18891,1.18876,1.18881,35.612890570544565,37.47552139350368,,,89
1770767100,1.18881,1.18881,1.18867,1.1887699999999999,34.38724218167391,37.10511094087895,,,122
1770767400,1.1887699999999999,1.18887,1.18875,1.18883,37.842859506098314,37.23142214607838,,,79
1770767700,1.18883,1.18886,1.18874,1.18876,35.49416877751537,36.98248542934373,,,123
1770768000,1.18876,1.18905,1.18863,1.18897,46.26822037295998,37.591086074825924,,,265
1770768300,1.18897,1.18899,1.18878,1.18883,41.31404661469125,38.11427386406506,,,129
1770768600,1.18883,1.18886,1.18871,1.18871,37.59792272839191,38.11465421987846,,,95
1770768900,1.18871,1.18906,1.18871,1.18901,49.76358554646941,38.98401049126882,,,181
1770769200,1.18901,1.18917,1.18897,1.18917,54.82234285705944,40.66029707009722,,,135
1770769500,1.18917,1.18947,1.18917,1.18937,60.215398695081745,42.03653509898003,,,263
1770769800,1.18937,1.18967,1.18935,1.18951,63.50002871525138,43.73285973169028,,,430
1770770100,1.18951,1.18958,1.18944,1.18953,63.95782168807201,45.56935027234414,,,379
1770770400,1.18953,1.18974,1.18952,1.18971,67.86434923414197,47.5795804149659,,,465
1770770700,1.18971,1.18985,1.1896,1.18978,69.25974544043154,49.85004449488446,,,600
1770771000,1.18978,1.19003,1.18974,1.18992,71.8888271479905,52.44118282184488,,,618
1770771300,1.18992,1.18998,1.1896,1.18968,62.08586648470522,54.41965598634711,,,711
1770771600,1.18968,1.1901599999999999,1.18968,1.19003,68.77335023788991,56.62897675290368,,,679
1770771900,1.19003,1.19009,1.18989,1.18994,65.57055191470695,58.77728983413166,,,359
1770772200,1.18994,1.19012,1.18977,1.19007,67.89623685241841,60.32214815409297,,,368
1770772500,1.19007,1.19012,1.18975,1.18992,62.63854565254142,61.84532665679655,,,314
1770772800,1.18992,1.19011,1.18985,1.19006,65.33654983256145,63.82665716423724,,,214
1770773100,1.19006,1.19019,1.19002,1.19008,65.71742176022056,64.96621689379089,,,219
1770773400,1.19008,1.19008,1.18971,1.18975,54.982470971780025,64.97765461627093,,,250
1770773700,1.18975,1.18981,1.18953,1.18954,49.44705789401767,64.20848741619491,,,274
1770774000,1.18954,1.18974,1.18946,1.18956,49.96371949417979,63.24160818611838,,,372
1770774300,1.18956,1.1897199999999999,1.18945,1.18954,49.41978663171956,62.20317711066463,,,340
1770774600,1.18954,1.18977,1.18937,1.18967,53.00136011881328,61.1415350309983,,,230
1770774900,1.18967,1.18981,1.1895499999999999,1.18975,55.108014734409295,60.130697123425286,,,339
1770775200,1.18975,1.1903299999999999,1.18975,1.1903299999999999,66.74593704939608,59.763347830668536,,,451
1770775500,1.1903299999999999,1.19052,1.19021,1.19042,68.126741890753,60.19483893110051,,,510
1770775800,1.19042,1.19042,1.19003,1.19012,59.2892864195093,59.517405801216185,,,271
1770776100,1.19012,1.19051,1.19003,1.19049,65.27266201212841,59.49612795103201,,,445
1770776400,1.19049,1.19076,1.19039,1.19068,67.88306859042152,59.49518736088937,,,513
1770776700,1.19068,1.1908,1.19057,1.19071,68.28839713795801,59.89874818127627,,,383
1770777000,1.19071,1.19098,1.19066,1.1909399999999999,71.28090414545198,60.32334491791131,,,732
1770777300,1.1909399999999999,1.19126,1.19093,1.19112,73.396736485025,60.87186739825449,,,560
1770777600,1.19112,1.1912,1.19085,1.19087,66.11155996051495,61.66680232602126,,,465
1770777900,1.19087,1.19097,1.19083,1.19086,65.83008974124279,62.837018886537344,,,292
1770778200,1.19086,1.19097,1.19066,1.19066,60.30052649640427,63.575362243839095,,,246
1770778500,1.19066,1.19082,1.19055,1.19082,62.97958579540245,64.5439193269593,,,402
1770778800,1.19082,1.19091,1.19071,1.1908,62.4126098689996,65.2161514519726,,,356
1770779100,1.1908,1.19081,1.19065,1.19065,58.18203238420919,65.43572414124404,,,329
1770779400,1.19065,1.19069,1.19046,1.1905,54.223794431935424,64.54128538285399,,,201
1770779700,1.1905,1.19053,1.19035,1.1904,51.698653248465625,63.367850479833464,,,248
1770780000,1.1904,1.19072,1.1903299999999999,1.19071,58.19760485896851,63.28987322550912,,,237
1770780300,1.19071,1.19086,1.19067,1.19076,59.15225693836506,62.852701434526026,,,237
1770780600,1.19076,1.19085,1.19066,1.19074,58.57601028101622,62.18791155528279,,,289
1770780900,1.19074,1.19097,1.19071,1.19075,58.79216839844492,61.50960950246043,,,264
1770781200,1.19075,1.19104,1.19075,1.19103,64.39461833304043,61.017731944431034,,,324
1770781500,1.19103,1.19112,1.19096,1.19111,65.82427766581277,60.47684202877302,,,307
1770781800,1.19111,1.19136,1.19104,1.19112,66.00801109926735,60.469445681541046,,,418
1770782100,1.19112,1.19116,1.19096,1.19113,66.20368124534977,60.496130788977254,,,257
1770782400,1.19113,1.19125,1.19107,1.19108,64.21333823196235,60.775617341517126,,,234
1770782700,1.19108,1.19119,1.19101,1.19109,64.44357704220059,60.880188144859844,,,194
1770783000,1.19109,1.19111,1.19096,1.19106,63.131351850628114,60.93152685783331,,,186
1770783300,1.19106,1.19148,1.19106,1.19137,69.94232590663415,61.77154782372081,,,305
1770783600,1.19137,1.19147,1.19135,1.19136,69.49632387784725,62.86244278414308,,,325
1770783900,1.19136,1.19142,1.19126,1.19131,67.18930267879641,63.96891774345242,,,297
1770784200,1.19131,1.19136,1.1912,1.1912099999999999,62.70585095634871,64.29093532183671,,,244
1770784500,1.1912099999999999,1.19131,1.19102,1.19102,55.17272723463736,64.00668320014188,,,262
1770784800,1.19102,1.19102,1.19073,1.19078,47.42281647009168,63.210026499361554,,,334
1770785100,1.19078,1.19091,1.19078,1.19087,50.245244013360896,62.59953190042698,,,198
1770785400,1.19087,1.19101,1.19087,1.19096,52.96441617903931,61.78308888942691,,,128
1770785700,1.19096,1.19098,1.1907699999999999,1.19079,47.66538685544574,60.48602526011498,,,185
1770786000,1.19079,1.19083,1.19066,1.19075,46.48686366383692,59.09165758615567,,,297
1770786300,1.19075,1.19095,1.19073,1.19088,50.748916638516924,57.987745828524744,,,272
1770786600,1.19088,1.19111,1.19088,1.19105,55.71593916288467,57.380788752162054,,,212
1770786900,1.19105,1.1912,1.19099,1.19111,57.35079076444906,56.87416116089408,,,263
1770787200,1.19111,1.19122,1.19105,1.1912099999999999,60.00119059876894,56.65057821433271,,,251
1770787500,1.1912099999999999,1.19154,1.19117,1.19152,66.8737573722473,56.431394747590794,,,312
1770787800,1.19152,1.19152,1.19118,1.19137,61.378332931482674,55.8515382514219,,,317
1770788100,1.19137,1.19173,1.19136,1.19172,67.98850722968115,55.90862429077082,,,398
1770788400,1.19172,1.19178,1.19154,1.19176,68.64891340168163,56.333128751151726,,,524
1770788700,1.19176,1.19179,1.19146,1.19157,62.09582685025199,56.827635866552775,,,267
1770789000,1.19157,1.19166,1.19146,1.19162,63.094233697176264,57.94702281134453,,,287
1770789300,1.19162,1.19191,1.19162,1.1918199999999999,66.85505346464922,59.133437772150835,,,440
1770789600,1.1918199999999999,1.19215,1.19171,1.19214,71.80562588204688,60.47923846522281,,,578
1770789900,1.19214,1.19256,1.19202,1.1924,75.06447772735196,62.436316384644684,,,812
1770790200,1.1924,1.19245,1.19187,1.1921599999999999,67.32836476752522,63.924995034908136,,,781
1770790500,1.1921599999999999,1.19227,1.19185,1.1921599999999999,67.32836476752522,65.1092413298373,,,539
1770790800,1.1921599999999999,1.19222,1.19191,1.19191,59.87378475266792,65.40623030053611,,,415
1770791100,1.19191,1.19201,1.19179,1.19184,57.93940447454153,65.44827413697128,,,360
1770791400,1.19184,1.19184,1.19153,1.19154,50.421017916928975,64.76397608826842,,,382
1770791700,1.19154,1.19177,1.19153,1.19156,50.87864778531012,63.62146826063006,,,324
1770792000,1.19156,1.19156,1.19126,1.19141,47.34868123297257,62.61935028216505,,,312
1770792300,1.19141,1.19154,1.19124,1.19127,44.26202828827636,60.92460178635042,,,346
1770792600,1.19127,1.19165,1.19125,1.19164,52.98517386001393,59.805763247659876,,,439
1770792900,1.19164,1.19164,1.1915,1.19151,50.02295196504585,58.94341504157372,,,478
1770793200,1.19151,1.19174,1.19127,1.19169,53.86863401123857,58.284443635435316,,,742
1770793500,1.19169,1.19172,1.19113,1.19151,49.74625560288568,57.062386645309346,,,762
1770793800,1.19151,1.19152,1.19101,1.19116,42.87554347731877,54.99595218782877,,,540
1770794100,1.19116,1.1913799999999999,1.19116,1.19127,45.42666515428218,52.87896557546664,,,391
1770794400,1.19127,1.19151,1.19127,1.19148,50.016015939055976,51.64236923057597,,,363
1770794700,1.19148,1.19159,1.19128,1.19133,46.97713335542597,50.18870984399746,,,495
1770795000,1.19133,1.19149,1.19123,1.19133,46.97713335542597,49.26752045848018,,,415
1770795300,1.19133,1.19163,1.19122,1.19137,47.95509350217986,48.554355389025766,,,355
1770795600,1.19137,1.1916,1.19137,1.19158,52.86983725566802,48.72927105607856,,,256
1770795900,1.19158,1.19163,1.19128,1.1914,48.63075761414462,48.568707472423874,,,291
1770796200,1.1914,1.19147,1.19111,1.19135,47.49165438348987,48.57891984031797,,,522
1770796500,1.19135,1.1918199999999999,1.19111,1.19177,56.672447042656835,49.465378322773724,,,877
1770796800,1.19177,1.1919899999999999,1.19167,1.19176,56.419507616585584,49.71068787681455,,,1124
1770797100,1.19176,1.19177,1.19134,1.19141,48.29496138439548,49.58725997819668,,,720
1770797400,1.19141,1.19158,1.19137,1.19146,49.4156188968811,49.269187470028285,,,635
1770797700,1.19146,1.1916,1.19139,1.19152,50.79386021509106,49.3440163709001,,,506
1770798000,1.19152,1.19175,1.19148,1.19171,54.97724599231458,50.2084236933998,,,509
1770798300,1.19171,1.19185,1.19149,1.1915499999999999,51.04186974946409,50.609509735912795,,,638
1770798600,1.1915499999999999,1.19168,1.19131,1.19143,48.25211770712421,50.48351700506053,,,509
1770798900,1.19143,1.19158,1.19133,1.1915,49.969914362695086,50.69728707700832,,,457
1770799200,1.1915,1.19172,1.19137,1.19142,48.008480095268396,50.77095470128279,,,530
1770799500,1.19142,1.1916,1.19139,1.19156,51.58965907321686,51.03056652778543,,,398
1770799800,1.19156,1.1916,1.19141,1.1915499999999999,51.317753694646356,50.91970341628389,,,390
1770800100,1.1915499999999999,1.19184,1.19144,1.19183,57.99369270479432,51.58848449418743,,,541
1770800400,1.19183,1.19197,1.19172,1.19192,59.89732998481505,52.474604179996376,,,644
1770800700,1.19192,1.19192,1.19151,1.19156,50.11424996689879,52.00616153172793,,,560
1770801000,1.19156,1.19163,1.19101,1.19131,44.659171572494024,51.16613752857854,,,846
1770801300,1.19131,1.19133,1.1911,1.19125,43.43710036332094,50.81914745564465,,,558
1770801600,1.19125,1.19136,1.19115,1.1912099999999999,42.600167576218105,50.33232950416872,,,459
1770801900,1.1912099999999999,1.19141,1.19111,1.19141,47.99558059310871,50.13245238831284,,,638
1770802200,1.19141,1.19189,1.19141,1.19167,54.043291499270296,50.06574135309539,,,888
1770802500,1.19167,1.1918,1.19156,1.19179,56.55452940330887,50.45950275694144,,,517
1770802800,1.19179,1.19192,1.1915499999999999,1.19189,58.585460617298345,51.197598679096735,,,548
1770803100,1.19189,1.19189,1.19171,1.19175,54.728236430994926,51.53747882683244,,,377
1770803400,1.19175,1.19188,1.1917,1.19183,56.49106515528618,52.14337775969086,,,457
1770803700,1.19183,1.19185,1.1916,1.19179,55.33093843562093,52.41061199986258,,,529
1770804000,1.19179,1.1919899999999999,1.19175,1.19191,58.110262830908106,52.89579122388128,,,584
1770804300,1.19191,1.1919899999999999,1.19176,1.19187,56.840696974583224,52.813434386009064,,,489
1770804600,1.19187,1.1919899999999999,1.1918,1.1918,54.59287907762602,52.43454503549555,,,271
1770804900,1.1918,1.1918,1.19162,1.19169,51.16848588737782,52.509847601244054,,,299
1770805200,1.19169,1.19185,1.19162,1.1917,51.466530286671826,52.996087509399615,,,341
1770805500,1.1917,1.1918,1.19162,1.1918,54.459894035111695,53.78342991452752,,,304
1770805800,1.1918,1.19181,1.19163,1.1918,54.459894035111695,54.63055323301992,,,447
1770806100,1.1918,1.19198,1.19173,1.19175,52.5793950212353,54.95796854931468,,,320
1770806400,1.19175,1.19242,1.19161,1.19231,66.52233104394043,55.8493285167911,,,744
1770806700,1.19231,1.19237,1.19208,1.19221,62.962217758676,56.30702054217446,,,575
1770807000,1.19221,1.19238,1.1921599999999999,1.19236,65.90939971482484,56.83015904914065,,,639
1770807300,1.19236,1.19272,1.1921599999999999,1.1921599999999999,59.15094954185417,57.14606712848773,,,742
1770807600,1.1921599999999999,1.1921599999999999,1.19158,1.1916,45.180914587092296,56.33819923075959,,,509
1770807900,1.1916,1.19176,1.19151,1.1915499999999999,44.177673581636846,55.541537455475016,,,369
1770808200,1.1915499999999999,1.19165,1.19136,1.19136,40.497667416862484,54.283494925900335,,,533
1770808500,1.19136,1.19153,1.19122,1.19151,44.43303008029759,53.39723300487993,,,518
1770808800,1.19151,1.19165,1.19141,1.19151,44.43303008029759,52.67152950507076,,,317
1770809100,1.19151,1.19152,1.19129,1.19141,42.27142777646974,52.03602535429161,,,310
1770809400,1.19141,1.19147,1.19096,1.19106,35.721299040842666,50.911365979589526,,,564
1770809700,1.19106,1.19122,1.19097,1.19106,35.72129904084265,49.57289490857031,,,497
1770810000,1.19106,1.19116,1.19047,1.19074,30.6803278488633,47.87435446669542,,,992
1770810300,1.19074,1.19112,1.19066,1.19112,41.27790970298244,47.067105515391646,,,869
1770810600,1.19112,1.1913799999999999,1.19104,1.19106,40.232046833226924,45.18922807176926,,,693
1770810900,1.19106,1.19106,1.1907699999999999,1.1908,35.97801243949691,43.26178483468504,,,389
1770811200,1.1908,1.19092,1.19053,1.19053,32.173474398327016,40.85207588350663,,,607
1770811500,1.19053,1.19067,1.1903299999999999,1.19037,30.13951655624379,38.779830670248735,,,664
1770811800,1.19037,1.19073,1.19034,1.19068,38.280763429175536,38.28696273039754,,,577
1770812100,1.19068,1.19075,1.19043,1.1905999999999999,37.07985379941434,37.779975603095934,,,597
1770812400,1.1905999999999999,1.19064,1.19024,1.19029,32.78750944598801,37.22925003374775,,,683
1770812700,1.19029,1.1904,1.19005,1.19005,29.901584837645558,36.19128965927261,,,505
1770813000,1.19005,1.19021,1.18994,1.19002,29.551438271211296,35.12831881576645,,,612
1770813300,1.19002,1.19028,1.18986,1.19026,36.00738843587593,34.68088743429546,,,570
1770813600,1.19026,1.1903,1.19004,1.19026,36.00738843587593,34.70132239108355,,,599
1770813900,1.19026,1.19044,1.19002,1.19029,36.84639539243969,34.78168641619762,,,673
1770814200,1.19029,1.19039,1.19011,1.19012,34.11669471891918,35.02714119263019,,,532
1770814500,1.19012,1.19018,1.18983,1.19002,32.58735188982658,34.40638706311905,,,800
1770814800,1.19002,1.19041,1.18997,1.19017,37.13925850509684,34.18547361110976,,,848
1770815100,1.19017,1.19043,1.19001,1.19002,34.62167051258669,34.08859204490189,,,618
1770815400,1.19002,1.19019,1.18991,1.18996,33.639370906270926,34.19329893832646,,,644
1770815700,1.18996,1.19011,1.18971,1.19001,35.287116430048314,34.56098464359821,,,851
1770816000,1.19001,1.1901599999999999,1.18978,1.18993,33.83932499354242,34.24373904105298,,,837
1770816300,1.18993,1.19019,1.18973,1.18996,34.9176972227726,34.089299285578576,,,879
1770816600,1.18996,1.18997,1.18327,1.18469,8.550940738802538,32.3581158064939,,,10517
1770816900,1.18469,1.18708,1.18439,1.18688,31.648947446347293,32.482927421401165,,,8747
1770817200,1.18688,1.18735,1.18576,1.18662,30.658878493999836,32.562030294457486,,,8604
1770817500,1.18662,1.18811,1.18573,1.18782,39.989786798550746,32.84648732036283,,,6256
1770817800,1.18782,1.18783,1.18649,1.1864999999999999,34.49155327787872,32.73821338050589,,,3795
1770818100,1.1864999999999999,1.18703,1.18612,1.18618,33.29637742876554,32.484640668814876,,,3793
1770818400,1.18618,1.18752,1.18594,1.1874,41.60433383470399,33.01947203422808,,,4271
1770818700,1.1874,1.18811,1.18737,1.1875499999999999,42.55174337581187,33.73121428322703,,,3419
1770819000,1.1875499999999999,1.18785,1.18722,1.18725,41.11502267245517,34.015197438038335,,,2912
1770819300,1.18725,1.18824,1.18724,1.18756,43.24740861611011,34.631321588290014,,,2814
1770819600,1.18756,1.18765,1.18584,1.18604,36.30521275235338,34.82173886301019,,,1848
1770819900,1.18604,1.18643,1.18597,1.18643,39.010405539976006,35.08768808514788,,,2003
1770820200,1.18643,1.1864999999999999,1.18579,1.18611,37.599348079902455,35.35626116274502,,,2669
1770820500,1.18611,1.18662,1.18598,1.18641,39.79787610956408,35.70484536894441,,,2754
1770820800,1.18641,1.1864999999999999,1.18567,1.18593,37.52009752917671,37.77407085397114,,,2522
1770821100,1.18593,1.1862,1.18543,1.18546,35.384562297861706,38.04090048622218,,,2328
1770821400,1.18546,1.18613,1.18526,1.18598,39.48823549874934,38.67156884370428,,,2173
1770821700,1.18598,1.18622,1.18575,1.18602,39.804928701270995,38.658364693898584,,,2225
1770822000,1.18602,1.18695,1.18598,1.18662,44.49726620754219,39.37305847458883,,,2291
1770822300,1.18662,1.1871,1.18651,1.18709,47.92190438970368,40.4177389717987,,,1850
1770822600,1.18709,1.18717,1.18617,1.18641,43.71885196692757,40.568775981243235,,,2325
1770822900,1.18641,1.18665,1.18558,1.18582,40.40739318061796,40.415608110157955,,,1367
1770823200,1.18582,1.18663,1.18553,1.18623,43.60418260137875,40.593405247938215,,,1901
1770823500,1.18623,1.18636,1.18552,1.18567,40.415179025147275,40.391103134298014,,,2044
1770823800,1.18567,1.18587,1.1851099999999999,1.18574,40.99608041482464,40.72616511018882,,,2059
1770824100,1.18574,1.18597,1.18547,1.1855499999999999,39.860164695089765,40.786862192696944,,,1870
1770824400,1.1855499999999999,1.186,1.18522,1.18537,38.764343259519606,40.87007613409816,,,1493
1770824700,1.18537,1.18569,1.18531,1.1853799999999999,38.86489822482633,40.803434856616896,,,1447
1770825000,1.1853799999999999,1.18646,1.18509,1.1864,48.20719078300192,41.56679866046155,,,1930
1770825300,1.1864,1.18669,1.18585,1.18592,44.742171684553185,42.235199330939516,,,1032
1770825600,1.18592,1.18592,1.18532,1.18548,41.777781891732076,42.39873835900971,,,1213
1770825900,1.18548,1.18571,1.1853,1.18535,40.915242889446844,42.47804651530799,,,1155
1770826200,1.18535,1.18592,1.18534,1.18587,45.74084045717432,42.56687324742457,,,1139
1770826500,1.18587,1.18611,1.18558,1.1861,47.77264917519293,42.556212160673795,,,1013
1770826800,1.1861,1.18655,1.18591,1.18653,51.43420423528044,43.10730875127043,,,883
1770827100,1.18653,1.18699,1.18649,1.18699,55.06364314735692,44.154183748894646,,,1004
1770827400,1.18699,1.18735,1.1869399999999999,1.18724,56.94677833058052,45.107226300980486,,,1156
1770827700,1.18724,1.18783,1.18723,1.18773,60.44558065216924,46.537969274339204,,,957
1770828000,1.18773,1.18796,1.18751,1.1877199999999999,60.337812133670326,47.919521539971036,,,923
1770828300,1.1877199999999999,1.1878,1.18756,1.1877199999999999,60.337812133670326,49.3822106427268,,,830
1770828600,1.1877199999999999,1.18802,1.18758,1.18801,62.58159094121019,51.08344261999041,,,870
1770828900,1.18801,1.18832,1.18788,1.1883,64.73035693568991,52.930975385052086,,,846
1770829200,1.1883,1.18852,1.1877199999999999,1.1883299999999999,64.95456088083067,54.12721610632557,,,1131
1770829500,1.1883299999999999,1.18858,1.18817,1.18852,66.41088414633252,55.67498128216695,,,769
1770829800,1.18852,1.18893,1.18835,1.18888,69.0363814319995,57.62202410647177,,,734
1770830100,1.18888,1.1891,1.18865,1.18891,69.2520725622164,59.646083368812455,,,889
1770830400,1.18891,1.18903,1.18846,1.18895,69.5565796747843,61.34720759864173,,,782
1770830700,1.18895,1.18913,1.18865,1.18913,70.95074350729733,63.002785765220615,,,632
1770831000,1.18913,1.18936,1.18898,1.18901,68.69223646690544,64.23550235319382,,,701
1770831300,1.18901,1.1892099999999999,1.18893,1.189,68.4965608545055,65.19499647513301,,,545
1770831600,1.189,1.18926,1.18872,1.1887699999999999,63.98215667082946,65.69752349943651,,,775
1770831900,1.1887699999999999,1.1889399999999999,1.18845,1.18849,58.89338387931165,65.58665230137525,,,877
1770832200,1.18849,1.18878,1.1884,1.18864,60.696816121629475,65.61229544337233,,,502
1770832500,1.18864,1.18872,1.18845,1.18857,59.38741122372733,65.5444096640907,,,440
1770832800,1.18857,1.18907,1.1883299999999999,1.1889399999999999,63.829169301515115,65.63352240411247,,,942
1770833100,1.1889399999999999,1.1889399999999999,1.18823,1.18828,52.747124298506236,64.77757721574221,,,623
1770833400,1.18828,1.18842,1.18785,1.1879899999999999,48.742623679466554,63.61958170135905,,,621
1770833700,1.1879899999999999,1.18855,1.18796,1.18837,53.70256759803319,62.71184480505196,,,703
1770834000,1.18837,1.18847,1.1882,1.1882,51.310483159315496,61.44570921414596,,,307
1770834300,1.1882,1.18838,1.18815,1.18815,50.5966301178036,60.113177610973615,,,407
1770834600,1.18815,1.18864,1.18815,1.18849,55.164543901022306,59.08517505570491,,,512
1770834900,1.18849,1.18862,1.18842,1.18853,55.68369127463462,57.99467132480043,,,412
1770835200,1.18853,1.18853,1.18822,1.18848,54.82906816837911,57.004445017762826,,,432
1770835500,1.18848,1.18875,1.18843,1.18867,57.49850183047617,56.21886937318931,,,472
1770835800,1.18867,1.18873,1.18843,1.18856,55.45522902996162,55.60980311312732,,,517
1770836100,1.18856,1.18865,1.18814,1.1882,49.28275461814199,54.92332959447234,,,443
1770836400,1.1882,1.18828,1.18791,1.18806,47.08775234729011,53.951253610590946,,,769
1770836700,1.18806,1.18807,1.18777,1.18791,44.78614322141787,52.90830589614028,,,395
1770837000,1.18791,1.18819,1.18784,1.18814,48.909799671069734,51.84263663682275,,,448
1770837300,1.18814,1.18828,1.1881,1.18818,49.61458374423863,51.61888374008935,,,347
1770837600,1.18818,1.18843,1.18817,1.18842,53.7381886070179,51.97570980634301,,,261
1770837900,1.18842,1.18846,1.18818,1.18826,50.75588391341558,51.7652324002989,,,309
1770838200,1.18826,1.18832,1.18797,1.18814,48.57838470705903,51.570082510852004,,,575
1770838500,1.18814,1.18827,1.188,1.18811,48.02369276883318,51.38630127163983,,,459
1770838800,1.18811,1.1881599999999999,1.18797,1.18808,47.440326735002614,50.834571474067,,,238
1770839100,1.18808,1.1882,1.18784,1.18817,49.42516885104147,50.38753415809606,,,428
1770839400,1.18817,1.18817,1.18798,1.18798,45.51725361851855,49.72240454739174,,,262
1770839700,1.18798,1.1881,1.18788,1.18796,45.112902341026,48.83771886957387,,,451
1770840000,1.18796,1.18811,1.18773,1.18773,40.64158095541628,47.77960114996349,,,425
1770840300,1.18773,1.18775,1.18744,1.18762,38.6676479582563,47.021379245685935,,,462
1770840600,1.18762,1.18773,1.18749,1.1877,40.91524891747785,46.58048614355649,,,270
1770840900,1.1877,1.18778,1.18764,1.18767,40.3185565054848,46.26137280670413,,,248
1770841200,1.18767,1.18769,1.18758,1.1876,38.89327294007514,45.545906611633086,,,250
1770841500,1.1876,1.18768,1.18748,1.18767,41.13428110068249,44.94017070852193,,,252
1770841800,1.18767,1.18774,1.18734,1.18735,34.843398941625665,43.59054287527964,,,245
1770842100,1.18735,1.18749,1.18731,1.18737,35.50726903839504,42.50135609849246,,,230
1770842400,1.18737,1.18739,1.18718,1.18726,33.486389690625685,41.423356454461505,,,261
1770842700,1.18726,1.18747,1.18721,1.18742,38.93087457288728,40.77386944046537,,,275
1770843000,1.18742,1.18758,1.18735,1.18741,38.717560767198094,40.150814728479325,,,316
1770843300,1.18741,1.18749,1.18696,1.18706,32.09008183136012,38.91259422707352,,,674
1770843600,1.18706,1.18722,1.18697,1.18719,36.44190491166716,38.26435503372699,,,455
1770843900,1.18719,1.18744,1.18709,1.18709,34.60487334473824,37.51378153399215,,,291
1770844200,1.18709,1.18713,1.18698,1.18703,33.51326165045539,37.00461586935209,,,125
1770844500,1.18703,1.18712,1.18696,1.18706,34.62372888605027,36.71576450705165,,,141
1770844800,1.18706,1.1872,1.18705,1.1871099999999999,36.52654275370858,36.40228549535385,,,178
1770845100,1.1871099999999999,1.18713,1.18697,1.18706,35.41643363083402,36.05213386145023,,,202
1770845400,1.18706,1.18715,1.18698,1.18706,35.41643363083401,35.803788196504435,,,138
1770845700,1.18706,1.18715,1.187,1.18703,34.68294450159793,35.342978439426965,,,152
1770846000,1.18703,1.18703,1.18687,1.18693,32.28287155244776,35.160083625914254,,,122
1770846300,1.18693,1.18716,1.18693,1.18708,39.09153797114307,35.41610283539626,,,320
1770846600,1.18708,1.18716,1.18697,1.18705,38.262916331787224,35.75728330976494,,,249
1770846900,1.18705,1.18718,1.18703,1.18713,41.80541353138002,35.96260752108584,,,272
1770847200,1.18713,1.18719,1.18678,1.18679,33.1099055121706,35.56206071715531,,,18
1770847500,1.18679,1.18698,1.18679,1.18697,40.20131174911325,36.141434282709106,,,50
1770847800,1.18697,1.1871,1.18697,1.18699,40.95039438642254,36.46346924519163,,,32
1770848100,1.18699,1.1872,1.18687,1.1871,45.02906444416279,37.20805432372196,,,117
1770848400,1.1871,1.18718,1.18703,1.18708,44.428192110039404,37.98769221369224,,,93
1770848700,1.18708,1.1871099999999999,1.18705,1.18705,43.490712671409796,38.62104819836078,,,143
1770849000,1.18705,1.18716,1.18702,1.18716,47.83703095557548,39.42894021277984,,,111
1770849300,1.18716,1.18717,1.18716,1.18717,48.22688138852706,40.343972195472205,,,15
1770849600,1.18717,1.1872,1.18708,1.1872,49.44751181798504,41.346192065983,,,24
1770849900,1.1872,1.18731,1.18718,1.18731,53.7529741020021,42.70833703744044,,,45
1770850200,1.18731,1.18739,1.18731,1.18739,56.64497659524123,44.448487397639965,,,46
1770850500,1.18739,1.18744,1.18701,1.18721,49.191302828529516,45.169899173167565,,,418
1770850800,1.18721,1.1875499999999999,1.18709,1.18728,51.845053412013876,46.140051821755186,,,165
1770851100,1.18728,1.18729,1.187,1.18704,43.46317466586531,46.25846333136128,,,124
1770851400,1.18704,1.18719,1.18699,1.18714,47.28722310401639,47.27112887363598,,,120
1770851700,1.18714,1.1874,1.18713,1.18734,53.99005543103257,48.256039136630214,,,94
1770852000,1.18734,1.18747,1.18732,1.18744,56.93845764729386,49.39804365526388,,,63
1770852300,1.18744,1.18758,1.18739,1.1875,58.65060111447166,50.371010560285946,,,99
1770852600,1.1875,1.1875,1.18729,1.18743,55.86009049271984,51.18757473047741,,,126
1770852900,1.18743,1.1876,1.1873799999999999,1.18759,60.48763746980613,52.40164078750571,,,110
1770853200,1.18759,1.1876,1.18728,1.1873,50.212376262084526,52.57130830939922,,,190
1770853500,1.1873,1.18742,1.18719,1.18742,53.71605703598186,52.96339228421742,,,198
1770853800,1.18742,1.1875499999999999,1.1874,1.18747,55.13284577856799,53.3694875671162,,,127
1770854100,1.18747,1.18758,1.18743,1.18745,54.415314942881494,53.41679762717901,,,155
1770854400,1.18745,1.1876,1.187,1.18705,42.50153757142724,52.406551982620876,,,530
1770854700,1.18705,1.18706,1.1867,1.18671,35.40568010300373,51.42186464508331,,,431
1770855000,1.18671,1.18692,1.18669,1.18686,40.152910416739466,50.58671157399228,,,388
1770855300,1.18686,1.18734,1.18683,1.18718,48.798115845785,50.9677788011294,,,485
1770855600,1.18718,1.18763,1.18708,1.18759,57.307570267300484,51.683517884221125,,,459
1770855900,1.18759,1.18774,1.18752,1.18761,57.67707691092291,51.94687656135614,,,303
1770856200,1.18761,1.18775,1.18749,1.18751,55.10877076725793,51.81618464135358,,,299
1770856500,1.18751,1.18752,1.1873,1.18737,51.64174419903164,51.315552004536436,,,353
1770856800,1.18737,1.18751,1.18725,1.1875,54.50400754467112,51.21868893681867,,,330
1770857100,1.1875,1.18761,1.18749,1.1876,56.63050401835612,50.943179404572234,,,310
1770857400,1.1876,1.1878,1.18752,1.18765,57.69522449414209,51.47766856400492,,,647
1770857700,1.18765,1.18768,1.18726,1.18766,57.91774238804077,51.77778894629484,,,658
1770858000,1.18766,1.18777,1.18746,1.18762,56.63452139636507,51.88505149042321,,,845
1770858300,1.18762,1.18788,1.18749,1.18788,62.457103796382455,52.45946497995899,,,544
1770858600,1.18788,1.18804,1.18782,1.18804,65.52478224624943,54.103982456732005,,,406
1770858900,1.18804,1.18804,1.18767,1.18798,63.43161568855424,56.105834998557036,,,554
1770859200,1.18798,1.188,1.18748,1.18758,51.59784412284198,56.92333026327865,,,538
1770859500,1.18758,1.1876,1.1873799999999999,1.18752,50.0883545568661,57.01549017121301,,,528
1770859800,1.18752,1.18756,1.18734,1.18745,48.31257040262178,56.37299018087882,,,412
1770860100,1.18745,1.18786,1.18745,1.18781,56.79591922425716,56.310050346116974,,,518
1770860400,1.18781,1.18824,1.1878,1.18801,60.65905000423021,56.70649886304357,,,450
1770860700,1.18801,1.18803,1.18769,1.18781,55.33100501393684,56.97001749267965,,,329
1770861000,1.18781,1.18789,1.18763,1.18785,56.16038525937502,57.08833018658708,,,376
1770861300,1.18785,1.18808,1.1877,1.18807,60.503970214476,57.365006343452784,,,498
1770861600,1.18807,1.18839,1.18802,1.18832,64.77501757791708,57.87070584943671,,,647
1770861900,1.18832,1.18846,1.18805,1.18813,59.508113553889324,57.98430378985446,,,624
1770862200,1.18813,1.18825,1.18804,1.18821,60.94794874843839,58.29240574357398,,,413
1770862500,1.18821,1.18828,1.18804,1.18804,56.36155478135372,57.85700938535764,,,273
1770862800,1.18804,1.18815,1.18767,1.18771,48.700396077423974,56.65526751615583,,,370
1770863100,1.18771,1.18774,1.18752,1.18753,45.09937805155174,55.345821970655656,,,292
1770863400,1.18753,1.18782,1.18749,1.18774,49.76619090981823,55.21498959829682,,,410
1770863700,1.18774,1.18788,1.18758,1.18784,51.86452099711703,55.34185862974331,,,306
1770864000,1.18784,1.18787,1.18763,1.18777,50.28121030899477,55.48247576591281,,,253
1770864300,1.18777,1.18777,1.18763,1.18768,48.242053107468365,54.87148532899933,,,264
1770864600,1.18768,1.1877,1.1875,1.18766,47.778341227986274,53.951434702124764,,,359
1770864900,1.18766,1.1879,1.18749,1.18788,53.11681281877621,53.79327811675615,,,465
1770865200,1.18788,1.18809,1.18773,1.18802,56.18630275891171,53.79512936672305,,,484
1770865500,1.18802,1.18808,1.18781,1.18789,52.73376926059515,53.24011501287442,,,242
1770865800,1.18789,1.18796,1.18766,1.18774,48.992894775482995,52.112820526986276,,,317
1770866100,1.18774,1.18793,1.18767,1.18793,53.493255135274175,51.68318778279947,,,277
1770866400,1.18793,1.18797,1.18775,1.18779,49.99311125593317,50.900699390477676,,,396
1770866700,1.18779,1.18779,1.18754,1.18763,46.267166554042916,50.17967165995548,,,266
1770867000,1.18763,1.18785,1.18754,1.18785,51.6077580974048,50.387340375668394,,,323
1770867300,1.18785,1.18788,1.1875,1.1875,44.098404643581084,50.315842275099065,,,295
1770867600,1.1875,1.1875,1.18718,1.1873,40.47420192421348,49.652128776127306,,,304
1770867900,1.1873,1.18732,1.18698,1.18699,35.59157845560608,48.48977573744795,,,220
1770868200,1.18699,1.18703,1.18652,1.18658,30.372823011149833,47.067748073316174,,,406
1770868500,1.18658,1.18699,1.18656,1.18695,39.05730472757331,46.411694617609385,,,322
1770868800,1.18695,1.18725,1.18692,1.18714,42.98968169777373,46.069647508308485,,,278
1770869100,1.18714,1.18714,1.18692,1.18708,42.066572772461306,45.28034464785742,,,204
1770869400,1.18708,1.18708,1.18679,1.18679,37.83752253665209,43.96971748912459,,,180
1770869700,1.18679,1.18693,1.18661,1.18692,40.71480187188973,43.11121981850278,,,346
1770870000,1.18692,1.18692,1.18667,1.18668,37.283760216009604,42.27485306425468,,,159
1770870300,1.18668,1.18673,1.1864,1.18665,36.86555529259479,41.08716021834901,,,332
1770870600,1.18665,1.18681,1.18659,1.18674,39.07346766902664,40.30718567642712,,,224
1770870900,1.18674,1.18679,1.18667,1.18672,38.749165396980324,39.77018559377979,,,197
1770871200,1.18672,1.18673,1.1862,1.1863,32.6252894155528,38.4142949736475,,,417
1770871500,1.1863,1.1863,1.18607,1.18609,30.066678895241992,37.412028848766134,,,261
1770871800,1.18609,1.18628,1.18603,1.18622,33.541322336607394,36.91682316393713,,,299
1770872100,1.18622,1.18622,1.18601,1.18619,33.13221324998052,36.741154220678155,,,268
1770872400,1.18619,1.1863299999999999,1.18597,1.18625,34.84391696202488,37.06051807431209,,,548
1770872700,1.18625,1.1863,1.18613,1.18624,34.684556265429734,36.748178898444685,,,378
1770873000,1.18624,1.18637,1.18599,1.1863,36.55936808722439,36.28887078340545,,,400
1770873300,1.1863,1.18636,1.18622,1.18636,38.46163918247868,36.031375526978124,,,238
1770873600,1.18636,1.18636,1.18587,1.1859,30.829269361137165,35.53078601444134,,,210
1770873900,1.1859,1.18599,1.18581,1.18585,30.129396890901205,34.774685658656445,,,210
1770874200,1.18585,1.18621,1.18584,1.1862,40.339402894143454,34.99294584995172,,,298
1770874500,1.1862,1.18623,1.1859,1.18598,36.708326309754554,34.981715208320274,,,338
1770874800,1.18598,1.18623,1.18593,1.1862,42.30146294105318,35.21228629917931,,,196
1770875100,1.1862,1.18625,1.18604,1.18614,41.23130186947587,35.38958176150042,,,256
1770875400,1.18614,1.18646,1.18608,1.18645,48.48299613716917,36.52227509875873,,,262
1770875700,1.18645,1.18656,1.18635,1.18646,48.70288808172433,37.85343289779319,,,333
1770876000,1.18646,1.18654,1.18631,1.1864,47.39571312636069,38.84303223991842,,,332
1770876300,1.1864,1.18651,1.18627,1.18649,49.58167874224255,40.01799406079427,,,249
1770876600,1.18649,1.18676,1.18638,1.18658,51.7413233096252,41.22495165705145,,,406
1770876900,1.18658,1.18664,1.18564,1.18582,37.23635394261434,41.407222919707486,,,1565
1770877200,1.18582,1.18613,1.1855499999999999,1.18602,41.85576916050306,41.78553728208453,,,879
1770877500,1.18602,1.18623,1.18566,1.18569,37.01489310512767,41.68219827655946,,,580
1770877800,1.18569,1.18574,1.18521,1.18527,31.950108229601696,41.7622581957355,,,998
1770878100,1.18527,1.186,1.18522,1.18586,43.6206712825892,42.725920652284636,,,1083
1770878400,1.18586,1.18642,1.18584,1.18628,50.1718719785033,43.42823987259606,,,1184
1770878700,1.18628,1.18629,1.18597,1.18609,47.4838318024227,44.19791883635806,,,1010
1770879000,1.18609,1.18646,1.18607,1.18625,49.91723894568508,44.741902836688915,,,491
1770879300,1.18625,1.18638,1.18604,1.18604,46.84888800375554,45.14315898913747,,,570
1770879600,1.18604,1.18662,1.18592,1.18625,50.14888849448858,45.26215130037457,,,832
1770879900,1.18625,1.18665,1.18618,1.1866,55.14721370311314,45.72246027333091,,,528
1770880200,1.1866,1.18672,1.18631,1.18631,50.61851239047177,45.95266022076742,,,415
1770880500,1.18631,1.18686,1.1863,1.18685,57.60066854328943,46.525445206556476,,,431
1770880800,1.18685,1.1871,1.18668,1.18709,60.28816273278299,47.13593373678203,,,326
1770881100,1.18709,1.18733,1.18705,1.18732,62.72647998332246,48.956657025404034,,,596
1770881400,1.18732,1.1874,1.18709,1.18713,59.47759683061198,50.21535900184039,,,600
1770881700,1.18713,1.1873,1.18706,1.1872,60.2935649563126,51.87812127692503,,,322
1770882000,1.1872,1.18721,1.18704,1.18715,59.37389877528888,53.836963458759826,,,375
1770882300,1.18715,1.1875,1.187,1.18749,63.45587454672398,55.253763691912305,,,447
1770882600,1.18749,1.1875,1.18709,1.18709,56.290101256509736,55.690780068912765,,,394
1770882900,1.18709,1.1873799999999999,1.18687,1.18728,58.67714221801624,56.49030224145516,,,614
1770883200,1.18728,1.18768,1.18728,1.1875499999999999,61.86432083417768,57.343665233490356,,,814
1770883500,1.1875499999999999,1.18783,1.1875,1.18774,63.97028694335677,58.56662230060473,,,555
1770883800,1.18774,1.18791,1.18758,1.18782,64.85044524620653,59.61673349715602,,,551
1770884100,1.18782,1.18809,1.18745,1.18757,59.92398085061884,59.95793115054928,,,647
1770884400,1.18757,1.18778,1.18756,1.1877199999999999,61.7991125354997,60.75654544662272,,,496
1770884700,1.1877199999999999,1.18784,1.18763,1.18778,62.55385534173748,61.11034450365471,,,470
1770885000,1.18778,1.18801,1.18771,1.18776,62.11332710433809,61.24071338733722,,,494
1770885300,1.18776,1.18784,1.18733,1.18733,53.40517242078609,60.57490570429892,,,515
1770885600,1.18733,1.18761,1.18716,1.18717,50.56448690378574,59.938254995239895,,,472
1770885900,1.18717,1.18777,1.18713,1.18767,58.070278743800415,59.77944883720331,,,570
1770886200,1.18767,1.188,1.18765,1.18784,60.27851986696582,59.84406462946595,,,554
1770886500,1.18784,1.18806,1.18761,1.18798,62.05102837002308,59.743718473987315,,,582
1770886800,1.18798,1.18856,1.18796,1.18845,67.32285913313018,60.53177260803161,,,903
1770887100,1.18845,1.18849,1.18825,1.18828,63.866866529143394,60.90246720168356,,,538
1770887400,1.18828,1.18869,1.18828,1.18868,68.02600100893785,61.34258721416643,,,593
1770887700,1.18868,1.18873,1.1884,1.18843,63.13463969208071,61.282898124789575,,,555
1770888000,1.18843,1.1887,1.18824,1.18866,65.58629149817804,61.33545857135896,,,383
1770888300,1.18866,1.18879,1.1885,1.18852,62.84656786928394,61.544214786977896,,,437
1770888600,1.18852,1.18859,1.18832,1.18837,59.956691606465604,61.41261329204689,,,522
1770888900,1.18837,1.18864,1.18823,1.18852,61.84608119142837,61.36205799559624,,,504
1770889200,1.18852,1.18855,1.18837,1.18848,61.019259402204426,61.2839103025867,,,384
1770889500,1.18848,1.18875,1.18847,1.18861,62.76169860573216,61.952233601511416,,,489
1770889800,1.18861,1.18874,1.18843,1.18866,63.438624931627864,62.87181488921443,,,430
1770890100,1.18866,1.18874,1.18852,1.18871,64.1406278322408,63.30541125267445,,,404
1770890400,1.18871,1.18873,1.18815,1.18815,52.07954561489663,62.71977023466951,,,774
1770890700,1.18815,1.18838,1.18814,1.18817,52.423634768354155,62.03209926312173,,,548
1770891000,1.18817,1.18818,1.18776,1.18783,46.33285716134948,60.53281340799453,,,491
1770891300,1.18783,1.18802,1.18769,1.18798,49.140333756282836,59.480918209933066,,,444
1770891600,1.18798,1.18824,1.18782,1.18819,52.8584601821755,58.3975224365929,,,483
1770891900,1.18819,1.18821,1.18796,1.18803,49.867220715581446,57.44984965255724,,,340
1770892200,1.18803,1.18819,1.18802,1.18818,52.57669156722729,56.520592514632185,,,462
1770892500,1.18818,1.18825,1.1879899999999999,1.18805,50.05193035482502,55.60668983502798,,,297
1770892800,1.18805,1.18808,1.18784,1.1879,47.23348489897121,54.697889355921234,,,284
1770893100,1.1879,1.1879,1.18745,1.18758,41.82287647017278,53.26766044726013,,,412
1770893400,1.18758,1.18784,1.18749,1.18754,41.18775192010556,51.851124198538784,,,328
1770893700,1.18754,1.18774,1.18749,1.18771,45.00986391843327,50.58313600658886,,,397
1770894000,1.18771,1.18777,1.18749,1.18769,44.64228734526585,49.240540464705866,,,294
1770894300,1.18769,1.18795,1.18763,1.18795,50.32206923085712,48.25350056460702,,,306
1770894600,1.18795,1.18813,1.18791,1.18804,52.15214811928026,48.25868645777729,,,289
1770894900,1.18804,1.18827,1.18803,1.18825,56.206124048482046,48.528864263500715,,,348
1770895200,1.18825,1.18843,1.1881599999999999,1.18831,57.31880818842521,49.31357505114897,,,299
1770895500,1.18831,1.18844,1.18792,1.18793,48.85302728975702,49.293053160682845,,,350
1770895800,1.18793,1.18809,1.18784,1.18798,49.90152023160236,49.08184316421334,,,321
1770896100,1.18798,1.18801,1.18787,1.18798,49.90152023160236,49.084293129643406,,,219
1770896400,1.18798,1.188,1.18765,1.18774,44.790135641894175,48.52811056354818,,,348
1770896700,1.18774,1.18791,1.18773,1.18782,46.74818061150497,48.29212843902532,,,242
1770897000,1.18782,1.18834,1.18782,1.18827,56.165534792152776,48.93013200282401,,,413
1770897300,1.18827,1.18845,1.18815,1.18843,58.945548038275554,50.153179971974204,,,577
1770897600,1.18843,1.18861,1.18842,1.18853,60.626294264284034,51.54164728227266,,,543
1770897900,1.18853,1.1885999999999999,1.1884,1.18852,60.360174545396646,52.63809804134148,,,431
1770898200,1.18852,1.18852,1.18826,1.18838,56.613477447750626,53.49318304866182,,,368
1770898500,1.18838,1.1884,1.18804,1.18812,50.361380304513766,53.49599098249444,,,380
1770898800,1.18812,1.18829,1.18791,1.18818,51.687337318005056,53.46279021097478,,,362
1770899100,1.18818,1.18829,1.18803,1.18807,49.09793748873898,52.955062599564556,,,340
1770899400,1.18807,1.1882,1.18806,1.18808,49.34637517880277,52.38560309887724,,,414
1770899700,1.18808,1.18809,1.18769,1.18777,42.4324238177425,51.92698856516191,,,566
1770900000,1.18777,1.18783,1.18721,1.18723,33.60085042521706,50.76265500756296,,,587
1770900300,1.18723,1.18748,1.1871099999999999,1.18723,33.60085042521706,49.59832144996401,,,636
1770900600,1.18723,1.18724,1.18678,1.18678,27.973810555300602,48.397155372350184,,,530
1770900900,1.18678,1.18731,1.18669,1.18729,40.19724529258403,47.92923142099869,,,911
1770901200,1.18729,1.18764,1.18719,1.18736,41.66069110557122,46.89317115767143,,,867
1770901500,1.18736,1.18745,1.18721,1.18735,41.50443513960955,45.64737737919529,,,667
1770901800,1.18735,1.18783,1.18735,1.18743,43.33546790221034,44.41231835333288,,,931
1770902100,1.18743,1.18775,1.18729,1.1876,47.12322200883957,43.466821743578805,,,889
1770902400,1.1876,1.18778,1.18752,1.18773,49.88215994470665,42.986013350504244,,,904
1770902700,1.18773,1.1878,1.18757,1.18765,48.214951136819955,42.83269698138326,,,689
1770903000,1.18765,1.18825,1.1871099999999999,1.18824,59.077932231196286,43.36059661803977,,,1037
1770903300,1.18824,1.18844,1.188,1.18825,59.23402226261467,44.08460267331662,,,917
1770903600,1.18825,1.18841,1.18791,1.18802,54.12080372595426,44.42563328382743,,,688
1770903900,1.18802,1.18851,1.18787,1.18845,60.91394001162154,45.74574158339022,,,774
1770904200,1.18845,1.18852,1.18814,1.1883,57.70420292904607,47.46740961937802,,,719
1770904500,1.1883,1.18851,1.18822,1.18848,60.40073635484956,49.38168718578033,,,570
1770904800,1.18848,1.18858,1.18817,1.1882,54.57231208342356,51.281580152074824,,,673
1770905100,1.1882,1.18848,1.18782,1.18848,58.848700659647825,52.613826964007956,,,957
1770905400,1.18848,1.18876,1.18745,1.18778,46.949622354930085,52.99160776753359,,,2069
1770905700,1.18778,1.18829,1.18777,1.18821,53.208526047226584,53.82761426093481,,,1255
1770906000,1.18821,1.18844,1.18793,1.18808,51.24027355994444,54.39224323648724,,,794
1770906300,1.18808,1.18813,1.18784,1.18788,48.2812436472223,54.47495906780029,,,715
1770906600,1.18788,1.18862,1.18787,1.18858,57.52632055893397,55.0209705402451,,,1178
1770906900,1.18858,1.18864,1.18814,1.18857,57.36855108403632,55.67479910790342,,,914
1770907200,1.18857,1.18871,1.18817,1.18827,52.69910306855768,55.21916845342923,,,1005
1770907500,1.18827,1.18848,1.18824,1.18843,54.811627660662786,54.90328312471838,,,704
1770907800,1.18843,1.18859,1.18805,1.18809,49.72902712345391,54.58958479596835,,,923
1770908100,1.18809,1.1884,1.18794,1.18832,52.91010707405601,54.017882443285096,,,780
1770908400,1.18832,1.18876,1.18808,1.18808,49.39749409708507,53.42454609814503,,,1272
1770908700,1.18808,1.18839,1.1879899999999999,1.18819,51.00305502156249,52.753283145767384,,,973
1770909000,1.18819,1.18868,1.18817,1.18853,55.683538897136025,52.832656489603984,,,827
1770909300,1.18853,1.18876,1.18839,1.18839,53.420642552739054,52.44493805339621,,,836
1770909600,1.18839,1.18872,1.18826,1.18864,56.796999824443226,53.14832215836144,,,774
1770909900,1.18864,1.1887699999999999,1.18842,1.18847,53.934063802272725,53.20014628372188,,,758
1770910200,1.18847,1.18865,1.18781,1.18788,45.38387681304825,52.78183223037215,,,896
1770910500,1.18788,1.18844,1.18785,1.1883,51.30226190341066,52.99761924867131,,,1048
1770910800,1.1883,1.18853,1.18815,1.18818,49.64690675263354,52.434803976792715,,,826
1770911100,1.18818,1.18878,1.18809,1.18873,56.56464566001231,52.377382160791,,,961
1770911400,1.18873,1.18883,1.18832,1.18864,55.22756258486337,52.557986411955696,,,1119
1770911700,1.18864,1.18873,1.18836,1.18857,54.155316103595666,52.511107015022326,,,1403
1770912000,1.18857,1.18897,1.18825,1.18879,56.98212855005049,53.02918568835066,,,1253
1770912300,1.18879,1.18898,1.1887,1.18879,56.98212855005049,53.32004436520741,,,1085
1770912600,1.18879,1.18882,1.18682,1.18692,35.43995666202699,52.323077405560404,,,2913
1770912900,1.18692,1.18716,1.18652,1.18693,35.580209998136326,51.221445618172815,,,2920
1770913200,1.18693,1.18714,1.18655,1.18663,33.24672910116891,49.61881634703231,,,2003
1770913500,1.18663,1.18692,1.18618,1.1864999999999999,32.25940690101778,48.1072995147665,,,2426
1770913800,1.1864999999999999,1.18705,1.18635,1.18693,38.73975713884351,46.817496465795095,,,1943
1770914100,1.18693,1.18734,1.18659,1.18734,44.21917592291784,46.12357590298404,,,2682
1770914400,1.18734,1.18782,1.18704,1.18758,47.19652887190046,46.25305105004491,,,2278
1770914700,1.18758,1.1876,1.18663,1.18676,39.44891822379145,45.406383644357824,,,1735
1770915000,1.18676,1.18724,1.18657,1.18662,38.29313207724193,44.59539973897271,,,1457
1770915300,1.18662,1.18712,1.18641,1.18705,43.744808797433635,43.679697105931375,,,1610
1770915600,1.18705,1.18712,1.1864999999999999,1.18653,39.230977792395024,42.537083906469356,,,1602
1770915900,1.18653,1.18674,1.18598,1.18672,41.602084288280786,41.64042449108972,,,1310
1770916200,1.18672,1.18678,1.18632,1.18662,40.70193417219158,40.47755346409979,,,996
1770916500,1.18662,1.18752,1.18659,1.18714,47.11045381567569,39.772433840215875,,,1531
1770916800,1.18714,1.18768,1.18698,1.18704,46.07911198535768,40.53237350616807,,,1098
1770917100,1.18704,1.18737,1.18681,1.18687,44.303464940048386,41.15546314487607,,,1050
1770917400,1.18687,1.187,1.18651,1.18697,45.630682697809824,42.04003125892185,,,1349
1770917700,1.18697,1.18704,1.18646,1.18655,41.19101492569535,42.67800326068454,,,667
1770918000,1.18655,1.18662,1.18629,1.18648,40.48402916324588,42.80259411957042,,,523
1770918300,1.18648,1.18681,1.18627,1.18646,40.27135191952457,42.520606690756615,,,782
1770918600,1.18646,1.1867,1.18634,1.18655,41.75420814651329,42.131869496086104,,,781
1770918900,1.18655,1.18662,1.18619,1.18653,41.50759506989319,42.278917842236226,,,694
1770919200,1.18653,1.18693,1.18652,1.1868,46.133071909168834,42.83891354451671,,,896
1770919500,1.1868,1.1869,1.18643,1.18643,41.31187785144957,42.66513276266071,,,839
1770919800,1.18643,1.18662,1.18608,1.1862,38.61065623433967,42.620824079942466,,,665
1770920100,1.1862,1.1863,1.1859,1.1859,35.362709381749525,42.17515444376166,,,710
1770920400,1.1859,1.18598,1.18561,1.18575,33.830342310426445,41.68432645363559,,,789
1770920700,1.18575,1.1861599999999999,1.18575,1.18593,37.339302441181566,40.98638706974315,,,801
1770921000,1.18593,1.18614,1.18584,1.186,38.70070095595103,40.45935771049982,,,692
1770921300,1.186,1.18613,1.1858899999999999,1.18609,40.4909050472242,40.187032003869525,,,444
1770921600,1.18609,1.18621,1.18605,1.18612,41.10830208476617,39.864004817223545,,,380
1770921900,1.18612,1.18632,1.18599,1.18615,41.75902265199069,39.904576797673215,,,485
1770922200,1.18615,1.18638,1.18605,1.18628,44.61490394780423,40.19963928228452,,,511
1770922500,1.18628,1.18653,1.18628,1.1863299999999999,45.71741600149209,40.58864385956792,,,686
1770922800,1.1863299999999999,1.18649,1.18607,1.18619,43.128615047326,40.68681578105454,,,628
1770923100,1.18619,1.18634,1.18615,1.18628,45.27402194924878,40.955846272437086,,,285
1770923400,1.18628,1.18649,1.18624,1.1863299999999999,46.481915352294436,40.98076366123178,,,425
1770923700,1.1863299999999999,1.18678,1.1863299999999999,1.18672,54.85237443908049,41.947941988919695,,,383
1770924000,1.18672,1.18683,1.18656,1.18664,53.020471886204575,42.97721453548148,,,428
1770924300,1.18664,1.18671,1.18649,1.18669,54.05329513983054,44.312256375344404,,,528
1770924600,1.18669,1.18697,1.18663,1.18682,56.717616214840206,45.9470616542311,,,487
1770924900,1.18682,1.18696,1.1866,1.18665,52.43559657148426,47.025368377824144,,,403
1770925200,1.18665,1.18671,1.18649,1.1864999999999999,48.92569671440978,47.755725217714065,,,373
1770925500,1.1864999999999999,1.18654,1.18639,1.18646,48.002934682370984,48.29229876308168,,,263
1770925800,1.18646,1.18705,1.18645,1.18695,58.36281675425076,49.5247640966163,,,548
1770926100,1.18695,1.18716,1.1869399999999999,1.18701,59.428760076332026,50.786888198354966,,,447
1770926400,1.18701,1.18706,1.1868,1.18683,54.888892573247915,51.520744528743805,,,337
1770926700,1.18683,1.18698,1.18683,1.18693,56.86055795347527,52.31668323959974,,,225
1770927000,1.18693,1.18693,1.18666,1.1867699999999999,52.8782788150652,53.013087794438256,,,192
1770927300,1.1867699999999999,1.1869,1.18673,1.18674,52.14090936836768,53.50357975294675,,,228
1770927600,1.18674,1.18685,1.18665,1.18676,52.61530355140158,53.94167891002583,,,229
1770927900,1.18676,1.18679,1.18657,1.18658,48.003459215052246,53.4524706797381,,,208
1770928200,1.18658,1.18659,1.18636,1.18645,44.93974207720863,52.87527569338125,,,336
1770928500,1.18645,1.18673,1.18645,1.18672,51.81782804731823,52.71559947248751,,,242
1770928800,1.18672,1.1869399999999999,1.18669,1.18691,55.98467712334673,52.663246680237975,,,289
1770929100,1.18691,1.18695,1.18679,1.18695,56.83109247023383,52.9772106730058,,,279
1770929400,1.18695,1.18695,1.1868,1.18693,56.24865876937576,53.50027939121766,,,274
1770929700,1.18693,1.18698,1.18686,1.18696,56.961178354536024,54.14015393922945,,,373
1770930000,1.18696,1.1871099999999999,1.18689,1.18706,59.33831545699954,54.20983241799722,,,379
1770930300,1.18706,1.18714,1.18695,1.1871,60.283272338148954,54.270869008127,,,211
1770930600,1.1871,1.18717,1.18697,1.18708,59.53823630382734,54.60296498888267,,,154
1770930900,1.18708,1.18721,1.187,1.18721,62.75996236740309,55.02435101844894,,,117
1770931200,1.18721,1.18726,1.1871,1.18714,59.990072149915335,55.53233625665252,,,76
1770931500,1.18714,1.18715,1.187,1.18704,56.17576616238124,55.82054031336777,,,159
1770931800,1.18704,1.18705,1.18691,1.18698,53.95892112104615,55.916512996913816,,,136
1770932100,1.18698,1.18704,1.18688,1.18689,50.72531563532539,56.11093131264761,,,113
1770932400,1.18689,1.18691,1.18684,1.18689,50.72531563532537,56.524186566798804,,,96
1770932700,1.18689,1.18716,1.18689,1.18712,58.15720382948221,56.97699912266767,,,112
1770933000,1.18712,1.1872,1.18703,1.18705,55.41765919081257,56.93649784177237,,,235
1770933300,1.18705,1.1872,1.18696,1.18702,54.23845218909919,56.75130925026275,,,867
1770933600,1.18702,1.18702,1.18649,1.18654,39.687282622164574,55.56835381117624,,,23
1770933900,1.18654,1.1867699999999999,1.18629,1.18651,38.98334461881376,54.284222830053224,,,63
1770934200,1.18651,1.18659,1.18629,1.18656,40.865928194428754,52.96476659701245,,,54
1770934500,1.18656,1.18681,1.18656,1.18674,47.18366218809718,52.029080157723044,,,14
1770934800,1.18674,1.18679,1.18674,1.18676,47.8503418274473,51.19423055226732,,,6
1770935100,1.18676,1.18682,1.18662,1.18673,46.89415325747938,50.06095847298705,,,25
1770935400,1.18673,1.18689,1.18673,1.18685,51.103198817117345,49.42618180635862,,,70
1770935700,1.18685,1.18686,1.18679,1.18686,51.44853893262223,49.08852271851869,,,40
1770936000,1.18686,1.18686,1.18682,1.18684,50.67763965365766,48.85414547084809,,,31
1770936300,1.18684,1.18686,1.18674,1.18675,47.246845890949906,48.605683346249826,,,34
1770936600,1.18675,1.18684,1.18672,1.18683,50.457463835754716,48.586551074851926,,,36
1770936900,1.18683,1.18705,1.18679,1.18701,56.824595288578315,48.491364750501646,,,196
1770937200,1.18701,1.18719,1.18683,1.18687,51.30203589503797,48.19739165794631,,,206
1770937500,1.18687,1.18705,1.18685,1.187,55.61558316893705,48.29575815650617,,,122
1770937800,1.187,1.18707,1.1869399999999999,1.18707,57.78398783989348,49.588379957772524,,,105
1770938100,1.18707,1.18714,1.18698,1.18699,54.50654518061862,50.69717999790144,,,89
1770938400,1.18699,1.18703,1.18693,1.1869399999999999,52.502212099066284,51.52834313394698,,,93
1770938700,1.1869399999999999,1.187,1.18681,1.18684,48.64910753071728,51.63301780127699,,,139
1770939000,1.18684,1.18709,1.18674,1.18709,57.12135997444878,52.29523338320566,,,150
1770939300,1.18709,1.18709,1.18687,1.18697,52.6325499664192,52.70511886241565,,,120
1770939600,1.18697,1.18706,1.1869399999999999,1.18698,52.96426416786755,52.83805210175495,,,78
1770939900,1.18698,1.18698,1.18678,1.18687,48.90700719386546,52.65651412041518,,,141
1770940200,1.18687,1.18693,1.18669,1.18678,45.814658002133186,52.30915828816343,,,138
1770940500,1.18678,1.18696,1.18669,1.1869,50.32470736926391,52.52900553661443,,,177
1770940800,1.1869,1.18714,1.18671,1.18705,55.329799488890444,52.87702951183841,,,449
1770941100,1.18705,1.18705,1.1868,1.18697,52.30301317489397,52.554059360860954,,,277
1770941400,1.18697,1.18705,1.1869399999999999,1.18699,52.99530404641358,52.67500708595922,,,300
1770941700,1.18699,1.18703,1.18681,1.18687,48.45129694442883,52.163272355637204,,,341
1770942000,1.18687,1.18695,1.18679,1.1869399999999999,51.08602645020332,51.684846542087904,,,237
1770942300,1.1869399999999999,1.18699,1.18676,1.18676,44.75187202052202,50.988084173509584,,,202
1770942600,1.18676,1.1869,1.18675,1.18688,49.267958855205464,50.75706608466238,,,213
1770942900,1.18688,1.18705,1.18678,1.18678,45.90076530551238,50.56075592571917,,,244
1770943200,1.18678,1.18682,1.18671,1.18681,47.069498706795756,49.84276583517253,,,219
1770943500,1.18681,1.18684,1.18671,1.18673,44.31985703599619,49.24900205442803,,,232
1770943800,1.18673,1.18721,1.18663,1.18693,51.88687531055765,49.17204570747732,,,553
1770944100,1.18693,1.18724,1.18684,1.18722,60.30975994489344,49.986528046836455,,,567
1770944400,1.18722,1.18734,1.18687,1.1869,49.923900078136,50.280045337979516,,,752
1770944700,1.1869,1.1871,1.18673,1.1869399999999999,51.058459355870305,50.33245619416569,,,570
1770945000,1.1869399999999999,1.18697,1.18653,1.18673,45.260679148060085,49.613233312677814,,,432
1770945300,1.18673,1.18685,1.18663,1.18672,44.99864441550137,49.091492687006905,,,461
1770945600,1.18672,1.18695,1.18669,1.18675,46.00852249319556,48.59243686177705,,,441
1770945900,1.18675,1.18676,1.18631,1.18654,40.41459870184478,48.01838698730676,,,332
1770946200,1.18654,1.1867,1.18637,1.18665,44.23902826059763,47.52931568804921,,,456
1770946500,1.18665,1.18666,1.18648,1.18661,43.15434407807452,47.415206549302965,,,276
1770946800,1.18661,1.18665,1.18649,1.18651,40.482046144396726,46.78764135567376,,,252
1770947100,1.18651,1.18674,1.18645,1.18672,47.79328099237684,46.92282104759265,,,208
1770947400,1.18672,1.187,1.18661,1.18661,44.69607425291964,46.75329072945864,,,263
1770947700,1.18661,1.1867,1.18634,1.18668,47.04775189925346,46.94814036254845,,,456
1770948000,1.18668,1.18674,1.18643,1.18648,41.60427451879749,46.21366887742273,,,399
1770948300,1.18648,1.18648,1.18627,1.18639,39.39535563033088,44.719782854953976,,,235
1770948600,1.18639,1.18657,1.18636,1.1864999999999999,43.353995182812554,44.25050393385944,,,156
1770948900,1.1864999999999999,1.18675,1.18649,1.18665,48.312063475001594,44.05433279951168,,,263
1770949200,1.18665,1.18701,1.18663,1.18699,57.41138614929855,44.92224044245728,,,223
1770949500,1.18699,1.187,1.18681,1.18699,57.411386149298544,45.808864852014224,,,255
1770949800,1.18699,1.18708,1.18684,1.18687,53.55242249353317,46.347714852038344,,,200
1770950100,1.18687,1.18692,1.18679,1.18684,52.60053093483151,47.21813858296597,,,138
1770950400,1.18684,1.18689,1.18673,1.18687,53.49082136960734,47.87898094789523,,,193
1770950700,1.18687,1.18703,1.18687,1.1869399999999999,55.58700700375605,48.76702829972963,,,174
1770951000,1.1869399999999999,1.1871,1.1869399999999999,1.18703,58.195802941755076,50.03229664239808,,,174
1770951300,1.18703,1.18707,1.18688,1.18692,54.01929028893817,50.47701159215246,,,213
1770951600,1.18692,1.18702,1.18686,1.18691,53.64239363333549,51.11603440503931,,,235
1770951900,1.18691,1.18701,1.18681,1.18682,50.24465131597631,51.344384363376655,,,147
1770952200,1.18682,1.18686,1.18658,1.18669,45.73808473872565,51.639656521942946,,,150
1770952500,1.18669,1.18685,1.18668,1.18679,49.490978263204546,52.36077242429108,,,147
1770952800,1.18679,1.18689,1.18664,1.18682,50.59492625585238,52.877981786651056,,,320
1770953100,1.18682,1.18687,1.18674,1.1867699999999999,48.68503527017646,52.90462262916355,,,191
1770953400,1.1867699999999999,1.18697,1.1867699999999999,1.1869399999999999,54.91640791881271,52.72640989841455,,,337
1770953700,1.1869399999999999,1.18698,1.18688,1.1869,53.277043302119935,52.43109969504466,,,183
1770954000,1.1869,1.1869,1.18678,1.18684,50.82608439118378,52.23636125916255,,,168
1770954300,1.18684,1.18687,1.18679,1.18681,49.59748510398395,52.02185798553058,,,170
1770954600,1.18681,1.18681,1.18655,1.18664,43.22164716633736,51.28834554243987,,,151
1770954900,1.18664,1.18674,1.18664,1.18668,45.012809299652226,50.53304570643246,,,192
1770955200,1.18668,1.18676,1.1866,1.18662,42.830189701910946,49.43550190358645,,,214
1770955500,1.18662,1.1867,1.18658,1.18665,44.2848772169041,48.74018668415545,,,153
1770955800,1.18665,1.18671,1.18654,1.18665,44.2848772169041,48.071792654410345,,,147
1770956100,1.18665,1.18676,1.18654,1.18655,40.31882074594997,47.36280475655132,,,145
1770956400,1.18655,1.1866,1.18647,1.18656,40.888928520868944,47.01643645527584,,,151
1770956700,1.18656,1.18671,1.18654,1.18665,45.8980301038413,46.75979730103561,,,164
1770957000,1.18665,1.1867,1.18644,1.18645,38.15939072552499,45.871544763155086,,,204
1770957300,1.18645,1.18654,1.18642,1.18643,37.47886941856603,45.0711043451829,,,198
1770957600,1.18643,1.18653,1.18631,1.1864,36.4294035971807,43.750604036494906,,,264
1770957900,1.1864,1.18641,1.18619,1.1862,30.331633553146133,42.11164619728249,,,185
1770958200,1.1862,1.18622,1.18599,1.1861,27.82384553761044,40.46862913631297,,,252
1770958500,1.1861,1.18631,1.1861,1.1863,38.733964356556676,39.69266336863959,,,192
1770958800,1.1863,1.18644,1.18615,1.18622,36.36599595917796,39.20297399669963,,,391
1770959100,1.18622,1.18622,1.18583,1.18609,32.851396498043115,38.33430165372755,,,270
1770959400,1.18609,1.18614,1.18603,1.18609,32.851396498043115,37.62153071059413,,,182
1770959700,1.18609,1.18614,1.18602,1.18607,32.294512050697506,36.765076055865094,,,151
1770960000,1.18607,1.18637,1.18606,1.18623,40.922474041107016,36.524904400451014,,,255
1770960300,1.18623,1.18641,1.18618,1.18622,40.57445600070052,36.54316406150463,,,357
1770960600,1.18622,1.18644,1.18618,1.1862,39.844621713473714,36.46857071811926,,,345
1770960900,1.1862,1.18647,1.18617,1.18646,51.945873108312085,36.900559504152874,,,269
1770961200,1.18646,1.18647,1.18618,1.18622,43.28908471924926,37.26696621799033,,,188
1770961500,1.18622,1.18626,1.18598,1.186,37.1735321646681,37.245156414140475,,,280
1770961800,1.186,1.18602,1.18577,1.18596,36.172926540673885,37.226836624389996,,,372
1770962100,1.18596,1.18602,1.1858899999999999,1.18593,35.40323275937517,37.58909371054921,,,270
1770962400,1.18593,1.1861599999999999,1.1857,1.1857,30.112949856823604,37.75260116192158,,,496
1770962700,1.1857,1.18615,1.1857,1.18615,46.84793934989485,38.33217080430288,,,423
1770963000,1.18615,1.18615,1.18594,1.18596,42.24791829607715,38.7523081140814,,,350
1770963300,1.18596,1.18596,1.18577,1.18595,42.01409090728082,39.406786286169805,,,413
1770963600,1.18595,1.1861599999999999,1.18593,1.18613,47.63245019196091,40.462575835735365,,,378
1770963900,1.18613,1.18614,1.18574,1.18577,39.4083253098504,40.97070535424628,,,428
1770964200,1.18577,1.18583,1.18545,1.18576,39.20582784727103,40.84808776897228,,,424
1770964500,1.18576,1.18576,1.18543,1.18548,33.94609020724792,40.37463306943995,,,611
1770964800,1.18548,1.18552,1.18532,1.1853799999999999,32.28045550839579,39.834335483362956,,,356
1770965100,1.1853799999999999,1.18578,1.1853799999999999,1.18576,43.60452525435224,39.23852492236582,,,380
1770965400,1.18576,1.18581,1.1855,1.18552,39.151554470185204,38.94298704743267,,,385
1770965700,1.18552,1.1857,1.1855,1.1856,41.30332144946379,39.23797199634665,,,278
1770966000,1.1856,1.1856,1.18516,1.1852,34.69658260624263,39.13251885817299,,,527
1770966300,1.1852,1.18536,1.18498,1.185,31.945133069791197,38.88551173748842,,,656
1770966600,1.185,1.1852,1.18475,1.18498,31.674630687914174,38.99706036828061,,,909
1770966900,1.18498,1.18529,1.18498,1.18519,37.64513125410085,38.33971693286675,,,753
1770967200,1.18519,1.18533,1.1851099999999999,1.18513,36.65946139806792,37.94054144015181,,,368
1770967500,1.18513,1.18521,1.18485,1.1851,36.14979825866487,37.521663393822095,,,520
1770967800,1.1851,1.18531,1.18475,1.18513,37.09166619152554,36.768750250933856,,,785
1770968100,1.18513,1.18521,1.1847,1.1847699999999999,31.152946857059604,36.1790803614488,,,726
1770968400,1.1847699999999999,1.18537,1.18476,1.18524,43.80341086907261,36.50747914872034,,,636
1770968700,1.18524,1.18566,1.18519,1.18566,52.24750858876006,37.81472331882835,,,422
1770969000,1.18566,1.18586,1.18562,1.18585,55.50472198592715,39.47359949579487,,,367
1770969300,1.18585,1.18598,1.1858,1.18585,55.50472198592715,40.323613548050226,,,518
1770969600,1.18585,1.18601,1.18559,1.18574,53.073972389126176,41.318071970831724,,,733
1770969900,1.18574,1.18618,1.1857,1.18591,56.26191828330425,42.3865431732489,,,648
1770970200,1.18591,1.18605,1.18566,1.18575,52.63742319532515,43.668031786754796,,,534
1770970500,1.18575,1.18588,1.18563,1.18581,53.838386968062835,45.231835636631345,,,618
1770970800,1.18581,1.18605,1.18574,1.18575,52.407283876624255,46.712739435824915,,,567
1770971100,1.18575,1.18598,1.1857199999999999,1.18582,53.945380270394175,47.87704293698873,,,424
1770971400,1.18582,1.18583,1.1856,1.18573,51.63483231394131,48.94671228812255,,,636
1770971700,1.18573,1.1858899999999999,1.18569,1.18582,53.767357308926634,50.20510936314123,,,504
1770972000,1.18582,1.18593,1.18577,1.18584,54.250108848004324,51.430712410032584,,,449
1770972300,1.18584,1.1861,1.18575,1.18597,57.366312858896855,53.3030956958781,,,497
1770972600,1.18597,1.18606,1.18587,1.18605,59.20770090072395,54.40340212671034,,,481
1770972900,1.18605,1.18627,1.18604,1.18625,63.45703517719613,55.20408259731291,,,486
1770973200,1.18625,1.18665,1.18622,1.18657,69.01807252880909,56.16932192180445,,,755
1770973500,1.18657,1.1866,1.18646,1.18652,67.2948608045589,57.01147469456386,,,534
1770973800,1.18652,1.18656,1.18629,1.18643,64.1882384706343,57.805350843243005,,,650
1770974100,1.18643,1.18657,1.18609,1.18626,58.67797025491237,57.977925984072165,,,458
1770974400,1.18626,1.18639,1.1862,1.18634,60.40075088946117,58.53244939079617,,,348
1770974700,1.18634,1.18636,1.18617,1.18627,58.1175285281297,58.83810235937237,,,321
1770975000,1.18627,1.18629,1.18615,1.1862,55.844167675043515,59.083594059259454,,,429
1770975300,1.1862,1.1863299999999999,1.18619,1.18622,56.369301561683365,59.256731294351546,,,439
1770975600,1.18622,1.1864999999999999,1.18621,1.18646,62.1816364653591,60.01007444802424,,,582
1770975900,1.18646,1.18662,1.18644,1.18652,63.49106651547976,60.70462510563518,,,308
1770976200,1.18652,1.18661,1.1863299999999999,1.18638,58.409210286897384,61.001703779841826,,,453
1770976500,1.18638,1.18638,1.18603,1.18604,48.29855210307131,60.35400658299715,,,402
1770976800,1.18604,1.18608,1.18584,1.18594,45.78807510480411,59.39546188328858,,,444
1770977100,1.18594,1.18608,1.18563,1.18571,40.56542762299314,57.76034705798837,,,544
1770977400,1.18571,1.18607,1.1857,1.18587,45.244332678007275,56.062222782931094,,,364
1770977700,1.18587,1.186,1.18557,1.18558,39.217998458832895,54.05673261537924,,,328
1770978000,1.18558,1.1857,1.18542,1.1855499999999999,38.64456192893382,52.23218429097206,,,326
1770978300,1.1855499999999999,1.18571,1.18544,1.18562,40.81898384633029,50.95654240464477,,,260
1770978600,1.18562,1.18565,1.18528,1.18543,36.98734827317222,49.28415650348128,,,345
1770978900,1.18543,1.18559,1.1853799999999999,1.18551,39.55992349478691,47.958613286813936,,,236
1770979200,1.18551,1.18563,1.18539,1.1855499999999999,40.86002174665584,46.88831714907196,,,443
1770979500,1.1855499999999999,1.18569,1.18535,1.18552,40.16224720417086,45.73067040924963,,,374
1770979800,1.18552,1.18577,1.18547,1.18558,42.28509657565047,44.309488988556154,,,524
1770980100,1.18558,1.18581,1.18554,1.18573,47.317071883832675,43.154203657724224,,,561
1770980400,1.18573,1.186,1.1855499999999999,1.18581,49.829437877725304,42.54136277135479,,,600
1770980700,1.18581,1.18594,1.18548,1.18558,43.41864430627632,42.19279792872658,,,580
1770981000,1.18558,1.18598,1.18549,1.18598,54.40512654974949,42.808301603365535,,,575
1770981300,1.18598,1.18611,1.18588,1.18595,53.5650616005534,43.73684688747698,,,517
1770981600,1.18595,1.18597,1.18569,1.18576,48.461355823966876,43.96663425504552,,,382
1770981900,1.18576,1.18586,1.18565,1.18582,50.078951770211276,44.742416634429695,,,319
1770982200,1.18582,1.18584,1.1855499999999999,1.18584,50.63513570039031,45.59888618953373,,,471
1770982500,1.18584,1.18587,1.18558,1.18558,43.80286189171874,45.8120203356329,,,354
1770982800,1.18558,1.18581,1.18551,1.18568,46.77740758471454,46.511310286457345,,,387
1770983100,1.18568,1.186,1.18564,1.18576,49.098598468271426,47.19264421313481,,,474
1770983400,1.18576,1.1858,1.18549,1.18568,46.8960000820738,47.62378552280752,,,492
1770983700,1.18568,1.18587,1.18566,1.18585,51.8401844185461,48.45792389526291,,,542
1770984000,1.18585,1.18597,1.18569,1.18597,55.02343421221661,49.36780515501762,,,611
1770984300,1.18597,1.1861,1.18582,1.18593,53.7481331614817,49.8271666748497,,,503
1770984600,1.18593,1.18593,1.18553,1.18563,45.27293893865933,49.50170246491641,,,582
1770984900,1.18563,1.1859,1.18554,1.18587,51.818425471946256,50.101686833892835,,,425
1770985200,1.18587,1.18607,1.18585,1.18604,55.846753365276385,50.20466017785905,,,401
1770985500,1.18604,1.18623,1.18601,1.18604,55.84675336527639,50.36763816105354,,,379
1770985800,1.18604,1.18634,1.18603,1.1862,59.53923499375556,51.15891524460988,,,417
1770986100,1.1862,1.18626,1.18594,1.18623,60.2111328108746,51.88264246180011,,,448
1770986400,1.18623,1.18636,1.18603,1.18603,53.79722862329641,52.10850624200769,,,361
1770986700,1.18603,1.18622,1.18583,1.18608,55.085354596731,52.914398578080004,,,467
1770987000,1.18608,1.18626,1.18599,1.18622,58.56844139133664,53.75661527855301,,,498
1770987300,1.18622,1.18634,1.18609,1.18617,56.87214179988236,54.31186837366808,,,595
1770987600,1.18617,1.1864999999999999,1.18617,1.18648,63.86079996520871,55.523639793892,,,651
1770987900,1.18648,1.18665,1.1862,1.1862,55.1655014076951,55.76116243597407,,,624
1770988200,1.1862,1.18639,1.18608,1.18614,53.48492059227862,55.6512686059785,,,528
1770988500,1.18614,1.1863,1.18596,1.18599,49.43064901791147,55.34287688143778,,,486
1770988800,1.18599,1.18604,1.18566,1.18596,48.636578313501005,55.5831368367836,,,975
1770989100,1.18596,1.1862,1.18585,1.18585,45.73541862942947,55.14863634803241,,,589
1770989400,1.18585,1.18844,1.18576,1.1873799999999999,71.34157420625672,56.25540926524529,,,4748
1770989700,1.1873799999999999,1.18778,1.18682,1.18683,60.32211191716232,56.575077733237144,,,2605
1770990000,1.18683,1.18725,1.18631,1.18643,53.81212865579631,56.165998709097195,,,2262
1770990300,1.18643,1.18684,1.1859,1.18675,57.74124345541616,55.98957804085017,,,2266
1770990600,1.18675,1.18744,1.18654,1.18731,63.580105174069104,56.688354937333926,,,1639
1770990900,1.18731,1.18796,1.18731,1.18743,64.70547865023141,57.3755066554411,,,1376
1770991200,1.18743,1.18747,1.18681,1.18712,59.58337656547629,57.448002025022504,,,1751
1770991500,1.18712,1.18728,1.18662,1.18684,55.323492449967716,57.337384214314305,,,987
1770991800,1.18684,1.1872,1.18676,1.18698,56.97964872307929,56.84587341130506,,,894
1770992100,1.18698,1.1871,1.18662,1.18692,56.021170663705654,56.906992643877246,,,1020
1770992400,1.18692,1.18695,1.18638,1.18642,48.67337152490824,56.563310567636506,,,1062
1770992700,1.18642,1.18714,1.18639,1.18682,53.88444510012541,56.881438859223216,,,1047
1770993000,1.18682,1.18715,1.1864,1.1869399999999999,55.34905204529659,57.360901268637186,,,1525
1770993300,1.1869399999999999,1.18705,1.18657,1.18659,50.32841963380706,57.688972768949874,,,1619
1770993600,1.18659,1.18683,1.18612,1.18678,52.829835329365665,56.3667057063148,,,1926
1770993900,1.18678,1.18696,1.18643,1.18651,49.049685883237274,55.5615324181773,,,1310
1770994200,1.18651,1.18653,1.18585,1.18594,42.18686395730629,54.73115636828515,,,1378
1770994500,1.18594,1.18624,1.1857,1.1859,41.745450599055566,53.588599735687964,,,1424
1770994800,1.1859,1.1864,1.18576,1.1863,47.64490519617229,52.45037116583819,,,2117
1770995100,1.1863,1.1868,1.186,1.18678,53.70379850073495,51.66453686944559,,,1786
1770995400,1.18678,1.18707,1.18675,1.18699,56.097585484034106,51.415551792199714,,,973
1770995700,1.18699,1.18708,1.18603,1.18629,47.31534063293938,50.84354094812626,,,1076
1770996000,1.18629,1.18653,1.18624,1.18652,50.08065632588429,50.35075577689805,,,882
1770996300,1.18652,1.18678,1.1863,1.18655,50.44601316804619,49.9525302414938,,,775
1770996600,1.18655,1.18655,1.18624,1.18631,47.45379018571606,49.86541728869435,,,747
1770996900,1.18631,1.1866,1.1861,1.18623,46.46443731952098,49.33541673293689,,,753
1770997200,1.18623,1.18646,1.1861,1.1861599999999999,45.56918731807617,48.63685496670687,,,789
1770997500,1.1861599999999999,1.18619,1.18563,1.18569,39.996888960976385,47.898888490076104,,,792
1770997800,1.18569,1.1861,1.1855499999999999,1.186,44.79215181073979,47.324768238745676,,,994
1770998100,1.186,1.18603,1.18475,1.18481,33.66878912373859,46.22613275592435,,,2085
1770998400,1.18481,1.18527,1.18481,1.18521,39.139773207222206,46.00848341663262,,,1480
1770998700,1.18521,1.18545,1.1851099999999999,1.18531,40.4618823778166,45.91679997225841,,,682
1770999000,1.18531,1.18582,1.18526,1.1858,46.585065082895056,45.841097107024325,,,671
1770999300,1.1858,1.18621,1.18569,1.18607,49.65741047296866,45.552069390755314,,,1212
1770999600,1.18607,1.18681,1.18603,1.18681,56.963671533570015,45.61393268000787,,,688
1770999900,1.18681,1.18697,1.18671,1.1868,56.843612658449146,46.294523538972854,,,677
1771000200,1.1868,1.18733,1.18676,1.1872,60.43568156993559,47.03416819926224,,,898
1771000500,1.1872,1.18746,1.18698,1.18702,58.09244347826807,47.58034179284952,,,689
1771000800,1.18702,1.18723,1.18685,1.18721,59.86153200482437,48.46660906564296,,,553
1771001100,1.18721,1.18735,1.1867699999999999,1.18682,54.75230366518024,49.05859951890434,,,597
1771001400,1.18682,1.1871,1.18667,1.1871,57.55340276053437,49.914614907651355,,,619
1771001700,1.1871,1.18723,1.18686,1.18687,54.56525103233293,50.95521219846254,,,564
1771002000,1.18687,1.18722,1.18683,1.1871099999999999,57.06998044316876,51.83219995792176,,,525
1771002300,1.1871099999999999,1.18744,1.18708,1.18736,59.57025192850427,53.682304443976456,,,404
1771002600,1.18736,1.18826,1.18736,1.18821,66.67649902046358,55.64921343063655,,,765
1771002900,1.18821,1.18827,1.18765,1.18773,60.23756905544553,57.06176247903862,,,586
1771003200,1.18773,1.18802,1.18763,1.18765,59.211258866174965,57.96363346355861,,,446
1771003500,1.18765,1.1879,1.18763,1.18777,60.30379579851274,58.72408955824032,,,425
1771003800,1.18777,1.18777,1.18737,1.18737,55.01407145439805,58.58483240972804,,,611
1771004100,1.18737,1.18753,1.18735,1.18741,55.43505627535003,58.484221239506674,,,436
1771004400,1.18741,1.18774,1.18731,1.18764,57.87607497962082,58.30139219734133,,,461
1771004700,1.18764,1.18786,1.18759,1.1877199999999999,58.72297657492302,58.346430275673825,,,413
1771005000,1.1877199999999999,1.18822,1.18769,1.18778,59.382549360435085,58.31221722964603,,,528
1771005300,1.18778,1.18784,1.18746,1.18747,54.5339485774207,58.29662043766321,,,541
1771005600,1.18747,1.1877199999999999,1.18747,1.18758,55.90962734108472,58.17920790770251,,,439
1771005900,1.18758,1.18762,1.18728,1.18735,52.34338053145645,58.02050287192562,,,374
1771006200,1.18735,1.18757,1.18731,1.1875499999999999,55.02958190538632,57.874760119226885,,,290
1771006500,1.1875499999999999,1.18757,1.18732,1.18741,52.78661992667321,57.39021497623895,,,307
1771006800,1.18741,1.18744,1.18727,1.18739,52.457676364365106,56.37458478651763,,,242
1771007100,1.18739,1.18771,1.18736,1.18763,56.00096565778296,56.07197025811316,,,339
1771007400,1.18763,1.18787,1.18762,1.18779,58.235694802235194,56.0022871106889,,,284
1771007700,1.18779,1.18782,1.18758,1.1877,56.49742334261191,55.73040336383883,,,258
1771008000,1.1877,1.18797,1.18768,1.18797,60.32361220145508,56.1096562743429,,,265
1771008300,1.18797,1.18806,1.1879,1.1879,58.8777672806072,56.35556420328984,,,206
1771008600,1.1879,1.1879,1.18747,1.18758,52.66361792407144,55.98324584217918,,,326
1771008900,1.18758,1.18759,1.18722,1.18735,48.686220760444584,55.26633471257357,,,537
1771009200,1.18735,1.1875,1.18704,1.1871,44.73164421355821,54.21984148779665,,,516
1771009500,1.1871,1.18744,1.1871,1.18736,49.34030278344849,53.84886678822721,,,335
1771009800,1.18736,1.18737,1.18713,1.18714,45.85590838098007,53.130744005362594,,,269
1771010100,1.18714,1.18719,1.18704,1.18708,44.92411781812404,52.600796668695985,,,184
1771010400,1.18708,1.18744,1.18706,1.18733,49.52627847657753,52.207703566638216,,,293
1771010700,1.18733,1.18736,1.18717,1.18718,46.98919779825503,51.79360198603691,,,276
1771011000,1.18718,1.18731,1.18712,1.18724,48.13373066426136,51.4847487217438,,,267
1771011300,1.18724,1.18728,1.187,1.1871099999999999,45.82515243664719,50.75790492023409,,,331
1771011600,1.1871099999999999,1.1871099999999999,1.18683,1.18691,42.45179430830097,49.63048345638165,,,337
1771011900,1.18691,1.18703,1.1869,1.18699,44.220587832218705,48.753566634210706,,,328
1771012200,1.18699,1.187,1.18678,1.18688,42.295600274256834,47.46585149655369,,,201
1771012500,1.18688,1.18695,1.18661,1.18665,38.51981378135736,46.01171196089298,,,391
1771012800,1.18665,1.18675,1.18643,1.18674,40.748806724180916,45.160654018043665,,,416
1771013100,1.18674,1.18679,1.18657,1.18663,38.89280798122961,44.46112453381402,,,241
1771013400,1.18663,1.18663,1.1864999999999999,1.18656,37.71554573528182,43.95997464250856,,,286
1771013700,1.18656,1.18664,1.18654,1.18662,39.408531434755616,43.25056240331622,,,256
1771014000,1.18662,1.18667,1.18656,1.18659,38.840060568436016,42.74943041670594,,,314
1771014300,1.18659,1.18668,1.18647,1.18661,39.466968564289466,42.35963404143204,,,383
1771014600,1.18661,1.18681,1.18658,1.18668,41.71871063099565,41.80195062389048,,,291
1771014900,1.18668,1.18676,1.18659,1.1867,42.3782328479894,41.472595984585794,,,331
1771015200,1.1867,1.1869399999999999,1.18667,1.18691,48.91506196752703,41.52840536339048,,,396
1771015500,1.18691,1.18698,1.18665,1.1869,48.63213827806912,41.72890435206348,,,376
1771015800,1.1869,1.18708,1.1868,1.18706,53.28760771884493,42.50289102424519,,,360
1771016100,1.18706,1.18747,1.18704,1.18743,61.88932328505733,43.76494355659081,,,769
1771016400,1.18743,1.18761,1.18736,1.1875499999999999,64.19232019348759,45.32899497939298,,,510
1771016700,1.1875499999999999,1.18765,1.18741,1.18742,59.96476196375527,46.8607769924214,,,191
1771017000,1.18742,1.18747,1.18733,1.1874,59.3175285945773,48.18711426887828,,,153
1771017300,1.1874,1.18749,1.18739,1.18749,61.33974087603337,49.790466618507125,,,87
1771017600,1.18749,1.18752,1.1873799999999999,1.1873799999999999,57.57293983971787,51.20885191168112,,,114
1771017900,1.1873799999999999,1.1873799999999999,1.18719,1.18735,56.55294212013052,52.433452674922194,,,179
1771018200,1.18735,1.1873799999999999,1.18713,1.18715,50.17133744520549,53.242829594691436,,,174
1771018500,1.18715,1.18717,1.18683,1.18689,43.326592581972186,53.51851702452591,,,168
1771018800,1.18689,1.18698,1.18672,1.18681,41.45265442497572,53.49951300981021,,,149
1771019100,1.18681,1.18697,1.18681,1.1869,44.36782495345942,53.64162673162949,,,188
1771019400,1.1869,1.18692,1.18673,1.1867699999999999,41.17840435263928,53.08900833056608,,,147
1771019700,1.1867699999999999,1.18689,1.18659,1.18667,38.86403396269664,52.39128659375377,,,644
1771192800,1.18725,1.1875499999999999,1.18725,1.1875499999999999,60.110582838430965,52.87864195943848,,,1
1771193400,1.1875499999999999,1.1875499999999999,1.18672,1.18672,44.427709239390104,51.6313838133194,,,1
1771194000,1.18672,1.18672,1.18653,1.1867,44.12894074892739,50.1982852815651,,,61
1771194300,1.1867,1.1867,1.1867,1.1867,44.12894074892739,49.06715519479168,,,2
1771194600,1.1867,1.18679,1.1867,1.18679,46.023328396754216,48.11756946637575,,,10
1771194900,1.18679,1.1868,1.18679,1.1868,46.24143648817229,47.0391191529571,,,16
1771195200,1.1868,1.18682,1.1868,1.18681,46.474359412221865,46.246363408135956,,,7
1771195500,1.18681,1.18682,1.18681,1.18681,46.474359412221865,45.526464643285344,,,6
1771195800,1.18681,1.18681,1.1867699999999999,1.18678,45.78416647376215,45.21309528818224,,,8
1771196100,1.18678,1.18679,1.18678,1.18679,46.071666262393684,45.409171979640924,,,1
1771196400,1.18679,1.1869399999999999,1.18653,1.18658,41.138113868942675,45.38670479706713,,,461
1771196700,1.18658,1.18669,1.18645,1.18658,41.13811386894267,45.15601114817308,,,119
1771197000,1.18658,1.1867699999999999,1.18658,1.18668,44.424790705556006,45.38789588766713,,,187
1771197300,1.18668,1.18672,1.18645,1.18645,39.02716949486398,45.399548425679086,,,296
1771197600,1.18645,1.18648,1.18634,1.18645,39.02716949486398,43.893590329710015,,,189
1771197900,1.18645,1.18652,1.18637,1.18645,39.02716949486398,43.507837490815284,,,149
1771198200,1.18645,1.18657,1.18638,1.18644,38.7713614029048,43.12515325181367,,,261
1771198500,1.18644,1.18651,1.18638,1.1864999999999999,41.25920446912073,42.92017208897034,,,258
1771198800,1.1864999999999999,1.18661,1.18645,1.18656,43.72180094134508,42.755777270726824,,,223
1771199100,1.18656,1.18657,1.18629,1.18631,36.799254321042746,42.08133568736043,,,295
1771199400,1.18631,1.18645,1.1863,1.18637,39.28391744493622,41.567732689697166,,,217
1771199700,1.18637,1.1867,1.18632,1.18667,49.891398843202374,41.81180693476721,,,209
1771200000,1.18667,1.1867,1.18639,1.18643,43.36436064886336,41.63896366156015,,,505
1771200300,1.18643,1.18661,1.18636,1.18655,47.09145974992938,41.711806053526985,,,367
1771200600,1.18655,1.18662,1.1863,1.18634,41.89544183348106,41.76590090813687,,,270
1771200900,1.18634,1.18658,1.18629,1.18656,48.3278433350034,42.27945301285549,,,351
1771201200,1.18656,1.18669,1.18649,1.18669,51.72847296110496,42.801144602537555,,,172
1771201500,1.18669,1.1867,1.18615,1.1861599999999999,40.13231425002766,42.880083513620676,,,281
1771201800,1.1861599999999999,1.18632,1.18612,1.18623,41.98223176871817,43.09115939032455,,,229
1771202100,1.18623,1.1863,1.18613,1.18628,43.32925614727111,43.39845129406792,,,283
1771202400,1.18628,1.18645,1.18624,1.18644,47.527618097485714,44.023898200823695,,,311
1771202700,1.18644,1.18645,1.18637,1.18639,46.37148801559199,44.389061311285936,,,199
1771203000,1.18639,1.18652,1.18626,1.18635,45.41961552498085,44.510333781545626,,,440
1771203300,1.18635,1.18645,1.18605,1.18613,40.49596854537515,44.774384797569375,,,545
1771203600,1.18613,1.18623,1.1859,1.18614,40.81005801064888,44.88339483797741,,,630
1771203900,1.18614,1.1863299999999999,1.18599,1.18625,44.29336139393769,44.483535020172795,,,507
1771204200,1.18625,1.18644,1.18617,1.18638,48.17502452886282,44.82715386874418,,,557
1771204500,1.18638,1.18647,1.18612,1.18639,48.472459230497655,44.92579668878478,,,335
1771204800,1.18639,1.18647,1.18637,1.18644,50.01710405515713,45.5059154189045,,,185
1771205100,1.18644,1.1864999999999999,1.18638,1.18649,51.58023924668875,45.738229412596304,,,145
1771205400,1.18649,1.18664,1.18634,1.18644,49.899665992163094,45.607600343386174,,,245
1771205700,1.18644,1.18655,1.18627,1.18627,44.58116648124672,45.92537550275896,,,219
1771206000,1.18627,1.18639,1.18625,1.18637,48.086335263017226,46.361382895208884,,,142
1771206300,1.18637,1.18642,1.18629,1.18637,48.08633526301722,46.701174260619325,,,191
1771206600,1.18637,1.18639,1.18628,1.18631,46.05917391736496,46.596285390610696,,,340
1771206900,1.18631,1.18653,1.18629,1.18652,53.45508388892494,47.102256524420184,,,232
1771207200,1.18652,1.18669,1.18649,1.18664,57.07678726698565,47.9349116488491,,,187
1771207500,1.18664,1.18665,1.18638,1.1864,48.88415570831688,48.53406787477352,,,304
1771207800,1.1864,1.18643,1.18617,1.18627,45.107322971533286,48.841015371979545,,,305
1771208100,1.18627,1.18632,1.18618,1.18624,44.25753718706902,48.83845650006035,,,238
1771208400,1.18624,1.18649,1.18624,1.18644,50.898763254099194,49.03300926614867,,,341
1771208700,1.18644,1.18656,1.18634,1.18641,49.937668263818686,49.137667054243025,,,344
1771209000,1.18641,1.18657,1.18635,1.18653,53.70342788627978,49.400975899323214,,,388
1771209300,1.18653,1.18655,1.18641,1.18653,53.70342788627978,49.55263223072257,,,289
1771209600,1.18653,1.18653,1.18629,1.18639,48.74247342252597,49.46997561860563,,,248
1771209900,1.18639,1.18645,1.18632,1.18639,48.74247342252597,49.76721182869701,,,234
1771210200,1.18639,1.18662,1.18636,1.18655,54.333852326850185,50.21346304754222,,,226
1771210500,1.18655,1.1867,1.18651,1.18653,53.54753926080969,50.60354904738454,,,158
1771210800,1.18653,1.18655,1.1864,1.1864,48.62197870161315,50.786606531973696,,,156
1771211100,1.1864,1.18646,1.18636,1.18638,47.89209890467479,50.38925046167011,,,182
1771211400,1.18638,1.18674,1.18638,1.1867,58.60037944446852,50.49807847434746,,,134
1771211700,1.1867,1.18678,1.18669,1.18675,59.984115602345724,51.29093275249238,,,162
1771212000,1.18675,1.1869,1.18665,1.18687,63.16611694668981,52.5808466078607,,,181
1771212300,1.18687,1.18689,1.18666,1.18669,55.975856393363294,53.417869408310295,,,170
1771212600,1.18669,1.18675,1.18652,1.18668,55.597217100756495,53.7534732545001,,,254
1771212900,1.18668,1.18675,1.18657,1.18675,57.751576541607385,54.311609560056446,,,150
1771213200,1.18675,1.18676,1.18665,1.18674,57.3236898732499,54.57019970198287,,,117
1771213500,1.18674,1.1867699999999999,1.1864999999999999,1.1866,51.56370020077296,54.417362010160964,,,190
1771213800,1.1866,1.18669,1.18659,1.18669,54.71399186709943,54.84389904191621,,,200
1771214100,1.18669,1.18675,1.18661,1.18671,55.408069815658145,55.320013069997074,,,129
1771214400,1.18671,1.1867699999999999,1.18657,1.18676,57.17518318448521,55.522965274113865,,,104
1771214700,1.18676,1.18676,1.18659,1.18673,55.747699910074076,55.68011960620419,,,135
1771215000,1.18673,1.18679,1.18665,1.18665,52.01802692845984,55.92269447955038,,,96
1771215300,1.18665,1.1867,1.18658,1.18658,48.933137514531985,55.99705438025446,,,82
1771215600,1.18658,1.18662,1.18648,1.18661,50.293659040955035,55.40371720857494,,,93
1771215900,1.18661,1.18672,1.18659,1.1866,49.81721802540038,54.677510238793126,,,107
1771216200,1.1866,1.18665,1.1864999999999999,1.1864999999999999,45.20541208486446,53.39460274866275,,,127
1771216500,1.1864999999999999,1.18651,1.18626,1.18627,36.77329515987013,52.02299123198467,,,111
1771216800,1.18627,1.18634,1.18619,1.18622,35.2346346356362,50.56852105590464,,,147
1771217100,1.18622,1.18631,1.18621,1.1863,39.58999226151242,49.271265035897855,,,81
1771217400,1.1863,1.18631,1.18614,1.18617,35.42143989384509,47.70681860879751,,,193
1771217700,1.18617,1.18626,1.18611,1.18622,38.12017499117514,46.74656680811195,,,206
1771218000,1.18622,1.1863299999999999,1.18608,1.18612,34.972344574810904,45.336449144377056,,,213
1771218300,1.18612,1.18627,1.18612,1.18627,42.62566737352436,44.42342039851036,,,86
1771218600,1.18627,1.18634,1.18619,1.1862,40.24522454921237,43.21413763884801,,,104
1771218900,1.1862,1.18626,1.18619,1.1862,40.24522454921237,42.10681797021503,,,68
1771219200,1.1862,1.18624,1.18618,1.18624,42.377815678608144,41.41823145236849,,,99
1771219500,1.18624,1.18639,1.18624,1.18639,49.63663038042833,41.468480942789654,,,122
1771219800,1.18639,1.18639,1.1862,1.18628,45.145303358989885,41.10074125122071,,,112
1771220100,1.18628,1.18628,1.18617,1.18619,41.81176544013773,40.528923209416234,,,117
1771220400,1.18619,1.18621,1.1861,1.18621,42.82216397628594,40.35869120166063,,,109
1771220700,1.18621,1.18626,1.1862,1.18623,43.871763460172495,40.865724651682235,,,80
1771221000,1.18623,1.18637,1.18617,1.18635,49.82335903082225,41.90777639419553,,,103
1771221300,1.18635,1.18662,1.18634,1.18647,54.96590451923342,43.0060558411756,,,258
1771221600,1.18647,1.18651,1.18639,1.1864999999999999,56.175169549521065,44.48846510229531,,,156
1771221900,1.1864999999999999,1.18655,1.18637,1.18654,57.802191336034966,45.89432341264244,,,159
1771222200,1.18654,1.18664,1.18648,1.1866,60.189697719483206,47.69556292297617,,,172
1771222500,1.1866,1.18673,1.18659,1.18669,63.52352747355468,49.18826721583548,,,171
1771222800,1.18669,1.1867,1.18658,1.18659,57.73789231983246,50.437743485165484,,,195
1771223100,1.18659,1.18669,1.18658,1.18664,59.71362990872136,51.828343867987556,,,128
1771223400,1.18664,1.18687,1.1866,1.18679,64.99994213875706,53.444210043712474,,,174
1771223700,1.18679,1.18683,1.18674,1.1868,65.32659360112741,54.56492170233384,,,143
1771224000,1.1868,1.187,1.18674,1.187,71.12993683821679,56.42096695085005,,,205
1771224300,1.187,1.187,1.1869,1.18695,68.06291421259374,58.29604900602548,,,211
1771224600,1.18695,1.18697,1.18674,1.18675,57.401134450890986,59.337404039925836,,,177
1771224900,1.18675,1.1867699999999999,1.18658,1.1866,50.95430743894356,59.84330003840948,,,140
1771225200,1.1866,1.18662,1.18634,1.1864,43.87815304989936,59.418642468343556,,,287
1771225500,1.1864,1.18653,1.18632,1.18653,48.85044161899605,58.981823689755174,,,214
1771225800,1.18653,1.18654,1.18627,1.18645,46.14121865080561,58.265112911275494,,,286
1771226100,1.18645,1.18645,1.18627,1.1863,41.49443872508456,57.100273439064765,,,219
1771226400,1.1863,1.18641,1.18621,1.18638,44.69350050219903,55.99340220925875,,,178
1771226700,1.18638,1.18662,1.18638,1.18658,51.79061426325733,55.1553369799518,,,213
1771227000,1.18658,1.18661,1.18603,1.1861,38.89158198907142,53.809171956326004,,,296
1771227300,1.1861,1.1863299999999999,1.18607,1.18629,44.75677292355239,52.74082502881394,,,212
1771227600,1.18629,1.18653,1.18624,1.18646,49.433322441835834,51.628923621891,,,196
1771227900,1.18646,1.18649,1.18632,1.18648,49.96991359432597,50.53201790711946,,,217
1771228200,1.18648,1.18648,1.18632,1.18634,46.26866085874273,48.75621248001418,,,139
1771228500,1.18634,1.18637,1.18602,1.18626,44.251614419957185,47.05540535196871,,,336
1771228800,1.18626,1.18686,1.18614,1.18686,58.76925638189142,47.15312834704017,,,915
1771229100,1.18686,1.18704,1.18644,1.18659,52.18365448944053,47.24093885064709,,,588
1771229400,1.18659,1.18662,1.1863,1.18638,47.705925379121865,47.51435115987727,,,594
1771229700,1.18638,1.18688,1.1863299999999999,1.1868,55.863101155564514,48.01525541248931,,,731
1771230000,1.1868,1.18683,1.18605,1.18615,44.336579445299314,47.886352612096005,,,802
1771230300,1.18615,1.1863,1.18577,1.18629,46.87895220447438,48.270960717766705,,,787
1771230600,1.18629,1.1863299999999999,1.18613,1.18623,45.91113079787972,48.35793431031533,,,576
1771230900,1.18623,1.18626,1.18569,1.18579,39.474990898283544,47.47824692710292,,,461
1771231200,1.18579,1.18628,1.18573,1.18625,47.72560606631169,48.10924864690579,,,719
1771231500,1.18625,1.18649,1.18625,1.1864,50.113697202401205,48.49188609539499,,,406
1771231800,1.1864,1.18646,1.18617,1.18636,49.46474740436762,48.49413073557583,,,403
1771232100,1.18636,1.18663,1.18619,1.1864999999999999,51.81657278157385,48.62603496323639,,,713
1771232400,1.1864999999999999,1.18679,1.18644,1.18678,56.20629463357226,49.33586594715279,,,568
1771232700,1.18678,1.18692,1.1863299999999999,1.18658,52.52530538476363,49.92684387321039,,,670
1771233000,1.18658,1.1867699999999999,1.18655,1.18675,55.210404624071444,49.67264017622324,,,515
1771233300,1.18675,1.18682,1.18662,1.18675,55.210404624071444,49.88883661441116,,,343
1771233600,1.18675,1.18676,1.18654,1.18662,52.57330093968673,50.23650629730866,,,286
1771233900,1.18662,1.18665,1.18652,1.1866,52.16052011391702,49.97203622290526,,,177
1771234200,1.1866,1.18661,1.18635,1.18637,47.538010768550706,50.2007098888518,,,277
1771234500,1.18637,1.18666,1.18635,1.1864,48.18304956530402,50.293859700339624,,,435
1771234800,1.1864,1.18651,1.1863299999999999,1.18646,49.51987944850402,50.551627461098505,,,420
1771235100,1.18646,1.18646,1.18621,1.18645,49.291629387358725,51.252815924603865,,,424
1771235400,1.18645,1.18658,1.18634,1.18646,49.54209334354403,51.38256501583476,,,441
1771235700,1.18646,1.18656,1.1864,1.18642,48.50994751937292,51.26801146704702,,,399
1771236000,1.18642,1.18666,1.18626,1.1863,45.45070921055014,50.981294453202906,,,373
1771236300,1.1863,1.18648,1.18619,1.1864,48.372614112318,50.73529740539892,,,385
1771236600,1.1864,1.18649,1.18626,1.18649,50.92063562727174,50.35775033352031,,,320
1771236900,1.18649,1.18664,1.18646,1.18654,52.328289465843184,50.343677767883136,,,290
1771237200,1.18654,1.18667,1.18649,1.18659,53.75662788705654,50.23983657238207,,,231
1771237500,1.18659,1.18659,1.18626,1.18629,45.03737310132828,49.5131914636147,,,233
1771237800,1.18629,1.18666,1.18628,1.18665,54.561719243494196,49.65522134245809,,,327
1771238100,1.18665,1.18665,1.18644,1.18645,49.436338159360446,49.46063691713262,,,310
1771238400,1.18645,1.1866,1.18644,1.18657,52.3298205005686,49.802909040848185,,,233
1771238700,1.18657,1.1867,1.18652,1.18653,51.27649148352419,50.02386917786391,,,249
1771239000,1.18653,1.18671,1.18649,1.18669,55.16412343469161,50.42702946259159,,,322
1771239300,1.18669,1.18676,1.18651,1.1867,55.403626367088,50.863600675429396,,,396
1771239600,1.1867,1.1867,1.18654,1.18655,51.0026050537923,50.967922940447124,,,381
1771239900,1.18655,1.18655,1.18631,1.18636,46.016350172299965,50.789808844227636,,,302
1771240200,1.18636,1.1864999999999999,1.18626,1.1864999999999999,49.902813463664025,51.107816290878624,,,398
1771240500,1.1864999999999999,1.18658,1.18645,1.18649,49.62797624831255,51.19748501487823,,,197
1771240800,1.18649,1.18649,1.1863,1.18637,46.33048760377417,50.86961729891412,,,266
1771241100,1.18637,1.1864999999999999,1.1863,1.18642,47.88430061890083,50.55218952413252,,,264
1771241400,1.18642,1.18645,1.1863,1.18634,45.60906219329526,49.97022054600672,,,324
1771241700,1.18634,1.18638,1.18624,1.18636,46.29607445632348,50.060127785649236,,,260
1771242000,1.18636,1.18641,1.18619,1.18623,42.53523480710193,49.20109318304979,,,288
1771242300,1.18623,1.18634,1.18609,1.18615,40.362294414734855,48.55294720129082,,,263
1771242600,1.18615,1.18624,1.186,1.18621,42.72552470450805,47.86692607300078,,,380
1771242900,1.18621,1.18634,1.18609,1.18612,40.15511732541732,47.07254220456458,,,426
1771243200,1.18612,1.1863,1.18606,1.18619,43.026100916528904,46.20554059612438,,,444
1771243500,1.18619,1.1863,1.1861,1.18615,41.79229583487281,45.233302700966156,,,277
1771243800,1.18615,1.18625,1.18604,1.18604,38.520932845082136,44.34175468605828,,,274
1771244100,1.18604,1.18606,1.18581,1.18583,33.1810267466722,43.424945869942015,,,373
1771244400,1.18583,1.18586,1.18562,1.18569,30.17761319310921,42.01600299347381,,,313
1771244700,1.18569,1.18579,1.18554,1.18577,33.861660814417235,40.889837605338435,,,350
1771245000,1.18577,1.18577,1.18551,1.18564,30.99932351488421,39.79475445613201,,,295
1771245300,1.18564,1.18566,1.18549,1.18561,30.36150310984631,38.54312606262812,,,306
1771245600,1.18561,1.18564,1.18552,1.1855499999999999,29.073098723912835,37.36198581481509,,,206
1771245900,1.1855499999999999,1.18556,1.18524,1.18544,26.825575958026164,35.971235922079565,,,387
1771246200,1.18544,1.18549,1.18522,1.1853,24.255515608665604,34.66554169361983,,,259
1771246500,1.1853,1.18531,1.18499,1.18531,24.809647359873196,33.55463833255828,,,524
1771246800,1.18531,1.18568,1.18528,1.18563,39.94926789688395,33.35633427487084,,,492
1771247100,1.18563,1.18567,1.18539,1.18545,35.606297271585944,33.03141855674003,,,369
1771247400,1.18545,1.18546,1.1852,1.18521,30.79864453568318,32.15802881525105,,,345
1771247700,1.18521,1.18526,1.18506,1.18518,30.24883828436792,31.333496133072124,,,433
1771248000,1.18518,1.18522,1.18493,1.1852,31.131495642030558,30.80567918999701,,,293
1771248300,1.1852,1.1852,1.185,1.185,27.397783641577362,30.392590396775944,,,294
1771248600,1.185,1.1853,1.1849,1.18513,33.02091322289375,30.595683256046268,,,354
1771248900,1.18513,1.18524,1.185,1.18515,33.86950981137579,30.59624389868616,,,323
1771249200,1.18515,1.18521,1.18503,1.18517,34.75965933369501,30.864839314315507,,,302
1771249500,1.18517,1.18559,1.18515,1.18559,49.98495844233974,32.266514695207896,,,484
1771249800,1.18559,1.18575,1.18543,1.18545,46.12116984642617,33.48423406110171,,,444
1771250100,1.18545,1.1856,1.18535,1.18546,46.439643950127106,34.88523891768035,,,353
1771250400,1.18546,1.1857199999999999,1.18544,1.18571,53.79304143003092,36.99506219063501,,,309
1771250700,1.18571,1.18597,1.18569,1.18592,58.897783451153856,39.42992905429792,,,357
1771251000,1.18592,1.18599,1.18585,1.18596,59.80858773069128,40.848451899569866,,,374
1771251300,1.18596,1.18597,1.18575,1.18582,55.1981998809759,42.2478735145263,,,360
1771251600,1.18582,1.18605,1.1857,1.18599,59.30085293108635,44.28374554276938,,,388
1771251900,1.18599,1.18627,1.18587,1.18617,63.14880111949232,46.63374288813541,,,502
1771252200,1.18617,1.18636,1.18601,1.1861,60.74358265486743,48.74889196048089,,,594
1771252500,1.1861,1.1861,1.18547,1.18574,50.1619440917131,50.37490342120488,,,587
1771252800,1.18574,1.18577,1.18543,1.18543,43.185496809649315,51.10094510597313,,,306
1771253100,1.18543,1.18554,1.18533,1.18554,46.05261771746869,51.97116709926548,,,308
1771253400,1.18554,1.1856,1.1853,1.18534,41.91128811270551,52.48199772633766,,,227
1771253700,1.18534,1.18564,1.18531,1.18562,48.846694267140826,52.40069314239487,,,437
1771254000,1.18562,1.18569,1.18547,1.18552,46.70210909266488,52.4421888028405,,,439
1771254300,1.18552,1.18561,1.1854,1.1855,46.264615439363396,52.42968676635737,,,355
1771254600,1.1855,1.1856,1.18541,1.18543,44.686761238937976,51.77923818127931,,,273
1771254900,1.18543,1.18557,1.18532,1.18535,42.88658108397109,50.63558086933768,,,352
1771255200,1.18535,1.18547,1.18533,1.18535,42.88658108397109,49.42686610885767,,,204
1771255500,1.18535,1.18547,1.18533,1.18545,46.037988825953065,48.77256531921318,,,235
1771255800,1.18545,1.18557,1.18535,1.18535,43.45573896982868,47.640771464837634,,,325
1771256100,1.18535,1.18565,1.18535,1.18548,47.57261817498456,46.528186968801364,,,310
1771256400,1.18548,1.1856,1.18527,1.18549,47.88693493563198,45.60985498885598,,,421
1771256700,1.18549,1.18552,1.18535,1.18535,43.91724004478867,45.16380469978994,,,366
1771257000,1.18535,1.18544,1.18504,1.18535,43.91724004478867,45.21607207372847,,,565
1771257300,1.18535,1.18547,1.18532,1.1854,45.7789803616951,45.19652654831607,,,549
1771257600,1.1854,1.18548,1.18519,1.18537,44.817645489799496,45.40412350382279,,,639
1771257900,1.18537,1.18564,1.18534,1.1855499999999999,51.41067982618559,45.587265329468835,,,631
1771258200,1.1855499999999999,1.18565,1.18552,1.18559,52.76136647340214,46.02006942809293,,,329
1771258500,1.18559,1.18561,1.18507,1.18517,40.14312257442736,45.582819937740354,,,366
1771258800,1.18517,1.18543,1.18517,1.18533,45.49128067076858,45.640285611442536,,,214
1771259100,1.18533,1.18544,1.18528,1.18529,44.42266994401683,45.750006244302945,,,238
1771259400,1.18529,1.18539,1.18524,1.18524,43.06100509931259,45.762465102541626,,,227
1771259700,1.18524,1.18543,1.18524,1.1853799999999999,47.87853984909523,45.89393303276607,,,195
1771260000,1.1853799999999999,1.18549,1.1853799999999999,1.18541,48.876726181574455,46.281146405033624,,,174
1771260300,1.18541,1.18544,1.18503,1.18517,41.9544660727127,45.87984982629992,,,232
1771260600,1.18517,1.18517,1.18462,1.18493,36.40233477057304,45.05952124308142,,,579
1771260900,1.18493,1.18526,1.18483,1.18518,44.623287480584416,45.10995320278112,,,241
1771261200,1.18518,1.18531,1.18514,1.18518,44.62328748058442,45.160385162480814,,,223
1771261500,1.18518,1.18536,1.18513,1.18529,48.050080694609214,45.32260661483183,,,151
1771261800,1.18529,1.18531,1.18507,1.18507,42.3990056017407,45.149846622827624,,,124
1771262100,1.18507,1.18515,1.1849399999999999,1.18495,39.65917400175595,44.31045334965408,,,132
1771262400,1.18495,1.18505,1.18489,1.1849,38.54161227745031,43.2947566213718,,,222
1771262700,1.1849,1.18496,1.18485,1.18491,38.91237475520921,43.20684606285623,,,236
1771263000,1.18491,1.18499,1.18487,1.18498,41.56964580021103,42.92672928638783,,,149
1771263300,1.18498,1.185,1.18482,1.18484,38.00858796195904,42.4685805733837,,,104
1771263600,1.18484,1.18486,1.18462,1.18475,35.88063519780292,41.95569700899015,,,113
1771263900,1.18475,1.1847699999999999,1.18465,1.18465,33.62784154432951,40.937789987221166,,,110
1771264200,1.18465,1.18485,1.18462,1.18483,40.82936988026191,40.362978822841704,,,75
1771264500,1.18483,1.1849399999999999,1.1848,1.18481,40.306069136571274,40.24523618454589,,,136
1771264800,1.18481,1.18497,1.1848,1.18485,41.90967329024041,40.638617507379266,,,164
1771265100,1.18485,1.1849399999999999,1.18484,1.18491,44.325678517249564,40.61735972428392,,,61
1771265400,1.18491,1.18497,1.1849,1.18495,45.93990431925502,40.71140378418896,,,76
1771265700,1.18495,1.18496,1.18483,1.18486,42.92426484660586,40.34527408076015,,,55
1771266000,1.18486,1.18495,1.18486,1.18492,45.49308872743846,40.566280018309996,,,60
1771266300,1.18492,1.18493,1.18483,1.18484,42.73152763785353,40.78573384945982,,,40
1771266600,1.18484,1.18496,1.18482,1.18491,45.830088920436886,41.30633932395886,,,70
1771266900,1.18491,1.185,1.18491,1.18498,48.812666061480655,42.01350298869254,,,100
1771267200,1.18498,1.1851099999999999,1.18497,1.18507,52.438580277567965,42.78985545136089,,,55
1771267500,1.18507,1.18507,1.18495,1.18501,49.90078927058125,43.63929840197676,,,73
1771267800,1.18501,1.18505,1.18497,1.18503,50.75628755749374,44.70184499909753,,,62
1771268100,1.18503,1.18507,1.1849,1.18493,46.482324299752385,45.62002233877059,,,112
1771268400,1.18493,1.18517,1.18488,1.18516,55.718211283014924,46.683511010395804,,,108
1771268700,1.18516,1.18516,1.18504,1.18509,52.73531730572562,47.571314451049695,,,59
1771269000,1.18509,1.18521,1.18509,1.18519,56.33191178816641,48.60147434375869,,,73
1771269300,1.18519,1.18521,1.18517,1.18519,56.33191178816641,49.45906243453846,,,25
1771269600,1.18519,1.18521,1.18515,1.18521,57.08930196610232,50.25544798074184,,,34
1771269900,1.18521,1.18521,1.18517,1.18519,56.04251622216178,51.192465936138696,,,54
1771270200,1.18519,1.18527,1.18519,1.1852,56.47227398817048,51.97669345476241,,,49
1771270500,1.1852,1.18531,1.18519,1.1853,60.61862848076382,53.25434351497028,,,67
1771270800,1.1853,1.1853,1.18517,1.1852,54.97862929244841,53.90781068439968,,,56
1771271100,1.1852,1.18525,1.18519,1.18525,57.126539687882854,54.50165880057126,,,29
1771271400,1.18525,1.18527,1.18524,1.18526,57.56261424475641,54.86766122679901,,,24
1771271700,1.18526,1.18542,1.18521,1.18541,63.55128427193322,55.84269658403844,,,87
1771272000,1.18541,1.18545,1.1853,1.1853,57.17887741865894,56.3014530026931,,,128
1771272300,1.1853,1.18531,1.18524,1.18526,55.01845083822047,56.911176326869395,,,41
1771272600,1.18526,1.18537,1.18526,1.18536,59.171716409197394,57.15785526445386,,,56
1771272900,1.18536,1.1854,1.18534,1.1854,60.73350451373455,57.72915435074021,,,31
1771273200,1.1854,1.18541,1.18534,1.18537,58.91329960173392,57.91353919456646,,,49
1771273500,1.18537,1.18548,1.18536,1.18547,62.9042765049242,58.382993817192016,,,45
1771273800,1.18547,1.1855,1.18546,1.18549,63.664469963112396,58.85264867412131,,,48
1771274100,1.18549,1.1855,1.18541,1.18542,59.09951080832033,59.07100543027549,,,54
1771274400,1.18542,1.18542,1.18531,1.1854,57.82376895724657,59.167540785209496,,,72
1771274700,1.1854,1.18545,1.1854,1.18544,59.69757557391769,59.10175129186335,,,63
1771275000,1.18544,1.18544,1.18541,1.18543,58.991949787716514,59.38841704152536,,,11
1771275300,1.18543,1.18544,1.18534,1.18535,53.539784216444616,59.132220222136915,,,96
1771275600,1.18535,1.18536,1.18527,1.1853,50.40427311850303,58.62091014169023,,,66
1771275900,1.1853,1.18539,1.18529,1.18536,53.89372856717287,57.93108473420735,,,42
1771276200,1.18536,1.1854,1.18536,1.18536,53.893728567172865,57.69643124481549,,,19
1771276500,1.18536,1.18537,1.1853,1.18532,51.11321690602987,57.41748596394474,,,29
1771276800,1.18532,1.18536,1.18531,1.18532,51.11321690602987,56.84187885657563,,,24
1771277100,1.18532,1.18536,1.18531,1.18535,53.21285139782801,56.304689348296584,,,33
1771277400,1.18535,1.18535,1.18522,1.18523,44.90495328235099,55.30409318262638,,,77
1771277700,1.18523,1.18524,1.1852,1.1852,43.09356423051142,53.88904230588262,,,45
1771278000,1.1852,1.1852,1.1851099999999999,1.18512,38.619727688762204,52.100132143429036,,,96
1771278300,1.18512,1.18517,1.18502,1.18503,34.30492115154904,50.32909002508823,,,133
1771278600,1.18503,1.18509,1.18502,1.18508,38.42111767195893,48.9431863618534,,,100
1771278900,1.18508,1.18517,1.18503,1.18509,39.24106898626664,47.48200731987832,,,291
1771279200,1.18509,1.1851,1.18473,1.18483,28.584008549609862,45.31001151715641,,,10
1771279500,1.18483,1.185,1.18483,1.1849399999999999,36.44778745369792,44.08915460553165,,,6
1771279800,1.1849399999999999,1.18505,1.18493,1.185,40.30870122053583,43.368042327105414,,,19
1771280100,1.185,1.18501,1.18497,1.18498,39.448396685553114,42.336232906989714,,,13
1771280400,1.18498,1.18501,1.1849399999999999,1.18498,39.448396685553114,41.30442348687403,,,22
1771280700,1.18498,1.185,1.18498,1.18499,40.18864330349761,40.52409680097886,,,5
1771281000,1.18499,1.18502,1.18498,1.18501,41.72312502314089,39.85337595220108,,,37
1771281300,1.18501,1.18502,1.18491,1.185,41.15459799400965,38.992072137642616,,,14
1771281600,1.185,1.185,1.18491,1.18496,38.87286157524084,38.56120844427762,,,9
1771281900,1.18496,1.185,1.1849399999999999,1.1849399999999999,37.74599454894619,38.17923918130867,,,12
1771282200,1.1849399999999999,1.18498,1.1849399999999999,1.18498,41.404511070721654,38.37815228002006,,,24
1771282500,1.18498,1.185,1.18491,1.18492,37.814679387373324,38.62884929686465,,,134
1771282800,1.18492,1.18513,1.18492,1.185,44.69930650612278,39.07729135644779,,,149
1771283100,1.185,1.18503,1.18478,1.18484,36.09278562982644,38.85241397384492,,,151
1771283400,1.18484,1.18499,1.18481,1.18498,45.90709766248609,40.089777481907504,,,155
1771283700,1.18498,1.18498,1.18473,1.18475,36.098913912807326,40.06485794327246,,,123
1771284000,1.18475,1.18485,1.18465,1.18485,41.910117640700136,40.17924483042706,,,130
1771284300,1.18485,1.18493,1.18483,1.18488,43.56813177209713,40.47351162232305,,,83
1771284600,1.18488,1.18491,1.18483,1.18485,42.26888047372003,40.674974750049266,,,74
1771284900,1.18485,1.18499,1.18483,1.18498,49.321561294442944,41.32732603511679,,,99
1771285200,1.18498,1.18498,1.1849,1.18496,48.34308581750556,41.80018037757141,,,50
1771285500,1.18496,1.18497,1.18489,1.1849399999999999,47.33185262427242,42.24141285116161,,,64
1771285800,1.1849399999999999,1.1849399999999999,1.1848,1.1849,45.29130623093114,42.69987318371091,,,145
1771286100,1.1849,1.18503,1.18489,1.18503,52.4640195019271,43.75116068035241,,,89
1771286400,1.18503,1.18519,1.1849399999999999,1.18498,49.761717863198136,44.34810402267216,,,446
1771286700,1.18498,1.185,1.18475,1.18483,42.662303808140116,44.69436290986978,,,527
1771287000,1.18483,1.18495,1.18478,1.1849399999999999,48.46843185605964,44.96358614915099,,,301
1771287300,1.1849399999999999,1.18503,1.18485,1.18493,47.99264433388075,45.81357605658344,,,362
1771287600,1.18493,1.18501,1.18471,1.18481,42.58976517325001,45.57662373592372,,,245
1771287900,1.18481,1.18482,1.18463,1.1847,38.33000125478261,45.73598711749338,,,219
1771288200,1.1847,1.1847699999999999,1.18464,1.18473,40.08992323003701,45.605973231017444,,,322
1771288500,1.18473,1.18476,1.18459,1.18469,38.511814663156805,45.24480772323598,,,340
1771288800,1.18469,1.18474,1.1842,1.18425,26.264359934186118,44.101627684697846,,,586
1771289100,1.18425,1.1843299999999999,1.18424,1.18427,27.394630972662426,42.535418375999235,,,425
1771289400,1.18427,1.18435,1.18422,1.18429,28.57372337213495,41.12332105847276,,,501
1771289700,1.18429,1.18455,1.18428,1.18435,32.13441713815551,40.03778995232155,,,431
1771290000,1.18435,1.18444,1.18407,1.18415,27.25673140052173,38.74960603586374,,,756
1771290300,1.18415,1.18435,1.18415,1.18421,30.65728906173061,37.19198243299257,,,419
1771290600,1.18421,1.18445,1.18408,1.18424,32.35990321762708,35.94899567259463,,,481
1771290900,1.18424,1.18429,1.1841,1.18415,29.98155462000885,35.0432278734424,,,276
1771291200,1.18415,1.18436,1.18412,1.18431,38.6186355807969,34.33967099663791,,,255
1771291500,1.18431,1.18435,1.18407,1.18425,36.78609272851466,33.53920302482605,,,443
1771291800,1.18425,1.18437,1.1842,1.18425,36.78609272851466,33.12465499305924,,,334
1771292100,1.18425,1.1844,1.18425,1.18429,39.02326529491473,33.17417385306868,,,283
1771292400,1.18429,1.18441,1.18421,1.18429,39.023265294914715,33.09798400055995,,,230
1771292700,1.18429,1.18446,1.18429,1.18436,43.10959400168135,33.426396810454555,,,182
1771293000,1.18436,1.18443,1.18429,1.18431,40.99625129858955,34.4786747650548,,,450
1771293300,1.18431,1.18444,1.18418,1.18444,48.117770616800456,35.95889902535037,,,457
1771293600,1.18444,1.18456,1.1841,1.18449,50.58799749124897,37.53134717671566,,,558
1771293900,1.18449,1.18465,1.18434,1.18459,55.18386299693365,39.177736166628385,,,497
1771294200,1.18459,1.18472,1.18444,1.18447,49.2625541870812,40.74958065138264,,,191
1771294500,1.18447,1.18452,1.18441,1.1844999999999999,50.687145994989336,42.18028471804397,,,163
1771294800,1.1844999999999999,1.18459,1.18444,1.18453,52.13448174966426,43.59275461318948,,,193
1771295100,1.18453,1.18462,1.18449,1.18451,51.05858316470627,45.09825665209644,,,184
1771295400,1.18451,1.18452,1.1843,1.1843299999999999,42.548109426434095,45.37893335535624,,,186
1771295700,1.1843299999999999,1.18435,1.18425,1.18432,42.127994664856566,45.760497779380664,,,188
1771296000,1.18432,1.1843299999999999,1.18417,1.18418,36.66914453117766,45.752144336713734,,,203
1771296300,1.18418,1.18418,1.18404,1.18409,33.65044202576837,45.36837124606042,,,187
1771296600,1.18409,1.1842,1.18409,1.18415,37.3530915462334,45.24907312115461,,,126
1771296900,1.18415,1.18425,1.18414,1.1842,40.34091280411486,45.05131017847129,,,162
1771297200,1.1842,1.18422,1.18384,1.1838899999999999,30.597394798984595,44.3085347142138,,,363
1771297500,1.1838899999999999,1.18404,1.18379,1.184,36.461758993915446,43.475962455436296,,,381
1771297800,1.184,1.1841599999999999,1.18395,1.18406,39.46634939007109,42.681559019637874,,,328
1771298100,1.18406,1.18406,1.18393,1.18398,36.9569508584023,41.379636724028494,,,197
1771298400,1.18398,1.1841599999999999,1.18398,1.18415,44.964976534723355,41.07266689171722,,,175
1771298700,1.18415,1.18417,1.18399,1.18404,41.308551602308334,40.40276729224,,,134
1771299000,1.18404,1.18405,1.18383,1.18393,37.98234833188924,39.39190061954178,,,262
1771299300,1.18393,1.18395,1.18383,1.1839,37.104837264244466,38.3952044837945,,,176
1771299600,1.1839,1.18406,1.1838899999999999,1.18397,40.5558110854024,38.2528974594351,,,342
1771299900,1.18397,1.18409,1.18397,1.18408,45.60650141474756,38.50136222728445,,,213
1771300200,1.18408,1.18415,1.18408,1.18415,48.599449244060835,39.35352684963325,,,127
1771300500,1.18415,1.18421,1.18397,1.18415,48.599449244060835,40.421313079511286,,,243
1771300800,1.18415,1.18419,1.18399,1.18404,44.17005714960792,40.90823919403804,,,250
1771301100,1.18404,1.18408,1.18398,1.18399,42.28360086435858,41.047002626912594,,,124
1771301400,1.18399,1.18404,1.18392,1.184,42.80968589620054,41.919309133856586,,,190
1771301700,1.184,1.18409,1.18394,1.18404,44.970402112690905,42.52706935662626,,,168
1771302000,1.18404,1.18423,1.18399,1.18419,52.25519668347671,43.44055844901237,,,165
1771302300,1.18419,1.18423,1.18409,1.18418,51.76322992181964,44.49814981068504,,,122
1771302600,1.18418,1.1842,1.18395,1.18404,45.32901872847187,44.52415282452422,,,290
1771302900,1.18404,1.18413,1.18398,1.18405,45.846809895401876,44.848314131173765,,,136
1771303200,1.18405,1.18415,1.18404,1.1841,48.47450302496544,45.59775375210778,,,155
1771303500,1.1841,1.18424,1.18407,1.18413,50.040897566301176,46.52175805939754,,,145
1771303800,1.18413,1.18414,1.18401,1.18406,46.48953021400889,46.945595140012294,,,149
1771304100,1.18406,1.18414,1.18403,1.18409,48.18667868515898,47.129893516470254,,,193
1771304400,1.18409,1.18417,1.18391,1.18391,39.99108852072353,46.51501060766044,,,219
1771304700,1.18391,1.18405,1.1838899999999999,1.18404,47.001911137350056,46.40090074289539,,,163
1771305000,1.18404,1.18405,1.1838,1.1838,38.14233277811269,45.97034900207429,,,136
1771305300,1.1838,1.18386,1.18371,1.1837199999999999,35.72501688217342,45.5018787176325,,,350
1771305600,1.1837199999999999,1.18394,1.1835499999999999,1.18388,43.444929493798156,45.547253260318044,,,486
1771305900,1.18388,1.184,1.18378,1.184,48.4461653272281,45.795522061356415,,,316
1771306200,1.184,1.18417,1.18385,1.1841,52.23672486277659,45.79420264559212,,,341
1771306500,1.1841,1.1841,1.18393,1.18399,48.05143024313654,45.52907409711476,,,297
1771306800,1.18399,1.18405,1.18384,1.18393,45.89156710638701,45.56925612410869,,,362
1771307100,1.18393,1.18406,1.18391,1.18395,46.75077183629287,45.63382483417234,,,210
1771307400,1.18395,1.18411,1.1838899999999999,1.18411,53.15892946086307,45.96842672245073,,,203
1771307700,1.18411,1.18417,1.18404,1.18412,53.535293196388025,46.218026410314074,,,230
1771308000,1.18412,1.18449,1.18412,1.18444,63.61118568300198,47.44100180095644,,,354
1771308300,1.18444,1.18446,1.1843,1.18435,59.69066325373294,48.26271498442601,,,234
1771308600,1.18435,1.18455,1.18435,1.18447,62.967930481573944,49.90391798162961,,,961
1771308900,1.18447,1.18447,1.18422,1.18428,55.301392242930326,50.49673806059963,,,216
1771309200,1.18428,1.18442,1.18427,1.18435,57.36114251033465,51.86951018432977,,,229
1771309500,1.18435,1.18448,1.18431,1.18432,56.16658654679954,53.32962230323163,,,236
1771309800,1.18432,1.1844999999999999,1.18424,1.18449,61.1091120286569,54.59134962715011,,,250
1771310100,1.18449,1.18449,1.18435,1.18447,60.24840580637641,55.434366804232134,,,194
1771310400,1.18447,1.18451,1.18437,1.18451,61.418818888564445,56.09023066321698,,,171
1771310700,1.18451,1.18452,1.18434,1.1844,56.492810201466526,56.69318637452626,,,184
1771311000,1.1844,1.18447,1.18436,1.18446,58.45032301400745,57.59024036792772,,,161
1771311300,1.18446,1.18455,1.18435,1.18436,54.08279088258736,58.11395601409162,,,146
1771311600,1.18436,1.18443,1.18388,1.18421,48.25783105831568,57.76387755676681,,,715
1771311900,1.18421,1.18421,1.18378,1.18378,36.21592361305513,56.526779729385886,,,497
1771312200,1.18378,1.18417,1.18365,1.18394,42.01403538107739,54.984126136391275,,,413
1771312500,1.18394,1.18401,1.18358,1.18359,34.60381620767663,53.19220849024439,,,394
1771312800,1.18359,1.1837,1.1835,1.18354,33.689660993466546,51.100903526808146,,,421
1771313100,1.18354,1.18373,1.18347,1.18352,33.310587937068306,49.53013179067515,,,359
1771313400,1.18352,1.18354,1.1832,1.18332,29.71044224864947,47.555081771983346,,,601
1771313700,1.18332,1.18358,1.18318,1.18322,28.076504511850274,45.54864734091554,,,540
1771314000,1.18322,1.18338,1.18319,1.1832,27.74782696015305,43.165698407450975,,,479
1771314300,1.1832,1.18337,1.18316,1.18321,28.20041557398102,40.876556247994166,,,577
1771314600,1.18321,1.1832799999999999,1.18296,1.18301,24.847993345808916,38.26435442351162,,,733
1771314900,1.18301,1.1832799999999999,1.18286,1.18326,35.2153906883527,36.744538744003485,,,962
1771315200,1.18326,1.18352,1.18299,1.18305,31.308306985536944,34.805823313398456,,,1030
1771315500,1.18305,1.1835499999999999,1.18304,1.18308,32.46112478008173,33.261418591790914,,,720
1771315800,1.18308,1.18327,1.18302,1.18306,32.07465822771566,32.105477675319484,,,725
1771316100,1.18306,1.18358,1.18303,1.18347,46.21211682713697,32.81949147632533,,,680
1771316400,1.18347,1.18381,1.18345,1.18362,50.28861682748899,33.41053300821188,,,460
1771316700,1.18362,1.1838,1.18356,1.18374,53.33555583865091,34.74851441042433,,,614
1771317000,1.18374,1.1838,1.18356,1.18357,48.774618035498825,35.82601134199806,,,487
1771317300,1.18357,1.18388,1.18357,1.18376,53.55503049255403,37.27204295310418,,,483
1771317600,1.18376,1.18402,1.18365,1.18402,59.170188360600406,39.37631053252925,,,471
1771317900,1.18402,1.18437,1.18398,1.18435,64.96055178469558,42.01088533773249,,,651
1771318200,1.18435,1.1844,1.18419,1.18428,62.9221000245457,44.52333341376054,,,395
1771318500,1.18428,1.18438,1.18406,1.18407,57.13018354566492,46.58974541173796,,,341
1771318800,1.18407,1.18429,1.18397,1.18429,61.16337327154452,49.18370112071907,,,650
1771319100,1.18429,1.1843299999999999,1.18406,1.18409,56.00496669349595,50.66867083537216,,,445
1771319400,1.18409,1.18418,1.18401,1.18415,57.171933613693525,52.51607273738335,,,500
1771319700,1.18415,1.18461,1.18414,1.18456,64.16650831786133,54.78074299008194,,,549
1771320000,1.18456,1.18466,1.18442,1.1844999999999999,62.55639429955917,56.958009852356476,,,504
1771320300,1.1844999999999999,1.18476,1.18443,1.18472,65.93199479898415,58.36657256463127,,,399
1771320600,1.18472,1.1849399999999999,1.18472,1.18491,68.56752256035978,59.67220868840776,,,348
1771320900,1.18491,1.18498,1.18475,1.1848,65.41247964797633,60.53484610335958,,,336
1771321200,1.1848,1.18482,1.18452,1.18454,58.55427038556555,61.23339269979291,,,328
1771321500,1.18454,1.18475,1.18445,1.1844999999999999,57.55449895079973,61.51906901823903,,,281
1771321800,1.1844999999999999,1.18476,1.18449,1.18473,61.61311146304187,61.69356352555628,,,238
1771322100,1.18473,1.18474,1.18453,1.18464,59.22660760992311,61.2839960845011,,,254
1771322400,1.18464,1.18464,1.18426,1.18444,54.20227180606542,60.66115121175251,,,643
1771322700,1.18444,1.18463,1.18444,1.1844999999999999,55.42398421992692,60.53927983134265,,,392
1771323000,1.1844999999999999,1.18471,1.18413,1.18414,47.275175316619794,59.54726569170517,,,482
1771323300,1.18414,1.18426,1.18411,1.18415,47.50605609421194,58.94020064889917,,,294
1771323600,1.18415,1.1844999999999999,1.18413,1.18448,54.57516417473541,58.75471711754501,,,364
1771323900,1.18448,1.18458,1.18441,1.18442,53.173095279373946,57.96947332908163,,,378
1771324200,1.18442,1.18442,1.18425,1.18435,51.51044437336454,57.18047690578202,,,449
1771324500,1.18435,1.18465,1.18426,1.18453,55.37456554899559,56.42637481649712,,,365
1771324800,1.18453,1.18453,1.18423,1.1843,49.902346033251064,55.09314792170364,,,397
1771325100,1.1843,1.18439,1.1842,1.18428,49.44477301315008,53.952597447787475,,,333
1771325400,1.18428,1.18436,1.18415,1.1843299999999999,50.66274998383258,53.388917419092266,,,408
1771325700,1.1843299999999999,1.1844999999999999,1.18426,1.18426,48.88701065689984,52.769811112385135,,,332
1771326000,1.18426,1.18436,1.18425,1.18435,51.25276472536242,52.029786345408034,,,375
1771326300,1.18435,1.18444,1.18417,1.1843299999999999,50.691272589483056,51.42011955823374,,,461
1771326600,1.1843299999999999,1.1843299999999999,1.18414,1.18424,48.13568520276122,50.986791943712014,,,419
1771326900,1.18424,1.18428,1.1841599999999999,1.18417,46.18538130281995,50.326891735347225,,,232
1771327200,1.18417,1.18438,1.18408,1.18435,51.61427718398241,50.636827583015986,,,410
1771327500,1.18435,1.1844,1.1843,1.18436,51.90456398512337,50.95100671808108,,,289
1771327800,1.18436,1.18436,1.1838899999999999,1.18393,40.61962724150126,49.954182651421505,,,400
1771328100,1.18393,1.18396,1.18371,1.18375,36.99376843402483,48.79851644818228,,,468
1771328400,1.18375,1.18391,1.18371,1.1838,38.63245497724067,47.87866006274486,,,254
1771328700,1.1838,1.18381,1.18365,1.18368,36.199096786503084,46.508983722566825,,,290
1771329000,1.18368,1.18368,1.18337,1.18339,31.10078369120515,45.166014983849266,,,304
1771329300,1.18339,1.18341,1.18239,1.18308,26.761761739108564,43.5457998928463,,,963
1771329600,1.18308,1.18335,1.18274,1.18332,34.39315602216769,42.38368603844167,,,760
1771329900,1.18332,1.18333,1.18315,1.18326,33.454628722015286,41.28137304309276,,,412
1771330200,1.18326,1.18353,1.18326,1.18345,39.12009764111595,40.41475396564659,,,463
1771330500,1.18345,1.18357,1.18299,1.18301,32.2686471227551,39.098852146594595,,,432
1771330800,1.18301,1.18326,1.18301,1.18314,35.84381536002343,38.2208614435419,,,372
1771331100,1.18314,1.18315,1.18279,1.18302,34.056780985363076,37.35453284943784,,,448
1771331400,1.18302,1.18318,1.1828,1.18317,38.204150026840274,36.39666662392769,,,490
1771331700,1.18317,1.18327,1.18286,1.18295,34.751936475786124,35.17147894468932,,,432
1771332000,1.18295,1.18307,1.18282,1.18283,33.00028365577269,34.627240117137276,,,434
1771332300,1.18283,1.18293,1.18272,1.18284,33.301990618393674,34.36354170173505,,,708
1771332600,1.18284,1.18296,1.18273,1.18296,36.96996142928289,34.24479216259521,,,606
1771332900,1.18296,1.18309,1.18268,1.18277,33.80044868657582,34.073460155457546,,,703
1771333200,1.18277,1.18288,1.18241,1.18286,36.574295028950885,34.464425251010816,,,1048
1771333500,1.18286,1.18286,1.1826,1.18262,32.64594632367728,34.884724149908585,,,575
1771333800,1.18262,1.18303,1.1826,1.18293,41.401010435218915,35.38528517941224,,,711
1771334100,1.18293,1.18295,1.18193,1.18221,31.243085568589166,35.22731781131038,,,973
1771334400,1.18221,1.18284,1.18213,1.18266,40.98840558714506,35.36076837888389,,,949
1771334700,1.18266,1.1828,1.1824999999999999,1.18261,40.30484168572625,35.93478227623897,,,419
1771335000,1.18261,1.18269,1.18237,1.18249,38.63934498915299,36.13446296403394,,,704
1771335300,1.18249,1.18279,1.18243,1.18245,38.07455778006496,36.42144702079836,,,793
1771335600,1.18245,1.1826699999999999,1.18177,1.18185,30.80169145338253,35.89269997983709,,,834
1771335900,1.18185,1.18187,1.1815499999999999,1.18182,30.488106026767426,35.58814066205004,,,950
1771336200,1.18182,1.18273,1.18166,1.1826,45.90775101598707,36.51010261635106,,,1755
1771336500,1.1826,1.1826,1.18213,1.18221,41.009365212781205,37.060629373093036,,,997
1771336800,1.18221,1.18238,1.18191,1.18222,41.182662756009286,37.36153661071635,,,1299
1771337100,1.18222,1.18262,1.18211,1.18215,40.29039824454908,37.82510443628587,,,1107
1771337400,1.18215,1.1822,1.18162,1.18179,35.97368439454743,37.782203676685626,,,1197
1771337700,1.18179,1.18221,1.18161,1.18214,42.43151605821877,38.48117294343859,,,917
1771338000,1.18214,1.18231,1.18187,1.1819,39.49017649549501,38.344684804886874,,,882
1771338300,1.1819,1.18219,1.18188,1.18207,42.52914790730662,39.150832114795264,,,776
1771338600,1.18207,1.18238,1.1819,1.18217,44.30122311193475,39.38746193799453,,,1532
1771338900,1.18217,1.18245,1.18199,1.1822,44.85061359940067,39.71215993182842,,,1335
1771339200,1.1822,1.18277,1.18216,1.18261,51.841829897826955,40.655194568162266,,,1392
1771339500,1.18261,1.18282,1.18237,1.18256,50.99286006921416,41.57793044595864,,,1329
1771339800,1.18256,1.18262,1.18218,1.18245,49.08828896023531,42.88411598216241,,,1387
1771340100,1.18245,1.18255,1.18212,1.18238,47.86316709346133,44.12519177264055,,,1123
1771340400,1.18238,1.1824,1.18145,1.18195,41.08061105154267,43.78039606089452,,,1866
1771340700,1.18195,1.18215,1.1817199999999999,1.18186,39.809063355893635,43.694660213973975,,,1790
1771341000,1.18186,1.18209,1.18122,1.1814,34.0140537570491,43.18261671404825,,,1334
1771341300,1.1814,1.18176,1.1812799999999999,1.18161,38.42112524481021,43.0490972140669,,,1474
1771341600,1.18161,1.18161,1.1811,1.1812,33.69014846376675,42.88598750472543,,,934
1771341900,1.1812,1.18126,1.1808,1.18081,29.916534624069314,41.99206025942903,,,1017
1771342200,1.18081,1.1811099999999999,1.1806,1.18066,28.590112576482426,41.21348426521386,,,986
1771342500,1.18066,1.18101,1.18051,1.18061,28.142201356892627,40.18584522589857,,,1060
1771342800,1.18061,1.18097,1.18051,1.18092,34.947063819796725,39.51769099074585,,,788
1771343100,1.18092,1.1809399999999999,1.18055,1.18066,32.193413386859206,38.6136052612786,,,1043
1771343400,1.18066,1.18087,1.18049,1.18086,36.3482126714334,37.50691831653621,,,1272
1771343700,1.18086,1.18127,1.18074,1.18107,40.472685424950896,36.7554772705174,,,1362
1771344000,1.18107,1.1815,1.18106,1.18122,43.29890518287345,36.3419498578487,,,1319
1771344300,1.18122,1.1818,1.1812,1.18173,51.69611985278379,36.615732197800305,,,1054
1771344600,1.18173,1.18226,1.18161,1.1822,57.886005334004345,37.81611750369042,,,1004
1771344900,1.1822,1.18257,1.18205,1.18256,61.912041045204944,39.39490162435551,,,836
1771345200,1.18256,1.18305,1.18247,1.1827,63.37826502711537,41.4923452865031,,,843
1771345500,1.1827,1.18293,1.18253,1.18279,64.32893089424152,43.34290283289106,,,847
1771345800,1.18279,1.18308,1.18268,1.18298,66.31684460728187,45.67338112885643,,,815
1771346100,1.18298,1.18353,1.18295,1.18329,69.32095581061199,48.4879826421809,,,1005
1771346400,1.18329,1.18346,1.1831,1.1832,67.440388854403,51.263002376318084,,,945
1771346700,1.1832,1.18344,1.18305,1.18314,66.15196012544982,53.97798514550074,,,1019
1771347000,1.18314,1.1832799999999999,1.18302,1.18326,67.48971277491796,56.30246007086654,,,918
1771347300,1.18326,1.18337,1.18306,1.18307,63.228693101045764,58.51926576473701,,,841
1771347600,1.18307,1.18341,1.18292,1.18331,66.13702146601804,60.64703782149307,,,1112
1771347900,1.18331,1.18357,1.18309,1.18356,68.89667547280447,62.67732282491118,,,781
1771348200,1.18356,1.18376,1.18347,1.18371,70.45258692592894,64.61687152084372,,,847
1771348500,1.18371,1.1839,1.18367,1.18387,72.05821732993182,66.07130705492571,,,575
1771348800,1.18387,1.18393,1.1835499999999999,1.18359,65.36417246299001,66.60546184985326,,,573
1771349100,1.18359,1.18397,1.18357,1.18396,69.40840075079078,67.14091611453797,,,682
1771349400,1.18396,1.18421,1.18374,1.18379,65.6173412231271,67.30085012853881,,,779
1771349700,1.18379,1.18387,1.18362,1.1837,63.63568833960407,67.25133280320756,,,466
1771350000,1.1837,1.1837199999999999,1.18345,1.1835,59.34648969628497,66.75345030956493,,,780
1771350300,1.1835,1.18377,1.18342,1.18368,61.839460070193894,66.21905775667793,,,446
1771350600,1.18368,1.18388,1.18362,1.1837199999999999,62.39138320211327,65.85841449580008,,,401
1771350900,1.1837199999999999,1.18412,1.18371,1.18393,65.23426914440509,65.79286514001116,,,423
1771351200,1.18393,1.18429,1.18386,1.18414,67.85136314273686,65.81869730914109,,,685
1771351500,1.18414,1.18421,1.18406,1.18419,68.46014684547738,66.19237257660048,,,326
1771351800,1.18419,1.18427,1.18409,1.18415,67.36117944985057,66.27981243258851,,,453
1771352100,1.18415,1.18437,1.18415,1.18437,70.19506635063527,66.37255463814786,,,441
1771352400,1.18437,1.18455,1.18427,1.18446,71.2931565371688,66.432595324665,,,410
1771352700,1.18446,1.18482,1.18446,1.18481,75.13047282994974,66.65204214609484,,,463
1771353000,1.18481,1.18495,1.18454,1.1848,74.82272689329201,67.3276531768307,,,520
1771353300,1.1848,1.18489,1.18474,1.18486,75.47192261165144,67.76076188117788,,,397
1771353600,1.18486,1.18518,1.18474,1.18512,78.10638072824187,68.65283613154322,,,493
1771353900,1.18512,1.18527,1.18489,1.18505,75.74750269905981,69.51796572864721,,,564
1771354200,1.18505,1.18531,1.185,1.18508,76.0809072868087,70.71328127082748,,,586
1771354500,1.18508,1.18514,1.18481,1.18481,67.13560163334301,71.0915770967667,,,476
1771354800,1.18481,1.18504,1.18474,1.18496,69.29550182803257,71.5847284271895,,,497
1771355100,1.18496,1.185,1.18474,1.18475,63.04818796050205,71.42857977119642,,,257
1771355400,1.18475,1.18484,1.18451,1.18464,59.99695367988184,70.86755052384964,,,399
1771355700,1.18464,1.18465,1.18439,1.18444,54.803751528744215,69.89209371551156,,,216
1771356000,1.18444,1.18456,1.1844,1.18454,56.816451510336194,69.1388988626891,,,210
1771356300,1.18454,1.18455,1.18435,1.18437,52.53346864565903,67.87735616947651,,,236
1771356600,1.18437,1.18443,1.18432,1.18435,52.036480643207454,66.50187931990784,,,258
1771356900,1.18435,1.18462,1.18435,1.18461,57.646075788150604,65.2529938169222,,,361
1771357200,1.18461,1.18466,1.1844,1.18465,58.4511770876683,64.08359740223479,,,289
1771357500,1.18465,1.18485,1.18457,1.1848,61.41334678966415,63.079413414949975,,,257
1771357800,1.1848,1.18483,1.1847,1.1848,61.41334678966415,61.88705384790871,,,423
1771358100,1.1848,1.18486,1.18473,1.18478,60.74367748128893,60.81535204663936,,,359
1771358400,1.18478,1.18505,1.1847,1.18504,65.94284729176381,60.091204904136156,,,426
1771358700,1.18504,1.18504,1.18485,1.18485,59.71844289420993,59.56140785134094,,,164
1771359000,1.18485,1.18486,1.18474,1.18485,59.71844289420993,58.87733221321075,,,242
1771359300,1.18485,1.1849,1.18476,1.18485,59.71844289420993,58.63949327990417,,,279
1771359600,1.18485,1.18486,1.18469,1.18472,55.26093485856694,58.30120622123882,,,259
1771359900,1.18472,1.18484,1.18472,1.18482,57.86622085391208,58.519954030179385,,,199
1771360200,1.18482,1.18504,1.1848,1.18498,61.70839251552492,58.869378387692855,,,346
1771360500,1.18498,1.18502,1.1849399999999999,1.18496,60.960073930405336,59.47127876517474,,,227
1771360800,1.18496,1.18496,1.18479,1.18482,55.854083985696384,59.74396471820966,,,297
1771361100,1.18482,1.18492,1.18482,1.18486,56.963235117549765,59.69519038459532,,,241
1771361400,1.18486,1.18497,1.18485,1.18497,59.94372806132973,59.80180116842828,,,320
1771361700,1.18497,1.18526,1.18495,1.1851,63.188384430942065,59.9285895713767,,,760
1771362000,1.1851,1.18523,1.18508,1.18516,64.61311612159672,60.15714452365761,,,309
1771362300,1.18516,1.18523,1.18512,1.18523,66.25408695754388,60.55074520053295,,,87
1771362600,1.18523,1.18527,1.18518,1.18526,66.9612029602277,60.62348489113752,,,108
1771362900,1.18526,1.18526,1.18509,1.1851099999999999,60.172002452823016,60.655882002467024,,,67
1771363200,1.1851099999999999,1.18516,1.18502,1.18502,56.47229999917168,60.424014652821434,,,108
1771363500,1.18502,1.1853,1.18499,1.18517,60.79851666976844,60.50116277964704,,,172
1771363800,1.18517,1.18526,1.18513,1.18526,63.16415893600893,61.065678785178605,,,137
1771364100,1.18526,1.18545,1.18526,1.1854,66.54608231615677,61.68566888962466,,,72
1771364400,1.1854,1.1854,1.18532,1.1853799999999999,65.61922914265811,61.96501436299132,,,92
1771364700,1.1853799999999999,1.1853799999999999,1.18516,1.1852,57.81458582606792,61.74033664125293,,,144
1771365000,1.1852,1.18532,1.18519,1.18531,60.87696745023103,62.09911403157683,,,145
1771365300,1.18531,1.18554,1.18528,1.18551,65.7458783038081,62.72644568773814,,,289
1771365600,1.18551,1.18551,1.18508,1.18508,51.03889186632502,62.090385959523516,,,19
1771365900,1.18508,1.18513,1.18505,1.18509,51.31166170120889,61.242048621685434,,,30
1771366200,1.18509,1.18512,1.18506,1.18508,51.00564296861069,60.270086253615,,,29
1771366500,1.18508,1.18518,1.18508,1.18514,52.823636476128215,59.31076836208531,,,42
1771366800,1.18514,1.1852,1.18506,1.18507,50.47066446779084,58.13287275548267,,,54
1771367100,1.18507,1.18516,1.18498,1.18504,49.453953796234266,57.367297851440625,,,131
1771367400,1.18504,1.18504,1.18503,1.18503,49.09890049501092,56.84062645828629,,,50
1771367700,1.18503,1.18504,1.18497,1.18504,49.48943503109618,56.032834912666836,,,6
1771368000,1.18504,1.18513,1.18504,1.18504,49.48943503109618,55.05606891945879,,,90
1771368300,1.18504,1.18513,1.18502,1.18512,52.84610907670048,54.07749940235477,,,52
1771368600,1.18512,1.18516,1.18509,1.18512,52.84610907670047,53.165133683357794,,,99
1771368900,1.18512,1.18518,1.18505,1.18506,49.958320435938354,52.60397186977711,,,644
1771369200,1.18506,1.18561,1.18506,1.18553,65.74790784159558,52.95189618344601,,,235
1771369500,1.18553,1.1857199999999999,1.18551,1.18563,68.05729834056741,53.1169976146431,,,217
1771369800,1.18563,1.18568,1.18544,1.18549,61.77739996168471,53.884033907168785,,,166
1771370100,1.18549,1.18549,1.1853,1.18546,60.48934412755171,54.53958265190756,,,173
1771370400,1.18546,1.18553,1.18537,1.1853799999999999,57.0720530379282,54.97289765685882,,,110
1771370700,1.1853799999999999,1.18542,1.18524,1.18528,53.038489157527906,54.9882442769588,,,109
1771371000,1.18528,1.18529,1.18516,1.18519,49.63825268078204,54.928786292172454,,,82
1771371300,1.18519,1.18524,1.18515,1.18519,49.63825268078204,54.941950498211575,,,98
1771371600,1.18519,1.18522,1.18514,1.18514,47.669220171128806,54.839830475077136,,,126
1771371900,1.18514,1.18536,1.18508,1.18525,52.16485341915161,55.03093178850967,,,225
1771372200,1.18525,1.18529,1.18505,1.18505,44.653604075676135,54.685515291693946,,,209
1771372500,1.18505,1.18518,1.18503,1.18505,44.65360407567614,54.10033636304935,,,170
1771372800,1.18505,1.18525,1.18504,1.18516,49.309397446329776,53.847714103737154,,,426
1771373100,1.18516,1.18526,1.18505,1.18522,51.69626496289982,53.97185299852013,,,268
1771373400,1.18522,1.18534,1.18521,1.18526,53.27582425790556,53.080989885399404,,,266
1771373700,1.18526,1.18534,1.18508,1.18519,50.18313865588178,51.80426419363614,,,295
1771374000,1.18519,1.18519,1.18504,1.18505,44.6059758908584,50.57773390286284,,,222
1771374300,1.18505,1.18518,1.18498,1.18516,49.367381903636435,49.78330802972603,,,200
1771374600,1.18516,1.1853,1.18509,1.1851099999999999,47.374071144950975,49.09059503737051,,,330
1771374900,1.1851099999999999,1.18513,1.18489,1.18496,41.90730400195799,48.29551038340123,,,326
1771375200,1.18496,1.18499,1.18493,1.1849399999999999,41.22423296471422,47.69450897511068,,,164
1771375500,1.1849399999999999,1.18515,1.1849,1.18512,49.24286750506213,47.66626717684496,,,324
1771375800,1.18512,1.18517,1.18481,1.18483,39.817710810202826,47.10544507963596,,,436
1771376100,1.18483,1.18489,1.18469,1.18472,36.93030695244134,46.017263189156665,,,345
1771376400,1.18472,1.18479,1.1844999999999999,1.18467,35.664325728759025,45.37517187866258,,,692
1771376700,1.18467,1.18471,1.18452,1.18464,34.89146805465103,44.67787644858935,,,266
1771377000,1.18464,1.18466,1.1844,1.18445,30.398487751691363,43.327097184686615,,,276
1771377300,1.18445,1.18445,1.18424,1.1844,29.32819711701447,41.72937805283766,,,231
1771377600,1.1844,1.18442,1.18425,1.18435,28.256783519103095,39.94230371435177,,,245
1771377900,1.18435,1.18448,1.18435,1.18441,31.491115627319502,38.60715921231161,,,187
1771378200,1.18441,1.18456,1.18434,1.1844,31.23834580120642,37.652328491622185,,,201
1771378500,1.1844,1.18448,1.18435,1.18444,33.53642788412046,36.52154606165676,,,194
1771378800,1.18444,1.18459,1.18439,1.18458,40.97223762215459,36.06427223859987,,,179
1771379100,1.18458,1.18467,1.18455,1.18456,40.27895639100834,35.947961694960604,,,170
1771379400,1.18456,1.1846,1.18445,1.1844999999999999,38.191158152411006,35.7313134940818,,,209
1771379700,1.1844999999999999,1.18467,1.18449,1.18462,44.39857510037888,35.385292608033005,,,209
1771380000,1.18462,1.18463,1.18432,1.18447,39.11102810559149,35.33481527198934,,,321
1771380300,1.18447,1.18472,1.18442,1.18467,48.00280477129222,36.125707973335835,,,333
1771380600,1.18467,1.18468,1.18426,1.1843,37.18432535562629,36.23427937525493,,,294
1771380900,1.1843,1.18441,1.18424,1.18426,36.23360219906745,36.3301460998561,,,262
1771381200,1.18426,1.18442,1.18415,1.1844,41.83867414612737,37.14730227088724,,,263
1771381500,1.1844,1.18453,1.1844,1.18446,44.10624312493165,38.20287698573848,,,310
1771381800,1.18446,1.1844999999999999,1.18428,1.18441,42.615186822140274,39.2284772216697,,,222
1771382100,1.18441,1.18443,1.1843299999999999,1.18438,41.70420490724674,39.95798359880736,,,146
1771382400,1.18438,1.18455,1.18436,1.18455,48.431523695256494,41.186067734096646,,,178
1771382700,1.18455,1.18457,1.18446,1.18447,45.755593849614534,42.05886530306051,,,124
1771383000,1.18447,1.18461,1.18447,1.18456,49.15888322864542,42.643625703524144,,,116
1771383300,1.18456,1.18459,1.18444,1.18445,45.408976293025496,43.01005569652538,,,181
1771383600,1.18445,1.18464,1.1844,1.18463,51.877841266318335,43.987675918947325,,,238
1771383900,1.18463,1.18467,1.18455,1.18461,51.15254363998772,44.47010224320509,,,139
1771384200,1.18461,1.18461,1.18448,1.18449,46.91439294278497,45.02748544586177,,,149
1771384500,1.18449,1.18451,1.18435,1.18435,42.491165447930015,44.633796922764475,,,194
1771384800,1.18435,1.18451,1.18435,1.1844999999999999,48.133607697904836,45.415888518641516,,,92
1771385100,1.1844999999999999,1.18451,1.18438,1.1844999999999999,48.133607697904836,46.265888911415615,,,161
1771385400,1.1844999999999999,1.18452,1.18427,1.18432,42.35072927034177,46.30246427743093,,,157
1771385700,1.18432,1.1844,1.18427,1.1843299999999999,42.76215467338832,46.20645795946355,,,148
1771386000,1.1843299999999999,1.18436,1.18421,1.18422,39.428752667995866,45.978855519881805,,,159
1771386300,1.18422,1.18425,1.18408,1.18421,39.130124110876395,45.79499260585535,,,167
1771386600,1.18421,1.18424,1.18418,1.1842,38.81354208150282,45.107993919158666,,,109
1771386900,1.1842,1.18425,1.1841,1.18411,35.9912668780962,44.41054199262163,,,148
1771387200,1.18411,1.18415,1.18402,1.18402,33.377568538302484,43.28330522902571,,,252
1771387500,1.18402,1.18406,1.18393,1.184,32.807401210421546,42.383192723125426,,,238
1771387800,1.184,1.18415,1.18395,1.18415,40.954127449508526,41.60292745049616,,,154
1771388100,1.18415,1.18431,1.18415,1.18431,48.172442498089225,41.39006308321769,,,156
1771388400,1.18431,1.18436,1.18415,1.18415,42.56820753647645,41.07962126848137,,,140
1771388700,1.18415,1.18422,1.18415,1.18421,45.145398974450664,41.26920937751856,,,159
1771389000,1.18421,1.18431,1.18413,1.1843,48.852979488527225,41.32059307684873,,,145
1771389300,1.1843,1.18434,1.18427,1.18431,49.26331752017685,41.401286635582444,,,183
1771389600,1.18431,1.18432,1.18424,1.18426,47.22330650982114,41.74932786697383,,,101
1771389900,1.18426,1.18432,1.18415,1.18421,45.20725476437739,41.92397787347304,,,160
1771390200,1.18421,1.18422,1.1841599999999999,1.18419,44.39089081624122,42.27841631263342,,,122
1771390500,1.18419,1.18425,1.18415,1.18418,43.963405017661884,42.6236506631181,,,108
1771390800,1.18418,1.18426,1.18415,1.18422,46.19539358087191,43.15092577021589,,,165
1771391100,1.18422,1.18443,1.1842,1.18442,55.69719840789913,44.55849230805895,,,169
1771391400,1.18442,1.18452,1.18441,1.18448,58.08845539123516,46.323555654696996,,,104
1771391700,1.18448,1.18452,1.18435,1.18436,52.038720426954576,47.69722131302079,,,129
1771392000,1.18436,1.18444,1.18429,1.18443,54.98392600125745,48.69934978100286,,,98
1771392300,1.18443,1.18443,1.1843,1.1843,48.969668577357155,48.75629450095056,,,110
1771392600,1.1843,1.18439,1.18427,1.1843,48.969668577357155,49.21354171815633,,,129
1771392900,1.1843,1.18445,1.18426,1.18432,49.94653773993449,49.55648020140517,,,179
1771393200,1.18432,1.18432,1.18423,1.1843,48.93766602218176,49.56252923952336,,,107
1771393500,1.1843,1.1843299999999999,1.1843,1.18431,49.48706500362119,49.57851120262652,,,100
1771393800,1.18431,1.1844999999999999,1.1843,1.1844999999999999,58.60116161327518,50.391215138587526,,,98
1771394100,1.1844999999999999,1.18457,1.18445,1.18456,60.99457840468933,51.51888111289552,,,158
1771394400,1.18456,1.18463,1.18438,1.18441,52.7793620280946,52.1180576280279,,,168
1771394700,1.18441,1.18443,1.18422,1.18424,45.32798509781188,52.215527633752906,,,158
1771395000,1.18424,1.18427,1.18402,1.1841599999999999,42.30140001909916,51.93738523648342,,,180
1771395300,1.1841599999999999,1.18429,1.18414,1.18426,47.059858319872724,51.32043237305296,,,172
1771395600,1.18426,1.18436,1.18422,1.1843,48.876083869776984,50.662405835805956,,,209
1771395900,1.1843,1.18439,1.18427,1.18436,51.560561119088185,50.62825159952979,,,258
1771396200,1.18436,1.18445,1.18425,1.18426,47.119659142566114,50.06651825248041,,,313
1771396500,1.18426,1.18436,1.18424,1.18436,51.608245676145906,50.25498804525103,,,208
1771396800,1.18436,1.18445,1.1843,1.18435,51.1407611638429,50.41006608714287,,,154
1771397100,1.18435,1.18446,1.1843,1.18445,55.48340992785474,50.805556957708596,,,159
1771397400,1.18445,1.18452,1.18435,1.1844,52.94931409805306,51.092103248842264,,,215
1771397700,1.1844,1.18461,1.18434,1.18447,55.98053357598687,51.55592243258267,,,338
1771398000,1.18447,1.18464,1.1842,1.18452,58.05901750839038,51.517197853662324,,,819
1771398300,1.18452,1.18456,1.18426,1.18428,46.66832702998,50.49389418404023,,,471
1771398600,1.18428,1.18431,1.18391,1.18391,35.202028901196385,49.23837038926179,,,377
1771398900,1.18391,1.18391,1.18359,1.18365,29.682973983114252,48.12086959535481,,,404
1771399200,1.18365,1.18381,1.1835499999999999,1.18359,28.569790726701967,47.14004036018359,,,327
1771399500,1.18359,1.18381,1.1835,1.1835,26.937872158451782,45.702755634367804,,,241
1771399800,1.1835,1.18376,1.18341,1.18373,36.86318302401472,44.844691288241926,,,427
1771400100,1.18373,1.18373,1.18347,1.18364,34.86715049475673,43.6523048150754,,,324
1771400400,1.18364,1.18364,1.18334,1.18349,31.778676031535994,42.55652030714467,,,458
1771400700,1.18349,1.18353,1.18333,1.18339,29.87855784685651,41.004399747909716,,,437
1771401000,1.18339,1.18365,1.18329,1.18364,39.60146062013009,40.18016399478738,,,242
1771401300,1.18364,1.18371,1.18334,1.18347,35.95098468632912,38.78499076324982,,,608
1771401600,1.18347,1.18376,1.18334,1.18337,33.967462114227445,37.42914419297657,,,746
1771401900,1.18337,1.18344,1.18314,1.1834,35.12388618295459,35.93938366490284,,,646
1771402200,1.1834,1.18366,1.1834,1.18361,42.68999068341741,34.84159603454763,,,436
1771402500,1.18361,1.18379,1.18356,1.18369,45.30682380908874,34.74434580448396,,,369
1771402800,1.18369,1.18382,1.1832,1.1832,34.819608028368364,34.7170300278534,,,444
1771403100,1.1832,1.18362,1.18314,1.18361,46.06853857711272,35.887427498853285,,,635
1771403400,1.18361,1.1837,1.18354,1.18362,46.31191193400465,37.154721870803485,,,433
1771403700,1.18362,1.18365,1.18332,1.18332,40.419090056971925,38.11766600641206,,,481
1771404000,1.18332,1.18336,1.18282,1.18288,33.655169599808474,37.88852219039733,,,604
1771404300,1.18288,1.18317,1.18288,1.18297,36.01386758623663,37.97043055407447,,,499
1771404600,1.18297,1.18324,1.1829,1.18305,38.1198219869934,38.42336955089286,,,392
1771404900,1.18305,1.1832799999999999,1.18297,1.1831099999999999,39.72220526803705,39.12648722383432,,,595
1771405200,1.1831099999999999,1.18351,1.183,1.1833,44.61331345569068,39.48447671208864,,,541
1771405500,1.1833,1.18384,1.1833,1.18381,55.13644220068206,40.85486653454242,,,574
1771405800,1.18381,1.18382,1.18342,1.1836,50.852117816644764,42.060913370429375,,,357
1771406100,1.1836,1.18361,1.18325,1.18339,46.92534509570826,42.90387472134035,,,355
1771406400,1.18339,1.18356,1.18337,1.18349,48.94702844777334,43.350805990222916,,,342
1771406700,1.18349,1.1835,1.18335,1.18342,47.580747721890226,43.51322912685159,,,366
1771407000,1.18342,1.18352,1.18334,1.18341,47.377291729733265,44.41020653409195,,,450
1771407300,1.18341,1.18349,1.18335,1.18339,46.94493458528598,44.47280624896147,,,344
1771407600,1.18339,1.18339,1.18283,1.1831,41.08953755887916,44.09977950788107,,,461
1771407900,1.1831,1.18338,1.18308,1.18336,47.421467532938216,44.599949327592945,,,294
1771408200,1.18336,1.18377,1.18336,1.18361,52.687362303139906,45.9593916635452,,,366
1771408500,1.18361,1.1838,1.18358,1.1836,52.46103069481085,47.13418902844335,,,487
1771408800,1.1836,1.18381,1.18349,1.18375,55.545831903707544,48.37890402249436,,,414
1771409100,1.18375,1.18399,1.18375,1.18395,59.33482238618811,49.779805245219436,,,404
1771409400,1.18395,1.18405,1.18384,1.18387,57.233437835049365,50.681242700887914,,,285
1771409700,1.18387,1.18391,1.18379,1.18381,55.64180444729851,50.71734000421766,,,219
1771410000,1.18381,1.18407,1.18377,1.18405,60.38720980081151,51.39841800308672,,,285
1771410300,1.18405,1.18406,1.18387,1.18391,56.584457165717204,52.08835457951592,,,201
1771410600,1.18391,1.18391,1.18331,1.18332,44.00720973193775,51.73551038552767,,,350
1771410900,1.18332,1.18349,1.18325,1.18349,47.61994387540679,51.73831011077885,,,335
1771411200,1.18349,1.18349,1.18323,1.18335,45.04249460417175,51.571538887524454,,,366
1771411500,1.18335,1.18361,1.18335,1.18356,49.46126613248579,51.75127685518158,,,351
1771411800,1.18356,1.1836,1.1834,1.18348,47.88183498957336,52.23644095737403,,,337
1771412100,1.18348,1.18349,1.18307,1.18321,42.90244675112128,51.913653758672815,,,452
1771412400,1.18321,1.18327,1.18309,1.18318,42.375145766143426,51.17706686317307,,,252
1771412700,1.18318,1.18322,1.1831,1.18315,41.821589539468526,50.41710678064861,,,270
1771413000,1.18315,1.1832799999999999,1.18314,1.1832,43.15443727403233,49.53200716424323,,,248
1771413300,1.1832,1.18334,1.18305,1.18329,45.571576309801344,48.54891815878704,,,288
1771413600,1.18329,1.1833,1.18308,1.18315,42.541275259880784,47.499477974846414,,,267
1771413900,1.18315,1.18321,1.18309,1.18319,43.69331724400786,46.6460146031828,,,362
1771414200,1.18319,1.1835,1.18319,1.18339,49.17990675465729,45.845492957028924,,,247
1771414500,1.18339,1.18349,1.18331,1.18345,50.730945659607926,45.427384992306834,,,251
1771414800,1.18345,1.1835,1.18337,1.18339,49.11658674581398,45.792340493298,,,253
1771415100,1.18339,1.18363,1.18335,1.18361,54.79665814665218,46.30496294124409,,,307
1771415400,1.18361,1.18379,1.18344,1.18352,52.22811749604188,46.81822171923482,,,336
1771415700,1.18352,1.1835499999999999,1.1832799999999999,1.18346,50.5277009113527,46.89439563201103,,,459
1771416000,1.18346,1.18365,1.18346,1.18347,50.815120263721944,47.10391600873593,,,383
1771416300,1.18347,1.1836,1.18335,1.18358,53.98218728363664,47.89532604677273,,,536
1771416600,1.18358,1.18382,1.18357,1.1837,57.2185305672086,48.955567818277395,,,476
1771416900,1.1837,1.18396,1.18369,1.18386,61.14251041730634,50.335633595265804,,,344
1771417200,1.18386,1.1841,1.18382,1.18405,65.22190035515064,51.911880958202836,,,379
1771417500,1.18405,1.18431,1.18395,1.18425,68.9206389641871,53.57967114780182,,,348
1771417800,1.18425,1.18441,1.18406,1.18435,70.60404930710669,55.58415500831795,,,433
1771418100,1.18435,1.18472,1.18435,1.18454,73.53694229849376,57.7158425122098,,,590
1771418400,1.18454,1.18457,1.18439,1.1844,68.14204722124761,59.07028111696625,,,471
1771418700,1.1844,1.18442,1.18408,1.1843,64.50199804879452,60.05392771619386,,,469
1771419000,1.1843,1.18435,1.18385,1.18388,51.95002942479,60.25631647897786,,,510
1771419300,1.18388,1.18409,1.18384,1.18399,54.450110447762064,60.23156307191427,,,702
1771419600,1.18399,1.18448,1.18399,1.18443,62.79007848491153,60.985988856833536,,,645
1771419900,1.18443,1.18486,1.18443,1.18446,63.283694559046914,61.897131260240265,,,497
1771420200,1.18446,1.18454,1.18428,1.18444,62.686660511936275,62.745098420827,,,407
1771420500,1.18444,1.18461,1.18443,1.18447,63.24677736539127,63.406854855238045,,,431
1771420800,1.18447,1.18451,1.18404,1.1841,52.73293184681366,63.086454946638405,,,594
1771421100,1.1841,1.1841,1.18369,1.18371,44.36186918132689,61.887837715497014,,,358
1771421400,1.18371,1.18387,1.1835,1.1835,40.62244994007409,60.130734114420115,,,668
1771421700,1.1835,1.18368,1.18342,1.18346,39.93198661024928,58.06011608913884,,,643
1771422000,1.18346,1.18354,1.18316,1.18321,35.8326114329185,55.57644195526825,,,784
1771422300,1.18321,1.18331,1.18299,1.18303,33.19063188896955,52.69456264030224,,,494
1771422600,1.18303,1.18314,1.18269,1.1829,31.39049831791168,50.06945200434967,,,679
1771422900,1.1829,1.1829,1.18236,1.18236,25.261568889342342,47.26656420724595,,,740
1771423200,1.18236,1.18276,1.18235,1.18266,33.07895081057973,45.91863002051664,,,736
1771423500,1.18266,1.18271,1.18226,1.1823,29.140061740141803,44.110769398543766,,,714
1771423800,1.1823,1.18241,1.18215,1.1823299999999999,29.889282619859358,41.76071255104004,,,415
1771424100,1.1823299999999999,1.18235,1.18198,1.18216,28.077602675858174,39.245991702240836,,,860
1771424400,1.18216,1.18217,1.1812,1.18134,21.35408481732179,36.29366486691124,,,1154
1771424700,1.18134,1.182,1.18132,1.18176,30.530085261682487,33.956758288074894,,,1424
1771425000,1.18176,1.18216,1.18171,1.18185,32.35151830692466,32.50094303522569,,,1371
1771425300,1.18185,1.18217,1.18174,1.18195,34.409307286882225,31.790045757051068,,,1316
1771425600,1.18195,1.182,1.18162,1.18165,31.33028348589073,31.12631958175226,,,1250
1771425900,1.18165,1.18177,1.18154,1.1817,32.41574905959399,30.58944547099117,,,1159
1771426200,1.1817,1.18202,1.1817,1.18195,37.71696229199916,30.724041960925508,,,785
1771426500,1.18195,1.18195,1.18139,1.18153,33.029613931685006,30.712540678262325,,,1213
1771426800,1.18153,1.18268,1.18134,1.18262,50.294297728629175,32.06281206474215,,,1659
1771427100,1.18262,1.18264,1.18196,1.18228,46.28597785662375,33.564555562405104,,,1386
1771427400,1.18228,1.18229,1.18197,1.18204,43.64195716124321,34.31905601602392,,,992
1771427700,1.18204,1.18207,1.18163,1.18186,41.71719762322928,35.21742286481588,,,1115
1771428000,1.18186,1.1818899999999999,1.18147,1.1815,38.09817640656313,35.803772421009015,,,802
1771428300,1.1815,1.18192,1.18149,1.18192,44.182064851859096,36.95409114786622,,,663
1771428600,1.18192,1.1821,1.18183,1.18207,46.21518989825538,38.72988436793291,,,743
1771428900,1.18207,1.18237,1.18205,1.18231,49.39146944026823,40.07712609497475,,,891
1771429200,1.18231,1.18242,1.18218,1.18231,49.39146944026823,41.29426546164215,,,683
1771429500,1.18231,1.18264,1.18224,1.18256,52.76164103263575,42.60514644348168,,,711
1771429800,1.18256,1.18256,1.18158,1.18183,43.62596191984876,43.483409188764405,,,1102
1771430100,1.18183,1.18226,1.18182,1.18226,49.20516737121826,44.682653353880426,,,1119
1771430400,1.18226,1.18239,1.1818899999999999,1.18239,50.79078769324585,45.61649802539805,,,826
1771430700,1.18239,1.18261,1.18212,1.18214,47.70660883522575,46.66485480422239,,,720
1771431000,1.18214,1.18218,1.18153,1.18189,44.7783631939565,46.2708594803172,,,826
1771431300,1.18189,1.18191,1.18146,1.18151,40.6900389179561,45.871149556126646,,,609
1771431600,1.18151,1.18161,1.18131,1.18156,41.447557393026656,45.714406715539745,,,673
1771431900,1.18156,1.18157,1.18117,1.18126,38.28774490104588,45.46944580681237,,,635
1771432200,1.18126,1.18165,1.1812,1.18155,42.82535594523047,45.80710148814575,,,544
1771432500,1.18155,1.18176,1.18104,1.18108,37.95451608449592,45.362276576191235,,,606
1771432800,1.18108,1.18133,1.181,1.18109,38.1157920062371,44.78374815533279,,,578
1771433100,1.18109,1.18142,1.18109,1.18126,40.92693208823262,44.179138344473095,,,602
1771433400,1.18126,1.18137,1.181,1.18104,38.49018164453688,43.40047493049229,,,502
1771433700,1.18104,1.18117,1.18093,1.18094,37.40015462523951,42.30322590139256,,,424
1771434000,1.18094,1.18103,1.18058,1.18083,36.18618594679542,41.771813331888744,,,506
1771434300,1.18083,1.18111,1.18082,1.18111,41.40028874895131,41.21432200172682,,,390
1771434600,1.18111,1.18141,1.18105,1.1812,43.01210909195773,40.65870210163481,,,395
1771434900,1.1812,1.18121,1.18067,1.18069,36.83001753887357,39.88180272332395,,,374
1771435200,1.18069,1.18091,1.18068,1.18086,39.92936553272841,39.53544574752193,,,279
1771435500,1.18086,1.18092,1.18065,1.18091,40.84860850225595,39.54677214640049,,,338
1771435800,1.18091,1.18097,1.18069,1.18071,38.322420300947655,39.32354806839485,,,403
1771436100,1.18071,1.1808,1.1802,1.18028,33.522365112879854,38.983163797811564,,,484
1771436400,1.18028,1.18061,1.18026,1.18055,38.713233321568744,38.68944075326429,,,416
1771436700,1.18055,1.18062,1.18029,1.18045,37.5439354569088,38.66011356557949,,,402
1771437000,1.18045,1.18048,1.18028,1.18038,36.70811966256459,38.55956554103147,,,532
1771437300,1.18038,1.18062,1.18026,1.1806,41.142965045472046,38.57499646654856,,,569
1771437600,1.1806,1.18073,1.18056,1.1807,43.09480586650853,38.9038981966894,,,603
1771437900,1.1807,1.18071,1.18018,1.18026,37.2425560495416,38.89264115556812,,,437
1771438200,1.18026,1.18027,1.18015,1.18019,36.39576010623675,38.90761073838536,,,326
1771438500,1.18019,1.18023,1.17989,1.17995,33.57687456458855,38.3487954395023,,,428
1771438800,1.17995,1.17998,1.17947,1.17959,29.84311198140381,37.40815278874845,,,564
1771439100,1.17959,1.17959,1.17931,1.17938,27.89449529876552,36.76990120016931,,,478
1771439400,1.17938,1.17944,1.17903,1.17903,24.968291518039806,35.70125305626298,,,588
1771439700,1.17903,1.1792,1.17898,1.17914,27.540983644298535,34.750708423551735,,,538
1771440000,1.17914,1.1792,1.179,1.17901,26.38936859507828,33.89834758741821,,,620
1771440300,1.17901,1.17908,1.17875,1.17895,25.85206989828623,33.350469357804386,,,555
1771440600,1.17895,1.17903,1.17873,1.179,27.182602072898547,32.52685284004223,,,361
1771440900,1.179,1.17918,1.17898,1.179,27.182602072898547,31.78675759832721,,,370
1771441200,1.179,1.17949,1.17855,1.179,27.182602072898547,31.10636348477964,,,1893
1771441500,1.179,1.17924,1.17868,1.17896,26.703813612843902,30.0749955253062,,,1291
1771441800,1.17896,1.17905,1.17872,1.17875,24.28534269251456,28.731462441449484,,,654
1771442100,1.17875,1.17881,1.17847,1.1786,22.70365747573146,27.69296968617733,,,566
1771442400,1.1786,1.17872,1.17849,1.17865,24.469538287347874,26.84109669911384,,,459
1771442700,1.17865,1.17889,1.17849,1.17851,22.89251310263107,26.077928023259734,,,549
1771443000,1.17851,1.17885,1.17838,1.17872,30.163164901024658,26.100788946089796,,,747
1771443300,1.17872,1.17885,1.17865,1.17869,29.731858896985727,26.232029203105522,,,600
1771443600,1.17869,1.1787,1.1784,1.1785,27.08986136521473,26.383569906475163,,,643
1771443900,1.1785,1.17868,1.17847,1.17848,26.81969870918077,26.332049553966748,,,482
1771444200,1.17848,1.17851,1.17839,1.17843,26.118420826775875,26.312696141945146,,,331
1771444500,1.17843,1.17874,1.17841,1.17873,36.7969243191698,27.09447145772254,,,583
1771444800,1.17873,1.17893,1.17865,1.17891,42.19541601987802,28.166815311078217,,,502
1771445100,1.17891,1.17902,1.17875,1.17876,39.191231700246334,29.02457457017449,,,366
1771445400,1.17876,1.17876,1.17849,1.17854,35.22950962762576,29.599353681226436,,,297
1771445700,1.17854,1.17865,1.1785,1.17851,34.7141798259285,30.17152269644676,,,354
1771446000,1.17851,1.1786,1.17839,1.17843,33.31469585424328,30.816476493713093,,,351
1771446300,1.17843,1.17843,1.17829,1.17829,30.96226697099702,31.406377171946353,,,337
1771446600,1.17829,1.17865,1.17821,1.17856,39.79213635965091,32.50084846282514,,,560
1771446900,1.17856,1.17857,1.17843,1.17849,38.420162264433614,33.609966260096755,,,318
1771447200,1.17849,1.17857,1.17824,1.17826,34.24254053770312,33.90135023414522,,,441
1771447500,1.17826,1.17828,1.1782,1.17828,34.905370181239775,34.27088675444907,,,371
1771447800,1.17828,1.17848,1.17828,1.17839,38.572825323130694,35.09109846572879,,,319
1771448100,1.17839,1.17845,1.17829,1.17836,37.9449308396767,35.885757903621354,,,336
1771448400,1.17836,1.17857,1.17826,1.17845,41.0454097407881,36.951971397479376,,,337
1771448700,1.17845,1.17871,1.17845,1.1787,48.711189319160255,37.80299032605012,,,204
1771449000,1.1787,1.17873,1.17848,1.17848,43.36717963442479,37.886687727089175,,,146
1771449300,1.17848,1.17862,1.17847,1.17857,45.97821036104268,38.37147191714605,,,221
1771449600,1.17857,1.17862,1.17854,1.17856,45.72595017891064,39.121217670809266,,,164
1771449900,1.17856,1.17871,1.17856,1.17866,48.753857021032886,40.12405175617386,,,289
1771450200,1.17866,1.17866,1.17855,1.17858,46.51799038531985,41.06714422267934,,,134
1771450500,1.17858,1.17858,1.17835,1.17842,42.336189401610405,41.87956725343743,,,138
1771450800,1.17842,1.17852,1.17841,1.17851,45.31418671304562,42.273999421537056,,,138
1771451100,1.17851,1.17854,1.17841,1.17846,43.95602478945506,42.6694181733243,,,202
1771451400,1.17846,1.17847,1.17825,1.17835,41.04162408418308,43.155066998072876,,,207
1771451700,1.17835,1.17843,1.17819,1.17826,38.77629317057538,43.43156149731113,,,353
1771452000,1.17826,1.17832,1.17807,1.17831,40.73346444439367,43.58589286311563,,,67
1771452300,1.17831,1.17834,1.17831,1.17832,41.1387428135901,43.81402228982373,,,18
1771452600,1.17832,1.17836,1.17832,1.17832,41.1387428135901,43.820688937881016,,,13
1771452900,1.17832,1.17837,1.17827,1.17837,43.38378291379899,43.44015990892664,,,44
1771453200,1.17837,1.1784,1.1783,1.17837,43.383782913798974,43.44134585745337,,,42
1771453500,1.17837,1.17837,1.17833,1.17834,42.26210967426016,43.175910094111764,,,24
1771453800,1.17834,1.17841,1.17832,1.17841,45.78439640266339,43.18008482437982,,,35
1771454100,1.17841,1.17841,1.17832,1.17835,43.34362599521308,42.793639751106966,,,30
1771454400,1.17835,1.17851,1.17832,1.17839,45.432151073966565,42.71607980029602,,,161
1771454700,1.17839,1.17847,1.17836,1.17843,47.51570603486694,43.08604527410006,,,53
1771455000,1.17843,1.17852,1.17833,1.17852,51.96033299834723,43.56077000876446,,,19
1771455300,1.17852,1.17853,1.17842,1.17842,47.179521072178616,43.79101974324471,,,33
1771455600,1.17842,1.17888,1.17842,1.17883,62.43889295941754,45.319396091475745,,,195
1771455900,1.17883,1.17888,1.17879,1.17883,62.43889295941754,47.00958179067875,,,111
1771456200,1.17883,1.17892,1.17874,1.1789,64.47124023733326,48.70513720446015,,,174
1771456500,1.1789,1.17894,1.17875,1.17876,57.74199993494502,49.891084141699785,,,165
1771456800,1.17876,1.17885,1.17876,1.17885,60.58978968234881,51.280444632325406,,,109
1771457100,1.17885,1.17892,1.1788,1.17886,60.905044606343516,52.531963324650015,,,115
1771457400,1.17886,1.17891,1.17883,1.1789,62.20732769978927,53.87650223793504,,,119
1771457700,1.1789,1.17891,1.17879,1.17885,59.53757803499457,55.110464263701786,,,75
1771458000,1.17885,1.17887,1.17877,1.17886,59.90817300628477,56.11930544967475,,,117
1771458300,1.17886,1.17886,1.17876,1.17877,55.02362855050856,56.95359134648156,,,142
1771458600,1.17877,1.17881,1.17875,1.17876,54.491994402813695,57.60072301282779,,,85
1771458900,1.17876,1.17884,1.17872,1.17883,57.581584119867166,58.31971430461351,,,98
1771459200,1.17883,1.17886,1.17875,1.17878,54.72369691052983,58.51709744119798,,,208
1771459500,1.17878,1.17886,1.17873,1.17877,54.14489010108878,59.01462380040585,,,206
1771459800,1.17877,1.1788,1.17872,1.17877,54.14489010108878,58.42219502481095,,,186
1771460100,1.17877,1.17878,1.17862,1.17863,46.209210051395445,57.26293195995222,,,191
1771460400,1.17863,1.17889,1.17863,1.17887,57.66435820423083,56.77672610044491,,,297
1771460700,1.17887,1.17894,1.17882,1.17893,59.96003712455182,56.93515732827397,,,266
1771461000,1.17893,1.17904,1.17887,1.17887,56.65175131634282,56.653868873559254,,,648
1771461300,1.17887,1.17887,1.1786,1.17865,46.5170796290641,55.62615708946787,,,398
1771461600,1.17865,1.17869,1.17852,1.17855,42.77154921640093,54.23788719779727,,,294
1771461900,1.17855,1.17876,1.17855,1.17871,49.744112984705836,53.538353979919506,,,294
1771462200,1.17871,1.17904,1.17871,1.17901,59.66679721065273,53.52111285166007,,,370
1771462500,1.17901,1.17917,1.17888,1.179,59.246872831161205,53.82277315742097,,,363
1771462800,1.179,1.17939,1.17895,1.17928,66.38133908697756,54.6720120634327,,,573
1771463100,1.17928,1.1794,1.17912,1.17934,67.68678424369978,55.393812072277896,,,367
1771463400,1.17934,1.17942,1.17922,1.1794,68.9838178888941,56.412392142161046,,,276
1771463700,1.1794,1.17949,1.17935,1.1794,68.9838178888941,57.47231555557572,,,268
1771464000,1.1794,1.17943,1.17911,1.17914,57.403934499857904,57.70510444120208,,,297
1771464300,1.17914,1.17925,1.17905,1.17912,56.61663076518624,58.44849163504428,,,259
1771464600,1.17912,1.1792,1.17904,1.17919,58.74911882979905,58.525974536870585,,,206
1771464900,1.17919,1.17925,1.17907,1.17919,58.74911882979905,58.43948037295967,,,366
1771465200,1.17919,1.17924,1.17909,1.17915,56.89569783365721,58.45690512419641,,,221
1771465500,1.17915,1.17938,1.17915,1.17929,61.47659097472667,59.5254416488866,,,263
1771465800,1.17929,1.1795,1.17927,1.17949,66.89004846687952,61.24819159534935,,,180
1771466100,1.17949,1.17951,1.17939,1.17945,64.92498511223499,62.332539604458574,,,275
1771466400,1.17945,1.17949,1.17927,1.17942,63.42015222782262,62.600636391399284,,,386
1771466700,1.17942,1.17944,1.17926,1.17934,59.46219781829208,62.61601674762293,,,245
1771467000,1.17934,1.17942,1.17934,1.17939,61.09637188078945,62.238519090038054,,,184
1771467300,1.17939,1.1794,1.17924,1.17939,61.096371880789455,61.76777534983018,,,191
1771467600,1.17939,1.1795,1.1792,1.1792,51.87944037494343,60.54603409883371,,,368
1771467900,1.1792,1.17941,1.17913,1.1793,55.66997121762366,59.595045050885815,,,267
1771468200,1.1793,1.17955,1.17927,1.17948,61.54229411206864,59.890642166043726,,,218
1771468500,1.17948,1.17948,1.17935,1.17944,59.6512416727658,60.1074000880137,,,147
1771468800,1.17944,1.17954,1.17943,1.17949,61.25394124057167,60.28631597449746,,,153
1771469100,1.17949,1.17949,1.17938,1.17939,56.42647193381261,60.120412624784144,,,152
1771469400,1.17939,1.1794,1.17904,1.17914,46.54947417570274,59.381396649215965,,,254
1771469700,1.17914,1.17919,1.17904,1.17908,44.53465499919828,58.17125836524965,,,226
1771470000,1.17908,1.17924,1.17907,1.17918,48.533028348001565,56.860042642472656,,,190
1771470300,1.17918,1.17928,1.17918,1.17924,50.82365246240848,55.85280459605648,,,97
1771470600,1.17924,1.17926,1.17907,1.17919,48.87162712949123,54.813624231889946,,,164
1771470900,1.17919,1.17928,1.17913,1.17924,50.902414237609264,54.20221111898403,,,157
1771471200,1.17924,1.17925,1.17892,1.17895,40.78414063800473,52.75133745878512,,,148
1771471500,1.17895,1.17897,1.17878,1.17889,39.054419241547734,51.17691227026786,,,270
1771471800,1.17889,1.17911,1.17876,1.179,43.76343101621209,50.597197316072766,,,505
1771472100,1.179,1.179,1.17884,1.17887,39.8451270564104,49.46685130455753,,,285
1771472400,1.17887,1.179,1.17884,1.17891,41.57837895968103,48.040857365101274,,,213
1771472700,1.17891,1.179,1.17888,1.17895,43.33661850453529,46.8755271387991,,,261
1771473000,1.17895,1.17895,1.17879,1.17893,42.64553160474831,45.546355021954575,,,246
1771473300,1.17893,1.17908,1.17892,1.17905,48.00336060924715,44.944704213057044,,,183
1771473600,1.17905,1.17915,1.17885,1.17889,42.325933634853456,44.64302274585352,,,263
1771473900,1.17889,1.1789,1.17867,1.17874,37.810975234788046,44.16275990553851,,,229
1771474200,1.17874,1.17877,1.17866,1.17873,37.523602764939604,43.37637236389122,,,152
1771474500,1.17873,1.17883,1.17872,1.1788,40.90916006225664,42.66819433530895,,,125
1771474800,1.1788,1.17883,1.17853,1.17864,36.09453699825202,41.75554504022043,,,252
1771475100,1.17864,1.1787,1.17857,1.17863,35.81086190664789,40.67757701658032,,,195
1771475400,1.17863,1.1789,1.17863,1.17888,47.020940658153734,41.12306273230525,,,173
1771475700,1.17888,1.17888,1.17862,1.17866,40.343790079254966,41.215160649284336,,,217
1771476000,1.17866,1.17877,1.17853,1.17854,37.23762138833481,40.74903139015025,,,191
1771476300,1.17854,1.17858,1.17846,1.17855,37.66830733453327,40.593544267159025,,,135
1771476600,1.17855,1.17879,1.17853,1.17876,46.042068611865176,40.91237924231503,,,159
1771476900,1.17876,1.17904,1.17876,1.17893,51.69901371226769,41.509693185724494,,,321
1771477200,1.17893,1.17893,1.17869,1.17877,46.73301897819831,41.80165656954235,,,259
1771477500,1.17877,1.17889,1.17873,1.17879,47.41300045929281,41.75948798740276,,,209
1771477800,1.17879,1.17879,1.17868,1.17872,45.23639498524064,41.96737808385899,,,173
1771478100,1.17872,1.17888,1.17864,1.17882,48.84901995776557,42.755809849785955,,,162
1771478400,1.17882,1.17883,1.17878,1.17882,48.84901995776558,43.5647682207021,,,135
1771478700,1.17882,1.17905,1.17882,1.17899,54.73611401538247,44.55240778878251,,,194
1771479000,1.17899,1.1791,1.17896,1.17908,57.523360868044044,46.08303806519623,,,194
1771479300,1.17908,1.17915,1.17902,1.17913,59.032654033092754,47.74173750279943,,,267
1771479600,1.17913,1.17925,1.17909,1.17925,62.47852699913577,48.84585081286958,,,106
1771479900,1.17925,1.1792799999999999,1.1791,1.17915,58.09331090232857,50.11367372880341,,,215
1771480200,1.17915,1.17916,1.17907,1.17907,54.78075726321121,51.366754862723155,,,161
1771480500,1.17907,1.17921,1.17901,1.17914,57.086563558156065,52.7537731644105,,,241
1771480800,1.17914,1.17921,1.179,1.17901,51.80346910808593,53.1653017712834,,,207
1771481100,1.17901,1.17925,1.17898,1.17914,56.17159204969407,53.484771652528146,,,203
1771481400,1.17914,1.17931,1.17913,1.17929,60.60789184736572,54.47583400032581,,,192
1771481700,1.17929,1.17964,1.17929,1.17953,66.45794170501642,55.83618694644893,,,279
1771482000,1.17953,1.17978,1.17948,1.17976,70.91564410980101,57.670419026774674,,,250
1771482300,1.17976,1.17988,1.17972,1.17984,72.29484878772752,59.34512108605767,,,250
1771482600,1.17984,1.17986,1.17968,1.17969,65.97728458590325,60.56856855949608,,,299
1771482900,1.17969,1.17983,1.17966,1.17979,67.98581401035798,61.514975701994324,,,258
1771483200,1.17979,1.17991,1.17964,1.17981,68.38777048754103,62.291004960529825,,,318
1771483500,1.17981,1.17984,1.17971,1.17978,67.02829714415557,62.86212232560574,,,225
1771483800,1.17978,1.18007,1.17977,1.17998,71.14630451133317,63.4812492907627,,,321
1771484100,1.17998,1.18,1.17981,1.17981,63.846873831642036,63.892218071427955,,,321
1771484400,1.17981,1.17981,1.17943,1.17952,53.72135354535863,63.816546377295616,,,475
1771484700,1.17952,1.17962,1.17938,1.17959,55.55366133198602,63.707053361140616,,,472
1771485000,1.17959,1.17963,1.17927,1.17945,51.18845775057435,63.663123978461215,,,318
1771485300,1.17945,1.17947,1.17932,1.1794,49.68683848386888,63.19992729518799,,,349
1771485600,1.1794,1.17953,1.17926,1.17937,48.76254459587394,62.353831062938575,,,319
1771485900,1.17937,1.17953,1.17932,1.17948,52.26867692956315,61.3403121504062,,,280
1771486200,1.17948,1.17984,1.17948,1.17984,61.543489187854306,60.67087251312429,,,332
1771486500,1.17984,1.18004,1.17979,1.17998,64.43752469365091,60.109635077833104,,,429
1771486800,1.17998,1.18019,1.17979,1.18006,66.01155090412871,60.11208267199207,,,482
1771487100,1.18006,1.18012,1.17983,1.18003,64.8523423022609,59.88826326427085,,,303
1771487400,1.18003,1.18025,1.18,1.18015,67.32414231081574,59.812289823076185,,,335
1771487700,1.18015,1.18035,1.18003,1.18005,63.32734902807786,59.547936386213486,,,648
1771488000,1.18005,1.18029,1.17981,1.18024,67.29956351874523,59.2731691724572,,,677
1771488300,1.18024,1.18029,1.18002,1.18002,59.29135252811685,58.94777479363398,,,370
1771488600,1.18002,1.18003,1.17973,1.17982,53.10479578485028,58.90373495359767,,,510
1771488900,1.17982,1.18038,1.17982,1.18037,64.17510879538852,59.519552629554994,,,359
1771489200,1.18037,1.18042,1.18,1.18002,55.23866582844656,59.808853206545855,,,495
1771489500,1.18002,1.18013,1.17972,1.1798,50.48028504652271,59.86552796102114,,,442
1771489800,1.1798,1.18023,1.1798,1.18023,58.081043533753096,60.53113502801251,,,409
1771490100,1.18023,1.18038,1.18007,1.18012,55.72471643878577,60.77799499295698,,,448
1771490400,1.18012,1.18038,1.18005,1.18037,59.72397744564638,60.648029868513554,,,397
1771490700,1.18037,1.1805,1.18019,1.18022,56.43040300978492,60.07609260538027,,,356
1771491000,1.18022,1.18033,1.17992,1.18005,52.87175654410186,59.13753586537836,,,603
1771491300,1.18005,1.18012,1.17977,1.18012,54.1538174993317,58.37335552231199,,,441
1771491600,1.18012,1.18044,1.18008,1.1803,57.36560410760786,57.66203136493999,,,419
1771491900,1.1803,1.18074,1.18028,1.18063,62.546051116776276,57.60622437127559,,,417
1771492200,1.18063,1.18073,1.18053,1.1807,63.55759093793535,57.33894061550346,,,347
1771492500,1.1807,1.1807,1.18003,1.18005,50.04236777489531,56.6782988474162,,,464
1771492800,1.18005,1.18025,1.18003,1.1802,52.54994929319018,56.63866695515477,,,472
1771493100,1.1802,1.18023,1.18002,1.18012,51.07741461391506,55.7031173707638,,,437
1771493400,1.18012,1.1804,1.18007,1.18032,54.50935706839347,55.651023887902866,,,332
1771493700,1.18032,1.18032,1.17997,1.18002,48.961087021483316,55.5425097432572,,,438
1771494000,1.18002,1.18012,1.17986,1.18012,50.76023118891342,55.01959457576864,,,497
1771494300,1.18012,1.18022,1.18005,1.18012,50.76023118891342,54.66498848649206,,,513
1771494600,1.18012,1.18041,1.18003,1.18031,54.309306890042656,54.278226303948934,,,474
1771494900,1.18031,1.18031,1.17997,1.17999,48.03024043968107,53.67821469179866,,,485
1771495200,1.17999,1.18022,1.17988,1.18,48.23166837116527,53.34677982230318,,,990
1771495500,1.18,1.1803,1.17993,1.18,48.23166837116527,52.923769170291294,,,994
1771495800,1.18,1.18006,1.17962,1.17964,41.51377534984107,51.79149568759367,,,502
1771496100,1.17964,1.17971,1.17916,1.17916,34.59488948526429,49.79498414248567,,,521
1771496400,1.17916,1.17935,1.17916,1.17927,37.17885043500001,47.910788392276004,,,405
1771496700,1.17927,1.17929,1.179,1.179,33.66334852600582,46.74085844592675,,,376
1771497000,1.179,1.17912,1.17895,1.17909,35.84111650147997,45.54737038937601,,,573
1771497300,1.17909,1.17949,1.17908,1.17928,40.297154322886854,44.77735179715972,,,443
1771497600,1.17928,1.17939,1.1792,1.17921,39.21649218056303,43.68500430517183,,,282
1771497900,1.17921,1.17931,1.17899,1.179,36.089661889762255,42.76561679576319,,,350
1771498200,1.179,1.17913,1.17898,1.17907,37.86799997050988,41.844743137305784,,,292
1771498500,1.17907,1.17907,1.17872,1.1789,35.29912637340365,40.740378507626524,,,321
1771498800,1.1789,1.17901,1.17871,1.17881,33.984712195977934,39.28862174376475,,,352
1771499100,1.17881,1.17896,1.17876,1.17895,37.860888535683,38.56223946490775,,,314
1771499400,1.17895,1.17903,1.17886,1.17886,36.381969601697435,37.715832409945754,,,388
1771499700,1.17886,1.17892,1.17827,1.17829,28.728149518036645,36.32272392043658,,,682
1771500000,1.17829,1.17847,1.17825,1.17847,33.48678374534397,35.74936737725822,,,488
1771500300,1.17847,1.17847,1.1781,1.17815,29.691388932756993,35.399117337793406,,,451
1771500600,1.17815,1.1782,1.17797,1.17808,28.9192364202231,34.80914490816649,,,481
1771500900,1.17808,1.17808,1.1777,1.17771,25.190230417201462,34.20392218610903,,,553
1771501200,1.17771,1.17787,1.17765,1.17777,26.837738640576106,33.56082376747303,,,463
1771501500,1.17777,1.17792,1.17772,1.17787,29.619716804926682,32.798149659047304,,,509
1771501800,1.17787,1.1781,1.17784,1.17792,31.03183151498385,32.21353104007736,,,530
1771502100,1.17792,1.17807,1.1779,1.17805,34.70032712805302,32.11429284281242,,,409
1771502400,1.17805,1.17805,1.17766,1.17786,32.01961403415977,31.69655099021598,,,604
1771502700,1.17786,1.17807,1.17774,1.17787,32.31598384945758,31.48346938136269,,,455
1771503000,1.17787,1.17788,1.17754,1.17761,28.800331941521478,31.113156506044373,,,416
1771503300,1.17761,1.17768,1.17718,1.17742,26.52903038165971,30.303738066471283,,,515
1771503600,1.17742,1.17762,1.17721,1.17752,29.672668368000558,29.824502264064364,,,763
1771503900,1.17752,1.17757,1.17732,1.17746,28.874370060506024,29.834946588526464,,,472
1771504200,1.17746,1.17797,1.17737,1.17791,41.57086897537992,30.412381247814743,,,610
1771504500,1.17791,1.17791,1.17711,1.17719,31.792142190426475,30.562435051933992,,,838
1771504800,1.17719,1.17742,1.17718,1.1774,36.485036202878305,31.10284932212365,,,577
1771505100,1.1774,1.1774,1.17697,1.17697,31.678763564622187,31.566315975510843,,,496
1771505400,1.17697,1.17697,1.17676,1.17677,29.717855166713292,31.772038584520647,,,564
1771505700,1.17677,1.17699,1.17669,1.17693,33.27617272572799,32.03321400743502,,,665
1771506000,1.17693,1.17699,1.17612,1.17613,26.147811099102356,31.68435540630063,,,878
1771506300,1.17613,1.17617,1.17525,1.17531,21.147249404648946,30.716278426057478,,,1420
1771506600,1.17531,1.17591,1.1752,1.17589,31.173488020588522,30.655840853659534,,,1052
1771506900,1.17589,1.1759,1.17553,1.17575,30.176089157912543,30.502991232834887,,,854
1771507200,1.17575,1.17606,1.17565,1.17605,34.97704874179749,30.944185289997456,,,796
1771507500,1.17605,1.17645,1.17592,1.17592,33.889628363989914,31.469942288735332,,,695
1771507800,1.17592,1.17623,1.1753,1.17605,36.03136503005976,31.924134907453844,,,1470
1771508100,1.17605,1.17623,1.17584,1.17617,38.0271801478442,32.57790705654943,,,1081
1771508400,1.17617,1.17627,1.17552,1.17566,33.27545951272357,31.98537780921683,,,880
1771508700,1.17566,1.17578,1.17512,1.17573,34.48551874996697,32.17776184918401,,,846
1771509000,1.17573,1.1762,1.17572,1.17613,41.06294660948189,32.50475544965569,,,841
1771509300,1.17613,1.17656,1.17599,1.17654,46.942862956692835,33.59504826337503,,,848
1771509600,1.17654,1.17662,1.17547,1.17547,36.66285198501755,34.09111946468247,,,1248
1771509900,1.17547,1.17568,1.17535,1.17544,36.42202218762355,34.31582299767501,,,1172
1771510200,1.17544,1.17571,1.17475,1.17487,32.106658806016725,34.74145497674032,,,1304
1771510500,1.17487,1.17524,1.17473,1.17491,32.70918911523685,35.56730781321089,,,1129
1771510800,1.17491,1.17492,1.17424,1.1743,28.548297048322425,35.37979417233474,,,962
1771511100,1.1743,1.1749,1.17418,1.17485,36.40366123728225,35.824620749432576,,,1022
1771511400,1.17485,1.17515,1.17452,1.17488,36.81173009620918,35.95566941760484,,,1641
1771511700,1.17488,1.17512,1.17446,1.17486,36.642925253910285,36.15233348117058,,,1675
1771512000,1.17486,1.17532,1.1746,1.17517,41.14775215927305,36.51778970468582,,,1886
1771512300,1.17517,1.17533,1.17448,1.17482,37.873518433539225,36.506813867949745,,,1870
1771512600,1.17482,1.17504,1.17459,1.17484,38.17625543357422,36.85687071943908,,,1063
1771512900,1.17484,1.17524,1.17463,1.17515,42.8267387582825,37.45267214860447,,,986
1771513200,1.17515,1.17672,1.1748,1.17612,54.388242326238576,38.40447898551567,,,2532
1771513500,1.17612,1.17726,1.17588,1.1769,61.18535570527538,39.4217998961287,,,2113
1771513800,1.1769,1.1769,1.17606,1.1762,53.48256567355741,40.623208016738694,,,1611
1771514100,1.1762,1.17716,1.17617,1.17691,59.106040156066584,42.24349501448462,,,1988
1771514400,1.17691,1.17709,1.1764,1.17641,54.14216413694507,43.81745968097952,,,1499
1771514700,1.17641,1.17674,1.17629,1.17649,54.79629963069649,45.39511043208377,,,1276
1771515000,1.17649,1.17679,1.17631,1.17678,57.180737634689024,47.44028475968139,,,1484
1771515300,1.17678,1.1768,1.17646,1.17663,55.54857688676167,48.8077787346442,,,1252
1771515600,1.17663,1.17671,1.17638,1.17642,53.25665516086152,49.98241623926223,,,1061
1771515900,1.17642,1.17754,1.17642,1.17722,60.02351025927422,51.65245802535965,,,1795
1771516200,1.17722,1.17725,1.17642,1.17644,52.10353889292948,52.43501422062082,,,1540
1771516500,1.17644,1.17674,1.17607,1.17631,50.89812162211573,53.36534301980486,,,1326
1771516800,1.17631,1.17689,1.17623,1.17662,53.65175733102903,54.4707360124802,,,1359
1771517100,1.17662,1.17666,1.1758,1.17625,50.0444045326232,54.98628356779026,,,1427
1771517400,1.17625,1.17651,1.17611,1.17638,51.28378463661165,54.764536589959754,,,993
1771517700,1.17638,1.17675,1.17627,1.17636,51.07384701249756,54.04228596904706,,,1122
1771518000,1.17636,1.17669,1.17627,1.17665,54.01348209603408,54.08020857065253,,,781
1771518300,1.17665,1.17682,1.17622,1.1764,51.159785719204365,53.51261896801952,,,813
1771518600,1.1764,1.17692,1.17638,1.17678,55.04744536656944,53.57728191299269,,,925
1771518900,1.17678,1.17706,1.1766,1.17671,54.19170383765631,53.534096499204104,,,790
1771519200,1.17671,1.17695,1.1767,1.17672,54.30099846016111,53.32840084388068,,,750
1771519500,1.17672,1.17674,1.17642,1.17657,52.28581549035019,53.09534645842272,,,773
1771519800,1.17657,1.17664,1.17599,1.17626,48.296677645552656,52.74106235018637,,,884
1771520100,1.17626,1.17628,1.17591,1.17612,46.568691646172184,51.78000387782193,,,758
1771520400,1.17612,1.17617,1.1756,1.17566,41.33556419384724,51.010862827887486,,,909
1771520700,1.17566,1.17618,1.17566,1.17603,46.53946655263215,50.69953032292438,,,862
1771521000,1.17603,1.17613,1.17582,1.17598,45.9463254919145,50.1491423344162,,,591
1771521300,1.17598,1.17618,1.17593,1.17618,48.7594874044955,50.057362539549935,,,691
1771521600,1.17618,1.17658,1.17617,1.17642,51.98857643556105,50.10770481090346,,,493
1771521900,1.17642,1.17659,1.17628,1.17652,53.30888145247987,50.26735012804506,,,646
1771522200,1.17652,1.17657,1.17612,1.17639,51.33259039029391,50.07585786334933,,,666
1771522500,1.17639,1.17665,1.17637,1.17663,54.673438160669605,50.32683303773971,,,546
1771522800,1.17663,1.17668,1.17652,1.17664,54.812628462842156,50.31006040175919,,,404
1771523100,1.17664,1.17674,1.1766,1.1767,55.691805203756786,50.41721049933779,,,411
1771523400,1.1767,1.17675,1.17646,1.17654,52.74472755209001,50.30604829161843,,,416
1771523700,1.17654,1.17679,1.17652,1.17658,53.40851875661181,50.38624138206569,,,462
1771524000,1.17658,1.17665,1.17647,1.17657,53.207295996056864,50.73699983567313,,,500
1771524300,1.17657,1.17679,1.17657,1.17676,56.55641450299685,51.450408611160604,,,541
1771524600,1.17676,1.17707,1.17675,1.17703,60.845181341338076,52.84395269312423,,,465
1771524900,1.17703,1.17713,1.17687,1.17699,59.9017138648082,53.798398929708235,,,249
1771525200,1.17699,1.17708,1.17681,1.17707,61.19762069709972,54.887777158650046,,,340
1771525500,1.17707,1.17717,1.17698,1.17698,58.89172606609903,55.61150849162173,,,350
1771525800,1.17698,1.17717,1.17691,1.17709,60.83416412739234,56.24333618389539,,,352
1771526100,1.17709,1.17718,1.17696,1.17707,60.276480597992304,56.74102183714627,,,245
1771526400,1.17707,1.17737,1.17707,1.17726,63.682624687652165,57.623167144100435,,,337
1771526700,1.17726,1.17739,1.17719,1.17738,65.68398147794484,58.40963452390581,,,342
1771527000,1.17738,1.17741,1.17727,1.17732,63.79109398051164,59.050953489453626,,,327
1771527300,1.17732,1.17733,1.17676,1.17682,50.68320294289267,58.69319618510618,,,664
1771527600,1.17682,1.17712,1.17678,1.17696,53.560614299893835,58.751473809949324,,,674
1771527900,1.17696,1.17708,1.17684,1.17707,55.74542875608064,58.91839595276853,,,340
1771528200,1.17707,1.17717,1.17684,1.17687,51.04335635457524,58.763828835519824,,,364
1771528500,1.17687,1.17712,1.17656,1.17697,53.17030061863435,58.521963558065366,,,520
1771528800,1.17697,1.17702,1.17672,1.17678,48.82954408839418,57.66370375428365,,,289
1771529100,1.17678,1.17683,1.17663,1.17683,49.98667664364279,56.9554868099147,,,296
1771529400,1.17683,1.17693,1.17674,1.17681,49.50444830822751,56.120260210709546,,,311
1771529700,1.17681,1.17683,1.17598,1.17601,34.971413282821544,54.411666440475436,,,571
1771530000,1.17601,1.17644,1.17592,1.1764,43.65547880081216,53.18461748857685,,,885
1771530300,1.1764,1.17641,1.17621,1.17632,42.40452564066376,51.908049277339096,,,515
1771530600,1.17632,1.17659,1.17631,1.17636,43.2797018146195,50.450697643551045,,,435
1771530900,1.17636,1.17648,1.17621,1.17637,43.510800374831675,48.866898993328675,,,560
1771531200,1.17637,1.17679,1.17632,1.17666,49.887389609827466,47.87377725256552,,,478
1771531500,1.17666,1.17679,1.17665,1.17678,52.28745742045209,47.988366858105486,,,354
1771531800,1.17678,1.17681,1.1766,1.17662,48.92301485620448,47.65710975498481,,,298
1771532100,1.17662,1.17663,1.17643,1.17656,47.68392294096239,47.081287911047795,,,324
1771532400,1.17656,1.17673,1.17638,1.17659,48.38780089444423,46.89160537818129,,,304
1771532700,1.17659,1.17663,1.17649,1.17662,49.124943945690504,46.60265133011388,,,276
1771533000,1.17662,1.17664,1.17651,1.17652,46.729143394211015,46.4526227091008,,,376
1771533300,1.17652,1.17658,1.17635,1.17656,47.82525209899269,46.29823524162579,,,336
1771533600,1.17656,1.17665,1.17647,1.1766,48.956324916253095,46.25908357077047,,,194
1771533900,1.1766,1.17679,1.17657,1.17677,53.56377584295677,47.587109467922986,,,178
1771534200,1.17677,1.17685,1.17667,1.17685,55.59508298076899,48.439938337919905,,,211
1771534500,1.17685,1.17687,1.17668,1.17687,56.111962764601074,49.419040989629714,,,325
1771534800,1.17687,1.17699,1.17678,1.17697,58.70051990306882,50.520527995947525,,,279
1771535100,1.17697,1.17704,1.17691,1.17693,57.24605960740087,51.50161794113104,,,171
1771535400,1.17693,1.17708,1.17692,1.17708,61.135026528891125,52.305020578207014,,,144
1771535700,1.17708,1.1772799999999999,1.17707,1.17725,65.01864916355011,53.214391416999725,,,207
1771536000,1.17725,1.17741,1.17716,1.17738,67.67845465999079,54.554065688698756,,,422
1771536300,1.17738,1.17739,1.17714,1.17726,62.92245780953888,55.642532465025646,,,261
1771536600,1.17726,1.17775,1.17726,1.17763,69.93738334177242,57.18178835412052,,,498
1771536900,1.17763,1.17771,1.17761,1.17763,69.93738334177242,58.66839116812638,,,219
1771537200,1.17763,1.1777199999999999,1.1775,1.17767,70.63398542880878,60.37587988488336,,,208
1771537500,1.17767,1.17781,1.17767,1.17774,71.86273290144771,62.09284279934443,,,144
1771537800,1.17774,1.17781,1.17752,1.17753,63.30495050441397,63.1177446270702,,,276
1771538100,1.17753,1.17755,1.17703,1.17731,55.807126517709584,63.277983960981125,,,991
1771538400,1.17731,1.17731,1.17668,1.17675,42.1289493313178,62.316117271734605,,,27
1771538700,1.17675,1.17676,1.17675,1.17676,42.400439675741424,61.33672276538749,,,11
1771539000,1.17676,1.17677,1.17674,1.17677,42.6899794747913,60.19311273479624,,,8
1771539300,1.17677,1.17698,1.17677,1.17698,48.54006616653058,59.57125606044836,,,70
1771539600,1.17698,1.17709,1.17695,1.17708,51.09987254901608,58.85445934760014,,,83
1771539900,1.17708,1.1771,1.17696,1.17707,50.82758857326649,57.84081216257988,,,156
1771540200,1.17707,1.17719,1.17705,1.17715,52.98585701527851,56.791340902243284,,,108
1771540500,1.17715,1.17724,1.17709,1.17722,54.853115642738544,56.214959318900405,,,56
1771540800,1.17722,1.17732,1.17721,1.17725,55.66580151543895,55.195560617019446,,,64
1771541100,1.17725,1.17731,1.17719,1.17721,54.263233234587666,54.07597846650624,,,58
1771541400,1.17721,1.17722,1.17708,1.17713,51.470017124900494,52.70712358765565,,,112
1771541700,1.17713,1.17714,1.1771,1.1771099999999999,50.76645827746273,51.200246828799585,,,45
1771542000,1.1771099999999999,1.17755,1.17706,1.17752,62.17971240671353,51.11987267896384,,,243
1771542300,1.17752,1.17752,1.17733,1.17742,58.61086974856123,51.3201400525961,,,179
1771542600,1.17742,1.17757,1.17738,1.17742,58.61086974856123,52.497420082399195,,,164
1771542900,1.17742,1.17748,1.17741,1.17744,59.15464659629429,53.694149148152974,,,84
1771543200,1.17744,1.1774499999999999,1.17734,1.17735,55.61374581818446,54.6172753155382,,,81
1771543500,1.17735,1.17738,1.17724,1.17725,51.8966289531096,54.857029800293844,,,66
1771543800,1.17725,1.17726,1.17706,1.17706,45.65306844590469,54.467972364357315,,,96
1771544100,1.17706,1.1771099999999999,1.17701,1.17705,45.34386608242429,54.07627790072572,,,145
1771544400,1.17705,1.17709,1.17695,1.17696,42.5506398014729,53.33090524259676,,,183
1771544700,1.17696,1.17702,1.1769,1.17698,43.385260700019934,52.51177274668828,,,123
1771545000,1.17698,1.177,1.1768,1.17691,41.132859802680215,51.47370548149123,,,100
1771545300,1.17691,1.17691,1.17682,1.17682,38.37435513336107,50.33878561711789,,,112
1771545600,1.17682,1.17712,1.17665,1.17702,46.89702794361748,50.01214353274054,,,391
1771545900,1.17702,1.17702,1.17677,1.17683,41.08408281164011,49.32054528518177,,,242
1771546200,1.17683,1.1768399999999999,1.17671,1.17673,38.38716318148611,47.621077483379814,,,212
1771546500,1.17673,1.1768,1.17668,1.17674,38.81966797126297,46.207420213572796,,,184
1771546800,1.17674,1.17683,1.1766699999999999,1.17683,42.71704417019114,45.07214695797494,,,183
1771547100,1.17683,1.17694,1.17678,1.17681,42.07559400037768,43.85221462969518,,,136
1771547400,1.17681,1.17696,1.1767,1.1767,38.638950919967705,42.63972927982256,,,201
1771547700,1.1767,1.17682,1.17668,1.17668,38.030730722303794,41.649307977622136,,,184
1771548000,1.17668,1.1768399999999999,1.1766699999999999,1.1768399999999999,45.43112985675345,41.6334552212542,,,124
1771548300,1.1768399999999999,1.17695,1.17678,1.17682,44.71234175251687,41.58834634054652,,,261
1771548600,1.17682,1.1772,1.17676,1.17691,48.64955343633222,42.02398302875076,,,707
1771548900,1.17691,1.17718,1.17685,1.17705,54.12260488170329,42.790936184585284,,,539
1771549200,1.17705,1.17716,1.17685,1.17713,56.94645021140818,43.920478356637275,,,529
1771549500,1.17713,1.17713,1.17678,1.1768,44.71884587648911,44.37365626686071,,,351
1771549800,1.1768,1.17689,1.17657,1.17664,40.210614883891694,43.89605533402315,,,421
1771550100,1.17664,1.17687,1.1764999999999999,1.17662,39.67222507654591,43.795208352945,,,553
1771550400,1.17662,1.17665,1.17641,1.17643,34.89256220476038,43.545593997464586,,,306
1771550700,1.17643,1.17647,1.17608,1.17628,31.650552279967087,43.03351430522916,,,506
1771551000,1.17628,1.17632,1.1759,1.17607,27.761552276502158,41.965264884251376,,,451
1771551300,1.17607,1.17608,1.1759,1.17599,26.429267243533744,40.84767011590538,,,352
1771551600,1.17599,1.17609,1.17559,1.17577,23.140431171406775,39.74063299100817,,,414
1771551900,1.17577,1.17578,1.1755,1.17566,21.687260925147,38.57324229121126,,,579
1771552200,1.17566,1.1758899999999999,1.17557,1.17587,30.641999429914634,37.51687583215134,,,525
1771552500,1.17587,1.17597,1.17581,1.17588,31.046336192698377,36.540732577878586,,,330
1771552800,1.17588,1.17597,1.17564,1.17577,29.040790905720712,35.14010668283491,,,471
1771553100,1.17577,1.1759,1.17557,1.17563,26.67864900018357,33.17982411986922,,,380
1771553400,1.17563,1.17582,1.17556,1.17581,34.10044755329693,31.547966787146983,,,274
1771553700,1.17581,1.17581,1.17554,1.17573,32.524673951748355,30.67695450680836,,,393
1771554000,1.17573,1.17583,1.17554,1.1757,31.928829781817228,30.08539842808876,,,300
1771554300,1.1757,1.17571,1.17554,1.17563,30.52369397140707,29.43193192057884,,,220
1771554600,1.17563,1.17573,1.17554,1.17558,29.524222465461847,29.04847908205752,,,246
1771554900,1.17558,1.17565,1.17554,1.17558,29.524222465461847,28.89659838102143,,,234
1771555200,1.17558,1.1756199999999999,1.17551,1.17552,28.237428307144597,28.930589526067326,,,207
1771555500,1.17552,1.17553,1.17531,1.17547,27.174519695623772,28.983821844073752,,,272
1771555800,1.17547,1.17555,1.17546,1.17553,30.552768643983526,29.513274520686377,,,224
1771556100,1.17553,1.17558,1.17544,1.17544,28.422900902117817,29.994391661898582,,,226
1771556400,1.17544,1.17578,1.17544,1.17573,42.36500952636997,30.831749525931105,,,394
1771556700,1.17573,1.1758,1.17569,1.17576,43.589132607393815,31.7276635555522,,,239
1771557000,1.17576,1.17583,1.17569,1.17578,44.43640416747735,32.82735021710625,,,171
1771557300,1.17578,1.17588,1.17572,1.17579,44.88216987043298,34.12760170783835,,,184
1771557600,1.17579,1.17583,1.17565,1.17569,41.31284487696605,34.64277294524329,,,121
1771557900,1.17569,1.1757,1.17548,1.17551,35.79475433131287,34.87635011521218,,,147
1771558200,1.17551,1.17559,1.17549,1.17553,36.804774765231734,35.224631899741794,,,112
1771558500,1.17553,1.17565,1.17552,1.17561,40.81540828141592,35.95975435045671,,,141
1771558800,1.17561,1.17572,1.17557,1.1756199999999999,41.316754259838014,36.80207805005501,,,171
1771559100,1.1756199999999999,1.17582,1.1756199999999999,1.17575,47.53831250604156,38.088798767239275,,,157
1771559400,1.17575,1.17585,1.17573,1.1758,49.745169506717886,39.625065995780226,,,137
1771559700,1.1758,1.17585,1.17566,1.17567,44.50334342195605,40.86283911908968,,,140
1771560000,1.17567,1.17586,1.17567,1.17585,52.0391898481773,42.3975834908178,,,220
1771560300,1.17585,1.17593,1.17582,1.17586,52.42569020063448,44.112068440711845,,,159
1771560600,1.17586,1.17592,1.17578,1.17588,53.23735576957603,44.88866460094085,,,201
1771560900,1.17588,1.17597,1.17583,1.17588,53.23735576957603,45.57782339823958,,,152
1771561200,1.17588,1.17588,1.1758,1.17582,50.254253939290976,45.99338409622627,,,128
1771561500,1.17582,1.17593,1.17576,1.17576,47.3942791326293,46.172820472097435,,,140
1771561800,1.17576,1.17578,1.17543,1.17543,35.446028320883016,45.753762146662936,,,190
1771562100,1.17543,1.17546,1.17535,1.17538,34.04554033505359,45.62881828978727,,,158
1771562400,1.17538,1.17546,1.17536,1.17546,38.24948560251468,45.732011921021765,,,136
1771562700,1.17546,1.17548,1.17536,1.17536,35.22687820641016,45.3328312013785,,,128
1771563000,1.17536,1.17542,1.1752799999999999,1.17542,38.37360362634413,45.12260615612893,,,143
1771563300,1.17542,1.17542,1.17524,1.17531,35.015102206484286,44.22809113473198,,,181
1771563600,1.17531,1.17544,1.1753,1.17537,38.19267944714585,43.40291327333398,,,211
1771563900,1.17537,1.17538,1.17502,1.17511,31.096800947036684,42.44530309655403,,,210
1771564200,1.17511,1.17529,1.1751,1.1752,35.559895845883304,41.26821066781874,,,169
1771564500,1.1752,1.17527,1.17517,1.17524,37.49763515885834,40.20192102197759,,,150
1771564800,1.17524,1.17553,1.17524,1.17549,48.0185238450625,39.829147313083766,,,178
1771565100,1.17549,1.17558,1.17535,1.17541,45.38576948455866,39.268319721296805,,,149
1771565400,1.17541,1.1755,1.17514,1.17527,41.13528195690244,38.61696457969763,,,218
1771565700,1.17527,1.17529,1.17512,1.17517,38.371020961689716,37.97244613891623,,,242
1771566000,1.17517,1.17534,1.17516,1.17525,41.74375228404597,38.42228356485645,,,211
1771566300,1.17525,1.17526,1.175,1.17512,38.09531879325891,38.711553454728254,,,348
1771566600,1.17512,1.17558,1.17506,1.17552,51.99743007140002,39.693549488220064,,,380
1771566900,1.17552,1.17568,1.17542,1.17552,51.99743007140002,40.89144605000505,,,329
1771567200,1.17552,1.17558,1.17526,1.1752799999999999,44.969940649718474,41.36261298024608,,,288
1771567500,1.1752799999999999,1.17558,1.17525,1.17549,51.18651170001078,42.517713658355106,,,327
1771567800,1.17549,1.17561,1.17526,1.17526,45.16817246202281,43.01596315941775,,,315
1771568100,1.17526,1.17546,1.17526,1.17533,47.20280897940306,44.166392304586786,,,182
1771568400,1.17533,1.1754499999999999,1.17531,1.17541,49.50874325477909,45.16273854807934,,,203
1771568700,1.17541,1.17552,1.17536,1.17542,49.80386491351024,46.0417549591259,,,239
1771569000,1.17542,1.17548,1.17533,1.17541,49.49232945740153,46.147026788578685,,,211
1771569300,1.17541,1.17558,1.17526,1.17532,46.66324099859406,46.238274753866925,,,313
1771569600,1.17532,1.17541,1.17529,1.17537,48.42701555796782,46.75911286822874,,,251
1771569900,1.17537,1.17546,1.17529,1.17529,45.816404790668145,47.290925998870065,,,180
1771570200,1.17529,1.17564,1.17513,1.1756,55.76715236079577,48.29259743292362,,,219
1771570500,1.1756,1.17566,1.1755,1.1755,52.42266198190973,49.31597908925581,,,238
1771570800,1.1755,1.17577,1.17546,1.17574,58.807699511497496,49.802426906405636,,,857
1771571100,1.17574,1.17605,1.17561,1.17599,64.19768800573934,50.67387390171559,,,676
1771571400,1.17599,1.17616,1.17583,1.17614,66.98875125344348,52.24664608769594,,,524
1771571700,1.17614,1.1762299999999999,1.17601,1.17603,63.1036765197382,53.0978721462479,,,462
1771572000,1.17603,1.1760599999999999,1.17587,1.1760599999999999,63.72163382153137,54.423119386212804,,,277
1771572300,1.1760599999999999,1.17608,1.17582,1.17583,55.98051820196248,55.05009861639561,,,273
1771572600,1.17583,1.17601,1.17575,1.17601,60.068949801807,55.80439908404047,,,416
1771572900,1.17601,1.17623,1.17592,1.17609,61.76850493510502,56.6590162284401,,,561
1771573200,1.17609,1.17609,1.17536,1.17574,51.450873337160104,56.798912219851424,,,687
1771573500,1.17574,1.17578,1.17547,1.17561,48.22849431176567,56.91071602793511,,,481
1771573800,1.17561,1.17574,1.17527,1.17531,41.73282068016835,56.43255925094943,,,656
1771574100,1.17531,1.17531,1.17496,1.17512,38.2216869323553,55.89007940392708,,,922
1771574400,1.17512,1.17537,1.17495,1.17504,36.81712599157011,54.53650609183954,,,1248
1771574700,1.17504,1.1751,1.17447,1.17448,28.830467071493473,52.8513493125241,,,896
1771575000,1.17448,1.17478,1.17433,1.17475,36.035182618481834,51.224740963022974,,,838
1771575300,1.17475,1.17526,1.17465,1.17524,46.6003855638356,49.967790788601285,,,672
1771575600,1.17524,1.1755,1.1752,1.17547,50.71533871357652,48.80540417861078,,,348
1771575900,1.17547,1.17576,1.17537,1.17544,50.17225287508921,47.88173106113585,,,477
1771576200,1.17544,1.17633,1.17544,1.17589,57.520510576601374,47.438793686497995,,,782
1771576500,1.17589,1.17621,1.17573,1.17605,59.7910448747026,47.71097416312229,,,725
1771576800,1.17605,1.17622,1.17566,1.17575,53.96653642282088,47.275087493194704,,,647
1771577100,1.17575,1.17616,1.17572,1.17582,55.06644202535617,46.79636871392693,,,550
1771577400,1.17582,1.17634,1.17575,1.17618,60.31774685364688,47.429716822247414,,,602
1771577700,1.17618,1.17618,1.17587,1.17608,58.28023611895403,48.14769837990373,,,380
1771578000,1.17608,1.17623,1.17582,1.17598,56.23453316267286,49.18353498579692,,,537
1771578300,1.17598,1.17623,1.17598,1.17609,57.981710576596626,50.59496524609987,,,465
1771578600,1.17609,1.17657,1.17609,1.17648,63.53930654800541,52.50369242870239,,,675
1771578900,1.17648,1.17656,1.17637,1.1765,63.803707348556046,55.00178101992115,,,658
1771579200,1.1765,1.17678,1.1764,1.17669,66.30364434388935,57.1638140003074,,,452
1771579500,1.17669,1.17674,1.17654,1.17669,66.30364434388935,58.571189627454096,,,320
1771579800,1.17669,1.17679,1.17655,1.17657,63.11088450882551,59.45658575568616,,,483
1771580100,1.17657,1.17669,1.17651,1.17658,63.26961405720346,60.39211155440862,,,391
1771580400,1.17658,1.17667,1.17641,1.17666,64.5825732062178,60.89654459938122,,,449
1771580700,1.17666,1.17672,1.1764,1.1764,57.40109357719088,60.7258337924161,,,367
1771581000,1.1764,1.17677,1.1764,1.17666,61.956842925934964,61.29656997120997,,,316
1771581300,1.17666,1.17677,1.17658,1.17664,61.41276469272896,61.74987873316517,,,475
1771581600,1.17664,1.17675,1.1765,1.17675,63.32060328125921,61.96436847799462,,,345
1771581900,1.17675,1.17686,1.17662,1.17662,59.57195114965232,62.05663383733021,,,256
1771582200,1.17662,1.17662,1.17631,1.17642,54.25077796600276,61.914937037568066,,,373
1771582500,1.17642,1.17642,1.17582,1.17585,42.57787036503202,60.81466273674202,,,565
1771582800,1.17585,1.17598,1.17571,1.17577,41.23678120981466,59.221625212585536,,,531
1771583100,1.17577,1.17599,1.17577,1.17593,44.97003593512445,57.876362968768994,,,475
1771583400,1.17593,1.17624,1.17582,1.17618,50.28471108252707,56.732153450100256,,,426
1771583700,1.17618,1.17655,1.17613,1.17655,56.91655526223688,56.06164708712509,,,416
1771584000,1.17655,1.17674,1.17646,1.17648,55.41057931362137,55.511625287467645,,,434
1771584300,1.17648,1.17656,1.17632,1.17652,56.124982472232155,55.00129445996969,,,523
1771584600,1.17652,1.17667,1.17639,1.17657,57.05129242822711,54.463345832970354,,,592
1771584900,1.17657,1.17667,1.17622,1.17635,51.86289598920606,54.06776029097144,,,689
1771585200,1.17635,1.17637,1.17599,1.1761,46.668947016844044,52.97576772603638,,,667
1771585500,1.1761,1.17637,1.17609,1.17637,52.232840075540864,52.320058824808655,,,262
1771585800,1.17637,1.17637,1.17617,1.17623,49.35742800814298,51.32268916244321,,,271
1771586100,1.17623,1.17624,1.17607,1.17617,48.134445290639306,50.505724458227995,,,250
1771586400,1.17617,1.17652,1.17608,1.17648,54.41864727634489,50.51771512325244,,,282
1771586700,1.17648,1.17656,1.17639,1.17648,54.41864727634489,51.363484902631924,,,244
1771587000,1.17648,1.17648,1.17601,1.17627,49.688705858610426,51.967193806117336,,,260
1771587300,1.17627,1.17659,1.17609,1.17658,55.796591055755385,52.74051917187669,,,316
1771587600,1.17658,1.17674,1.17652,1.17666,57.23931425268721,53.23727654117384,,,324
1771587900,1.17666,1.17688,1.17658,1.17681,59.8831817613246,53.44917843396583,,,369
1771588200,1.17681,1.17688,1.17673,1.17684,60.41040047119948,53.80630851664997,,,312
1771588500,1.17684,1.17689,1.17666,1.17675,57.94990266469172,53.93665995896851,,,328
1771588800,1.17673,1.17691,1.17655,1.17672,57.114831294606105,53.941198449424164,,,403
1771589100,1.17672,1.17675,1.17649,1.17661,54.0398590171861,54.09669580856559,,,420
1771589400,1.17661,1.17661,1.1764,1.17644,49.59581588772771,54.305757870771565,,,745
1771589700,1.17644,1.17663,1.17633,1.17659,53.249081325521715,54.37834653148449,,,291
1771590000,1.17659,1.17676,1.17641,1.17674,56.63400324560656,54.89810190558902,,,409
1771590300,1.17674,1.17688,1.17672,1.17673,56.341131487143095,55.48429377676786,,,415
1771590600,1.17673,1.17673,1.17635,1.17642,48.04631642169529,55.02912728715004,,,499
1771590900,1.17642,1.17677,1.17639,1.17675,55.548748397920505,55.109848795834004,,,456
1771591200,1.17675,1.17689,1.17659,1.17686,57.73945512710821,55.68490231501242,,,569
1771591500,1.17686,1.177,1.17674,1.17676,55.08178980129622,55.63384508255104,,,535
1771591800,1.17676,1.17708,1.17663,1.17685,57.00011442619522,55.61675938065876,,,591
1771592100,1.17685,1.17685,1.17645,1.17655,49.42317630890602,54.86961613405744,,,612
1771592400,1.17655,1.17697,1.17652,1.17696,57.69907494829289,54.67595002527839,,,770
1771592700,1.17696,1.17696,1.1766,1.17667,51.30441865027707,54.20127259567734,,,498
1771593000,1.17667,1.177,1.17666,1.17687,55.007830191371845,54.05077251687489,,,435
1771593300,1.17687,1.17699,1.17665,1.17696,56.607123279571205,54.23414853561669,,,630
1771593600,1.17696,1.17697,1.17674,1.17692,55.660150139303795,54.667315267872134,,,523
1771593900,1.17692,1.17773,1.17692,1.17755,65.46061046349783,55.53956734915614,,,955
1771594200,1.17755,1.17829,1.17613,1.17618,43.1335292563456,54.57524777849464,,,3053
1771594500,1.17618,1.1765,1.17577,1.17594,40.525820556332505,53.44558271200817,,,2222
1771594800,1.17594,1.17638,1.1758,1.17631,45.95091829718624,53.295911417400376,,,1558
1771595100,1.17631,1.17651,1.17569,1.17607,43.198335911531316,52.41373909694401,,,1267
1771595400,1.17607,1.17682,1.17606,1.17675,51.97613430220669,52.00207332373676,,,1061
1771595700,1.17675,1.17713,1.17657,1.17692,53.89437520074498,51.91725799512596,,,956
1771596000,1.17692,1.17704,1.17611,1.17611,44.72714760021238,51.04061750755575,,,905
1771596300,1.17611,1.17635,1.17599,1.17634,47.459975865853764,50.9003889044806,,,737
1771596600,1.17634,1.17647,1.17617,1.17645,48.76470171044843,50.262219387491704,,,849
1771596900,1.17645,1.17674,1.17621,1.17629,46.938817946908756,49.95039076582253,,,741
1771597200,1.17629,1.17679,1.17629,1.17671,52.01764162792456,49.73680586843345,,,376
1771597500,1.17671,1.17686,1.17624,1.17628,47.05207468113551,49.05430239711661,,,790
1771597800,1.17628,1.17648,1.17608,1.17612,45.31854857680007,48.31561657122349,,,1025
1771598100,1.17612,1.17643,1.17558,1.17568,40.860242089596795,46.55844740165912,,,1704
1771598400,1.17568,1.17639,1.17565,1.17626,48.1072775267451,46.913715135259096,,,984
1771598700,1.17626,1.17665,1.17621,1.17627,48.22508069292314,47.46366228787271,,,1125
1771599000,1.17627,1.17686,1.17615,1.17686,54.75171560340627,48.092290666888424,,,1242
1771599300,1.17686,1.17686,1.17656,1.17676,53.520254412126675,48.82957055978809,,,669
1771599600,1.17676,1.17894,1.17603,1.17645,49.78221728075396,48.67286220111289,,,6953
1771599900,1.17645,1.17812,1.17551,1.17792,62.98450801325254,49.32215740200629,,,6431
1771600200,1.17792,1.17991,1.17784,1.17953,71.74579760447531,51.252060973739354,,,5591
1771600500,1.17953,1.18072,1.17903,1.18022,74.52838543743249,53.1855188002807,,,5085
1771600800,1.18022,1.18025,1.17932,1.17936,65.8267251664031,54.40423476142031,,,4301
1771601100,1.17936,1.18016,1.17914,1.17993,68.45556569722488,55.94114531501433,,,4122
1771601400,1.17993,1.18033,1.17874,1.17909,61.00740086478088,56.583270974789784,,,4480
1771601700,1.17909,1.17987,1.1788,1.17952,63.21387293808148,57.7376851360002,,,3008
1771602000,1.17952,1.1797,1.1789,1.17963,63.77853828380886,59.056255829357966,,,2758
1771602300,1.17963,1.17968,1.17845,1.17846,54.2414422209349,60.012055838739265,,,2725
1771602600,1.17846,1.17879,1.17821,1.17877,56.1139705682902,60.583962484563905,,,1771
1771602900,1.17877,1.17882,1.17838,1.17881,56.36211398486733,61.165179148274206,,,1685
1771603200,1.1788,1.17948,1.17849,1.17937,59.7899773624637,61.525054988206875,,,1791
1771603500,1.17937,1.17969,1.17916,1.17948,60.44722063411669,62.01983828977759,,,1564
1771603800,1.17948,1.17981,1.17908,1.17923,58.121998867515636,62.61553697454629,,,1017
1771604100,1.17923,1.17938,1.17851,1.17871,53.511155293629216,61.938868923144625,,,1403
1771604400,1.17871,1.17878,1.17795,1.17812,48.782504015978745,60.298633666823434,,,1471
1771604700,1.17812,1.17813,1.17761,1.17806,48.31492160993935,58.42624339343107,,,1384
1771605000,1.17806,1.17811,1.17755,1.17763,44.98692932025699,56.93768654727778,,,1095
1771605300,1.17763,1.17786,1.17754,1.17785,46.998467891996775,55.4050367040472,,,831
1771605600,1.17785,1.17786,1.17743,1.17757,44.755471137933014,54.24418458070092,,,908
1771605900,1.17757,1.17775,1.17737,1.17747,43.948759690707796,52.86810506303137,,,623
1771606200,1.17747,1.17823,1.17746,1.17811,50.1426807643106,51.89411524021006,,,1030
1771606500,1.17811,1.17811,1.1778,1.178,49.13762083327809,51.52955656966316,,,763
1771606800,1.178,1.17836,1.17781,1.17816,50.68596302300639,51.14184174500003,,,1115
1771607100,1.17816,1.17851,1.17771,1.17774,46.669724436832695,50.4495282058547,,,804
1771607400,1.17774,1.17775,1.1774,1.17762,45.5589593108726,49.43302691645533,,,583
1771607700,1.17762,1.17763,1.177,1.17702,40.38353438601478,47.99990647016234,,,746
1771608000,1.17702,1.17705,1.17655,1.17665,37.550674362386914,46.53052614836742,,,962
1771608300,1.17665,1.17701,1.1766,1.17695,41.15508250560075,45.6479495206511,,,1028
1771608600,1.17695,1.17769,1.1769,1.17763,48.42189468140251,45.62219171103852,,,1085
1771608900,1.17763,1.17769,1.17735,1.17756,47.76794349494504,45.58312184568178,,,545
1771609200,1.17756,1.17768,1.17739,1.17767,48.93503765988208,45.86512958422644,,,815
1771609500,1.17767,1.17813,1.1773,1.17812,53.51139375404895,46.330338574373016,,,620
1771609800,1.17812,1.17846,1.17807,1.1784,56.14497292530325,47.143874416328025,,,821
1771610100,1.1784,1.17843,1.17774,1.17801,51.74771174210751,47.700942419999436,,,1077
1771610400,1.17801,1.17835,1.17768,1.17828,54.40982474980906,48.005738418963624,,,647
1771610700,1.17828,1.17846,1.1782,1.17822,53.70079983280491,48.33167977607268,,,788
1771611000,1.17822,1.17835,1.17803,1.17827,54.23599432910942,48.58525344079432,,,588
1771611300,1.17827,1.17828,1.17797,1.17818,53.04733096828741,49.040796764469654,,,584
1771611600,1.17818,1.17891,1.17808,1.17891,60.59171575559342,50.11456508194971,,,882
1771611900,1.17891,1.17901,1.17834,1.17887,60.022600577251914,51.51735552418093,,,1365
1771612200,1.17887,1.17961,1.17873,1.17906,61.85533290286732,53.253402562786675,,,1256
1771612500,1.17906,1.17987,1.17817,1.17937,64.69891233078874,54.93510469315725,,,2186
1771612800,1.17937,1.17973,1.17924,1.17924,62.59167031157141,55.9472315238836,,,1125
1771613100,1.17924,1.17971,1.17915,1.17921,62.08910165461375,56.97017139243137,,,1172
1771613400,1.17921,1.17932,1.17892,1.17907,59.680831580613464,57.73772810105503,,,972
1771613700,1.17907,1.17913,1.17845,1.17857,51.93331506594787,57.625008194762096,,,1191
1771614000,1.17857,1.17895,1.17834,1.17878,54.59910563259588,57.51458910242586,,,783
1771614300,1.17878,1.17878,1.17824,1.17845,49.914353327886815,57.38363492998152,,,508
1771614600,1.17845,1.17845,1.1782,1.17842,49.49855226053928,57.03282975217654,,,526
1771614900,1.17842,1.17861,1.17826,1.17832,48.06134468697567,56.630011527474444,,,478
1771615200,1.17832,1.17833,1.17811,1.17811,45.09988123934868,55.97743202106296,,,318
1771615500,1.17811,1.17818,1.17786,1.17811,45.09988123934868,55.40975704042448,,,401
1771615800,1.17811,1.17821,1.178,1.17806,44.34534761331809,54.2493021731191,,,356
1771616100,1.17806,1.17808,1.1779,1.17801,43.56050816895011,53.073438429668975,,,353
1771616400,1.17801,1.17812,1.17795,1.17806,44.616111818886395,51.84206549509891,,,233
1771616700,1.17806,1.17823,1.17785,1.1782,47.57287502622396,50.61877711620143,,,394
1771617000,1.1782,1.17846,1.178,1.17805,44.81242759110525,49.34883120759671,,,584
1771617300,1.17805,1.17828,1.17799,1.17807,45.268444862382786,48.147355722437354,,,470
1771617600,1.17807,1.1781,1.17783,1.17786,41.400179920574566,46.841594889577436,,,437
1771617900,1.17786,1.17813,1.17775,1.17813,47.60002540366697,46.53207419941451,,,353
1771618200,1.17813,1.17813,1.17794,1.17796,44.413828336812394,45.804554392572825,,,364
1771618500,1.17796,1.17811,1.17781,1.1781,47.52877388542533,45.63415586096844,,,316
1771618800,1.1781,1.17833,1.17809,1.17823,50.313133365779294,45.692340225628435,,,337
1771619100,1.17823,1.17832,1.17811,1.17825,50.74616089448714,45.88411281187926,,,314
1771619400,1.17825,1.17843,1.178,1.17841,54.186063720050846,46.53312584621513,,,347
1771619700,1.17841,1.17867,1.1784,1.17861,58.12314881785605,47.46335924467994,,,193
1771620000,1.17861,1.17869,1.17836,1.17855,56.55300716159832,48.33533492669996,,,261
1771620300,1.17855,1.1786,1.17847,1.17847,54.44126294678858,49.11253169654557,,,256
1771620600,1.17847,1.17863,1.17846,1.17857,56.621744365480325,49.970076878445134,,,240
1771620900,1.17857,1.17874,1.17852,1.17861,57.49800777280866,50.67901493177261,,,493
1771621200,1.17861,1.17872,1.17853,1.17866,58.623168384686714,51.66549641702844,,,398
1771621500,1.17866,1.17898,1.17866,1.17897,64.83831386562892,53.06334420297459,,,149
1771621800,1.17897,1.17911,1.17892,1.1791,67.07201740431753,54.8970468803848,,,191
1771622100,1.1791,1.17914,1.17901,1.17913,67.58379421759656,56.324458938522625,,,179
1771622400,1.17913,1.17915,1.17892,1.17894,61.10614537786638,57.51676729859791,,,173
1771622700,1.17894,1.17903,1.17879,1.17902,62.72609244565484,58.602290052900024,,,250
1771623000,1.17902,1.17906,1.17874,1.17889,58.464699267511904,59.184544760166645,,,211
1771623300,1.17889,1.17893,1.17871,1.17878,55.056344733657845,59.49241503439312,,,195
1771623600,1.17878,1.17878,1.17824,1.17824,42.085476443116356,58.628087371754944,,,159
1771623900,1.17824,1.1787,1.17824,1.1787,52.37792577352668,58.21771429715999,,,291
1771624200,1.1787,1.17873,1.17846,1.17852,48.72858509818297,57.658827006916034,,,340
1771624500,1.17852,1.17852,1.17766,1.17775,36.88839294016439,56.40505057787146,,,1370
1771797900,1.17924,1.1793,1.17904,1.17906,56.32972846964635,56.3841922995976,,,16
1771798200,1.17906,1.17906,1.17883,1.17902,55.764855469838245,56.26039570652828,,,74
1771798500,1.17902,1.17923,1.179,1.17922,58.03104387804278,56.21810109891085,,,89
1771798800,1.17922,1.17952,1.17918,1.17918,57.39770266091011,55.686628870002366,,,89
1771799100,1.17918,1.1793,1.17901,1.17912,56.403310016498665,54.92457834230102,,,191
1771799400,1.17912,1.17951,1.17912,1.17931,58.83537190943879,54.29969103457546,,,85
1771799700,1.17931,1.17942,1.17928,1.17934,59.22218167457847,54.16512219862632,,,78
1771800000,1.17934,1.17936,1.17925,1.17928,58.04736414986925,53.83092732035592,,,34
1771800300,1.17928,1.17928,1.17914,1.17914,55.291209557726965,53.604249483942716,,,21
1771800600,1.17914,1.17931,1.17911,1.1793,57.75966371950619,53.797343697217606,,,43
1771800900,1.1793,1.17934,1.17907,1.17926,56.91365792491269,54.85649951734592,,,113
1771801200,1.17926,1.17947,1.17913,1.17938,58.860426831612585,55.31953530720919,,,277
1771801500,1.17938,1.17979,1.17927,1.17971,63.715672716957286,56.39004156569307,,,420
1771801800,1.17971,1.18083,1.17971,1.1808,74.44416623776573,59.072596801236024,,,792
1771802100,1.1808,1.18093,1.18021,1.18054,69.18897980094286,59.991114753471486,,,721
1771802400,1.18054,1.18171,1.18052,1.18169,76.9422318345855,61.503784493810564,,,963
1771802700,1.18169,1.18234,1.1815,1.18151,73.81139396382468,62.63095235708071,,,637
1771803000,1.18151,1.18199,1.18144,1.18184,75.75888102132976,63.942465097110684,,,487
1771803300,1.18184,1.18255,1.18184,1.18238,78.56753835071659,65.52562426384053,,,634
1771803600,1.18238,1.18262,1.182,1.18234,77.84801556049813,66.8836702389162,,,464
1771803900,1.18234,1.18266,1.1823,1.18262,79.27856835201544,68.31626928730455,,,342
1771804200,1.18262,1.18297,1.18253,1.18289,80.58086956902838,69.92580538867307,,,349
1771804500,1.18289,1.18346,1.18281,1.18332,82.47039677632065,71.8671759042869,,,428
1771804800,1.18332,1.18332,1.18266,1.18293,75.31271313853364,73.12096514850315,,,904
1771805100,1.18293,1.18316,1.18265,1.18306,76.05862403321741,74.48846272766777,,,680
1771805400,1.18306,1.18314,1.18267,1.18272,70.09359996012043,75.29083223684691,,,540
1771805700,1.18272,1.18272,1.18225,1.18238,64.63459543303013,75.35646957370925,,,418
1771806000,1.18238,1.18278,1.18226,1.1826,66.45509310062423,74.78582149248486,,,454
1771806300,1.1826,1.18278,1.18236,1.18266,66.95470682329812,74.62623056551023,,,678
1771806600,1.18266,1.18327,1.18265,1.18322,71.2575284063066,74.22018032063316,,,797
1771806900,1.18322,1.18339,1.18293,1.18321,71.07954274734854,74.02504809088487,,,681
1771807200,1.18321,1.18344,1.18306,1.18307,68.49991518240019,73.50655053096133,,,636
1771807500,1.18307,1.18308,1.18258,1.18262,60.854919610675395,72.24136347810125,,,882
1771807800,1.18262,1.1829,1.1824,1.18262,60.854919610675395,71.02757091025677,,,955
1771808100,1.18262,1.18311,1.18257,1.18308,65.4290933710489,70.03832269733059,,,805
1771808400,1.18308,1.18316,1.18279,1.1831,65.6172126896811,68.9694900630915,,,1256
1771808700,1.1831,1.18317,1.18271,1.18317,66.30824599097616,67.81505072128118,,,898
1771809000,1.18317,1.18334,1.18276,1.18293,61.72751709401772,66.84467957524433,,,962
1771809300,1.18293,1.18303,1.18241,1.18251,54.61676186102615,65.31311799151638,,,798
1771809600,1.18251,1.18276,1.18227,1.18231,51.57025878772666,63.99002219348825,,,852
1771809900,1.18231,1.18246,1.18213,1.18215,49.205618741680915,62.88795242982045,,,790
1771810200,1.18215,1.18241,1.18206,1.18212,48.75421634038872,61.62360408980363,,,877
1771810500,1.18212,1.18248,1.18212,1.18222,50.38801742092243,60.44026913249108,,,733
1771810800,1.18222,1.18275,1.18216,1.18262,56.3787971530297,59.37750261439987,,,638
1771811100,1.18262,1.18283,1.18255,1.18262,56.3787971530297,58.327449357662815,,,516
1771811400,1.18262,1.18275,1.18242,1.18243,52.862333931818384,57.21047926833553,,,521
1771811700,1.18243,1.18265,1.18243,1.18261,55.68246600374169,56.8410182964117,,,487
1771812000,1.18261,1.18266,1.18231,1.18238,51.446997825740276,56.169023883202044,,,555
1771812300,1.18238,1.18277,1.18235,1.18267,55.99233527464084,55.49496973345862,,,444
1771812600,1.18267,1.18311,1.18257,1.18297,60.148585823226135,55.10435352871183,,,594
1771812900,1.18297,1.18298,1.18257,1.18257,52.96580821151463,54.151322258750284,,,532
1771813200,1.18257,1.1827,1.18249,1.18265,54.14522219282313,53.60972976580781,,,349
1771813500,1.18265,1.18286,1.18255,1.18281,56.49489548998231,53.743882167876116,,,339
1771813800,1.18281,1.18289,1.18266,1.18281,56.49489548998231,54.095641932322955,,,290
1771814100,1.18281,1.18296,1.18256,1.18257,51.87099877878568,54.28602622068758,,,496
1771814400,1.18257,1.18296,1.18257,1.18286,56.503587956915965,54.83955276472525,,,333
1771814700,1.18286,1.18307,1.18257,1.18262,52.03935573807631,54.95750550166481,,,366
1771815000,1.18262,1.18262,1.18244,1.18261,51.85551610102469,54.63441399795017,,,356
1771815300,1.18261,1.18275,1.18256,1.18275,54.29012920620457,54.485223430319806,,,503
1771815600,1.18275,1.1828,1.18239,1.18246,48.78663026140715,54.19410173957614,,,338
1771815900,1.18246,1.18251,1.1822,1.18224,45.05522403300011,53.43501302738031,,,338
1771816200,1.18224,1.18224,1.18197,1.182,41.34054611768673,52.7131236196622,,,338
1771816500,1.182,1.18219,1.18192,1.18192,40.15218449755588,51.58168427844185,,,253
1771816800,1.18192,1.18192,1.18174,1.18185,39.093255165474126,50.07773208860242,,,249
1771817100,1.18185,1.18189,1.18172,1.18177,37.864222368109274,48.99904738550203,,,152
1771817400,1.18177,1.18205,1.18176,1.18197,42.71310440232933,48.1824675433239,,,269
1771817700,1.18197,1.18199,1.18166,1.18186,40.82604918650845,47.06326423593291,,,314
1771818000,1.18186,1.18212,1.18186,1.1819,41.83241640801593,46.01594430150674,,,194
1771818300,1.1819,1.18192,1.18181,1.18192,42.36025682497219,45.33660559052007,,,111
1771818600,1.18192,1.1822,1.18192,1.18218,48.85753300675143,44.79045880836545,,,168
1771818900,1.18218,1.1824,1.18205,1.18234,52.41248420216249,44.81711084151447,,,239
1771819200,1.18234,1.18239,1.18205,1.18211,47.32042819416005,44.49317599102414,,,321
1771819500,1.18211,1.18219,1.18179,1.18183,41.97411000560607,43.61346033383853,,,288
1771819800,1.18183,1.18206,1.18182,1.18201,46.18351419384373,43.42752347186972,,,197
1771820100,1.18201,1.18226,1.18185,1.18223,50.874268715876894,43.84316952064663,,,268
1771820400,1.18223,1.18227,1.18205,1.18205,47.245786789371955,44.264972425767006,,,147
1771820700,1.18205,1.18206,1.18191,1.18196,45.4984443694115,44.646848130899556,,,121
1771821000,1.18196,1.1821,1.18187,1.18187,43.755697816710224,44.979879748844986,,,177
1771821300,1.18187,1.18202,1.18187,1.18198,46.45523645851159,45.59352361244515,,,152
1771821600,1.18198,1.18203,1.18186,1.18202,47.44309059740794,45.93137976923648,,,183
1771821900,1.18202,1.18206,1.18195,1.18203,47.70285431857556,46.42258013581271,,,109
1771822200,1.18203,1.18213,1.18202,1.18207,48.793093763821915,46.91977137551313,,,127
1771822500,1.18207,1.18219,1.18203,1.18207,48.79309376382192,47.37925972828811,,,141
1771822800,1.18207,1.18207,1.18195,1.18196,45.75117102173393,47.15737672935829,,,156
1771823100,1.18196,1.18197,1.18164,1.18176,40.77387158720701,46.32604725686148,,,244
1771823400,1.18176,1.18186,1.18157,1.18161,37.48048506574109,45.62319417626012,,,250
1771823700,1.18161,1.18179,1.18161,1.18167,39.58265146280841,45.45237570891743,,,161
1771824000,1.18167,1.18172,1.18155,1.18156,37.118496665722034,44.804874456908735,,,216
1771824300,1.18156,1.18165,1.1815,1.18165,40.38835343694491,44.05588050841359,,,158
1771824600,1.18165,1.182,1.18164,1.18195,49.765511323905244,44.23586083230883,,,223
1771824900,1.18195,1.18204,1.18184,1.18191,48.66627360058183,44.46213434882099,,,126
1771825200,1.18191,1.18191,1.18174,1.18181,45.93460606359374,44.61777065216982,,,145
1771825500,1.18181,1.18187,1.18181,1.18186,47.52074808679257,44.69387862561846,,,137
1771825800,1.18186,1.18197,1.18176,1.18196,50.63974384122936,44.92221100017713,,,155
1771826100,1.18196,1.18214,1.18193,1.18197,50.9536634218618,45.15441165041186,,,195
1771826400,1.18197,1.18224,1.18165,1.18213,55.7975303273647,45.65472854780777,,,375
1771826700,1.18213,1.18252,1.18213,1.18252,64.89771695506906,46.80505877575399,,,354
1771827000,1.18252,1.18269,1.18244,1.18264,67.1394307726351,48.33279161510408,,,384
1771827300,1.18264,1.1829,1.18263,1.1829,71.40102468269033,50.5204454076386,,,278
1771827600,1.1829,1.18302,1.18282,1.183,72.858948992483,53.04747854526302,,,327
1771827900,1.183,1.18338,1.183,1.18314,74.79610619134395,55.56272531158699,,,788
1771828200,1.18314,1.18318,1.18278,1.18287,65.13991602972044,57.5642552661583,,,378
1771828500,1.18287,1.18287,1.18269,1.18281,63.18768402768989,59.19277887978295,,,215
1771828800,1.18281,1.18286,1.18273,1.18282,63.38464533196519,60.16557416607294,,,197
1771829100,1.18282,1.18297,1.1828,1.18289,64.80422894618621,61.318285262187544,,,284
1771829400,1.18289,1.18297,1.18265,1.18274,59.48236393137679,62.28598225274347,,,297
1771829700,1.18274,1.18275,1.18239,1.18244,50.54248255729931,62.50182042920824,,,343
1771830000,1.18244,1.1825,1.18229,1.1824,49.47477868841005,62.41860863257829,,,551
1771830300,1.1824,1.18275,1.18221,1.18262,55.09365334300079,62.71432219837392,,,461
1771830600,1.18262,1.18262,1.18234,1.1824,49.20113522803096,62.24315111985009,,,379
1771830900,1.1824,1.18247,1.18222,1.18226,45.84109573158135,60.88196388960097,,,434
1771831200,1.18226,1.18251,1.18223,1.1825,51.90481080192035,59.793776748835626,,,377
1771831500,1.1825,1.1825,1.18221,1.18223,45.70510811299402,57.958354136714455,,,431
1771831800,1.18223,1.18227,1.18186,1.18212,43.42918027824197,55.85622779998295,,,502
1771832100,1.18212,1.18241,1.1819,1.18241,50.436412023656075,54.11624964514811,,,542
1771832400,1.18241,1.18247,1.18218,1.18237,49.525184584799014,53.00091168479657,,,664
1771832700,1.18237,1.18265,1.18236,1.18264,55.3846186368906,52.44354987116805,,,529
1771833000,1.18264,1.18272,1.18221,1.18226,47.09782865378006,51.28020582272625,,,778
1771833300,1.18226,1.18238,1.18205,1.18232,48.41036681724824,50.10921567065925,,,831
1771833600,1.18232,1.18249,1.18161,1.1818,39.3079688087629,48.668187447615416,,,1556
1771833900,1.1818,1.18226,1.18172,1.18207,45.081977611967645,48.27815138009172,,,1019
1771834200,1.18207,1.18208,1.1818,1.18196,43.27562423697319,47.83535463356052,,,808
1771834500,1.18196,1.18206,1.18163,1.18177,40.273911253159916,46.776801627143314,,,783
1771834800,1.18177,1.18194,1.18159,1.18164,38.31562501634601,45.999265183451534,,,749
1771835100,1.18164,1.1819,1.18141,1.18177,41.384972239787224,45.680970648323374,,,837
1771835400,1.18177,1.18181,1.18116,1.18119,33.39980363188032,44.359184421891946,,,683
1771835700,1.18119,1.18152,1.18106,1.18121,33.87361219751185,43.51407757078608,,,747
1771836000,1.18121,1.18127,1.18105,1.18107,32.14942908718103,42.70838105713887,,,467
1771836300,1.18107,1.18108,1.18087,1.18088,29.923341667052966,41.24316174595294,,,600
1771836600,1.18088,1.18097,1.1807,1.18092,31.006441697583412,39.92039439686611,,,746
1771836900,1.18092,1.18119,1.18081,1.18104,34.287753041229536,38.41347542574746,,,607
1771837200,1.18104,1.18119,1.18095,1.18107,35.118529671097406,37.5578112126987,,,544
1771837500,1.18107,1.18113,1.18089,1.18106,34.95986831199298,36.597061319466185,,,530
1771837800,1.18106,1.18125,1.18094,1.18096,33.33784514183469,36.1706239146856,,,492
1771838100,1.18096,1.18096,1.18029,1.1805,27.107416697848862,34.886726706534255,,,495
1771838400,1.1805,1.18069,1.18044,1.1805,27.107416697848862,33.73185473945395,,,495
1771838700,1.1805,1.18092,1.18044,1.18091,38.90929009047114,33.634381799261895,,,463
1771839000,1.18091,1.18107,1.18079,1.18088,38.41913081414927,33.641775070533555,,,474
1771839300,1.18088,1.1811,1.18077,1.18087,38.24617492484535,33.41757526232342,,,525
1771839600,1.18087,1.18103,1.18081,1.18102,42.43257352808139,34.062773112052064,,,336
1771839900,1.18102,1.18114,1.18081,1.18081,38.49775393769839,34.393068950636824,,,362
1771840200,1.18081,1.18081,1.18005,1.18006,28.376901768796372,34.123602713609344,,,881
1771840500,1.18006,1.18021,1.18002,1.18007,28.646254809190452,34.03238222376202,,,648
1771840800,1.18007,1.18012,1.17991,1.17993,27.10917037466649,33.75400570069653,,,538
1771841100,1.17993,1.18001,1.17981,1.17981,25.82982099137665,33.14986769713561,,,443
1771841400,1.17981,1.17994,1.17951,1.1796,23.72015727584352,32.33569824033176,,,896
1771841700,1.1796,1.17978,1.17951,1.17973,27.65914145670388,31.814217750668252,,,485
1771842000,1.17973,1.17988,1.1796,1.17971,27.4245108494668,31.39183672978483,,,560
1771842300,1.17971,1.17985,1.17951,1.17984,31.492520712845945,31.705058445141766,,,780
1771842600,1.17984,1.17997,1.17981,1.17985,31.809156079577676,32.04089697240811,,,466
1771842900,1.17985,1.17999,1.17974,1.17988,32.81242267747851,31.605406442908638,,,383
1771843200,1.17988,1.17993,1.17973,1.1799,33.51470112091032,31.255090036248713,,,242
1771843500,1.1799,1.18,1.17974,1.17995,35.334476750180656,31.047111595201237,,,358
1771843800,1.17995,1.18006,1.17977,1.17981,32.64051207123137,30.347678633997667,,,398
1771844100,1.17981,1.17998,1.17978,1.17985,34.1844797008449,30.039587617079555,,,382
1771844400,1.17985,1.17987,1.17961,1.17976,32.38577091954605,30.325935413561677,,,495
1771844700,1.17976,1.17977,1.1793,1.17943,26.814463675075018,30.195093189696287,,,489
1771845000,1.17943,1.17951,1.17911,1.17916,23.284965396716174,29.921935691271266,,,451
1771845300,1.17916,1.17939,1.17916,1.17922,25.62772169882274,29.907500027517415,,,432
1771845600,1.17922,1.17933,1.1791,1.17932,29.49242232108429,30.319804673606036,,,363
1771845900,1.17932,1.17933,1.17855,1.17857,20.773534164999006,29.827975581341402,,,611
1771846200,1.17857,1.17861,1.17809,1.17809,17.25723018809944,29.10174124838659,,,995
1771846500,1.17809,1.17835,1.17809,1.17821,20.86365357869704,28.34253645309024,,,673
1771846800,1.17821,1.17861,1.17814,1.17851,29.17476958899539,28.154365989477217,,,587
1771847100,1.17851,1.1787,1.17838,1.17868,33.4406139478418,28.199236794503168,,,500
1771847400,1.17868,1.17878,1.17855,1.17859,32.33040079076106,28.11464391377822,,,581
1771847700,1.17859,1.17865,1.17838,1.17859,32.33040079076106,27.900067059533963,,,561
1771848000,1.17859,1.17864,1.17817,1.1782,27.707441976119455,27.547704909883112,,,803
1771848300,1.1782,1.17836,1.17817,1.17825,29.107036226087033,27.185030375971838,,,326
1771848600,1.17825,1.17837,1.1781,1.17833,31.39561108974972,27.114304673843524,,,491
1771848900,1.17833,1.17838,1.17811,1.17812,28.770080631696942,27.25399159931652,,,459
1771849200,1.17812,1.17813,1.17744,1.17749,22.650386953939602,27.208664567689624,,,617
1771849500,1.17749,1.17774,1.17744,1.17762,26.141597195560394,27.24536996031374,,,670
1771849800,1.17762,1.17795,1.1776,1.17795,34.253882897051824,27.585474287168562,,,831
1771850100,1.17795,1.17807,1.17768,1.17784,32.95454509036736,28.455546496123446,,,542
1771850400,1.17784,1.17786,1.17764,1.1778,32.47218018362568,29.54232863866104,,,307
1771850700,1.1778,1.17795,1.17764,1.17789,34.785171186321676,30.53672275349137,,,491
1771851000,1.17789,1.17829,1.17788,1.17809,39.7259326146678,31.290377255325115,,,489
1771851300,1.17809,1.17817,1.17767,1.17817,41.63084755114969,31.87539394127568,,,614
1771851600,1.17817,1.17834,1.17784,1.17798,38.51734166484253,32.31731828942436,,,1253
1771851900,1.17798,1.17843,1.17792,1.17838,47.43098674250046,33.395931571691456,,,734
1771852200,1.17838,1.17854,1.17821,1.17851,49.96964548569583,34.98608896523262,,,559
1771852500,1.17851,1.17906,1.17848,1.17902,58.447454697352335,37.081833141751574,,,527
1771852800,1.17902,1.1792,1.17868,1.17875,53.29823786088731,38.64630648254712,,,654
1771853100,1.17875,1.1793,1.17873,1.17929,60.74669734089367,40.93035053320403,,,603
1771853400,1.17929,1.17977,1.17925,1.17963,64.57743999308454,43.92514003600009,,,696
1771853700,1.17963,1.17972,1.17937,1.17944,60.99514450432239,46.41467912948309,,,760
1771854000,1.17944,1.17978,1.17944,1.17963,63.193938834868135,48.481825982184255,,,753
1771854300,1.17963,1.1797,1.17939,1.17954,61.427485119766594,50.51560741285563,,,755
1771854600,1.17954,1.17954,1.17921,1.17926,56.16719410784868,52.208108407442985,,,819
1771854900,1.17926,1.17963,1.17918,1.17959,60.4643089616439,54.04233253425172,,,988
1771855200,1.17959,1.17987,1.17952,1.17968,61.57081085982767,55.60268098033457,,,941
1771855500,1.17968,1.17998,1.17961,1.17987,63.86976043296954,57.19117475760741,,,808
1771855800,1.17987,1.17994,1.1794,1.17993,64.59016175316613,59.05351904963053,,,780
1771856100,1.17993,1.18027,1.17988,1.17991,64.13113708245677,60.24638693105597,,,712
1771856400,1.17991,1.17992,1.1795,1.1795,55.43385975075461,60.63668794998875,,,384
1771856700,1.1795,1.17983,1.17947,1.17957,56.518090823984814,60.4988762447482,,,485
1771857000,1.17957,1.18001,1.17949,1.17962,57.316875415537794,60.7859217843661,,,1324
1771857300,1.17962,1.17986,1.17951,1.17972,58.94144894433725,60.65697547032636,,,1277
1771857600,1.17972,1.18013,1.17969,1.1799,61.76261434002619,60.4559164951079,,,1304
1771857900,1.1799,1.18006,1.17942,1.18006,64.12244035750646,60.67929477033533,,,1605
1771858200,1.18006,1.18047,1.17993,1.18016,65.55332240431773,60.84782216815315,,,1454
1771858500,1.18016,1.1809,1.18013,1.18055,70.49550138031654,61.495537615335294,,,1142
1771858800,1.18055,1.18087,1.18015,1.18044,67.55162420919211,62.30871119400268,,,1218
1771859100,1.18044,1.18081,1.18039,1.18074,71.09665231085432,63.06816429037485,,,796
1771859400,1.18074,1.18099,1.18036,1.18055,66.1662720597601,63.396411518941456,,,1118
1771859700,1.18055,1.18077,1.18037,1.18042,62.94965717488087,63.33068985764941,,,873
1771860000,1.18042,1.18065,1.1802,1.18021,58.04104990152247,62.86289615396057,,,1022
1771860300,1.18021,1.1804,1.18011,1.18031,59.6543923718233,62.54312867462961,,,882
1771860600,1.18031,1.18056,1.17997,1.17997,52.29226974449177,62.31872938846798,,,967
1771860900,1.17997,1.18007,1.17969,1.18001,53.026744774892265,62.069347527818515,,,1069
1771861200,1.18001,1.18036,1.17989,1.18008,54.351209179504245,61.857514225244685,,,958
1771861500,1.18008,1.18013,1.17974,1.17982,48.84252662122067,61.13616263073636,,,1042
1771861800,1.17982,1.17992,1.1792,1.17946,42.430048447752256,59.755265067002505,,,1604
1771862100,1.17946,1.17965,1.17944,1.17948,42.878729587217315,58.237857154839,,,1150
1771862400,1.17948,1.1795,1.17881,1.17887,34.13933208806479,55.994000703678076,,,1326
1771862700,1.17887,1.1791,1.17881,1.17904,37.9358393887422,53.66831056142278,,,1175
1771863000,1.17904,1.17951,1.17904,1.17928,42.93688259043253,51.91011473151137,,,923
1771863300,1.17928,1.17993,1.17916,1.17992,53.66016249475001,50.6646511732182,,,1019
1771863600,1.17992,1.18008,1.17972,1.1799,53.32293660254001,49.747270069131055,,,793
1771863900,1.1799,1.18026,1.1799,1.18009,56.142739289614795,49.261061648754904,,,656
1771864200,1.18009,1.18026,1.17976,1.18007,55.760877789277394,49.098192212165976,,,996
1771864500,1.18007,1.18027,1.17983,1.18027,58.78015710264644,49.035746835796196,,,974
1771864800,1.18027,1.18048,1.18001,1.18012,55.709227416407046,49.279815240933,,,839
1771865100,1.18012,1.18026,1.17997,1.18021,57.15556439559064,49.57473092812574,,,638
1771865400,1.18021,1.18047,1.18016,1.18037,59.6765811817446,49.95511464257147,,,524
1771865700,1.18037,1.18062,1.18017,1.18038,59.83565062029871,50.74033778536277,,,690
1771866000,1.18038,1.18063,1.18024,1.18058,62.9809991350168,52.20826283445309,,,681
1771866300,1.18058,1.18087,1.18042,1.18047,60.18913971474743,53.44472070070524,,,664
1771866600,1.18047,1.1805,1.17995,1.18002,50.355099675151905,54.6029898140686,,,834
1771866900,1.18002,1.18028,1.18,1.18023,54.12220559445879,55.75915882876264,,,619
1771867200,1.18023,1.18023,1.17971,1.17975,45.60408869319037,55.9496735503882,,,760
1771867500,1.17975,1.17975,1.17931,1.1795,41.904822611311204,55.11000641585686,,,662
1771867800,1.1795,1.17953,1.17926,1.17938,40.2184146008949,54.173969130025064,,,407
1771868100,1.17938,1.17938,1.17906,1.17921,37.89194235194083,52.87034077733407,,,448
1771868400,1.17921,1.17949,1.17916,1.17931,40.08740875263952,51.750807274717076,,,405
1771868700,1.17931,1.17947,1.17922,1.17947,43.52713092650667,50.6613054049928,,,351
1771869000,1.17947,1.17985,1.17944,1.17976,49.21799019885231,50.1976456037389,,,574
1771869300,1.17976,1.18003,1.17968,1.17987,51.22573317046699,49.77408623051577,,,502
1771869600,1.17987,1.17999,1.1796,1.17972,48.414744281908995,48.96966930909894,,,486
1771869900,1.17972,1.17989,1.17963,1.17985,50.92802643461327,48.33341043869284,,,278
1771870200,1.17985,1.17987,1.17959,1.17962,46.60199805682274,47.1634817902504,,,356
1771870500,1.17962,1.17974,1.17954,1.17963,46.81353706995116,46.20808160133639,,,276
1771870800,1.17963,1.17982,1.17946,1.17972,48.78020264492123,46.0955889563199,,,416
1771871100,1.17972,1.17972,1.17955,1.17959,46.127001610803646,45.5245029574874,,,359
1771871400,1.17959,1.17983,1.17959,1.17982,51.18574226108156,45.92319249805105,,,317
1771871700,1.17982,1.18008,1.17978,1.17992,53.24157595531442,46.732960594051285,,,224
1771872000,1.17992,1.17992,1.17967,1.17974,49.22304811077982,47.376148701900206,,,289
1771872300,1.17974,1.17993,1.17965,1.17981,50.778932510633354,48.29664799894967,,,429
1771872600,1.17981,1.17992,1.17977,1.17983,51.23866261878637,49.09316613224588,,,274
1771872900,1.17983,1.17989,1.17973,1.17981,50.728406963990814,49.60754299206617,,,390
1771873200,1.17981,1.17983,1.17963,1.17973,48.64178295129955,49.56638533152669,,,375
1771873500,1.17973,1.1799,1.17971,1.1799,53.060303430758424,49.697426064404645,,,316
1771873800,1.1799,1.18006,1.17985,1.17988,52.4881741730211,49.98838534234123,,,307
1771874100,1.17988,1.17993,1.1797,1.17971,47.77287339204905,49.763017267872364,,,194
1771874400,1.17971,1.17973,1.17945,1.17948,42.243550568683816,49.45169959014815,,,401
1771874700,1.17948,1.17958,1.17941,1.1795,42.86284339615478,49.169507184876984,,,368
1771875000,1.1795,1.17952,1.17922,1.17925,37.4563495978314,48.36066053865628,,,236
1771875300,1.17925,1.17927,1.17893,1.17893,31.90837926413137,47.34504465675112,,,268
1771875600,1.17893,1.179,1.17882,1.17888,31.132442055551692,45.91266607064184,,,457
1771875900,1.17888,1.1792,1.17882,1.17914,39.386695858926494,44.923031778042706,,,386
1771876200,1.17914,1.17928,1.17909,1.17924,42.2535132982637,44.42520786286299,,,491
1771876500,1.17924,1.17924,1.17899,1.17915,40.40144837608858,43.68395899610979,,,555
1771876800,1.17915,1.17923,1.17906,1.17909,39.16883339491607,42.82182833726191,,,429
1771877100,1.17909,1.17924,1.17901,1.17914,40.79000492894803,42.111942477616005,,,296
1771877400,1.17914,1.17927,1.17911,1.17913,40.55720357286489,41.53447252201352,,,320
1771877700,1.17913,1.17916,1.17908,1.17908,39.347973860302815,40.55502040983812,,,184
1771878000,1.17908,1.17909,1.17881,1.17893,35.890737093844294,39.369489189896925,,,320
1771878300,1.17893,1.17939,1.17887,1.17931,48.28683248224672,39.40620055348247,,,389
1771878600,1.17931,1.17934,1.17916,1.17917,44.84634264679756,39.59211427334775,,,305
1771878900,1.17917,1.17922,1.17906,1.17915,44.36008042531076,39.699059775430314,,,158
1771879200,1.17915,1.17915,1.17896,1.17899,40.57020151401754,39.921477769443605,,,173
1771879500,1.17899,1.17909,1.17896,1.17903,41.9064451624578,40.635625333609774,,,176
1771879800,1.17903,1.17908,1.17874,1.1788,36.78487414895613,41.03937048313866,,,260
1771880100,1.1788,1.17905,1.1788,1.17888,39.55213547723027,41.051187598731794,,,531
1771880400,1.17888,1.17925,1.17888,1.17918,48.633037739203296,41.50686791594176,,,362
1771880700,1.17918,1.17918,1.17897,1.17899,44.113098169189534,41.771985758306116,,,221
1771881000,1.17899,1.17906,1.17896,1.17902,44.9825667507925,42.18725242658301,,,158
1771881300,1.17902,1.17907,1.17874,1.1788,40.060511762773615,42.13514577185625,,,226
1771881600,1.1788,1.1788,1.17856,1.17867,37.452618739147574,41.913389712305026,,,210
1771881900,1.17867,1.17883,1.17864,1.17868,37.78811522043476,41.801971238028734,,,225
1771882200,1.17868,1.17894,1.17865,1.17893,45.63856346924147,42.49824455055711,,,311
1771882500,1.17893,1.17903,1.17887,1.17887,44.197077003460244,42.20611915921522,,,134
1771882800,1.17887,1.17892,1.17883,1.17889,44.822685432781896,42.2044293582141,,,112
1771883100,1.17889,1.17892,1.17886,1.17888,44.55372748929363,42.21826129135574,,,163
1771883400,1.17888,1.17893,1.1786,1.1786,37.72741364688325,42.015205015131855,,,202
1771883700,1.1786,1.1787,1.17841,1.17849,35.430727682613664,41.55265376657156,,,1080
1771884000,1.17849,1.17866,1.1784,1.17857,38.369217884141094,41.665821176227624,,,74
1771884300,1.17857,1.17857,1.17844,1.17853,37.451473053891625,41.51577386027487,,,26
1771884600,1.17853,1.17859,1.17851,1.17851,36.975256072089124,40.68307516976672,,,35
1771884900,1.17851,1.17853,1.17848,1.17851,36.975256072089124,40.17322930568811,,,23
1771885200,1.17851,1.17852,1.17845,1.17847,35.91594707874141,39.52561361482732,,,25
1771885500,1.17847,1.17851,1.17847,1.17851,37.83395069172452,39.36657353832381,,,20
1771885800,1.17851,1.17853,1.17844,1.17845,36.08912615717671,39.26918121104018,,,31
1771886100,1.17845,1.17863,1.17845,1.17858,42.298321173971644,39.59133877914996,,,249
1771886400,1.17858,1.1786,1.17852,1.17854,40.97908037150514,39.25851855788308,,,457
1771886700,1.17854,1.17872,1.17853,1.17863,45.12608120134295,39.32487600058898,,,494
1771887000,1.17863,1.17868,1.17859,1.17867,46.91146287968326,39.47407438965337,,,354
1771887300,1.17867,1.17868,1.17859,1.17863,45.323383861650896,39.529049844821735,,,88
1771887600,1.17863,1.17906,1.17853,1.17906,60.718280297795225,41.17125460560117,,,281
1771887900,1.17906,1.1791,1.17898,1.17903,59.46039677503981,42.887659540774465,,,108
1771888200,1.17903,1.17919,1.17903,1.17919,63.771201126568236,44.702086915233544,,,90
1771888500,1.17919,1.17923,1.17909,1.1791,59.91197968311788,46.306408817321135,,,55
1771888800,1.1791,1.17912,1.17891,1.17894,53.691257136561006,47.50040889335484,,,72
1771889100,1.17894,1.17899,1.17889,1.17896,54.32960386402527,48.74000516420741,,,65
1771889400,1.17896,1.17911,1.17896,1.17905,57.18944371202244,50.259540638013206,,,94
1771889700,1.17905,1.17923,1.17898,1.17923,62.277192102607245,52.00548645307625,,,157
1771890000,1.17923,1.17946,1.17919,1.17937,65.6923153242233,54.119999965008155,,,229
1771890300,1.17937,1.17954,1.17929,1.17947,67.92595323407699,55.95054511215854,,,186
1771890600,1.17947,1.17948,1.17927,1.17937,63.47542401963957,57.557426801310996,,,233
1771890900,1.17937,1.17939,1.17926,1.17928,59.685159943702196,58.597360997193796,,,114
1771891200,1.17928,1.17946,1.17915,1.17923,57.62643745508169,59.36271632400798,,,499
1771891500,1.17923,1.17924,1.17906,1.17911,52.90949091149137,59.90458111328229,,,183
1771891800,1.17911,1.1794,1.17911,1.17923,56.724260921637864,59.619294014985336,,,272
1771892100,1.17923,1.17937,1.17922,1.17922,56.314848203750046,59.39461197417893,,,159
1771892400,1.17922,1.17929,1.17906,1.17908,50.78812881127336,58.467249665943584,,,199
1771892700,1.17908,1.17912,1.17897,1.17907,50.40759163353252,57.7883648052589,,,214
1771893000,1.17907,1.17934,1.17897,1.17931,58.45334738427857,58.1285141086673,,,463
1771893300,1.17931,1.17961,1.1793,1.17953,64.1887879930401,58.83274154645408,,,465
1771893600,1.17953,1.17955,1.17923,1.17927,54.59633670981303,58.64751961772483,,,264
1771893900,1.17927,1.17937,1.1792,1.17921,52.64127959188677,57.959240152673374,,,206
1771894200,1.17921,1.17924,1.17885,1.17895,45.10395300249015,56.48864284397815,,,355
1771894500,1.17895,1.17902,1.17875,1.17879,41.19494843688552,54.579285358464475,,,462
1771894800,1.17879,1.17879,1.17835,1.17842,33.88207584875923,52.46547477483017,,,857
1771895100,1.17842,1.17858,1.17829,1.17851,36.820055296477946,50.832253014314155,,,687
1771895400,1.17851,1.17852,1.17812,1.17823,32.04871521162865,49.005272854067506,,,505
1771895700,1.17823,1.17835,1.17779,1.17791,27.640362797319483,47.20033513162666,,,988
1771896000,1.17791,1.17822,1.17768,1.17775,25.734318289095683,44.98676780073079,,,821
1771896300,1.17775,1.17775,1.17722,1.17736,21.78997013772188,42.520705081728785,,,670
1771896600,1.17736,1.17779,1.17716,1.17775,32.87050307734363,41.24087467216237,,,899
1771896900,1.17775,1.17777,1.17763,1.17768,31.99433112031639,39.925641778361225,,,462
1771897200,1.17768,1.17806,1.17768,1.17799,39.66448942381583,38.583580495471026,,,495
1771897500,1.17799,1.1782,1.17798,1.1781,42.15748800240235,37.009916210425466,,,403
1771897800,1.1781,1.17831,1.17803,1.17804,41.15851896845587,36.05007208604281,,,340
1771898100,1.17804,1.17817,1.17782,1.17817,44.24146176239422,35.45008509822191,,,482
1771898400,1.17817,1.17844,1.17815,1.17819,44.72131770724217,35.4227540057042,,,807
1771898700,1.17819,1.17843,1.17819,1.17843,50.25386085324024,36.06981917830097,,,355
1771899000,1.17843,1.17844,1.17811,1.17818,45.18117362096156,36.87689759060113,,,398
1771899300,1.17818,1.17818,1.17782,1.17793,40.751268099867104,37.15769850512893,,,298
1771899600,1.17793,1.17812,1.17788,1.17799,42.2156130411073,37.883905492948834,,,339
1771899900,1.17799,1.17822,1.17788,1.17822,47.56547905303997,39.30712808264315,,,280
1771900200,1.17822,1.1783,1.17801,1.17819,46.9548312746472,40.82287901018255,,,218
1771900500,1.17819,1.17841,1.17819,1.17836,50.80872171856606,42.89564698024285,,,199
1771900800,1.17836,1.17836,1.17812,1.17817,46.72295821872934,43.885108061770396,,,142
1771901100,1.17817,1.17826,1.17816,1.17823,48.141166547711244,45.03845344944146,,,137
1771901400,1.17823,1.17842,1.17823,1.17824,48.387762559593725,45.66154438771131,,,220
1771901700,1.17824,1.17838,1.17812,1.17837,51.60923088686381,46.33666887945856,,,177
1771902000,1.17837,1.17853,1.17833,1.17848,54.213425003445,47.269162167672064,,,202
1771902300,1.17848,1.1785,1.17828,1.17836,50.98964036321989,47.7511749248739,,,255
1771902600,1.17836,1.17837,1.17823,1.17823,47.68169981665613,47.96263078983203,,,230
1771902900,1.17823,1.17824,1.17795,1.178,42.43625885298411,47.4042306469566,,,175
1771903200,1.178,1.17806,1.17787,1.178,42.43625885298411,47.20816530638678,,,201
1771903500,1.178,1.17807,1.17782,1.17782,38.5837088693533,47.05333964706437,,,164
1771903800,1.17782,1.17788,1.17776,1.17787,40.20753611738604,46.909905581084274,,,209
1771904100,1.17787,1.1779,1.17781,1.17788,40.54610824718991,46.408521952094986,,,132
1771904400,1.17788,1.17791,1.17767,1.17776,37.781403418085056,45.75327710519769,,,201
1771904700,1.17776,1.17778,1.17767,1.17778,38.53366750568604,44.8764875185634,,,152
1771905000,1.17778,1.17785,1.17772,1.17772,37.08504615886733,44.18806522857325,,,166
1771905300,1.17772,1.17773,1.17749,1.1775,32.291481217046396,43.05594484781148,,,210
1771905600,1.1775,1.17766,1.17747,1.17752,33.1376046464123,41.96664785401281,,,189
1771905900,1.17752,1.17752,1.17732,1.17735,29.736051104144394,40.40427786953285,,,270
1771906200,1.17735,1.17738,1.17723,1.17726,28.091993501219818,38.53846133365961,,,144
1771906500,1.17726,1.17742,1.17726,1.17737,32.96995224949049,37.25134075410752,,,151
1771906800,1.17737,1.17738,1.17724,1.17724,30.349658207918083,36.0133377820548,,,159
1771907100,1.17724,1.17735,1.17707,1.17709,27.62183152469717,34.95516440146288,,,295
1771907400,1.17709,1.17716,1.17685,1.17689,24.464483599453345,33.67146616906782,,,459
1771907700,1.17689,1.17694,1.17679,1.17693,26.279468867594673,32.79259188322792,,,263
1771908000,1.17693,1.17697,1.1768,1.17683,24.682709662578503,31.683675707884525,,,208
1771908300,1.17683,1.17709,1.17683,1.17703,33.3987619402874,31.1731509716772,,,170
1771908600,1.17703,1.17703,1.17687,1.17697,32.19505637830585,30.774126183121545,,,139
1771908900,1.17697,1.17707,1.17692,1.17696,31.988131738465313,30.30658791403435,,,131
1771909200,1.17696,1.17706,1.17685,1.17695,31.768244051029114,29.926816334903048,,,206
1771909500,1.17695,1.17711,1.17692,1.17711,38.99408870875188,30.40557401288201,,,250
1771909800,1.17711,1.17718,1.17707,1.17714,40.271324017551,30.915125396534773,,,184
1771910100,1.17714,1.17719,1.17702,1.17705,37.71993946215583,31.485403136392733,,,189
1771910400,1.17705,1.17713,1.17697,1.17698,35.81914381590252,32.037342444584354,,,195
1771910700,1.17698,1.17699,1.17692,1.17697,35.54358625640289,32.2211734450781,,,182
1771911000,1.17697,1.17724,1.17693,1.17723,46.96711792275425,33.408134853280686,,,245
1771911300,1.17723,1.17732,1.17721,1.17728,48.84473042715947,34.924056203456566,,,155
1771911600,1.17728,1.17728,1.17723,1.17723,47.05077278866654,36.537362574114645,,,73
1771911900,1.17723,1.17744,1.17719,1.17739,52.999591824826076,38.44594278534546,,,179
1771912200,1.17739,1.17758,1.17727,1.17753,57.49907142356598,40.789968625416,,,216
1771912500,1.17753,1.17803,1.17753,1.17799,68.2531975622599,43.27957116984261,,,536
1771912800,1.17799,1.17815,1.17785,1.17813,70.68444786590936,46.02881341895716,,,342
1771913100,1.17813,1.17823,1.17802,1.17814,70.85613332051545,48.80509924624645,,,264
1771913400,1.17814,1.17821,1.17792,1.17795,63.27388178528317,51.055501941550304,,,228
1771913700,1.17795,1.17807,1.17785,1.17801,64.56347918171687,52.881886975333536,,,305
1771914000,1.17801,1.17806,1.17787,1.17787,59.32862186554518,54.24312253590455,,,253
1771914300,1.17787,1.17792,1.17771,1.17784,58.23891644327299,55.708763748841484,,,290
1771914600,1.17784,1.17801,1.17777,1.17787,59.04893457479806,57.368034517334024,,,284
1771914900,1.17787,1.17818,1.17784,1.17812,65.12045225672784,59.48066780307152,,,254
1771915200,1.17812,1.17812,1.17789,1.17797,59.427285727656866,60.37067978913599,,,203
1771915500,1.17797,1.1781,1.17787,1.17792,57.61900577233119,60.997413742362546,,,164
1771915800,1.17792,1.17803,1.17781,1.17803,60.46888344407326,61.95585021774874,,,201
1771916100,1.17803,1.17813,1.17793,1.17803,60.46888344407326,62.489371047694966,,,285
1771916400,1.17803,1.17803,1.17776,1.17779,51.675990058955264,62.073436664508485,,,327
1771916700,1.17779,1.1778,1.17716,1.17753,44.18083580871428,60.353982253540934,,,2078
1771917000,1.17753,1.17758,1.17714,1.17747,42.64371026803293,58.35107242512119,,,1506
1771917300,1.17747,1.17778,1.17716,1.17774,50.91904570360574,56.92699473819907,,,1100
1771917600,1.17774,1.17774,1.17732,1.17747,44.07133442594355,55.55538421253194,,,674
1771917900,1.17747,1.17773,1.17733,1.17757,46.91860308468846,54.29503591988706,,,685
1771918200,1.17757,1.17824,1.17757,1.17815,59.72534138473745,54.323373028400795,,,953
1771918500,1.17815,1.1782,1.17792,1.17812,58.933323354283985,54.37297352204443,,,507
1771918800,1.17812,1.17821,1.17788,1.178,55.74871545969438,54.13724358525131,,,491
1771919100,1.178,1.17807,1.17773,1.17779,50.59602379543114,53.0997844094444,,,429
1771919400,1.17779,1.17785,1.17744,1.17771,48.74757394441128,52.3369478534983,,,563
1771919700,1.17771,1.17794,1.17746,1.17791,53.33729110909214,52.03111109183836,,,582
1771920000,1.17791,1.17809,1.17768,1.17771,48.64589230130885,51.18661172449805,,,858
1771920300,1.17771,1.17774,1.17732,1.17746,43.49581691260961,49.9742498293935,,,668
1771920600,1.17746,1.17803,1.17742,1.17777,50.49465395339136,49.88986867899609,,,660
1771920900,1.17777,1.17811,1.17772,1.17803,55.475887354056766,50.69665807509198,,,805
1771921200,1.17803,1.17882,1.17796,1.17878,66.07886349713837,52.37059759145665,,,754
1771921500,1.17878,1.17881,1.1784,1.17872,64.75039996457535,53.3585514672402,,,651
1771921800,1.17872,1.17897,1.17856,1.17867,63.602861725780876,54.75366056008572,,,728
1771922100,1.17867,1.17887,1.17859,1.17868,63.741266801273596,55.95527939698466,,,770
1771922400,1.17868,1.1788,1.17846,1.17878,65.1677005536888,56.34401933762404,,,481
1771922700,1.17878,1.17883,1.17856,1.17856,59.61151777944128,56.39246179656384,,,532
1771923000,1.17856,1.17872,1.17847,1.17858,59.94585413171305,56.692257415993744,,,663
1771923300,1.17858,1.1788,1.17835,1.17835,54.37167055432753,56.96194647020064,,,697
1771923600,1.17835,1.17859,1.1783,1.17847,56.6372387414848,57.52549395570588,,,644
1771923900,1.17847,1.17855,1.17839,1.17847,56.63723874148479,57.76120450087679,,,429
1771924200,1.17847,1.17903,1.17843,1.17885,63.32504751019346,58.80971558722569,,,824
1771924500,1.17885,1.17885,1.17839,1.17867,58.706290172908716,59.89617796296134,,,472
1771924800,1.17867,1.17898,1.17863,1.17897,63.486398374315954,60.824159707313086,,,446
1771925100,1.17897,1.17908,1.17867,1.17887,60.95351043031814,61.21541849847461,,,618
1771925400,1.17887,1.17929,1.17881,1.17918,65.54295094580867,61.17713903052249,,,381
1771925700,1.17918,1.1793,1.17898,1.17898,60.59455612451092,60.88029304194646,,,502
1771926000,1.17898,1.17898,1.1787,1.17878,56.038301370237576,60.33996730226479,,,360
1771926300,1.17878,1.17887,1.17872,1.17877,55.81232698788119,59.77361445845105,,,269
1771926600,1.17877,1.17884,1.17864,1.17866,53.2677479220027,58.92361784190204,,,251
1771926900,1.17866,1.17883,1.17862,1.17875,55.07256004725972,58.599406575317644,,,339
1771927200,1.17875,1.17892,1.1786,1.17874,54.81922785732017,58.233218984289586,,,443
1771927500,1.17874,1.17883,1.17867,1.17878,55.69710133696214,58.32789261162063,,,286
1771927800,1.17878,1.17879,1.17839,1.17842,46.87030248859867,57.63025430784305,,,397
1771928100,1.17842,1.17854,1.17821,1.17847,48.10053086046016,57.02048945919844,,,391
1771928400,1.17847,1.17854,1.17837,1.17849,48.61309185983245,55.96963548417265,,,332
1771928700,1.17849,1.17855,1.17844,1.17853,49.68339946895893,55.32514329103338,,,302
1771929000,1.17853,1.17901,1.17853,1.17884,57.1349382316649,54.87146756655831,,,513
1771929300,1.17884,1.1791,1.1788,1.17888,57.999258333069804,54.660449559612005,,,474
1771929600,1.17888,1.17892,1.17864,1.1787,52.836276889155,53.75282998413674,,,425
1771929900,1.1787,1.1789,1.17867,1.17873,53.57798923017787,53.25164663454152,,,361
1771930200,1.17873,1.17877,1.1786,1.17865,51.262816984494584,52.91054060698845,,,375
1771930500,1.17865,1.17865,1.1784,1.17855,48.44482971423231,52.38429080172781,,,427
1771930800,1.17855,1.17859,1.17809,1.17817,39.548098895793906,51.404315871284325,,,656
1771931100,1.17817,1.17824,1.17801,1.17809,37.967274907250214,50.18250978985508,,,347
1771931400,1.17809,1.17828,1.17807,1.1782,41.43378482000859,49.2264067157614,,,270
1771931700,1.1782,1.17844,1.17807,1.17808,38.881176236086084,48.02526920855597,,,372
1771932000,1.17808,1.1782,1.17795,1.17798,36.84412788505937,47.30911387973173,,,441
1771932300,1.17798,1.1782,1.17795,1.1781,40.84901132016593,46.79114819828214,,,358
1771932600,1.1781,1.17819,1.17798,1.17819,43.73099379268682,46.44242690777173,,,389
1771932900,1.17819,1.17826,1.17803,1.17819,43.73099379268682,46.01725507375229,,,414
1771933200,1.17819,1.17821,1.17799,1.17819,43.73099379268682,45.05983047096815,,,326
1771933500,1.17819,1.17819,1.17794,1.178,38.75253836028133,43.68506475862612,,,336
1771933800,1.178,1.17814,1.17791,1.17802,39.532881520239236,42.73482223227499,,,457
1771934100,1.17802,1.17823,1.17799,1.17805,40.75227853923367,41.81870004006469,,,472
1771934400,1.17805,1.17822,1.17802,1.17815,44.751794729275765,41.35362702183477,,,542
1771934700,1.17815,1.17816,1.17785,1.17789,37.637737610868754,40.581691871594515,,,430
1771935000,1.17789,1.1779,1.17755,1.17759,31.42939707246937,40.00178459849991,,,437
1771935300,1.17759,1.1776,1.17743,1.17756,30.880835047800147,39.4956103228249,,,388
1771935600,1.17756,1.17763,1.17733,1.1774,28.067173943127727,38.5408524030477,,,484
1771935900,1.1774,1.1775,1.17731,1.17738,27.72709339407021,37.74413220004656,,,309
1771936200,1.17738,1.17774,1.17738,1.17755,34.94284812135619,37.608326502639194,,,419
1771936500,1.17755,1.17762,1.17748,1.17754,34.72323304105609,37.170770911274204,,,376
1771936800,1.17754,1.17784,1.17754,1.17754,34.723233041056076,36.527359429014865,,,500
1771937100,1.17754,1.17768,1.17728,1.17768,40.767723352702774,36.315697254730296,,,492
1771937400,1.17768,1.17781,1.17759,1.17772,42.4085977596264,36.22124039522598,,,374
1771937700,1.17772,1.17835,1.17769,1.17812,55.64204793195108,37.42763393605953,,,994
1771938000,1.17812,1.17813,1.17765,1.17786,47.93227609348247,38.027590691291195,,,941
1771938300,1.17786,1.17804,1.17761,1.17768,43.44425757546331,38.21987490816474,,,717
1771938600,1.17768,1.17805,1.17763,1.17778,46.444411664777654,38.34077611784345,,,669
1771938900,1.17778,1.17782,1.1775,1.17755,41.05056593271312,38.58454956940375,,,657
1771939200,1.17755,1.17773,1.17751,1.17765,44.09078778047604,39.48893461997566,,,572
1771939500,1.17765,1.17784,1.1775,1.17763,43.60640290107514,40.39790375235244,,,541
1771939800,1.17763,1.17767,1.17724,1.17735,37.40995718547867,41.06524541252037,,,645
1771940100,1.17735,1.17782,1.17714,1.17756,43.85398319063339,42.21716611227488,,,639
1771940400,1.17756,1.17758,1.17713,1.17714,35.894353694788194,42.28513079609145,,,502
1771940700,1.17714,1.17716,1.17688,1.17693,32.69863785012346,42.140516853881984,,,523
1771941000,1.17693,1.177,1.1768,1.17694,33.00451914165173,42.0177515753531,,,633
1771941300,1.17694,1.17732,1.17694,1.17721,40.82471876314706,42.02182267609913,,,568
1771941600,1.17721,1.1777,1.17712,1.17748,47.432752495474666,42.380690871516855,,,723
1771941900,1.17748,1.17765,1.17723,1.17724,42.852015713774264,41.46711714164708,,,740
1771942200,1.17724,1.17724,1.17678,1.17697,38.3634103615209,40.78362673222126,,,759
1771942500,1.17697,1.17714,1.17672,1.17704,40.11478375945767,40.54580717393514,,,664
1771942800,1.17704,1.17733,1.17696,1.1773,46.22656648618865,40.530246804035926,,,843
1771943100,1.1773,1.17765,1.17711,1.17749,50.224442778718604,41.185523721607744,,,775
1771943400,1.17749,1.17762,1.17736,1.17758,52.043242936265365,41.753556232735555,,,700
1771943700,1.17758,1.17785,1.17749,1.17757,51.81668428744343,42.34000490319043,,,906
1771944000,1.17757,1.17764,1.1772,1.17727,45.42755603398374,42.91269053522651,,,956
1771944300,1.17727,1.17739,1.17711,1.17731,46.376950970801005,43.0929025195242,,,792
1771944600,1.17731,1.17749,1.17701,1.17706,41.515674644107165,43.49442544447555,,,622
1771944900,1.17706,1.1776,1.17701,1.17733,47.87097599021032,44.578163883053186,,,743
1771945200,1.17733,1.17738,1.1767,1.17703,42.36262393017551,45.24659993937631,,,1035
1771945500,1.17703,1.17717,1.17688,1.17709,43.756538408880424,45.456015628357264,,,960
1771945800,1.17709,1.17715,1.17691,1.17699,41.93619074929306,45.063404075058585,,,894
1771946100,1.17699,1.17699,1.1766,1.17667,36.67783741660332,44.622391339546375,,,763
1771946400,1.17667,1.17703,1.17667,1.17675,38.74570176956664,44.6496978686925,,,875
1771946700,1.17675,1.17722,1.17671,1.17716,48.10001838282947,45.22007177036192,,,874
1771947000,1.17716,1.17806,1.17699,1.178,61.18009026203746,46.28818061149398,,,1043
1771947300,1.178,1.1781,1.17741,1.17749,52.52477826149307,46.452490288835016,,,935
1771947600,1.17749,1.17765,1.17721,1.17743,51.59989443487208,46.420822538735486,,,1035
1771947900,1.17743,1.17784,1.17728,1.17775,56.04530278944397,46.72286671744981,,,853
1771948200,1.17775,1.17782,1.1771,1.17745,51.28924003511536,47.14155843181636,,,1042
1771948500,1.17745,1.1776,1.17715,1.17727,48.62307684813309,47.30199599448294,,,1062
1771948800,1.17726,1.17776,1.1772,1.17764,53.92506876836667,48.1883812890729,,,1052
1771949100,1.17764,1.1782,1.17764,1.17816,60.149393076815976,49.065411080973306,,,723
1771949400,1.17816,1.17857,1.17815,1.17855,64.06981587960883,50.61592479164709,,,569
1771949700,1.17855,1.17873,1.17853,1.17868,65.2954144820852,52.15441593973314,,,522
1771950000,1.17868,1.17885,1.17862,1.17873,65.7789116859262,53.857467435206935,,,469
1771950300,1.17873,1.17901,1.17868,1.17895,67.89812587111116,56.08748803910036,,,592
1771950600,1.17895,1.17899,1.17849,1.17852,60.06822454651148,57.6105253803107,,,708
1771950900,1.17852,1.17877,1.17847,1.17858,60.74840367892478,58.51398147288893,,,628
1771951200,1.17858,1.17888,1.17852,1.17879,63.11644965515259,58.65229285811144,,,631
1771951500,1.17879,1.17895,1.17851,1.17851,58.08471118019717,59.04943092373316,,,655
1771951800,1.17851,1.17898,1.1785,1.17877,61.179536988931524,59.73369110616598,,,537
1771952100,1.17877,1.17891,1.17867,1.1788,61.53246867678568,60.125631526690384,,,446
1771952400,1.1788,1.17887,1.1786,1.17877,60.93586271387744,60.81467600374482,,,468
1771952700,1.17877,1.17883,1.17863,1.17865,58.49282310718261,61.51965787939122,,,357
1771953000,1.17865,1.17879,1.17855,1.17873,59.6541379252024,61.92887710487948,,,390
1771953300,1.17873,1.17883,1.17852,1.17857,56.26359734218561,61.6513202666916,,,409
1771953600,1.17857,1.17869,1.17833,1.17833,51.532264085021794,60.75578085279253,,,204
1771953900,1.17833,1.17848,1.17822,1.17828,50.5780160404523,59.70453810696161,,,387
1771954200,1.17828,1.17836,1.17817,1.17835,51.92033645107594,58.714639875900865,,,325
1771954500,1.17835,1.17854,1.17822,1.17849,54.57751991268784,57.76316802172778,,,387
1771954800,1.17849,1.1787,1.17848,1.17865,57.470385138613175,57.57760806402075,,,245
1771955100,1.17865,1.17871,1.17854,1.17858,55.79612051019276,57.22387355196846,,,296
1771955400,1.17858,1.17866,1.17848,1.17866,57.326213430581575,56.81028525021339,,,308
1771955700,1.17866,1.17875,1.17853,1.17855,54.53116353321267,56.55646041828593,,,367
1771956000,1.17855,1.17865,1.17824,1.17827,48.10206529242161,55.622355297106644,,,516
1771956300,1.17827,1.17834,1.17812,1.17812,45.03863218591254,54.44422411918713,,,409
1771956600,1.17812,1.17832,1.17807,1.17832,49.643562826235595,53.63763127006985,,,269
1771956900,1.17832,1.17833,1.17812,1.17821,47.29641132403351,52.83788757127349,,,239
1771957200,1.17821,1.17834,1.1782,1.17828,48.950503405605254,52.073342248445115,,,163
1771957500,1.17828,1.17866,1.17827,1.17841,51.96560411764745,51.76634273240668,,,391
1771957800,1.17841,1.17853,1.17806,1.17806,44.36780691904395,51.25459579197969,,,386
1771958100,1.17806,1.17826,1.178,1.17812,45.82997940283757,50.91545031786436,,,303
1771958400,1.17812,1.17814,1.17788,1.17788,41.16890132398713,50.147490665929446,,,182
1771958700,1.17788,1.17794,1.17781,1.17788,41.16890132398713,49.18973219530796,,,160
1771959000,1.17788,1.17814,1.17788,1.17803,45.20816275898708,48.31385916819182,,,259
1771959300,1.17803,1.17803,1.17771,1.17784,41.33667761371513,47.28104181844342,,,495
1771959600,1.17784,1.17794,1.17764,1.17787,42.17865660286557,46.19907347360656,,,368
1771959900,1.17787,1.17797,1.17787,1.1779,43.058784956511836,45.37961786098507,,,276
1771960200,1.1779,1.17811,1.17788,1.1781,48.66843494547629,45.42007283620326,,,277
1771960500,1.1781,1.1781,1.17793,1.17793,44.642547635786855,45.391781082622856,,,163
1771960800,1.17793,1.17796,1.17766,1.17769,39.65528425134447,44.67833261298778,,,199
1771961100,1.17769,1.17814,1.17768,1.17812,50.35618588403764,44.89688793870236,,,496
1771961400,1.17813,1.17823,1.17808,1.17813,50.575687635260365,45.012972526534874,,,234
1771961700,1.17813,1.17828,1.1781,1.17828,53.870477704442095,45.149034925591636,,,154
1771962000,1.17828,1.17841,1.17822,1.17823,52.61146266737364,45.73786747904376,,,242
1771962300,1.17823,1.17824,1.17807,1.17807,48.68994616892336,45.94215081947846,,,209
1771962600,1.17807,1.17809,1.17782,1.17787,44.24996341757986,46.16222668330651,,,186
1771962900,1.17787,1.17796,1.17775,1.17788,44.522368113999136,46.40176002545023,,,372
1771963200,1.17788,1.17795,1.17766,1.17767,40.09207972476684,46.03632552300592,,,273
1771963500,1.17767,1.17778,1.17762,1.17778,43.2761143928071,46.17485672151249,,,246
1771963800,1.17778,1.17782,1.17774,1.17778,43.2761143928071,46.25324656365117,,,237
1771964100,1.17778,1.17778,1.17751,1.17771,41.642661027656274,46.152094854447206,,,332
1771964400,1.17771,1.17787,1.17769,1.17783,45.444264244243534,45.92179694721629,,,315
1771964700,1.17783,1.17802,1.17776,1.17781,44.919051427520905,45.94154721805444,,,272
1771965000,1.17781,1.17798,1.17781,1.17798,50.188766617386705,46.69393881562888,,,276
1771965300,1.17798,1.17829,1.17797,1.17826,57.41534417198989,47.19816440762547,,,282
1771965600,1.17826,1.17834,1.17816,1.17824,56.78166397495615,47.64144843188945,,,393
1771965900,1.17824,1.17828,1.17812,1.17813,53.29751665742638,47.6005226428169,,,194
1771966200,1.17813,1.17818,1.17777,1.17777,43.82070492519336,46.97261137551832,,,368
1771966500,1.17777,1.17782,1.17751,1.17752,38.67747871418276,46.257435128751126,,,532
1771966800,1.17752,1.17769,1.1775,1.17758,40.48296211547648,45.98836360717231,,,240
1771967100,1.17758,1.1776,1.17742,1.17758,40.48296211547648,45.69983460727784,,,190
1771967400,1.17758,1.17764,1.17743,1.17748,38.30311655308332,45.57205152358616,,,123
1771967700,1.17748,1.17757,1.17748,1.17757,41.36331805256413,45.435423213568804,,,113
1771968000,1.17757,1.17757,1.17745,1.17745,38.613231480669704,45.10236014841613,,,149
1771968300,1.17745,1.17756,1.17742,1.17756,42.394120504302215,45.156035825319414,,,132
1771968600,1.17756,1.17761,1.1774,1.17745,39.757071341320795,44.74980776082493,,,142
1771968900,1.17745,1.17749,1.17742,1.17748,40.83793074407265,44.458299140578625,,,100
1771969200,1.17748,1.17759,1.17748,1.17759,44.752061416960885,44.06996305483393,,,86
1771969500,1.17759,1.17759,1.1774,1.17755,43.62187956604445,43.08471558298068,,,179
1771969800,1.17755,1.17755,1.17736,1.17738,39.10217719638646,41.82189509879713,,,152
1771970100,1.17738,1.1774,1.17719,1.17724,35.811454959006,40.5728906917671,,,457
1771970400,1.17724,1.17724,1.17712,1.17714,33.63411172225686,39.845276891557354,,,38
1771970700,1.17714,1.17718,1.17714,1.17716,34.49196727556685,39.54631178879907,,,16
1771971000,1.17716,1.17722,1.17716,1.17719,35.831843740436625,39.21408904772479,,,38
1771971300,1.17719,1.17737,1.17717,1.17737,43.322453576344444,39.41690986635823,,,48
1771971600,1.17737,1.17739,1.17732,1.17738,43.71554921602962,39.80351219942582,,,22
1771971900,1.17738,1.17739,1.17717,1.17719,38.28269586040025,39.5834677571284,,,104
1771972200,1.17719,1.17738,1.17717,1.17729,42.34401853242495,39.84995254653949,,,199
1771972500,1.17729,1.17764,1.17727,1.17743,47.54799540383627,40.21808646793478,,,202
1771972800,1.17743,1.17746,1.1773,1.17731,43.89115589589351,40.51337822183283,,,65
1771973100,1.17731,1.17738,1.17727,1.1773,43.59029418169788,40.70997561023463,,,50
1771973400,1.1773,1.17733,1.17726,1.17731,44.003659689150176,40.65651834396244,,,44
1771973700,1.17731,1.17733,1.17728,1.17731,44.003659689150176,40.683788352755705,,,40
1771974000,1.17731,1.17741,1.17727,1.1773,43.63283960818622,41.0074070964557,,,158
1771974300,1.1773,1.17741,1.17729,1.17734,45.60734963184743,41.70711385880151,,,95
1771974600,1.17734,1.17744,1.17733,1.17734,45.60734963184743,42.562345138057985,,,130
1771974900,1.17734,1.1774,1.17734,1.17736,46.69022727619571,43.433649423817194,,,81
1771975200,1.17736,1.17739,1.17726,1.17739,48.35124759388022,44.32789255620601,,,99
1771975500,1.17739,1.17745,1.17738,1.17744,51.08669611030702,44.88248130863191,,,63
1771975800,1.17744,1.17749,1.17744,1.17747,52.705215456943456,45.52460032584004,,,44
1771976100,1.17747,1.17748,1.17742,1.17742,49.75046072779991,46.34372638779716,,,84
1771976400,1.17742,1.17749,1.17738,1.17744,50.935359206154864,46.957393578777875,,,122
1771976700,1.17744,1.17759,1.17744,1.17756,57.422653283007485,47.662726284432964,,,139
1771977000,1.17756,1.17756,1.17745,1.17749,53.018860938067554,48.314705216016826,,,102
1771977300,1.17749,1.17751,1.17738,1.1774,47.92936889452911,48.62463912407619,,,105
1771977600,1.1774,1.17763,1.17733,1.17739,47.38508202510736,48.86616929093027,,,376
1771977900,1.17739,1.17746,1.17733,1.17744,50.41697491348932,49.324263235525926,,,204
1771978200,1.17744,1.1777,1.17742,1.17759,58.199074622167885,50.36470859366748,,,257
1771978500,1.17759,1.17776,1.17752,1.17776,64.91917701127755,51.74412483505535,,,250
1771978800,1.17776,1.17781,1.17759,1.17759,55.3383897836407,52.43919913161202,,,210
1771979100,1.17759,1.17771,1.17757,1.17768,58.80460211559323,53.30451162014042,,,235
1771979400,1.17768,1.17778,1.17756,1.17768,58.80460211559322,54.05117980026277,,,752
1771979700,1.17768,1.17793,1.17762,1.17779,62.88743242317926,54.8940895368965,,,402
1771980000,1.17779,1.17782,1.17768,1.17773,59.42768278019087,55.374265774271315,,,345
1771980300,1.17773,1.17773,1.17754,1.17766,55.58553493816548,55.79105678929743,,,419
1771980600,1.17766,1.17776,1.1775,1.17763,53.974943557609414,56.00816995725847,,,767
1771980900,1.17763,1.17799,1.17754,1.17779,60.541628105315255,56.23095387313759,,,556
1771981200,1.17779,1.17788,1.17768,1.17769,55.237092870066135,56.389399011137485,,,666
1771981500,1.17769,1.17779,1.17758,1.17774,57.2538115737403,57.055430631081144,,,321
1771981800,1.17774,1.17781,1.17763,1.17776,58.067618248710694,57.8184689327671,,,392
1771982100,1.17776,1.17808,1.17773,1.17791,63.65618354063196,58.764126691848716,,,650
1771982400,1.17791,1.17791,1.17765,1.17767,51.76796995590778,58.30476207283014,,,364
1771982700,1.17767,1.1779,1.17767,1.17787,58.69138098372283,57.85991949943337,,,317
1771983000,1.17787,1.1781,1.17774,1.17803,63.237718746731325,58.42415728251127,,,384
1771983300,1.17803,1.17819,1.17785,1.17785,55.79769251835094,58.209378025565385,,,469
1771983600,1.17785,1.17804,1.17785,1.17798,59.50340961943678,58.2592928472685,,,281
1771983900,1.17798,1.17799,1.17782,1.17784,54.230611002992255,57.64094846011228,,,383
1771984200,1.17784,1.1779,1.17766,1.17788,55.44542088778254,57.35650118208311,,,271
1771984500,1.17788,1.17791,1.17763,1.17784,53.9046291250756,57.23643648114812,,,431
1771984800,1.17784,1.17801,1.17782,1.17801,59.10593250915355,57.60293569197269,,,466
1771985100,1.17801,1.17837,1.17798,1.17837,67.47551147251423,58.09821307534405,,,321
1771985400,1.17837,1.17844,1.17828,1.17844,68.81213520243539,59.06785895622757,,,496
1771985700,1.17844,1.17851,1.17835,1.17844,68.8121352024354,59.89345350113437,,,458
1771986000,1.17844,1.17845,1.17821,1.1783,62.82359664673077,60.233166243850086,,,246
1771986300,1.1783,1.17849,1.17825,1.17846,66.42033469764621,60.43060561220825,,,256
1771986600,1.17846,1.1789,1.17832,1.1789,73.89889110587754,62.01138569434895,,,729
1771986900,1.1789,1.17896,1.17866,1.17869,66.30853510079059,62.55546813128235,,,897
1771987200,1.17869,1.1789,1.17855,1.17888,69.37359672489382,62.993745129722534,,,623
1771987500,1.17888,1.17895,1.17873,1.17893,70.14336716586801,64.01843617597375,,,500
1771987800,1.17893,1.17934,1.17886,1.17923,74.31479061068598,65.07639196106298,,,698
1771988100,1.17923,1.1793,1.17907,1.17922,73.94393110562945,66.48448625410849,,,542
1771988400,1.17922,1.17941,1.17901,1.17905,67.75377948132692,67.36365472507595,,,551
1771988700,1.17905,1.17939,1.17902,1.17915,69.37772681362895,68.46887598854404,,,680
1771989000,1.17915,1.17916,1.17856,1.17864,54.34581861186757,68.1288678530236,,,1057
1771989300,1.17864,1.17883,1.17859,1.17875,56.53336495421889,67.34728595885966,,,613
1771989600,1.17875,1.1789,1.1787,1.1787,55.23775369374801,66.37768727966771,,,369
1771989900,1.1787,1.17878,1.17859,1.17876,56.52532748063248,65.50005815668177,,,588
1771990200,1.17876,1.17899,1.17873,1.17887,58.86165226895273,65.21706212969764,,,678
1771990500,1.17887,1.1792,1.17884,1.17902,61.870763642921375,64.89209276864587,,,712
1771990800,1.17902,1.17921,1.17895,1.17897,60.28775261351582,63.91986859062002,,,603
1771991100,1.17897,1.1791,1.17887,1.17896,59.95734084557423,63.466211858104565,,,560
1771991400,1.17896,1.17911,1.1788,1.17904,61.762798004765706,62.92258337809541,,,482
1771991700,1.17904,1.17904,1.17889,1.17894,58.22856589915388,62.07152614475869,,,485
1771992000,1.17894,1.17919,1.17892,1.1791,61.97754426615288,61.190294263006315,,,409
1771992300,1.1791,1.1791,1.17896,1.17902,59.12044122822359,60.13147355747733,,,379
1771992600,1.17902,1.17904,1.17882,1.17889,54.70704570597303,59.19956400209491,,,480
1771992900,1.17889,1.179,1.17876,1.17893,55.80038508737616,58.229753878791136,,,365
1771993200,1.17893,1.17914,1.17889,1.17914,61.108314021429614,58.71278926518842,,,282
1771993500,1.17914,1.17935,1.17913,1.17929,64.39719028772504,59.27449107472457,,,300
1771993800,1.17929,1.1794,1.17922,1.17922,61.77192402617148,59.74121752704054,,,212
1771994100,1.17922,1.17929,1.17914,1.17928,63.158309138352074,60.21500193116337,,,285
1771994400,1.17928,1.17934,1.17925,1.17933,64.31958339716454,60.60485415460706,,,258
1771994700,1.17933,1.17939,1.17916,1.17931,63.457943277792026,60.7182241285264,,,268
1771995000,1.17931,1.17946,1.1793,1.17943,66.36904772616354,61.15260235085839,,,271
1771995300,1.17943,1.17961,1.17942,1.17948,67.5297578426848,61.693489279223435,,,439
1771995600,1.17948,1.17974,1.17941,1.17964,70.98118662266364,62.351945609073276,,,598
1771995900,1.17964,1.17982,1.17957,1.17969,71.98340741478471,63.334434288761194,,,405
1771996200,1.17969,1.17974,1.17963,1.1797,72.1902762705991,64.06391514622165,,,382
1771996500,1.1797,1.17982,1.17967,1.17976,73.45667664203773,65.08793196149408,,,316
1771996800,1.17976,1.17976,1.17958,1.17964,66.89544210742736,65.9585317044551,,,252
1771997100,1.17964,1.17979,1.17964,1.17979,70.44869155722438,67.00483930944425,,,267
1771997400,1.17979,1.17987,1.17974,1.17986,71.9611702100854,67.78004332291967,,,420
1771997700,1.17986,1.18009,1.17984,1.18009,76.26048177752509,68.6274212864768,,,271
1771998000,1.18009,1.18048,1.18005,1.18044,81.02786560711564,70.00284568511567,,,433
1771998300,1.18044,1.18053,1.18029,1.18051,81.81445696583563,71.33542767279307,,,358
1771998600,1.18051,1.18051,1.18023,1.18023,69.4167363637758,71.69951002755103,,,242
1771998900,1.18023,1.18024,1.18001,1.18007,63.49563746642268,71.70220246959607,,,577
1771999200,1.18007,1.18016,1.17987,1.17994,59.08573656289705,71.18196595793418,,,417
1771999500,1.17994,1.18,1.17981,1.17982,55.26984712281194,70.30625804937183,,,436
1771999800,1.17982,1.18031,1.1797,1.1802,63.34321185042008,69.760688422783,,,529
1772000100,1.1802,1.18034,1.18013,1.18033,65.62877704790029,69.30678625371984,,,435
1772000400,1.18033,1.18048,1.18024,1.18041,66.99267190851887,68.93552879928554,,,446
1772000700,1.18041,1.18051,1.18014,1.18043,67.34157580990012,68.49873588270427,,,554
1772001000,1.18043,1.18051,1.18028,1.1805,68.59291712524664,68.61998409826279,,,458
1772001300,1.1805,1.18055,1.18039,1.18055,69.49210300274245,68.55165634437124,,,316
1772001600,1.18055,1.18055,1.1802,1.1802,57.15627005024725,67.49416347581136,,,306
1772001900,1.1802,1.18034,1.18017,1.18034,60.19970478623006,66.34696511929029,,,304
1772002200,1.18034,1.18063,1.18034,1.18037,60.84162242853,64.90509060653417,,,382
1772002500,1.18037,1.1806,1.1803,1.1805,63.58261909916098,63.60281647320028,,,380
1772002800,1.1805,1.18075,1.18041,1.18071,67.53581996937265,63.46846530217148,,,566
1772003100,1.18071,1.18078,1.18055,1.18065,65.3529784880698,63.60113251800342,,,525
1772003400,1.18065,1.18074,1.18041,1.18046,58.86469316663004,63.58534370398435,,,506
1772003700,1.18046,1.18055,1.18028,1.18035,55.43338502150585,63.597024982462486,,,467
1772004000,1.18035,1.18042,1.18015,1.18016,50.0107113758155,62.644703519990735,,,488
1772004300,1.18016,1.18028,1.18004,1.18022,51.62020200324472,61.64409101680105,,,508
1772004600,1.18022,1.18022,1.18001,1.18004,46.75657638618941,60.198655622348944,,,442
1772004900,1.18004,1.18022,1.17996,1.18005,47.05503032833774,58.7496166593802,,,578
1772005200,1.18005,1.18029,1.18001,1.18016,50.35182574247745,57.44668156061097,,,587
1772005500,1.18016,1.18033,1.18012,1.18029,53.99754835189436,56.33992765697896,,,416
1772005800,1.18029,1.1806,1.18014,1.18014,49.48247945082696,55.79179975702038,,,646
1772006100,1.18014,1.18018,1.1797,1.17972,39.5184874782302,54.3145699493061,,,1168
1772006400,1.17972,1.17999,1.17968,1.17992,45.17945488381304,53.195843696112036,,,1250
1772006700,1.17992,1.17997,1.17944,1.17965,39.767932318503306,51.494794640350776,,,847
1772007000,1.17965,1.17972,1.17944,1.17952,37.44248037281624,49.345270383453894,,,656
1772007300,1.17952,1.17988,1.17951,1.1796,39.77633012263108,47.5183669287797,,,681
1772007600,1.1796,1.17963,1.17943,1.17943,36.6475042506637,45.93142486335353,,,657
1772007900,1.17943,1.17947,1.17904,1.1792,32.87923454447433,44.320414114994136,,,648
1772008200,1.1792,1.17931,1.17904,1.17924,34.1474327212091,43.18732278252225,,,541
1772008500,1.17924,1.17945,1.17923,1.1794,39.10381699484865,42.29329528192253,,,507
1772008800,1.1794,1.17948,1.17928,1.17929,37.03977744812695,41.59923821491807,,,540
1772009100,1.17929,1.17945,1.17914,1.17929,37.03977744812695,40.88386300918872,,,466
1772009400,1.17929,1.17932,1.17908,1.17914,34.18603038680442,39.72916334092637,,,441
1772009700,1.17914,1.17921,1.17894,1.17899,31.566863205351197,38.12697154474471,,,553
1772010000,1.17899,1.17903,1.17884,1.17885,29.30977519678605,36.6860640980275,,,719
1772010300,1.17885,1.17908,1.17881,1.17903,35.67783151112029,36.41173152894823,,,533
1772010600,1.17903,1.17913,1.17883,1.17886,32.683264343066824,35.5191464903235,,,435
1772010900,1.17886,1.17894,1.17863,1.17894,35.42985003057153,35.20928346975695,,,568
1772011200,1.17894,1.17915,1.17875,1.17884,33.5852050063541,34.93376380072394,,,735
1772011500,1.17884,1.17892,1.17874,1.17887,34.68388141104904,34.570017464182364,,,534
1772011800,1.17887,1.17929,1.17878,1.17918,44.83855006413352,35.1550921651445,,,943
1772012100,1.17918,1.17918,1.1788,1.17898,40.46732770072869,35.69709881916267,,,1060
1772012400,1.17898,1.17908,1.17863,1.17865,34.49227422023105,35.72173035480709,,,883
1772012700,1.17865,1.17882,1.17857,1.17863,34.16304784616713,35.36881827275841,,,746
1772013000,1.17863,1.17895,1.17861,1.17891,42.44559765517204,35.75494828754734,,,577
1772013300,1.17891,1.17901,1.17856,1.17878,39.933689369334935,35.96165628191934,,,673
1772013600,1.17878,1.17884,1.17831,1.17842,33.943136235655246,35.9443066996944,,,636
1772013900,1.17842,1.17861,1.17834,1.17851,36.50747149442726,36.297207291771265,,,462
1772014200,1.17851,1.17876,1.1785,1.17863,39.8597895546126,37.05077974590173,,,565
1772014500,1.17863,1.17869,1.17839,1.17869,41.52231184495321,37.46824262688979,,,472
1772014800,1.17869,1.17871,1.1784,1.17858,39.373339141064115,37.946105112461034,,,326
1772015100,1.17858,1.17866,1.17839,1.17843,36.59220931812146,38.029130775857446,,,446
1772015400,1.17843,1.17843,1.1781,1.17822,33.07036083979497,37.9923561925318,,,664
1772015700,1.17822,1.17845,1.17791,1.17808,30.932909525831917,37.724429629302,,,764
1772016000,1.17808,1.17827,1.178,1.17815,33.25578337897129,36.89708915179041,,,522
1772016300,1.17815,1.17817,1.178,1.1781,32.41712402640346,36.32207460362433,,,361
1772016600,1.1781,1.17818,1.17799,1.17815,34.20403275798856,36.301485927749866,,,466
1772016900,1.17815,1.17816,1.17797,1.17797,31.02387325099653,36.07725917095196,,,462
1772017200,1.17797,1.17809,1.17778,1.17788,29.544742757832324,35.1557695354277,,,626
1772017500,1.17788,1.17796,1.17774,1.17779,28.1018625960331,34.31063905162043,,,318
1772017800,1.17779,1.178,1.17774,1.17798,35.287033952359096,34.4066317456707,,,402
1772018100,1.17798,1.17798,1.17752,1.17753,28.11948787842367,33.80749005881331,,,454
1772018400,1.17753,1.17754,1.17737,1.17742,26.692221882271994,32.86694951078898,,,512
1772018700,1.17742,1.17745,1.17713,1.17715,23.53460017420049,31.582112962878067,,,381
1772019000,1.17715,1.17742,1.1771,1.17721,25.63977532804512,30.601144119090996,,,537
1772019300,1.17721,1.17758,1.17718,1.17739,31.713615108149483,30.252673104092995,,,532
1772019600,1.17739,1.17744,1.17728,1.17729,30.236007038093703,30.050219261114336,,,311
1772019900,1.17729,1.17746,1.17725,1.17731,30.929150260824315,30.049950742185224,,,414
1772020200,1.17731,1.17742,1.17727,1.17736,32.728628606941115,30.012296829897355,,,302
1772020500,1.17736,1.17766,1.17729,1.17747,36.639536058587645,30.31389768933908,,,621
1772020800,1.17747,1.17777,1.17739,1.17777,45.880445666024144,31.147927182770193,,,657
1772021100,1.17777,1.17799,1.17776,1.17795,50.54139292020589,32.54203573057086,,,465
1772021400,1.17795,1.17816,1.17795,1.17816,55.37056657917382,34.38673743209525,,,254
1772021700,1.17816,1.17826,1.17804,1.17825,57.2950622279855,36.47196597723471,,,420
1772022000,1.17825,1.17829,1.17812,1.17827,57.73126356764824,38.07512523546965,,,418
1772022300,1.17827,1.17842,1.17822,1.17827,57.73126356764824,40.19025207041426,,,485
1772022600,1.17827,1.1784,1.17808,1.17821,55.74999056673856,42.26580697644759,,,534
1772022900,1.17821,1.17828,1.17816,1.17817,54.409386562778295,44.47114886134601,,,578
1772023200,1.17817,1.17851,1.17809,1.17849,62.23352961581441,47.08498845332952,,,473
1772023500,1.17849,1.17861,1.17838,1.17853,63.086322094274735,49.32589609519562,,,436
1772023800,1.17853,1.17866,1.17843,1.17849,61.58863116857926,51.565369247373155,,,408
1772024100,1.17849,1.17867,1.17841,1.17858,63.678040185485024,53.904575670563204,,,566
1772024400,1.17858,1.17869,1.17847,1.1786,64.144794208273,56.14858749922977,,,679
1772024700,1.1786,1.17879,1.17836,1.17839,56.00653557417806,57.53194460748623,,,628
1772025000,1.17839,1.17878,1.17836,1.17878,64.91039911815521,58.89122699692416,,,675
1772025300,1.17878,1.17901,1.1787,1.17882,65.67766731381701,59.97238945361067,,,667
1772025600,1.17882,1.17888,1.17855,1.17881,65.29328624727776,60.68115514418952,,,870
1772025900,1.17881,1.17881,1.17829,1.17835,50.61786421275937,60.20421242881623,,,662
1772026200,1.17835,1.17835,1.17803,1.17815,45.798094097902506,59.35184318097725,,,691
1772026500,1.17815,1.17855,1.17814,1.17844,52.814064713096656,59.000614691366415,,,604
1772026800,1.17844,1.1786,1.17825,1.17834,50.391809801855295,58.617887493874754,,,957
1772027100,1.17834,1.17855,1.17771,1.17789,41.22828225643467,57.67638004342164,,,869
1772027400,1.17789,1.178,1.17747,1.17749,35.115562039375206,55.73938235939027,,,856
1772027700,1.17749,1.1776,1.1773,1.17735,33.257008052177525,53.608717070669044,,,770
1772028000,1.17735,1.17755,1.1773,1.17733,32.988397285348654,51.56584322186685,,,1040
1772028300,1.17733,1.17755,1.17731,1.1775,37.60174604368146,49.703250783166595,,,796
1772028600,1.1775,1.17774,1.17731,1.17762,40.70489167273735,48.02897203062834,,,1018
1772028900,1.17762,1.17787,1.17757,1.17787,46.65675065248918,47.3611302505077,,,694
1772029200,1.17787,1.17834,1.17784,1.1783,55.0198587625805,46.65466308225236,,,740
1772029500,1.1783,1.17833,1.1781,1.17825,53.96048234877202,45.817721299034865,,,499
1772029800,1.17825,1.17853,1.17812,1.17826,54.15062473058315,45.02181690498526,,,1111
1772030100,1.17826,1.17846,1.17816,1.17818,52.290071619428645,45.14126029117592,,,888
1772030400,1.17818,1.17858,1.17807,1.17855,59.26175063050824,46.1029500435049,,,1036
1772030700,1.17855,1.17888,1.17855,1.17875,62.455412347898005,46.791617731704996,,,830
1772031000,1.17875,1.17891,1.17847,1.17864,59.68405673088852,47.45534965520737,,,804
1772031300,1.17864,1.1789,1.1786,1.17862,59.16995929022748,48.736898014763995,,,1009
1772031600,1.17862,1.17899,1.17847,1.17883,62.79385555642719,50.71391898026771,,,1217
1772031900,1.17883,1.17928,1.17869,1.17912,67.13225239054421,53.13357929015105,,,978
1772032200,1.17912,1.17997,1.17893,1.17982,74.77744471150348,56.118511249162104,,,1335
1772032500,1.17982,1.18013,1.17976,1.17998,76.14339155876556,58.87148592881096,,,1201
1772032800,1.17998,1.17998,1.17923,1.17923,59.796167025405026,60.23514845400151,,,1236
1772033100,1.17923,1.17952,1.17892,1.17914,58.18193521086314,61.0583759224568,,,1189
1772033400,1.17914,1.17943,1.17893,1.17913,57.99459876428912,61.27085735115027,,,1029
1772033700,1.17913,1.17949,1.17898,1.17943,61.95251012750567,61.84171647820268,,,1225
1772034000,1.17943,1.17967,1.17934,1.17956,63.55503664772117,62.513460186569674,,,1524
1772034300,1.17956,1.18023,1.1792,1.17992,67.62202335198361,63.60859959603789,,,1710
1772034600,1.17992,1.18,1.17941,1.17991,67.39703594290194,64.18969140406601,,,1852
1772034900,1.17991,1.18018,1.17948,1.18012,69.67855414358966,64.70563010375827,,,1918
1772035200,1.18012,1.18072,1.18012,1.18033,71.80349486002207,65.57130425583924,,,1776
1772035500,1.18033,1.18037,1.18003,1.18033,71.80349486002207,66.4736996536817,,,911
1772035800,1.18033,1.18072,1.18025,1.18027,70.17392126329872,67.00084720417253,,,876
1772036100,1.18027,1.18059,1.18027,1.1804,71.6739225118141,67.32525221283467,,,617
1772036400,1.1804,1.18058,1.1803,1.1803,68.80729492459801,66.89881294234142,,,633
1772036700,1.1803,1.18032,1.18008,1.18027,67.92953712627592,66.31210905430645,,,1256
1772037000,1.18027,1.18048,1.18022,1.18025,67.31303748966069,66.84902837318184,,,878
1772037300,1.18025,1.18028,1.18006,1.18024,66.98568859146879,67.47786790036797,,,538
1772037600,1.18024,1.18027,1.17987,1.17991,57.11474712557406,67.41502135474546,,,672
1772037900,1.17991,1.18063,1.1799,1.18034,64.46317412008094,67.59435449707227,,,831
1772038200,1.18034,1.18035,1.18016,1.1802,60.809719857690474,67.39826044064151,,,602
1772038500,1.1802,1.18042,1.18003,1.1804,63.95276480855282,67.13617054468217,,,641
1772038800,1.1804,1.18082,1.18024,1.18077,68.91896387714453,67.24487968284235,,,830
1772039100,1.18077,1.18098,1.18062,1.18086,70.00158366551922,67.26795322012303,,,789
1772039400,1.18086,1.18137,1.18083,1.18115,73.23650331977345,67.37031096724813,,,779
1772039700,1.18115,1.18131,1.18104,1.18118,73.5542123919274,67.49536221952708,,,557
1772040000,1.18118,1.18124,1.18104,1.18115,72.6257547302524,67.67049318145234,,,392
1772040300,1.18115,1.18124,1.18081,1.181,68.00363321463777,67.40832966022546,,,527
1772040600,1.181,1.18115,1.18093,1.18112,69.66682830379625,67.46972490159676,,,444
1772040900,1.18112,1.18129,1.181,1.18119,70.62602297115166,67.6623310333736,,,470
1772041200,1.18119,1.18142,1.18118,1.18124,71.3235655636351,67.94879732437177,,,450
1772041500,1.18124,1.18129,1.18088,1.1809,60.757745161952634,67.50394422226347,,,427
1772041800,1.1809,1.18114,1.1808,1.18085,59.36498507700247,67.66467550450837,,,674
1772042100,1.18085,1.18088,1.18065,1.18074,56.30693952243987,67.08208731896256,,,663
1772042400,1.18074,1.18104,1.18064,1.18077,56.9581446688212,66.8069748054719,,,657
1772042700,1.18077,1.1809,1.1806,1.18074,56.05837663751747,66.24308993611223,,,570
1772043000,1.18074,1.18083,1.1807,1.18077,56.79341390699662,65.3769792239588,,,443
1772043300,1.18077,1.18109,1.18069,1.18088,59.47049008194678,64.62475825370363,,,550
1772043600,1.18088,1.18093,1.18061,1.18063,51.63937258095259,63.08210605807357,,,448
1772043900,1.18063,1.1808,1.18061,1.18072,53.988341625981974,61.68454386050604,,,492
1772044200,1.18072,1.18084,1.18048,1.18055,49.133712648509565,60.006540854667264,,,633
1772044500,1.18055,1.18066,1.18055,1.18063,51.35067649615911,58.8170439462045,,,247
1772044800,1.18063,1.18069,1.18049,1.1805,47.71160455191953,57.24881367821331,,,156
1772045100,1.1805,1.18065,1.1805,1.18062,51.15278063542418,55.85786779708992,,,198
1772045400,1.18062,1.18068,1.18058,1.1806,50.55560194844437,54.374441824576294,,,201
1772045700,1.1806,1.18067,1.18042,1.18047,46.73627214810092,53.3729080378726,,,497
1772046000,1.18047,1.18064,1.18043,1.18057,49.87336761732449,52.694935362181305,,,450
1772046300,1.18057,1.18078,1.1804,1.18077,55.51637970726242,52.63846680395435,,,223
1772046600,1.18077,1.18092,1.18072,1.18089,58.532743304603606,52.75093813508166,,,292
1772046900,1.18089,1.18089,1.18068,1.18068,51.90026452249899,52.453930126866055,,,242
1772047200,1.18068,1.18069,1.18059,1.18063,50.43490696905264,51.99975105987006,,,222
1772047500,1.18063,1.18064,1.18036,1.18042,44.723491998740315,50.94639405392674,,,243
1772047800,1.18042,1.18044,1.18029,1.18033,42.502072900021034,50.29372979100306,,,186
1772048100,1.18033,1.18039,1.18028,1.18038,44.161435208261956,49.591807904023064,,,247
1772048400,1.18038,1.18062,1.18032,1.18058,50.33560864986874,49.67765761840586,,,368
1772048700,1.18058,1.18072,1.18056,1.18064,52.048587195489645,49.727508382643755,,,242
1772049000,1.18064,1.1807,1.18059,1.18063,51.72835213167278,50.0144189240547,,,223
1772049300,1.18063,1.18075,1.18053,1.18054,48.81723103076916,49.84759395229363,,,387
1772049600,1.18054,1.18068,1.18052,1.18068,53.226825810827265,50.03839565674956,,,394
1772049900,1.18068,1.18075,1.18065,1.18069,53.53476128660788,50.52400202378577,,,261
1772050200,1.18069,1.1807,1.18053,1.18056,49.01686317855631,50.462823135302315,,,266
1772050500,1.18056,1.18078,1.18054,1.18074,54.71541835485744,50.40561161013053,,,447
1772050800,1.18074,1.18079,1.18062,1.18065,51.609280696901415,49.91107856672324,,,365
1772051100,1.18065,1.1807,1.18049,1.18053,47.71945724721167,49.61244947563129,,,571
1772051400,1.18053,1.18087,1.18049,1.18085,57.02200046720491,50.082956154070736,,,395
1772051700,1.18085,1.18087,1.18066,1.18077,54.4152072144503,50.77522152662144,,,332
1772052000,1.18077,1.18077,1.1806,1.18072,52.79082840000778,51.51013263376335,,,343
1772052300,1.18072,1.18079,1.1806,1.18079,54.82406042808182,52.27174872089334,,,266
1772052600,1.18079,1.1808,1.18056,1.18059,48.40896659452892,52.1341314312262,,,390
1772052900,1.18059,1.18063,1.18049,1.1806,48.731989240455576,51.8972315772952,,,580
1772053200,1.1806,1.18071,1.18048,1.18071,52.27203616249898,51.93606615092564,,,413
1772053500,1.18071,1.18078,1.18061,1.18062,49.27414308268279,51.96870272606234,,,176
1772053800,1.18062,1.18062,1.18049,1.18049,45.238263718935315,51.39809114807006,,,181
1772054100,1.18049,1.18052,1.1804,1.18042,43.18704506691386,50.658968560949056,,,203
1772054400,1.18042,1.18042,1.18033,1.18042,43.18704506691387,50.24255298154602,,,101
1772054700,1.18042,1.18058,1.18039,1.18058,49.28311461681633,49.854531285971646,,,100
1772055000,1.18058,1.18075,1.18058,1.18071,53.6361306005033,49.99930627908607,,,120
1772055300,1.18071,1.1809,1.18069,1.1809,59.15412015958882,50.816067915684435,,,145
1772055600,1.1809,1.18111,1.18079,1.18109,63.79456536970635,51.29982255157739,,,243
1772055900,1.18109,1.18129,1.18087,1.18097,59.21860851737976,51.64292264464378,,,338
1772056200,1.18097,1.18097,1.18079,1.18094,58.09665704434301,52.02191040495345,,,234
1772056500,1.18094,1.18106,1.18092,1.18102,60.25892211389778,52.410114811083155,,,362
1772056800,1.18102,1.18103,1.18052,1.18065,47.9381493978934,52.376485011323474,,,45
1772057100,1.18065,1.18066,1.18058,1.18061,46.823537287940205,52.24016701471523,,,44
1772057400,1.18061,1.18069,1.18052,1.18069,49.35956836110986,52.03213360033029,,,69
1772057700,1.18069,1.18075,1.18069,1.18071,50.001540880736506,52.084090585905564,,,39
1772058000,1.18071,1.18076,1.18071,1.18073,50.674938165551524,52.47242447494957,,,87
1772058300,1.18073,1.18081,1.18068,1.18079,52.73173021305672,53.15418769967406,,,123
1772058600,1.18079,1.18086,1.18074,1.18085,54.76315047885597,53.981052371955634,,,197
1772058900,1.18085,1.18086,1.18083,1.18084,54.34395676238554,54.34254109663915,,,19
1772059200,1.18084,1.18086,1.18082,1.18083,53.89963574894847,54.36136289295667,,,17
1772059500,1.18083,1.18103,1.18083,1.18099,59.59228648778117,54.39266048782755,,,40
1772059800,1.18099,1.18115,1.18099,1.18111,63.25692873792258,54.354257871271564,,,38
1772060100,1.18111,1.18113,1.18093,1.18093,55.17385436878263,54.065346860657485,,,30
1772060400,1.18093,1.18128,1.18092,1.18119,62.60659548279389,54.38748532054684,,,140
1772060700,1.18119,1.18134,1.18119,1.18133,65.8866519824305,54.78946602544203,,,98
1772061000,1.18133,1.18135,1.18116,1.18119,60.19987030020856,55.66530323275026,,,145
1772061300,1.18119,1.18119,1.18106,1.18116,59.0242223455805,56.53678073686742,,,208
1772061600,1.18116,1.18133,1.18116,1.18133,63.38759535302725,57.53878266486152,,,146
1772061900,1.18133,1.1814,1.18127,1.18127,60.92181175785687,58.318802013227256,,,154
1772062200,1.18127,1.18128,1.18115,1.18116,56.576574922807254,58.740347495888386,,,137
1772062500,1.18116,1.18131,1.18113,1.18129,60.19037466727288,59.27310781404668,,,150
1772062800,1.18129,1.18141,1.18129,1.18132,60.997052314822206,59.718386516615695,,,155
1772063100,1.18132,1.18162,1.18132,1.18156,66.79404302142667,60.60767839226152,,,219
1772063400,1.18156,1.18162,1.18142,1.18146,62.61788422088788,61.23041042597148,,,195
1772063700,1.18146,1.18161,1.18146,1.1815,63.59828971464834,61.51655351360485,,,173
1772064000,1.1815,1.18158,1.18135,1.18136,57.876920187227014,61.13226718855516,,,455
1772064300,1.18136,1.18153,1.18117,1.18125,53.78291637474718,61.03291447469549,,,407
1772064600,1.18125,1.18138,1.18124,1.18133,56.209020702305466,60.575944847517746,,,247
1772064900,1.18133,1.18157,1.18131,1.18156,62.33126315781028,60.321988502902016,,,335
1772065200,1.18156,1.18173,1.18152,1.18153,61.130758759118095,60.38848053568127,,,297
1772065500,1.18153,1.18157,1.1815,1.18153,61.13075875911809,60.538947422362526,,,177
1772065800,1.18153,1.18172,1.18131,1.18166,64.56104383204281,60.622765170863644,,,403
1772066100,1.18166,1.18166,1.18156,1.1816,61.84808628346055,60.688927636978185,,,238
1772066400,1.1816,1.18178,1.1816,1.18174,65.49189093013763,61.32573592321607,,,310
1772066700,1.18174,1.18192,1.18146,1.18146,54.31815406657776,60.90629159459498,,,464
1772067000,1.18146,1.1817,1.18146,1.18161,58.41170275531372,60.72162376891581,,,532
1772067300,1.18161,1.1819,1.18159,1.1819,64.95090216802242,60.589970850815504,,,498
1772067600,1.1819,1.18209,1.18179,1.18201,67.06621433499708,60.90770871610901,,,625
1772067900,1.18201,1.18208,1.18186,1.18188,62.282154510384835,60.81369905866162,,,435
1772068200,1.18188,1.18202,1.1818,1.18191,62.9391624605925,61.17528779247344,,,490
1772068500,1.18191,1.18226,1.18189,1.18226,69.59371153414529,62.30463030385904,,,517
1772068800,1.18226,1.18265,1.18226,1.18264,74.86967463470607,63.63753415617337,,,552
1772069100,1.18264,1.18272,1.18225,1.18228,63.60908627503394,63.72880723597507,,,606
1772069400,1.18228,1.18238,1.18209,1.18231,64.0937369066077,63.94044853222432,,,944
1772069700,1.18231,1.18252,1.18226,1.18249,66.93879075547578,64.3553079605356,,,551
1772070000,1.18249,1.18277,1.18249,1.18277,70.81297540282844,64.80187450130599,,,506
1772070300,1.18277,1.18287,1.18261,1.1827,68.64722086333401,65.28752697129696,,,573
1772070600,1.1827,1.18281,1.18265,1.18273,69.08362895995134,65.54407968771223,,,441
1772070900,1.18273,1.18275,1.18259,1.18273,69.08362895995134,66.59875646581034,,,343
1772071200,1.18273,1.18288,1.1825,1.18263,65.5560430436662,67.10906648640693,,,643
1772071500,1.18263,1.18284,1.1826,1.18263,65.5560430436662,67.15229083466721,,,457
1772071800,1.18263,1.18276,1.18251,1.18261,64.78867987503905,66.98960980181306,,,355
1772072100,1.18261,1.1827,1.1825,1.18251,60.947215789903275,66.89425703606437,,,404
1772072400,1.18251,1.18251,1.18231,1.18234,54.97920367305112,66.32568855123999,,,489
1772072700,1.18234,1.18236,1.18202,1.18202,45.8733262922457,64.63137531967574,,,450
1772073000,1.18202,1.18202,1.1818,1.18186,42.11722107978426,62.291914351467035,,,295
1772073300,1.18186,1.18197,1.18171,1.18171,38.901353287551466,60.527076280932576,,,209
1772073600,1.18171,1.18172,1.18132,1.18144,33.88585472001921,58.36937041046197,,,456
1772073900,1.18144,1.18169,1.18139,1.18165,40.329736585998994,56.46872368407077,,,356
1772074200,1.18165,1.18175,1.18156,1.1816,39.346419041200555,54.22111251538306,,,201
1772074500,1.1816,1.18174,1.1816,1.18174,43.50032862482862,52.424905926918385,,,257
1772074800,1.18174,1.18193,1.18173,1.18193,48.641081329759444,50.964723953333255,,,312
1772075100,1.18193,1.18196,1.18177,1.18182,46.02985699664194,49.31802595595401,,,318
1772075400,1.18182,1.18198,1.18178,1.18197,49.973725128621005,48.2050032477365,,,345
1772075700,1.18197,1.18221,1.18197,1.18212,53.6233862001628,47.35267061605769,,,525
1772076000,1.18212,1.18214,1.182,1.18203,51.20937235313086,46.382720078778526,,,280
1772076300,1.18203,1.18217,1.18187,1.18191,48.10012585169486,45.46507079747793,,,758
1772076600,1.18191,1.18212,1.1819,1.18209,52.73581024871111,45.304828410025074,,,384
1772076900,1.18209,1.18215,1.18175,1.18182,46.086223977989725,45.320035387578216,,,249
1772077200,1.18182,1.18184,1.18176,1.18176,44.73626402772457,45.50710988385966,,,191
1772077500,1.18176,1.18177,1.18165,1.18166,42.50171618273031,45.764278662086724,,,306
1772077800,1.18166,1.18176,1.18157,1.18165,42.2743157872217,46.36345445260118,,,243
1772078100,1.18165,1.18184,1.1816,1.18169,43.574792525112244,46.595244162537846,,,266
1772078400,1.18169,1.18175,1.18165,1.18174,45.2356268662823,47.01590186432941,,,224
1772078700,1.18174,1.18174,1.18157,1.18163,42.28669804314242,46.92921396563753,,,265
1772079000,1.18163,1.18163,1.18132,1.18141,37.08025556024128,46.10344069638624,,,514
1772079300,1.18141,1.18147,1.18129,1.18132,35.17240698447597,45.3279085526601,,,310
1772079600,1.18132,1.18153,1.18131,1.18152,42.27966666299566,44.778332947972565,,,241
1772079900,1.18152,1.18157,1.18131,1.18132,37.814981287037476,43.64916116846361,,,216
1772080200,1.18132,1.18164,1.18125,1.18162,46.87687318744441,43.33969694234315,,,364
1772080500,1.18162,1.18162,1.18152,1.18156,45.45033030709113,43.150425832014314,,,218
1772080800,1.18156,1.18168,1.18153,1.18163,47.459211506409346,42.7735259218499,,,185
1772081100,1.18163,1.1817,1.18145,1.18166,48.33731757585754,42.93431832169761,,,245
1772081400,1.18166,1.18169,1.18149,1.18162,47.204507040124135,43.11062139401186,,,165
1772081700,1.18162,1.18185,1.18145,1.18182,53.12031546719361,43.869092771473525,,,464
1772082000,1.18182,1.1819,1.18167,1.18176,51.264478859265374,44.51124727661951,,,370
1772082300,1.18176,1.18191,1.18164,1.18185,53.86797848793033,45.24647484539223,,,317
1772082600,1.18185,1.18193,1.18176,1.18178,51.56084793543364,45.698276350331604,,,335
1772082900,1.18178,1.18211,1.18178,1.18198,57.20101078716968,46.76358440347641,,,275
1772083200,1.18198,1.18202,1.18177,1.18201,57.9911646997561,48.25722077058462,,,334
1772083500,1.18201,1.18201,1.18188,1.18195,55.773377823432526,49.728718687652936,,,266
1772083800,1.18195,1.18197,1.1818,1.18191,54.28293699284361,50.58609513978494,,,297
1772084100,1.18191,1.18191,1.18159,1.18181,50.63957333617327,51.502137429008926,,,365
1772084400,1.18181,1.18189,1.1818,1.18186,52.3612600885351,51.893879350515405,,,175
1772084700,1.18186,1.18199,1.1818,1.18196,55.69008411488051,52.62529033678607,,,312
1772085000,1.18196,1.18225,1.18187,1.18193,54.46061104690057,53.12539030396401,,,742
1772085300,1.18193,1.18217,1.18181,1.18196,55.51817925045051,53.63830899500636,,,670
1772085600,1.18196,1.18213,1.18176,1.18177,47.92686096279653,53.68990570376868,,,611
1772085900,1.18177,1.18202,1.18176,1.18191,53.023901088539574,53.68301896243626,,,492
1772086200,1.18191,1.18207,1.18189,1.18206,57.791030584483835,54.14920122852329,,,299
1772086500,1.18206,1.18212,1.18159,1.18166,44.74966184481797,53.49789289687241,,,413
1772086800,1.18166,1.18185,1.18155,1.18169,45.73866830896565,53.08202292355326,,,289
1772087100,1.18169,1.18169,1.18149,1.18153,41.47454966291635,51.95870427182087,,,373
1772087400,1.18153,1.18181,1.18151,1.18176,48.85587063730687,51.30618326736021,,,540
1772087700,1.18176,1.1819,1.18169,1.18186,51.70770327218329,51.01577794227098,,,454
1772088000,1.18186,1.18204,1.18183,1.18201,55.69818820055117,51.116867314250094,,,251
1772088300,1.18201,1.18213,1.18187,1.18205,56.725109606268994,51.55154847639978,,,391
1772088600,1.18205,1.18221,1.18188,1.18189,51.57518158376723,51.495400011773505,,,460
1772088900,1.18189,1.18203,1.18184,1.18186,50.646721770557214,51.13515984432185,,,395
1772089200,1.18186,1.18186,1.18127,1.1813,37.188618738761924,49.90144610802623,,,687
1772089500,1.1813,1.18131,1.18087,1.18102,32.533619824391636,48.25969186330774,,,518
1772089800,1.18102,1.18128,1.18096,1.18127,39.78142738504324,47.6778751791825,,,517
1772090100,1.18127,1.18171,1.18111,1.18162,48.17540622492959,47.331554117496076,,,589
1772090400,1.18162,1.18162,1.18121,1.18121,40.97077031750446,46.130106955568976,,,644
1772090700,1.18121,1.18142,1.18108,1.18123,41.430906071529684,45.89305297176268,,,825
1772091000,1.18123,1.18142,1.18117,1.18137,44.68156548965032,45.817545627525874,,,558
1772091300,1.18137,1.18141,1.18114,1.18116,41.005206524117696,45.78402111761168,,,406
1772091600,1.18116,1.18142,1.18111,1.18136,45.59627285268141,45.55119270442414,,,350
1772091900,1.18136,1.18145,1.18116,1.18131,44.6605470346923,45.04782440174621,,,432
1772092200,1.18131,1.18173,1.18131,1.18173,53.325444513034554,44.87834270978074,,,600
1772092500,1.18173,1.18181,1.18155,1.18156,49.91843135609872,44.39215140619716,,,704
1772092800,1.18156,1.18157,1.18056,1.1806,35.9500560975374,43.2760710143236,,,1427
1772093100,1.1806,1.18071,1.18035,1.18066,37.134091963263636,42.31088317094549,,,804
1772093400,1.18066,1.18076,1.18047,1.18066,37.134091963263636,42.30698840126703,,,626
1772093700,1.18066,1.18082,1.1804,1.18057,35.977093441504266,42.55295080248936,,,645
1772094000,1.18057,1.18066,1.1803,1.18053,35.448454122998626,42.24345271234332,,,751
1772094300,1.18053,1.18053,1.18022,1.18035,33.092027296232956,41.166068503150704,,,774
1772094600,1.18035,1.18077,1.18024,1.18067,40.645898091947466,41.142863344182345,,,689
1772094900,1.18067,1.18074,1.18037,1.18038,36.61180827324836,40.79864207287653,,,519
1772095200,1.18038,1.18078,1.1803,1.18069,43.11162011307114,40.686503117406595,,,635
1772095500,1.18069,1.18078,1.18047,1.18063,42.20947457032763,40.772522263564454,,,465
1772095800,1.18063,1.18063,1.18026,1.18041,38.98789977526216,40.30049561517736,,,632
1772096100,1.18041,1.18051,1.18023,1.18024,36.65950914816829,39.72899290899708,,,573
1772096400,1.18024,1.18059,1.18013,1.18016,35.58257505844074,38.46164509081181,,,571
1772096700,1.18016,1.18023,1.18,1.18011,34.89265122338416,37.38837508133219,,,617
1772097000,1.18011,1.18018,1.18003,1.18007,34.319356971688705,37.271896572343,,,503
1772097300,1.18007,1.18016,1.17977,1.17987,31.529892728791026,36.87159662702353,,,608
1772097600,1.17987,1.18012,1.17973,1.18006,36.78643575624709,36.84676404080806,,,672
1772097900,1.18006,1.18037,1.18004,1.18014,38.91295540171855,37.05646846653765,,,703
1772098200,1.18014,1.18017,1.17996,1.18002,36.90733933008899,37.160674552758394,,,641
1772098500,1.18002,1.18014,1.17999,1.18001,36.73741108586813,37.42105910916091,,,416
1772098800,1.18001,1.18014,1.17969,1.17972,32.11895405198952,36.81199167773534,,,712
1772099100,1.17972,1.17998,1.17965,1.17981,34.85605980629238,36.68658107295276,,,698
1772099400,1.17981,1.17992,1.17975,1.17976,34.03498856763089,36.03825024827846,,,524
1772099700,1.17976,1.17997,1.17971,1.17972,33.35800628340533,35.4060025134983,,,521
1772100000,1.17972,1.17978,1.17962,1.17965,32.152714833933686,34.917775017689124,,,500
1772100300,1.17965,1.17972,1.17957,1.17962,31.625321260408526,34.55819016856343,,,451
1772100600,1.17962,1.17993,1.17961,1.17978,37.51233305702759,34.696030025605346,,,310
1772100900,1.17978,1.17996,1.17971,1.17975,36.87130930414817,34.83736274565992,,,424
1772101200,1.17975,1.17978,1.1796,1.17961,33.95523706775916,34.81135418109351,,,370
1772101500,1.17961,1.17972,1.17952,1.1797,37.383676189359996,35.22948157113416,,,521
1772101800,1.1797,1.17973,1.1795,1.17953,33.81313096305354,35.01710265733462,,,581
1772102100,1.17953,1.17974,1.17952,1.17974,41.27474072284845,35.185801608843896,,,451
1772102400,1.17974,1.17976,1.17946,1.17948,35.881281748588975,35.112511781593895,,,409
1772102700,1.17948,1.17973,1.17943,1.17944,35.12092004187113,34.997048135594106,,,495
1772103000,1.17944,1.1797,1.17932,1.17963,41.46602221446635,35.664695861485306,,,566
1772103300,1.17963,1.17984,1.1796,1.17983,47.307755366693215,36.55410268722822,,,358
1772103600,1.17983,1.18034,1.1798,1.18013,54.62323999170725,38.024692074662255,,,921
1772103900,1.18013,1.18044,1.18012,1.18028,57.779511426114105,39.76908529914145,,,746
1772104200,1.18028,1.18047,1.18027,1.1804,60.16657083278308,41.77007501334498,,,372
1772104500,1.1804,1.18042,1.1803,1.18031,57.539035890392974,43.62105462977244,,,415
1772104800,1.18031,1.18033,1.18017,1.18023,55.230154315518746,44.886613291093234,,,302
1772105100,1.18023,1.18028,1.18013,1.18018,53.777688534408824,46.094211807540425,,,444
1772105400,1.18018,1.18019,1.18002,1.18004,49.826457882051265,47.227870437132715,,,298
1772105700,1.18004,1.18028,1.18001,1.18025,55.149648786585786,48.4968684797917,,,424
1772106000,1.18025,1.18027,1.18017,1.18021,53.974980739653226,49.93700060669168,,,290
1772106300,1.18021,1.18026,1.18007,1.18014,51.89195254380117,50.69537287961687,,,348
1772106600,1.18014,1.18027,1.18005,1.18012,51.28298716044793,51.79549469474966,,,451
1772106900,1.18012,1.18015,1.17995,1.18004,48.815283073341504,52.773663482711825,,,533
1772107200,1.18004,1.18019,1.18001,1.18012,51.33703861495142,53.47873608274647,,,584
1772107500,1.18012,1.18024,1.17998,1.18023,54.645815066257256,54.002883204143906,,,440
1772107800,1.18023,1.1805,1.18022,1.18047,60.89352431404217,54.45076065573926,,,462
1772108100,1.18047,1.18068,1.18044,1.18058,63.38323854346252,54.851026878407005,,,436
1772108400,1.18058,1.1806,1.18033,1.18033,54.83816604252715,54.47042653624586,,,401
1772108700,1.18033,1.18058,1.18026,1.18057,60.36276318137769,54.672121342744774,,,375
1772109000,1.18057,1.18073,1.18049,1.1805,58.129216689377564,54.87919722659183,,,297
1772109300,1.1805,1.18061,1.18032,1.18041,55.29619260298986,54.987661802919035,,,524
1772109600,1.18041,1.18071,1.1804,1.18066,60.98440967178933,55.784658359328894,,,397
1772109900,1.18066,1.18069,1.18052,1.18057,58.11742610189638,55.996642453279655,,,447
1772110200,1.18057,1.18088,1.18051,1.18088,64.33660355741176,56.73675836883383,,,587
1772110500,1.18088,1.18096,1.1808,1.1809,64.70078483922879,57.65167496136438,,,456
1772110800,1.1809,1.18103,1.18073,1.18078,60.69589847998147,58.32402576990249,,,718
1772111100,1.18078,1.18136,1.18078,1.18136,70.2734848818584,59.856754470510836,,,654
1772111400,1.18136,1.18147,1.18122,1.18132,69.02427124390628,61.12012822972189,,,498
1772111700,1.18132,1.18164,1.18132,1.18152,71.7302357774375,62.3404439948062,,,536
1772112000,1.18152,1.18166,1.18144,1.18158,72.50619926490545,63.16992077701072,,,466
1772112300,1.18158,1.18159,1.18123,1.18127,62.89974515322707,63.13538553485104,,,455
1772112600,1.18126,1.18135,1.18101,1.18111,58.585349501061266,63.403041496174914,,,752
1772112900,1.18111,1.18143,1.18103,1.18103,56.49863178950844,63.12703211104139,,,735
1772113200,1.18103,1.18103,1.18027,1.18031,41.99940090854781,61.9749024124107,,,1208
1772113500,1.18031,1.1806699999999999,1.18031,1.1806699999999999,49.04116131982244,61.52811446361302,,,433