time,open,high,low,close,RSI,RSI-based MA,Upper Bollinger Band,Lower Bollinger Band,Volume
1767564000,211.071,211.071,210.8955,210.899,,,,,
1767564300,210.899,210.9835,210.899,210.9835,,,,,
1767564600,210.9835,211.0365,210.9835,211.02,,,,,
1767564900,211.02,211.0285,210.966,210.9895,,,,,
1767565200,210.9895,211.049,210.9765,211.0155,,,,,
1767565500,211.0155,211.023,210.992,210.9985,,,,,
1767565800,210.9985,211.0225,210.9685,210.9755,,,,,
1767566100,210.9755,210.9755,210.931,210.932,,,,,
1767566400,210.932,210.94,210.9255,210.9345,,,,,
1767566700,210.9345,210.938,210.888,210.931,,,,,
1767567000,210.931,210.9895,210.924,210.9865,,,,,
1767567300,210.9865,210.987,210.8455,210.8495,,,,,
1767567600,210.8495,210.9995,210.8265,210.841,,,,,
1767567900,210.841,210.944,210.8025,210.9215,,,,,
1767568200,210.9215,210.93,210.896,210.908,50.800711743770876,,,,
1767568500,210.908,210.934,210.8915,210.9325,53.00692901032798,,,,
1767568800,210.9325,210.9695,210.9295,210.938,53.510918768341284,,,,
1767569100,210.938,210.9625,210.914,210.953,54.930574876377094,,,,
1767569400,210.953,210.9885,210.911,210.975,57.00440081804054,,,,
1767569700,210.975,211.0185,210.957,210.957,54.78327685362249,,,,
1767570000,210.957,210.975,210.8905,210.9645,55.56025607059277,,,,
1767570300,210.9645,211.0115,210.9285,210.9675,55.88678652049679,,,,
1767570600,210.9675,211.0155,210.944,210.965,55.52067758060437,,,,
1767570900,210.965,210.994,210.9545,210.975,56.741403852840634,,,,
1767571200,210.975,211.1745,210.923,211.1555,71.7906579534675,,,,
1767571500,211.1555,211.2045,211.142,211.1955,73.95319925203395,,,,
1767571800,211.1955,211.244,211.172,211.221,75.25551059269607,,,,
1767572100,211.221,211.267,211.2175,211.265,77.35905712322291,60.43602578688824,,,
1767572400,211.265,211.274,211.227,211.2665,77.42950015987431,62.33808210232419,,,
1767572700,211.2665,211.267,211.222,211.245,73.8812854850484,63.829107564804225,,,
1767573000,211.245,211.2855,211.2325,211.2805,75.84921383054726,65.4247000692475,,,
1767573300,211.2805,211.294,211.244,211.28,75.76262958894567,66.91270397728812,,,
1767573600,211.28,211.294,211.252,211.279,75.57681020720862,68.23930464794299,,,
1767573900,211.279,211.331,211.2775,211.312,77.53494291039313,69.86442365199802,,,
1767574200,211.312,211.3375,211.2375,211.323,78.16341765855536,71.47893519399535,,,
1767574500,211.323,211.323,211.2305,211.2605,66.73904616244101,72.25409659699137,,,
1767574800,211.2605,211.2805,211.212,211.2345,62.63755670602935,72.76244510595029,,,
1767575100,211.2345,211.2845,211.2065,211.227,61.46413007031896,73.09978269291302,,,
1767575400,211.227,211.231,211.159,211.175,53.921697252913454,71.82342835715917,,,
1767575700,211.175,211.178,211.118,211.1255,47.8963920551298,69.9622278430946,,,
1767576000,211.1255,211.223,211.123,211.2105,56.819251852035606,68.6453522187617,,,
1767576300,211.2105,211.2695,211.201,211.2685,61.64586227467492,67.52298115815114,,,
1767576600,211.2685,211.2725,211.2225,211.2415,58.37473487482203,66.16192649493313,,,
1767576900,211.2415,211.2415,211.204,211.212,54.94422618592557,64.80927940213863,,,
1767577200,211.212,211.2225,211.083,211.1085,44.960968569406056,62.60297616919998,,,
1767577500,211.1085,211.1125,211.0295,211.065,41.544355242315554,60.15881371586926,,,
1767577800,211.065,211.122,211.011,211.115,46.570200865371696,58.08691304859519,,,
1767578100,211.115,211.1185,211.036,211.036,40.62677549431168,55.45061537601795,,,
1767578400,211.036,211.118,211.032,211.08,44.848557886446244,53.070982535153014,,,
1767578700,211.08,211.08,211.025,211.026,40.995811167312894,51.23218003550101,,,
1767579000,211.026,211.03,210.967,210.973,37.5832308524754,49.44258533167573,,,
1767579300,210.973,211.0095,210.918,211.0075,41.024681913089246,47.98262474901646,,,
1767579600,211.0075,211.0745,211.0045,211.063,46.16687603542454,47.428708947767255,,,
1767579900,211.063,211.088,211.0305,211.0715,46.93007413898576,47.35968623947125,,,
1767580200,211.0715,211.115,211.0715,211.1,49.51450510042626,46.8379186143563,,,
1767580500,211.1,211.121,211.057,211.0935,48.9292593403304,45.92958983333169,,,
1767580800,211.0935,211.0955,210.997,211.027,43.291558505423176,44.85222009266034,,,
1767581100,211.027,211.0385,210.997,211.017,42.498563103373385,43.963244158192325,,,
1767581400,211.017,211.051,211.006,211.04,44.99423878387256,43.96562060208279,,,
1767581700,211.04,211.0755,211.025,211.0695,48.10531866554952,44.4342608465995,,,
1767582000,211.0695,211.1585,211.0595,211.1335,54.162450380661575,44.97656438340592,,,
1767582300,211.1335,211.1765,211.1025,211.1055,51.33915926613525,45.7417346528219,,,
1767582600,211.1055,211.1105,211.031,211.032,44.74557657813692,45.734378845085516,,,
1767582900,211.032,211.0545,210.984,210.984,41.03872540323766,45.73744414765157,,,
1767583200,210.984,211.0055,210.942,210.945,38.26499197224869,45.78614137049252,,,
1767583500,210.945,210.95,210.913,210.941,37.9814466888043,45.56876742590073,,,
1767583800,210.941,210.942,210.8805,210.8805,33.89087801634662,44.69191042453802,,,
1767584100,210.8805,210.9375,210.869,210.896,35.798611118763986,43.89680592309361,,,
1767584400,210.896,210.918,210.8705,210.89,35.37307805106552,42.886703990996416,,,
1767584700,210.89,210.928,210.888,210.918,39.016195048760714,42.178627970170005,,,
1767585000,210.918,210.9325,210.907,210.9165,38.88971781747301,41.864210778173565,,,
1767585300,210.9165,210.957,210.909,210.9445,42.628378222350044,41.8734832866719,,,
1767585600,210.9445,210.989,210.9435,210.984,47.50730548263764,42.05298805086941,,,
1767585900,210.984,211.0175,210.9805,211.0105,50.545835607704454,42.22731068959475,,,
1767586200,211.0105,211.041,210.987,211.031,52.82096651521584,42.1314904134915,,,
1767586500,211.031,211.0445,211.02,211.032,52.93471223489949,42.24545848268894,,,
1767586800,211.032,211.0625,211.0275,211.047,54.69900129915762,42.95641739133327,,,
1767587100,211.047,211.056,211.0285,211.053,55.41888872597702,43.98357191438608,,,
1767587400,211.053,211.0685,211.04,211.053,55.41888872597702,45.20885025393811,,,
1767587700,211.053,211.065,211.039,211.055,55.69109363606956,46.473825035885625,,,
1767588000,211.055,211.1045,211.053,211.103,61.730494304528015,48.46236905647,,,
1767588300,211.103,211.1375,211.0965,211.135,65.14166087437135,50.55830118187053,,,
1767588600,211.135,211.1585,211.128,211.1575,67.34564473842575,52.8420559452534,,,
1767588900,211.1575,211.172,211.1425,211.1605,67.63943757402633,54.886573268486664,,,
1767589200,211.1605,211.175,211.1155,211.1515,65.72887090182124,56.8036556316544,,,
1767589500,211.1515,211.159,211.081,211.095,55.189609978066834,57.700886471348454,,,
1767589800,211.095,211.096,211.0725,211.0855,53.63242132715492,58.13839474595683,,,
1767590100,211.0855,211.0985,211.064,211.0975,55.3463136999784,58.48128603826211,,,
1767590400,211.0975,211.105,211.0495,211.0505,47.88121452534534,58.12844661041422,,,
1767590700,211.0505,211.0945,211.0475,211.0945,54.12012317373926,58.21311882033134,,,
1767591000,211.0945,211.0955,211.0405,211.0425,46.96490131209197,57.66068310696952,,,
1767591300,211.0425,211.068,211.0055,211.042,46.90069245686556,57.0522405163187,,,
1767591600,211.042,211.056,211.012,211.03,45.29997243999363,56.3294607816056,,,
1767591900,211.03,211.0755,211.019,211.071,51.40284449055594,56.023157271211765,,,
1767592200,211.071,211.1125,211.061,211.064,50.369574378170704,55.21166299075768,,,
1767592500,211.064,211.0815,211.044,211.0655,50.598736415713404,54.17288267228211,,,
1767592800,211.0655,211.131,211.0505,211.087,53.88546889626587,53.21144154069926,,,
1767593100,211.087,211.09,211.003,211.012,43.11048370816262,51.459373407423286,,,
1767593400,211.012,211.0385,210.968,211.0305,45.97991247175684,50.04873351956154,,,
1767593700,211.0305,211.0655,211.0025,211.0625,50.61952197517838,49.72229866221237,,,
1767594000,211.0625,211.064,211.019,211.021,45.197922610178466,49.11983446814262,,,
1767594300,211.021,211.0335,210.9985,210.999,42.59349705498454,48.2089189935002,,,
1767594600,210.999,211.0095,210.9655,210.976,39.99855527994306,47.645871904542894,,,
1767594900,210.976,211.0065,210.926,211.0045,44.50985696642561,46.959424318306205,,,
1767595200,211.0045,211.0085,210.977,210.995,43.340105610487846,46.70051033962019,,,
1767595500,210.995,211.0605,210.99,211.049,51.19213641433939,47.00704205086833,,,
1767595800,211.049,211.07,210.9825,210.992,44.22520038838067,46.93027261861026,,,
1767596100,210.992,211.009,210.9495,210.9825,43.170665992538844,46.3422598687519,,,
1767596400,210.9825,210.983,210.914,210.918,36.76145680507019,45.370251470673296,,,
1767596700,210.918,210.9415,210.8715,210.8785,33.483050472862914,44.147702474755405,,,
1767597000,210.8785,210.9095,210.8465,210.847,31.101042786159127,42.52024346689063,,,
1767597300,210.847,210.924,210.8455,210.916,41.002028642475224,42.36963953362725,,,
1767597600,210.916,210.9355,210.903,210.909,40.368247490408606,41.96880632067381,,,
1767597900,210.909,210.912,210.8575,210.8955,39.1125906426862,41.14688265406722,,,
1767598200,210.8955,210.903,210.805,210.82,32.94137570833156,40.27141501822102,,,
1767598500,210.82,210.847,210.7915,210.8415,36.036394006508225,39.803050514758425,,,
1767598800,210.8415,210.875,210.8195,210.8475,36.91149125251825,39.58254594137094,,,
1767599100,210.8475,210.8675,210.8105,210.853,37.75219606703595,39.09985587712883,,,
1767599400,210.853,210.8915,210.8295,210.8375,36.28472092993837,38.59589982851816,,,
1767599700,210.8375,210.8395,210.7215,210.7295,28.091127012261907,36.94582772836976,,,
1767600000,210.7295,210.7685,210.71,210.7155,27.23264837785848,35.732074013332465,,,
1767600300,210.7155,210.7355,210.6125,210.6985,26.186152343703014,34.51889446698705,,,
1767600600,210.6985,210.7645,210.6595,210.749,34.26702291007852,34.340720617344786,,,
1767600900,210.749,210.763,210.622,210.657,28.208331444492487,33.96395497246118,,,
1767601200,210.657,210.7245,210.6295,210.644,27.469254684388176,33.704541536620404,,,
1767601500,210.644,210.6455,210.5755,210.5765,23.959089444845446,32.48718873678971,,,
1767601800,210.5765,210.622,210.546,210.595,26.722859074257926,31.51251813563609,,,
1767602100,210.595,210.706,210.592,210.6345,32.37450612271827,31.031226384209806,,,
1767602400,210.6345,210.637,210.5575,210.6025,30.333401811842492,30.844942534460586,,,
1767602700,210.6025,210.617,210.538,210.591,29.610888208812767,30.385977834625198,,,
1767603000,210.591,210.5945,210.525,210.5375,26.454015057430325,29.639015249261774,,,
1767603300,210.5375,210.628,210.5365,210.561,29.984997585453968,29.084215357720208,,,
1767603600,210.561,210.612,210.5265,210.612,37.04864012660798,29.138781014625177,,,
1767603900,210.612,210.6145,210.519,210.5505,32.75692964935881,29.472052631560672,,,
1767604200,210.5505,210.577,210.518,210.57,35.31552939093068,30.049401275351546,,,
1767604500,210.57,210.6605,210.5655,210.654,45.02032404082911,31.394699253717697,,,
1767604800,210.654,210.6895,210.616,210.6415,43.96328300196382,32.08728926028093,,,
1767605100,210.6415,210.668,210.6345,210.654,45.34524427595858,33.311354462528506,,,
1767605400,210.654,210.7055,210.6345,210.7005,50.25953302905899,34.93923148714785,,,
1767605700,210.7005,210.7495,210.681,210.71,51.22445060941794,36.88675728461732,,,
1767606000,210.71,210.777,210.7,210.7715,57.03516704672906,39.051922139793824,,,
1767606300,210.7715,210.903,210.7715,210.8915,65.63729138417982,41.42783537275536,,,
1767606600,210.8915,210.9395,210.874,210.887,65.11083571252288,43.911937794232536,,,
1767606900,210.887,210.968,210.886,210.9525,69.00740631839169,46.7259748020596,,,
1767607200,210.9525,210.9875,210.8695,210.8725,60.1685708501774,49.13415735868439,,,
1767607500,210.8725,210.9425,210.8515,210.932,63.874714862473546,51.55485144990008,,,
1767607800,210.932,210.9955,210.895,210.9535,65.13702767560784,53.56116484625721,,,
1767608100,210.9535,210.9915,210.9335,210.975,66.40136237719159,55.96433861253098,,,
1767608400,210.975,210.9805,210.9155,210.9245,60.821866134920214,57.786219808530234,,,
1767608700,210.9245,210.926,210.88,210.8855,56.849044380040084,58.63112840418815,,,
1767609000,210.8855,210.8895,210.8305,210.8595,54.30249250210576,59.36964336848401,,,
1767609300,210.8595,210.878,210.8225,210.8725,55.37877320428518,60.08632400622163,,,
1767609600,210.8725,210.8785,210.784,210.862,54.26704193810576,60.37257464258211,,,
1767609900,210.862,210.9125,210.8145,210.8555,53.55035810213505,60.53871089206191,,,
1767610200,210.8555,210.8555,210.776,210.8435,52.180264281517616,60.191932123118235,,,
1767610500,210.8435,210.8645,210.8025,210.841,51.882445683905665,59.20944314452722,,,
1767610800,210.841,210.8465,210.7485,210.752,42.567886453204345,57.599232483147325,,,
1767611100,210.752,210.805,210.715,210.7245,40.168215067829564,55.53929025096432,,,
1767611400,210.7245,210.7765,210.7215,210.774,46.06233557413357,54.5317020169612,,,
1767611700,210.774,210.89,210.774,210.844,53.09871595439694,53.76198780924144,,,
1767612000,210.844,210.9075,210.8405,210.8945,57.41483602007859,53.21040269098935,,,
1767612300,210.8945,210.8945,210.8245,210.852,52.994814384249345,52.2527921200649,,,
1767612600,210.852,210.8725,210.827,210.8365,51.43947821187944,51.58262155413342,,,
1767612900,210.8365,210.897,210.834,210.8875,56.013836163698464,51.52296382439473,,,
1767613200,210.8875,210.928,210.8685,210.9175,58.49083907936851,51.82213143705636,,,
1767613500,210.9175,210.947,210.84,210.841,50.65699821219558,51.48486179476424,,,
1767613800,210.841,210.89,210.8255,210.845,51.026343585629945,51.25338334101597,,,
1767614100,210.845,210.854,210.78,210.8075,47.44110660436779,50.81700823403259,,,
1767614400,210.8075,210.8085,210.7205,210.7335,41.277660180729235,50.03825079826199,,,
1767614700,210.7335,210.783,210.7265,210.7735,45.40645291547493,49.57567988623123,,,
1767615000,210.7735,210.828,210.7725,210.828,50.51198445426816,50.14311545773579,,,
1767615300,210.828,210.9,210.806,210.9,56.323249082891486,51.297046458811636,,,
1767615600,210.9,210.925,210.8545,210.8725,53.728130409428665,51.84460323276129,,,
1767615900,210.8725,210.877,210.8395,210.871,53.583106149761036,51.87920253243015,,,
1767616200,210.871,210.8805,210.834,210.8715,53.62803836442633,51.608716985597844,,,
1767616500,210.8715,210.9075,210.803,210.9075,56.86563221961788,51.88520397383845,,,
1767616800,210.9075,210.9105,210.8485,210.8735,53.09526385975882,52.00347437725841,,,
1767617100,210.8735,210.932,210.857,210.9225,57.47163772177631,52.10760305997826,,,
1767617400,210.9225,210.9285,210.781,210.8225,47.69183013885802,51.336245278513225,,,
1767617700,210.8225,210.8305,210.7445,210.7815,44.35890117965245,50.88638120476014,,,
1767618000,210.7815,210.8965,210.7815,210.8665,51.868716599840845,50.94655070577521,,,
1767618300,210.8665,210.8825,210.8145,210.8455,50.07066569613067,51.13437635518684,,,
1767618600,210.8455,210.895,210.7925,210.7955,45.983399284425765,51.470500576879445,,,
1767618900,210.7955,210.8265,210.7475,210.767,43.789199702455655,51.354982490235216,,,
1767619200,210.767,210.7735,210.713,210.718,40.23444999390914,50.62087288592386,,,
1767619500,210.718,210.7885,210.712,210.759,44.30829929658342,49.762662186901856,,,
1767619800,210.759,210.7965,210.7365,210.752,43.75985966990862,49.0506428483647,,,
1767620100,210.752,210.776,210.7285,210.743,43.02251809102949,48.29631512988389,,,
1767620400,210.743,210.7795,210.7355,210.7675,45.7045532877025,47.730351910117896,,,
1767620700,210.7675,210.801,210.7625,210.774,46.425087565918815,46.98459872056795,,,
1767621000,210.774,210.9295,210.773,210.9275,59.943924728654,47.4737887826319,,,
1767621300,210.9275,211.0185,210.9275,210.9765,63.141277322197496,47.87876303980484,,,
1767621600,210.9765,211.0335,210.934,210.9395,59.292587864612926,48.70738859164448,,,
1767621900,210.9395,210.974,210.9225,210.9485,59.932350456143745,49.81977782567957,,,
1767622200,210.9485,211.0195,210.9405,210.9845,62.472940318014615,50.5772223769777,,,
1767622500,210.9845,210.9935,210.899,210.8995,53.79900729057752,50.843532490866764,,,
1767622800,210.8995,210.9835,210.8885,210.98,59.52987405595056,51.81113783168996,,,
1767623100,210.98,211.025,210.964,211.023,62.22529932157104,53.1280020901982,,,
1767623400,211.023,211.065,210.9445,211.02,61.915465116542705,54.676646027529166,,,
1767623700,211.02,211.0665,210.9415,211.019,61.80499384240862,55.92640992365954,,,
1767624000,211.019,211.116,211.0085,211.0715,65.30494358425332,57.465344488969876,,,
1767624300,211.0715,211.1465,211.0625,211.1225,68.33996761774368,59.273733740878036,,,
1767624600,211.1225,211.14,211.0875,211.1395,69.30388837080969,60.95940053252855,,,
1767624900,211.1395,211.2275,211.1255,211.175,71.27093893313926,62.73410420161572,,,
1767625200,211.175,211.2045,211.069,211.1485,67.7792838361648,63.29377270929506,,,
1767625500,211.1485,211.186,211.1175,211.1255,64.81146529718391,63.41307185036552,,,
1767625800,211.1255,211.194,211.1015,211.194,69.14474678360068,64.11679748743607,,,
1767626100,211.194,211.2655,211.1875,211.2625,72.75756658236538,65.03288435359477,,,
1767626400,211.2625,211.2625,211.163,211.1865,63.827896354567606,65.12966692763426,,,
1767626700,211.1865,211.265,211.1845,211.255,67.67835429076729,66.12104885621918,,,
1767627000,211.255,211.266,211.164,211.1745,59.64327622740132,66.12914901132281,,,
1767627300,211.1745,211.2145,211.101,211.105,53.71400332022081,65.52119929694065,,,
1767627600,211.105,211.2375,211.1,211.2335,61.36214557295356,65.48167647239856,,,
1767627900,211.2335,211.3105,211.218,211.301,64.66505097189551,65.68596626736192,,,
1767628200,211.301,211.4615,211.289,211.445,70.46543908999925,66.0545730892009,,,
1767628500,211.445,211.507,211.4005,211.4255,68.81799233853036,66.08871771211423,,,
1767628800,211.4255,211.465,211.4115,211.463,70.25806935807579,66.15687349691896,,,
1767629100,211.463,211.467,211.356,211.3605,61.849960022622184,65.48394643188202,,,
1767629400,211.3605,211.418,211.3265,211.39,63.21442539078437,65.15788511435485,,,
1767629700,211.39,211.4585,211.348,211.4575,66.19383281068811,65.25662565103373,,,
1767630000,211.4575,211.4975,211.409,211.428,63.76316751541205,64.8722271318774,,,
1767630300,211.428,211.453,211.4095,211.4205,63.128484428507974,64.184435549459,,,
1767630600,211.4205,211.4395,211.3685,211.389,60.40878375997565,63.94021322127386,,,
1767630900,211.389,211.4345,211.3555,211.386,60.14303181821359,63.40197590180575,,,
1767631200,211.386,211.3865,211.3435,211.3715,58.796673853141975,63.341504303644356,,,
1767631500,211.3715,211.4105,211.362,211.3955,60.37771323035988,63.81748358294001,,,
1767631800,211.3955,211.4295,211.3895,211.429,62.53850898615656,63.90150954102593,,,
1767632100,211.429,211.465,211.429,211.4335,62.831732564064225,63.770558226180846,,,
1767632400,211.4335,211.49,211.412,211.474,65.45266358859465,63.41250283322337,,,
1767632700,211.474,211.5725,211.463,211.525,68.46799275349034,63.387502862863364,,,
1767633000,211.525,211.5535,211.4905,211.512,66.8659178066415,63.1452063234752,,,
1767633300,211.512,211.5885,211.512,211.5455,68.88629781043466,63.647801879747526,,,
1767633600,211.5455,211.5835,211.5085,211.537,67.7573513677284,63.97229659238638,,,
1767633900,211.537,211.5895,211.513,211.5595,69.1964467715668,64.18676901816343,,,
1767634200,211.5595,211.5605,211.4695,211.533,65.48899717849557,64.31004256552654,,,
1767634500,211.533,211.5725,211.522,211.555,67.06657173396272,64.59133451591616,,,
1767634800,211.555,211.5725,211.54,211.5435,65.38403756717034,64.94670978785864,,,
1767635100,211.5435,211.582,211.5395,211.55,65.90469558087477,65.35825719947731,,,
1767635400,211.55,211.5615,211.529,211.534,63.37770309025788,65.68547357355702,,,
1767635700,211.534,211.5575,211.5195,211.555,65.26046576469143,66.03424161172356,,,
1767636000,211.555,211.5755,211.521,211.531,61.3768922923155,65.9512689907349,,,
1767636300,211.531,211.569,211.525,211.565,64.59159000268708,66.07697309349368,,,
1767636600,211.565,211.579,211.554,211.5685,64.91532096940068,66.03859147783697,,,
1767636900,211.5685,211.5765,211.551,211.5745,65.49768420998413,65.82642658187224,,,
1767637200,211.5745,211.5905,211.5215,211.522,56.638725900482775,65.09591287428948,,,
1767637500,211.522,211.5505,211.513,211.526,57.114664465163756,64.25508192105583,,,
1767637800,211.526,211.535,211.481,211.5,53.03948969575667,63.20380608734357,,,
1767638100,211.5,211.527,211.497,211.513,54.776943277203145,62.17384155203189,,,
1767638400,211.513,211.516,211.441,211.4465,45.50266340929547,60.746246282803305,,,
1767638700,211.4465,211.4775,211.4355,211.4685,48.60298011863104,59.42741831027961,,,
1767639000,211.4685,211.5,211.453,211.455,46.841970569083834,58.102984953273435,,,
1767639300,211.455,211.477,211.4395,211.47,49.05087884806087,56.89914090092958,,,
1767639600,211.47,211.474,211.3695,211.372,37.954296198424004,55.08318326579859,,,
1767639900,211.372,211.3915,211.359,211.3635,37.16888068462521,53.07664147436528,,,
1767640200,211.3635,211.42,211.3475,211.42,45.27541483200067,51.92653594148565,,,
1767640500,211.42,211.462,211.419,211.436,47.34716965997293,50.69479163129178,,,
1767640800,211.436,211.462,211.4195,211.462,50.61873883414817,49.67360719305946,,,
1767641100,211.462,211.5035,211.4505,211.4925,54.21283209701479,48.867546327847364,,,
1767641400,211.4925,211.509,211.4805,211.492,54.143261388554826,48.689298862709656,,,
1767641700,211.492,211.5055,211.469,211.504,55.61541267145422,48.58220944887326,,,
1767642000,211.504,211.5325,211.485,211.526,58.260973270779786,48.95517256137491,,,
1767642300,211.526,211.538,211.507,211.516,56.60925870732644,49.08605223495515,,,
1767642600,211.516,211.571,211.508,211.554,61.12003610468323,50.20157885605427,,,
1767642900,211.554,211.6035,211.546,211.589,64.75439966371573,51.35525168070318,,,
1767643200,211.589,211.615,211.569,211.57,61.399074740289564,52.3950448357893,,,
1767643500,211.57,211.5785,211.5445,211.5595,59.562294894668725,53.14586026768986,,,
1767643800,211.5595,211.576,211.558,211.569,60.70760417255523,54.771096551556376,,,
1767644100,211.569,211.619,211.569,211.597,63.94859349583554,56.68393318092855,,,
1767644400,211.597,211.619,211.591,211.612,65.5862362714694,58.1347061408906,,,
1767644700,211.612,211.624,211.592,211.6105,65.26695386510698,59.41469072697161,,,
1767645000,211.6105,211.635,211.6055,211.608,64.70161243181546,60.42061026966212,,,
1767645300,211.608,211.6535,211.596,211.6535,69.82463304495553,61.535738908800745,,,
1767645600,211.6535,211.6815,211.6515,211.6735,71.76449187543402,62.79439822929212,,,
1767645900,211.6735,211.6885,211.6595,211.684,72.75475865954493,64.01863722844145,,,
1767646200,211.684,211.707,211.676,211.695,73.79176738032591,65.12797966483761,,,
1767646500,211.695,211.7435,211.685,211.7355,77.22839456348422,66.6007750831346,,,
1767646800,211.7355,211.763,211.711,211.7325,76.42892241718721,67.69426696259916,,,
1767647100,211.7325,211.773,211.7275,211.773,79.51236959817297,68.74840767220324,,,
1767647400,211.773,211.8235,211.773,211.821,82.44367799112185,70.25159361869126,,,
1767647700,211.821,211.8355,211.802,211.8265,82.74826315201403,71.90773420850164,,,
1767648000,211.8265,211.8415,211.8065,211.809,78.1050929930613,73.15041198139492,,,
1767648300,211.809,211.843,211.789,211.796,74.74961304033354,73.92191337743051,,,
1767648600,211.796,211.818,211.796,211.806,75.61736820295882,74.63842280110832,,,
1767648900,211.806,211.807,211.778,211.784,69.92407849312528,74.97107456025249,,,
1767649200,211.784,211.8095,211.775,211.779,68.6588462983397,75.25373412214707,,,
1767649500,211.779,211.8025,211.764,211.792,70.17015277374597,75.27841410277496,,,
1767649800,211.792,211.793,211.775,211.783,67.73495492999177,74.99059003524337,,,
1767650100,211.783,211.8185,211.749,211.749,59.35468641390612,74.03344201769775,,,
1767650400,211.749,211.7645,211.681,211.7305,55.34249781540741,72.715637048775,,,
1767650700,211.7305,211.731,211.727,211.73,55.233826627029934,71.1445964818854,,,
1767651000,211.73,211.7445,211.6865,211.6885,46.98684995750156,69.04159130619357,,,
1767651300,211.6885,211.7745,211.6885,211.769,59.5907044356511,67.6186152231563,,,
1767651600,211.769,211.7895,211.769,211.7795,60.896611479900685,66.07953904378336,,,
1767651900,211.7795,211.7925,211.7795,211.79,62.211752779486005,64.61264544574564,,,
1767652200,211.79,211.828,211.7875,211.8255,66.33433188912925,63.77187679546478,,,
1767652500,211.8255,211.8455,211.813,211.843,68.1774036273117,63.30243326596322,,,
1767652800,211.843,211.849,211.823,211.8245,64.17744249479676,62.48529571538022,,,
1767653100,211.8245,211.9365,211.821,211.9145,72.59966410101184,62.676408973086396,,,
1767653400,211.9145,211.9215,211.8735,211.904,70.51664528867315,62.80910890096737,,,
1767653700,211.904,211.9625,211.901,211.961,74.7517161794494,63.13636342994618,,,
1767654000,211.961,211.979,211.893,211.939,70.54006722880808,63.336728594147345,,,
1767654300,211.939,211.9555,211.8675,211.924,67.73776407472346,63.9355198556343,,,
1767654600,211.924,211.9265,211.883,211.886,61.11410840606738,64.34777775496715,,,
1767654900,211.886,211.915,211.8515,211.879,59.9511516988864,64.68472954581405,,,
1767655200,211.879,211.9075,211.879,211.9065,62.935182304181275,65.82389614200545,,,
1767655500,211.9065,211.9145,211.886,211.902,62.119528445120295,66.00452642839612,,,
1767655800,211.902,211.9025,211.878,211.8935,60.523904899725025,65.97790452981214,,,
1767656100,211.8935,211.905,211.8845,211.893,60.425581048009384,65.85032083470666,,,
1767656400,211.893,211.945,211.8865,211.929,64.8528801663661,65.74450285450929,,,
1767656700,211.929,211.9705,211.924,211.9605,68.204695215924,65.74645225369589,,,
1767657000,211.9605,211.9905,211.9585,211.962,68.35943426839862,66.0451659518103,,,
1767657300,211.962,211.9815,211.9355,211.9365,62.76698783391926,65.34283193273227,,,
1767657600,211.9365,212.0655,211.9145,212.0655,74.24559342831091,65.60918537127783,,,
1767657900,212.0655,212.1145,212.046,212.1145,77.12977414051943,65.7790466542114,,,
1767658200,212.1145,212.1255,212.077,212.105,75.36752469990549,66.12386504500407,,,
1767658500,212.105,212.1385,212.0805,212.0865,71.92136007684245,66.42269333086972,,,
1767658800,212.0865,212.1215,212.0685,212.0785,70.4218068907902,67.08752893692134,,,
1767659100,212.0785,212.119,212.071,212.112,72.96387900785604,68.01700945899061,,,
1767659400,212.112,212.156,212.0635,212.0745,66.11402995377316,68.24407000539004,,,
1767659700,212.0745,212.095,212.061,212.063,64.12584206519516,68.38737812110968,,,
1767660000,212.063,212.0725,212.0235,212.045,61.032117947368455,68.4236790530842,,,
1767660300,212.045,212.1455,212.0345,212.1135,67.46495639497138,68.92649157786721,,,
1767660600,212.1135,212.123,211.928,211.998,51.905750890347974,68.0016966295802,,,
1767660900,211.998,211.998,211.853,211.8845,41.72265807199645,66.11012254787109,,,
1767661200,211.8845,211.992,211.8705,211.9595,48.861998066631855,64.71744853345918,,,
1767661500,211.9595,212.0435,211.9255,211.9425,47.44325057058467,63.62289587179242,,,
1767661800,211.9425,212.021,211.9365,211.989,51.58428595992323,62.004231052621876,,,
1767662100,211.989,212.0645,211.97,212.0595,57.1028910432308,60.57373940281554,,,
1767662400,212.0595,212.0845,211.977,211.993,51.17722807718336,58.8458610726211,,,
1767662700,211.993,212.013,211.9745,211.995,51.340773008605986,57.37581913917564,,,
1767663000,211.995,212.022,211.9845,212.009,52.53925612505445,56.09849408448023,,,
1767663300,212.009,212.025,211.9745,212.025,53.935651115512165,54.739334949312806,,,
1767663600,212.025,212.0515,212.002,212.034,54.742279731934346,53.92706707632432,,,
1767663900,212.034,212.036,211.9325,211.964,47.740114444890146,52.75665796058825,,,
1767664200,211.964,212.017,211.9235,211.959,47.27495987166432,51.77400381232367,,,
1767664500,211.959,211.964,211.919,211.934,44.91832613220423,50.16353022212602,,,
1767664800,211.934,211.965,211.9235,211.9525,47.02290621221108,49.8147556022591,,,
1767665100,211.9525,211.9525,211.8835,211.8855,40.924339701183264,49.75773286148672,,,
1767665400,211.8855,211.904,211.865,211.899,42.541366582182754,49.306259184026075,,,
1767665700,211.899,211.909,211.8645,211.8705,40.049085431847516,48.77810453125913,,,
1767666000,211.8705,211.913,211.8535,211.895,43.133333318923576,48.174465056902015,,,
1767666300,211.895,211.9515,211.892,211.933,47.63331495503329,47.498066764887916,,,
1767666600,211.933,211.941,211.889,211.915,45.78510716613246,47.11291527124142,,,
1767666900,211.915,211.931,211.855,211.857,40.35203357360672,46.32800531159862,,,
1767667200,211.857,211.8735,211.8235,211.827,37.85015104600936,45.27878352023826,,,
1767667500,211.827,211.908,211.8175,211.907,47.24369136620196,44.800786395287524,,,
1767667800,211.907,211.9135,211.852,211.865,43.52435420673055,43.99950600063011,,,
1767668100,211.865,211.9115,211.852,211.9015,47.39993058449099,43.97520715345875,,,
1767668400,211.9015,211.913,211.865,211.8905,46.36723854275228,43.91036991567932,,,
1767668700,211.8905,211.9465,211.882,211.9435,51.814490322177015,44.402953072105944,,,
1767669000,211.9435,211.9865,211.9355,211.9825,55.403858409801984,45.00159251479101,,,
1767669300,211.9825,212.0075,211.9265,211.931,50.09696614026968,45.65678011758289,,,
1767669600,211.931,211.9575,211.931,211.954,52.29468588957738,46.3534457823968,,,
1767669900,211.954,212.0105,211.953,212.004,56.75353547456362,47.54662078544794,,,
1767670200,212.004,212.044,211.997,212.019,58.02116510228704,48.61003734140247,,,
1767670500,212.019,212.026,211.9645,211.9655,52.14976915230529,48.93264121263618,,,
1767670800,211.9655,212.033,211.964,212.026,57.39970294959273,49.76225519716906,,,
1767671100,212.026,212.032,211.9745,211.9885,53.48278579014559,50.70016606977898,,,
1767671400,211.9885,212.01,211.9755,211.982,52.81009044078952,51.76873316940613,,,
1767671700,211.982,212.007,211.967,212.0045,54.92361514124479,52.31729915333777,,,
1767672000,212.0045,212.0315,211.984,212.001,54.51459828301382,53.102316587358004,,,
1767672300,212.001,212.006,211.922,211.9375,47.590089380929456,53.11589935853217,,,
1767672600,211.9375,211.95,211.8895,211.899,43.94539418928732,52.94291047614182,,,
1767672900,211.899,211.91,211.873,211.897,43.75791405589556,52.367440742835996,,,
1767673200,211.897,211.914,211.87,211.9075,45.08254911841687,51.63020436487992,,,
1767673500,211.9075,211.9345,211.8865,211.9225,47.0028700731364,51.40919750294183,,,
1767673800,211.9225,211.933,211.896,211.896,44.070930792174494,50.82178642455592,,,
1767674100,211.896,211.99,211.896,211.955,51.34749872684268,50.43564094257585,,,
1767674400,211.955,212.0245,211.951,212.0165,57.547603094086476,50.401815084847236,,,
1767674700,212.0165,212.048,212.0095,212.032,58.966887888599395,50.888752137439674,,,
1767675000,212.032,212.0485,212.0055,212.0135,56.537329511223234,50.827154034699,,,
1767675300,212.0135,212.023,211.951,211.9905,53.581529614272505,50.83420716499378,,,
1767675600,211.9905,211.998,211.9615,211.984,52.742322432271855,50.82936659295681,,,
1767675900,211.984,211.9975,211.9485,211.9565,49.22929363824808,50.42262934274276,,,
1767676200,211.9565,211.986,211.955,211.972,51.20219963860348,50.186029439570596,,,
1767676500,211.972,211.976,211.9245,211.9455,47.78343345399289,50.199839730503705,,,
1767676800,211.9455,211.946,211.917,211.9225,44.976494122146576,50.27348972570793,,,
1767677100,211.9225,211.9235,211.89,211.9055,42.96739896558118,50.21702436211405,,,
1767677400,211.9055,211.934,211.8815,211.914,44.306984135869605,50.161626863360674,,,
1767677700,211.914,211.9215,211.858,211.866,38.76914461140962,49.57350361609447,,,
1767678000,211.866,211.911,211.864,211.908,45.22087225964397,49.65564229234229,,,
1767678300,211.908,211.9435,211.891,211.9215,47.14853858840291,49.35571656816803,,,
1767678600,211.9215,211.931,211.886,211.8965,44.05668121985933,48.392079291437526,,,
1767678900,211.8965,211.9565,211.8945,211.9545,51.932183756445006,47.88960042485507,,,
1767679200,211.9545,211.9745,211.939,211.9675,53.51187468461842,47.67349650866901,,,
1767679500,211.9675,212.02,211.966,212.0135,58.68575856806399,48.03808429108268,,,
1767679800,212.0135,212.0445,212.0045,212.0165,59.006194337208036,48.48550371286383,,,
1767680100,212.0165,212.0315,211.969,211.991,55.09459965950395,48.90445414295355,,,
1767680400,211.991,211.996,211.9545,211.9835,53.96155644217169,49.101551057494135,,,
1767680700,211.9835,212.016,211.967,212.0115,57.47746852140034,49.79398213373752,,,
1767681000,212.0115,212.0895,211.9945,212.0555,62.344112633330596,51.03452631310781,,,
1767681300,212.0555,212.0595,212.008,212.0375,59.351525036584384,52.20482103246518,,,
1767681600,212.0375,212.0555,212.012,212.022,56.822151480783404,53.09876155710189,,,
1767681900,212.022,212.024,211.975,212.014,55.50730749336649,54.294344620098805,,,
1767682200,212.014,212.0165,211.959,211.971,48.95070766797534,54.56076143497962,,,
1767682500,211.971,211.992,211.948,211.964,47.957591284947355,54.61855091330422,,,
1767682800,211.964,212.0175,211.9315,211.988,51.584397858686565,55.156244958934735,,,
1767683100,211.988,212.0105,211.958,211.9935,52.40301823457297,55.18987599308673,,,
1767683400,211.9935,211.9945,211.8845,211.8855,38.60102526051172,54.12481531993625,,,
1767683700,211.8855,211.967,211.864,211.8705,37.13798582176788,52.58568869520082,,,
1767684000,211.8705,211.8935,211.838,211.869,36.98701564348637,51.01289021707784,,,
1767684300,211.869,211.8945,211.857,211.8805,39.03325801694689,49.86565152832377,,,
1767684600,211.8805,211.9145,211.8195,211.8385,34.612505559869575,48.48357646530218,,,
1767684900,211.8385,211.875,211.799,211.8625,38.87282674902444,47.15467348156104,,,
1767685200,211.8625,211.876,211.802,211.8075,33.4879866129547,45.09352162296277,,,
1767685500,211.8075,211.829,211.787,211.8055,33.30730325525778,43.23322006715372,,,
1767685800,211.8055,211.845,211.788,211.818,35.64441801439523,41.72052481955456,,,
1767686100,211.818,211.8555,211.794,211.844,40.32842244601172,40.63631874474351,,,
1767686400,211.844,211.9625,211.785,211.821,37.713453419459995,39.833657726992406,,,
1767686700,211.821,211.897,211.7795,211.822,37.901987498229104,39.1154003136554,,,
1767687000,211.822,211.8885,211.7955,211.841,41.52369849445136,38.396778930495735,,,
1767687300,211.841,211.9575,211.841,211.9555,57.57994125968437,38.76655914657512,,,
1767687600,211.9555,211.98,211.85,211.88,48.18485568554951,39.451118462649255,,,
1767687900,211.88,211.9235,211.8245,211.867,46.76979181248406,40.13910460484327,,,
1767688200,211.867,211.907,211.828,211.907,51.490365741296856,41.175058183258294,,,
1767688500,211.907,211.954,211.8855,211.8995,50.584548726595884,42.000150376804655,,,
1767688800,211.8995,211.958,211.8675,211.8885,49.21699101981528,43.043327909657926,,,
1767689100,211.8885,211.9495,211.8665,211.9195,53.06780336153592,44.05725481055159,,,
1767689400,211.9195,211.9525,211.892,211.897,50.098438128971424,45.24371563312422,,,
1767689700,211.897,211.93,211.8635,211.88,47.916854356988715,46.28725499753357,,,
1767690000,211.88,211.8955,211.71,211.712,32.74263450978208,46.07998474720406,,,
1767690300,211.712,211.762,211.7005,211.76,38.71427982615234,45.96468884578554,,,
1767690600,211.76,211.77,211.7,211.722,35.989933939130694,45.84158031147631,,,
1767690900,211.722,211.8125,211.7165,211.7465,38.97180432429684,45.91799579905257,,,
1767691200,211.7465,211.802,211.714,211.768,41.545263325635744,45.91953614413717,,,
1767691500,211.768,211.839,211.7645,211.825,47.82666287328334,45.22287340225138,,,
1767691800,211.825,211.84,211.7395,211.7985,45.3848983518542,45.02287644984458,,,
1767692100,211.7985,211.879,211.7915,211.879,53.2012276967115,45.4822647272894,,,
1767692400,211.879,211.8985,211.8,211.808,46.83466947034254,45.149714993649795,,,
1767692700,211.808,211.8225,211.749,211.7745,44.15003446001009,44.69010683175081,,,
1767693000,211.7745,211.8395,211.7205,211.7535,42.505211562548915,44.21069401337464,,,
1767693300,211.7535,211.7725,211.6725,211.6735,36.86992814473846,43.05370292646054,,,
1767693600,211.6735,211.7015,211.559,211.5735,31.286234595593243,41.70997410264782,,,
1767693900,211.5735,211.61,211.5615,211.582,32.22577924915693,40.58918302351697,,,
1767694200,211.582,211.632,211.577,211.5785,32.031562978610424,40.53839219986185,,,
1767694500,211.5785,211.604,211.534,211.594,33.93058916637126,40.19670000987749,,,
1767694800,211.594,211.655,211.576,211.644,39.77601493602178,40.467134366798284,,,
1767695100,211.644,211.6675,211.61,211.653,40.79146189303153,40.59710990742219,,,
1767695400,211.653,211.653,211.598,211.609,37.465522036512105,40.30569981534193,,,
1767695700,211.609,211.7195,211.609,211.6955,46.671186788349594,40.22316580927524,,,
1767696000,211.6955,211.739,211.667,211.739,50.60888383328401,40.596307629377364,,,
1767696300,211.739,211.779,211.739,211.754,51.927043144191224,40.50529444705449,,,
1767696600,211.754,211.7665,211.7,211.707,47.637062647382166,40.56260824541447,,,
1767696900,211.707,211.7505,211.703,211.718,48.70516981945818,40.887975056803604,,,
1767697200,211.718,211.7645,211.69,211.7485,51.650120743591216,41.541182855449485,,,
1767697500,211.7485,211.7485,211.6815,211.6825,45.55516113024575,42.16155664012857,,,
1767697800,211.6825,211.7245,211.6505,211.7165,48.90046884025007,43.41971622903263,,,
1767698100,211.7165,211.7225,211.6535,211.6545,43.63527323400162,44.23468008509296,,,
1767698400,211.6545,211.671,211.593,211.597,39.398440160609134,44.76088559809288,,,
1767698700,211.597,211.615,211.5445,211.5945,39.22013268162056,45.13871013489639,,,
1767699000,211.5945,211.6145,211.571,211.5805,38.17810884412063,45.02457398547489,,,
1767699300,211.5805,211.6315,211.5755,211.598,40.31284483286171,44.99038705260562,,,
1767699600,211.598,211.598,211.561,211.5685,37.93486030099557,45.023911214354435,,,
1767699900,211.5685,211.587,211.527,211.527,34.82285244191834,44.17760161818078,,,
1767700200,211.527,211.542,211.488,211.5135,33.8500342930879,42.9805409367382,,,
1767700500,211.5135,211.5615,211.4895,211.5345,36.80739169302955,41.900565833083796,,,
1767700800,211.5345,211.5385,211.486,211.507,34.62438843900995,40.971089103914345,,,
1767701100,211.507,211.5195,211.4495,211.4605,31.249444352171068,39.7242515705367,,,
1767701400,211.4605,211.5,211.438,211.4955,36.28369493123334,38.626649726796856,,,
1767701700,211.4955,211.5355,211.489,211.5215,39.809640014920234,38.216255361416465,,,
1767702000,211.5215,211.5405,211.4635,211.4815,36.46624752060325,37.32809669572741,,,
1767702300,211.4815,211.5125,211.457,211.4755,35.97814192565352,36.781158745131115,,,
1767702600,211.4755,211.4795,211.4345,211.4675,35.29969315389903,36.488391101794676,,,
1767702900,211.4675,211.4985,211.4085,211.4085,30.701523739641104,35.87991903451042,,,
1767703200,211.4085,211.439,211.3795,211.4325,34.44246237567887,35.61308714390744,,,
1767703500,211.4325,211.4565,211.415,211.415,33.04180425566234,35.09372710267892,,,
1767703800,211.415,211.4525,211.3805,211.41,32.633468114338484,34.715056232203416,,,
1767704100,211.41,211.4865,211.3985,211.456,39.98211326432807,35.083574862375535,,,
1767704400,211.456,211.507,211.4255,211.461,40.738824538385124,35.5756313084682,,,
1767704700,211.461,211.4635,211.3705,211.421,36.74721040865228,35.57133264529839,,,
1767705000,211.421,211.456,211.3725,211.392,34.13581283647751,35.53643438797465,,,
1767705300,211.392,211.418,211.3165,211.4025,35.91165220672018,35.86944923472816,,,
1767705600,211.4025,211.476,211.3865,211.4735,46.42963957453745,36.59415956639274,,,
1767705900,211.4735,211.4745,211.4065,211.4255,41.47402698820759,36.71304435019898,,,
1767706200,211.4255,211.4605,211.4055,211.419,40.838363642249426,37.02533835888799,,,
1767706500,211.419,211.46,211.418,211.4335,42.93936761261418,37.52256876509947,,,
1767706800,211.4335,211.489,211.416,211.421,41.568859841828925,37.97036638566589,,,
1767707100,211.421,211.459,211.421,211.44,44.47008311717791,38.95383491263281,,,
1767707400,211.44,211.4725,211.41,211.4305,43.31210391235539,39.58738073668112,,,
1767707700,211.4305,211.4785,211.4245,211.472,49.49860849162304,40.762866753535455,,,
1767708000,211.472,211.538,211.4285,211.5275,56.35804945211182,42.45747970623355,,,
1767708300,211.5275,211.581,211.491,211.57,60.754078366647576,43.94119149925638,,,
1767708600,211.57,211.5815,211.4775,211.4775,49.14985425194394,44.54197933593915,,,
1767708900,211.4775,211.5245,211.4445,211.447,46.028047514956384,45.204896272103724,,,
1767709200,211.447,211.4835,211.422,211.4425,45.56816942454576,46.02149317125146,,,
1767709500,211.4425,211.4665,211.429,211.4535,46.963133047295955,46.810884659864016,,,
1767709800,211.4535,211.5195,211.449,211.5115,53.70071713338176,47.33024734263861,,,
1767710100,211.5115,211.5425,211.4835,211.5295,55.586411887002775,48.3382748354097,,,
1767710400,211.5295,211.598,211.496,211.5785,60.323765812040996,49.73008927610909,,,
1767710700,211.5785,211.6375,211.5435,211.6005,62.269671731094334,51.11082528457196,,,
1767711000,211.6005,211.611,211.552,211.5865,60.244784293382004,52.44481988825432,,,
1767711300,211.5865,211.59,211.5305,211.548,54.952655879111255,53.19357508553527,,,
1767711600,211.548,211.61,211.528,211.5425,54.21990505385284,53.972703738499376,,,
1767711900,211.5425,211.6005,211.5345,211.572,57.49379426792658,54.54378843680678,,,
1767712200,211.572,211.6245,211.5335,211.607,61.05254136998233,54.879109288083235,,,
1767712500,211.607,211.6185,211.5125,211.5185,49.717694066249166,54.09079612376906,,,
1767712800,211.5185,211.5185,211.406,211.4245,41.00887861768864,53.5092978641794,,,
1767713100,211.4245,211.526,211.4205,211.48,46.92072211446296,53.57306033557273,,,
1767713400,211.48,211.4955,211.447,211.4735,46.33505476353971,53.627837859786574,,,
1767713700,211.4735,211.4795,211.398,211.4,40.22138453907616,53.14628439491373,,,
1767714000,211.4,211.4815,211.3835,211.476,47.879345153015876,52.73047211060189,,,
1767714300,211.476,211.524,211.4685,211.5075,50.698439354601796,52.381331215430386,,,
1767714600,211.5075,211.517,211.4005,211.4045,42.587153732587154,51.11443035261225,,,
1767714900,211.4045,211.5135,211.3955,211.498,50.35235669173214,50.26319356408639,,,
1767715200,211.498,211.5385,211.47,211.5305,52.74484256180602,49.72748344040239,,,
1767715500,211.5305,211.5305,211.4425,211.4565,47.170952122663294,49.171647457798954,,,
1767715800,211.4565,211.4865,211.4505,211.475,48.63242965746494,48.772542072342674,,,
1767716100,211.475,211.5005,211.457,211.497,50.39004497769037,48.26513140875437,,,
1767716400,211.497,211.54,211.497,211.526,52.68812408148436,47.66767303100452,,,
1767716700,211.526,211.553,211.5105,211.524,52.50747574692619,47.86694315105287,,,
1767717000,211.524,211.527,211.465,211.483,48.812664276883176,48.424356412423904,,,
1767717300,211.483,211.501,211.4415,211.498,50.19352239411302,48.65812786097034,,,
1767717600,211.498,211.508,211.424,211.462,46.921936095463344,48.700047956107746,,,
1767717900,211.462,211.4775,211.431,211.4765,48.38131422880116,49.282900076802385,,,
1767718200,211.4765,211.5275,211.4645,211.4665,47.413108009913785,49.24959742372367,,,
1767718500,211.4665,211.5225,211.4565,211.4735,48.19464153590896,49.070754722388465,,,
1767718800,211.4735,211.539,211.4595,211.5355,54.62668476479426,49.93072122468897,,,
1767719100,211.5355,211.568,211.5335,211.567,57.512938540532666,50.44219135674615,,,
1767719400,211.567,211.588,211.553,211.5635,57.07847976579314,50.75173687131666,,,
1767719700,211.5635,211.612,211.529,211.612,61.4268498630167,51.770015281341905,,,
1767720000,211.612,211.6255,211.5675,211.619,62.024837262942754,52.726615824590326,,,
1767720300,211.619,211.6465,211.601,211.6425,64.04031194389289,53.7016348936048,,,
1767720600,211.6425,211.684,211.628,211.6575,65.30603789095989,54.60291445142447,,,
1767720900,211.6575,211.6675,211.6355,211.652,64.41079975785945,55.45315188077684,,,
1767721200,211.652,211.6915,211.636,211.6895,67.66545677750925,56.79977991653585,,,
1767721500,211.6895,211.708,211.66,211.683,66.52974113884613,57.966652684016786,,,
1767721800,211.683,211.7205,211.683,211.7145,69.22546822655838,59.55976212195214,,,
1767722100,211.7145,211.726,211.692,211.6955,65.78384114505053,60.8027997588271,,,
1767722400,211.6955,211.7325,211.69,211.731,68.89542569237402,62.33725102185997,,,
1767722700,211.731,211.747,211.6755,211.716,66.15777016597093,63.62033163829297,,,
1767723000,211.716,211.717,211.6475,211.6625,57.397305814580356,63.81823314184912,,,
1767723300,211.6625,211.692,211.6155,211.619,51.43363522732893,63.383997190905994,,,
1767723600,211.619,211.6645,211.608,211.6315,52.946565480849834,63.08886045626719,,,
1767723900,211.6315,211.688,211.6305,211.6645,56.77488418931528,62.75657719385994,,,
1767724200,211.6645,211.673,211.637,211.6385,53.10860335256836,62.11970334311891,,,
1767724500,211.6385,211.654,211.627,211.627,51.52376051842794,61.22566395558571,,,
1767724800,211.627,211.637,211.5865,211.629,51.793190886543165,60.26046059812737,,,
1767725100,211.629,211.6575,211.6245,211.6375,52.98907751228474,59.44462329487204,,,
1767725400,211.6375,211.6395,211.5755,211.5865,45.66866037102804,57.873423551551944,,,
1767725700,211.5865,211.6045,211.568,211.569,43.45048122972009,56.224904986614376,,,
1767726000,211.569,211.5795,211.527,211.532,39.12368487030582,54.07477760402491,,,
1767726300,211.532,211.532,211.474,211.474,33.49327031444403,51.768308258981584,,,
1767726600,211.474,211.4885,211.4545,211.479,34.37012751906664,49.30221553231677,,,
1767726900,211.479,211.484,211.4595,211.4595,32.566748658399746,46.90285685320454,,,
1767727200,211.4595,211.468,211.4435,211.4535,32.010209571722356,45.08949283585754,,,
1767727500,211.4535,211.455,211.433,211.442,30.919558511010948,43.62420164183482,,,
1767727800,211.442,211.452,211.432,211.4385,30.578080754698348,42.026452732824005,,,
1767728100,211.4385,211.454,211.43,211.45,33.188989279604556,40.34174595355896,,,
1767728400,211.45,211.478,211.45,211.475,38.59555746894704,39.30509981901457,,,
1767728700,211.475,211.4945,211.473,211.478,39.23106571847817,38.427050190446735,,,
1767729000,211.478,211.4825,211.4615,211.4735,38.585966194406694,37.48367699815127,,,
1767729300,211.4735,211.489,211.4325,211.459,36.503076569302394,36.30610550222396,,,
1767729600,211.459,211.4645,211.426,211.435,33.299046400312264,35.422561647172834,,,
1767729900,211.435,211.445,211.421,211.4365,33.690793382598784,34.72544108666417,,,
1767730200,211.4365,211.454,211.422,211.44,34.65516922558662,34.40626139775566,,,
1767730500,211.44,211.466,211.439,211.449,37.185019781631055,34.669957788269016,,,
1767730800,211.449,211.482,211.4405,211.472,43.23349361974661,35.30305536688901,,,
1767731100,211.472,211.4725,211.4435,211.45,39.33218603573836,35.786300893841776,,,
1767731400,211.45,211.489,211.4485,211.4715,44.59412870294157,36.685152260357434,,,
1767731700,211.4715,211.4935,211.469,211.48,46.56727916703422,37.80284659293052,,,
1767732000,211.48,211.485,211.455,211.46,42.7128609902239,38.66961660975379,,,
1767732300,211.46,211.4685,211.4385,211.44,39.217126647972925,39.10019785035153,,,
1767732600,211.44,211.4535,211.4155,211.4165,35.53684407254127,38.881718322036825,,,
1767732900,211.4165,211.4605,211.3985,211.459,45.49826852470693,39.32937566533888,,,
1767733200,211.459,211.485,211.4485,211.458,45.32080738204907,39.810435750170484,,,
1767733500,211.458,211.4895,211.457,211.4885,51.5303905366778,40.88381531926872,,,
1767733800,211.4885,211.491,211.456,211.459,46.07964016539443,41.79671487391745,,,
1767734100,211.459,211.474,211.454,211.474,49.03183993223401,42.89250391317711,,,
1767734400,211.474,211.489,211.454,211.4875,51.600243864015205,44.10286638735058,,,
1767734700,211.4875,211.507,211.4855,211.4995,53.82754773559308,45.291618384062154,,,
1767735000,211.4995,211.5115,211.4965,211.504,54.66998603445548,46.1085106993985,,,
1767735300,211.504,211.5045,211.4675,211.4875,50.99592198224071,46.94163469557724,,,
1767735600,211.4875,211.4945,211.4815,211.4915,51.84088363699619,47.45926004800971,,,
1767735900,211.4915,211.5435,211.4865,211.538,60.391069232243126,48.44667362409607,,,
1767736200,211.538,211.552,211.5235,211.5425,61.11063765810264,49.76080052894455,,,
1767736500,211.5425,211.5505,211.4905,211.4905,49.84245415317054,50.51975249360152,,,
1767736800,211.4905,211.5145,211.444,211.495,50.68981344222361,51.60210744857883,,,
1767737100,211.495,211.533,211.495,211.5175,54.80141344288851,52.266617799877515,,,
1767737400,211.5175,211.5395,211.4915,211.492,49.739465531689525,52.58223623913755,,,
1767737700,211.492,211.504,211.3885,211.392,35.78134194903896,51.45730419716335,,,
1767738000,211.392,211.423,211.3915,211.4225,41.20109714162798,51.10883683832289,,,
1767738300,211.4225,211.4535,211.373,211.427,41.97913371178983,50.60507210829116,,,
1767738600,211.427,211.473,211.4215,211.473,49.35625024007913,50.44478684943858,,,
1767738900,211.473,211.477,211.4655,211.4745,49.58136895201498,50.141488364897285,,,
1767739200,211.4745,211.483,211.473,211.482,50.75994857083572,49.86219997463873,,,
1767739500,211.482,211.4835,211.4635,211.4685,48.559557926388806,49.68817397064931,,,
1767739800,211.4685,211.4775,211.4495,211.4505,45.71409974150944,49.25054654954311,,,
1767740100,211.4505,211.4775,211.4395,211.477,50.32876782450794,48.531810734704884,,,
1767740400,211.477,211.5445,211.469,211.498,53.68846911603015,48.00165583884256,,,
1767740700,211.498,211.498,211.4755,211.4785,50.2871105647758,48.03341701110008,,,
1767741000,211.4785,211.5015,211.4755,211.496,53.15537558485237,48.20952859271642,,,
1767741300,211.496,211.526,211.496,211.523,57.25329413442618,48.384662927826255,,,
1767741600,211.523,211.524,211.5015,211.5095,54.67775063909064,48.7373975783549,,,
1767741900,211.5095,211.5345,211.505,211.5315,57.99404355094821,50.32401912134843,,,
1767742200,211.5315,211.541,211.5225,211.5235,56.37854244328065,51.40812235718075,,,
1767742500,211.5235,211.568,211.5175,211.55,60.32148004511613,52.718289952418345,,,
1767742800,211.55,211.5545,211.5345,211.5385,57.876590085375184,53.32688565565378,,,
1767743100,211.5385,211.5465,211.5005,211.5005,50.581223817042165,53.39830386029858,,,
1767743400,211.5005,211.5425,211.4835,211.517,53.33195890642302,53.58201888426909,,,
1767743700,211.517,211.547,211.4945,211.496,49.55158816160294,53.65287818678439,,,
1767744000,211.496,211.618,211.4455,211.601,63.48767941605093,54.92241959210878,,,
1767744300,211.601,211.622,211.59,211.6145,64.83279763783207,55.95842172163193,,,
1767744600,211.6145,211.6795,211.6145,211.6275,66.1269045965411,56.846881398811284,,,
1767744900,211.6275,211.6275,211.5115,211.56,54.84215411496907,57.17224165239652,,,
1767745200,211.56,211.5995,211.549,211.577,56.83983755483056,57.435417507394966,,,
1767745500,211.577,211.621,211.5655,211.568,55.44151672630037,57.30600483538598,,,
1767745800,211.568,211.569,211.496,211.5195,48.51501312497518,56.86580929866345,,,
1767746100,211.5195,211.5255,211.415,211.416,37.69271144925217,55.4157141485423,,,
1767746400,211.416,211.4405,211.3945,211.417,37.83699599274126,54.09131797350377,,,
1767746700,211.417,211.501,211.4105,211.491,47.52152617367513,53.177035554115136,,,
1767747000,211.491,211.5005,211.435,211.4625,44.637218960912634,52.231366188082085,,,
1767747300,211.4625,211.517,211.4425,211.499,48.91371565279563,52.11225846206448,,,
1767747600,211.499,211.524,211.417,211.4615,45.0624119874288,51.52157653927918,,,
1767747900,211.4615,211.516,211.4605,211.4795,47.21096822505063,51.35438940095402,,,
1767748200,211.4795,211.5765,211.468,211.5505,54.73142898989486,50.728942941942876,,,
1767748500,211.5505,211.557,211.517,211.551,54.78028577722145,50.01090638047068,,,
1767748800,211.551,211.608,211.528,211.599,59.31940258533398,49.52465623681304,,,
1767749100,211.599,211.618,211.591,211.613,60.56283091979725,49.93327600858648,,,
1767749400,211.613,211.656,211.5615,211.656,64.18390018631857,50.45785191083563,,,
1767749700,211.656,211.678,211.61,211.6515,63.52652255192859,51.03535232695193,,,
1767750000,211.6515,211.687,211.6425,211.687,66.4461763703153,52.31614970161902,,,
1767750300,211.687,211.727,211.677,211.6995,67.4346747287907,54.440575650157484,,,
1767750600,211.6995,211.714,211.653,211.654,60.45331346852326,56.056026898427625,,,
1767750900,211.654,211.699,211.6495,211.666,61.58294156485284,57.060413712083175,,,
1767751200,211.666,211.6935,211.6455,211.6865,63.501007612730184,58.407827187213,,,
1767751500,211.6865,211.7185,211.674,211.689,63.73877525386844,59.466760015861055,,,
1767751800,211.689,211.756,211.689,211.704,65.20345906484727,60.905406235676665,,,
1767752100,211.704,211.705,211.668,211.68,60.9606300900331,61.887524940318265,,,
1767752400,211.68,211.716,211.67,211.694,62.49379710196284,62.441979805465984,,,
1767752700,211.694,211.712,211.673,211.6955,62.66298688975573,63.00502988493272,,,
1767753000,211.6955,211.719,211.682,211.707,64.00365332760231,63.33961922366617,,,
1767753300,211.707,211.736,211.694,211.6985,62.225157150606094,63.45835681158109,,,
1767753600,211.6985,211.73,211.688,211.716,64.41740472863412,63.475035707460776,,,
1767753900,211.716,211.7425,211.7105,211.711,63.287296299387826,63.45794811799357,,,
1767754200,211.711,211.712,211.691,211.696,59.892636481593065,62.98983812594198,,,
1767754500,211.696,211.705,211.6265,211.6305,47.828389960293194,61.58938921390644,,,
1767754800,211.6305,211.639,211.584,211.609,44.64916023646829,60.460521125902524,,,
1767755100,211.609,211.625,211.596,211.597,42.93377110263639,59.12843752145849,,,
1767755400,211.597,211.6375,211.596,211.6325,49.156955867112245,58.10386239677149,,,
1767755700,211.6325,211.6595,211.622,211.651,52.089167403112334,57.271747550288914,,,
1767756000,211.651,211.6555,211.625,211.652,52.24947527767956,56.346462994062655,,,
1767756300,211.652,211.6565,211.6025,211.6035,44.47663898444934,55.16903505794952,,,
1767756600,211.6035,211.624,211.537,211.5485,37.63853190463542,53.39365897242614,,,
1767756900,211.5485,211.5655,211.533,211.556,39.01544661932333,51.70454895310953,,,
1767757200,211.556,211.5905,211.55,211.5795,43.24401771810877,50.221717838145715,,,
1767757500,211.5795,211.6,211.5535,211.566,41.46529151796474,48.73887029295704,,,
1767757800,211.566,211.6055,211.5645,211.6025,47.725859626966425,47.546617071409344,,,
1767758100,211.6025,211.6035,211.56,211.584,45.09331354899791,46.24704687495292,,,
1767758400,211.584,211.585,211.5315,211.5465,40.24711503946879,44.84379534337262,,,
1767758700,211.5465,211.5785,211.5285,211.56,42.63716427179674,44.47299350848001,,,
1767759000,211.56,211.566,211.519,211.52,37.81124697630847,43.98457113275431,,,
1767759300,211.52,211.5315,211.485,211.4995,35.588067517697155,43.45987801954436,,,
1767759600,211.4995,211.512,211.4505,211.4575,31.50144845131723,42.19877034698758,,,
1767759900,211.4575,211.492,211.4545,211.491,37.65133507508775,41.16749660927154,,,
1767760200,211.491,211.503,211.471,211.498,38.886042460138114,40.21296569373287,,,
1767760500,211.498,211.521,211.478,211.494,38.41785834670813,39.78019564817992,,,
1767760800,211.494,211.5095,211.465,211.47,35.6448234868724,39.637787904053994,,,
1767761100,211.47,211.472,211.417,211.4385,32.34484403927239,39.16131629119321,,,
1767761400,211.4385,211.45,211.3885,211.4125,29.88548177237594,38.207135152212295,,,
1767761700,211.4125,211.4265,211.3925,211.4125,29.885481772375925,37.38000588467024,,,
1767762000,211.4125,211.415,211.35,211.3575,25.187045149219784,35.77009056483119,,,
1767762300,211.3575,211.379,211.2585,211.344,24.18209882551527,34.27643237029672,,,
1767762600,211.344,211.348,211.317,211.341,23.953378587983863,33.112594052333506,,,
1767762900,211.341,211.3795,211.341,211.367,30.12199644617948,32.21865349336085,,,
1767763200,211.367,211.3685,211.271,211.2865,23.709378938148717,31.21137720492087,,,
1767763500,211.2865,211.2875,211.2405,211.246,21.25745659751378,30.187762139193485,,,
1767763800,211.246,211.254,211.2025,211.2425,21.054811734123987,29.44157380225111,,,
1767764100,211.2425,211.321,211.237,211.3035,33.03628708501948,29.111927517246237,,,
1767764400,211.3035,211.3135,211.2675,211.271,30.38990703034257,28.50506070083227,,,
1767764700,211.271,211.298,211.2445,211.263,29.757995946743307,27.88649910083478,,,
1767765000,211.263,211.3035,211.2475,211.2705,31.202292998728822,27.569175494538815,,,
1767765300,211.2705,211.2845,211.233,211.258,30.091737347442304,27.408239302265233,,,
1767765600,211.258,211.2735,211.2165,211.228,27.55673962446255,27.241900577414278,,,
1767765900,211.228,211.239,211.1815,211.211,26.20933314261461,26.97931853243133,,,
1767766200,211.211,211.223,211.1485,211.185,24.255905198652158,26.91280853596221,,,
1767766500,211.185,211.217,211.1825,211.2015,27.92711023128129,27.180309350659787,,,
1767766800,211.2015,211.228,211.1725,211.199,27.70797840985263,27.448495052221837,,,
1767767100,211.199,211.2235,211.1605,211.1755,25.669050848001092,27.13042750949481,,,
1767767400,211.1755,211.187,211.1675,211.184,27.74028383518373,27.418349287854454,,,
1767767700,211.184,211.1955,211.164,211.19,29.239171863007726,27.988471806818307,,,
1767768000,211.19,211.2125,211.18,211.2015,32.14446200776145,28.780589683506694,,,
1767768300,211.2015,211.2215,211.131,211.2215,36.98980231616827,29.06298362858875,,,
1767768600,211.2215,211.359,211.2215,211.3555,58.41533668357609,31.06480003239115,,,
1767768900,211.3555,211.359,211.262,211.275,47.881942309832304,32.35936762975465,,,
1767769200,211.275,211.3045,211.2225,211.2755,47.94472862311699,33.555255888639515,,,
1767769500,211.2755,211.2765,211.212,211.259,45.97634463641344,34.6898706949946,,,
1767769800,211.259,211.3185,211.259,211.282,49.11257536623503,36.229573247978344,,,
1767770100,211.282,211.3095,211.2345,211.2415,44.24209704845349,37.51762781268112,,,
1767770400,211.2415,211.2705,211.224,211.239,43.952342275216026,38.92451617529283,,,
1767770700,211.239,211.249,211.195,211.2165,41.32887488561779,39.88178507917401,,,
1767771000,211.2165,211.2535,211.143,211.1875,38.16675019262088,40.628840206514596,,,
1767771300,211.1875,211.2295,211.136,211.1785,37.21510757529019,41.45355854417811,,,
1767771600,211.1785,211.207,211.0945,211.134,32.85327001100457,41.81877184245102,,,
1767771900,211.134,211.141,211.063,211.074,28.075233074281087,41.73563335754198,,,
1767772200,211.074,211.1915,211.061,211.19,44.792355996552175,42.63905435674131,,,
1767772500,211.19,211.24,211.138,211.138,40.27346274134957,42.873601529968546,,,
1767772800,211.138,211.1595,211.0815,211.0965,37.060069728632776,41.348225318901164,,,
1767773100,211.0965,211.0985,211.0255,211.097,37.12516183778909,40.57988385661236,,,
1767773400,211.097,211.129,211.053,211.0715,35.129752343874614,39.66452840809505,,,
1767773700,211.0715,211.106,211.054,211.0635,34.503199737549394,38.845018058176194,,,
1767774000,211.0635,211.1035,211.046,211.071,35.66173107122491,37.88424346567547,,,
1767774300,211.071,211.1175,211.064,211.099,39.93344238725421,37.57648241844695,,,
1767774600,211.099,211.171,211.096,211.17,49.15251078603875,37.94792302636285,,,
1767774900,211.17,211.32,211.17,211.2905,60.29160763267124,39.30240393686667,,,
1767775200,211.2905,211.2915,211.162,211.175,49.17224018671,40.08851036501589,,,
1767775500,211.175,211.204,211.1735,211.187,50.19987218867785,41.015993551686435,,,
1767775800,211.187,211.2245,211.1655,211.183,49.83816087934559,42.22920004228222,,,
1767776100,211.183,211.2675,211.1425,211.2555,56.02324180752524,44.22548638037108,,,
1767776400,211.2555,211.3075,211.222,211.296,59.0600733117576,45.2446090457429,,,
1767776700,211.296,211.297,211.205,211.2575,55.160508562835965,46.30796946156336,,,
1767777000,211.2575,211.2905,211.1505,211.1645,47.074808638875076,47.0233079551521,,,
1767777300,211.1645,211.1775,211.114,211.1625,46.915537244347625,47.722620484192,,,
1767777600,211.1625,211.189,211.1265,211.1755,48.143680282351156,48.65218676551175,,,
1767777900,211.1755,211.1855,211.124,211.1605,46.79830261057776,49.530408399299496,,,
1767778200,211.1605,211.162,211.072,211.1245,43.645882200076464,50.100704908503175,,,
1767778500,211.1245,211.1495,211.0775,211.145,45.88149142295923,50.525565553910674,,,
1767778800,211.145,211.1755,211.111,211.117,43.35180728158963,50.111229589307165,,,
1767779100,211.117,211.1225,211.0805,211.09,41.00408709073491,48.73354955059743,,,
1767779400,211.09,211.1525,211.0865,211.1405,46.80651639566109,48.56456927980822,,,
1767779700,211.1405,211.1665,211.1355,211.144,47.19415877196067,48.34987546432843,,,
1767780000,211.144,211.215,211.1305,211.209,53.91147264352045,48.64082630462663,,,
1767780300,211.209,211.2145,211.1645,211.196,52.47376500220009,48.3872922471034,,,
1767780600,211.196,211.2095,211.1495,211.207,53.60129793118371,47.99737971991955,,,
1767780900,211.207,211.2315,211.182,211.228,55.759192212210976,48.040142837732056,,,
1767781200,211.228,211.2375,211.183,211.2175,54.396952338677224,48.56315310200363,,,
1767781500,211.2175,211.2845,211.212,211.2605,58.83257558965532,49.41437012666847,,,
1767781800,211.2605,211.2615,211.223,211.245,56.69200038219145,50.024964419514205,,,
1767782100,211.245,211.283,211.245,211.254,57.655399326020145,50.800471327760086,,,
1767782400,211.254,211.281,211.247,211.27,59.385155895751225,51.92470516316543,,,
1767782700,211.27,211.3105,211.262,211.2795,60.41901614672985,52.9630997862919,,,
1767783000,211.2795,211.289,211.2255,211.2315,53.06852468497138,53.657151029390604,,,
1767783300,211.2315,211.2895,211.2165,211.28,58.555073937840106,54.910792947040974,,,
1767783600,211.28,211.3045,211.271,211.2795,58.47917263262393,55.744554106824026,,,
1767783900,211.2795,211.3075,211.2695,211.2885,59.496897051251516,56.62332112677337,,,
1767784200,211.2885,211.3145,211.277,211.2975,60.538547361519505,57.09668360663045,,,
1767784500,211.2975,211.354,211.2765,211.353,66.29509288410352,58.083921312480705,,,
1767784800,211.353,211.4265,211.3445,211.3925,69.6846310552329,59.232730821341356,,,
1767785100,211.3925,211.3945,211.341,211.3595,63.902758338974586,59.814414116110186,,,
1767785400,211.3595,211.3915,211.3425,211.3665,64.57421773318715,60.54136164428947,,,
1767785700,211.3665,211.3735,211.3115,211.323,57.42552527108686,60.44085805010602,,,
1767786000,211.323,211.3665,211.3215,211.351,60.45983166333468,60.70998885590196,,,
1767786300,211.351,211.3555,211.319,211.333,57.61694517671301,60.70724213095145,,,
1767786600,211.333,211.3395,211.3145,211.3235,56.11717683045102,60.473815054858576,,,
1767786900,211.3235,211.348,211.301,211.3025,52.8427184196317,59.93265093149442,,,
1767787200,211.3025,211.3035,211.2665,211.289,50.7909462912228,59.76996676051238,,,
1767787500,211.289,211.29,211.208,211.2105,40.85683047212086,58.505806512961,,,
1767787800,211.2105,211.249,211.199,211.2145,41.484868753010616,57.2919276644172,,,
1767788100,211.2145,211.2385,211.2005,211.2215,42.632934832763056,56.08735893452517,,,
1767788400,211.2215,211.238,211.1895,211.2325,44.47648509218042,54.94006877242952,,,
1767788700,211.2325,211.233,211.1285,211.1535,35.622548205729615,52.74917272397424,,,
1767789000,211.1535,211.1755,211.1225,211.162,37.07403263744005,50.41984426556047,,,
1767789300,211.162,211.2015,211.1565,211.163,37.253272843904796,48.5163095873412,,,
1767789600,211.163,211.184,211.1455,211.166,37.82544165645622,46.60568272471756,,,
1767789900,211.166,211.1925,211.1635,211.1785,40.26945202704668,45.38024892157183,,,
1767790200,211.1785,211.2035,211.163,211.165,38.508857264370356,43.812322178788655,,,
1767790500,211.165,211.1865,211.147,211.1615,38.044455334531314,42.414287190061394,,,
1767790800,211.1615,211.171,211.105,211.135,34.638385566328125,40.88008781405262,,,
1767791100,211.135,211.1435,211.073,211.113,32.07130066561034,39.39641511733681,,,
1767791400,211.113,211.13,211.0655,211.0955,30.156748701294333,37.92254386091334,,,
1767791700,211.0955,211.124,211.004,211.035,24.673030903335686,36.76655817742869,,,
1767792000,211.035,211.147,211.0205,211.1445,44.38486394386332,36.973700691061026,,,
1767792300,211.1445,211.1605,211.073,211.0765,37.774119799053565,36.626642474367486,,,
1767792600,211.0765,211.111,210.9975,211.006,32.388122652494616,35.76318801438993,,,
1767792900,211.006,211.041,210.978,211.038,36.79346148462014,35.846824677167824,,,
1767793200,211.038,211.13,211.031,211.126,47.01717774340045,36.557049327593575,,,
1767793500,211.126,211.126,211.06,211.0775,42.89871783336962,36.96029539826963,,,
1767793800,211.0775,211.091,211.022,211.054,41.02362354273558,37.188736961575295,,,
1767794100,211.054,211.0925,211.036,211.083,44.261419825566435,37.473877518612426,,,
1767794400,211.083,211.119,210.989,211.027,39.7259672784628,37.56081394819046,,,
1767794700,211.027,211.0565,210.9855,211.0235,39.453854195846496,37.661485295427255,,,
1767795000,211.0235,211.0985,211.0145,211.0735,45.22598496657458,38.417742395444854,,,
1767795300,211.0735,211.0955,211.051,211.059,43.91837388568561,39.263961911164515,,,
1767795600,211.059,211.074,211.0115,211.037,41.93717057004225,40.10542061607508,,,
1767795900,211.037,211.0845,210.9835,211.0835,47.344033259803645,41.72477792725136,,,
1767796200,211.0835,211.0925,211.035,211.0615,45.199488681069184,41.78296540848036,,,
1767796500,211.0615,211.1455,211.059,211.1455,53.803820900683704,42.92794405859679,,,
1767796800,211.1455,211.2345,211.1355,211.216,59.544978981804384,44.86771951069034,,,
1767797100,211.216,211.2525,211.1655,211.212,59.096224558081424,46.46077401593758,,,
1767797400,211.212,211.233,211.148,211.148,52.30412277809222,46.83841294698699,,,
1767797700,211.148,211.1865,211.0975,211.1865,55.60935050429324,47.746315280624394,,,
1767798000,211.1865,211.2895,211.1185,211.232,59.20717275371949,49.0451402242661,,,
1767798300,211.232,211.24,211.1725,211.187,54.50229050556425,49.77663098712309,,,
1767798600,211.187,211.239,211.175,211.2155,56.841442209379366,50.99916491075999,,,
1767798900,211.2155,211.218,211.082,211.1285,48.62332088959979,51.65412681745665,,,
1767799200,211.1285,211.1875,211.115,211.182,53.112658639365925,52.217460651227455,,,
1767799500,211.182,211.23,211.1565,211.229,56.69283762385787,53.12992234681119,,,
1767799800,211.229,211.314,211.2245,211.311,62.12641903881373,54.572011523152014,,,
1767800100,211.311,211.3515,211.19,211.2335,55.09114839147831,55.1253768897002,,,
1767800400,211.2335,211.2435,211.173,211.2205,53.986769339493264,55.753039793873356,,,
1767800700,211.2205,211.2405,211.183,211.1955,51.83478562073503,55.61239441673416,,,
1767801000,211.1955,211.2235,211.1695,211.1895,51.30619750375556,55.02391002544497,,,
1767801300,211.1895,211.2305,211.119,211.2155,53.518200947457046,54.62547976754322,,,
1767801600,211.2155,211.2815,211.21,211.2585,56.99745438527782,54.96071773948505,,,
1767801900,211.2585,211.2755,211.163,211.163,48.342718749072525,54.441672614112136,,,
1767802200,211.163,211.201,211.141,211.1735,49.25506905839279,53.73080806444595,,,
1767802500,211.1735,211.258,211.163,211.2325,54.15479096559694,53.705986668734,,,
1767802800,211.2325,211.234,211.171,211.2015,51.349307445797876,53.313691328478185,,,
1767803100,211.2015,211.203,211.159,211.1935,50.62050422807267,53.456347281226236,,,
1767803400,211.1935,211.1945,211.122,211.132,45.29790661260272,52.89815070788602,,,
1767803700,211.132,211.1415,211.1015,211.1025,42.964254918588395,51.91753765750962,,,
1767804000,211.1025,211.1285,211.0775,211.0925,42.171140369139266,50.492160609675736,,,
1767804300,211.0925,211.125,211.0815,211.113,44.435596107019805,49.7310497322144,,,
1767804600,211.113,211.1215,211.0925,211.1165,44.83278685177961,49.07719384023486,,,
1767804900,211.1165,211.1715,211.1085,211.1435,47.925287132905666,48.797943948247045,,,
1767805200,211.1435,211.149,211.082,211.108,44.40100419762006,48.30471585495166,,,
1767805500,211.108,211.1385,211.0435,211.046,39.00606883034549,47.26813498944369,,,
1767805800,211.046,211.118,211.046,211.074,42.40933985065062,46.22612680839889,,,
1767806100,211.074,211.076,211.0265,211.0445,39.884342015792576,45.62195704173603,,,
1767806400,211.0445,211.063,211.016,211.02,37.86783945971248,44.80858349897316,,,
1767806700,211.02,211.0515,210.987,210.987,35.280443365643634,43.4604158132622,,,
1767807000,210.987,210.994,210.9365,210.983,34.9685538343773,42.29036198387502,,,
1767807300,210.983,210.9895,210.96,210.9745,34.27514451256798,41.1228362899104,,,
1767807600,210.9745,211.0625,210.9745,211.0605,45.952661886800776,41.169604523781686,,,
1767807900,211.0605,211.0835,211.042,211.0685,46.89783065969905,41.4505742195753,,,
1767808200,211.0685,211.0685,211.016,211.043,44.241975174081894,41.598490991356925,,,
1767808500,211.043,211.0555,211.015,211.0195,41.887734169589976,41.41650085296908,,,
1767808800,211.0195,211.0195,210.9705,211.0015,40.12642262726768,41.080331979789655,,,
1767809100,211.0015,211.0085,210.973,210.975,37.61852866411827,40.34413494630484,,,
1767809400,210.975,211.02,210.963,211.013,43.1094043805403,40.251877816513435,,,
1767809700,211.013,211.0415,210.999,210.999,41.65468580214183,40.44106474307031,,,
1767810000,210.999,211.0255,210.9985,211.0235,45.14334855744535,40.636351079269936,,,
1767810300,211.0235,211.0245,210.998,211.0025,42.78204181370244,40.8433296362635,,,
1767810600,211.0025,211.0555,210.992,211.055,49.84515579825218,41.69885223187347,,,
1767810900,211.055,211.088,211.0475,211.0495,49.16050632926301,42.69028530070343,,,
1767811200,211.0495,211.0785,211.0425,211.055,49.90156763575384,43.7569291436589,,,
1767811500,211.055,211.062,211.032,211.0415,48.05015396126161,44.74085838999416,,,
1767811800,211.0415,211.086,211.0405,211.084,53.85456153288099,45.3052797932856,,,
1767812100,211.084,211.088,211.0435,211.062,50.6968459499287,45.576638028302,,,
1767812400,211.062,211.073,211.037,211.0525,49.35119085353182,45.941582005405564,,,
1767812700,211.0525,211.0725,211.0285,211.0305,46.287133668444945,46.25582482675235,,,
1767813000,211.0305,211.0305,210.9895,210.9955,41.83684481341979,46.37799784004893,,,
1767813300,210.9955,211.0075,210.972,210.9945,41.71344326980297,46.67049174045498,,,
1767813600,210.9945,211.0295,210.9925,211.005,43.594731428787256,46.705157958186895,,,
1767813900,211.005,211.031,211.0015,211.0305,47.98555936764918,47.157363212866,,,
1767814200,211.0305,211.0545,211.0295,211.0545,51.78942204430964,47.632082747642016,,,
1767814500,211.0545,211.0705,211.043,211.063,53.097663020099624,48.36891283381325,,,
1767814800,211.063,211.079,211.061,211.0675,53.812242528303194,48.65227617167404,,,
1767815100,211.0675,211.08,211.0635,211.0745,54.961739659859674,49.06664998100238,,,
1767815400,211.0745,211.078,211.053,211.057,51.5103037146,49.181559700919955,,,
1767815700,211.057,211.0795,211.0455,211.0465,49.50169496324754,49.28524120106181,,,
1767816000,211.0465,211.08,211.0335,211.0775,55.07195921504013,49.37219817835889,,,
1767816300,211.0775,211.091,211.0625,211.0645,52.458697865529324,49.49804474375894,,,
1767816600,211.0645,211.0745,211.059,211.07,53.46479059666694,49.791873296840016,,,
1767816900,211.07,211.0915,211.0565,211.0905,57.1082702956825,50.564811627356974,,,
1767817200,211.0905,211.098,211.0755,211.0965,58.141276046129576,51.72941385826481,,,
1767817500,211.0965,211.1015,211.0815,211.0845,55.27402984271881,52.698027184901655,,,
1767817800,211.0845,211.091,211.062,211.063,50.471515506995644,53.189226047630825,,,
1767818100,211.063,211.0885,211.063,211.071,52.137901060472565,53.4858218828325,,,
1767818400,211.071,211.091,211.0655,211.081,54.211713798203185,53.65884272239633,,,
1767818700,211.081,211.081,211.0515,211.079,53.71046723616781,53.70261445211548,,,
1767819000,211.079,211.0945,211.052,211.053,47.55473059394077,53.25564931394673,,,
1767819300,211.053,211.0925,211.0475,211.063,49.93155208232656,52.8963502012658,,,
1767819600,211.063,211.074,211.0535,211.055,48.05523754566834,52.649559760627824,,,
1767819900,211.055,211.081,211.0535,211.0785,53.574144262759745,52.94044899630727,,,
1767820200,211.0785,211.0805,211.075,211.079,53.68689049960352,52.84151551663323,,,
1767820500,211.079,211.0855,211.0675,211.0695,51.14540830157889,52.747709119208196,,,
1767820800,211.0695,211.0705,211.056,211.056,47.69043310126154,52.335255012393525,,,
1767821100,211.056,211.057,211.04,211.051,46.439183985890885,51.57317741883698,,,
1767821400,211.051,211.0585,211.002,211.018,39.140174990934966,50.21595591489451,,,
1767821700,211.018,211.022,210.9975,211.006,36.87076256550212,48.90143682366475,,,
1767822000,211.006,211.025,211.005,211.0165,40.14123972017193,48.163559981748776,,,
1767822300,211.0165,211.0195,210.999,211,36.90565467991917,47.07554238313782,,,
1767822600,211,211.0045,210.989,210.99,35.06111299121946,45.707642325496124,,,
1767822900,210.99,210.999,210.9535,210.9675,31.273704946080144,44.105016447632714,,,
1767823200,210.9675,210.9995,210.9635,210.9995,41.03028421125499,43.63898456315517,,,
1767823500,210.9995,211,210.9515,210.9735,36.49675006251988,42.67935584745469,,,
1767823800,210.9735,210.9955,210.9735,210.9955,42.30572013759202,42.2686760325921,,,
1767824100,210.9955,211.004,210.993,211.004,44.42112673142411,41.61488906606812,,,
1767824400,211.004,211.004,210.966,210.969,38.20875068332358,40.50930765061956,,,
1767824700,210.969,210.974,210.948,210.969,38.20875068332358,39.585260677887035,,,
1767825000,210.969,210.9795,210.9585,210.9755,40.01559688544895,39.03705809104327,,,
1767825300,210.9755,210.9755,210.8755,210.9245,32.08746125417548,38.011935038777885,,,
1767825600,210.9245,211,210.9245,211,48.3894822088117,38.672599840054794,,,
1767825900,211,211.0035,210.9575,210.958,42.305654314719554,39.060806393570324,,,
1767826200,210.958,210.964,210.9365,210.9405,40.04641109424023,39.05403292028949,,,
1767826500,210.9405,210.941,210.895,210.904,35.75728683056569,38.97200664533567,,,
1767826800,210.904,210.906,210.83,210.839,29.664136259221877,38.58650830733584,,,
1767827100,210.839,210.8545,210.832,210.8485,31.50132780054085,38.60276708265446,,,
1767827400,210.8485,210.865,210.8435,210.856,32.98946522077624,38.02842286904884,,,
1767827700,210.856,210.8605,210.8535,210.856,32.98946522077624,37.77790252321,,,
1767828000,210.856,210.883,210.8545,210.882,38.37238259305815,37.496949841457585,,,
1767828300,210.882,210.8945,210.88,210.8895,39.87282061070863,37.172070832835054,,,
1767828600,210.8895,210.9495,210.8895,210.9475,50.00922571343537,38.01496190641446,,,
1767828900,210.9475,210.9495,210.9155,210.916,45.520835602948104,38.53725368638764,,,
1767829200,210.916,210.9265,210.901,210.9165,45.60429000503636,38.93644605207246,,,
1767829500,210.9165,210.932,210.8985,210.932,48.25077270199426,40.09096829834523,,,
1767829800,210.932,210.948,210.9155,210.9405,49.69613808155849,40.18430086068429,,,
1767830100,210.9405,210.949,210.8935,210.8955,42.86958692872285,40.224581761684526,,,
1767830400,210.8955,211.0065,210.8685,210.9825,55.57519968445212,41.33378094669966,,,
1767830700,210.9825,211.0085,210.945,211.0045,58.11210852447455,42.93055392483601,,,
1767831000,211.0045,211.0215,210.9765,210.9945,56.53182721756406,44.84967470757474,,,
1767831300,210.9945,211.0185,210.9635,211.006,57.948065319190434,46.73872738747828,,,
1767831600,211.006,211.007,210.9675,210.9735,52.72033413440619,48.14807516702327,,,
1767831900,210.9735,210.9895,210.9265,210.9405,47.986543585501884,49.219295050217966,,,
1767832200,210.9405,211.0215,210.9305,211.018,57.612450183941334,50.593585592423906,,,
1767832500,211.018,211.0255,210.9925,211.0155,57.24442114597204,51.834414202085576,,,
1767832800,211.0155,211.025,210.9985,210.9995,54.83034280644811,52.178779708729344,,,
1767833100,210.9995,211.0045,210.9545,210.987,52.951580525044186,52.70954720316478,,,
1767833400,210.987,210.9945,210.9495,210.987,52.95158052504418,53.23435366887962,,,
1767833700,210.987,211.025,210.987,211.009,56.02709690707648,53.789805397814064,,,
1767834000,211.009,211.017,210.985,210.998,54.12206585420471,54.10594309586023,,,
1767834300,210.998,211.019,210.997,211.018,56.98583144169448,55.114246275358205,,,
1767834600,211.018,211.026,210.938,210.97,49.06923000902057,54.64953415568453,,,
1767834900,210.97,210.978,210.9575,210.976,50.004205152347645,54.0703982005326,,,
1767835200,210.976,210.9955,210.9745,210.994,52.80342035075332,53.804083424331836,,,
1767835500,210.994,211.0755,210.9635,211.0505,60.314397116434854,53.97310712413501,,,
1767835800,211.0505,211.1055,211.015,211.0965,65.17383085324909,54.86264260405235,,,
1767836100,211.0965,211.1155,211.084,211.0955,64.98753225812428,56.07699893781109,,,
1767836400,211.0955,211.153,211.0935,211.15,70.01769994015486,56.96308820611206,,,
1767836700,211.15,211.16,211.111,211.1285,65.98993530362009,57.58776778880121,,,
1767837000,211.1285,211.1325,211.0965,211.1305,66.1848050227989,58.39880080425483,,,
1767837300,211.1305,211.1615,211.1305,211.1405,67.19686655884166,59.41632123524037,,,
1767837600,211.1405,211.1475,211.07,211.078,55.92996992044573,59.6290633349119,,,
1767837900,211.078,211.1215,211.0705,211.1215,60.8501330436739,59.97356591609743,,,
1767838200,211.1215,211.14,211.1085,211.1095,58.89667710398467,60.314609576796,,,
1767838500,211.1095,211.149,211.1065,211.113,59.307007040451914,60.48040783385011,,,
1767838800,211.113,211.1325,211.0975,211.0975,56.61168484459634,61.01915460781981,,,
1767839100,211.0975,211.1055,211.08,211.093,55.81854693961408,61.4344647354817,,,
1767839400,211.093,211.0975,211.065,211.069,51.66142806144707,61.35289385767411,,,
1767839700,211.069,211.106,211.066,211.094,55.38855083244476,61.00104769453196,,,
1767840000,211.094,211.112,211.071,211.0865,54.04231917561317,60.20593971755797,,,
1767840300,211.0865,211.093,211.0435,211.0655,50.352037157148374,59.1605472103454,,,
1767840600,211.0655,211.088,211.0555,211.0555,48.64846660794172,57.63417340090161,,,
1767840900,211.0555,211.0745,211.051,211.051,47.863689284902634,56.339441542421795,,,
1767841200,211.051,211.0525,211.003,211.0245,43.421471283699645,54.71348913248613,,,
1767841500,211.0245,211.0415,211.0065,211.0395,46.45100037758898,53.231641548110936,,,
1767841800,211.0395,211.048,210.9855,210.9895,38.96193786285894,52.019639258283306,,,
1767842100,210.9895,210.9905,210.876,210.915,30.954008499104006,49.884201790814025,,,
1767842400,210.915,210.923,210.873,210.8745,27.629440579478697,47.65082775334931,,,
1767842700,210.8745,210.932,210.8735,210.921,36.113608988798326,45.99415646394549,,,
1767843000,210.921,210.951,210.907,210.9435,39.79166402857418,44.79272640565819,,,
1767843300,210.9435,210.969,210.9305,210.968,43.59935906307944,43.919927271620004,,,
1767843600,210.968,211.008,210.967,210.9995,48.14048106501201,43.66843105758893,,,
1767843900,210.9995,211.0105,210.947,210.9715,44.69558651794707,42.90464789226767,,,
1767844200,210.9715,210.983,210.952,210.965,43.910044549508264,42.18091399040303,,,
1767844500,210.965,210.9975,210.9645,210.9965,48.62262267893961,42.05738438481669,,,
1767844800,210.9965,211.006,210.9225,210.9285,40.677344547400466,41.48801852334946,,,
1767845100,210.9285,210.955,210.902,210.9115,38.963190200003034,40.85226858871378,,,
1767845400,210.9115,210.9665,210.9115,210.9655,46.65332895373306,41.08311556514474,,,
1767845700,210.9655,210.9775,210.95,210.9615,46.18909942772162,41.06440835443992,,,
1767846000,210.9615,210.963,210.929,210.93,42.594588612352254,41.32388340797515,,,
1767846300,210.93,210.9465,210.9105,210.9105,40.493730007610765,42.00529208715421,,,
1767846600,210.9105,210.9115,210.879,210.882,37.57660607852147,42.71580390851441,,,
1767846900,210.882,210.924,210.868,210.912,42.289453321949146,43.15693564659661,,,
1767847200,210.912,210.961,210.9105,210.954,48.18719576788586,43.75661648511887,,,
1767847500,210.954,210.9565,210.9185,210.9445,47.016773868910825,44.00071754267826,,,
1767847800,210.9445,210.9555,210.935,210.9475,47.450842969997765,43.95145767874867,,,
1767848100,210.9475,210.9495,210.8875,210.911,42.851050485515515,43.81970510500355,,,
1767848400,210.911,210.9155,210.8765,210.891,40.53248507163986,43.578450856584375,,,
1767848700,210.891,210.8975,210.8405,210.8415,35.42376110978405,42.63567503021612,,,
1767849000,210.8415,210.8465,210.789,210.794,31.341489204081554,41.96882821997906,,,
1767849300,210.794,210.849,210.787,210.8065,33.5129181192263,41.57952307135214,,,
1767849600,210.8065,210.879,210.8055,210.872,43.58190205831127,41.36013543596488,,,
1767849900,210.872,210.885,210.836,210.8525,41.56380668420813,41.02975738285677,,,
1767850200,210.8525,210.862,210.8205,210.83,39.30235816472775,40.7945980651693,,,
1767850500,210.83,210.905,210.82,210.894,47.973531644407366,41.328869610654785,,,
1767850800,210.894,210.9075,210.831,210.832,41.7509722757739,41.62703862474424,,,
1767851100,210.832,210.8565,210.818,210.85,44.021134785356445,41.750730157844764,,,
1767851400,210.85,210.851,210.8135,210.8275,41.82672935545134,41.29641112838516,,,
1767851700,210.8275,210.8735,210.8265,210.85,44.79056179296564,41.137395980103356,,,
1767852000,210.85,210.8515,210.8105,210.8145,41.2220263078654,40.69248050423676,,,
1767852300,210.8145,210.8315,210.746,210.788,38.74075746533654,40.398888145652556,,,
1767852600,210.788,210.788,210.675,210.69,31.249531716010736,39.7358200488219,,,
1767852900,210.69,210.691,210.5905,210.6135,26.880007025964616,39.12555189997766,,,
1767853200,210.6135,210.627,210.575,210.612,26.80087465852486,38.80122228958076,,,
1767853500,210.612,210.664,210.585,210.663,33.92343059192082,38.83054460905894,,,
1767853800,210.663,210.7245,210.649,210.6725,35.188516595804444,38.23101707602274,,,
1767854100,210.6725,210.701,210.639,210.689,37.42924381545127,37.935691156825825,,,
1767854400,210.689,210.757,210.685,210.731,42.84593620477278,38.18880387397189,,,
1767854700,210.731,210.7675,210.716,210.717,41.55458276382187,37.73030752535865,,,
1767855000,210.717,210.745,210.678,210.744,44.99758763300563,37.96220862230378,,,
1767855300,210.744,210.7755,210.727,210.7585,46.80979446549825,38.16139859945677,,,
1767855600,210.7585,210.7585,210.6595,210.745,45.31287614261722,38.41040908425433,,,
1767855900,210.745,210.7495,210.7045,210.743,45.08286241127999,38.43128769984821,,,
1767856200,210.743,210.7505,210.7155,210.732,43.76695350956673,38.613068214255456,,,
1767856500,210.732,210.741,210.672,210.6905,39.12683420348071,38.6406451241229,,,
1767856800,210.6905,210.8155,210.68,210.7775,50.883104826647106,40.04304320345407,,,
1767857100,210.7775,210.8095,210.6495,210.656,39.430226092988875,40.93948742252723,,,
1767857400,210.656,210.7145,210.5865,210.673,41.417095334998066,41.98350318513246,,,
1767857700,210.673,210.6855,210.636,210.643,38.98664782648068,42.34516155902959,,,
1767858000,210.643,210.675,210.589,210.62,37.18501679000739,42.48776871575838,,,
1767858300,210.62,210.6925,210.615,210.65,41.01394656955052,42.74381891247975,,,
1767858600,210.65,210.65,210.52,210.557,34.07894355642995,42.117605151883836,,,
1767858900,210.557,210.557,210.3845,210.3845,25.474665788597378,40.96903965365351,,,
1767859200,210.3845,210.4075,210.312,210.372,24.98243512561193,39.53938590312539,,,
1767859500,210.372,210.4325,210.353,210.4325,31.846456899892118,38.47057607701067,,,
1767859800,210.4325,210.4455,210.383,210.4375,32.39698698315178,37.54801256562028,,,
1767860100,210.4375,210.5125,210.4315,210.5115,40.107943302975755,37.192661200741405,,,
1767860400,210.5115,210.52,210.42,210.42,34.81938449583532,36.55354912833202,,,
1767860700,210.42,210.507,210.3735,210.4475,37.487296552602494,36.43643929612644,,,
1767861000,210.4475,210.5685,210.43,210.5445,45.89896841306249,36.08042955229896,,,
1767861300,210.5445,210.567,210.5145,210.537,45.39039666350732,36.50615602162171,,,
1767861600,210.537,210.6175,210.514,210.6155,51.45356625334792,37.22304680150385,,,
1767861900,210.6155,210.631,210.5115,210.532,45.64788893893392,37.69884973810765,,,
1767862200,210.532,210.5715,210.527,210.542,46.42749918901591,38.35902705232254,,,
1767862500,210.542,210.6165,210.535,210.5925,50.304155170811896,39.02261338098407,,,
1767862800,210.5925,210.615,210.55,210.585,49.728614169417334,40.140446996197454,,,
1767863100,210.585,210.6075,210.573,210.6005,50.97693995997533,41.96203800843874,,,
1767863400,210.6005,210.625,210.5825,210.617,52.33385921842576,43.915711157925436,,,
1767863700,210.617,210.652,210.6125,210.639,54.15590955350812,45.50924349032658,,,
1767864000,210.639,210.645,210.601,210.617,52.01469058597286,46.91050803338523,,,
1767864300,210.617,210.6285,210.585,210.595,49.890386054599944,47.60925394421553,,,
1767864600,210.595,210.6225,210.559,210.56,46.62777365340729,48.452710312613526,,,
1767864900,210.56,210.5945,210.5365,210.5925,49.90384259808764,49.33960645871961,,,
1767865200,210.5925,210.602,210.563,210.5675,47.48908867527147,49.45318647744882,,,
1767865500,210.5675,210.6165,210.547,210.6155,52.26505475318631,49.94423348385447,,,
1767865800,210.6155,210.6245,210.5775,210.614,52.10556583967988,49.99080488287818,,,
1767866100,210.614,210.6525,210.61,210.6395,54.63969452602129,50.63307671052728,,,
1767866400,210.6395,210.695,210.6385,210.654,56.063280660982905,51.32134681566777,,,
1767866700,210.654,210.715,210.65,210.685,59.02411746196137,51.944201265035595,,,
1767867000,210.685,210.743,210.674,210.7285,62.811251323345154,52.87867534745901,,,
1767867300,210.7285,210.745,210.632,210.649,53.14407297676487,53.033470562943975,,,
1767867600,210.649,210.6955,210.6255,210.686,56.4997009542929,53.33103068693448,,,
1767867900,210.686,210.6895,210.649,210.661,53.70125652243894,53.29855547042954,,,
1767868200,210.661,210.661,210.6295,210.636,50.98186974883762,53.22478255349131,,,
1767868500,210.636,210.661,210.6125,210.644,51.822614991405175,53.362798906120254,,,
1767868800,210.644,210.6685,210.6285,210.6345,50.71031411507235,53.65440893909632,,,
1767869100,210.6345,210.665,210.6175,210.6265,49.742085288796304,53.64285484557551,,,
1767869400,210.6265,210.656,210.6265,210.643,51.78677102184903,53.94983215604534,,,
1767869700,210.643,210.703,210.64,210.694,57.53721633962908,54.32641512650553,,,
1767870000,210.694,210.7335,210.681,210.724,60.520168651250216,54.927458184474844,,,
1767870300,210.724,210.7595,210.6995,210.709,58.314358948269614,55.18993421463544,,,
1767870600,210.709,210.762,210.6815,210.7565,62.92287399704631,55.679905167211395,,,
1767870900,210.7565,210.809,210.7485,210.8025,66.75587028811226,56.23217322622217,,,
1767871200,210.8025,210.81,210.727,210.727,56.44226366647947,55.77724553644605,,,
1767871500,210.727,210.7755,210.727,210.7605,59.43684020489491,56.22672890988391,,,
1767871800,210.7605,210.792,210.75,210.7725,60.48482539113816,56.51138065537286,,,
1767872100,210.7725,210.804,210.753,210.773,60.53058238929309,56.999189645862444,,,
1767872400,210.773,210.796,210.772,210.7945,62.53931650682798,57.82472155714747,,,
1767872700,210.7945,210.818,210.7935,210.7955,62.634569351211276,58.59700401141934,,,
1767873000,210.7955,210.827,210.781,210.7995,63.039411580304986,59.477653830364524,,,
1767873300,210.7995,210.8315,210.752,210.7565,56.01351446857294,59.925613057491425,,,
1767873600,210.7565,210.809,210.75,210.78,58.72121500321561,60.4209304847319,,,
1767873900,210.78,210.8145,210.7715,210.8135,62.28534198916429,60.760082316841554,,,
1767874200,210.8135,210.8135,210.728,210.729,50.45213640363142,60.04093715629735,,,
1767874500,210.729,210.7515,210.7215,210.722,49.61127777778961,59.41928850126307,,,
1767874800,210.722,210.733,210.7045,210.7145,48.67522719815576,58.40159944419946,,,
1767875100,210.7145,210.7205,210.688,210.707,47.70588844566337,57.04088645545311,,,
1767875400,210.707,210.709,210.6425,210.651,41.12107474890668,55.946515818483626,,,
1767875700,210.651,210.652,210.6,210.6335,39.29570321375287,54.50786317625919,,,
1767876000,210.6335,210.6455,210.6025,210.6225,38.14936325706188,52.912473023825164,,,
1767876300,210.6225,210.675,210.594,210.673,45.94556507947332,51.87068607312375,,,
1767876600,210.673,210.702,210.653,210.654,43.7130377085783,50.52595187324878,,,
1767876900,210.654,210.6565,210.5915,210.611,39.08437147862682,48.84379488234988,,,
1767877200,210.611,210.6265,210.5935,210.607,38.67412805515678,47.10341748769645,,,
1767877500,210.607,210.633,210.5725,210.613,39.69661119652532,45.9379243968359,,,
1767877800,210.613,210.646,210.5955,210.626,41.95477633554374,44.74032163485935,,,
1767878100,210.626,210.6475,210.603,210.6455,45.265702321561164,43.52463308717341,,,
1767878400,210.6455,210.6915,210.6255,210.684,51.18593480877335,43.577047258969266,,,
1767878700,210.684,210.697,210.6475,210.6485,46.22144072772327,43.33491604110738,,,
1767879000,210.6485,210.703,210.602,210.619,42.52998289111025,42.89597001917556,,,
1767879300,210.619,210.6465,210.6105,210.636,45.24391162101493,42.72011453170067,,,
1767879600,210.636,210.708,210.631,210.67,50.299086268213266,43.37568678307971,,,
1767879900,210.67,210.68,210.579,210.6365,45.81134919829838,43.841090067690104,,,
1767880200,210.6365,210.6405,210.517,210.5585,37.436184337170715,43.7901487162693,,,
1767880500,210.5585,210.7015,210.5555,210.6985,53.77207446077997,44.349185100648356,,,
1767880800,210.6985,210.713,210.658,210.694,53.29041747901156,45.033283655679305,,,
1767881100,210.694,210.749,210.693,210.74,57.48293026057903,46.347466425818745,,,
1767881400,210.74,210.7635,210.6735,210.692,52.21619244746805,47.314756739555264,,,
1767881700,210.692,210.7765,210.6905,210.7475,57.1094780110494,48.558532940592706,,,
1767882000,210.7475,210.796,210.7175,210.7555,57.78061838217173,49.68895022963756,,,
1767882300,210.7555,210.766,210.7145,210.743,56.298264987590464,50.47699042006822,,,
1767882600,210.743,210.821,210.7125,210.816,62.369861634868634,51.275842336217885,,,
1767882900,210.816,210.9555,210.8125,210.9,67.896898207075,52.82408929902873,,,
1767883200,210.9,210.913,210.867,210.8895,66.58046733462743,54.541981044994245,,,
1767883500,210.8895,210.8995,210.786,210.786,55.21600617295483,55.25427351298995,,,
1767883800,210.786,210.823,210.7545,210.8,56.30250904821023,55.683089425846866,,,
1767884100,210.8,210.913,210.777,210.9,63.1749104533969,56.923343801211054,,,
1767884400,210.9,210.9085,210.7965,210.896,62.74979294793239,58.731458701979754,,,
1767884700,210.896,210.923,210.8515,210.8995,62.98450782543129,59.389489656597696,,,
1767885000,210.8995,210.9605,210.8955,210.9305,65.0830903831003,60.231823435461116,,,
1767885300,210.9305,211.0195,210.9115,210.9625,67.15326825502729,60.922561863635984,,,
1767885600,210.9625,211.0225,210.9285,210.9955,69.1824397901132,62.13443667382493,,,
1767885900,210.9955,211.0275,210.9695,210.9905,68.49202930318123,62.94747605183435,,,
1767886200,210.9905,211.0495,210.9595,211.0345,71.21443943522631,63.9070346984811,,,
1767886500,211.0345,211.041,210.995,211.0285,70.32214438812346,64.90874036994775,,,
1767886800,211.0285,211.034,210.9315,210.945,59.20445107709263,64.68263961582089,,,
1767887100,210.945,210.9475,210.873,210.8875,52.99153949224437,63.61797113619013,,,
1767887400,210.8875,210.9085,210.812,210.813,46.2233114758596,62.16388857484957,,,
1767887700,210.813,210.8785,210.8105,210.8405,48.82176442951769,61.707157021746916,,,
1767888000,210.8405,210.89,210.824,210.843,49.062726394749205,61.19002968935685,,,
1767888300,210.843,210.888,210.8315,210.86,50.76046463080021,60.30328355917136,,,
1767888600,210.86,210.8915,210.844,210.8475,49.45521697882076,59.3536709899491,,,
1767888900,210.8475,210.858,210.8145,210.8295,47.55875145463746,58.25183124917812,,,
1767889200,210.8295,210.8625,210.7955,210.8275,47.34152273758695,56.98457641735574,,,
1767889500,210.8275,210.84,210.779,210.795,43.83747232304022,55.31916242221381,,,
1767889800,210.795,210.814,210.776,210.778,42.08285054057504,53.383477475818225,,,
1767890100,210.778,210.821,210.762,210.7805,42.4476689129261,51.52316601937143,,,
1767890400,210.7805,210.7915,210.7385,210.7415,38.38560126211923,49.178249007006634,,,
1767890700,210.7415,210.774,210.7395,210.7675,42.34665932305192,47.18000007378725,,,
1767891000,210.7675,210.7835,210.746,210.778,43.91477499251284,46.087880353460115,,,
1767891300,210.778,210.8095,210.7195,210.7195,37.753603733583184,44.9994563706986,,,
1767891600,210.7195,210.726,210.6675,210.6745,33.82262040879739,44.1136927230513,,,
1767891900,210.6745,210.7045,210.651,210.7045,38.425573887472474,43.371107684333786,,,
1767892200,210.7045,210.7055,210.6575,210.675,35.789440550192296,42.42301583829401,,,
1767892500,210.675,210.6815,210.6155,210.626,31.877517918607623,41.07423393028025,,,
1767892800,210.626,210.6545,210.5875,210.595,29.668111805067582,39.66086927501216,,,
1767893100,210.595,210.62,210.571,210.6185,33.43454943897859,38.6519977024651,,,
1767893400,210.6185,210.6705,210.616,210.6645,40.18682297426285,38.14094771937052,,,
1767893700,210.6645,210.6705,210.623,210.656,39.391668862209336,37.82339032931118,,,
1767894000,210.656,210.676,210.651,210.6545,39.24409854537566,37.620622329654076,,,
1767894300,210.6545,210.6905,210.627,210.688,44.265839696789946,37.75049167135864,,,
1767894600,210.688,210.7165,210.688,210.705,46.67457446551433,38.34256118588686,,,
1767894900,210.705,210.724,210.6905,210.6905,44.8924241143464,38.524401528122176,,,
1767895200,210.6905,210.7125,210.674,210.6845,44.14135897535179,38.540586098324965,,,
1767895500,210.6845,210.6875,210.617,210.643,39.25003804239778,38.647474263240284,,,
1767895800,210.643,210.6885,210.643,210.6875,46.141780631921186,39.527414279177705,,,
1767896100,210.6875,210.6885,210.6315,210.646,41.422340892088286,39.741469065221686,,,
1767896400,210.646,210.6765,210.6405,210.66,43.521027096177804,40.2937252470778,,,
1767896700,210.66,210.6695,210.6575,210.661,43.676252816355344,41.13649202548835,,,
1767897000,210.661,210.683,210.6525,210.6795,46.60022177851672,42.345928452163285,,,
1767897300,210.6795,210.7,210.663,210.6735,45.77031497615349,43.22705456196149,,,
1767897600,210.6735,210.6785,210.6415,210.649,42.44617418251744,43.38843679112254,,,
1767897900,210.649,210.667,210.6355,210.663,44.90839809182304,43.78248887895209,,,
1767898200,210.663,210.6655,210.617,210.632,40.751101234598394,43.89013192818228,,,
1767898500,210.632,210.636,210.572,210.598,36.734493369625554,43.35217861909911,,,
1767898800,210.598,210.619,210.553,210.6045,37.992785357489595,42.732050825668765,,,
1767899100,210.6045,210.6255,210.597,210.607,38.4994316925218,42.27540850982415,,,
1767899400,210.607,210.641,210.601,210.639,44.725091266345956,42.3171036734666,,,
1767899700,210.639,210.6495,210.6085,210.6485,46.45793603357783,42.83195352997946,,,
1767900000,210.6485,210.694,210.6485,210.68,51.84826418041854,43.23955949772927,,,
1767900300,210.68,210.694,210.669,210.687,52.98109428819881,44.065184740308595,,,
1767900600,210.687,210.738,210.683,210.7225,58.334655894394224,45.12330108303835,,,
1767900900,210.7225,210.7345,210.7045,210.7075,55.461183623858894,45.965081855002886,,,
1767901200,210.7075,210.7295,210.7035,210.7295,58.67629297839549,46.82765836927994,,,
1767901500,210.7295,210.759,210.7275,210.7545,62.03052911877165,47.9891022366098,,,
1767901800,210.7545,210.7905,210.7545,210.7885,66.06482747566315,49.67614890040592,,,
1767902100,210.7885,210.83,210.7825,210.822,69.50309601946907,51.43291303809492,,,
1767902400,210.822,210.847,210.804,210.839,71.10313044809041,53.600915124772925,,,
1767902700,210.839,210.881,210.839,210.88,74.56860965836555,56.303352002540066,,,
1767903000,210.88,210.8875,210.872,210.872,72.73565933849991,58.78498585832652,,,
1767903300,210.872,210.8855,210.8665,210.878,73.26641878870109,61.26834207948218,,,
1767903600,210.878,210.881,210.845,210.8545,67.70690285322573,62.909900049973594,,,
1767903900,210.8545,210.864,210.849,210.8515,67.00787268090002,64.37775266763946,,,
1767904200,210.8515,210.859,210.838,210.848,66.14980213235779,65.39929109277797,,,
1767904500,210.848,210.8935,210.845,210.8855,70.50749601655625,66.65117693051779,,,
1767904800,210.8855,210.901,210.884,210.8945,71.4571994650781,67.58850147128094,,,
1767905100,210.8945,210.9055,210.8765,210.9,72.04953831478079,68.77338394920392,,,
1767905400,210.9,210.9115,210.8905,210.9105,73.19328165760415,69.81031171200455,,,
1767905700,210.9105,210.938,210.885,210.892,67.91973617174332,70.23096935864537,,,
1767906000,210.892,210.9385,210.8885,210.935,72.82136602407574,70.71357925496055,,,
1767906300,210.935,210.951,210.931,210.935,72.82136602407574,70.95059854100388,,,
1767906600,210.935,210.951,210.9135,210.915,67.27643134654048,70.67726289089319,,,
1767906900,210.915,210.9255,210.9125,210.913,66.7292409321503,70.11730798187781,,,
1767907200,210.913,210.913,210.8945,210.9035,64.06381496407826,69.49789052656197,,,
1767907500,210.9035,210.9045,210.8485,210.8535,52.237178805892924,67.9958019563614,,,
1767907800,210.8535,210.8605,210.836,210.8485,51.218907667204405,66.81808801450272,,,
1767908100,210.8485,210.89,210.843,210.852,51.92535939298258,65.74076563679434,,,
1767908400,210.852,210.891,210.825,210.891,59.04306001464664,65.23314119981497,,,
1767908700,210.891,210.9105,210.8555,210.878,56.0634011803213,64.2014201400839,,,
1767909000,210.878,210.8795,210.8495,210.874,55.14130536971779,63.03599913327245,,,
1767909300,210.874,210.881,210.806,210.81,42.964987801963964,60.95853123949981,,,
1767909600,210.81,210.816,210.6225,210.6225,25.32269971000531,57.53920395752847,,,
1767909900,210.6225,210.7015,210.6225,210.7005,36.92570828485348,55.32534482275063,,,
1767910200,210.7005,210.756,210.699,210.753,43.310331934537416,53.21741381635503,,,
1767910500,210.753,210.8485,210.721,210.848,52.65036728122578,51.776628191865754,,,
1767910800,210.848,210.872,210.8085,210.811,49.247158558610174,50.48882299272787,,,
1767911100,210.811,210.811,210.7195,210.7205,42.082151048307225,48.72831657245336,,,
1767911400,210.7205,210.7335,210.6405,210.728,42.82455857460638,47.211226830348224,,,
1767911700,210.728,210.742,210.728,210.7415,44.210794990181455,46.63791370065455,,,
1767912000,210.7415,210.748,210.73,210.7465,44.74513685749319,46.175501499960895,,,
1767912300,210.7465,210.7525,210.734,210.7475,44.858888905094815,45.670753607968905,,,
1767912600,210.7475,210.765,210.739,210.763,46.69081170051178,44.788450156959286,,,
1767912900,210.763,210.781,210.74,210.7555,45.89625813299204,44.062225653578615,,,
1767913200,210.7555,210.8045,210.749,210.792,50.32655026511474,43.718314574678395,,,
1767913500,210.792,210.812,210.7745,210.806,51.95173461032625,44.36022506098999,,,
1767913800,210.806,210.8535,210.799,210.8525,56.98560187072787,46.621860929613035,,,
1767914100,210.8525,210.855,210.8225,210.829,53.911588401444554,47.83513808079811,,,
1767914400,210.829,210.829,210.8125,210.8145,52.046012547946866,48.45911526747021,,,
1767914700,210.8145,210.8355,210.807,210.835,54.44609907696786,48.58738182430893,,,
1767915000,210.835,210.835,210.798,210.8255,53.119288720454946,48.86396255015499,,,
1767915300,210.8255,210.826,210.8125,210.8225,52.682680129177335,49.62114319878856,,,
1767915600,210.8225,210.8325,210.817,210.8285,53.50578211904619,50.38408773767712,,,
1767915900,210.8285,210.845,210.818,210.8245,52.845792126293155,51.00087324739938,,,
1767916200,210.8245,210.8245,210.785,210.8065,49.86501318635627,51.36657869946104,,,
1767916500,210.8065,210.8095,210.7665,210.7665,43.93444057640377,51.30054667598311,,,
1767916800,210.7665,210.8665,210.7665,210.7915,48.08988413806458,51.40048042152258,,,
1767917100,210.7915,210.8205,210.7725,210.785,47.11216895728118,51.487331194686085,,,
1767917400,210.785,210.8395,210.78,210.828,53.8034322632758,51.73567990884045,,,
1767917700,210.828,210.8745,210.8085,210.8735,59.62444433623627,52.28373060354831,,,
1767918000,210.8735,210.8745,210.8195,210.8425,54.57846904163084,52.111792544327095,,,
1767918300,210.8425,210.8745,210.811,210.866,57.51381543294651,52.369094475148664,,,
1767918600,210.866,210.9075,210.8595,210.871,58.133753692493606,52.80393312833057,,,
1767918900,210.871,210.9025,210.8575,210.9,61.6307612291068,53.31712328205477,,,
1767919200,210.9,210.9235,210.898,210.9235,64.23759763215729,54.11128820431923,,,
1767919500,210.9235,210.9245,210.8835,210.899,59.68481075680814,54.61144039200715,,,
1767919800,210.899,210.9695,210.8585,210.9585,65.98916843818233,55.50311084337402,,,
1767920100,210.9585,210.9585,210.8925,210.9005,56.68392446723,55.777263153440934,,,
1767920400,210.9005,210.9505,210.882,210.941,60.836766085296816,56.56095978907955,,,
1767920700,210.941,210.99,210.94,210.9675,63.315096362452884,57.9452923452259,,,
1767921000,210.9675,210.983,210.933,210.982,64.63388384589322,59.12700661007081,,,
1767921300,210.982,211.043,210.9615,211.03,68.65144814307033,60.66552655191289,,,
1767921600,211.03,211.0505,210.991,210.9985,63.549439486402655,61.361669924993386,,,
1767921900,210.9985,211.021,210.987,211.012,64.7582462968565,61.72837006503768,,,
1767922200,211.012,211.0145,210.9655,210.9795,59.63127312794141,62.0892846426313,,,
1767922500,210.9795,210.9855,210.945,210.946,54.81397634657119,61.896438993604484,,,
1767922800,210.946,210.947,210.9035,210.941,54.111344984361416,61.60912408588076,,,
1767923100,210.941,210.98,210.9255,210.96,56.39855170289686,61.23539483400862,,,
1767923400,210.96,210.9895,210.9415,210.9605,56.460053678302415,60.679855980161854,,,
1767923700,210.9605,211.0425,210.9595,211.035,64.49599033604386,61.02351166439298,,,
1767924000,211.035,211.0685,211.02,211.064,67.04568030090594,61.098976797444664,,,
1767924300,211.064,211.089,211.0605,211.068,67.39350527542581,61.86394685517295,,,
1767924600,211.068,211.119,211.056,211.081,68.55513106311975,62.41525863930315,,,
1767924900,211.081,211.0885,211.049,211.0745,67.2647897342759,62.69737959443336,,,
1767925200,211.0745,211.098,211.055,211.0745,67.2647897342759,62.88530144360355,,,
1767925500,211.0745,211.0755,211.0495,211.0505,62.24766435177714,62.42788831565404,,,
1767925800,211.0505,211.066,211.0245,211.0655,64.05235319037509,62.46381072308064,,,
1767926100,211.0655,211.159,211.053,211.155,72.49958205112614,63.01676327695704,,,
1767926400,211.155,211.194,211.1325,211.15,71.48890112763412,63.863736705506525,,,
1767926700,211.15,211.1915,211.15,211.164,72.63904592034133,65.13695596077581,,,
1767927000,211.164,211.1935,211.1555,211.159,71.52923550379312,66.38109099787808,,,
1767927300,211.159,211.167,211.1335,211.136,66.49632912736504,67.10236081391152,,,
1767927600,211.136,211.1765,211.117,211.173,70.13659544486003,68.07925665437992,,,
1767927900,211.173,211.188,211.1435,211.178,70.601452683627,68.51536110777872,,,
1767928200,211.178,211.205,211.167,211.187,71.46255076384536,68.83085185513153,,,
1767928500,211.187,211.19,211.1675,211.19,71.75948670295705,69.14270767138376,,,
1767928800,211.19,211.2025,211.1845,211.1965,72.42887615885952,69.41940374965088,,,
1767929100,211.1965,211.214,211.187,211.201,72.90765691705633,69.82246569127805,,,
1767929400,211.201,211.2075,211.18,211.1825,67.70253342733147,69.85373309792489,,,
1767929700,211.1825,211.227,211.1815,211.224,72.45353171628909,70.58272362396146,,,
1767930000,211.224,211.239,211.218,211.2385,73.89827352176505,71.28600364763217,,,
1767930300,211.2385,211.2515,211.2195,211.2245,70.07669621595566,71.11294037369142,,,
1767930600,211.2245,211.2525,211.2215,211.25,72.83253784386707,71.20891442485092,,,
1767930900,211.25,211.2805,211.2485,211.2745,75.1961409721084,71.39156407140571,,,
1767931200,211.2745,211.3055,211.2745,211.291,76.66836277036029,71.75864459044622,,,
1767931500,211.291,211.31,211.278,211.306,77.94969176110897,72.57674192142794,,,
1767931800,211.306,211.306,211.257,211.2775,70.07527278721135,72.57236173159588,,,
1767932100,211.2775,211.2795,211.225,211.226,58.56270285363335,71.71245102945348,,,
1767932400,211.226,211.2885,211.225,211.278,64.84324414614426,71.23964341390342,,,
1767932700,211.278,211.3115,211.25,211.257,60.83321907013695,70.45919572584485,,,
1767933000,211.257,211.297,211.257,211.2805,63.54975850916518,69.82497303658097,,,
1767933300,211.2805,211.289,211.264,211.2665,60.8423787499167,68.96316745321386,,,
1767933600,211.2665,211.2765,211.2495,211.258,59.19351423838566,68.35538036828915,,,
1767933900,211.258,211.271,211.249,211.258,59.19351423838566,67.40823626272461,,,
1767934200,211.258,211.261,211.214,211.236,54.740437574019694,66.03981940931423,,,
1767934500,211.236,211.239,211.212,211.225,52.60933880067384,64.79215102250839,,,
1767934800,211.225,211.347,211.224,211.347,67.65128845234563,64.42206178025687,,,
1767935100,211.347,211.384,211.34,211.3605,68.8302595792659,63.9673559664824,,,
1767935400,211.3605,211.3635,211.3355,211.343,65.49782213960663,63.16946020714285,,,
1767935700,211.343,211.343,211.315,211.3315,63.32800623607756,62.12505409821203,,,
1767936000,211.3315,211.344,211.2915,211.3185,60.873009075757295,61.467749547393886,,,
1767936300,211.3185,211.3275,211.312,211.3195,60.99825987162149,61.64171790582161,,,
1767936600,211.3195,211.373,211.3195,211.362,65.9823107545366,61.72307980642106,,,
1767936900,211.362,211.362,211.2985,211.3025,55.323251034102405,61.329510660990024,,,
1767937200,211.3025,211.3115,211.297,211.3025,55.323251034102405,60.741902984199825,,,
1767937500,211.3025,211.326,211.298,211.323,58.032276271961834,60.54118137863162,,,
1767937800,211.323,211.342,211.3105,211.322,57.848007934049846,60.44507378546478,,,
1767938100,211.322,211.3625,211.3155,211.3615,62.864011946022245,60.70725219315311,,,
1767938400,211.3615,211.3885,211.3435,211.3795,64.91302975368939,61.433865920272375,,,
1767938700,211.3795,211.3985,211.3165,211.338,57.091646099760744,61.75403072735001,,,
1767939000,211.338,211.367,211.31,211.343,57.752131321886,61.04694807517433,,,
1767939300,211.343,211.394,211.331,211.356,59.49778488182328,60.38034273964271,,,
1767939600,211.356,211.374,211.298,211.338,56.04474205539772,59.70512273362779,,,
1767939900,211.338,211.3425,211.292,211.3295,54.43804214644506,59.07012529865404,,,
1767940200,211.3295,211.38,211.3005,211.38,61.49989884876455,59.11490313958314,,,
1767940500,211.38,211.3925,211.341,211.3535,56.5469390503809,58.796951652351666,,,
1767940800,211.3535,211.3815,211.3315,211.3645,58.05695606686698,58.230854888946695,,,
1767941100,211.3645,211.387,211.3645,211.3715,59.032596837859465,58.49580816064363,,,
1767941400,211.3715,211.4085,211.359,211.3875,61.251273693311,58.9192383505871,,,
1767941700,211.3875,211.3885,211.345,211.3585,55.39539612577993,58.73088976871696,,,
1767942000,211.3585,211.363,211.301,211.319,48.582379795914036,58.06905918742155,,,
1767942300,211.319,211.407,211.319,211.38,57.31356275743259,57.67259853109372,,,
1767942600,211.38,211.381,211.2895,211.3015,46.39517651909928,56.34989472862299,,,
1767942900,211.3015,211.3505,211.296,211.298,45.97464120914761,55.55582295072206,,,
1767943200,211.298,211.298,211.2535,211.2735,43.034113857300326,54.504535988965934,,,
1767943500,211.2735,211.3035,211.252,211.289,45.41285693319446,53.49846970692102,,,
1767943800,211.289,211.3295,211.279,211.32,49.9172428147596,53.06079118973258,,,
1767944100,211.32,211.3485,211.3095,211.3445,53.20382610896928,52.972632901341456,,,
1767944400,211.3445,211.419,211.3425,211.411,60.73557598248664,52.91803841089303,,,
1767944700,211.411,211.508,211.403,211.482,66.86707552331606,53.655191016102684,,,
1767945000,211.482,211.4935,211.439,211.485,67.10085141231943,54.30118354077786,,,
1767945300,211.485,211.5075,211.4355,211.4845,67.01598188864926,54.87142533012,,,
1767945600,211.4845,211.561,211.453,211.5085,69.040158416309,55.42777423890556,,,
1767945900,211.5085,211.607,211.5075,211.588,74.60059547870611,56.799574192686,,,
1767946200,211.588,211.6015,211.542,211.563,70.32332086495063,58.35249855476004,,,
1767946500,211.563,211.6025,211.5565,211.5645,70.43286019705693,59.289591229018924,,,
1767946800,211.5645,211.5785,211.475,211.517,62.558292712737014,60.44409952856448,,,
1767947100,211.517,211.517,211.454,211.4715,56.0893372237666,61.166577815322974,,,
1767947400,211.4715,211.4775,211.396,211.4045,48.18744246339788,61.53467271575851,,,
1767947700,211.4045,211.4305,211.377,211.4145,49.334727157030635,61.81480630317538,,,
1767948000,211.4145,211.4835,211.4075,211.4595,54.2446559303564,62.12390724000373,,,
1767948300,211.4595,211.486,211.4255,211.438,51.66833533508625,62.01422932758351,,,
1767948600,211.438,211.49,211.424,211.472,55.28510076832592,61.624909669429165,,,
1767948900,211.472,211.508,211.469,211.4845,56.571797573311585,60.88953267300028,,,
1767949200,211.4845,211.529,211.473,211.5175,59.85602308712954,60.37204493548671,,,
1767949500,211.5175,211.5455,211.453,211.455,51.85728217475318,59.28928067020842,,,
1767949800,211.455,211.5305,211.4465,211.5155,57.74386885973298,58.4824028447387,,,
1767950100,211.5155,211.5205,211.468,211.468,52.33340104802127,56.891888956832645,,,
1767950400,211.468,211.4865,211.445,211.4825,53.75778363767961,55.708636297741855,,,
1767950700,211.4825,211.494,211.458,211.4665,51.91431283123316,54.38588291446872,,,
1767951000,211.4665,211.4735,211.4385,211.4585,50.97309403200948,53.558368722988185,,,
1767951300,211.4585,211.4975,211.4435,211.479,53.30915295700051,53.35978413250489,,,
1767951600,211.479,211.4835,211.418,211.436,48.128861733269694,53.35559979463859,,,
1767951900,211.436,211.4685,211.415,211.4375,48.31753185339564,53.2829429872361,,,
1767952200,211.4375,211.4615,211.4055,211.4605,51.245798723070806,53.0687389010014,,,
1767952500,211.4605,211.5075,211.4555,211.493,55.115717940958305,53.31498051570655,,,
1767952800,211.493,211.54,211.492,211.5005,55.98400428379759,53.3649021953831,,,
1767953100,211.5005,211.5135,211.4475,211.49,54.39743220932774,53.209590383669976,,,
1767953400,211.49,211.4955,211.466,211.473,51.83606312494108,52.636736100656506,,,
1767953700,211.473,211.4895,211.445,211.4805,52.88997458643727,52.710499844348234,,,
1767954000,211.4805,211.4805,211.3815,211.3875,40.929999884854276,51.50950920328546,,,
1767954300,211.3875,211.3965,211.361,211.377,39.83475781418565,50.61674897229721,,,
1767954600,211.377,211.3845,211.341,211.3695,39.03134539022278,49.56486052605029,,,
1767954900,211.3695,211.4155,211.3695,211.4055,44.78758695717641,49.05580867790338,,,
1767955200,211.4055,211.41,211.322,211.328,36.7447147981595,48.03949587548552,,,
1767955500,211.328,211.363,211.3195,211.3595,41.35451023331868,47.18559282379397,,,
1767955800,211.3595,211.434,211.342,211.424,49.474078257701265,47.28167971839622,,,
1767956100,211.424,211.439,211.377,211.3915,46.01688354706161,47.11734769651521,,,
1767956400,211.3915,211.4085,211.3545,211.3845,45.28291098009917,46.69142714344581,,,
1767956700,211.3845,211.397,211.3535,211.3725,43.98763843302288,45.89656432145042,,,
1767957000,211.3725,211.3965,211.357,211.361,42.726323251517364,44.949587104858985,,,
1767957300,211.361,211.3785,211.35,211.3555,42.10449426305373,44.071520108696554,,,
1767957600,211.3555,211.3645,211.315,211.3635,43.3949485148746,43.468583350834656,,,
1767957900,211.3635,211.409,211.3625,211.406,49.796894037578255,43.247649025916154,,,
1767958200,211.406,211.423,211.3815,211.385,46.97010521418357,43.67908512086825,,,
1767958500,211.385,211.388,211.319,211.351,42.73983369278244,43.88659054076803,,,
1767958800,211.351,211.3615,211.311,211.357,43.70340935428223,44.2203093953437,,,
1767959100,211.357,211.364,211.297,211.3155,38.835488397697375,43.79515949823806,,,
1767959400,211.3155,211.3495,211.3145,211.3255,40.55374986435807,44.06723343153795,,,
1767959700,211.3255,211.37,211.3215,211.3625,46.538143865149436,44.437492976668715,,,
1767960000,211.3625,211.374,211.3225,211.3485,44.70432575069902,44.096796369025704,,,
1767960300,211.3485,211.366,211.313,211.332,42.57499839892154,43.85094742987284,,,
1767960600,211.332,211.366,211.312,211.36,47.173374833668184,43.985980562270626,,,
1767960900,211.36,211.418,211.36,211.4115,54.405268738543434,44.73009701266495,,,
1767961200,211.4115,211.4735,211.4065,211.462,60.16419606661551,45.97565935660054,,,
1767961500,211.462,211.4745,211.436,211.4645,60.43064819146526,47.28467035148707,,,
1767961800,211.4645,211.507,211.456,211.4995,64.05550387589292,48.76042430584551,,,
1767962100,211.4995,211.5495,211.479,211.482,61.044356628949735,49.56381449094348,,,
1767962400,211.482,211.515,211.4655,211.4955,62.50851672799632,50.67370102764439,,,
1767962700,211.4955,211.5615,211.49,211.539,66.83414817618612,52.39472349074466,,,
1767963000,211.539,211.559,211.5095,211.5225,63.82603529127185,53.83205391481535,,,
1767963300,211.5225,211.5575,211.4975,211.5575,67.19857595551153,55.8579887403735,,,
1767963600,211.5575,211.569,211.48,211.481,55.105561078067886,56.89740382706706,,,
1767963900,211.481,211.5155,211.443,211.4845,55.50013151021203,57.53754580171438,,,
1767964200,211.4845,211.5365,211.453,211.5345,60.80042578339059,58.687267232620925,,,
1767964500,211.5345,211.593,211.5205,211.5565,62.894613346950344,60.13866830033727,,,
1767964800,211.5565,211.5605,211.4995,211.5015,54.985829604560365,60.696700783972425,,,
1767965100,211.5015,211.544,211.487,211.503,55.15146675326253,60.75000064216665,,,
1767965400,211.503,211.687,211.228,211.6585,68.21060619978032,61.324744223107,,,
1767965700,211.6585,211.7385,211.6435,211.699,70.6108872854139,62.051904158389036,,,
1767966000,211.699,211.713,211.62,211.635,62.57079286730803,61.94585337206154,,,
1767966300,211.635,211.682,211.5595,211.5595,54.663328972977816,61.49006568234926,,,
1767966600,211.5595,211.654,211.5305,211.592,57.17238599799413,61.108913487349106,,,
1767966900,211.592,211.6065,211.519,211.5955,57.44551986930387,60.43829717971465,,,
1767967200,211.5955,211.614,211.5445,211.546,52.35959652925139,59.61926583957034,,,
1767967500,211.546,211.569,211.5,211.526,50.41735522505089,58.42060721596601,,,
1767967800,211.526,212,211.4985,211.966,73.61009585872971,59.742359700299,,,
1767968100,211.966,211.972,211.802,211.912,69.32427991156015,60.72979887182386,,,
1767968400,211.912,211.947,211.8265,211.8655,65.77297861802066,61.08498121715458,,,
1767968700,211.8655,211.8855,211.794,211.8645,65.69503753288393,61.285011516149844,,,
1767969000,211.8645,211.9805,211.8565,211.9235,68.09710770697987,62.22153138060838,,,
1767969300,211.9235,212.001,211.9215,211.955,69.33180414666884,63.23441262299455,,,
1767969600,211.955,211.9695,211.8475,211.852,61.01632061363246,62.72053508112684,,,
1767969900,211.852,211.8755,211.805,211.8665,61.71250994583224,62.08493669972814,,,
1767970200,211.8665,211.937,211.8295,211.845,60.00146455873394,61.901413249115706,,,
1767970500,211.845,211.898,211.8085,211.8315,58.89722539151501,62.203834421868365,,,
1767970800,211.8315,211.893,211.767,211.855,60.26798306402889,62.424948498013705,,,
1767971100,211.855,211.855,211.726,211.779,53.996301844435635,62.17857578195168,,,
1767971400,211.779,211.8555,211.7505,211.839,57.7356337945187,62.562578443756486,,,
1767971700,211.839,211.8885,211.83,211.883,60.28505365474903,63.26741404587778,,,
1767972000,211.883,211.98,211.8245,211.965,64.57386229981302,62.62196879166944,,,
1767972300,211.965,212.016,211.9405,211.9925,65.90368475483277,62.37764056618891,,,
1767972600,211.9925,212.036,211.9405,211.9755,64.29688881567509,62.27220558030708,,,
1767972900,211.9755,212.0035,211.911,211.9445,61.359055509834725,61.962492578660715,,,
1767973200,211.9445,211.952,211.809,211.8255,51.61040673613949,60.78487108074354,,,
1767973500,211.8255,211.8805,211.813,211.843,52.798091238610816,59.603891587310834,,,
1767973800,211.843,211.8885,211.7945,211.8145,50.6191021752028,58.861233127423,,,
1767974100,211.8145,211.8845,211.781,211.832,51.93094053194392,58.16254959785955,,,
1767974400,211.832,211.867,211.8065,211.8515,53.41598515863553,57.69215821213823,,,
1767974700,211.8515,211.9205,211.817,211.871,54.915951359409995,57.4077814955593,,,
1767975000,211.871,211.9165,211.8565,211.896,56.83491708430406,57.16256249700753,,,
1767975300,211.896,211.932,211.8605,211.9255,59.049878636256445,57.52353226785187,,,
1767975600,211.9255,211.981,211.9235,211.9455,60.52867370979711,57.72303511894319,,,
1767975900,211.9455,211.9475,211.8965,211.916,57.24494944803424,57.505884818463564,,,
1767976200,211.916,211.991,211.9105,211.987,62.51573705070139,57.358875872098444,,,
1767976500,211.987,212.064,211.9775,211.9815,61.879347788453174,57.07142323164276,,,
1767976800,211.9815,212.0405,211.975,212.035,65.55271436062,57.161125056281676,,,
1767977100,212.035,212.044,211.971,211.9905,60.344017529487395,57.08862234339973,,,
1767977400,211.9905,212.021,211.9595,211.975,58.597496445145275,57.587700179757285,,,
1767977700,211.975,212.022,211.9715,211.9895,59.770515500130635,58.085730484151554,,,
1767978000,211.9895,211.991,211.895,211.928,52.92185944963016,58.25021314661065,,,
1767978300,211.928,211.9635,211.919,211.9305,53.156830416536295,58.33777670979582,,,
1767978600,211.9305,211.9305,211.8195,211.824,43.25295870870952,57.61184624908682,,,
1767978900,211.824,211.8415,211.7835,211.807,41.91064426723903,56.68289574250317,,,
1767979200,211.807,211.8355,211.7935,211.7935,40.827076068838494,55.539478527112784,,,
1767979500,211.7935,211.8035,211.7395,211.789,40.45164386985358,54.211033186655435,,,
1767979800,211.789,211.8115,211.757,211.769,38.746286170798484,52.655148362441246,,,
1767980100,211.769,211.828,211.752,211.825,45.65478004245101,51.82727911918529,,,
1767980400,211.825,211.838,211.8075,211.81,44.21624410444452,50.52017248016695,,,
1767980700,211.81,211.8115,211.784,211.7845,41.804710667103535,49.08626982864197,,,
1767981000,211.7845,211.811,211.7715,211.797,43.43335545063061,47.506315620785585,,,
1767981300,211.797,211.851,211.794,211.8385,48.578591203878254,46.66592802609922,,,
1767981600,211.8385,211.8545,211.79,211.806,45.11752374416826,45.7030728331723,,,
1767981900,211.806,211.8255,211.763,211.787,43.18061612984061,44.51808002100872,,,
1767982200,211.787,211.802,211.7435,211.7905,43.66043384244915,43.8565496204958,,,
1767982500,211.7905,211.818,211.765,211.7975,44.666855072747346,43.25012281022516,,,
1767982800,211.7975,211.7995,211.766,211.79,43.764787600092454,43.2866820167525,,,
1767983100,211.79,211.79,211.749,211.7805,42.5914497098562,43.33531097693945,,,
1767983400,211.7805,211.7815,211.7525,211.7755,41.95391787418508,43.41579967732134,,,
1767983700,211.7755,211.7955,211.7555,211.764,40.45404674614966,43.41597131134249,,,
1767984000,211.764,211.771,211.7165,211.717,34.95403694568381,43.14509636669144,,,
1767984300,211.717,211.738,211.697,211.7305,37.579171763471095,42.568267203907155,,,
1767984600,211.7305,211.755,211.6915,211.708,35.040890023357775,41.91288476954382,,,
1767984900,211.708,211.7115,211.6645,211.698,33.94352349623708,41.351371400196214,,,
1767985200,211.698,211.7015,211.6375,211.678,31.798658054468945,40.520321586184664,,,
1767985500,211.678,211.7025,211.6665,211.698,36.144052140580165,39.63214022452051,,,
1767985800,211.698,211.713,211.684,211.6985,36.25340193073312,38.99898866641801,,,
1767986100,211.6985,211.711,211.6675,211.668,32.58748999934086,38.24233679995374,,,
1767986400,211.668,211.689,211.667,211.685,36.445081138517345,37.72695446395861,,,
1767986700,211.685,211.6985,211.6605,211.669,34.447131637446006,36.99697421857995,,,
1767987000,211.669,211.6805,211.649,211.669,34.447131637446006,36.3314273641052,,,
1767987300,211.669,211.6785,211.648,211.677,36.46682535038353,35.89395419557144,,,
1767987600,211.677,211.695,211.67,211.6845,38.38349315330289,35.638923858365565,,,
1767987900,211.6845,211.6935,211.6735,211.691,40.07090383896938,35.61155650785269,,,
1767988200,211.691,211.707,211.6815,211.6875,39.444506904496905,35.93230436205363,,,
1767988500,211.6875,211.704,211.669,211.674,37.039397656970024,35.89374906873212,,,
1767988800,211.674,211.7325,211.672,211.721,48.754647051504286,36.87330314217115,,,
1767989100,211.721,211.726,211.7,211.717,47.93712131908428,37.87284584380309,,,
1767989400,211.717,211.724,211.687,211.689,42.557582038859216,38.64134041411668,,,
1767989700,211.689,211.708,211.6795,211.704,46.05042508422072,39.348938481519575,,,
1767990000,211.704,211.709,211.686,211.705,46.28492138601934,40.0654755854686,,,
1767990300,211.705,211.7065,211.6745,211.683,41.96349619409638,40.73519031366542,,,
1767990600,211.683,211.7025,211.677,211.695,44.98097090993114,41.34489672590926,,,
1767990900,211.695,211.695,211.649,211.6805,42.13053788526776,41.89371145789653,,,
1767991200,211.6805,211.7005,211.6735,211.6995,46.88066194358827,42.781820765478116,,,
1767991500,211.6995,211.6995,211.6745,211.6755,42.171760878435386,43.18931616033897,,,
1767991800,211.6755,211.676,211.64,211.6695,41.06134990335131,43.38059164248528,,,
1767992100,211.6695,211.675,211.638,211.671,41.476226581916954,43.480971838410106,,,
1767992400,211.671,211.71,211.6685,211.7045,49.949738089898766,44.231345494510244,,,
1767992700,211.7045,211.712,211.681,211.7095,51.08803637731427,45.23481968882055,,,
1767993000,211.7095,211.7265,211.677,211.682,45.02302313030561,44.96827512302064,,,
1767993300,211.682,211.685,211.6405,211.65,39.19238365062265,44.34365100384481,,,
1767993600,211.65,211.6885,211.649,211.6815,46.53270402912685,44.627588288863926,,,
1767993900,211.6815,211.6825,211.623,211.635,39.04064626799503,44.126889801990664,,,
1767994200,211.635,211.6825,211.628,211.6735,46.693377381865396,44.156065230265376,,,
1767994500,211.6735,211.675,211.639,211.6565,44.06297155755116,44.30602775622644,,,
1767994800,211.6565,211.663,211.625,211.628,39.995205024852815,43.94990162157798,,,
1767995100,211.628,211.639,211.5945,211.618,38.64705427634532,43.70108136379781,,,
1767995400,211.618,211.6505,211.61,211.6285,40.899706508077514,43.27387026126132,,,
1767995700,211.6285,211.685,211.6135,211.63,41.23166878334635,43.20672082589782,,,
1768168800,211.63,211.897,211.63,211.859,69.44688884019061,45.23425932138634,,,
1768169100,211.859,211.893,211.83,211.839,66.44640845963818,47.017843741223565,,,
1768169400,211.839,211.839,211.7275,211.7275,52.76042934343206,47.21860740219024,,,
1768169700,211.7275,211.7465,211.726,211.746,54.437284331772666,47.45783939893727,,,
1768170000,211.746,211.8335,211.732,211.825,60.831237642217594,48.58699757835955,,,
1768170300,211.825,211.8485,211.811,211.8255,60.868666976108706,50.13530353017999,,,
1768170600,211.8255,211.8605,211.8025,211.81,58.98686491052881,51.02488645028013,,,
1768170900,211.81,211.8145,211.798,211.81,58.98686491052881,52.449616353318255,,,
1768171200,211.81,211.816,211.808,211.8125,59.2226826535112,53.34456672986438,,,
1768171500,211.8125,211.8135,211.7905,211.7925,56.42744605166612,54.22774347944402,,,
1768171800,211.7925,211.809,211.7895,211.8065,57.92451683107283,55.50840860845973,,,
1768172100,211.8065,211.8705,211.7285,211.7285,48.02435850223373,56.178216053166054,,,
1768172400,211.7285,211.7285,211.6275,211.6985,44.849334185928726,56.46033231586971,,,
1768172700,211.6985,211.7855,211.6815,211.7855,54.287779836566806,57.39291167681402,,,
1768173000,211.7855,211.8115,211.7515,211.7545,50.94232185578279,56.071156892213466,,,
1768173300,211.7545,211.801,211.7515,211.8005,55.34027284362439,55.27786149106962,,,
1768173600,211.8005,211.8295,211.7765,211.7975,54.99400920849662,55.4374029100028,,,
1768173900,211.7975,211.8235,211.7835,211.8175,56.92885104467349,55.615371960924286,,,
1768174200,211.8175,211.8725,211.8175,211.8375,58.83471103951151,55.47276291787385,,,
1768174500,211.8375,211.862,211.788,211.788,52.62774735057934,54.88412580176462,,,
1768174800,211.788,211.8335,211.787,211.8125,55.149807610851504,54.61005028035909,,,
1768175100,211.8125,211.8455,211.7935,211.814,55.306693457779474,54.347180890877,,,
1768175400,211.814,211.857,211.8055,211.8445,58.48650932802426,54.29459708191364,,,
1768175700,211.8445,211.8445,211.8045,211.81,53.82182909159539,54.108481584765734,,,
1768176000,211.81,211.8675,211.784,211.8625,59.15982962830306,54.19671821313932,,,
1768176300,211.8625,211.8785,211.794,211.8415,56.3536921988334,54.79167062003929,,,
1768176600,211.8415,211.855,211.781,211.829,54.690771744005026,55.49463044561617,,,
1768176900,211.829,211.9025,211.822,211.8995,61.57730582673832,56.01531087348557,,,
1768177200,211.8995,211.9005,211.7935,211.8025,50.25870740266126,55.966481269691165,,,
1768177500,211.8025,211.814,211.7595,211.761,46.33462043538606,55.32322038338844,,,
1768177800,211.761,211.807,211.741,211.7815,48.47473958068244,54.857558267116,,,
1768178100,211.7815,211.848,211.7635,211.798,50.196291771988825,54.37666117620994,,,
1768178400,211.798,211.8005,211.7055,211.7345,44.090777883031876,53.32352309360425,,,
1768178700,211.7345,211.767,211.7015,211.7585,46.72814512166928,52.90212293439639,,,
1768179000,211.7585,211.776,211.6795,211.7155,42.829842649115385,52.022125437129525,,,
1768179300,211.7155,211.7575,211.684,211.701,41.57043650934812,51.04096422652729,,,
1768179600,211.701,211.7645,211.6895,211.7575,47.98823462092746,50.291087461734655,,,
1768179900,211.7575,211.8005,211.6795,211.7065,43.35871216244191,49.543721966795125,,,
1768180200,211.7065,211.7495,211.651,211.7495,47.92065556939526,48.74092381973028,,,
1768180500,211.7495,211.7875,211.712,211.7705,50.037067576191234,48.289736346684414,,,
1768180800,211.7705,211.7915,211.739,211.79,51.988182516318595,48.096694258992514,,,
1768181100,211.79,211.815,211.748,211.798,52.80250042239697,47.46992244439671,,,
1768181400,211.798,211.8315,211.7825,211.815,54.56598072783798,47.77758482476647,,,
1768181700,211.815,211.8615,211.809,211.8265,55.76991559722381,48.45153447918345,,,
1768182000,211.8265,211.8395,211.7895,211.811,53.704300310118576,48.825074531286035,,,
1768182300,211.811,211.811,211.764,211.777,49.38350891587885,48.76701861299246,,,
1768182600,211.777,211.828,211.7495,211.822,54.59084853759758,49.51702365974716,,,
1768182900,211.822,211.834,211.796,211.816,53.796157086288524,50.021881657219964,,,
1768183200,211.816,211.85,211.795,211.8345,55.92655559939158,50.957361153668266,,,
1768183500,211.8345,211.853,211.798,211.811,52.60824249377008,51.74577586684126,,,
1768183800,211.811,211.8665,211.8,211.834,55.39758787599526,52.275015385060385,,,
1768184100,211.834,211.875,211.8135,211.873,59.72615383187391,53.44411836144838,,,
1768184400,211.873,211.9165,211.8695,211.8995,62.39657089326126,54.4781123131531,,,
1768184700,211.8995,211.942,211.8915,211.9355,65.7217562553354,55.59844721880626,,,
1768185000,211.9355,212.0155,211.9265,212.006,71.10958192996148,56.964261462637886,,,
1768185300,212.006,212.05,212.006,212.0195,72.01661790054399,58.33669842536267,,,
1768185600,212.0195,212.0845,212.015,212.08,75.69879580806887,59.84618521680774,,,
1768185900,212.08,212.081,212.0465,212.05,70.72884922579831,60.91468047599164,,,
1768186200,212.05,212.113,212.0355,212.113,74.51312909318837,62.401025389068046,,,
1768186500,212.113,212.177,212.076,212.151,76.4876729950856,64.33703710901139,,,
1768186800,212.151,212.151,212.0835,212.109,70.02988116010201,65.439825153476,,,
1768187100,212.109,212.146,212.0805,212.14,71.91469647385841,66.73400653830241,,,
1768187400,212.14,212.1515,212.086,212.1055,66.87411683431594,67.51597519793987,,,
1768187700,212.1055,212.1345,212.103,212.1295,68.52676730537661,68.6530126844832,,,
1768188000,212.1295,212.1775,212.1295,212.1745,71.40719069740246,69.79655574315514,,,
1768188300,212.1745,212.1865,212.1475,212.157,68.77127058974519,70.44263551157452,,,
1768188600,212.157,212.1845,212.148,212.1705,69.70046515324094,70.96434224443021,,,
1768188900,212.1705,212.1995,212.1675,212.1965,71.46165201742443,71.37433479886514,,,
1768189200,212.1965,212.2055,212.136,212.146,63.71500271149155,70.84615056897442,,,
1768189500,212.146,212.1795,212.1395,212.1745,65.95783200498718,70.41338014786324,,,
1768189800,212.1745,212.2155,212.1725,212.196,67.58557462560424,69.83386434911576,,,
1768190100,212.196,212.2465,212.1915,212.206,68.3437577415443,69.66350067166903,,,
1768190400,212.206,212.2895,212.206,212.284,73.5421557077818,69.59414542985428,,,
1768190700,212.284,212.3,212.2715,212.2725,71.67338507520722,69.25026772129154,,,
1768191000,212.2725,212.282,212.2275,212.2635,70.1705752223952,69.26031729716962,,,
1768191300,212.2635,212.2805,212.2565,212.264,70.20794828676273,69.13840671237708,,,
1768191600,212.264,212.271,212.2535,212.258,69.08930762876145,69.29663462626604,,,
1768191900,212.258,212.261,212.2075,212.227,63.46304082912004,68.93493987796201,,,
1768192200,212.227,212.232,212.196,212.205,59.74465694292548,68.10190175264222,,,
1768192500,212.205,212.2145,212.1905,212.1905,57.35922713076833,67.28675579128672,,,
1768192800,212.1905,212.2035,212.1745,212.1995,58.467669362798496,66.48441323482656,,,
1768193100,212.1995,212.214,212.191,212.201,58.660548891138674,65.57004872580615,,,
1768193400,212.201,212.224,212.196,212.224,61.604945956257644,65.41933038614657,,,
1768193700,212.224,212.274,212.209,212.2435,63.94936909190376,65.27586874949776,,,
1768194000,212.2435,212.2435,212.194,212.216,58.522305527783104,64.6284923853677,,,
1768194300,212.216,212.279,212.214,212.263,64.1258197378217,64.3272110993875,,,
1768194600,212.263,212.284,212.253,212.273,65.20296658598036,63.73155473354454,,,
1768194900,212.273,212.28,212.24,212.266,63.75978006947847,63.166297233135346,,,
1768195200,212.266,212.308,212.247,212.297,67.22006262836075,62.95554633356145,,,
1768195500,212.297,212.3215,212.268,212.3135,68.92102371394418,62.863623149788694,,,
1768195800,212.3135,212.3755,212.3135,212.365,73.53672610170531,63.18129589785612,,,
1768196100,212.365,212.373,212.331,212.338,67.84758499449148,63.49447762395408,,,
1768196400,212.338,212.346,212.313,212.315,63.35136892233191,63.7520999081974,,,
1768196700,212.315,212.3235,212.281,212.308,62.00460457904656,64.08391258307441,,,
1768197000,212.308,212.329,212.279,212.285,57.66674468233865,64.02670367732728,,,
1768197300,212.285,212.307,212.251,212.2605,53.38250773450731,63.649700737567905,,,
1768197600,212.2605,212.2605,212.213,212.253,52.106309258990535,62.971226687763114,,,
1768197900,212.253,212.279,212.2395,212.277,55.75174975066462,62.38568244910317,,,
1768198200,212.277,212.2955,212.265,212.285,56.92860770476124,62.2718468903159,,,
1768198500,212.285,212.301,212.2795,212.294,58.27316884584852,61.8538003980321,,,
1768198800,212.294,212.2985,212.23,212.237,48.043854636704985,60.62814954451244,,,
1768199100,212.237,212.26,212.22,212.238,48.21560064597379,59.5178510142621,,,
1768199400,212.238,212.254,212.2275,212.241,48.76279436740938,58.199474709908436,,,
1768199700,212.241,212.2885,212.232,212.2875,56.445159903074895,57.30834158056062,,,
1768200000,212.2875,212.3165,212.2835,212.307,59.207375188176925,56.2848165153086,,,
1768200300,212.307,212.3075,212.279,212.292,56.252079026086555,55.45656608899395,,,
1768200600,212.292,212.3655,212.29,212.361,64.92500011539467,55.5689683170699,,,
1768200900,212.361,212.3855,212.353,212.3535,63.452505857389944,55.67238983695158,,,
1768201200,212.3535,212.355,212.273,212.3075,55.185505977389454,55.49515850088378,,,
1768201500,212.3075,212.396,212.3065,212.3415,59.396357406238735,55.92471919172174,,,
1768201800,212.3415,212.354,212.2665,212.272,49.21628589775793,55.71828895163369,,,
1768202100,212.272,212.2935,212.2175,212.265,48.31803390408926,55.18730924830688,,,
1768202400,212.265,212.306,212.231,212.269,48.892050494775596,54.61326944759362,,,
1768202700,212.269,212.2955,212.2345,212.2375,44.683187313075834,53.642556480967,,,
1768203000,212.2375,212.246,212.164,212.1785,38.072273315005525,52.93030067227418,,,
1768203300,212.1785,212.1905,212.1335,212.1605,36.307383904791315,52.07971376218972,,,
1768203600,212.1605,212.1845,212.117,212.128,33.30533328499361,50.975609399160014,,,
1768203900,212.128,212.144,212.0985,212.114,32.07501008569288,49.23488441220415,,,
1768204200,212.114,212.186,212.0985,212.174,41.96903734048406,48.003574565940376,,,
1768204500,212.174,212.219,212.16,212.214,47.46318909269374,47.37579671355517,,,
1768204800,212.214,212.2915,212.136,212.2535,52.2689649927687,46.471794204796176,,,
1768205100,212.2535,212.2805,212.211,212.2665,53.76787180791673,45.7800346298338,,,
1768205400,212.2665,212.3215,212.242,212.255,52.206041947229316,45.56721577053664,,,
1768205700,212.255,212.2825,212.2345,212.2685,53.89898358683232,45.17454621200762,,,
1768206000,212.2685,212.3305,212.245,212.247,50.81206477884456,45.28853041779952,,,
1768206300,212.247,212.275,212.2305,212.237,49.39505030305984,45.36546016058314,,,
1768206600,212.237,212.2445,212.186,212.218,46.72862901804514,45.21093005510239,,,
1768206900,212.218,212.218,212.131,212.142,37.91259064569053,44.727316007432016,,,
1768207200,212.142,212.247,212.1385,212.2345,50.22207919587849,45.59515928463723,,,
1768207500,212.2345,212.313,212.216,212.2825,55.18712711678215,46.943712371208,,,
1768207800,212.2825,212.2925,212.2345,212.2355,49.935023838245925,48.13154741072602,,,
1768208100,212.2355,212.3265,212.2155,212.325,58.11045986442027,49.99122239492084,,,
1768208400,212.325,212.3675,212.2755,212.3475,59.88399092094815,51.27086193638256,,,
1768208700,212.3475,212.3945,212.2985,212.365,61.257895672175884,52.25619812063128,,,
1768209000,212.365,212.41,212.3495,212.392,63.34381072271804,53.04725852991338,,,
1768209300,212.392,212.4285,212.3575,212.4255,65.80392561900221,53.90697665927662,,,
1768209600,212.4255,212.444,212.3875,212.418,64.75609789040689,54.80340922664645,,,
1768209900,212.418,212.446,212.3675,212.44,66.44402632756834,55.699483708127595,,,
1768210200,212.44,212.4485,212.4015,212.4065,61.605673212852885,56.470455739128184,,,
1768210500,212.4065,212.482,212.3935,212.4475,64.96793193195826,57.58280442690664,,,
1768210800,212.4475,212.481,212.408,212.4195,61.036824944341475,58.6048184216421,,,
1768211100,212.4195,212.435,212.38,212.395,57.744381730569145,60.02137492770486,,,
1768211400,212.395,212.425,212.3775,212.3915,57.26911927588703,60.52473493341976,,,
1768211700,212.3915,212.444,212.3815,212.4295,61.020256751118275,60.94138705015805,,,
1768212000,212.4295,212.436,212.3885,212.424,60.19658014382192,61.6743553576992,,,
1768212300,212.424,212.459,212.4145,212.459,63.566883992031904,62.064099938242876,,,
1768212600,212.459,212.5145,212.4585,212.5,67.08304547196374,62.578318120458285,,,
1768212900,212.5,212.517,212.479,212.496,66.40965872974576,62.94630119599899,,,
1768213200,212.496,212.498,212.4145,212.4215,55.27959591251345,62.370285852412955,,,
1768213500,212.4215,212.5245,212.421,212.5215,64.00098068935871,62.241504071724115,,,
1768213800,212.5215,212.584,212.5025,212.5685,67.23520220365471,62.41858295124182,,,
1768214100,212.5685,212.6005,212.5495,212.597,69.05096016622787,62.604792511146066,,,
1768214400,212.597,212.604,212.5685,212.5995,69.21213966652844,63.14811154355146,,,
1768214700,212.5995,212.628,212.576,212.583,66.74162179665585,63.27480367674415,,,
1768215000,212.583,212.6415,212.558,212.5845,66.85744184697901,63.69056202693254,,,
1768215300,212.5845,212.645,212.5705,212.645,71.21199024471542,64.65253406365727,,,
1768215600,212.645,212.645,212.5925,212.6055,65.18968985660277,65.21828910513696,,,
1768215900,212.6055,212.624,212.5515,212.6155,65.9742117592717,65.57214303429079,,,
1768216200,212.6155,212.631,212.5865,212.6205,66.38217541493086,66.01397126794141,,,
1768216500,212.6205,212.6435,212.616,212.6375,67.79597246013422,66.31604901566301,,,
1768216800,212.6375,212.667,212.619,212.6645,69.95699993195802,66.52133147709118,,,
1768217100,212.6645,212.681,212.6455,212.6555,68.31146492483143,66.65717477674015,,,
1768217400,212.6555,212.656,212.585,212.5885,57.47323061580497,66.8138629698324,,,
1768217700,212.5885,212.619,212.5515,212.559,53.451984388712575,66.06036323407196,,,
1768218000,212.559,212.5825,212.52,212.525,49.18094559963551,64.77077347664202,,,
1768218300,212.525,212.525,212.4725,212.4795,44.10229814228478,62.988726189217516,,,
1768218600,212.4795,212.4865,212.435,212.464,42.49251057823085,61.08018125433912,,,
1768218900,212.464,212.541,212.4435,212.523,49.97729830565452,59.88272957641045,,,
1768219200,212.523,212.6245,212.5085,212.6245,59.69588626204455,59.37118989177228,,,
1768219500,212.6245,212.679,212.604,212.662,62.587885592897855,58.755182416642455,,,
1768219800,212.662,212.684,212.623,212.632,58.9440130066093,58.30906264164292,,,
1768220100,212.632,212.635,212.5775,212.589,54.083628703852426,57.459735280541544,,,
1768220400,212.589,212.6005,212.544,212.551,50.14825012513773,56.30016918841347,,,
1768220700,212.551,212.585,212.5375,212.571,52.1228542010184,55.18066074133377,,,
1768221000,212.571,212.6285,212.5535,212.6165,56.35801764671389,54.20930486381633,,,
1768221300,212.6165,212.6485,212.572,212.573,51.653608023002555,53.01945794225713,,,
1768221600,212.573,212.643,212.57,212.635,57.14450228074665,52.99597734689582,,,
1768221900,212.635,212.6765,212.6195,212.6335,56.975903478522724,53.24768585331083,,,
1768222200,212.6335,212.661,212.56,212.5965,52.834984233927294,53.50868861290309,,,
1768222500,212.5965,212.612,212.56,212.5615,49.19282985229328,53.87229802076085,,,
1768222800,212.5615,212.5955,212.5395,212.5685,49.936149641471275,54.40398652527802,,,
1768223100,212.5685,212.643,212.5565,212.6075,53.97617976929332,54.68962091553794,,,
1768223400,212.6075,212.639,212.5795,212.596,52.62755398635773,54.184740038703175,,,
1768223700,212.596,212.674,212.5925,212.657,58.54438725510518,53.89591872886084,,,
1768224000,212.657,212.6765,212.635,212.6415,56.60957011807746,53.72917280825141,,,
1768224300,212.6415,212.661,212.6265,212.645,56.95550417129493,53.9343067702116,,,
1768224600,212.645,212.6825,212.638,212.6615,58.63000517564793,54.54014641667661,,,
1768224900,212.6615,212.6855,212.6505,212.6835,60.81862762967494,55.16127309015207,,,
1768225200,212.6835,212.6885,212.6495,212.6675,58.39887029423924,55.30704827926103,,,
1768225500,212.6675,212.693,212.644,212.673,59.002704618275544,55.83198375035196,,,
1768225800,212.673,212.7345,212.6645,212.7205,63.87898056450609,56.31301791347763,,,
1768226100,212.7205,212.7985,212.7105,212.7985,70.15626632340762,57.25447240239798,,,
1768226400,212.7985,212.82,212.7515,212.777,66.71465602707596,58.24587753048003,,,
1768226700,212.777,212.796,212.729,212.74,61.15468057788636,59.10029543945097,,,
1768227000,212.74,212.779,212.699,212.7215,58.528215716550655,59.71401444481377,,,
1768227300,212.7215,212.763,212.7165,212.7525,61.51119966408438,60.25223015158457,,,
1768227600,212.7525,212.7665,212.7,212.702,54.61902173898064,60.39447784820049,,,
1768227900,212.702,212.754,212.667,212.736,58.028798215417474,60.35765005965136,,,
1768228200,212.736,212.841,212.73,212.818,64.88210471241806,60.94854538781856,,,
1768228500,212.818,212.8325,212.781,212.799,62.34198711507318,61.333294169517,,,
1768228800,212.799,212.825,212.748,212.7645,57.90872818033234,61.281774384137314,,,
1768229100,212.7645,212.794,212.746,212.757,56.96043504592654,61.006189199583865,,,
1768229400,212.757,212.7985,212.748,212.784,59.529773954958316,61.08696803249237,,,
1768229700,212.784,212.8205,212.772,212.8005,61.05965674705927,61.23389318454836,,,
1768230000,212.8005,212.8435,212.7695,212.81,61.951491739389915,61.09621541132577,,,
1768230300,212.81,212.8235,212.759,212.772,56.38836551516778,60.11279392502293,,,
1768230600,212.772,212.7745,212.7295,212.7515,53.59243983800019,59.175492768660376,,,
1768230900,212.7515,212.777,212.727,212.7435,52.4984743820193,58.557192326098445,,,
1768231200,212.7435,212.756,212.6895,212.708,47.832462223973806,57.793209933771536,,,
1768231500,212.708,212.7575,212.707,212.749,53.02528524910103,57.18707318984415,,,
1768231800,212.749,212.7745,212.732,212.7395,51.74013134062792,56.98143816139038,,,
1768232100,212.7395,212.826,212.728,212.8185,60.34685624241099,57.147013734747055,,,
1768232400,212.8185,212.8405,212.8035,212.8125,59.47924321834043,56.761095056598656,,,
1768232700,212.8125,212.8305,212.7895,212.8225,60.49857967422584,56.629423096538126,,,
1768233000,212.8225,212.8385,212.7595,212.8275,61.0264948698268,56.8521207172163,,,
1768233300,212.8275,212.8915,212.781,212.875,65.71433048976148,57.477398963204514,,,
1768233600,212.875,212.879,212.823,212.8495,61.441681137532726,57.61396376195983,,,
1768233900,212.8495,212.9075,212.834,212.8985,66.01438318808272,57.96787279346149,,,
1768234200,212.8985,212.9155,212.85,212.884,63.6103566896068,58.08636314704842,,,
1768234500,212.884,212.8855,212.844,212.852,58.543420518537076,58.24029564728908,,,
1768234800,212.852,212.9015,212.852,212.8745,60.90168682824647,58.762384718020954,,,
1768235100,212.8745,212.9535,212.864,212.9455,67.23547788356936,59.81502782527455,,,
1768235400,212.9455,213.018,212.9305,212.9775,69.62391506276465,61.37156017090246,,,
1768235700,212.9775,212.996,212.9455,212.948,64.9251909948,62.221553438452396,,,
1768236000,212.948,212.955,212.907,212.916,60.180682226213655,62.82444993027995,,,
1768236300,212.916,212.968,212.913,212.958,63.90859546727955,63.07885987491341,,,
1768236600,212.958,212.974,212.9045,212.958,63.90859546727955,63.395242178409056,,,
1768236900,212.958,212.985,212.9395,212.946,61.98566075597882,63.50146225567713,,,
1768237200,212.946,212.959,212.87,212.936,60.355883273159044,63.45356142734373,,,
1768237500,212.936,213.0005,212.936,212.968,63.64956306591329,63.30607803992599,,,
1768237800,212.968,212.987,212.93,212.93,57.53643008923813,63.027131536476375,,,
1768238100,212.93,212.9335,212.847,212.848,47.037845008216536,61.67166452362879,,,
1768238400,212.848,212.8885,212.811,212.8145,43.54230025844498,60.23823192140294,,,
1768238700,212.8145,212.8555,212.801,212.8215,44.47089462062369,59.233051500123416,,,
1768239000,212.8215,212.8375,212.7855,212.804,42.585138113333066,57.92472659191532,,,
1768239300,212.804,212.8265,212.785,212.786,40.67461481784471,56.0275220872207,,,
1768239600,212.786,212.8655,212.753,212.8535,49.774474894762726,54.609704932363414,,,
1768239900,212.8535,212.86,212.8175,212.846,48.87736812411921,53.46343187017193,,,
1768240200,212.846,212.8555,212.817,212.832,47.16837689039996,52.53398148904239,,,
1768240500,212.832,212.8555,212.823,212.853,49.99286615578194,51.540000823935415,,,
1768240800,212.853,212.853,212.7405,212.7545,39.36284605112061,49.786733008495496,,,
1768241100,212.7545,212.803,212.7535,212.788,43.743996674473955,48.48375700267372,,,
1768241400,212.788,212.8115,212.7565,212.767,41.70956009572886,47.15187677571442,,,
1768241700,212.767,212.7975,212.75,212.793,45.11311688640583,45.8278449057496,,,
1768242000,212.793,212.814,212.785,212.7945,45.311513460223196,44.954636575105674,,,
1768242300,212.7945,212.7975,212.7785,212.789,44.67387379414921,44.78578148838658,,,
1768242600,212.789,212.838,212.789,212.815,48.37252187080662,45.13079731784099,,,
1768242900,212.815,212.8265,212.7875,212.7955,45.894423116265955,45.23247792467258,,,
1768243200,212.7955,212.8085,212.786,212.807,47.59934508565964,45.59063556555304,,,
1768243500,212.807,212.826,212.8045,212.8215,49.749442822021024,46.23883756585135,,,
1768243800,212.8215,212.856,212.8145,212.8485,53.569787956823006,46.50993135599852,,,
1768244100,212.8485,212.852,212.815,212.835,51.46304344298648,46.694622450203326,,,
1768244400,212.835,212.835,212.818,212.83,50.668259923057754,46.94461409539317,,,
1768244700,212.83,212.836,212.8095,212.836,51.63356239324133,47.061806683783125,,,
1768245000,212.836,212.8755,212.833,212.8745,57.39454253539329,48.34978500408831,,,
1768245300,212.8745,212.898,212.855,212.897,60.36572719172739,49.53705146960642,,,
1768245600,212.897,212.9,212.881,212.886,58.22781551821891,50.71692685692714,,,
1768245900,212.886,212.902,212.876,212.886,58.22781551821891,51.653691044913785,,,
1768246200,212.886,212.8915,212.87,212.89,58.84254564842102,52.62019334407078,,,
1768246500,212.89,212.903,212.8695,212.8705,54.62240041066505,53.330802388107614,,,
1768246800,212.8705,212.883,212.86,212.8765,55.67576452887104,53.85246257796937,,,
1768247100,212.8765,212.9,212.875,212.899,59.47483816028813,54.82249222397095,,,
1768247400,212.899,212.914,212.893,212.914,61.82403753611547,55.83854168471779,,,
1768247700,212.914,212.964,212.912,212.9495,66.73832948402651,57.05203358914675,,,
1768248000,212.9495,212.955,212.9315,212.946,65.83846925436511,57.92836796754262,,,
1768248300,212.946,212.969,212.939,212.9635,68.15081483420471,59.12035163834393,,,
1768248600,212.9635,212.966,212.9305,212.934,60.69283060836366,59.836392401580056,,,
1768248900,212.934,212.9595,212.932,212.95,63.05437480483527,60.65216471669391,,,
1768249200,212.95,212.959,212.939,212.951,63.203173585471795,61.06706693455666,,,
1768249500,212.951,212.966,212.95,212.966,65.4509271345924,61.43029550190416,,,
1768249800,212.966,212.9925,212.965,212.9795,67.38210154142095,62.08417307499003,,,
1768250100,212.9795,212.9955,212.9695,212.993,69.23409511852313,62.87033590358318,,,
1768250400,212.993,213.0015,212.965,212.968,62.1918971689372,63.10957529790578,,,
1768250700,212.968,213.003,212.966,212.9695,62.438764719744746,63.66788703426861,,,
1768251000,212.9695,212.9955,212.9675,212.98,64.20087953669139,64.27682382054148,,,
1768251300,212.98,212.994,212.969,212.975,62.69261977950338,64.50666536477114,,,
1768251600,212.975,212.99,212.939,212.99,65.32448713298383,64.75669747883317,,,
1768251900,212.99,213.013,212.99,213.005,67.7728502271953,64.83059181763095,,,
1768252200,213.005,213.006,212.963,212.965,56.34724895214725,64.15264751032967,,,
1768252500,212.965,212.9675,212.9475,212.9475,52.20091595483781,63.01336901894632,,,
1768252800,212.9475,212.977,212.9475,212.977,57.83372865428932,62.80914745079815,,,
1768253100,212.977,213.0085,212.976,212.991,60.22904281777945,62.60733802315131,,,
1768253400,212.991,212.9965,212.972,212.9745,56.17854535100644,62.10557886354663,,,
1768253700,212.9745,212.9825,212.96,212.9775,56.74809247514937,61.48394781644357,,,
1768254000,212.9775,212.9985,212.9765,212.986,58.39792631320104,60.84222101442786,,,
1768254300,212.986,213,212.9755,212.993,59.7592603204026,60.16544710027638,,,
1768254600,212.993,213.007,212.9785,212.982,56.62361703258866,59.76771280482292,,,
1768254900,212.982,213.0115,212.9705,212.9825,56.73474483086761,59.36028281276026,,,
1768255200,212.9825,212.9825,212.882,212.8875,37.22232427092423,57.43324315091975,,,
1768255500,212.8875,212.8955,212.8255,212.8255,29.97639336125792,55.09636983533079,,,
1768255800,212.8255,212.8605,212.7905,212.8595,37.19654244665747,53.08723092916462,,,
1768256100,212.8595,212.92,212.8555,212.8825,41.58450913729031,51.216635137028554,,,
1768256400,212.8825,212.889,212.8685,212.8865,42.339042516137106,50.21604896302783,,,
1768256700,212.8865,212.905,212.8785,212.881,41.544438597511316,49.45487200893308,,,
1768257000,212.881,212.921,212.878,212.8935,44.11165752799357,48.474724071340525,,,
1768257300,212.8935,212.9195,212.8885,212.9175,48.76426047982325,47.6558110472008,,,
1768257600,212.9175,212.936,212.9135,212.9305,51.13711265109484,47.29570871149283,,,
1768257900,212.9305,212.957,212.907,212.927,50.45954851686743,46.846527000186974,,,
1768258200,212.927,212.9295,212.903,212.9095,47.09921370596091,46.03947609966982,,,
1768258500,212.9095,212.921,212.8735,212.879,41.86622853091194,44.76140240042049,,,
1768258800,212.879,212.9785,212.879,212.919,49.75129810512561,44.270522477030276,,,
1768259100,212.919,212.9565,212.9135,212.9535,55.373582867396934,44.17329662249665,,,
1768259400,212.9535,212.968,212.944,212.9575,55.98844854266919,45.513734070478435,,,
1768259700,212.9575,212.977,212.922,212.9295,50.720357649948596,46.99544580538491,,,
1768260000,212.9295,212.931,212.681,212.8125,35.632840327442295,46.883752796869544,,,
1768260300,212.8125,212.8825,212.798,212.8365,39.60173866511334,46.74212633457118,,,
1768260600,212.8365,212.864,212.7845,212.851,41.93137749820033,46.71300740471855,,,
1768260900,212.851,212.851,212.7895,212.8005,36.63191479801776,46.36211284761187,,,
1768261200,212.8005,212.8235,212.791,212.804,37.2240857581488,45.870143435480095,,,
1768261500,212.804,212.804,212.6875,212.788,35.58688074300214,44.92890202570716,,,
1768261800,212.788,212.7925,212.714,212.73,30.37199251307557,43.44567915870579,,,
1768262100,212.73,212.7815,212.708,212.734,31.121635682362665,42.064399670526875,,,
1768262400,212.734,212.8125,212.732,212.766,36.9682525904844,41.34075959084998,,,
1768262700,212.766,212.807,212.725,212.803,42.99359705650395,41.42128591410655,,,
1768263000,212.803,212.8595,212.7885,212.8595,50.73766159420634,41.49174044904088,,,
1768263300,212.8595,212.943,212.859,212.9235,57.74066300832403,41.66081760196425,,,
1768263600,212.9235,212.9355,212.899,212.922,57.534224163447945,41.77123014630559,,,
1768263900,212.922,212.9275,212.8595,212.8695,50.70164833311639,41.769893766531865,,,
1768264200,212.8695,212.912,212.8455,212.8865,52.662036494114254,42.98626492129415,,,
1768264500,212.8865,212.9345,212.86,212.9285,57.19129223319586,44.24266160472861,,,
1768264800,212.9285,212.9975,212.9075,212.9905,62.843059866818166,45.73635320248703,,,
1768265100,212.9905,213.035,212.9515,213.034,66.21343661557228,47.84931904659806,,,
1768265400,213.034,213.179,213.03,213.1385,72.63505871839007,50.37867425804387,,,
1768265700,213.1385,213.185,213.102,213.1435,72.90045880524406,53.04392983391829,,,
1768266000,213.1435,213.183,213.1395,213.178,74.72217225288692,56.211799815333386,,,
1768266300,213.178,213.224,213.176,213.194,75.54328321722798,59.384774639252335,,,
1768266600,213.194,213.2515,213.1935,213.195,75.59663838102428,62.14394505286232,,,
1768266900,213.195,213.3015,213.191,213.271,79.29386174132216,64.7368211017779,,,
1768267200,213.271,213.35,213.2695,213.346,82.16544074067946,66.98166246938312,,,
1768267500,213.346,213.399,213.3455,213.3855,83.4659721335347,68.81918454975532,,,
1768267800,213.3855,213.442,213.3835,213.42,84.5272581025301,70.7472584025469,,,
1768268100,213.42,213.444,213.401,213.411,83.02999925161197,73.05642632529658,,,
1768268400,213.411,213.448,213.397,213.429,83.6536418836275,75.27011242454753,,,
1768268700,213.429,213.487,213.428,213.4665,84.89875851127003,77.2492171586957,,,
1768269000,213.4665,213.484,213.4355,213.483,85.42482444347002,78.86220034274224,,,
1768269300,213.483,213.4965,213.4575,213.484,85.4578884696173,80.23680404660261,,,
1768269600,213.484,213.5085,213.459,213.4895,85.65069431724797,81.16649230366389,,,
1768269900,213.4895,213.526,213.4525,213.4765,82.85445746883596,81.87749220820616,,,
1768270200,213.4765,213.4785,213.3835,213.3845,66.34659432456539,81.27923664189748,,,
1768270500,213.3845,213.453,213.3525,213.453,70.98238781706428,80.95345839902866,,,
1768270800,213.453,213.5105,213.4415,213.505,73.91942641999569,80.83365754466946,,,
1768271100,213.505,213.636,213.479,213.612,78.69741769127828,80.79105439823776,,,
1768271400,213.612,213.657,213.609,213.6555,80.27918715706724,80.65632199940832,,,
1768271700,213.6555,213.6895,213.64,213.6855,81.30990349630792,80.50231709674927,,,
1768272000,213.6855,213.7555,213.6785,213.735,82.89817731173699,80.38595418312119,,,
1768272300,213.735,213.8115,213.735,213.771,83.96539746225957,80.45276834102458,,,
1768272600,213.771,213.8075,213.771,213.7955,84.66668472312345,80.52512854384572,,,
1768272900,213.7955,213.799,213.7655,213.7735,81.23109467283905,80.26315255538637,,,
1768273200,213.7735,213.83,213.7575,213.822,82.88034829917063,80.08140425936497,,,
1768273500,213.822,213.878,213.821,213.8465,83.66138728374654,79.95308274608851,,,
1768273800,213.8465,213.8605,213.7965,213.8275,80.59070460127792,79.5916549092335,,,
1768274100,213.8275,213.837,213.8035,213.817,78.86792129907121,79.30690232567886,,,
1768274400,213.817,213.8805,213.812,213.8665,80.93683033928878,80.34906204101625,,,
1768274700,213.8665,213.8745,213.8515,213.8665,80.93683033928878,81.06009364974658,,,
1768275000,213.8665,213.886,213.85,213.876,81.34338578449157,81.59037646149626,,,
1768275300,213.876,213.922,213.874,213.91,82.76045319125858,81.88059328292343,,,
1768275600,213.91,213.9365,213.898,213.907,82.16741274855274,82.0154665394581,,,
1768275900,213.907,213.923,213.8595,213.8795,76.73899010780337,81.6889727259935,,,
1768276200,213.8795,213.931,213.8765,213.892,77.46767871341757,81.30107996897068,,,
1768276500,213.892,213.945,213.866,213.927,79.412418333903,80.97586717408807,,,
1768276800,213.927,213.989,213.922,213.9705,81.54442695991165,80.75284876243008,,,
1768277100,213.9705,213.9945,213.961,213.976,81.80104558608775,80.79355954194784,,,
1768277400,213.976,213.9995,213.972,213.9915,82.53794739958511,80.76910233483459,,,
1768277700,213.9915,214.0595,213.9475,213.974,78.66504954747356,80.41222106795796,,,
1768278000,213.974,213.975,213.7415,213.9005,64.8925911864113,79.29092725261035,,,
1768278300,213.9005,213.908,213.808,213.857,58.378292912133865,77.82738236782912,,,
1768278600,213.857,213.8985,213.817,213.894,61.88327093823495,76.46641383918241,,,
1768278900,213.894,213.905,213.834,213.897,62.16150066490726,75.12531886244086,,,
1768279200,213.897,213.939,213.885,213.898,62.26038983731826,73.76224772335706,,,
1768279500,213.898,213.9555,213.8965,213.9395,66.20740798653728,72.57988735159127,,,
1768279800,213.9395,214.0205,213.9215,214.0185,72.17354557629753,71.86603969643018,,,
1768280100,214.0185,214.027,213.856,213.862,52.42675001566031,70.12945111841995,,,
1768280400,213.862,213.965,213.842,213.964,60.09085619735541,68.8882495101298,,,
1768280700,213.964,213.986,213.942,213.9445,58.161753681736926,67.37034489211794,,,
1768281000,213.9445,213.9475,213.8955,213.9145,55.22444491605485,65.49034617469961,,,
1768281300,213.9145,213.9485,213.8885,213.912,54.975282224638136,63.574220220310345,,,
1768281600,213.912,213.913,213.8685,213.9005,53.77340066581124,61.51960973932649,,,
1768281900,213.9005,213.9695,213.8885,213.9695,59.49524625807332,60.15033807579789,,,
1768282200,213.9695,213.9735,213.905,213.9175,54.064093136831254,59.37687392939932,,,
1768282500,213.9175,213.9335,213.8815,213.9125,53.55782100243381,59.032554507277894,,,
1768282800,213.9125,213.949,213.912,213.948,56.6609346058595,58.65953048353679,,,
1768283100,213.948,213.983,213.9205,213.961,57.773610599604496,58.346109764586586,,,
1768283400,213.961,213.968,213.939,213.9465,56.04523855989259,57.90217038762761,,,
1768283700,213.9465,213.949,213.8815,213.919,52.81794411944403,56.94578011140667,,,
1768284000,213.919,214.0125,213.9175,213.9675,57.469459852754454,55.89548827401073,,,
1768284300,213.9675,214.0365,213.9655,214.011,61.167294478458246,56.51981287849629,,,
1768284600,214.011,214.045,213.984,214.0055,60.45162469724126,56.54558205705956,,,
1768284900,214.0055,214.0235,213.958,213.977,56.74652792004994,56.44449450265335,,,
1768285200,213.977,214.003,213.956,213.986,57.629680317729076,56.61629703134437,,,
1768285500,213.986,214.084,213.9825,214.075,65.19730712050733,57.346441666763596,,,
1768285800,214.075,214.076,213.9985,214.0465,61.41454738052866,57.892237860671976,,,
1768286100,214.0465,214.0735,214.0265,214.0275,58.95859658485486,57.85390574115637,,,
1768286400,214.0275,214.065,214.001,214.012,56.957526464049096,58.060579550243354,,,
1768286700,214.012,214.044,214.0015,214.0065,56.22826124917203,58.25132528215323,,,
1768287000,214.0065,214.0265,213.938,213.939,48.09026772941473,57.63913479097861,,,
1768287300,213.939,213.941,213.866,213.8985,43.977543529620775,56.653701428836904,,,
1768287600,213.8985,213.9485,213.8545,213.8765,41.882204669643244,55.64205615096195,,,
1768287900,213.8765,213.9305,213.8685,213.8845,42.946729593134435,54.93696939908269,,,
1768288200,213.8845,213.961,213.8845,213.9575,51.64963080622255,54.521267324330424,,,
1768288500,213.9575,213.9775,213.9295,213.9765,53.63214339919221,53.98304224723999,,,
1768288800,213.9765,213.997,213.9205,213.9205,47.45588639834689,53.054775225890396,,,
1768289100,213.9205,213.93,213.865,213.909,46.27729658640264,52.306972987772724,,,
1768289400,213.909,213.931,213.871,213.929,48.66511882531678,51.666647166886136,,,
1768289700,213.929,213.942,213.8705,213.8715,42.778186591134364,50.06528141478806,,,
1768290000,213.8715,213.9345,213.855,213.9255,49.01578721923193,49.17965568898115,,,
1768290300,213.9255,213.9665,213.9135,213.965,53.04761202421215,48.75744250607811,,,
1768290600,213.965,213.9935,213.931,213.9585,52.31446901048699,48.42579554510938,,,
1768290900,213.9585,214.07,213.9585,214.052,60.72338240825251,48.74687562790084,,,
1768291200,214.052,214.081,213.967,213.9955,54.47236112657297,49.20273944198357,,,
1768291500,213.9955,214.089,213.9955,214.049,58.79757707852599,50.26131326690537,,,
1768291800,214.049,214.0995,214.0355,214.0605,59.68419548009604,51.53288403908057,,,
1768292100,214.0605,214.084,214.0155,214.0285,56.06867286004357,52.47016570100266,,,
1768292400,214.0285,214.0895,214.0145,214.057,58.48101042488908,52.95812138805026,,,
1768292700,214.057,214.0845,214.0425,214.0515,57.82114862989478,53.25733604738616,,,
1768293000,214.0515,214.082,214.0405,214.059,58.50865836444791,54.04681975925052,,,
1768293300,214.059,214.142,214.0445,214.137,64.91392125939953,55.378007235893186,,,
1768293600,214.137,214.14,214.102,214.14,65.13684560272323,56.55455914856508,,,
1768293900,214.14,214.168,214.1025,214.164,66.94618059552673,58.28084443459311,,,
1768294200,214.164,214.2705,214.1565,214.223,70.93906986884842,59.84679319527999,,,
1768294500,214.223,214.296,214.181,214.1865,65.65510801827472,60.74732862342732,,,
1768294800,214.1865,214.2495,214.128,214.238,69.14707100127106,61.94965733705476,,,
1768295100,214.238,214.266,214.2145,214.266,70.88057842580173,62.67517133830827,,,
1768295400,214.266,214.2915,214.1865,214.2155,63.90641975175612,63.3490326686785,,,
1768295700,214.2155,214.2155,214.1395,214.1425,55.41791970206037,63.10762857035952,,,
1768296000,214.1425,214.1975,214.1385,214.167,57.46017519355853,62.94876997846399,,,
1768296300,214.167,214.2145,214.161,214.195,59.73057232998583,63.210334226317,,,
1768296600,214.195,214.2155,214.1495,214.204,60.461039236210596,63.35176485569712,,,
1768296900,214.204,214.207,214.138,214.157,54.86406740704717,63.14054476835086,,,
1768297200,214.157,214.1725,214.129,214.146,53.613150809275666,62.790865657267126,,,
1768297500,214.146,214.179,214.137,214.158,54.82327065691131,62.07010489994654,,,
1768297800,214.158,214.188,214.1355,214.1545,54.377690593731884,61.30159382787573,,,
1768298100,214.1545,214.2065,214.1505,214.1995,58.992495097714915,60.73347343517488,,,
1768298400,214.1995,214.2705,214.1945,214.2635,64.49343439772969,60.27307090152355,,,
1768298700,214.2635,214.2645,214.185,214.2025,56.68796668775771,59.632560806486616,,,
1768299000,214.2025,214.2145,214.173,214.1935,55.61842076131241,58.66622864648957,,,
1768299300,214.1935,214.218,214.148,214.1525,50.90640219246802,57.239501772680015,,,
1768299600,214.1525,214.159,214.1035,214.12,47.4730403659836,56.06568895941056,,,
1768299900,214.12,214.1225,214.0675,214.073,42.96055098573623,55.17587690824455,,,
1768300200,214.073,214.1015,214.027,214.027,39.048388216157086,53.86074926700159,,,
1768300500,214.027,214.0685,214.009,214.0595,42.997940206492714,52.66556125818064,,,
1768300800,214.0595,214.123,214.0385,214.0435,41.56982850217768,51.316189062892576,,,
1768301100,214.0435,214.0705,214.0155,214.025,39.91889541431083,50.24867677769712,,,
1768301400,214.025,214.029,213.9785,213.98,36.15729515216638,49.00182994504645,,,
1768301700,213.98,213.997,213.935,213.937,32.96107879913721,47.4402448123483,,,
1768302000,213.937,213.9715,213.9045,213.944,33.98414272179271,45.983562821495504,,,
1768302300,213.944,214.008,213.943,214.0065,42.431609649868,44.80064243236358,,,
1768302600,214.0065,214.046,213.993,214.025,44.68779911344891,43.3859541977721,,,
1768302900,214.025,214.0735,214.0185,214.0715,49.99284931619232,42.907731528374576,,,
1768303200,214.0715,214.1095,214.0485,214.067,49.49808180739913,42.47056446023792,,,
1768303500,214.067,214.092,214.0615,214.083,51.341991978844995,42.501678016407695,,,
1768303800,214.083,214.0875,214.0035,214.0125,43.760302114032115,42.23648242698259,,,
1768304100,214.0125,214.061,214.0085,214.0405,47.101413583424616,42.53225832681748,,,
1768304400,214.0405,214.0645,214.0285,214.041,47.16177964248503,43.11178628584089,,,
1768304700,214.041,214.06,214.013,214.0575,49.2211307904613,43.556299898981514,,,
1768305000,214.0575,214.0575,214.006,214.0365,46.72508603590175,43.924532579961806,,,
1768305300,214.0365,214.0385,213.975,214.0235,45.19709759461838,44.30154702141234,,,
1768305600,214.0235,214.034,213.984,214.0215,44.953538043883846,44.92985008510645,,,
1768305900,214.0215,214.043,214.0095,214.015,44.12136884042639,45.72701365948425,,,
1768306200,214.015,214.017,213.9785,214,42.18081663571619,46.312490367621635,,,
1768306500,214,214.0275,214,214.019,45.45340245329452,46.52833271072353,,,
1768306800,214.019,214.0455,214.019,214.037,48.43129422713009,46.79572521884361,,,
1768307100,214.037,214.0505,214.0175,214.0265,46.82537397069358,46.56947697987942,,,
1768307400,214.0265,214.0455,213.9785,213.9795,40.37219761432339,45.917628108945436,,,
1768307700,213.9795,214.0285,213.9785,213.984,41.20763242660912,45.19374528378574,,,
1768308000,213.984,213.984,213.9325,213.9535,37.3844360389544,44.73832627842303,,,
1768308300,213.9535,213.9595,213.8795,213.8955,31.415397983891324,43.61789659274209,,,
1768308600,213.8955,213.953,213.892,213.9225,36.49838216528779,42.856225344370856,,,
1768308900,213.9225,213.9225,213.867,213.89,33.29925883704571,41.71894877626975,,,
1768309200,213.89,213.89,213.806,213.842,29.224951983027637,40.46893920106446,,,
1768309500,213.842,213.8425,213.777,213.7845,25.240818409148318,39.04349068781659,,,
1768309800,213.7845,213.8225,213.7785,213.814,30.477367140605253,38.00947848043955,,,
1768310100,213.814,213.826,213.772,213.8135,30.43845045708288,37.03212716734358,,,
1768310400,213.8135,213.8365,213.7815,213.8235,32.300363489731126,36.32638051405894,,,
1768310700,213.8235,213.8495,213.792,213.8255,32.6884196749951,35.414596029894696,,,
1768311000,213.8255,214.0905,213.8115,213.93,49.104190418087654,35.46266004353453,,,
1768311300,213.93,214.021,213.917,213.964,53.110924083724456,35.911627908751015,,,
1768311600,213.964,213.9995,213.924,213.97,53.80209859254672,36.87090655005269,,,
1768311900,213.97,214.0335,213.944,214.0025,57.4599869911227,38.03178901894652,,,
1768312200,214.0025,214.0785,213.9925,214.0715,63.98068472752592,39.93152106813019,,,
1768312500,214.0715,214.11,214.067,214.095,65.89794242052756,42.39455995646135,,,
1768312800,214.095,214.146,213.964,213.99,52.46131366690538,43.534769349434036,,,
1768313100,213.99,214.0625,213.9535,214.0535,58.034232788887024,45.30155320313698,,,
1768313400,214.0535,214.104,214.0125,214.075,59.75452430268669,47.4822369402555,,,
1768313700,214.075,214.084,213.951,213.957,48.1003103014807,49.115057789707805,,,
1768314000,213.957,213.998,213.9295,213.9575,48.14645940736971,50.37713580876242,,,
1768314300,213.9575,214.0075,213.943,213.963,48.68696919856384,51.68060143315391,,,
1768314600,213.963,214.03,213.9445,214.0185,53.90810177532764,53.224011310696525,,,
1768314900,214.0185,214.066,213.962,213.998,51.81106923125113,54.58991485042909,,,
1768315200,213.998,214.004,213.8555,213.8635,40.64074260344191,53.98538286366868,,,
1768315500,213.8635,213.9175,213.834,213.844,39.31724427082958,53.000120019890474,,,
1768315800,213.844,213.897,213.8225,213.8635,41.373332081552334,52.112350983390876,,,
1768316100,213.8635,213.89,213.8145,213.875,42.60834924325853,51.0515197156863,,,
1768316400,213.875,213.8915,213.762,213.8115,37.86508533063214,49.18611975876531,,,
1768316700,213.8115,213.921,213.77,213.92,48.42907964349597,47.93834384612019,,,
1768317000,213.92,213.975,213.839,213.8865,45.83779047439001,47.46523504665481,,,
1768317300,213.8865,213.899,213.7395,213.7505,37.147763560821936,45.973344387507304,,,
1768317600,213.7505,213.7755,213.6775,213.6915,34.12523199208664,44.14268065103587,,,
1768317900,213.6915,213.746,213.6915,213.709,35.793957090385916,43.263655421671956,,,
1768318200,213.709,213.7455,213.61,213.7365,38.433271358764614,42.569856275343014,,,
1768318500,213.7365,213.7925,213.704,213.7085,36.77564910432607,41.71904769718317,,,
1768318800,213.7085,213.7335,213.6855,213.725,38.460051842588726,40.6156155591304,,,
1768319100,213.725,213.788,213.721,213.723,38.326762804657854,39.65245081437373,,,
1768319400,213.723,213.766,213.6655,213.679,35.418571488684194,39.27943859189104,,,
1768319700,213.679,213.695,213.538,213.6315,32.54737801113028,38.79587671619822,,,
1768320000,213.6315,213.676,213.61,213.623,32.04673835027104,38.129691449678134,,,
1768320300,213.623,213.668,213.5995,213.604,30.902485472798702,37.293558323216715,,,
1768320600,213.604,213.7115,213.587,213.6835,40.478983608811646,37.48026534308668,,,
1768320900,213.6835,213.739,213.654,213.7335,45.58680915423077,37.27724602242488,,,
1768321200,213.7335,213.7695,213.7335,213.746,46.81559089035373,37.34708890927943,,,
1768321500,213.746,213.783,213.7285,213.759,48.127564842469376,38.131360429397105,,,
1768321800,213.759,213.8,213.7325,213.747,46.97560890004773,39.04924449425147,,,
1768322100,213.747,213.8155,213.74,213.804,52.7596738607036,40.26108140641702,,,
1768322400,213.804,213.8315,213.7465,213.758,48.190991227962954,40.95806139707405,,,
1768322700,213.758,213.7665,213.7225,213.726,45.255142623447355,41.5637395055827,,,
1768323000,213.726,213.7315,213.666,213.666,40.29794073819385,41.695017283840215,,,
1768323300,213.666,213.711,213.6635,213.6975,43.779753407395276,42.084516612607175,,,
1768323600,213.6975,213.769,213.6975,213.7225,46.44905337129317,42.872408175650676,,,
1768323900,213.7225,213.7245,213.6645,213.6645,41.523335481844356,43.51354799498739,,,
1768324200,213.6645,213.7315,213.6565,213.7245,47.701886419497704,44.63177285707501,,,
1768324500,213.7245,213.7275,213.6905,213.704,45.91678535801983,45.70422284887652,,,
1768324800,213.704,213.705,213.641,213.642,40.92825115841822,45.736313388134135,,,
1768325100,213.642,213.69,213.631,213.688,45.64648977449281,45.740576289581426,,,
1768325400,213.688,213.7005,213.613,213.6165,40.263271109547695,45.27255344809527,,,
1768325700,213.6165,213.6165,213.5765,213.581,37.87494492585894,44.54022345405168,,,
1768326000,213.581,213.584,213.526,213.526,34.464038743684014,43.646539871454266,,,
1768326300,213.526,213.61,213.503,213.6075,42.69896697078033,42.92791795074546,,,
1768326600,213.6075,213.6155,213.568,213.59,41.493311114060944,42.44951222832389,,,
1768326900,213.59,213.6455,213.5705,213.6305,45.339919026854616,42.455567685710115,,,
1768327200,213.6305,213.6355,213.501,213.506,37.23539710027279,42.23681456871576,,,
1768327500,213.506,213.562,213.506,213.5425,40.588342830377826,42.00885667035737,,,
1768327800,213.5425,213.5985,213.531,213.5965,45.24842855587576,41.923097754970414,,,
1768328100,213.5965,213.6285,213.589,213.6145,46.74784696850688,42.29627714687488,,,
1768328400,213.6145,213.6365,213.5965,213.628,47.90025894389294,42.31044661290311,,,
1768328700,213.628,213.6585,213.6165,213.6525,50.01439318033067,42.60313288592531,,,
1768329000,213.6525,213.6755,213.6405,213.669,51.443443168979066,43.3542180295368,,,
1768329300,213.669,213.719,213.669,213.6985,53.976831257096514,43.94924242115136,,,
1768329600,213.6985,213.7225,213.6905,213.7165,55.50237900865602,45.03775012823053,,,
1768329900,213.7165,213.759,213.7045,213.7465,58.0011156004195,46.47533374784199,,,
1768330200,213.7465,213.757,213.729,213.757,58.87163382829792,48.218733396742984,,,
1768330500,213.757,213.7635,213.7345,213.7495,57.94771654883156,49.30792979517521,,,
1768330800,213.7495,213.7525,213.6685,213.6735,49.474547953759874,49.878018140868,,,
1768331100,213.6735,213.6985,213.67,213.684,50.55035185946248,50.2501919146257,,,
1768331400,213.684,213.684,213.6605,213.6615,48.182834581695836,51.03215173472735,,,
1768331700,213.6615,213.6885,213.6615,213.677,49.922808745614,51.69889930010136,,,
1768332000,213.677,213.7195,213.6735,213.69,51.39691675509392,52.13807702861694,,,
1768332300,213.69,213.6985,213.6655,213.6975,52.26985731137803,52.53250633882203,,,
1768332600,213.6975,213.725,213.689,213.7155,54.38725756242857,52.99586338300315,,,
1768332900,213.7155,213.742,213.7155,213.742,57.3845902395901,53.5223060300931,,,
1768333200,213.742,213.76,213.71,213.7205,54.26874545601606,53.72411333631003,,,
1768333500,213.7205,213.7235,213.7005,213.72,54.19504734473249,53.7397001997126,,,
1768333800,213.72,213.7695,213.719,213.758,58.77694159337247,53.97359752719234,,,
1768334100,213.758,213.8045,213.757,213.7715,60.29642880655087,54.13754847048744,,,
1768334400,213.7715,213.7815,213.7365,213.7395,55.110876148877296,53.86892292195739,,,
1768334700,213.7395,213.758,213.729,213.75,56.43481233103337,53.760858334971815,,,
1768335000,213.75,213.763,213.735,213.751,56.56619834903344,54.26740479177706,,,
1768335300,213.751,213.762,213.7425,213.748,56.0203632985289,54.65811989456752,,,
1768335600,213.748,213.749,213.7175,213.7325,53.165848465436724,55.014049457691875,,,
1768335900,213.7325,213.7485,213.723,213.723,51.43591483256201,55.122128463902435,,,
1768336200,213.723,213.7335,213.702,213.7305,52.74323811077918,55.218294275022814,,,
1768336500,213.7305,213.773,213.7285,213.7705,59.07140633647521,55.704119205386895,,,
1768336800,213.7705,213.7875,213.7555,213.759,56.71976538603862,55.870726907073326,,,
1768337100,213.759,213.759,213.7335,213.7365,52.33025653871926,55.509703071296826,,,
1768337400,213.7365,213.7395,213.7045,213.7155,48.553463571162354,55.10146865095014,,,
1768337700,213.7155,213.727,213.688,213.7015,46.16155712446165,54.52764792093079,,,
1768338000,213.7015,213.72,213.6875,213.6905,44.314341446197055,53.4946050532754,,,
1768338300,213.6905,213.706,213.678,213.685,43.379629734222725,52.28626226239482,,,
1768338600,213.685,213.694,213.677,213.6855,43.49631128261842,51.45665048623348,,,
1768338900,213.6855,213.6955,213.6615,213.6775,42.00477836618704,50.425933774458734,,,
1768339200,213.6775,213.682,213.6605,213.682,43.184965562027045,49.470131432529705,,,
1768339500,213.682,213.7085,213.682,213.7025,48.34224048055759,48.921694088388904,,,
1768339800,213.7025,213.713,213.696,213.697,47.106765913812346,48.4889024775586,,,
1768340100,213.697,213.7,213.677,213.6775,42.918729073705265,47.88053206621168,,,
1768340400,213.6775,213.697,213.6745,213.6875,45.590223182167705,47.36960242845372,,,
1768340700,213.6875,213.6945,213.6845,213.692,46.79691019520165,46.49285270407704,,,
1768341000,213.692,213.7005,213.6775,213.7005,49.09349289473336,45.94811895469809,,,
1768341300,213.7005,213.701,213.576,213.576,29.206752253519824,44.29644007718384,,,
1768341600,213.576,213.6475,213.5585,213.636,41.50457339545661,43.79294792177628,,,
1768341900,213.636,213.678,213.626,213.662,45.89101641933686,43.773623585695944,,,
1768342200,213.662,213.6915,213.619,213.683,49.204225168450684,44.12290099442834,,,
1768342500,213.683,213.683,213.5955,213.6125,40.28583784828684,43.90191585971864,,,
1768342800,213.6125,213.628,213.6125,213.6165,40.939921820959796,43.719316612457305,,,
1768343100,213.6165,213.6345,213.5715,213.594,38.392451027493266,43.46129323112204,,,
1768343400,213.594,213.6035,213.579,213.589,37.82912391021432,43.078733113135414,,,
1768343700,213.589,213.6025,213.575,213.601,40.100726216061716,42.49005352281428,,,
1768344000,213.601,213.601,213.5905,213.596,39.453869108286725,41.9434180367053,,,
1768344300,213.596,213.6565,213.5945,213.643,47.95282904702999,42.30299660622851,,,
1768344600,213.643,213.6595,213.635,213.6395,47.41901890516114,42.43362487215661,,,
1768344900,213.6395,213.6395,213.583,213.6055,42.472741830821334,42.1247557032723,,,
1768345200,213.6055,213.6475,213.5965,213.603,42.12479772834102,41.6269917628157,,,
1768345500,213.603,213.6785,213.603,213.6785,54.30068234437539,43.419415340733956,,,
1768345800,213.6785,213.693,213.649,213.6605,51.51791731748536,44.13465419230744,,,
1768346100,213.6605,213.671,213.6505,213.6525,50.28450690442515,44.44847494124232,,,
1768346400,213.6525,213.6705,213.652,213.67,52.93877788530344,44.71522870673181,,,
1768346700,213.67,213.6705,213.6565,213.6605,51.33645647553124,45.50455860867783,,,
1768347000,213.6605,213.737,213.6595,213.732,60.92303564292977,46.931923881675694,,,
1768347300,213.732,213.7585,213.7125,213.757,63.6215386710608,48.734001570501945,,,
1768347600,213.757,213.757,213.7165,213.7435,61.16521800489275,50.40086543440754,,,
1768347900,213.7435,213.746,213.707,213.712,55.75600582318887,51.51909969205948,,,
1768348200,213.712,213.75,213.6915,213.744,59.65901928586208,52.96232470474343,,,
1768348500,213.744,213.744,213.721,213.7405,59.04549013239834,53.7546576394126,,,
1768348800,213.7405,213.783,213.695,213.77,62.54205579068341,54.834874559807055,,,
1768349100,213.77,213.7775,213.726,213.7615,60.927927846505725,56.153102132355926,,,
1768349400,213.7615,213.791,213.7595,213.7665,61.55645635180324,57.54107774831751,,,
1768349700,213.7665,213.7795,213.674,213.675,46.73899825748621,57.00095745639686,,,
1768350000,213.675,213.684,213.623,213.627,41.143869813334675,56.25995406324324,,,
1768350300,213.627,213.6995,213.5865,213.637,42.68328372892612,55.717009550707594,,,
1768350600,213.637,213.6755,213.619,213.6515,44.93240314293353,55.14512564053832,,,
1768350900,213.6515,213.673,213.6355,213.657,45.80116458691887,54.749747648494576,,,
1768351200,213.657,213.706,213.646,213.694,51.36043517124365,54.066704757659856,,,
1768351500,213.694,213.7135,213.66,213.7005,52.28634116371677,53.25704779284957,,,
1768351800,213.7005,213.736,213.6405,213.73,56.347754117643056,52.91294322947459,,,
1768352100,213.73,213.774,213.695,213.7535,59.318477129169494,53.16740546561606,,,
1768352400,213.7535,213.851,213.7515,213.8355,67.60335753970834,53.73485819803365,,,
1768352700,213.8355,213.8915,213.825,213.8885,71.62555281534,54.63343410395806,,,
1768353000,213.8885,213.937,213.858,213.9265,74.10769300579614,55.459551047894685,,,
1768353300,213.9265,213.992,213.9255,213.989,77.5813674984544,56.6490824516053,,,
1768353600,213.989,213.991,213.9255,213.9275,67.92472715984175,57.103958937893765,,,
1768353900,213.9275,213.946,213.909,213.936,68.50816565120931,58.65889946601684,,,
1768354200,213.936,214.0115,213.936,214.003,72.72032229612893,60.914360357645,,,
1768354500,214.003,214.0035,213.9415,213.961,66.6978150201416,62.62968402130325,,,
1768354800,213.961,213.961,213.9025,213.9335,63.01777380877055,63.921496211720175,,,
1768355100,213.9335,213.9405,213.849,213.882,56.707596869251404,64.70052708902965,,,
1768355400,213.882,213.8925,213.8375,213.85,53.14652463535048,64.82810490789441,,,
1768355700,213.85,213.876,213.8315,213.876,55.58691091024366,65.0638598897892,,,
1768356000,213.876,213.9075,213.848,213.882,56.15446173007062,65.05005329067687,,,
1768356300,213.882,213.957,213.882,213.9255,60.13222108310248,65.10817785881495,,,
1768356600,213.9255,213.9565,213.89,213.953,62.45140359323212,64.74018114835236,,,
1768356900,213.953,213.9705,213.9385,213.9425,60.992486826144884,63.98067643483843,,,
1768357200,213.9425,213.9675,213.916,213.9625,62.776236756817774,63.17128670276855,,,
1768357500,213.9625,213.9655,213.848,213.88,52.17702325625275,61.35669068546843,,,
1768357800,213.88,213.9095,213.854,213.8985,54.050555166786644,60.365678400250204,,,
1768358100,213.8985,213.9455,213.8975,213.929,57.03878398081343,59.54643685236478,,,
1768358400,213.929,213.999,213.927,213.981,61.62137575108462,58.753654956290184,,,
1768358700,213.981,213.9895,213.9175,213.921,54.409592455432374,57.87592477309666,,,
1768359000,213.921,213.9345,213.8845,213.931,55.34756443269703,57.3280526748057,,,
1768359300,213.931,213.959,213.9085,213.9085,52.71939126198396,57.04318084571516,,,
1768359600,213.9085,213.925,213.843,213.8485,46.39293221365699,56.56078138702277,,,
1768359900,213.8485,213.9175,213.8315,213.9165,53.2414102076212,56.393245622549735,,,
1768360200,213.9165,213.938,213.903,213.9055,52.08228461660755,56.10237582873095,,,
1768360500,213.9055,213.9705,213.9025,213.9405,55.40880435050852,55.764988919259956,,,
1768360800,213.9405,213.9755,213.938,213.9605,57.23573332788293,55.39244104316358,,,
1768361100,213.9605,213.981,213.9535,213.98,58.99953841921119,55.250087585525456,,,
1768361400,213.98,214.009,213.96,213.996,60.441262140803104,55.083303684381555,,,
1768361700,213.996,213.996,213.911,213.913,50.5174695342881,54.96476413281265,,,
1768362000,213.913,213.96,213.88,213.919,51.141977356745166,54.757008574952536,,,
1768362300,213.919,213.9405,213.9095,213.934,52.74756803988554,54.45049315060055,,,
1768362600,213.934,214.0055,213.933,214.003,59.363064188534906,54.289185181847,,,
1768362900,214.003,214.003,213.96,213.993,58.09365239187506,54.55233232016434,,,
1768363200,213.993,214.0105,213.9645,213.997,58.476149811723545,54.77580270438051,,,
1768363500,213.997,214.04,213.9955,213.9965,58.4043887462522,55.18187395325682,,,
1768363800,213.9965,214.011,213.991,214.009,59.73473698949449,56.13486000867378,,,
1768364100,214.009,214.027,213.9765,213.988,56.46728864963502,56.36527989738905,,,
1768364400,213.988,214.032,213.986,214.015,59.53221708517452,56.897417930858126,,,
1768364700,214.015,214.033,213.9975,214.016,59.64553982930562,57.20004189362935,,,
1768365000,214.016,214.018,213.98,214.015,59.46620585047281,57.35936135952863,,,
1768365300,214.015,214.03,213.999,214.0235,60.55191657471782,57.47024551349339,,,
1768365600,214.0235,214.024,213.9955,213.9995,55.99158295791891,57.15241128614451,,,
1768365900,213.9995,214.031,213.9945,214.013,57.91174064992248,57.680573508689825,,,
1768366200,214.013,214.028,213.959,214.003,55.9638713477679,58.0249945080486,,,
1768366500,214.003,214.0185,213.963,213.969,49.82732061123835,57.816405406002374,,,
1768366800,213.969,213.9785,213.949,213.972,50.34470010313606,57.1722365427596,,,
1768367100,213.972,213.994,213.9495,213.9625,48.6343992773457,56.496575606007504,,,
1768367400,213.9625,214.021,213.959,214.0035,55.6387440543804,56.293903766197275,,,
1768367700,214.0035,214.0305,213.973,214.0295,59.41797181873042,56.36630255708858,,,
1768368000,214.0295,214.062,214.027,214.0575,63.067045640178954,56.60432460356604,,,
1768368300,214.0575,214.0655,214.024,214.0595,63.32074887752971,57.09385747698709,,,
1768368600,214.0595,214.0715,214.039,214.067,64.3108157562864,57.435185953495086,,,
1768368900,214.067,214.1125,214.063,214.064,63.57163251696056,57.71562114547044,,,
1768369200,214.064,214.0855,214.044,214.0855,66.53986347031318,58.22088240403048,,,
1768369500,214.0855,214.1035,214.06,214.0845,66.26939464950085,58.62927369508641,,,
1768369800,214.0845,214.101,214.072,214.082,65.55201992196807,59.31216204966135,,,
1768370100,214.082,214.086,214.066,214.077,64.05845465355824,59.75121304992105,,,
1768370400,214.077,214.0955,214.0405,214.042,54.66860123408221,59.65869375608635,,,
1768370700,214.042,214.056,213.9825,214.006,47.03207822673712,59.459033585764836,,,
1768371000,214.006,214.019,213.9605,214.019,49.76119749923409,59.417354828343264,,,
1768371300,214.019,214.0505,214.0065,214.038,53.52978976225289,59.76702557726521,,,
1768371600,214.038,214.0575,214.017,214.041,54.11506790238332,59.65819156640828,,,
1768371900,214.041,214.066,214.015,214.066,58.774731813428446,59.61224585174386,,,
1768372200,214.066,214.0975,214.063,214.082,61.47142828555682,59.49827318355657,,,
1768372500,214.082,214.082,214.0375,214.0465,53.16213571141352,58.77265795740541,,,
1768372800,214.0465,214.0475,213.908,213.9735,40.91461014524849,57.101500413759844,,,
1768373100,213.9735,214.0095,213.9615,213.9855,43.22991687632204,55.648520725142816,,,
1768373400,213.9855,214.035,213.9565,214.0255,50.23079562008238,54.48358730726919,,,
1768373700,214.0255,214.044,213.991,214.0035,46.811527103292214,53.093739625397134,,,
1768374000,214.0035,214.0365,213.9725,214.023,50.05669409968706,51.986930638091344,,,
1768374300,214.023,214.035,213.9995,214.0265,50.63882828783506,51.02838589768255,,,
1768374600,214.0265,214.0685,214.02,214.046,53.86527853661516,50.971005705006334,,,
1768374900,214.046,214.0475,213.9785,213.983,43.884933073380694,50.746209622623724,,,
1768375200,213.983,214.0235,213.951,214.0075,47.925756318086776,50.615106681113204,,,
1768375500,214.0075,214.035,213.9745,214.003,47.252705034908836,50.166743486302906,,,
1768375800,214.003,214.0325,213.9955,214.0165,49.54206756436628,49.84010060501597,,,
1768376100,214.0165,214.0295,214.001,214.014,49.11692317237732,49.15025713065518,,,
1768376400,214.014,214.049,214.0035,214.0275,51.5355245039918,48.440549717686245,,,
1768376700,214.0275,214.034,213.9955,214.005,47.48440240541777,48.03499733868655,,,
1768377000,214.005,214.0055,213.893,213.893,33.406913977008784,47.498733326669424,,,
1768377300,213.893,213.9315,213.859,213.926,39.13274490264769,47.20607818569268,,,
1768377600,213.926,213.9515,213.8685,213.8805,34.702277937957064,46.09689835125516,,,
1768377900,213.8805,213.9195,213.7795,213.876,34.28880476383053,45.20241818415076,,,
1768378200,213.876,213.916,213.824,213.887,36.287197835139516,44.218882736683085,,,
1768378500,213.887,213.932,213.865,213.886,36.17947795963759,43.18607199895469,,,
1768378800,213.886,213.9095,213.828,213.829,30.602935249451875,41.5244760498716,,,
1768379100,213.829,213.832,213.773,213.802,28.37209851277383,40.41641643839968,,,
1768379400,213.802,213.824,213.6025,213.649,19.63666050442282,38.39576673742369,,,
1768379700,213.649,213.7805,213.567,213.7745,36.82007018256519,37.65057853368485,,,
1768380000,213.7745,213.7955,213.732,213.7715,36.618505611773955,36.727466965642556,,,
1768380300,213.7715,213.8655,213.7615,213.825,42.64818177062746,36.2654140083747,,,
1768380600,213.825,213.839,213.7135,213.7595,37.89498830110569,35.291089993882835,,,
1768380900,213.7595,213.7655,213.7025,213.758,37.791113715419336,34.59871223031153,,,
1768381200,213.758,213.7655,213.707,213.753,37.422876126794314,34.88556666958192,,,
1768381500,213.753,213.753,213.642,213.645,30.507919591567955,34.269507718790514,,,
1768381800,213.645,213.676,213.632,213.6525,31.455136409424384,34.03756903818103,,,
1768382100,213.6525,213.6825,213.583,213.592,28.12483963789171,33.597285814899685,,,
1768382400,213.592,213.611,213.4645,213.579,27.45226239918898,32.96621899804608,,,
1768382700,213.579,213.6395,213.569,213.6295,34.05006326340505,32.814117948315186,,,
1768383000,213.6295,213.7355,213.6265,213.7355,45.295955921399816,33.863619424882906,,,
1768383300,213.7355,213.763,213.688,213.6905,42.020077806298595,34.8384750887061,,,
1768383600,213.6905,213.7015,213.6525,213.698,42.76305956115457,36.49036073561551,,,
1768383900,213.698,213.7145,213.6615,213.6855,41.80160901023856,36.84618493759218,,,
1768384200,213.6855,213.715,213.597,213.6105,36.49915482917299,36.83765988169211,,,
1768384500,213.6105,213.669,213.6075,213.646,40.35575189736974,36.67391489074513,,,
1768384800,213.646,213.646,213.5595,213.5595,34.808449097659235,36.45344780478467,,,
1768385100,213.5595,213.6305,213.5385,213.6305,41.871501939876744,36.744904106531635,,,
1768385400,213.6305,213.6385,213.5855,213.6255,41.53026021096782,37.038288683972596,,,
1768385700,213.6255,213.6415,213.579,213.6,39.75097237235443,37.69850673974306,,,
1768386000,213.6,213.6575,213.535,213.5915,39.14887835691049,38.248059735992065,,,
1768386300,213.5915,213.606,213.5165,213.5625,37.08502477743559,38.8880729602452,,,
1768386600,213.5625,213.5975,213.469,213.488,32.36467892040572,39.238959854617825,,,
1768386900,213.488,213.527,213.455,213.5,33.82575851488981,39.22293808686674,,,
1768387200,213.5,213.513,213.361,213.381,27.484937767359995,37.950722504435326,,,
1768387500,213.381,213.406,213.329,213.3865,28.155274828803627,36.960379434614254,,,
1768387800,213.3865,213.526,213.3825,213.5065,40.97561909941364,36.83270511591847,,,
1768388100,213.5065,213.519,213.4675,213.492,40.04572728478851,36.707284992672044,,,
1768388400,213.492,213.501,213.397,213.4565,37.78488611731043,36.79912294182471,,,
1768388700,213.4565,213.508,213.4435,213.501,42.190716703885776,36.93019185657586,,,
1768389000,213.501,213.514,213.4735,213.4925,41.5849413711613,37.414227018968866,,,
1768389300,213.4925,213.534,213.472,213.476,40.373125176567726,37.307200107303935,,,
1768389600,213.476,213.5075,213.4635,213.482,41.04589529927397,37.27260261361152,,,
1768389900,213.482,213.5105,213.4595,213.485,41.40190581649564,37.39052643105018,,,
1768390200,213.485,213.4965,213.4395,213.49,42.03023002054274,37.59633726416676,,,
1768390500,213.49,213.534,213.49,213.528,46.70722505090625,38.28363728370038,,,
1768390800,213.528,213.543,213.51,213.536,47.66453482646642,39.37648413413329,,,
1768391100,213.536,213.589,213.4975,213.538,47.916424083450735,40.382960246173354,,,
1768391400,213.538,213.5475,213.5225,213.5395,48.118109869972436,41.85675825350281,,,
1768391700,213.5395,213.5795,213.296,213.461,39.49800188521367,42.66695304324639,,,
1768392000,213.461,213.465,212.8325,213.1535,22.496679231151404,41.34702876694194,,,
1768392300,213.1535,213.326,213.085,213.311,37.36729281222937,41.15571201890201,,,
1768392600,213.311,213.4,213.3015,213.3865,43.01201953159109,41.52907869135062,,,
1768392900,213.3865,213.4195,213.362,213.398,43.84222803717305,41.64704378658543,,,
1768393200,213.398,213.462,213.3275,213.346,40.938062402888036,41.60083814599448,,,
1768393500,213.346,213.3735,213.3135,213.354,41.579223870669544,41.68698805271604,,,
1768393800,213.354,213.3615,213.253,213.2815,37.596005373944536,41.44056734376393,,,
1768394100,213.2815,213.2815,213.195,213.244,35.6914238380304,41.032675773873564,,,
1768394400,213.244,213.292,213.2145,213.231,35.02893050458441,40.53258295130511,,,
1768394700,213.231,213.269,213.2145,213.239,35.81844335476339,39.75481283015205,,,
1768395000,213.239,213.2705,213.1825,213.231,35.3557598191927,38.87561461534678,,,
1768395300,213.231,213.2985,213.2085,213.2975,42.05616291471648,38.45702453186576,,,
1768395600,213.2975,213.3315,213.21,213.2255,37.521483114680606,37.700122620773485,,,
1768395900,213.2255,213.231,213.157,213.2245,37.46106748368467,37.55462730637856,,,
1768396200,213.2245,213.2535,213.203,213.205,36.23581211763908,38.535993941127686,,,
1768396500,213.205,213.223,213.17,213.17,34.081151654862495,38.30126957274434,,,
1768396800,213.17,213.2955,213.1685,213.2645,43.798298292136614,38.35743234135474,,,
1768397100,213.2645,213.317,213.249,213.292,46.28000621773457,38.53155935425199,,,
1768397400,213.292,213.3785,213.271,213.3155,48.377775719790414,39.06296744831644,,,
1768397700,213.3155,213.3475,213.194,213.2625,44.186871300178275,39.249227978995634,,,
1768398000,213.2625,213.305,213.241,213.2475,43.05019436210029,39.63881290672104,,,
1768398300,213.2475,213.2675,213.217,213.256,43.93039891983479,40.227311126849926,,,
1768398600,213.256,213.3035,213.2345,213.249,43.33636985666572,40.82069965199859,,,
1768398900,213.249,213.251,213.193,213.2305,41.73034275334537,41.24297818046873,,,
1768399200,213.2305,213.3325,213.164,213.249,43.96665069923786,41.85804181475767,,,
1768399500,213.249,213.259,212.985,213.048,30.341632313899325,41.021289628985016,,,
1768399800,213.048,213.116,212.9445,213.017,28.85636164127945,40.40235238088493,,,
1768400100,213.017,213.1425,212.9315,212.9655,26.532673232480818,39.62175279151323,,,
1768400400,212.9655,213.0085,212.876,212.9945,29.953253153325605,39.172998579776554,,,
1768400700,212.9945,213.005,212.875,212.9065,25.9976797215014,38.59560772739361,,,
1768401000,212.9065,213.0565,212.8765,213.002,35.89194278318733,38.03086804818296,,,
1768401300,213.002,213.061,212.9005,212.932,32.46552797819905,37.044119602501844,,,
1768401600,212.932,213.059,212.9115,212.941,33.346566004277776,35.97046176567952,,,
1768401900,212.941,213.014,212.923,212.9795,37.125313565372,35.46606478462193,,,
1768402200,212.9795,212.986,212.9025,212.921,33.97360000821679,34.81773661648739,,,
1768402500,212.921,212.9305,212.868,212.8965,32.72076200112781,34.01704826515117,,,
1768402800,212.8965,213.0315,212.896,213.0265,44.43060273575865,34.09520775651495,,,
1768403100,213.0265,213.0895,212.9945,212.9945,42.47106174893083,34.14811625619963,,,
1768403400,212.9945,213.134,212.9475,213.096,50.0031520707268,34.5792949255917,,,
1768403700,213.096,213.096,212.955,212.9625,42.18070092474852,35.42494268350949,,,
1768404000,212.9625,213.018,212.9355,212.989,44.051733730253,36.51032640415046,,,
1768404300,212.989,213.039,212.8915,212.904,39.62268721959231,37.445327403229854,,,
1768404600,212.904,212.9255,212.864,212.8705,38.001051098684805,38.02017011361266,,,
1768404900,212.8705,212.871,212.77,212.798,34.691907970511636,38.64118641711338,,,
1768405200,212.798,212.845,212.7295,212.773,33.605199369687995,38.477847601863424,,,
1768405500,212.773,212.8065,212.7665,212.8055,36.39457568226765,38.75849386643976,,,
1768405800,212.8055,212.851,212.776,212.795,35.87025365092383,38.938757269771614,,,
1768406100,212.795,212.815,212.728,212.7745,34.81565959532651,38.77378198619694,,,
1768406400,212.7745,212.828,212.7435,212.8155,38.69755094221564,39.11120705291114,,,
1768406700,212.8155,212.819,212.7405,212.7475,34.97711505350826,39.27237512808118,,,
1768407000,212.7475,212.8265,212.743,212.8255,41.879654612593555,39.0901645478551,,,
1768407300,212.8255,212.8595,212.7935,212.8135,41.15581032138487,38.996218017316096,,,
1768407600,212.8135,212.871,212.786,212.861,45.193831139610616,38.65269509366494,,,
1768407900,212.861,212.8615,212.826,212.8325,43.27499484085845,38.73085894481566,,,
1768408200,212.8325,212.843,212.7815,212.7855,40.24067273730265,38.45864030246206,,,
1768408500,212.7855,212.797,212.7415,212.78,39.88820556835673,38.47760589880237,,,
1768408800,212.78,212.781,212.6835,212.6955,34.83925620595063,38.25176340646421,,,
1768409100,212.6955,212.6955,212.6195,212.634,31.69478635853845,38.03768329132327,,,
1768409400,212.634,212.657,212.589,212.5975,29.966118772679508,37.777748962965525,,,
1768409700,212.5975,212.631,212.57,212.5965,29.917974163939775,37.315134568799245,,,
1768410000,212.5965,212.617,212.5595,212.572,28.701312859708196,36.8030673694267,,,
1768410300,212.572,212.6335,212.555,212.622,34.55095662843814,36.78416001464897,,,
1768410600,212.622,212.6685,212.6205,212.661,38.770703881702666,36.78938522461232,,,
1768410900,212.661,212.6885,212.6175,212.65,38.02601190064747,37.007163570836546,,,
1768411200,212.65,212.6705,212.6305,212.6655,39.781220103832055,36.8572753916393,,,
1768411500,212.6655,212.6745,212.6385,212.657,39.126786951052864,36.7123451509013,,,
1768411800,212.657,212.657,212.584,212.607,35.43408560179245,36.015220469628574,,,
1768412100,212.607,212.655,212.607,212.6355,38.969778103842856,35.70770498841318,,,
1768412400,212.6355,212.696,212.623,212.689,45.05268617448421,36.051420233926144,,,
1768412700,212.689,212.701,212.6555,212.6605,42.61591959366717,36.24625695001974,,,
1768413000,212.6605,212.6715,212.636,212.6685,43.53906709795833,36.867672013734584,,,
1768413300,212.6685,212.6695,212.6295,212.6295,40.14824112733905,37.47149021150606,,,
1768413600,212.6295,212.723,212.6285,212.7025,48.26938104194133,38.778866087881894,,,
1768413900,212.7025,212.7025,212.676,212.6835,46.50083547003979,39.963356181174746,,,
1768414200,212.6835,212.713,212.6665,212.7065,48.93969532830033,41.40895492893134,,,
1768414500,212.7065,212.7195,212.7,212.7145,49.79696343458716,42.49795541508484,,,
1768414800,212.7145,212.741,212.7125,212.7405,52.58329430652129,43.4845690168576,,,
1768415100,212.7405,212.7595,212.7265,212.728,51.114476378004994,44.41945933666885,,,
1768415400,212.728,212.7415,212.6975,212.702,48.10455994198565,45.01398361082267,,,
1768415700,212.702,212.7025,212.596,212.6205,40.127826132265405,45.085486409480716,,,
1768416000,212.6205,212.639,212.602,212.637,42.21688567035214,45.56997212866355,,,
1768416300,212.637,212.658,212.6225,212.651,44.002243183746444,45.92943392008523,,,
1768416600,212.651,212.7445,212.6505,212.7385,53.6428740392822,46.54301876757081,,,
1768416900,212.7385,212.77,212.7315,212.7695,56.50020383361763,47.534753356138694,,,
1768417200,212.7695,212.7745,212.706,212.7345,52.56108382018483,48.17918312201202,,,
1768417500,212.7345,212.7805,212.7275,212.746,53.703211208963545,49.14739527069948,,,
1768417800,212.746,212.746,212.7195,212.725,51.275506371770575,49.36211850854443,,,
1768418100,212.725,212.7945,212.712,212.7925,57.8683563325461,50.17408428443773,,,
1768418400,212.7925,212.819,212.7475,212.749,52.90063829700211,50.457008782202145,,,
1768418700,212.749,212.756,212.737,212.751,53.09998734799065,50.69293906173097,,,
1768419000,212.751,212.7915,212.745,212.7505,53.039547459698674,50.72552857267221,,,
1768419300,212.7505,212.806,212.7505,212.801,58.212957772696214,51.2325629580073,,,
1768419600,212.801,212.831,212.7935,212.8225,60.222133408856244,52.09810391992663,,,
1768419900,212.8225,212.8555,212.8125,212.8525,62.90246659707919,53.72486395312761,,,
1768420200,212.8525,212.878,212.846,212.853,62.947279268381735,55.20560635298687,,,
1768420500,212.853,212.8945,212.845,212.8865,65.91786491402547,56.77100790514965,,,
1768420800,212.8865,212.9695,212.8475,212.9525,70.8724739094775,58.001693610163606,,,
1768421100,212.9525,213.027,212.9395,213.011,74.42182357285209,59.28180930582322,,,
1768421400,213.011,213.0665,213.004,213.0255,75.22759197028446,60.900845602258904,,,
1768421700,213.0255,213.038,213.008,213.0165,73.67618068443932,62.3274862790786,,,
1768422000,213.0165,213.039,213.0075,213.03,74.52485752345369,63.988154218484546,,,
1768422300,213.03,213.03,213.0005,213.0045,69.93817342305726,64.8502840106639,,,
1768422600,213.0045,213.038,212.9705,213.026,71.529209973718,66.18089627328648,,,
1768422900,213.026,213.045,213.023,213.039,72.47771335019854,67.56501955915847,,,
1768423200,213.039,213.054,212.9755,212.9775,61.96112025090933,68.20227475853065,,,
1768423500,212.9775,213.017,212.9775,213.007,64.61352316698114,68.65945800097958,,,
1768423800,213.007,213.02,212.9885,213.008,64.70337101417907,68.97954640135978,,,
1768424100,213.008,213.031,212.995,213.03,66.7061878755803,69.25124077839557,,,
1768424400,213.03,213.096,213.024,213.086,71.18780172320737,69.83984952516883,,,
1768424700,213.086,213.0895,213.018,213.04,63.612999920416556,69.67521631133963,,,
1768425000,213.04,213.068,213.0275,213.0425,63.83820724174648,69.17276869221597,,,
1768425300,213.0425,213.065,213.042,213.055,65.00448847374304,68.50010189942248,,,
1768425600,213.055,213.0625,213.038,213.051,64.28994110614607,67.71884112341259,,,
1768425900,213.051,213.051,212.9775,213.015,58.099942208354,66.60625266083507,,,
1768426200,213.015,213.024,213.0035,213.015,58.099942208354,65.43304442404224,,,
1768426500,213.015,213.0155,212.986,212.986,53.30503060966041,64.2449627945139,,,
1768426800,212.986,213.0015,212.97,212.986,53.30503060966041,62.94323569708121,,,
1768427100,212.986,213.043,212.9845,213.0265,58.81076238513614,61.96702491386247,,,
1768427400,213.0265,213.0705,213.008,213.028,59.003564578917555,61.75577093729162,,,
1768427700,213.028,213.0885,212.983,213.019,57.27135045541191,61.23133002932239,,,
1768428000,213.019,213.0415,212.834,212.947,45.70998615813573,59.87465968246215,,,
1768428300,212.947,212.96,212.861,212.942,45.0301608138334,58.326372035194524,,,
1768428600,212.942,212.965,212.9385,212.9635,48.572077804133464,56.7109631838321,,,
1768428900,212.9635,212.9675,212.944,212.9475,46.187013985891106,55.466249902794566,,,
1768429200,212.9475,213.0215,212.9455,213.0045,54.71765700583368,54.81478202880079,,,
1768429500,213.0045,213.006,212.9885,212.996,53.359240133571056,53.98297857593137,,,
1768429800,212.996,212.9985,212.9635,212.9665,48.82852312484303,52.87859157726687,,,
1768430100,212.9665,212.9675,212.7615,212.7645,30.027259620872854,50.87339996387535,,,
1768430400,212.7645,212.8215,212.742,212.8165,36.776131318833244,49.35027061462387,,,
1768430700,212.8165,212.8315,212.7395,212.789,34.86117720794411,48.03285251450128,,,
1768431000,212.789,212.8175,212.73,212.7735,33.7930966546387,46.639142946285446,,,
1768431300,212.7735,212.774,212.7025,212.7245,30.601195605004094,44.62417389056173,,,
1768431600,212.7245,212.7935,212.7205,212.7915,39.07503320046942,43.200707363529716,,,
1768431900,212.7915,212.8025,212.7355,212.7835,38.47099906787263,41.857825121562634,,,
1768432200,212.7835,212.7835,212.7105,212.7185,33.887383226829414,41.01335348361217,,,
1768432500,212.7185,212.7625,212.7175,212.759,38.78159864817427,40.56702761463652,,,
1768432800,212.759,212.7615,212.7275,212.7555,38.51623570565152,39.84875317903067,,,
1768433100,212.7555,212.8285,212.7395,212.8275,46.60956420011308,39.87893533718938,,,
1768433400,212.8275,212.869,212.8215,212.861,49.913163143249996,39.53575720414769,,,
1768433700,212.861,212.902,212.8465,212.901,53.60462519225586,39.55328470833946,,,
1768434000,212.901,212.9235,212.8595,212.8895,52.40870886419325,39.809012261150194,,,
1768434300,212.8895,212.9255,212.8535,212.8935,52.80312854517553,41.43586004145753,,,
1768434600,212.8935,212.908,212.86,212.8975,53.22064157620738,42.61046791698425,,,
1768434900,212.8975,212.9435,212.8975,212.926,56.194081486782615,44.134246794044145,,,
1768435200,212.926,212.9815,212.926,212.9625,59.724891219922426,45.98651783442155,,,
1768435500,212.9625,213.01,212.9525,213.009,63.73514819631637,48.353228733801004,,,
1768435800,213.009,213.022,212.985,213.006,63.29724984787683,50.083387065758664,,,
1768436100,213.006,213.034,212.943,212.9625,57.164268507298964,51.418620597146266,,,
1768436400,212.9625,212.9725,212.915,212.932,53.26716742121073,52.802890896744934,,,
1768436700,212.932,212.993,212.899,212.992,59.16491972127395,54.25884240196634,,,
1768437000,212.992,213.01,212.9105,212.918,50.67131993593265,55.12706270412928,,,
1768437300,212.918,212.97,212.89,212.9625,54.86728574734877,55.71689995750326,,,
1768437600,212.9625,213.024,212.9505,213.0185,59.53230666836413,56.40398163786855,,,
1768437900,213.0185,213.0405,212.966,212.989,56.23479793419445,56.591851119435596,,,
1768438200,212.989,212.992,212.8305,212.912,48.65867647327106,56.32399166294115,,,
1768438500,212.912,212.926,212.805,212.8585,44.20274251489829,55.70967837506421,,,
1768438800,212.8585,212.865,212.78,212.856,43.999973412929876,55.05105922054439,,,
1768439100,212.856,212.876,212.7905,212.7945,39.232205798313224,53.839496671367996,,,
1768439400,212.7945,212.808,212.716,212.717,34.20260899888167,52.01647651272223,,,
1768439700,212.717,212.8045,212.7065,212.7965,42.36515568410099,50.490048476135414,,,
1768440000,212.7965,212.834,212.7895,212.8135,43.965949859435526,49.10924133410389,,,
1768440300,212.8135,212.832,212.7715,212.829,45.453543703002126,48.27276099093983,,,
1768440600,212.829,212.856,212.71,212.728,38.31547212958952,47.204782755824034,,,
1768440900,212.728,212.7335,212.6605,212.681,35.52004709080454,45.515863282219065,,,
1768441200,212.681,212.6995,212.616,212.621,32.28207441483825,44.202345744998034,,,
1768441500,212.621,212.702,212.581,212.684,38.61013076018628,43.04112038877215,,,
1768441800,212.684,212.7,212.621,212.694,39.57534781010468,41.61562332746791,,,
1768442100,212.694,212.7555,212.686,212.754,45.14793872685428,40.8237048126579,,,
1768442400,212.754,212.7635,212.702,212.743,44.34057279317556,40.515268835508216,,,
1768442700,212.743,212.7525,212.6755,212.706,41.64302886342893,40.33243214611755,,,
1768443000,212.706,212.723,212.6765,212.6975,41.025547999985484,40.119973188050096,,,
1768443300,212.6975,212.745,212.6965,212.736,45.00335644372291,40.53219823415078,,,
1768443600,212.736,212.7545,212.716,212.7415,45.56818855925901,41.34402534560631,,,
1768443900,212.7415,212.828,212.7335,212.826,53.47417371252703,42.13752663335104,,,
1768444200,212.826,212.842,212.8015,212.8085,51.79626745088495,42.696835032740275,,,
1768444500,212.8085,212.868,212.8085,212.855,55.76783032832957,43.43356979169224,,,
1768444800,212.855,212.955,212.855,212.9465,62.342643658730395,45.14979632948802,,,
1768445100,212.9465,212.9465,212.8535,212.9235,59.93113347088571,46.893445356636676,,,
1768445400,212.9235,212.937,212.898,212.923,59.87690965017176,48.86450501630335,,,
1768445700,212.923,212.959,212.909,212.9435,61.41821429982524,50.493653840563276,,,
1768446000,212.9435,212.9505,212.888,212.9305,59.8481444377102,51.9417107425351,,,
1768446300,212.9305,212.989,212.929,212.982,63.796538158129884,53.27375355905478,,,
1768446600,212.982,213.0245,212.962,213.013,65.96607024886701,54.818431948747026,,,
1768446900,213.013,213.028,212.963,212.9905,63.01444250496796,56.34496149457124,,,
1768447200,212.9905,213.003,212.9465,212.968,60.11758469829938,57.70867840159366,,,
1768447500,212.968,212.9695,212.9095,212.9135,53.68032693606306,58.32846200818938,,,
1768447800,212.9135,212.938,212.886,212.9255,54.827278451038346,58.98982557188792,,,
1768448100,212.9255,212.9425,212.9055,212.9395,56.19023487778566,59.18382994083496,,,
1768448400,212.9395,212.9505,212.92,212.921,53.87690927111184,59.332447213708306,,,
1768448700,212.921,212.929,212.8685,212.8965,50.888925475900486,58.98395400996338,,,
1768449000,212.8965,212.902,212.831,212.842,44.92079754910686,57.739536430704554,,,
1768449300,212.842,212.891,212.833,212.848,45.67614171975084,56.72132273419491,,,
1768449600,212.848,212.8505,212.8175,212.8215,42.879201191746496,55.50720070145025,,,
1768449900,212.8215,212.837,212.7935,212.8175,42.45659314411357,54.15279919032799,,,
1768450200,212.8175,212.827,212.7985,212.821,42.98609151408475,52.94836683864046,,,
1768450500,212.821,212.8425,212.794,212.8385,45.6776409811677,51.65415989742887,,,
1768450800,212.8385,212.869,212.833,212.864,49.42434898882716,50.472608378854595,,,
1768451100,212.864,212.923,212.863,212.912,55.62823327048448,49.94502200496292,,,
1768451400,212.912,212.9615,212.896,212.959,60.71031927511637,49.987360189021274,,,
1768451700,212.959,212.969,212.875,212.876,49.85158556621517,49.71387866260356,,,
1768452000,212.876,212.9445,212.863,212.9445,56.73016924821085,49.84979943383017,,,
1768452300,212.9445,212.9765,212.9375,212.945,56.77677324034918,49.89169503115613,,,
1768452600,212.945,212.9695,212.9355,212.9465,56.926656265069816,50.109534102153134,,,
1768452900,212.9465,212.949,212.883,212.896,50.56890392507088,50.08667541995102,,,
1768453200,212.896,212.9195,212.8585,212.873,47.942682141145,50.302524319382314,,,
1768453500,212.873,212.908,212.837,212.8555,45.985792085035726,50.32464220261695,,,
1768453800,212.8555,212.889,212.8495,212.874,48.38431650905155,50.71786472528159,,,
1768454100,212.874,212.902,212.823,212.843,44.79478141326784,50.88487817307833,,,
1768454400,212.843,212.857,212.828,212.835,43.88986020334181,50.94943307945383,,,
1768454700,212.835,212.8615,212.825,212.845,45.37534013144631,50.92784016161659,,,
1768455000,212.845,212.867,212.8295,212.836,44.24014843564001,50.55754012210322,,,
1768455300,212.836,212.887,212.826,212.856,47.38999791342311,49.969094739455976,,,
1768455600,212.856,212.902,212.855,212.874,50.12094688214925,49.21271099710119,,,
1768455900,212.874,212.882,212.8025,212.825,43.50102301899986,48.75909938658582,,,
1768456200,212.825,212.826,212.7665,212.7705,37.55901743634142,47.38973140002371,,,
1768456500,212.7705,212.7825,212.695,212.729,33.77568872362775,45.746796791686464,,,
1768456800,212.729,212.794,212.718,212.794,43.393497151160545,44.78014256926438,,,
1768457100,212.794,212.8,212.7495,212.7625,40.33621385603834,44.04923613576205,,,
1768457400,212.7625,212.8635,212.76,212.838,49.51695343722564,44.1616840854821,,,
1768457700,212.838,212.925,212.831,212.9145,56.77473210047377,44.93232265801339,,,
1768458000,212.9145,212.9365,212.897,212.928,57.92433066749063,45.613752240759034,,,
1768458300,212.928,212.9905,212.922,212.9665,61.10158560464527,46.778523968714566,,,
1768458600,212.9665,212.994,212.9465,212.969,61.30591440275148,48.02252784010096,,,
1768458900,212.969,212.98,212.94,212.9565,59.619589132128276,49.03997419729253,,,
1768459200,212.9565,212.9785,212.9425,212.963,60.23216370113592,50.182261001970815,,,
1768459500,212.963,212.9865,212.9505,212.9595,59.70693029067602,51.06204188606031,,,
1768459800,212.9595,212.9615,212.922,212.9255,54.71544946889256,51.39022064225626,,,
1768460100,212.9255,212.9775,212.9135,212.976,60.056730385791866,52.57277116845569,,,
1768460400,212.976,213.147,212.976,213.0965,69.34733452737858,54.84336524638691,,,
1768460700,213.0965,213.198,213.0715,213.1825,73.99607532002923,57.71625000327274,,,
1768461000,213.1825,213.1965,213.13,213.191,74.4091765650421,59.931655675692845,,,
1768461300,213.191,213.197,213.1065,213.124,65.5672817509284,61.733874811042135,,,
1768461600,213.124,213.1335,213.068,213.1045,63.21294092550007,62.71215963163316,,,
1768461900,213.1045,213.1075,212.846,212.947,48.16850387099796,62.09742904381347,,,
1768462200,212.947,213.077,212.9345,213.0525,55.763197491744684,61.94306238840305,,,
1768462500,213.0525,213.07,212.988,213.01,52.43031404481539,61.32368584841521,,,
1768462800,213.01,213.027,212.8655,212.917,45.957311544924345,60.22735707285613,,,
1768463100,212.917,212.933,212.849,212.888,44.12779931165891,59.12080065710832,,,
1768463400,212.888,212.948,212.8865,212.9055,45.53679173488681,58.07113123094767,,,
1768463700,212.9055,213.0515,212.9005,213.0495,55.484691381238896,57.769542737416444,,,
1768464000,213.0495,213.071,212.953,212.9985,51.87104587298852,57.56637105199473,,,
1768464300,212.9985,213.0655,212.9805,213.065,55.90386760302904,57.2697379960831,,,
1768464600,213.065,213.1305,213.065,213.093,57.51796229648757,56.42478283673374,,,
1768464900,213.093,213.1235,213.065,213.1065,58.310313209574396,55.30437125741554,,,
1768465200,213.1065,213.2125,213.0835,213.1885,62.84357604130843,54.4782569342917,,,
1768465500,213.1885,213.2045,213.0985,213.1005,55.827648346818386,53.78256883399813,,,
1768465800,213.1005,213.1565,213.069,213.1525,58.75768217251372,53.464336065927675,,,
1768466100,213.1525,213.2225,213.133,213.2225,62.37569406508882,54.4791353655056,,,
1768466400,213.2225,213.295,213.2145,213.2545,63.9333424986732,55.06271715171477,,,
1768466700,213.2545,213.315,213.2545,213.294,65.81470333557965,56.01874495819791,,,
1768467000,213.294,213.3015,213.2135,213.2845,64.93735512889057,57.37446235705264,,,
1768467300,213.2845,213.2895,213.2265,213.2625,62.84794402409986,58.711615550798435,,,
1768467600,213.2625,213.292,213.2175,213.2785,63.76118476657946,60.013357910205045,,,
1768467900,213.2785,213.2815,213.226,213.2325,59.25171110075037,60.28243074731301,,,
1768468200,213.2325,213.264,213.1945,213.2615,61.11867279579366,60.942975527513376,,,
1768468500,213.2615,213.2625,212.8235,213.0235,43.50272151396885,60.05717937829479,,,
1768468800,213.0235,213.0765,212.9305,212.936,39.04683793854279,58.7378133527273,,,
1768469100,212.936,212.9735,212.8885,212.9615,40.94524394153538,57.49745126215309,,,
1768469400,212.9615,212.991,212.916,212.9525,40.466203333485176,55.899067497308565,,,
1768469700,212.9525,212.954,212.8795,212.933,39.39087453889997,54.725012225314394,,,
1768470000,212.933,212.9835,212.895,212.907,37.94308679737162,53.23825541280424,,,
1768470300,212.907,212.9135,212.8685,212.9125,38.45837742049468,51.52987565247609,,,
1768470600,212.9125,212.927,212.8145,212.853,35.06612040364436,49.467931217116885,,,
1768470900,212.853,212.8715,212.8005,212.838,34.246020277876966,47.21302528442384,,,
1768471200,212.838,212.845,212.764,212.766,30.55241392276585,44.756958055414934,,,
1768471500,212.766,212.8005,212.74,212.768,30.77576130677315,42.46608786132016,,,
1768471800,212.768,212.803,212.746,212.763,30.511573353463902,40.0911156175262,,,
1768472100,212.763,212.826,212.7575,212.787,33.46405011149193,38.24913983257917,,,
1768472400,212.787,212.8115,212.716,212.802,35.31395461993071,36.40594567716038,,,
1768472700,212.802,212.802,212.74,212.7565,32.373667929284736,35.61101327825437,,,
1768473000,212.7565,212.8145,212.7565,212.7895,36.503035244827615,35.42931308584615,,,
1768473300,212.7895,212.792,212.709,212.7265,32.43160150511147,34.821195768958724,,,
1768473600,212.7265,212.7585,212.6735,212.6765,29.60896022662139,34.04567840418274,,,
1768473900,212.6765,212.7055,212.6395,212.6395,27.688509064146842,33.20979515598608,,,
1768474200,212.6395,212.6865,212.5995,212.6535,29.550464322308997,32.61032212205304,,,
1768474500,212.6535,212.6775,212.6245,212.668,31.517297233906817,32.114530680153905,,,
1768474800,212.668,212.6975,212.662,212.6805,33.247447806946454,31.984625494675477,,,
1768475100,212.6805,212.717,212.669,212.703,36.36392246459678,32.13590422229832,,,
1768475400,212.703,212.7695,212.6915,212.7395,41.16283150977527,32.893791192798986,,,
1768475700,212.7395,212.77,212.722,212.742,41.48830351097229,33.658972778813215,,,
1768476000,212.742,212.764,212.7365,212.739,41.19382075140034,34.42199045009439,,,
1768476300,212.739,212.7525,212.7045,212.738,41.08912609140867,34.966638734374165,,,
1768476600,212.738,212.7635,212.7365,212.7475,42.58208603202744,35.48579097809536,,,
1768476900,212.7475,212.7765,212.7295,212.74,41.68394640215278,36.15081086901451,,,
1768477200,212.74,212.7725,212.733,212.7695,46.46678463158417,36.86250725378283,,,
1768477500,212.7695,212.7895,212.7575,212.7685,46.328075678385815,37.85511255187385,,,
1768477800,212.7685,212.783,212.744,212.744,42.94562431182207,38.807731415102474,,,
1768478100,212.744,212.7685,212.725,212.7665,46.78798492767239,40.171979691068586,,,
1768478400,212.7665,212.805,212.746,212.751,44.56158266322006,41.24420242970508,,,
1768478700,212.751,212.7815,212.7325,212.764,46.84613181505424,42.33911918550133,,,
1768479000,212.764,212.7815,212.724,212.7335,42.428509080423616,42.994909276463986,,,
1768479300,212.7335,212.754,212.6995,212.706,38.86940777560828,43.173872512964806,,,
1768479600,212.706,212.7125,212.6485,212.6595,33.71878814497178,42.642155129764554,,,
1768479900,212.6595,212.673,212.645,212.6595,33.71878814497178,42.087189746478806,,,
1768480200,212.6595,212.663,212.638,212.6505,32.744801851840506,41.48368839651024,,,
1768480500,212.6505,212.6855,212.6225,212.683,39.53679988626292,41.372807953285545,,,
1768480800,212.683,212.691,212.6425,212.6595,36.65432146953714,40.94939619882195,,,
1768481100,212.6595,212.6595,212.5865,212.595,30.15583223487019,40.125959472587475,,,
1768481400,212.595,212.645,212.5895,212.6175,34.517192826828236,39.27241720081919,,,
1768481700,212.6175,212.621,212.5395,212.579,30.955234446755853,38.174357112845634,,,
1768482000,212.579,212.595,212.457,212.533,27.32676567105861,37.058724352791096,,,
1768482300,212.533,212.533,212.4445,212.489,24.382681111790063,35.4583455087995,,,
1768482600,212.489,212.5325,212.489,212.5185,29.840306855030875,34.406825808214556,,,
1768482900,212.5185,212.5235,212.412,212.425,23.94211095215242,32.770824318007286,,,
1768483200,212.425,212.4315,212.345,212.3855,21.966727384360752,31.309268482574225,,,
1768483500,212.3855,212.3915,212.324,212.3455,20.153366744383035,29.97240840891528,,,
1768483800,212.3455,212.475,212.344,212.44,34.01252451674385,29.993389578327566,,,
1768484100,212.44,212.4595,212.328,212.3905,30.979265988368425,29.797709424284474,,,
1768484400,212.3905,212.4115,212.362,212.38,30.36074873224557,29.627419915741978,,,
1768484700,212.38,212.43,212.3695,212.3885,31.5521412647347,29.057087157061385,,,
1768485000,212.3885,212.3925,212.3285,212.358,29.595580922228223,28.552891403682178,,,
1768485300,212.358,212.468,212.3495,212.4005,35.58929770208961,28.940996079912136,,,
1768485600,212.4005,212.414,212.3685,212.381,34.15264749959513,28.914957127966918,,,
1768485900,212.381,212.4345,212.3765,212.411,38.28051047611415,29.438191130063938,,,
1768486200,212.411,212.475,212.398,212.4165,39.03506939417713,30.274498538858122,,,
1768486500,212.4165,212.4495,212.3695,212.392,36.87254025726443,31.166631334963434,,,
1768486800,212.392,212.4335,212.339,212.362,34.362225661608264,31.489625535433248,,,
1768487100,212.362,212.411,212.3225,212.392,38.8459124480058,32.55418278513706,,,
1768487400,212.392,212.405,212.2885,212.3765,37.423514498765385,33.65823900759453,,,
1768487700,212.3765,212.388,212.3385,212.3545,35.439957654920576,34.75013835834721,,,
1768488000,212.3545,212.3935,212.259,212.2905,30.39313986127668,34.4916108829567,,,
1768488300,212.2905,212.326,212.213,212.277,29.440756340557456,34.38171733668449,,,
1768488600,212.277,212.2905,212.215,212.224,25.99662252940989,34.06999403648194,,,
1768488900,212.224,212.2665,212.2145,212.2575,31.454963785894705,34.063052787993364,,,
1768489200,212.2575,212.273,212.153,212.1975,27.537343720438272,33.91603584500837,,,
1768489500,212.1975,212.3005,212.1875,212.2945,40.450109177753724,34.26323666469866,,,
1768489800,212.2945,212.3105,212.2615,212.268,38.43503465227243,34.56912146131847,,,
1768490100,212.268,212.268,212.2135,212.237,36.16535457646206,34.418038897057606,,,
1768490400,212.237,212.2445,212.161,212.163,31.39879468218514,33.872590703343896,,,
1768490700,212.163,212.1695,212.085,212.085,27.31256821523509,33.18973555748465,,,
1768491000,212.085,212.1155,212.001,212.0285,24.7953638850896,32.506388287733316,,,
1768491300,212.0285,212.1135,212.0285,212.1025,33.44688150416479,32.1207432203161,,,
1768491600,212.1025,212.141,212.0935,212.135,36.8812162875483,32.08200763380059,,,
1768491900,212.135,212.239,212.1275,212.219,44.808541860814465,32.751192219935874,,,
1768492200,212.219,212.277,212.159,212.1715,41.62492671439508,33.553462709444325,,,
1768492500,212.1715,212.2255,212.126,212.222,46.016342027091426,34.73743311562533,,,
1768492800,212.222,212.249,212.142,212.168,42.34778839564644,35.90537353464222,,,
1768493100,212.168,212.194,212.1395,212.1825,43.646938173609186,36.776228848050394,,,
1768493400,212.1825,212.2275,212.1825,212.2,45.25047284282701,38.04145235679245,,,
1768493700,212.2,212.209,212.161,212.1985,45.131928013148496,38.37586798789208,,,
1768494000,212.1985,212.2285,212.1665,212.1755,43.26050345214107,38.720544330739834,,,
1768494300,212.1755,212.198,212.1585,212.176,43.315530900300054,39.231271211013976,,,
1768494600,212.176,212.191,212.145,212.18,43.785229223570745,40.11601653539867,,,
1768494900,212.18,212.25,212.179,212.226,49.0171543743499,41.66634411819258,,,
1768495200,212.226,212.238,212.189,212.214,47.76816782924195,43.30725868563204,,,
1768495500,212.214,212.252,212.1835,212.223,48.821447280991386,44.405441955405365,,,
1768495800,212.223,212.241,212.1375,212.138,40.51230167891733,44.66480519764601,,,
1768496100,212.138,212.2015,212.125,212.1555,42.67546862906146,44.512442823949364,,,
1768496400,212.1555,212.1675,212.1275,212.1435,41.55947727375058,44.50776786390333,,,
1768496700,212.1435,212.153,212.1,212.1505,42.50401974698301,44.256887701038444,,,
1768497000,212.1505,212.1755,212.1185,212.1755,45.86898236154344,44.50840155574537,,,
1768497300,212.1755,212.1765,212.1445,212.1475,42.84456836822157,44.45108942678912,,,
1768497600,212.1475,212.1865,212.1145,212.178,46.94802792504372,44.572343361233166,,,
1768497900,212.178,212.1975,212.1485,212.192,48.76630962426489,44.831942047741485,,,
1768498200,212.192,212.219,212.1705,212.208,50.84001937003588,45.373336041876826,,,
1768498500,212.208,212.2375,212.181,212.2345,54.15011936359876,46.14723521782673,,,
1768498800,212.2345,212.24,212.1905,212.1935,48.68785496921821,46.497422771087265,,,
1768499100,212.1935,212.2535,212.1925,212.219,51.93529113293523,46.70586111098622,,,
1768499400,212.219,212.2345,212.1935,212.2325,53.6091954467271,47.12307736937801,,,
1768499700,212.2325,212.237,212.185,212.204,49.67599011365608,47.184116143139775,,,
1768500000,212.204,212.251,212.203,212.249,55.25782241124239,48.23736762402014,,,
1768500300,212.249,212.279,212.246,212.2615,56.69471603823902,49.23874243896139,,,
1768500600,212.2615,212.274,212.24,212.2565,55.92109575346802,50.26457233036978,,,
1768500900,212.2565,212.261,212.237,212.2505,54.952070151382436,51.15371878782688,,,
1768501200,212.2505,212.256,212.204,212.219,50.04868264389343,51.45226880799474,,,
1768501500,212.219,212.2595,212.216,212.253,54.742789651819926,52.30214175682319,,,
1768501800,212.253,212.262,212.2365,212.255,55.0106151101268,52.878040841471986,,,
1768502100,212.255,212.267,212.2435,212.2485,53.894329833844424,53.244327999299095,,,
1768502400,212.2485,212.275,212.2435,212.2715,57.203620314135,53.69887092387761,,,
1768502700,212.2715,212.279,212.247,212.268,56.538576417934124,53.869474999187275,,,
1768503000,212.268,212.268,212.2295,212.2395,51.30773953995005,54.056609611382406,,,
1768503300,212.2395,212.257,212.214,212.25,53.03182624975317,54.13493354829797,,,
1768503600,212.25,212.25,212.203,212.211,46.452674781432975,53.623753500776964,,,
1768503900,212.211,212.2235,212.1765,212.2235,48.65150215289695,53.550575789294165,,,
1768504200,212.2235,212.2375,212.2095,212.2195,47.9726399443393,53.03020561308681,,,
1768504500,212.2195,212.25,212.2175,212.246,52.68318782306724,52.74366788343168,,,
1768504800,212.246,212.247,212.194,212.2025,45.414410273409274,51.99319034914176,,,
1768505100,212.2025,212.204,212.167,212.1875,43.2009617181294,51.15382546105226,,,
1768505400,212.1875,212.2075,212.1785,212.2075,46.915996168162394,50.93006214135719,,,
1768505700,212.2075,212.2285,212.2015,212.2245,49.91471418248294,50.58519960783311,,,
1768506000,212.2245,212.2565,212.223,212.2555,54.91610551653334,50.57844892257644,,,
1768506300,212.2555,212.256,212.235,212.245,52.986115548263676,50.51357647360639,,,
1768506600,212.245,212.251,212.206,212.21,47.050290905805454,49.788338658725706,,,
1768506900,212.21,212.2145,212.183,212.202,45.78766667710774,49.020416534380956,,,
1768507200,212.202,212.202,212.164,212.1925,44.26843408955715,48.517609002210044,,,
1768507500,212.1925,212.193,212.165,212.166,40.25595450713238,47.605046734879984,,,
1768507800,212.166,212.173,212.1455,212.1475,37.68775099667722,46.978980750254564,,,
1768508100,212.1475,212.18,212.1415,212.1725,42.981552561184465,46.57398435084654,,,
1768508400,212.1725,212.1745,212.1475,212.159,40.958013644316495,46.07293961513062,,,
1768508700,212.159,212.1655,212.1215,212.1455,38.98161748486256,45.09425601954457,,,
1768509000,212.1455,212.16,212.122,212.16,42.20733796376025,44.865179425998214,,,
1768509300,212.16,212.168,212.1395,212.167,43.75322719200184,44.90462695984625,,,
1768509600,212.167,212.1785,212.144,212.149,40.735772377433065,44.46318240336558,,,
1768509900,212.149,212.1805,212.148,212.1805,47.55253148043551,44.29445506750505,,,
1768510200,212.1805,212.198,212.172,212.182,47.86008522822746,43.790453618340344,,,
1768510500,212.182,212.204,212.1725,212.197,50.95719419002869,43.6455306641807,,,
1768510800,212.197,212.247,212.177,212.245,59.29048850688145,44.51983049282899,,,
1768511100,212.245,212.2665,212.2405,212.263,61.904632638003676,45.6710423471787,,,
1768511400,212.263,212.269,212.2485,212.25,58.95989976251319,46.72043275238985,,,
1768511700,212.25,212.2775,212.2475,212.2765,62.840345595306395,48.33360354440227,,,
1768512000,212.2765,212.2765,212.201,212.201,48.70938664910434,49.12086323386136,,,
1768512300,212.201,212.224,212.199,212.2225,52.01829642143581,49.76634493816503,,,
1768512600,212.2225,212.2585,212.2225,212.247,55.53831726832412,50.807795197022706,,,
1768512900,212.247,212.287,212.246,212.25,55.96432169917346,52.02084549804491,,,
1768513200,212.25,212.2745,212.2475,212.2685,58.59869552679181,53.19165675254717,,,
1768513500,212.2685,212.2945,212.266,212.2915,61.66888354595694,54.47134649211539,,,
1768513800,212.2915,212.2955,212.2715,212.2815,59.599456622094195,55.818752509591185,,,
1768514100,212.2815,212.312,212.26,212.285,60.10407753848528,56.7152915137376,,,
1768514400,212.285,212.285,212.1805,212.1805,42.88198689015801,56.35971306101835,,,
1768514700,212.1805,212.2475,212.1805,212.2465,52.19818382707299,56.448355177950084,,,
1768515000,212.2465,212.2535,212.2275,212.25,52.639339744753144,55.97327312351235,,,
1768515300,212.25,212.2815,212.25,212.281,56.47114385994647,55.58516678222255,,,
1768515600,212.281,212.2825,212.2485,212.256,52.76362655070795,55.142575838522184,,,
1768515900,212.256,212.257,212.2035,212.2145,47.221354794177344,54.02693363844154,,,
1768516200,212.2145,212.222,212.2125,212.22,48.00091233892788,53.97632833057179,,,
1768516500,212.22,212.2225,212.207,212.213,47.04843391446454,53.621338151502414,,,
1768516800,212.213,212.2385,212.201,212.229,49.51436049930253,53.191055525143724,,,
1768517100,212.229,212.253,212.2265,212.2355,50.52242380667143,52.80234853282216,,,
1768517400,212.2355,212.251,212.23,212.2415,51.485398753604244,52.2942559061659,,,
1768517700,212.2415,212.253,212.216,212.2245,48.59925136337218,51.36071075026699,,,
1768518000,212.2245,212.276,212.2095,212.2755,56.48094914660638,51.137960216303576,,,
1768518300,212.2755,212.31,212.253,212.2775,56.76095744700135,50.89916592405473,,,
1768518600,212.2775,212.2775,212.209,212.215,46.657927513214936,51.16887596855879,,,
1768518900,212.215,212.258,212.215,212.2555,52.55156608416168,51.19411755835084,,,
1768519200,212.2555,212.284,212.2545,212.284,56.21753161177683,51.44970269170967,,,
1768519500,212.284,212.284,212.2585,212.271,54.16190787488983,51.28475726420562,,,
1768519800,212.271,212.281,212.26,212.2755,54.77832170217976,51.42866406073933,,,
1768520100,212.2755,212.2865,212.256,212.2665,53.236376272457754,51.85830845204507,,,
1768520400,212.2665,212.2725,212.2445,212.2485,50.19324798858781,52.0149038555922,,,
1768520700,212.2485,212.266,212.238,212.265,52.85370048000409,52.429565753130746,,,
1768521000,212.265,212.265,212.2275,212.2325,47.47456613450772,52.283866155645406,,,
1768521300,212.2325,212.248,212.194,212.2135,44.615787806434554,51.86196358419992,,,
1768521600,212.2135,212.2245,212.1445,212.147,36.362516283321554,50.78175769346543,,,
1768521900,212.147,212.173,212.1435,212.161,38.924043179153095,50.09067139459264,,,
1768522200,212.161,212.1905,212.137,212.1805,42.40170092764373,49.08501080752389,,,
1768522500,212.1805,212.207,212.176,212.1975,45.324559767407756,48.26812525898149,,,
1768522800,212.1975,212.217,212.169,212.2,45.76046283829507,48.20402063934436,,,
1768523100,212.2,212.213,212.1825,212.21,47.56137932698118,47.84757872811718,,,
1768523400,212.21,212.2275,212.184,212.1875,44.0198310048075,46.97631439904795,,,
1768523700,212.1875,212.197,212.122,212.1265,36.158722224160265,45.69037256685298,,,
1768524000,212.1265,212.179,212.1235,212.174,44.47405862135449,44.954353775365455,,,
1768524300,212.174,212.1975,212.15,212.1965,47.933531769411495,44.57557916800501,,,
1768524600,212.1965,212.238,212.189,212.2195,51.275421573177056,44.65287728118995,,,
1768524900,212.2195,212.263,212.1495,212.233,53.17518991447424,44.67584081222354,,,
1768525200,212.233,212.2575,212.196,212.2045,48.84535259178833,44.77375413060072,,,
1768525500,212.2045,212.238,212.15,212.1515,41.99685927891449,44.58668780720643,,,
1768525800,212.1515,212.17,212.1275,212.1365,40.275723204185205,44.86620258726812,,,
1768526100,212.1365,212.1445,212.0815,212.0885,35.29144276909649,44.606731129406946,,,
1768526400,212.0885,212.114,212.0535,212.0605,32.74569804675099,43.91701663791459,,,
1768526700,212.0605,212.112,212.05,212.1005,39.46380901585825,43.498391584232486,,,
1768527000,212.1005,212.1425,212.0715,212.109,40.816721612044596,43.14526721092888,,,
1768527300,212.109,212.141,212.098,212.1305,44.21291591225296,42.90609125273401,,,
1768527600,212.1305,212.1585,212.1175,212.1265,43.710360318438326,42.883986203707636,,,
1768527900,212.1265,212.1305,212.088,212.1265,43.710360318438326,43.42338892472749,,,
1768528200,212.1265,212.2105,212.1245,212.2065,55.45486263777,44.207732068757174,,,
1768528500,212.2065,212.211,212.177,212.1985,54.23620935928124,44.65792332517645,,,
1768528800,212.1985,212.231,212.193,212.194,53.52369467032304,44.81851426068687,,,
1768529100,212.194,212.194,212.147,212.1645,48.98087767403263,44.51892052922676,,,
1768529400,212.1645,212.188,212.148,212.1825,51.67599249893174,44.721109094022715,,,
1768529700,212.1825,212.217,212.039,212.105,41.508850725334305,44.68625134019556,,,
1768530000,212.105,212.117,212.0135,212.0155,33.34874834446846,44.19146742164436,,,
1768530300,212.0155,212.0605,211.9615,212.024,34.662454657434154,44.14653969938278,,,
1768530600,212.024,212.039,211.9545,211.998,32.54911972951035,44.13249839100844,,,
1768530900,211.998,212.0025,211.766,211.7795,20.975244005310856,42.81188660454077,,,
1768531200,211.7795,211.7795,211.497,211.729,19.269785823910894,41.27281976253123,,,
1768531500,211.729,211.8555,211.7105,211.762,23.639091081406292,39.80326084604218,,,
1768531800,211.762,211.8705,211.739,211.862,35.101629822002295,39.18835152486817,,,
1768532100,211.862,211.9155,211.861,211.877,36.638064513921435,38.68318753883125,,,
1768532400,211.877,211.889,211.774,211.806,32.69273451087858,37.05732124405329,,,
1768532700,211.806,211.831,211.7465,211.7705,30.900982939187912,35.39051935690377,,,
1768533000,211.7705,211.786,211.677,211.677,26.743647007384325,33.477658809551,,,
1768533300,211.677,211.7675,211.667,211.741,33.35324270249889,32.36139916872717,,,
1768533600,211.741,211.811,211.734,211.784,37.43753325532136,31.34436636561214,,,
1768533900,211.784,211.8095,211.7435,211.768,36.54021820286582,30.989464042578675,,,
1768534200,211.768,211.7945,211.751,211.776,37.348796045885045,31.275181735537,,,
1768534500,211.776,211.7805,211.718,211.719,34.0225129963771,31.22947161689007,,,
1768534800,211.719,211.746,211.697,211.721,34.24380163461517,31.350520324397557,,,
1768535100,211.721,211.725,211.6775,211.72,34.18206877744255,32.29386495097839,,,
1768535400,211.72,211.809,211.7095,211.7905,42.10601709215195,33.92502432728132,,,
1768535700,211.7905,211.7935,211.7235,211.7235,37.48701048600962,34.91416142761013,,,
1768536000,211.7235,211.7875,211.712,211.7695,42.17700880814012,35.419545640905696,,,
1768536300,211.7695,211.82,211.7645,211.814,46.36886405683217,36.1146027511136,,,
1768536600,211.814,211.8675,211.8135,211.8485,49.429733016966146,37.31010264440557,,,
1768536900,211.8485,211.9015,211.835,211.895,53.298537347345054,38.909927959273936,,,
1768537200,211.895,211.896,211.8515,211.8575,49.97789230948361,40.56951690942389,,,
1768537500,211.8575,211.874,211.827,211.827,47.39168932940809,41.57226309706026,,,
1768537800,211.827,211.8385,211.795,211.833,47.962168712826056,42.32402277259631,,,
1768538100,211.833,211.893,211.833,211.891,53.24072102765328,43.5169158315097,,,
1768538400,211.891,211.925,211.871,211.9135,55.141701458855096,44.78783764672185,,,
1768538700,211.9135,211.9315,211.909,211.9315,56.65971712119352,46.40478079849445,,,
1768539000,211.9315,211.937,211.9055,211.9235,55.75662490781424,47.941411032294376,,,
1768539300,211.9235,211.932,211.894,211.922,55.577751975089726,49.46967411784061,,,
1768539600,211.922,211.94,211.891,211.906,53.60239428875604,50.290843917598046,,,
1768539900,211.906,211.92,211.881,211.883,50.80689149014503,51.242263989322,,,
1768540200,211.883,211.9015,211.851,211.8765,50.0130581091781,51.801981796538996,,,
1768540500,211.8765,211.9245,211.8585,211.907,53.670953341438135,52.32355960258228,,,
1768540800,211.907,211.918,211.884,211.8975,52.38510149386243,52.534657350932015,,,
1768541100,211.8975,211.8985,211.8595,211.8615,47.719466280393775,52.13615227472121,,,
1768541400,211.8615,211.8785,211.8455,211.8725,49.20804826796893,52.081163414613016,,,
1768541700,211.8725,211.885,211.8345,211.868,48.59842788496075,52.16735902572392,,,
1768542000,211.868,211.9015,211.849,211.897,52.667996669029726,52.50348959402418,,,
1768542300,211.897,211.916,211.884,211.886,51.01803045775228,52.344725981888395,,,
1768542600,211.886,211.9205,211.8775,211.903,53.4453780714003,52.223560025641625,,,
1768542900,211.903,211.966,211.9,211.9575,60.2468049693076,52.479780586221196,,,
1768543200,211.9575,211.9735,211.942,211.9435,57.9064569664202,52.633340018978764,,,
1768543500,211.9435,211.9725,211.9035,211.97,60.99510258763393,53.020293634160495,,,
1768543800,211.97,211.987,211.9595,211.9715,61.16878810759814,53.56075033550636,,,
1768544100,211.9715,211.988,211.9585,211.9675,60.39644677370756,54.24571857004654,,,
1768544400,211.9675,212.0005,211.9435,211.978,61.76133204721866,55.08488099419229,,,
1768544700,211.978,211.982,211.943,211.9525,56.6547114550653,55.29800657373709,,,
1768545000,211.9525,211.986,211.943,211.975,59.812175785147154,55.828511880257416,,,
1768545300,211.975,211.9855,211.963,211.966,57.99242262967208,56.56229447663445,,,
1768545600,211.966,211.9685,211.904,211.9095,48.09894355589906,56.4830727114866,,,
1768545900,211.9095,211.9775,211.845,211.968,56.39394855687889,57.0398956166236,,,
1768546200,211.968,211.97,211.9405,211.9505,53.63250964836322,57.10878940086172,,,
1768546500,211.9505,211.953,211.91,211.9295,50.44061023167791,57.067545098999254,,,
1768546800,211.9295,211.9575,211.8865,211.9145,48.23251580874818,56.695197794524105,,,
1768547100,211.9145,211.924,211.8735,211.9065,47.049539367070665,55.752535965792895,,,
1768547400,211.9065,211.921,211.866,211.884,43.79605734762694,54.74465027873624,,,
1768547700,211.884,211.886,211.848,211.8615,40.76063804187238,53.29933138261041,,,
1768548000,211.8615,211.866,211.7555,211.7825,32.29672151659088,51.237040911824174,,,
1768548300,211.7825,211.7965,211.738,211.758,30.202164697772943,49.08030647782885,,,
1768548600,211.758,211.8215,211.7205,211.7745,33.33773343887454,47.050049434375694,,,
1768548900,211.7745,211.8285,211.721,211.803,38.47870760999712,45.75176344544225,,,
1768549200,211.803,211.8195,211.7055,211.71,30.27407705659074,43.64189925054536,,,
1768549500,211.71,211.7845,211.701,211.7215,32.199262400416785,41.79953066274141,,,
1768549800,211.7215,211.7805,211.7215,211.764,38.91214321954107,41.14333063871584,,,
1768550100,211.764,211.8045,211.738,211.8015,44.165138188710216,40.26984418384665,,,
1768550400,211.8015,211.9115,211.7615,211.866,51.83666455534797,40.14156953434556,,,
1768550700,211.866,211.921,211.835,211.838,48.7079957233997,40.017811355182836,,,
1768551000,211.838,211.8915,211.829,211.8695,52.2030950898884,40.30142416097856,,,
1768551300,211.8695,211.916,211.8495,211.907,56.04318564243459,40.9438274663617,,,
1768551600,211.907,211.908,211.757,211.759,41.777337899400834,40.79963322005983,,,
1768551900,211.759,211.8055,211.747,211.772,43.14632585469132,40.970039492404034,,,
1768552200,211.772,211.7835,211.684,211.715,38.834676389781265,41.43703626906049,,,
1768552500,211.715,211.7465,211.649,211.743,41.90581991014819,42.273011641373,,,
1768552800,211.743,211.7685,211.7035,211.7485,42.5163798236286,42.92862924028401,,,
1768553100,211.7485,211.786,211.72,211.7835,46.37849065888788,43.49289945806192,,,
1768553400,211.7835,211.914,211.777,211.9035,57.03654058825664,45.40450399603805,,,
1768553700,211.9035,211.9245,211.87,211.895,56.18465977958145,47.117746665978395,,,
1768554000,211.895,211.895,211.7805,211.8435,51.19546837755292,47.99512703440781,,,
1768554300,211.8435,211.879,211.789,211.7915,46.68737726176587,48.1752869681975,,,
1768554600,211.7915,211.8465,211.779,211.836,50.68908678563729,48.09331712750388,,,
1768554900,211.836,211.859,211.822,211.8455,51.52560648806212,48.294575039265474,,,
1768555200,211.8455,211.904,211.845,211.902,56.2763251349286,48.585520042482635,,,
1768555500,211.902,211.9245,211.8605,211.864,52.54632292299239,48.335744133951046,,,
1768555800,211.864,211.884,211.809,211.884,54.264499818488595,49.22768427102874,,,
1768556100,211.884,211.978,211.883,211.9635,60.40201901272763,50.460233782317054,,,
1768556400,211.9635,211.975,211.9355,211.9525,59.217880438173935,51.91617692863082,,,
1768556700,211.9525,211.9745,211.9075,211.9125,54.9957450737357,52.851171583172786,,,
1768557000,211.9125,211.97,211.9105,211.968,59.32870768435589,54.0520521446533,,,
1768557300,211.968,211.9775,211.929,211.9385,56.22977983645518,54.75571565733668,,,
1768557600,211.9385,211.964,211.9165,211.9485,57.04878140509599,54.756590001396624,,,
1768557900,211.9485,212.0225,211.914,212.0185,62.358330094708755,55.197566452477155,,,
1768558200,212.0185,212.022,211.9445,211.9665,56.74642155198296,55.59406310779359,,,
1768558500,211.9665,211.987,211.9145,211.942,54.268370149562095,56.13556259977902,,,
1768558800,211.942,211.951,211.8955,211.931,53.146208551795155,56.31107129736173,,,
1768559100,211.931,211.986,211.8955,211.9785,57.256428296160315,56.72041571222589,,,
1768559400,211.9785,212.0015,211.9375,212,59.00924209319832,56.91562406638802,,,
1768559700,212,212.0645,211.9805,212.0345,61.72181622158842,57.57101644485916,,,
1768560000,212.0345,212.067,212.02,212.026,60.65679167772837,58.02760872051915,,,
1768560300,212.026,212.075,212.021,212.071,64.18063856564268,58.29751011715594,,,
1768560600,212.071,212.072,211.949,211.9665,52.4354340176037,57.813049658543775,,,
1768560900,211.9665,212.0025,211.957,211.979,53.53090079375728,57.7084179242596,,,
1768561200,211.979,212.0155,211.9575,211.961,51.684921977874204,57.162433230939484,,,
1768561500,211.961,211.9805,211.9315,211.948,50.33488164423821,56.741369074352555,,,
1768561800,211.948,211.9995,211.945,211.9885,54.33660812043415,56.54764241116242,,,
1768562100,211.9885,211.9915,211.952,211.98,53.3647585202963,55.905244441561535,,,
1768562400,211.98,211.991,211.9485,211.9705,52.240152676180394,55.58336809328993,,,
1768562700,211.9705,211.989,211.949,211.973,52.5236988233507,55.45874871284625,,,
1768563000,211.973,211.974,211.9355,211.95,49.605828170806475,55.20586439991849,,,
1768563300,211.95,211.9615,211.9285,211.956,50.38024265549493,54.714708282728104,,,
1768563600,211.956,211.9775,211.9405,211.964,51.45149656956986,54.174869316754645,,,
1768563900,211.964,212.003,211.9555,211.9905,54.92311698518958,53.68924794272615,,,
1768564200,211.9905,212.0105,211.963,211.9815,53.52327069663115,53.179710729790635,,,
1768564500,211.9815,211.9815,211.9325,211.9685,51.48215592472785,52.27267625543958,,,
1768564800,211.9685,212.047,211.9645,212.026,58.94057555754755,52.73732922257842,,,
1768565100,212.026,212.055,211.999,211.999,54.689217966266135,52.8200661634719,,,
1768565400,211.999,212.0035,211.9405,211.95,47.93216520163881,52.55201210802652,,,
1768565700,211.95,212.0325,211.9445,212.0275,56.98467685814154,53.02699748044818,,,
1768566000,212.0275,212.07,212.016,212.0395,58.196600891235285,53.30271124979112,,,
1768566300,212.0395,212.0685,212.036,212.0505,59.32781758932566,53.72864404043607,,,
1768566600,212.0505,212.0555,211.961,211.961,47.95679768709952,53.42269011264459,,,
1768566900,211.961,212.0155,211.9595,211.9825,50.41539829057953,53.27209721744665,,,
1768567200,211.9825,212.023,211.9775,211.99,51.280044304686776,53.39168408415238,,,
1768567500,211.99,212.048,211.98,211.9975,52.17809949986898,53.5201024301791,,,
1768567800,211.9975,211.9975,211.88,211.894,40.957960493810674,52.77056413905344,,,
1768568100,211.894,211.954,211.856,211.929,45.245811677448614,52.07932804564337,,,
1768568400,211.929,211.9445,211.8785,211.8825,40.98694989356987,51.18387655971043,,,
1768568700,211.8825,211.892,211.8395,211.84,37.511578935414676,50.18597820333092,,,
1768569000,211.84,211.843,211.725,211.728,30.235647250871153,48.13562618142545,,,
1768569300,211.728,211.741,211.637,211.647,26.267453097269936,46.105500119354296,,,
1768569600,211.647,211.823,211.637,211.821,43.43991644564248,45.78462520821171,,,
1768569900,211.821,211.935,211.8185,211.935,51.42258424008389,45.38733287835044,,,
1768570200,211.935,211.946,211.8095,211.8115,44.15249052178878,44.384182137675694,,,
1768570500,211.8115,211.8675,211.807,211.818,44.596461616328604,43.33194242531876,,,
1768570800,211.818,211.8435,211.7695,211.836,45.87954868044118,43.183567496271735,,,
1768571100,211.836,211.867,211.812,211.8575,47.445153097229046,42.97140712531813,,,
1768571400,211.8575,211.866,211.7635,211.8165,44.78455676080039,42.50744372932625,,,
1768571700,211.8165,211.834,211.775,211.803,43.911386606536766,41.916964236945375,,,
1768572000,211.803,211.853,211.76,211.8255,45.80783292389793,42.26338369623733,,,
1768572300,211.8255,211.892,211.815,211.876,49.9021239309112,42.59597742862751,,,
1768572600,211.876,211.8985,211.858,211.859,48.57176657564504,43.137750048775736,,,
1768572900,211.859,211.903,211.839,211.839,46.984783581021695,43.81440752346195,,,
1768573200,211.839,211.8565,211.801,211.8565,48.568262572465066,45.123880046432944,,,
1768573500,211.8565,211.8595,211.7775,211.7945,43.59967094758929,46.361895607170034,,,
1768573800,211.7945,211.817,211.7775,211.8005,44.19464883432751,46.415805063504685,,,
1768574100,211.8005,211.8115,211.673,211.6925,36.6915246578846,45.36358652191901,,,
1768574400,211.6925,211.7355,211.6645,211.6675,35.20169386953039,44.724243903900565,,,
1768574700,211.6675,211.7515,211.65,211.7515,43.502568446891736,44.64610867751221,,,
1768575000,211.7515,211.754,211.5195,211.611,35.34638593867719,43.89373991024336,,,
1768575300,211.611,211.6205,211.564,211.568,33.28929518915372,42.88260720252369,,,
1768575600,211.568,211.568,211.4885,211.5425,32.09634999619496,41.976306719337586,,,
1768575900,211.5425,211.5995,211.541,211.559,33.75069344207755,41.25054292187621,,,
1768576200,211.559,211.6265,211.5485,211.561,33.960715856848125,40.404320274229796,,,
1768576500,211.561,211.5885,211.5295,211.588,36.87033565294662,39.47347825437519,,,
1768576800,211.588,211.661,211.4765,211.5075,32.30087471791461,38.31127169310872,,,
1768577100,211.5075,211.528,211.3885,211.528,34.52622273161725,37.42137448957983,,,
1768577400,211.528,211.5555,211.4525,211.4885,32.32159349367765,36.2608981268093,,,
1768577700,211.4885,211.527,211.426,211.4445,30.02192470721448,35.291059109639676,,,
1768578000,211.4445,211.573,211.4415,211.5525,41.099554960985145,35.06998097582951,,,
1768578300,211.5525,211.6325,211.545,211.5785,43.421595739276626,35.55070033878608,,,
1768578600,211.5785,211.6045,211.4115,211.4325,35.06251497529722,35.54075898919799,,,
1768578900,211.4325,211.491,211.4155,211.457,37.24571748611911,35.09384106342852,,,
1768579200,211.457,211.545,211.4315,211.5135,42.08166596682027,35.57493249401016,,,
1768579500,211.5135,211.612,211.5075,211.6075,49.10832857056782,36.70486344982545,,,
1768579800,211.6075,211.636,211.459,211.4625,40.87120922431712,37.331639108977036,,,
1768580100,211.4625,211.515,211.4335,211.5085,44.0759529836572,38.0691576476613,,,
1768580400,211.5085,211.544,211.495,211.539,46.159623711114136,38.9405082086803,,,
1768580700,211.539,211.571,211.5165,211.5225,45.17892593910281,39.533978943405735,,,
1768581000,211.5225,211.578,211.5035,211.567,48.36515197486302,40.68142731890206,,,
1768581300,211.567,211.602,211.554,211.561,47.96040112294027,41.64101148971084,,,
1768581600,211.561,211.561,211.4785,211.499,43.8744598517345,42.46621622957205,,,
1768581900,211.499,211.5335,211.491,211.491,43.36113424610154,43.41901691092112,,,
1768582200,211.491,211.52,211.4435,211.466,41.718486672261726,43.463226318869445,,,
1768582500,211.466,211.467,211.401,211.4645,41.616616634726554,43.334299239973014,,,
1768582800,211.4645,211.551,211.4615,211.551,49.304347469881094,44.351572989586145,,,
1768583100,211.551,211.5685,211.514,211.5495,49.183402637703395,45.20426478612787,,,
1768583400,211.5495,211.551,211.488,211.53,47.55040936115997,45.594889314295,,,
1768583700,211.53,211.5585,211.517,211.5545,49.80537135991859,45.64467808496291,,,
1768584000,211.5545,211.6095,211.535,211.5645,50.73635545480654,46.34933138714073,,,
1768584300,211.5645,211.605,211.541,211.58,52.21575713161123,46.93074596913745,,,
1768584600,211.58,211.6285,211.574,211.6245,56.27549049819083,47.65330788250007,,,
1768584900,211.6245,211.6355,211.5705,211.5705,50.65174514552599,48.04422354010172,,,
1768585200,211.5705,211.5705,211.523,211.5425,47.974630606732795,48.01632915666385,,,
1768585500,211.5425,211.5885,211.541,211.5845,52.06707175790472,48.30966277344703,,,
1768585800,211.5845,211.602,211.5635,211.568,50.39007728156509,48.775064018434925,,,
1768586100,211.568,211.5825,211.556,211.574,51.00801612267677,49.32126986676173,,,
1768586400,211.574,211.5965,211.552,211.5665,50.16683723930377,49.9247234786933,,,
1768586700,211.5665,211.623,211.5575,211.572,50.80750793944722,50.58121571474478,,,
1768587000,211.572,211.5985,211.5665,211.592,53.165458391121064,50.85700935197621,,,
1768587300,211.592,211.669,211.592,211.6675,60.803540611698956,51.687019207261606,,,
1768587600,211.6675,211.6995,211.6425,211.694,63.07952333059515,52.796241633649835,,,
1768587900,211.694,211.705,211.6795,211.682,61.34250779218137,53.62032280738289,,,
1768588200,211.682,211.69,211.676,211.69,62.09195342027812,54.43143694777372,,,
1768588500,211.69,211.692,211.672,211.673,59.454209211290106,54.94846923917936,,,
1768588800,211.673,211.706,211.648,211.705,62.66900002695187,55.40514849123372,,,
1768589100,211.705,211.7125,211.6665,211.698,61.51990655873302,56.181445735034224,,,
1768589400,211.698,211.6985,211.6325,211.655,54.86484814931227,56.67360413093276,,,
1768589700,211.655,211.6635,211.628,211.6435,53.207095152419015,56.75503437339807,,,
1768590000,211.6435,211.696,211.6365,211.695,59.1585227497149,57.38135190683733,,,
1768590300,211.695,211.714,211.6775,211.683,57.328851394347126,57.83284014052807,,,
1768590600,211.683,211.684,211.586,211.587,45.267039947520885,57.48285461968644,,,
1768590900,211.587,211.6455,211.582,211.6385,51.19888403303235,57.51081005494252,,,
1768591200,211.6385,211.656,211.6295,211.6505,52.49092436935301,57.46262905338766,,,
1768591500,211.6505,211.6635,211.6215,211.6215,49.10721496443523,56.62717722144025,,,
1768591800,211.6215,211.633,211.5985,211.6195,48.873225383283526,55.612441653775136,,,
1768592100,211.6195,211.652,211.6165,211.626,49.7118828828738,54.781682731681734,,,
1768592400,211.626,211.6685,211.62,211.654,53.26802975045992,54.15140246955186,,,
1768592700,211.654,211.6725,211.6165,211.629,49.87663663522026,53.46729014268973,,,
1768593000,211.629,211.6345,211.6005,211.6035,46.61649847861649,52.320682889237204,,,
1768593300,211.6035,211.614,211.568,211.5975,45.856977068542534,51.20190221136645,,,
1768593600,211.5975,211.599,211.564,211.593,45.26135081829249,50.51593811629361,,,
1768593900,211.593,211.61,211.5865,211.593,45.26135081829249,49.94838494957029,,,
1768594200,211.593,211.6065,211.5885,211.5955,45.71564787997292,48.988179601731574,,,
1768594500,211.5955,211.6065,211.566,211.567,41.48836150053356,47.85671603788774,,,
1768594800,211.567,211.5835,211.5535,211.568,41.692095751360334,47.601362881019135,,,
1768595100,211.568,211.5685,211.522,211.529,36.372867593914336,46.54236170679643,,,
1768595400,211.529,211.553,211.5075,211.5435,39.46521294710622,45.6119537480645,,,
1768595700,211.5435,211.5485,211.5305,211.5385,38.76556677423241,44.87326459162144,,,
1768596000,211.5385,211.54,211.5155,211.5375,38.61810831637112,44.140756229699136,,,
1768596300,211.5375,211.5485,211.527,211.5435,40.090605304363024,43.453522116948356,,,
1768596600,211.5435,211.548,211.522,211.5305,37.96550185156554,42.36048440988447,,,
1768596900,211.5305,211.5385,211.513,211.5205,36.36850435372323,41.395617818348974,,,
1768597200,211.5205,211.55,211.5105,211.539,41.28881317564332,41.0150688681366,,,
1768597500,211.539,211.5615,211.523,211.559,46.13776174639233,41.03512491655444,,,
1768597800,211.559,211.5675,211.547,211.558,45.933488806701156,41.08313477286935,,,
1768598100,211.558,211.588,211.558,211.5595,46.31742898880088,41.15856892790566,,,
1768598400,211.5595,211.5605,211.509,211.511,37.135063857931804,40.54567006918844,,,
1768598700,211.511,211.517,211.477,211.505,36.179484663202686,40.16646458080766,,,
1768599000,211.505,211.5135,211.498,211.502,35.685033607739484,39.737388713406176,,,
1768599300,211.502,211.507,211.476,211.4795,32.137555542899904,39.434866424047996,,,
1768599600,211.4795,211.5005,211.4665,211.4935,36.37580129481252,39.214194163169886,,,
1768599900,211.4935,211.543,211.4935,211.5145,42.206389933499146,39.45996724597465,,,
1768600200,211.5145,211.5285,211.447,211.4675,34.570509735264324,39.17085306160988,,,
1768600500,211.4675,211.5575,211.4665,211.499,42.127525535402135,39.31634736382696,,,
1768773600,211.499,211.499,210.742,210.869,12.07901413726779,37.46731252709141,,,
1768773900,210.869,210.881,210.751,210.7555,10.610634475021115,35.62746467861269,,,
1768774200,210.7555,210.8265,210.7465,210.7785,12.920773370364728,33.60117612109279,,,
1768774500,210.7785,210.9045,210.768,210.9045,24.4411106853603,32.05141533101907,,,
1768774800,210.9045,210.9295,210.892,210.9025,24.385962064036974,30.512306277971625,,,
1768775100,210.9025,210.9035,210.812,210.854,23.02894829861397,28.848843371529703,,,
1768775400,210.854,210.878,210.847,210.852,22.97217822247879,27.837208683283055,,,
1768775700,210.852,210.902,210.851,210.8985,27.450229433284463,27.21369045257461,,,
1768776000,210.8985,210.9025,210.8685,210.9,27.59645531780656,26.635934860436546,,,
1768776300,210.9,210.9205,210.8925,210.903,27.909410013719054,26.333924465495052,,,
1768776600,210.903,210.919,210.807,210.8095,24.37340488375139,25.47661043613354,,,
1768776900,210.8095,210.8755,210.808,210.8625,29.80256228463206,24.590622746928748,,,
1768777200,210.8625,210.8735,210.725,210.8715,30.712194875727974,24.315028828390435,,,
1768777500,210.8715,211.105,210.8715,211.0065,42.70538000975202,24.356304147986858,,,
1768777800,211.0065,211.0105,210.9345,210.964,40.33818553872044,26.374816390947757,,,
1768778100,210.964,211.132,210.964,211.0345,45.71377236334317,28.882183382970762,,,
1768778400,211.0345,211.1075,211.026,211.0745,48.5464696061149,31.426875971238633,,,
1768778700,211.0745,211.097,211.001,211.044,46.55179763960022,33.00621075368434,,,
1768779000,211.044,211.2295,211.0365,211.203,56.56992182354354,35.305065022220525,,,
1768779300,211.203,211.2635,211.1665,211.212,57.06053589072704,37.73589270737146,,,
1768779600,211.212,211.241,211.125,211.132,51.49222812843973,39.773039129225815,,,
1768779900,211.132,211.184,211.057,211.058,46.93012104205087,41.164459958423414,,,
1768780200,211.058,211.1535,211.041,211.1335,51.6380263780921,42.8817150341581,,,
1768780500,211.1335,211.2095,211.1245,211.154,52.86082020914312,44.66395861954553,,,
1768780800,211.154,211.193,211.0955,211.1525,52.75571099597126,46.6912661989898,,,
1768781100,211.1525,211.263,211.129,211.247,58.37163787112279,48.73191445516772,,,
1768781400,211.247,211.331,211.247,211.3065,61.476667948480284,50.92937681750716,,,
1768781700,211.3065,211.331,211.119,211.154,50.98075316333624,51.52047489990604,,,
1768782000,211.154,211.1615,211.073,211.095,47.595124709955265,52.03882769785138,,,
1768782300,211.095,211.238,211.071,211.228,54.87082435023083,52.69290283977193,,,
1768782600,211.228,211.2515,211.1995,211.2355,55.24814314265232,53.17159380666745,,,
1768782900,211.2355,211.2625,211.1945,211.247,55.85757961021633,53.83629251885433,,,
1768783200,211.247,211.2755,211.206,211.2355,55.05023080726923,53.72774316054902,,,
1768783500,211.2355,211.273,211.2315,211.249,55.85683991939921,53.64176487688274,,,
1768783800,211.249,211.2625,211.0915,211.1275,47.58125428825088,53.36240960258353,,,
1768784100,211.1275,211.1385,211.0075,211.0335,42.35314884136043,53.03548301681993,,,
1768784400,211.0335,211.153,211.009,211.1025,46.960133781683446,52.70134783136218,,,
1768784700,211.1025,211.1445,211.022,211.076,45.45758349919526,52.17254520922303,,,
1768785000,211.076,211.083,210.9795,211.009,41.814723117680536,51.391046075059414,,,
1768785300,211.009,211.081,210.983,210.994,41.02212063465492,50.15179484388314,,,
1768785600,210.994,211.007,210.9725,210.9935,40.994226536260484,48.688763314438866,,,
1768785900,210.9935,210.9965,210.9015,210.915,36.76716385851022,47.673506935522724,,,
1768786200,210.915,211.031,210.9105,211.0245,45.24810909842539,47.50586296327059,,,
1768786500,211.0245,211.0595,211,211.0405,46.379781497836845,46.8993599023853,,,
1768786800,211.0405,211.1165,211.0365,211.1115,51.19997724670982,46.61020519553227,,,
1768787100,211.1115,211.207,211.105,211.207,56.822409203974225,46.67912159508641,,,
1768787400,211.207,211.24,211.167,211.1775,54.724952964960565,46.65588746349293,,,
1768787700,211.1775,211.201,211.158,211.171,54.24978482968037,46.54109781422729,,,
1768788000,211.171,211.25,211.168,211.2305,57.85702757512869,47.27508162043285,,,
1768788300,211.2305,211.2535,211.208,211.2435,58.62462800467475,48.43733013209816,,,
1768788600,211.2435,211.337,211.2345,211.2955,61.63480562562348,49.48552097809388,,,
1768788900,211.2955,211.2955,211.219,211.237,56.64219716391648,50.2844219541454,,,
1768789200,211.237,211.256,211.1985,211.1995,53.64254474100589,51.1292663558115,,,
1768789500,211.1995,211.232,211.179,211.2295,55.66532649871376,52.1752096318157,,,
1768789800,211.2295,211.3215,211.212,211.293,59.67610828672081,53.50962975684858,,,
1768790100,211.293,211.349,211.278,211.344,62.60235481093791,55.35500053916485,,,
1768790400,211.344,211.348,211.311,211.346,62.716618507185245,56.60275121121912,,,
1768790700,211.346,211.3975,211.3435,211.3835,64.88315241228813,57.92442056225144,,,
1768791000,211.3835,211.384,211.3375,211.3615,62.58541993780128,58.73766646875798,,,
1768791300,211.3615,211.3915,211.324,211.328,59.1503794187395,58.90395005552692,,,
1768791600,211.328,211.375,211.297,211.3685,61.87475065231616,59.41464989033803,,,
1768791900,211.3685,211.3875,211.343,211.3835,62.86264421703898,60.029854132292215,,,
1768792200,211.3835,211.4405,211.3835,211.408,64.4815122206877,60.50303160697501,,,
1768792500,211.408,211.408,211.3605,211.379,61.087085309278315,60.67892141444669,,,
1768792800,211.379,211.38,211.317,211.3585,58.73335549934636,60.47167497685547,,,
1768793100,211.3585,211.361,211.285,211.313,53.78030575377053,60.26725416184504,,,
1768793400,211.313,211.3535,211.3125,211.334,55.63971417589079,60.40990912147968,,,
1768793700,211.334,211.435,211.2795,211.432,63.10014416657598,60.94096752632697,,,
1768794000,211.432,211.4345,211.3955,211.409,60.527335310890116,61.001769456624785,,,
1768794300,211.409,211.426,211.3815,211.413,60.826483629652266,60.87492151510438,,,
1768794600,211.413,211.423,211.393,211.418,61.22209535573417,60.76816986142931,,,
1768794900,211.418,211.431,211.376,211.38,56.548054124400316,60.172805698008744,,,
1768795200,211.38,211.4185,211.332,211.409,59.113502851836735,59.924811620439854,,,
1768795500,211.409,211.41,211.365,211.3845,56.10001228948776,59.70692825406473,,,
1768795800,211.3845,211.4175,211.3805,211.401,57.66525827521077,59.40625022712863,,,
1768796100,211.401,211.4425,211.3985,211.4425,61.39368322656217,59.30132444209458,,,
1768796400,211.4425,211.447,211.3865,211.4,55.958432891773235,58.69253306145783,,,
1768796700,211.4,211.4255,211.383,211.392,54.971875941639475,58.25573239234077,,,
1768797000,211.392,211.423,211.39,211.405,56.31954067047149,58.08331704742114,,,
1768797300,211.405,211.423,211.3965,211.412,57.064704617309786,58.31791696624538,,,
1768797600,211.412,211.427,211.407,211.4145,57.34458051976638,58.43969313366506,,,
1768797900,211.4145,211.456,211.385,211.4505,61.260651377988616,58.308300791623104,,,
1768798200,211.4505,211.457,211.4135,211.442,59.86319794149316,58.260862408094745,,,
1768798500,211.442,211.443,211.405,211.4135,55.30754399734381,57.866652434358436,,,
1768798800,211.4135,211.424,211.368,211.3785,50.250052081047336,57.08293505759509,,,
1768799100,211.3785,211.384,211.3475,211.377,50.038865569163896,56.61799301793535,,,
1768799400,211.377,211.42,211.375,211.42,55.776637734457125,56.37964550955108,,,
1768799700,211.42,211.4585,211.42,211.4395,58.125264082284644,56.52430635189371,,,
1768800000,211.4395,211.4915,211.4395,211.4655,61.09228949392443,56.769094296087545,,,
1768800300,211.4655,211.553,211.4635,211.5265,67.00005872039773,57.169549688504375,,,
1768800600,211.5265,211.5415,211.511,211.536,67.81957590221012,58.016774189249865,,,
1768800900,211.536,211.571,211.526,211.5695,70.59291373924427,59.13256260336449,,,
1768801200,211.5695,211.6195,211.558,211.609,73.4935878097488,60.35928025617002,,,
1768801500,211.609,211.615,211.5365,211.5525,63.799629851407865,60.840346344319876,,,
1768801800,211.5525,211.5525,211.494,211.518,58.707487805896186,60.93769686475772,,,
1768802100,211.518,211.5215,211.502,211.51,57.56023148832146,60.673381158352925,,,
1768802400,211.51,211.524,211.495,211.502,56.37383667971394,60.424141068225836,,,
1768802700,211.502,211.5465,211.502,211.5415,60.68287405900395,60.80809321548727,,,
1768803000,211.5415,211.5865,211.5345,211.552,61.764015233112815,61.63051915492053,,,
1768803300,211.552,211.552,211.4645,211.482,51.58085446787196,61.74066121911396,,,
1768803600,211.482,211.534,211.482,211.521,55.93946528704532,61.75229175858454,,,
1768803900,211.521,211.5645,211.51,211.558,59.650468015131764,61.86123489664505,,,
1768804200,211.558,211.5815,211.531,211.5595,59.79829719831036,61.768806875529755,,,
1768804500,211.5595,211.561,211.5105,211.53,55.49233589841323,60.946826673959436,,,
1768804800,211.53,211.53,211.4465,211.456,46.455562102080236,59.42082568823587,,,
1768805100,211.456,211.4965,211.456,211.49,50.44830036015462,57.98192473258661,,,
1768805400,211.49,211.4925,211.4505,211.464,47.52953516627838,56.127349543767295,,,
1768805700,211.464,211.4765,211.447,211.4545,46.47156157659346,54.88963038128055,,,
1768806000,211.4545,211.5405,211.4385,211.5095,52.99503319738293,54.48159790924389,,,
1768806300,211.5095,211.605,211.5095,211.5175,53.87554947673043,54.21840633698738,,,
1768806600,211.5175,211.5815,211.4785,211.5735,59.58298021445557,54.44763087518322,,,
1768806900,211.5735,211.5945,211.4825,211.4965,50.35620718247348,53.7100118125739,,,
1768807200,211.4965,211.6275,211.4965,211.6245,61.13150472895616,53.664832490848426,,,
1768807500,211.6245,211.6675,211.6105,211.6505,62.89333590849121,54.472866879464085,,,
1768807800,211.6505,211.6545,211.4915,211.499,48.96557280964035,53.97473170250659,,,
1768808100,211.499,211.4995,211.427,211.487,48.057765631997476,53.146681532282706,,,
1768808400,211.487,211.601,211.483,211.543,52.48492966622149,52.6242981371335,,,
1768808700,211.543,211.608,211.5415,211.572,54.641000890189396,52.56348849368895,,,
1768809000,211.572,211.6085,211.566,211.585,55.613332280797096,53.21761493502587,,,
1768809300,211.585,211.6675,211.583,211.65,60.20655088275541,53.91463282949735,,,
1768809600,211.65,211.6985,211.614,211.6755,61.87342893618762,54.93919667020515,,,
1768809900,211.6755,211.7275,211.634,211.7185,64.56864141602028,56.23184523016421,,,
1768810200,211.7185,211.814,211.7065,211.711,63.722514219556224,56.99809387460516,,,
1768810500,211.711,211.782,211.6945,211.7635,66.98403892917693,57.93441454977991,,,
1768810800,211.7635,211.827,211.7235,211.7865,68.32748209648253,58.55902182706755,,,
1768811100,211.7865,211.8085,211.7175,211.726,61.26554451166056,59.33826020772377,,,
1768811400,211.726,211.739,211.661,211.676,56.104632086709074,58.9791978761347,,,
1768811700,211.676,211.7455,211.6705,211.7445,60.957048704749425,58.840891647296,,,
1768812000,211.7445,211.777,211.715,211.7665,62.39486478133493,59.80012678813132,,,
1768812300,211.7665,211.778,211.726,211.7565,61.289992028297725,60.74528581643848,,,
1768812600,211.7565,211.898,211.7535,211.8705,68.20263442347078,61.86797901338486,,,
1768812900,211.8705,211.9065,211.8345,211.8985,69.63682188200193,62.93910908422862,,,
1768813200,211.8985,212.003,211.8585,211.9915,73.85490058315152,64.2420782486825,,,
1768813500,211.9915,212.0625,211.8635,211.9515,69.38986214315852,64.89802905299702,,,
1768813800,211.9515,211.9665,211.822,211.8405,58.7714420741044,64.67645856284821,,,
1768814100,211.8405,211.951,211.7275,211.7675,53.02464082315715,63.85188709192941,,,
1768814400,211.7675,211.8305,211.7055,211.7055,48.671634718158536,62.776824270401,,,
1768814700,211.7055,211.7595,211.679,211.7215,49.81658010508511,61.5505772115373,,,
1768815000,211.7215,211.836,211.72,211.789,54.43436056253117,60.558211387683635,,,
1768815300,211.789,211.845,211.7435,211.7765,53.4534271984719,60.00020300817016,,,
1768815600,211.7765,211.8095,211.5775,211.7195,49.10767204848124,59.50042014829675,,,
1768815900,211.7195,211.792,211.695,211.747,51.170278932994975,58.8013651646,,,
1768816200,211.747,211.8135,211.7465,211.7645,52.48987306261784,58.093865756120216,,,
1768816500,211.7645,211.785,211.7025,211.7185,48.759758713127155,57.198849090750876,,,
1768816800,211.7185,211.83,211.6925,211.7985,54.77853363338619,56.23998474860198,,,
1768817100,211.7985,211.809,211.7395,211.8,54.88553730535061,55.186321564555456,,,
1768817400,211.8,211.814,211.762,211.7915,54.10427304661226,53.775562454802646,,,
1768817700,211.7915,211.8125,211.77,211.772,52.26620586735011,52.55244414938777,,,
1768818000,211.772,211.776,211.7155,211.726,48.11373327958132,51.79117923549326,,,
1768818300,211.726,211.7455,211.6805,211.6815,44.43578577326789,51.1776895890726,,,
1768818600,211.6815,211.712,211.6625,211.6765,44.02853178119655,50.8460393792896,,,
1768818900,211.6765,211.73,211.675,211.7035,46.86074775486946,50.63490849713134,,,
1768819200,211.7035,211.7235,211.676,211.7105,47.60103679825348,50.14681394254007,,,
1768819500,211.7105,211.743,211.6905,211.719,48.53854168663323,49.79575069169446,,,
1768819800,211.719,211.734,211.6935,211.698,46.33294643322443,49.59755600489039,,,
1768820100,211.698,211.7405,211.673,211.7215,49.11923429940276,49.45105281677667,,,
1768820400,211.7215,211.761,211.6815,211.756,52.97887734645706,49.48598169419375,,,
1768820700,211.756,211.7735,211.7315,211.7495,52.17582879237835,49.72998669985454,,,
1768821000,211.7495,211.803,211.749,211.776,55.15998790178228,49.757233433311406,,,
1768821300,211.776,211.826,211.7715,211.8185,59.5223122941786,50.088431646799116,,,
1768821600,211.8185,211.8295,211.786,211.7885,55.423454632922486,50.182658902964135,,,
1768821900,211.7885,211.8145,211.7705,211.8125,57.919967343278046,50.58649900838757,,,
1768822200,211.8125,211.8635,211.8115,211.8535,61.85068144260224,51.567709591460485,,,
1768822500,211.8535,211.8885,211.848,211.8565,62.12943425819423,52.83154162609809,,,
1768822800,211.8565,211.891,211.8275,211.889,65.10419782476731,54.336946343496,,,
1768823100,211.889,211.93,211.8845,211.9285,68.35746918900604,55.87242644593433,,,
1768823400,211.9285,211.9575,211.9175,211.931,68.55726894872878,57.36930017096829,,,
1768823700,211.931,211.941,211.886,211.911,65.0201753158223,58.546559715910355,,,
1768824000,211.911,211.912,211.812,211.8405,54.37124202628154,59.120723686843014,,,
1768824300,211.8405,211.8485,211.776,211.8275,52.65860152529983,59.37353563154995,,,
1768824600,211.8275,211.856,211.7985,211.828,52.720287030079156,59.355064894665816,,,
1768824900,211.828,211.882,211.828,211.8485,55.29241062604924,59.57767788278516,,,
1768825200,211.8485,211.8765,211.8275,211.833,52.946989698055134,59.41960658251894,,,
1768825500,211.833,211.8345,211.781,211.8165,50.49164903863019,58.77455920712263,,,
1768825800,211.8165,211.8255,211.78,211.809,49.370912227922986,58.34223474962266,,,
1768826100,211.809,211.848,211.7965,211.837,53.518939134078956,58.02787559182273,,,
1768826400,211.837,211.912,211.832,211.889,60.06299438501143,57.90018365913767,,,
1768826700,211.889,211.8985,211.8625,211.873,57.38581894679187,57.5613539940375,,,
1768827000,211.873,211.885,211.805,211.818,49.25800006502456,56.42948272548445,,,
1768827300,211.818,211.8635,211.815,211.8425,52.48631730149748,55.295829019233835,,,
1768827600,211.8425,211.8945,211.8195,211.8625,55.00306758758918,54.32767177915243,,,
1768827900,211.8625,211.895,211.8435,211.863,55.06714576233201,53.61674109676027,,,
1768828200,211.863,211.875,211.849,211.849,52.79987777100897,53.50450079281222,,,
1768828500,211.849,211.87,211.823,211.867,55.34555944216245,53.69642635830241,,,
1768828800,211.867,211.8865,211.846,211.8745,56.400708572312794,53.9593136113191,,,
1768829100,211.8745,211.8805,211.8485,211.863,54.28268037794716,53.887190022168944,,,
1768829400,211.863,211.874,211.799,211.84,50.22064118799364,53.692450842878834,,,
1768829700,211.84,211.8645,211.803,211.808,45.15750520851409,53.311440569299116,,,
1768830000,211.808,211.8285,211.794,211.812,45.89184115978805,53.062935493003764,,,
1768830300,211.812,211.833,211.7895,211.831,49.36037818422544,52.765895425157076,,,
1768830600,211.831,211.888,211.8285,211.8525,53.02962674145605,52.26351202204599,,,
1768830900,211.8525,211.864,211.8295,211.8355,49.94786705025798,51.73222974372214,,,
1768831200,211.8355,211.867,211.8145,211.865,54.851126733033766,52.13173879143709,,,
1768831500,211.865,211.865,211.8185,211.8355,49.61663742732653,51.92676165756773,,,
1768831800,211.8355,211.848,211.808,211.829,48.51796712945826,51.46354019627266,,,
1768832100,211.829,211.838,211.754,211.757,38.38003748281695,50.271603890593006,,,
1768832400,211.757,211.805,211.757,211.805,46.41820994361219,49.81577047435038,,,
1768832700,211.805,211.839,211.7955,211.8345,50.6766805042484,49.48227912164224,,,
1768833000,211.8345,211.8605,211.822,211.8545,53.38178905167176,49.26664201302502,,,
1768833300,211.8545,211.86,211.818,211.8235,48.904665554187595,48.882498097042195,,,
1768833600,211.8235,211.8735,211.814,211.8625,54.11821882344571,49.160896499574484,,,
1768833900,211.8625,211.9125,211.858,211.91,59.53394966968771,50.18778538965831,,,
1768834200,211.91,211.944,211.872,211.8905,56.581277458763246,50.95131655387082,,,
1768834500,211.8905,211.92,211.882,211.911,58.88964873394156,51.6319787359934,,,
1768834800,211.911,211.947,211.9035,211.934,61.37106708429792,52.22779590333925,,,
1768835100,211.934,211.9595,211.9115,211.9135,58.01010830071992,52.80367027837224,,,
1768835400,211.9135,211.9325,211.8915,211.927,59.579967705052205,53.141444633516414,,,
1768835700,211.927,211.993,211.924,211.983,65.36459310772949,54.266298610688054,,,
1768836000,211.983,212.0125,211.9645,212.0095,67.71893216290212,55.6377961130769,,,
1768836300,212.0095,212.11,212.0085,212.097,74.00274300017313,58.18227507860234,,,
1768836600,212.097,212.1075,212.0555,212.0745,70.21761613575768,59.88223266375559,,,
1768836900,212.0745,212.133,212.0655,212.1155,72.93429320611702,61.472062142460494,,,
1768837200,212.1155,212.1435,212.104,212.133,74.02347046352793,62.94646795759307,,,
1768837500,212.133,212.187,212.104,212.182,76.83448947092833,64.94145538021742,,,
1768837800,212.182,212.2035,212.1595,212.161,73.17954922312333,66.30297898019437,,,
1768838100,212.161,212.1685,212.1175,212.147,70.76284887414694,67.10504320908433,,,
1768838400,212.147,212.203,212.116,212.192,73.76221452256459,68.33225299935584,,,
1768838700,212.192,212.2255,212.168,212.2005,74.29855793094116,69.43288937057011,,,
1768839000,212.2005,212.2445,212.1925,212.2445,76.9277600002093,70.54408172170663,,,
1768839300,212.2445,212.3265,212.2315,212.3235,80.73781409663005,72.16748927855737,,,
1768839600,212.3235,212.334,212.2795,212.3015,76.92798067936575,73.4066330624369,,,
1768839900,212.3015,212.357,212.3015,212.3415,78.87942733138851,74.37197836412683,,,
1768840200,212.3415,212.3755,212.334,212.3715,80.23001669683251,75.26562725940758,,,
1768840500,212.3715,212.392,212.33,212.33,73.25175582884972,75.21198531859876,,,
1768840800,212.33,212.391,212.3185,212.3745,75.69313821615098,75.60309403862686,,,
1768841100,212.3745,212.3905,212.36,212.3815,76.06324623340277,75.82659068343298,,,
1768841400,212.3815,212.3895,212.2965,212.306,64.63228601433423,75.15579179420487,,,
1768841700,212.306,212.315,212.258,212.266,59.52808800632313,73.91962026101878,,,
1768842000,212.266,212.301,212.246,212.2965,61.99281186295702,73.12056759243548,,,
1768842300,212.2965,212.3025,212.2525,212.2705,58.71043790455637,72.25968109460757,,,
1768842600,212.2705,212.303,212.2705,212.296,60.897221735132035,71.3407530383624,,,
1768842900,212.296,212.3,212.2625,212.2795,58.72975609533538,70.22869576439055,,,
1768843200,212.2795,212.295,212.266,212.2855,59.297081564590876,68.9693615904178,,,
1768843500,212.2855,212.295,212.2645,212.279,58.3611037984349,67.37102514054672,,,
1768843800,212.279,212.2895,212.2745,212.278,58.20887642419264,66.03394626517722,,,
1768844100,212.278,212.278,212.2475,212.253,54.3893639626641,64.28465602455404,,,
1768844400,212.253,212.271,212.242,212.27,56.48056396033264,62.58826654337548,,,
1768844700,212.27,212.2885,212.244,212.244,52.51485599053215,61.10705941206709,,,
1768845000,212.244,212.2445,212.21,212.236,51.320822156460906,59.36617969351779,,,
1768845300,212.236,212.2655,212.236,212.2615,54.84513068429305,57.85060001143853,,,
1768845600,212.2615,212.2615,212.2435,212.254,53.61563251556927,57.06369619009818,,,
1768845900,212.254,212.2575,212.242,212.255,53.76446205763607,56.65200862233481,,,
1768846200,212.255,212.258,212.229,212.2445,51.88207542603464,55.929813162554645,,,
1768846500,212.2445,212.2665,212.241,212.262,54.72709538124405,55.645288696603764,,,
1768846800,212.262,212.282,212.2605,212.28,57.50991568008961,55.40333826410073,,,
1768847100,212.28,212.281,212.2755,212.278,57.09001254603427,55.286213724864936,,,
1768847400,212.278,212.299,212.278,212.298,60.21808466556577,55.351999660648865,,,
1768847700,212.298,212.2995,212.2815,212.2885,58.05325736646692,55.33001062979401,,,
1768848000,212.2885,212.2905,212.2675,212.269,53.779509980848026,55.01362731241225,,,
1768848300,212.269,212.278,212.268,212.2695,53.87327803929003,54.97676403217124,,,
1768848600,212.2695,212.2755,212.242,212.2435,48.37724269565507,54.39795537040856,,,
1768848900,212.2435,212.2505,212.2305,212.239,47.474507383307575,54.037930469892515,,,
1768849200,212.239,212.2565,212.239,212.251,50.14610956777876,53.95402242784379,,,
1768849500,212.251,212.3025,212.2485,212.3015,59.48529768524664,54.2854629279119,,,
1768849800,212.3015,212.324,212.3005,212.315,61.55848089875811,54.85280924099682,,,
1768850100,212.315,212.316,212.3005,212.313,61.05998380946493,55.37391793755602,,,
1768850400,212.313,212.3155,212.301,212.3045,58.87775837568551,55.8736095768168,,,
1768850700,212.3045,212.3115,212.287,212.2885,54.90031927521992,55.885982712100784,,,
1768851000,212.2885,212.29,212.2725,212.2735,51.39498850729967,55.449202199758645,,,
1768851300,212.2735,212.2735,212.2685,212.269,50.35623307529844,54.96821795184894,,,
1768851600,212.269,212.271,212.254,212.26,48.255578056329234,54.11375319404633,,,
1768851900,212.26,212.2685,212.2585,212.264,49.26851232550753,53.48627140540638,,,
1768852200,212.264,212.2655,212.25,212.252,46.33788959875291,52.95472709239959,,,
1768852500,212.252,212.2605,212.2425,212.244,44.44005451135144,52.28092541183255,,,
1768852800,212.244,212.261,212.244,212.259,48.683920359473596,52.30283095924816,,,
1768853100,212.259,212.287,212.2585,212.286,55.30217423775703,52.861950020280254,,,
1768853400,212.286,212.319,212.286,212.319,61.78875716854246,53.6935677060491,,,
1768853700,212.319,212.3205,212.3055,212.317,61.2090006971533,53.816689349756714,,,
1768854000,212.317,212.334,212.315,212.333,64.11022651102347,53.998956893489954,,,
1768854300,212.333,212.334,212.31,212.316,59.05628393287394,53.85583547373345,,,
1768854600,212.316,212.317,212.299,212.306,56.24735433939896,53.66794947114155,,,
1768854900,212.306,212.32,212.306,212.3115,57.44619243719677,53.849797554139904,,,
1768855200,212.3115,212.3205,212.3105,212.3195,59.197471185681906,54.407117745452915,,,
1768855500,212.3195,212.326,212.317,212.323,59.97358653093429,55.094071563712625,,,
1768855800,212.323,212.3345,212.323,212.3265,60.777046360258566,55.988462156850424,,,
1768856100,212.3265,212.3395,212.319,212.3355,62.84253457671128,56.95803517479356,,,
1768856400,212.3355,212.351,212.335,212.335,62.64516411519053,58.12284049739624,,,
1768856700,212.335,212.336,212.317,212.324,58.30653002562668,59.11330303413019,,,
1768857000,212.324,212.33,212.319,212.328,59.407469856529005,59.87927085534843,,,
1768857300,212.328,212.328,212.31,212.321,56.59124378693878,59.97134725171856,,,
1768857600,212.321,212.321,212.2715,212.2725,41.804366051721935,58.543890743374234,,,
1768857900,212.2725,212.302,212.2695,212.2705,41.324840919620286,57.1235936164076,,,
1768858200,212.2705,212.2865,212.2525,212.281,44.898376522698534,55.75131861724152,,,
1768858500,212.281,212.304,212.28,212.2925,48.59132677901375,55.00382167768009,,,
1768858800,212.2925,212.308,212.29,212.307,52.87951337624188,54.763261608883155,,,
1768859100,212.307,212.3215,212.3025,212.321,56.64021690313617,54.705691927878824,,,
1768859400,212.321,212.321,212.2985,212.305,51.5741806001256,54.16117117176766,,,
1768859700,212.305,212.319,212.259,212.259,40.38928192443709,52.76229227130358,,,
1768860000,212.259,212.259,212.0865,212.2345,35.92099537917849,50.98686005836929,,,
1768860300,212.2345,212.275,212.2315,212.2675,44.78209023638475,49.69682831977453,,,
1768860600,212.2675,212.2865,212.257,212.285,48.82365624075884,48.70957775731513,,,
1768860900,212.285,212.292,212.285,212.292,50.38789150560161,48.14396072017048,,,
1768861200,212.292,212.2955,212.288,212.295,51.078043163903295,47.54900167069722,,,
1768861500,212.295,212.295,212.2395,212.242,40.38860260317273,46.39167015757107,,,
1768861800,212.242,212.289,212.233,212.2885,50.229874456199056,46.99349218646229,,,
1768862100,212.2885,212.316,212.2875,212.3085,53.765375631540515,47.88210180874231,,,
1768862400,212.3085,212.3215,212.3085,212.315,54.887011507154504,48.59557573620345,,,
1768862700,212.315,212.3165,212.2805,212.2855,49.06887385777113,48.62968624182897,,,
1768863000,212.2855,212.3005,212.2855,212.2915,50.2245691720226,48.44004737009902,,,
1768863300,212.2915,212.2995,212.178,212.2745,46.97231560961411,47.749482991990305,,,
1768863600,212.2745,212.3415,212.2485,212.25,42.682668305139565,47.114374970919876,,,
1768863900,212.25,212.2795,212.25,212.27,46.94234158540341,47.5824506609889,,,
1768864200,212.27,212.3065,212.262,212.2965,52.02939272239789,48.73305047121885,,,
1768864500,212.2965,212.3065,212.2845,212.2985,52.40032177129187,49.277209866569365,,,
1768864800,212.2985,212.3055,212.288,212.2945,51.541919424533795,49.47137152255329,,,
1768865100,212.2945,212.3215,212.274,212.312,55.0140539349145,49.80181169607563,,,
1768865400,212.312,212.3275,212.2825,212.3,52.2494075833277,49.885480583177376,,,
1768865700,212.3,212.316,212.288,212.3105,54.40836387630125,50.88689210268655,,,
1768866000,212.3105,212.312,212.282,212.283,48.254712393829884,50.74580909823162,,,
1768866300,212.283,212.302,212.245,212.2715,45.91597801993087,50.18513784025949,,,
1768866600,212.2715,212.283,212.2375,212.2375,39.77769950494088,49.10590126867282,,,
1768866900,212.2375,212.2645,212.21,212.2435,41.26981063043052,48.54882532386277,,,
1768867200,212.2435,212.327,212.231,212.264,46.17665005125455,48.2596882438079,,,
1768867500,212.264,212.329,212.257,212.294,52.4390785661783,48.650171312133914,,,
1768867800,212.294,212.3465,212.288,212.3345,59.32033681815622,49.83857620592082,,,
1768868100,212.3345,212.347,212.199,212.201,39.1914470333105,49.28494088077133,,,
1768868400,212.201,212.2345,212.1295,212.1495,34.34923375955108,48.02207238342513,,,
1768868700,212.1495,212.1615,212.105,212.1525,34.854171619335105,46.76877594399964,,,
1768869000,212.1525,212.221,212.1525,212.205,43.10163929050788,46.16589879156923,,,
1768869300,212.205,212.249,212.194,212.216,44.68186670756111,45.42788541818684,,,
1768869600,212.216,212.2575,212.201,212.239,47.93770609098387,45.11990674016227,,,
1768869900,212.239,212.2515,212.1905,212.205,43.83083592294205,44.36436902920804,,,
1768870200,212.205,212.2445,212.091,212.169,39.93013403698864,43.769756289433666,,,
1768870500,212.169,212.169,211.911,211.93,24.403109067553046,42.23312279283525,,,
1768870800,211.93,211.9825,211.8535,211.96,28.178401415624293,41.404601500741215,,,
1768871100,211.96,211.9815,211.9215,211.9305,26.76303941531573,40.36840355680444,,,
1768871400,211.9305,211.9705,211.9005,211.949,29.165896695065626,39.15334974564809,,,
1768871700,211.949,212.034,211.949,212.032,38.85819875013176,38.18328690164476,,,
1768872000,212.032,212.0975,212.0295,212.0955,45.052762399928035,37.1641744431999,,,
1768872300,212.0955,212.201,212.086,212.1995,53.38306054827046,38.17786112283989,,,
1768872600,212.1995,212.201,212.1415,212.154,49.824148099431866,39.28321214711709,,,
1768872900,212.154,212.204,212.1525,212.1775,51.61820797979431,40.48064331572133,,,
1768873200,212.1775,212.2425,212.171,212.2395,56.08003449975222,41.40767154495307,,,
1768873500,212.2395,212.2765,212.2265,212.2285,55.108990596955366,42.15246610848123,,,
1768873800,212.2285,212.2285,212.1275,212.14,47.919787597557345,42.15118621609361,,,
1768874100,212.14,212.14,212.0065,212.031,40.85122254517505,41.93835668911026,,,
1768874400,212.031,212.127,212.027,212.127,48.110967540880175,42.52270193938823,,,
1768874700,212.127,212.1405,212.0855,212.091,45.838877597054754,44.053828262924064,,,
1768875000,212.091,212.1505,212.09,212.145,49.67786288498432,45.58950408216406,,,
1768875300,212.145,212.145,211.992,212.0285,42.653592001893784,46.724543552633925,,,
1768875600,212.0285,212.0565,211.9975,212.049,44.15008095018765,47.794842427999775,,,
1768875900,212.049,212.122,212.0335,212.1185,49.008354325437125,48.51985354052159,,,
1768876200,212.1185,212.177,212.118,212.168,52.19778040644651,49.03021196955863,,,
1768876500,212.168,212.1875,212.1545,212.1635,51.8800884501568,48.922856819693365,,,
1768876800,212.1635,212.2,212.159,212.1705,52.36576107312475,49.10440060352857,,,
1768877100,212.1705,212.2085,212.1275,212.1835,53.30827700254703,49.22511981943948,,,
1768877400,212.1835,212.1965,212.1185,212.124,48.57123822292552,48.68877722823756,,,
1768877700,212.124,212.1575,212.115,212.142,50.01822380116839,48.32515102853849,,,
1768878000,212.142,212.148,212.074,212.074,44.880859210560935,48.10808471518162,,,
1768878300,212.074,212.101,212.044,212.101,47.199787546503366,48.561553643847915,,,
1768878600,212.101,212.123,212.072,212.112,48.15674094210742,48.56482317250701,,,
1768878900,212.112,212.149,212.1095,212.144,50.942250880009205,48.92934983557519,,,
1768879200,212.144,212.2025,212.142,212.2015,55.56249221362613,49.34968050190674,,,
1768879500,212.2015,212.2155,212.192,212.1975,55.17321216811237,50.24393908520807,,,
1768879800,212.1975,212.246,212.1765,212.2435,58.75222666698132,51.28694949355047,,,
1768880100,212.2435,212.257,212.201,212.214,55.68187207856502,51.76362933305961,,,
1768880400,212.214,212.236,212.168,212.236,57.467024555918684,52.14000391516476,,,
1768880700,212.236,212.267,212.226,212.248,58.45014487608066,52.609293659873615,,,
1768881000,212.248,212.2705,212.241,212.2575,59.25312039729286,53.10124789731419,,,
1768881300,212.2575,212.2685,212.2305,212.24,57.06533708232523,53.36960933158406,,,
1768881600,212.24,212.305,212.219,212.303,62.44167415535771,54.36035475532922,,,
1768881900,212.303,212.31,212.244,212.2475,55.81130476585574,54.77414625280688,,,
1768882200,212.2475,212.2635,212.21,212.224,53.23373920244841,55.370780537941705,,,
1768882500,212.224,212.278,212.2175,212.276,57.870301131595475,56.132960079734,,,
1768882800,212.276,212.293,212.245,212.2625,56.30945584800348,56.71529685872657,,,
1768883100,212.2625,212.284,212.249,212.271,57.094132343186615,57.15471696323924,,,
1768883400,212.271,212.356,212.268,212.355,63.9791118297007,57.75590407867314,,,
1768883700,212.355,212.4065,212.351,212.3945,66.68625896230125,58.57826456397235,,,
1768884000,212.3945,212.436,212.3935,212.406,67.45318134924909,59.199761326991464,,,
1768884300,212.406,212.439,212.3855,212.3855,64.59828904882878,59.83664825343889,,,
1768884600,212.3855,212.4245,212.3735,212.4055,66.10551096694536,60.45368299708365,,,
1768884900,212.4055,212.417,212.3655,212.4075,66.26020730825061,61.0115445993815,,,
1768885200,212.4075,212.4805,212.4005,212.4625,70.2776645218971,61.799012036853235,,,
1768885500,212.4625,212.496,212.438,212.4415,66.99740560693724,62.508445502896954,,,
1768885800,212.4415,212.4585,212.4055,212.432,65.50779492265454,62.72745412913243,,,
1768886100,212.432,212.471,212.4245,212.465,68.15637051851071,63.609244540036364,,,
1768886400,212.465,212.503,212.4475,212.475,68.93482978835188,64.73075101045804,,,
1768886700,212.475,212.508,212.4685,212.474,68.75382299790994,65.50814542948049,,,
1768887000,212.474,212.5535,212.468,212.5445,73.94754415136272,66.76800887972044,,,
1768887300,212.5445,212.5445,212.514,212.529,71.14747661447826,67.7718191848127,,,
1768887600,212.529,212.547,212.491,212.5335,71.48506126601276,68.30795843026355,,,
1768887900,212.5335,212.55,212.514,212.536,71.68328422336313,68.6648888060537,,,
1768888200,212.536,212.543,212.508,212.5085,66.22935610526241,68.57747271719751,,,
1768888500,212.5085,212.5475,212.4855,212.5135,66.7250695132858,68.72938560751587,,,
1768888800,212.5135,212.562,212.491,212.5505,70.2098858569657,69.02255524251733,,,
1768889100,212.5505,212.6295,212.5495,212.6205,75.44855325710178,69.67886566743526,,,
1768889400,212.6205,212.6335,212.5955,212.6325,76.22055496859116,70.10335784219913,,,
1768889700,212.6325,212.706,212.627,212.687,79.3902269654393,70.98855936780642,,,
1768890000,212.687,212.8595,212.686,212.85,85.58078711319772,72.42234452427378,,,
1768890300,212.85,212.8715,212.812,212.8675,86.06474415418705,73.70151406967925,,,
1768890600,212.8675,212.892,212.8095,212.8355,80.72904094027302,74.54395772338789,,,
1768890900,212.8355,212.8805,212.7985,212.819,78.04236399631401,75.20742493755962,,,
1768891200,212.819,212.8655,212.779,212.8615,79.89808528746205,75.63246359013814,,,
1768891500,212.8615,212.877,212.774,212.8635,79.98381556156158,76.26363065778696,,,
1768891800,212.8635,212.88,212.805,212.82,72.71954694012881,76.3518082059381,,,
1768892100,212.82,212.893,212.812,212.8285,73.23115082111224,76.46237010577731,,,
1768892400,212.8285,212.885,212.7525,212.8755,75.9201999882813,77.15457324027867,,,
1768892700,212.8755,213.0315,212.863,213.0175,81.8518608497655,78.23505833574151,,,
1768893000,213.0175,213.03,212.9125,212.9535,73.11049181431154,78.44224447555192,,,
1768893300,212.9535,212.9925,212.92,212.9645,73.63172259146634,78.31247085657797,,,
1768893600,212.9645,213.1095,212.9425,213.082,78.439423360593,78.47096145600666,,,
1768893900,213.082,213.1525,213.0145,213.144,80.46355906359929,78.54762803444667,,,
1768894200,213.144,213.289,213.1325,213.283,84.07354944774369,78.43996820119995,,,
1768894500,213.283,213.395,213.24,213.349,85.44848582299286,78.3959497489718,,,
1768894800,213.349,213.491,213.345,213.4615,87.43906257089095,78.87523700830165,,,
1768895100,213.4615,213.4705,213.3415,213.3415,75.56487003264341,78.69827315375376,,,
1768895400,213.3415,213.4765,213.331,213.476,79.00612548436749,78.634561739247,,,
1768895700,213.476,213.5,213.3795,213.4055,73.18786881414836,78.14913697157463,,,
1768896000,213.4055,213.4485,213.324,213.4015,72.86001749100748,78.15917058235168,,,
1768896300,213.4015,213.4235,213.288,213.324,66.6320359366514,77.68780523346162,,,
1768896600,213.324,213.3975,213.317,213.361,68.03676782355218,77.12470293598098,,,
1768896900,213.361,213.362,213.202,213.2275,58.471972114757016,75.45471088348037,,,
1768897200,213.2275,213.233,213.148,213.212,57.461912019812026,74.33695518387326,,,
1768897500,213.212,213.2145,213.147,213.156,53.84306473864958,72.92347962295777,,,
1768897800,213.156,213.182,213.093,213.122,51.71359964584143,71.01449221476123,,,
1768898100,213.122,213.122,212.8185,212.888,39.99098521809497,68.12359408293949,,,
1768898400,212.888,212.8895,212.7585,212.7915,36.33319005179092,64.71356841180001,,,
1768898700,212.7915,212.8785,212.7685,212.82,38.13296745063511,61.33388852806017,,,
1768899000,212.82,212.851,212.748,212.7855,36.777627222908855,57.715214574632874,,,
1768899300,212.7855,212.8525,212.71,212.711,33.96984659862608,54.74414147220306,,,
1768899600,212.711,212.74,212.5705,212.576,29.565099392643205,51.21263960850847,,,
1768899900,212.576,212.6305,212.473,212.63,33.29120511235753,48.36287791552341,,,
1768900200,212.63,212.7095,212.5175,212.5615,31.04745364889712,45.376266212515525,,,
1768900500,212.5615,212.617,212.5515,212.5885,32.96525263929513,42.97149597699008,,,
1768900800,212.5885,212.599,212.461,212.4925,29.792396585015396,40.23975517423745,,,
1768901100,212.4925,212.5655,212.4245,212.5515,33.996982343835896,38.491541619171656,,,
1768901400,212.5515,212.57,212.509,212.525,33.039884939226624,36.747111113415556,,,
1768901700,212.525,212.526,212.3825,212.4105,29.21307153013325,34.98782588423582,,,
1768902000,212.4105,212.5245,212.4105,212.516,36.50993452559926,33.90184980421852,,,
1768902300,212.516,212.5865,212.507,212.512,36.35690955708535,33.642272971289266,,,
1768902600,212.512,212.513,212.438,212.5,35.87117082489614,33.60927159793964,,,
1768902900,212.5,212.553,212.4625,212.5445,39.11948154669774,33.67973689051554,,,
1768903200,212.5445,212.5855,212.5205,212.547,39.305483878688484,33.860298080214086,,,
1768903500,212.547,212.6315,212.547,212.5825,42.01462450259381,34.434925073354634,,,
1768903800,212.5825,212.621,212.5575,212.6195,44.7811065058948,35.52178272430117,,,
1768904100,212.6195,212.705,212.5605,212.691,49.76850929024303,36.69873302272156,,,
1768904400,212.691,212.7415,212.682,212.713,51.228186967014565,38.14021397401566,,,
1768904700,212.713,212.829,212.6915,212.8285,58.11044066743869,39.93629883316878,,,
1768905000,212.8285,212.8565,212.7955,212.8415,58.81488728479744,42.009333883153204,,,
1768905300,212.8415,212.9075,212.8175,212.9015,61.99184656492455,44.0089670418024,,,
1768905600,212.9015,212.915,212.8495,212.867,59.16570469590469,45.87509702442226,,,
1768905900,212.867,212.886,212.7555,212.7565,51.1261764235572,47.44031880252397,,,
1768906200,212.7565,212.7665,212.733,212.7355,49.742824534742965,48.385525231748524,,,
1768906500,212.7355,212.765,212.7205,212.733,49.57086697831586,49.32937933326498,,,
1768906800,212.733,212.7755,212.705,212.714,48.20691696001094,50.21050405720176,,,
1768907100,212.714,212.716,212.6625,212.668,44.9800518789224,50.62911622378924,,,
1768907400,212.668,212.6765,212.568,212.597,40.47645863744185,50.71275727798591,,,
1768907700,212.597,212.617,212.5385,212.5695,38.85378361080118,50.48698292857215,,,
1768908000,212.5695,212.594,212.519,212.545,37.414689284710434,49.96081026991612,,,
1768908300,212.545,212.5645,212.5045,212.508,35.28892689536859,48.92655438456794,,,
1768908600,212.508,212.5545,212.491,212.5095,35.449048319405264,47.79947305259584,,,
1768908900,212.5095,212.5425,212.4905,212.516,36.18592380654505,46.23343613396059,,,
1768909200,212.516,212.5215,212.46,212.4735,33.4936788695136,44.424778390011745,,,
1768909500,212.4735,212.4745,212.4235,212.4305,30.98208318018051,42.20979529110146,,,
1768909800,212.4305,212.4355,212.3885,212.414,30.05088043110206,40.1301649864727,,,
1768910100,212.414,212.418,212.3325,212.385,28.433322012077753,38.50924681422416,,,
1768910400,212.385,212.395,212.313,212.3235,25.320611291811204,36.76480301115761,,,
1768910700,212.3235,212.3385,212.2825,212.326,25.676804070404145,35.05808423202105,,,
1768911000,212.326,212.369,212.308,212.334,26.878689265276762,33.5346393966829,,,
1768911300,212.334,212.3495,212.285,212.3305,26.675447451070994,32.227167651836375,,,
1768911600,212.3305,212.35,212.264,212.282,23.970602898238297,31.048177956178982,,,
1768911900,212.282,212.31,212.2155,212.245,22.127272631751183,29.853427171961126,,,
1768912200,212.245,212.25,212.1765,212.2095,20.4985099782171,28.645128650068745,,,
1768912500,212.2095,212.2845,212.194,212.2665,29.47495680511473,28.229845072193466,,,
1768912800,212.2665,212.2905,212.209,212.265,29.380942054634033,27.796408910424095,,,
1768913100,212.265,212.2875,212.18,212.1925,25.1975169577848,27.011522706941218,,,
1768913400,212.1925,212.2,212.1515,212.1865,24.88176547387029,26.39638603582384,,,
1768913700,212.1865,212.2895,212.182,212.2595,35.47590878853951,26.717373579278053,,,
1768914000,212.2595,212.301,212.2125,212.237,33.88944812117754,26.991556985712016,,,
1768914300,212.237,212.3065,212.1955,212.3065,42.450451530395945,27.992780522734744,,,
1768914600,212.3065,212.3145,212.2355,212.2365,37.222227748329864,28.842895983914648,,,
1768914900,212.2365,212.314,212.2325,212.282,42.20488513351948,30.0234732027086,,,
1768915200,212.282,212.3165,212.246,212.2915,43.21823841729045,31.190583856423867,,,
1768915500,212.2915,212.3315,212.2865,212.323,46.56385740242084,32.61118456723457,,,
1768915800,212.323,212.44,212.2275,212.3415,48.48366810549862,34.36211779632459,,,
1768916100,212.3415,212.3695,212.1985,212.3055,45.08891242183775,36.00223492418792,,,
1768916400,212.3055,212.346,212.267,212.3025,44.80735576018297,37.73858105147119,,,
1768916700,212.3025,212.3735,212.2915,212.3675,51.82645579374272,39.33511669351605,,,
1768917000,212.3675,212.3735,212.311,212.314,46.576102985656924,40.5633424743034,,,
1768917300,212.314,212.3905,212.2955,212.3355,48.82001831225875,42.25066399962297,,,
1768917600,212.3355,212.342,212.2005,212.288,44.38452146059092,43.64371799867444,,,
1768917900,212.288,212.345,212.2385,212.283,43.93205444136661,44.247728402447805,,,
1768918200,212.283,212.415,212.1045,212.2935,45.19555417698887,45.05530740643433,,,
1768918500,212.2935,212.331,212.2205,212.229,39.3319917797269,44.832560281386534,,,
1768918800,212.229,212.324,212.1925,212.3215,49.45890684635096,45.706608788388046,,,
1768919100,212.3215,212.369,212.3205,212.337,50.936816228556715,46.33031815231927,,,
1768919400,212.337,212.567,212.3365,212.5595,66.21108484570455,47.97266432577742,,,
1768919700,212.5595,212.5955,212.4975,212.5495,65.22821756812847,49.30583290904225,,,
1768920000,212.5495,212.607,212.51,212.5895,67.31807416995025,50.65114762793166,,,
1768920300,212.5895,212.619,212.535,212.5785,66.14080335792835,52.1548541233667,,,
1768920600,212.5785,212.6875,212.575,212.654,70.01662797460837,53.95551642439709,,,
1768920900,212.654,212.6905,212.6165,212.688,71.59358735700009,55.36745439320118,,,
1768921200,212.688,212.747,212.6725,212.7455,74.07673918391791,57.33178555021982,,,
1768921500,212.7455,212.8005,212.708,212.746,74.09794270496154,59.13735157827002,,,
1768921800,212.746,212.7995,212.715,212.783,75.68299927649306,61.37295713654874,,,
1768922100,212.783,212.783,212.711,212.7175,67.77601627715157,63.07609726767624,,,
1768922400,212.7175,212.752,212.682,212.7275,68.32019105371259,64.72785704458508,,,
1768922700,212.7275,212.791,212.6855,212.7375,68.88603825846305,66.8388603644948,,,
1768923000,212.7375,212.8285,212.7365,212.8155,72.94523152007203,68.5164549840463,,,
1768923300,212.8155,212.8255,212.75,212.775,67.9856314751585,69.73422750166071,,,
1768923600,212.775,212.843,212.7385,212.834,71.0713710545771,70.08139080229446,,,
1768923900,212.834,212.855,212.7825,212.7855,65.48380526335535,70.09964706623924,,,
1768924200,212.7855,212.7915,212.6155,212.6175,50.63395607142489,68.907924344916,,,
1768924500,212.6175,212.7045,212.5105,212.5225,44.48998202979071,67.36143710719189,,,
1768924800,212.5225,212.5655,212.499,212.516,44.095725910497436,65.50994410261252,,,
1768925100,212.516,212.5465,212.4875,212.5275,45.02396277329283,63.61211377520487,,,
1768925400,212.5275,212.617,212.5275,212.593,50.10549474566635,61.89988202961547,,,
1768925700,212.593,212.6045,212.5125,212.5415,46.468594572513716,59.92635716301205,,,
1768926000,212.5415,212.584,212.507,212.584,49.712529971625415,58.071323641235786,,,
1768926300,212.584,212.6565,212.576,212.6425,53.8574553111221,57.07714071509083,,,
1768926600,212.6425,212.6695,212.5915,212.658,54.91774150347893,56.11982289007413,,,
1768926900,212.658,212.677,212.626,212.6555,54.69941961641533,55.10649298707072,,,
1768927200,212.6555,212.6905,212.629,212.6815,56.63044335680194,53.94115097540857,,,
1768927500,212.6815,212.71,212.654,212.6665,55.16932921254662,53.025700813793435,,,
1768927800,212.6665,212.686,212.591,212.613,50.194923679102104,51.53452600125951,,,
1768928100,212.613,212.7135,212.61,212.6755,55.26906311654926,50.80490156220193,,,
1768928400,212.6755,212.731,212.662,212.7225,58.6783892959383,51.379503935381464,,,
1768928700,212.7225,212.7525,212.656,212.673,54.009409325567525,52.05946302793695,,,
1768929000,212.673,212.743,212.6585,212.737,58.5965286727493,53.095234653812085,,,
1768929300,212.737,212.753,212.6485,212.679,53.39856389334507,53.69342044810152,,,
1768929600,212.679,212.679,212.581,212.589,46.504772089136594,53.43622597263511,,,
1768929900,212.589,212.683,212.58,212.636,50.125898630782515,53.697461976797165,,,
1768930200,212.636,212.642,212.5675,212.5865,46.55187161971667,53.47170066594655,,,
1768930500,212.5865,212.631,212.5745,212.609,48.35443560330279,53.078627829673735,,,
1768930800,212.609,212.631,212.5295,212.5515,44.247508288840635,52.31646831434244,,,
1768931100,212.5515,212.5895,212.5405,212.5695,45.79944419757647,51.680755784425365,,,
1768931400,212.5695,212.577,212.537,212.5675,45.64740074355683,50.89625274062215,,,
1768931700,212.5675,212.6065,212.5535,212.5545,44.61072055863475,50.142066408199874,,,
1768932000,212.5545,212.601,212.5475,212.5585,45.02443413721671,49.77274572663663,,,
1768932300,212.5585,212.5885,212.5415,212.578,47.098862187108445,49.18915994596229,,,
1768932600,212.578,212.605,212.571,212.576,46.90337745094828,48.34808767132014,,,
1768932900,212.576,212.596,212.553,212.5695,46.23177686464885,47.79254249554024,,,
1768933200,212.5695,212.6395,212.554,212.631,53.07770915473611,47.39834110139644,,,
1768933500,212.631,212.646,212.612,212.616,51.36006457797098,47.252734007441155,,,
1768933800,212.616,212.63,212.5895,212.5895,48.38128847834187,47.38677089238439,,,
1768934100,212.5895,212.61,212.547,212.5535,44.59720064232847,46.9918638932091,,,
1768934400,212.5535,212.5535,212.477,212.494,39.14734234146282,46.4629689447624,,,
1768934700,212.494,212.498,212.452,212.4795,37.93085942498848,45.718427789168516,,,
1768935000,212.4795,212.4795,212.436,212.4495,35.47467966141325,45.091797172923705,,,
1768935300,212.4495,212.476,212.4235,212.4715,38.613912505513916,44.57854490920495,,,
1768935600,212.4715,212.52,212.4705,212.4965,42.063353535504696,44.322541537201225,,,
1768935900,212.4965,212.548,212.4825,212.517,44.80238859501192,44.33623211122817,,,
1768936200,212.517,212.5205,212.4815,212.502,43.193290183070296,44.20543611450343,,,
1768936500,212.502,212.507,212.473,212.4875,41.636544937208825,43.81527059665346,,,
1768936800,212.4875,212.496,212.454,212.488,41.71455453999746,43.444640388728395,,,
1768937100,212.488,212.5015,212.4655,212.5005,43.73914907948648,43.26659554693109,,,
1768937400,212.5005,212.5245,212.4825,212.486,41.920105993797534,42.469623892578326,,,
1768937700,212.486,212.505,212.4425,212.4465,37.36169945053666,41.46974066919016,,,
1768938000,212.4465,212.5325,212.442,212.5245,49.126058261379455,41.522938510835694,,,
1768938300,212.5245,212.561,212.518,212.56,53.414481700840525,42.15274430072942,,,
1768938600,212.56,212.5645,212.5135,212.5285,49.43264872788747,42.88740904261689,,,
1768938900,212.5285,212.5595,212.4895,212.5485,51.88513946900311,43.88414333147508,,,
1768939200,212.5485,212.5485,212.495,212.5025,46.32066132104937,44.65885630716338,,,
1768939500,212.5025,212.543,212.4815,212.5415,51.10816628742864,45.55130300587158,,,
1768939800,212.5415,212.556,212.4825,212.4835,44.72031232766828,45.741085776740405,,,
1768940100,212.4835,212.576,212.4825,212.5445,51.57545852760343,46.22487648621124,,,
1768940400,212.5445,212.5445,212.5025,212.5405,51.127722105436646,46.79162162352311,,,
1768940700,212.5405,212.579,212.5395,212.5555,52.78308378491546,47.587802969787866,,,
1768941000,212.5555,212.5585,212.507,212.511,47.628959946387155,48.010260498815704,,,
1768941300,212.511,212.552,212.488,212.551,52.151791705927906,48.611163543561524,,,
1768941600,212.551,212.585,212.5425,212.578,54.97817333840153,49.54388263960467,,,
1768941900,212.578,212.578,212.5445,212.551,51.689988367949304,50.567331847991284,,,
1768942200,212.551,212.552,212.4905,212.4975,45.83963873806033,50.33258759632564,,,
1768942500,212.4975,212.5375,212.4945,212.5335,49.945042587081325,50.0847705167714,,,
1768942800,212.5335,212.5735,212.522,212.5725,54.01196575950574,50.41186459045842,,,
1768943100,212.5725,212.573,212.531,212.5535,51.80369029239915,50.40604679212957,,,
1768943400,212.5535,212.5675,212.55,212.557,52.19145467952746,50.825389174878005,,,
1768943700,212.557,212.5805,212.5505,212.5735,54.06763063394141,51.036779485343196,,,
1768944000,212.5735,212.575,212.5615,212.5685,53.38395589633505,51.655611168819405,,,
1768944300,212.5685,212.5865,212.529,212.529,48.1988175008226,51.414422524049336,,,
1768944600,212.529,212.5545,212.529,212.5435,50.11431304712697,51.342036162741515,,,
1768944900,212.5435,212.563,212.528,212.543,50.04559133302427,51.14650098760642,,,
1768945200,212.543,212.566,212.543,212.566,53.223232982202006,51.54609191873606,,,
1768945500,212.566,212.606,212.5625,212.5885,56.16108717415899,51.832470166466855,,,
1768945800,212.5885,212.589,212.557,212.5775,54.36345057943987,51.78856139796959,,,
1768946100,212.5775,212.6165,212.5605,212.564,52.15694852739798,51.821915695073066,,,
1768946400,212.564,212.6235,212.5335,212.5425,48.76247492400225,52.030689708354636,,,
1768946700,212.5425,212.7105,212.5195,212.52,45.43025128085056,51.70820461505243,,,
1768947000,212.52,212.559,212.52,212.551,50.4539259614607,51.45405891519207,,,
1768947300,212.551,212.5735,212.5435,212.569,53.15083855008585,51.55028379074112,,,
1768947600,212.569,212.5695,212.49,212.537,48.134610821079264,51.26050922942339,,,
1768947900,212.537,212.57,212.517,212.57,53.055058016710205,51.188182613906875,,,
1768948200,212.57,212.6185,212.5535,212.6025,57.346791501178316,51.47124229996711,,,
1768948500,212.6025,212.617,212.5985,212.6145,58.84292719904356,52.231535849840036,,,
1768948800,212.6145,212.698,212.61,212.668,64.77524583665178,53.278745334806096,,,
1768949100,212.668,212.6705,212.654,212.664,64.03210916859015,54.2777823230608,,,
1768949400,212.664,212.672,212.6575,212.6605,63.347282995894005,55.00092875261022,,,
1768949700,212.6605,212.666,212.622,212.6315,57.82854884587214,55.120033157732585,,,
1768950000,212.6315,212.6545,212.531,212.5535,46.17625395061985,54.53523339853116,,,
1768950300,212.5535,212.566,212.533,212.561,47.276338537294144,54.186618399238036,,,
1768950600,212.561,212.632,212.5545,212.6315,56.314877835675425,54.72607575007182,,,
1768950900,212.6315,212.6395,212.6175,212.6355,56.767729832316775,55.53589564660513,,,
1768951200,212.6355,212.6355,212.6035,212.622,54.70652879677973,55.83965299198506,,,
1768951500,212.622,212.624,212.5965,212.5975,51.08159348488888,55.69184977304242,,,
1768951800,212.5975,212.622,212.59,212.6115,52.998154487954885,56.03924574924782,,,
1768952100,212.6115,212.6125,212.5485,212.573,47.488138391919875,55.64160863319137,,,
1768952400,212.573,212.59,212.5565,212.5685,46.87470538609341,54.89360248211388,,,
1768952700,212.5685,212.5695,212.4455,212.4595,35.06061697811549,53.19486603776188,,,
1768953000,212.4595,212.533,212.44,212.532,44.99149600229502,51.78174104959353,,,
1768953300,212.532,212.6055,212.5005,212.5675,49.09640049043681,50.71490471543972,,,
1768953600,212.5675,212.627,212.5095,212.5715,49.553197433527004,49.72961288955637,,,
1768953900,212.5715,212.5835,212.5285,212.548,46.89090438070273,48.948352570615704,,,
1768954200,212.548,212.651,212.5245,212.6225,55.12253040288106,49.587372317205784,,,
1768954500,212.6225,212.649,212.5935,212.6165,54.39134720622638,50.09558722212951,,,
1768954800,212.6165,212.6175,212.5645,212.5875,50.87847331970051,49.70727261384559,,,
1768955100,212.5875,212.592,212.5365,212.547,46.37395282299397,48.964859970322536,,,
1768955400,212.547,212.6005,212.536,212.5745,49.63463758235611,48.60258202643513,,,
1768955700,212.5745,212.5815,212.5215,212.5815,50.460363418615735,48.55820845027277,,,
1768956000,212.5815,212.633,212.5785,212.6045,53.17668123439321,48.57096036073265,,,
1768956300,212.6045,212.614,212.549,212.553,46.966806071833126,48.5337223378693,,,
1768956600,212.553,212.578,212.489,212.563,48.23098627655488,48.63059954433084,,,
1768956900,212.563,212.6075,212.522,212.5485,46.50010291975997,49.44770568301973,,,
1768957200,212.5485,212.5825,212.4895,212.526,43.86922428867769,49.367543417761354,,,
1768957500,212.526,212.578,212.505,212.5655,49.29313939332142,49.38159619653883,,,
1768957800,212.5655,212.573,212.466,212.519,43.913530154418964,48.97876281945968,,,
1768958100,212.519,212.5915,212.5155,212.5425,47.058114509472354,48.99070640008608,,,
1768958400,212.5425,212.5575,212.4995,212.5035,42.772158230674194,48.10853695921417,,,
1768958700,212.5035,212.539,212.467,212.485,40.87057320960324,47.142767388026805,,,
1768959000,212.485,212.5345,212.435,212.4415,36.73499036429671,46.132518605497964,,,
1768959300,212.4415,212.4745,212.4055,212.446,37.440217744188374,45.49439467129756,,,
1768959600,212.446,212.4695,212.4005,212.4485,37.8546811443043,44.65296921143672,,,
1768959900,212.4485,212.5025,212.4125,212.4835,43.49838879073752,44.15568530944542,,,
1768960200,212.4835,212.4975,212.4455,212.461,40.92534267770116,43.28058969825314,,,
1768960500,212.461,212.4905,212.437,212.4895,45.33618339306922,43.16411664977,,,
1768960800,212.4895,212.5585,212.4895,212.5305,51.003867590510076,43.3621796007668,,,
1768961100,212.5305,212.608,212.528,212.605,59.26801993724893,44.27417367344458,,,
1768961400,212.605,212.63,212.5685,212.577,55.48043145864587,45.10354561415659,,,
1768961700,212.577,212.577,212.471,212.4725,44.14232532252308,44.73563032338529,,,
1768962000,212.4725,212.4975,212.456,212.476,44.55104961918131,44.781167428011166,,,
1768962300,212.476,212.4925,212.3975,212.413,39.016825724979135,44.20678965769023,,,
1768962600,212.413,212.413,212.3505,212.4075,38.566408690111615,43.90637897622147,,,
1768962900,212.4075,212.423,212.36,212.3715,35.66425427870537,43.53449905258591,,,
1768963200,212.3715,212.41,212.349,212.3805,36.94180324770515,43.5492714014008,,,
1768963500,212.3805,212.3815,212.326,212.3405,33.73543299608433,43.28464391939337,,,
1768963800,212.3405,212.342,212.307,212.327,32.70373774468247,42.91671939084896,,,
1768964100,212.327,212.342,212.3025,212.3065,31.146075645376484,42.03441130903745,,,
1768964400,212.3065,212.3665,212.296,212.366,40.06842708323622,41.973203052289946,,,
1768964700,212.366,212.3665,212.3045,212.342,37.93317673585408,41.444416862488865,,,
1768965000,212.342,212.3885,212.3245,212.3885,44.14391714300991,40.95442040195314,,,
1768965300,212.3885,212.43,212.3825,212.412,47.02876901133156,40.08018819295904,,,
1768965600,212.412,212.4175,212.368,212.401,45.835429946239785,39.39125951350146,,,
1768965900,212.401,212.4535,212.389,212.4455,51.22718415250509,39.89732085850017,,,
1768966200,212.4455,212.4545,212.403,212.403,46.46949224413097,40.034352474568,,,
1768966500,212.403,212.4355,212.378,212.414,47.82027666000804,40.66317039849864,,,
1768966800,212.414,212.415,212.38,212.397,45.89288081426879,41.186489835938445,,,
1768967100,212.397,212.4535,212.388,212.4535,52.71427430691395,42.40434840938191,,,
1768967400,212.4535,212.4645,212.427,212.445,51.6591083805038,43.4555844902961,,,
1768967700,212.445,212.4825,212.434,212.4815,55.754714214974584,45.0283902916454,,,
1768968000,212.4815,212.4825,212.3985,212.4075,47.05114763226284,46.05320528361543,,,
1768968300,212.4075,212.4085,212.305,212.333,40.24050194149376,46.70280716190952,,,
1768968600,212.333,212.334,212.273,212.303,37.86371138521978,46.545327469194056,,,
1768968900,212.303,212.3085,212.2835,212.3085,38.5799599054106,46.591526267019525,,,
1768969200,212.3085,212.316,212.286,212.314,39.33306428119502,46.24789391974703,,,
1768969500,212.314,212.323,212.29,212.3085,38.82045043935983,45.66158545032048,,,
1768969800,212.3085,212.365,212.2905,212.3635,46.35027307114699,45.69835995924242,,,
1768970100,212.3635,212.373,212.3405,212.371,47.30273969378315,45.41804249790514,,,
1768970400,212.371,212.4035,212.3605,212.4015,51.104416086603536,45.749108486653185,,,
1768970700,212.4015,212.417,212.384,212.4145,52.67165994952799,46.09563586447603,,,
1768971000,212.4145,212.4865,212.4135,212.4795,59.637858237113605,47.077419966107804,,,
1768971300,212.4795,212.4835,212.3635,212.3705,47.11435951685183,46.677426052531935,,,
1768971600,212.3705,212.4225,212.358,212.417,51.76758192701636,46.68517416299712,,,
1768971900,212.417,212.51,212.404,212.4935,58.272367089575646,46.86500651118291,,,
1768972200,212.4935,212.533,212.471,212.5045,59.125972748719974,47.727494019501286,,,
1768972500,212.5045,212.5185,212.484,212.4945,57.965080325283076,48.993535332629094,,,
1768972800,212.4945,212.551,212.492,212.544,61.947829814819166,50.713829506171905,,,
1768973100,212.544,212.5665,212.533,212.559,63.08912466293298,52.464484131709206,,,
1768973400,212.559,212.5985,212.547,212.547,61.499963457605915,54.047834072881415,,,
1768973700,212.547,212.5735,212.538,212.555,62.18385020303997,55.71664834171572,,,
1768974000,212.555,212.582,212.5435,212.5445,60.66079673272068,56.7388286032567,,,
1768974300,212.5445,212.558,212.526,212.527,58.10636284672465,57.510515971323954,,,
1768974600,212.527,212.544,212.5235,212.5415,59.62351689950197,58.119023172245264,,,
1768974900,212.5415,212.6085,212.5405,212.5895,64.24024283500846,58.94535052120816,,,
1768975200,212.5895,212.6265,212.586,212.5895,64.24024283500844,59.274092278200655,,,
1768975500,212.5895,212.6265,212.586,212.604,65.61757363474024,60.5957504294784,,,
1768975800,212.604,212.6315,212.5745,212.5975,64.41975028952892,61.49947674108643,,,
1768976100,212.5975,212.6005,212.5445,212.547,55.884322357209264,61.32890211734598,,,
1768976400,212.547,212.562,212.501,212.551,56.377350375250614,61.13257194781246,,,
1768976700,212.551,212.551,212.505,212.5345,53.710805203894935,60.828695153427596,,,
1768977000,212.5345,212.545,212.5215,212.545,55.16412105433532,60.34414452767874,,,
1768977300,212.545,212.548,212.47,212.4785,45.43473543054087,59.083116725365024,,,
1768977600,212.4785,212.521,212.4685,212.512,50.199788546205006,58.27596137455067,,,
1768977900,212.512,212.5405,212.5,212.531,52.72157307534611,57.60008443685825,,,
1768978200,212.531,212.566,212.519,212.522,51.39398699146068,56.93816945533968,,,
1768978500,212.522,212.522,212.457,212.494,47.39536450193791,56.17309814499777,,,
1768978800,212.494,212.5535,212.3865,212.5005,48.399045807825125,55.371350209877995,,,
1768979100,212.5005,212.525,212.3635,212.383,35.2908453464062,53.30353610354927,,,
1768979400,212.383,212.482,212.3715,212.455,45.10242144923531,51.936548861708324,,,
1768979700,212.455,212.4875,212.4045,212.4745,47.427401814254914,50.63725087453081,,,
1768980000,212.4745,212.515,212.439,212.472,47.15169121900907,49.40381808377938,,,
1768980300,212.472,212.5165,212.451,212.476,47.675811887913376,48.8174959074011,,,
1768980600,212.476,212.4765,212.364,212.3885,38.64669462482661,47.55102049665653,,,
1768980900,212.3885,212.3965,212.3265,212.3455,35.1260543657135,46.22353829392928,,,
1768981200,212.3455,212.3455,212.2735,212.3045,32.12134100659965,44.57762543337673,,,
1768981500,212.3045,212.3045,212.2325,212.236,27.836970285548432,43.32064220873441,,,
1768981800,212.236,212.2995,212.224,212.282,34.18541664761928,42.176758501692575,,,
1768982100,212.282,212.3355,212.2635,212.297,36.15774415242965,40.993627864341406,,,
1768982400,212.297,212.3325,212.2155,212.2535,33.06327964081798,39.68429162500979,,,
1768982700,212.2535,212.2535,212.173,212.22,30.87204063716743,38.504054206097614,,,
1768983000,212.22,212.2475,212.169,212.2025,29.762381918508567,37.17286392828929,,,
1768983300,212.2025,212.307,212.1945,212.198,29.469056651503024,36.75702187865335,,,
1768983600,212.198,212.2595,212.143,212.2365,35.34052671542041,36.05974368338085,,,
1768983900,212.2365,212.315,212.2085,212.274,40.533265437246655,35.56730537073741,,,
1768984200,212.274,212.329,212.2485,212.2855,42.06972506885183,35.204307788583314,,,
1768984500,212.2855,212.2855,212.2155,212.2495,38.6989084798639,34.56310040229407,,,
1768984800,212.2495,212.255,212.1855,212.1895,33.833240430630084,34.21928224556574,,,
1768985100,212.1895,212.24,212.1675,212.234,39.871573237658886,34.558247879276124,,,
1768985400,212.234,212.2675,212.211,212.249,41.79962588006152,35.24955394166626,,,
1768985700,212.249,212.249,212.162,212.162,34.824706549664484,35.74867796053168,,,
1768986000,212.162,212.1715,212.116,212.1375,33.14727009675933,35.674524635470256,,,
1768986300,212.1375,212.1545,212.091,212.126,32.35936299640149,35.40321169575396,,,
1768986600,212.126,212.1555,212.116,212.146,35.24230221660446,35.558856165453,,,
1768986900,212.146,212.1985,212.127,212.1345,34.33608745542429,35.80628808104278,,,
1768987200,212.1345,212.1705,212.116,212.119,33.10064681801178,36.044735573864436,,,
1768987500,212.119,212.1355,212.044,212.0455,27.962691014718487,35.93713802837983,,,
1768987800,212.0455,212.069,211.985,211.997,25.184706268851528,35.211722282196334,,,
1768988100,211.997,212.0385,211.9715,212.033,30.6889636201348,34.50855786668834,,,
1768988400,212.033,212.0355,211.9085,211.923,24.70744952634017,33.26839532793751,,,
1768988700,211.923,211.961,211.88,211.9025,23.777331873916282,32.20256842751268,,,
1768989000,211.9025,211.9355,211.8845,211.922,26.60759317879929,31.686450766667623,,,
1768989300,211.922,211.9455,211.8905,211.8925,25.08980303991835,30.630610038257583,,,
1768989600,211.8925,211.9665,211.844,211.9515,33.286427065417755,30.022524408640173,,,
1768989900,211.9515,212.023,211.9515,212.0155,40.84744440233109,30.452719969544926,,,
1768990200,212.0155,212.0285,211.9535,211.978,38.121177815403364,30.807999092305216,,,
1768990500,211.978,212.0215,211.9725,211.985,38.9404132839082,31.278074112841413,,,
1768990800,211.985,211.9995,211.8935,211.9155,34.11160162127629,31.197309784603686,,,
1768991100,211.9155,211.934,211.867,211.909,33.69081256960882,31.15121872133115,,,
1768991400,211.909,211.9675,211.8755,211.9365,37.2193301550513,31.445410388262548,,,
1768991700,211.9365,211.966,211.9295,211.9415,37.86671848324872,32.15284092172899,,,
1768992000,211.9415,211.9495,211.873,211.8905,34.01388679511234,32.783496673604766,,,
1768992300,211.8905,211.8945,211.8215,211.8305,30.129836073412847,32.743558991696055,,,
1768992600,211.8305,211.8575,211.8065,211.8325,30.41507397269602,33.15124645215004,,,
1768992900,211.8325,211.873,211.8165,211.87,35.71433783103497,34.003889734801376,,,
1768993200,211.87,211.8775,211.795,211.8475,34.039328274069575,34.534727955892116,,,
1768993500,211.8475,211.9135,211.8205,211.9135,42.55080191594494,35.78194216132258,,,
1768993800,211.9135,211.918,211.8605,211.866,38.6821095471732,36.16734805287654,,,
1768994100,211.866,211.886,211.84,211.853,37.672586332221016,35.94057247644011,,,
1768994400,211.853,211.853,211.8095,211.8335,36.14862521167793,35.799675861888296,,,
1768994700,211.8335,211.8865,211.829,211.8625,40.03373688359048,35.877770404722746,,,
1768995000,211.8625,211.9265,211.851,211.8885,43.36115716405804,36.538452943492864,,,
1768995300,211.8885,211.916,211.872,211.8815,42.67459563668432,37.180151733998265,,,
1768995600,211.8815,211.889,211.8325,211.8705,41.56095905384808,37.49026808391232,,,
1768995900,211.8705,211.939,211.8695,211.9285,49.10296014479268,38.292856774022596,,,
1768996200,211.9285,211.936,211.8885,211.9295,49.22463288047351,39.37933863726268,,,
1768996500,211.9295,211.965,211.747,211.762,34.393445354562886,39.68388215734483,,,
1768996800,211.762,211.78,211.592,211.7475,33.453773062557076,39.900932092334905,,,
1768997100,211.7475,211.7925,211.7135,211.7845,38.1010885356993,40.071414285525215,,,
1768997400,211.7845,211.81,211.763,211.7865,38.35170680700429,40.37944132359198,,,
1768997700,211.7865,211.8285,211.7815,211.7875,38.485816346406324,40.08908521148208,,,
1768998000,211.7875,211.8395,211.761,211.8315,44.234177978620956,40.48566152801406,,,
1768998300,211.8315,211.878,211.8105,211.8525,46.78990324963167,41.13689845068625,,,
1768998600,211.8525,211.856,211.787,211.841,45.55855960619483,41.80903662172317,,,
1768998900,211.841,211.8615,211.8045,211.822,43.520748496526735,42.05810887979005,,,
1768999200,211.822,211.841,211.781,211.8115,42.39225049329331,41.988901260449715,,,
1768999500,211.8115,211.8355,211.654,211.7495,36.39166724168595,41.54012066080697,,,
1768999800,211.7495,211.801,211.7305,211.787,41.76128123297322,41.55442938788734,,,
1769000100,211.787,211.8575,211.771,211.8385,48.22536194133993,41.491743801926425,,,
1769000400,211.8385,211.848,211.7635,211.7655,41.23828028586452,40.92129004516864,,,
1769000700,211.7655,211.868,211.7415,211.858,50.93818539891003,42.10305719119344,,,
1769001000,211.858,211.881,211.815,211.83,48.337100280883284,43.166151992502456,,,
1769001300,211.83,211.8345,211.796,211.8215,47.54341730173525,43.84060404721931,,,
1769001600,211.8215,211.86,211.8055,211.856,51.05618283636201,44.74806662074486,,,
1769001900,211.856,211.921,211.83,211.921,56.910776767659975,46.064135222262976,,,
1769002200,211.921,211.9385,211.889,211.9295,57.62461992344884,47.020595361179254,,,
1769002500,211.9295,212.022,211.9295,212.0205,64.4204398112158,48.27991940129241,,,
1769002800,212.0205,212.039,211.976,211.996,61.55808964173008,49.42274297525921,,,
1769003100,211.996,212.0575,211.947,212.057,65.65040532428462,51.00343274867049,,,
1769003400,212.057,212.1945,212.0445,212.1925,72.6223569703135,53.16272606845765,,,
1769003700,212.1925,212.25,212.1875,212.2315,74.2428267772054,55.86638032099476,,,
1769004000,212.2315,212.259,212.1305,212.143,64.86091574895491,57.51635421499345,,,
1769004300,212.143,212.27,212.142,212.266,70.45000177390392,59.10382848874802,,,
1769004600,212.266,212.3395,212.235,212.3285,72.81604455941473,61.35938307971589,,,
1769004900,212.3285,212.33,212.1415,212.142,57.91437276526606,61.85768217731275,,,
1769005200,212.142,212.2775,212.0835,212.267,63.33093357782475,62.92867026995143,,,
1769005500,212.267,212.363,212.255,212.328,65.65404440389206,64.22228649153405,,,
1769005800,212.328,212.433,212.32,212.4175,68.77933305939254,65.4882257931791,,,
1769006100,212.4175,212.561,212.3755,212.5465,72.64327034116684,66.61197533414386,,,
1769006400,212.5465,212.7515,212.5395,212.6645,75.61608789507909,67.89708018926032,,,
1769006700,212.6645,212.715,212.6455,212.677,75.9146737980602,68.71809690260635,,,
1769007000,212.677,212.6955,212.615,212.67,75.35816893571292,69.70381685217656,,,
1769007300,212.67,212.7365,212.638,212.683,75.7142305015618,70.42266150769635,,,
1769007600,212.683,212.751,212.682,212.7145,76.59666358488091,70.70654055159402,,,
1769007900,212.7145,212.7465,212.6415,212.6435,70.38848752348039,70.43123060489937,,,
1769008200,212.6435,212.7165,212.632,212.699,72.27982674997148,70.9611528192577,,,
1769008500,212.699,212.74,212.615,212.6405,67.3935848444792,70.74283732429879,,,
1769008800,212.6405,212.657,212.5635,212.5915,63.52016665840347,70.07884604565513,,,
1769009100,212.5915,212.6405,212.556,212.6325,65.31643816177555,70.60756500254867,,,
1769009400,212.6325,212.755,212.6325,212.7475,69.80721051707441,71.07015621249506,,,
1769009700,212.7475,212.7705,212.6915,212.705,66.38622604538523,71.12245490117316,,,
1769010000,212.705,212.7355,212.6655,212.7265,67.26032263814268,71.01395415679816,,,
1769010300,212.7265,212.7265,212.643,212.675,63.032104251747434,70.3274422932682,,,
1769010600,212.675,212.688,212.49,212.49,50.70186322091457,68.54785481654217,,,
1769010900,212.49,212.5065,212.374,212.4405,47.99642981527276,66.55369453205735,,,
1769011200,212.4405,212.5415,212.406,212.52,52.3903719249836,64.91313760271954,,,
1769011500,212.52,212.5675,212.506,212.5645,54.69774872166588,63.41196033272697,,,
1769011800,212.5645,212.632,212.5565,212.5595,54.378853175892,61.824973874942046,,,
1769012100,212.5595,212.572,212.4775,212.5005,50.627948544518624,60.413506805016205,,,
1769012400,212.5005,212.5195,212.4035,212.4245,46.206586040278225,58.551132468609545,,,
1769012700,212.4245,212.481,212.407,212.44,47.218972718529336,57.11008874532742,,,
1769013000,212.44,212.4945,212.42,212.4855,50.18285229762116,56.157423433842965,,,
1769013300,212.4855,212.499,212.373,212.373,43.6553635185173,54.61020381646738,,,
1769013600,212.373,212.423,212.34,212.389,44.75596061208648,52.82082882325396,,,
1769013900,212.389,212.413,212.3405,212.397,45.330965939554915,51.3168816728375,,,
1769014200,212.397,212.451,212.3535,212.449,49.04360857129451,50.01568781091977,,,
1769014500,212.449,212.4725,212.3615,212.387,45.11002947864649,48.73553961284114,,,
1769014800,212.387,212.4685,212.3415,212.3535,43.098592820197666,48.19244886993279,,,
1769015100,212.3535,212.387,212.3175,212.3785,45.06713788908838,47.98321373234819,,,
1769015400,212.3785,212.3785,212.3095,212.324,41.681742496938796,47.21831163034499,,,
1769015700,212.324,212.37,212.286,212.363,44.87303277843326,46.51654620582838,,,
1769016000,212.363,212.421,212.338,212.3715,45.57210542201832,45.88749279483739,,,
1769016300,212.3715,212.4175,212.358,212.4125,48.935856667761,45.7666290893547,,,
1769016600,212.4125,212.4135,212.3335,212.367,45.57001464625935,45.721159704067645,,,
1769016900,212.367,212.3785,212.279,212.2995,41.058272556174174,45.28110969247085,,,
1769017200,212.2995,212.32,212.2715,212.2765,39.61889027955161,44.52654097689445,,,
1769017500,212.2765,212.291,212.223,212.24,37.37935945596771,44.07825497242662,,,
1769017800,212.24,212.333,212.233,212.33,45.55214071021185,44.13512497943557,,,
1769018100,212.33,212.3725,212.303,212.3545,47.55862025785529,44.29424314502846,,,
1769018400,212.3545,212.3545,212.269,212.285,42.746286663225746,43.84443443730925,,,
1769018700,212.285,212.3235,212.259,212.2805,42.4467956591519,43.654203450202495,,,
1769019000,212.2805,212.318,212.2795,212.291,43.44251500606625,43.678769320621676,,,
1769019300,212.291,212.3175,212.2825,212.314,45.66024334776909,43.72113399624173,,,
1769019600,212.314,212.3465,212.2975,212.3355,47.72380539120972,44.15270991726108,,,
1769019900,212.3355,212.3985,212.332,212.3935,52.91811573961428,44.72735870020258,,,
1769020200,212.3935,212.4015,212.3495,212.3505,49.028574837196274,44.97424937271529,,,
1769020500,212.3505,212.3815,212.3425,212.3615,50.04020902260129,45.053131683775305,,,
1769020800,212.3615,212.3775,212.3485,212.3745,51.2710974846985,45.46035188652097,,,
1769021100,212.3745,212.3835,212.3455,212.3805,51.86060761677054,46.23194724799213,,,
1769021400,212.3805,212.4155,212.378,212.3975,53.57434791983929,47.22876565086983,,,
1769021700,212.3975,212.3975,212.343,212.3555,48.93897842899471,48.05445272037176,,,
1769022000,212.3555,212.3815,212.328,212.335,46.8100745603297,48.14430513823732,,,
1769022300,212.335,212.351,212.316,212.3265,45.91813557700944,48.02712766103405,,,
1769022600,212.3265,212.3375,212.312,212.3145,44.62535591996811,48.1613468936585,,,
1769022900,212.3145,212.402,212.2935,212.401,54.55710613272536,49.02636907034231,,,
1769023200,212.401,212.4195,212.3705,212.3915,53.423813904215045,49.739318991638655,,,
1769023500,212.3915,212.539,212.3775,212.5075,63.416728795044385,51.00763938072975,,,
1769023800,212.5075,212.6425,212.504,212.608,69.51851682156877,52.56440448289826,,,
1769024100,212.608,212.6395,212.562,212.574,65.53604814990453,53.46568536934756,,,
1769024400,212.574,212.6025,212.559,212.561,64.02577387375374,54.53691387195881,,,
1769024700,212.561,212.582,212.5175,212.5545,63.24102774410402,55.479829494923294,,,
1769025000,212.5545,212.5805,212.531,212.575,64.71012209770014,56.43975982442341,,,
1769025300,212.575,212.656,212.5585,212.638,68.83259949048015,57.652044958259815,,,
1769025600,212.638,212.661,212.602,212.633,68.1521407959393,58.69331587798125,,,
1769025900,212.633,212.6465,212.589,212.5905,62.49667813248272,59.66172299965897,,,
1769026200,212.5905,212.6215,212.5755,212.5835,61.59012447935956,60.71744085101824,,,
1769026500,212.5835,212.5995,212.5625,212.5935,62.42858151538091,61.896758418044776,,,
1769026800,212.5935,212.6295,212.575,212.6065,63.54274747582512,63.24800067203456,,,
1769027100,212.6065,212.6335,212.6025,212.6225,64.92152535781887,63.98831633096982,,,
1769027400,212.6225,212.6375,212.5915,212.6165,63.94489061149311,64.73982181006112,,,
1769027700,212.6165,212.622,212.561,212.5635,55.93968041824301,64.20574692600387,,,
1769028000,212.5635,212.584,212.5575,212.5655,56.16270332144976,63.25176024742394,,,
1769028300,212.5655,212.5785,212.5375,212.547,53.46675203361286,62.38966766768882,,,
1769028600,212.547,212.595,212.543,212.567,55.92968795677751,61.811375816476236,,,
1769028900,212.567,212.639,212.563,212.614,61.135572865544816,61.660986182293435,,,
1769029200,212.614,212.652,212.5975,212.6205,61.80750688262014,61.45365652407344,,,
1769029500,212.6205,212.659,212.6145,212.6455,64.3597740934182,61.134168995711875,,,
1769029800,212.6455,212.661,212.618,212.631,61.78098606939191,60.679086515244194,,,
1769030100,212.631,212.647,212.6165,212.6175,59.3948227049319,60.45752541327628,,,
1769030400,212.6175,212.6175,212.596,212.6065,57.44783762217973,60.16164778062058,,,
1769030700,212.6065,212.6135,212.592,212.5965,55.66151039053419,59.67828555741725,,,
1769031000,212.5965,212.656,212.5965,212.6115,57.782115216674555,59.26681182462078,,,
1769031300,212.6115,212.6225,212.5795,212.5795,52.061545179406444,58.34824181187703,,,
1769031600,212.5795,212.6065,212.575,212.597,54.70268322835245,57.6880841416527,,,
1769031900,212.597,212.6165,212.579,212.6035,55.679408906529005,57.66949331938741,,,
1769032200,212.6035,212.62,212.5925,212.611,56.835934016534374,57.71758122617917,,,
1769032500,212.611,212.66,212.59,212.59,52.690017257834974,57.66210017076646,,,
1769032800,212.59,212.6405,212.4985,212.6305,58.914541049563766,57.875303963108344,,,
1769033100,212.6305,212.6485,212.5495,212.56,47.25847882797621,56.88408296042487,,,
1769033400,212.56,212.5715,212.5325,212.5325,43.63217274493525,55.585844807733096,,,
1769033700,212.5325,212.705,212.5325,212.607,53.942905289249595,54.841782750292474,,,
1769034000,212.607,212.69,212.59,212.667,60.249319040739834,54.73237796253161,,,
1769034300,212.667,212.6865,212.651,212.6735,60.8743397260289,54.83805774975282,,,
1769034600,212.6735,212.674,212.573,212.596,50.64868702162894,54.35240413542777,,,
1769034900,212.596,212.6605,212.596,212.607,51.88412467041375,54.08259086970487,,,
1769035200,212.607,212.607,212.5805,212.595,50.401806383447834,53.55542595304583,,,
1769035500,212.595,212.657,212.594,212.642,55.73589202308845,53.81787929902311,,,
1769035800,212.642,212.6585,212.6195,212.638,55.191870534549786,53.852821249465784,,,
1769036100,212.638,212.657,212.5865,212.6525,56.836581637461606,53.935476444532405,,,
1769036400,212.6525,212.678,212.546,212.575,46.92287982639718,53.22740114523689,,,
1769036700,212.575,212.604,212.5545,212.5885,48.604581881063226,52.93558433261033,,,
1769037000,212.5885,212.5905,212.5255,212.529,42.250644602656735,51.74530601497411,,,
1769037300,212.529,212.543,212.521,212.5415,43.90958987135901,51.506099660930026,,,
1769037600,212.5415,212.577,212.5395,212.545,44.391283061544286,51.5603218264021,,,
1769037900,212.545,212.5595,212.5325,212.5505,45.18787852922037,50.9349627721143,,,
1769038200,212.5505,212.5775,212.545,212.5675,47.68254495112544,50.03733605142755,,,
1769038500,212.5675,212.5765,212.555,212.5735,48.57219835059422,49.15861166746794,,,
1769038800,212.5735,212.591,212.5565,212.574,48.6505617679327,49.015888435061065,,,
1769039100,212.574,212.5785,212.526,212.536,43.255957274000195,48.39959076388867,,,
1769039400,212.536,212.63,212.533,212.63,56.1955112543287,48.81342682609444,,,
1769039700,212.63,212.66,212.62,212.62,54.764782743185066,48.744061877529916,,,
1769040000,212.62,212.663,212.6085,212.6245,55.31610286767038,48.75293561560996,,,
1769040300,212.6245,212.6275,212.5685,212.618,54.2868843103094,48.57081437795623,,,
1769040600,212.618,212.66,212.6155,212.638,56.941584030006524,49.286436106785466,,,
1769040900,212.638,212.638,212.5035,212.5035,40.08325475289653,48.677769883344986,,,
1769041200,212.5035,212.508,212.388,212.4065,32.58953728026583,47.98769078888849,,,
1769041500,212.4065,212.455,212.4065,212.4405,37.03316881839628,47.49651785653401,,,
1769041800,212.4405,212.5775,212.4405,212.5405,47.90934671731504,47.7478081176605,,,
1769042100,212.5405,212.55,212.4805,212.5095,45.29728738778965,47.75562303612973,,,
1769042400,212.5095,212.545,212.483,212.544,48.652529955610746,47.82490767930725,,,
1769042700,212.544,212.5755,212.496,212.5025,45.07132580928382,47.57484535492794,,,
1769043000,212.5025,212.538,212.4055,212.4475,40.786444700619356,47.013122707262696,,,
1769043300,212.4475,212.5345,212.4455,212.5125,47.177764785795546,47.29325181524808,,,
1769043600,212.5125,212.55,212.4935,212.53,48.780687383363265,46.76362153875055,,,
1769043900,212.53,212.5755,212.4875,212.562,51.66883667363888,46.54248253378296,,,
1769044200,212.562,212.563,212.52,212.545,50.05407310455155,46.16662326498875,,,
1769044500,212.545,212.587,212.5305,212.571,52.49914051438861,46.03892727956584,,,
1769044800,212.571,212.595,212.536,212.5535,50.700067931448594,45.59310470109741,,,
1769045100,212.5535,212.5675,212.5115,212.5225,47.58898719109059,46.1292284466827,,,
1769045400,212.5225,212.543,212.4865,212.508,46.162132982392706,47.0986995682632,,,
1769045700,212.508,212.577,212.4995,212.5485,50.61594225074392,48.06889767057374,,,
1769046000,212.5485,212.6085,212.5425,212.597,55.376707620225616,48.602280592210214,,,
1769046300,212.597,212.614,212.577,212.609,56.49424211109063,49.40206307244599,,,
1769046600,212.609,212.6835,212.605,212.669,61.663901455842,50.33144675103394,,,
1769046900,212.669,212.6965,212.655,212.671,61.82673277776168,51.52826153449665,,,
1769047200,212.671,212.7795,212.661,212.7535,67.88615222676475,53.463954929221316,,,
1769047500,212.7535,212.7795,212.7525,212.777,69.37727733244058,55.049634396838826,,,
1769047800,212.777,212.785,212.726,212.7315,63.253305536869426,56.083392836374976,,,
1769048100,212.7315,212.769,212.717,212.7345,63.48218941463412,56.92720374644607,,,
1769048400,212.7345,212.782,212.7325,212.7545,65.04532144149601,57.99800719908495,,,
1769048700,212.7545,212.7555,212.6945,212.7095,58.93286616511076,58.457559031279395,,,
1769049000,212.7095,212.7195,212.647,212.6705,54.180806626662715,58.706183223794696,,,
1769049300,212.6705,212.673,212.6085,212.653,52.14879263953464,59.03188361296926,,,
1769049600,212.653,212.719,212.653,212.6985,56.69621332173212,59.784317922922085,,,
1769049900,212.6985,212.709,212.684,212.6935,56.06567343183091,60.17358443585687,,,
1769050200,212.6935,212.7305,212.6795,212.727,59.32929433886927,60.45591205861712,,,
1769050500,212.727,212.7555,212.7265,212.75,61.44679674747848,60.809665961216254,,,
1769050800,212.75,212.801,212.738,212.787,64.63653864951469,61.02199718933572,,,
1769051100,212.787,212.8135,212.785,212.789,64.8060411667953,61.234804931409556,,,
1769051400,212.789,212.8025,212.7735,212.7815,63.57541390175414,60.92689505105166,,,
1769051700,212.7815,212.785,212.7605,212.777,62.804794790648494,60.45743201235223,,,
1769052000,212.777,212.783,212.763,212.7685,61.29347653208331,60.317444226296075,,,
1769052300,212.7685,212.808,212.7675,212.7785,62.43864693294876,60.24290547760427,,,
1769052600,212.7785,212.7915,212.7425,212.7625,59.40998992103947,59.84038179757165,,,
1769052900,212.7625,212.7665,212.731,212.736,54.67924337290384,59.5365515981283,,,
1769053200,212.736,212.792,212.735,212.7855,60.936517340968265,60.01910236343584,,,
1769053500,212.7855,212.908,212.7855,212.8845,69.89034096652554,61.28635581536377,,,
1769053800,212.8845,212.996,212.8755,212.9525,74.25533128466711,62.540578527001976,,,
1769054100,212.9525,213.005,212.926,212.9865,76.11946151920098,63.97299196181412,,,
1769054400,212.9865,213.0555,212.9785,213.0485,79.09242792143885,65.38464436056908,,,
1769054700,213.0485,213.159,213.0475,213.152,82.91599647976987,66.91815862716133,,,
1769055000,213.152,213.2135,213.144,213.21,84.61408714451807,68.34512637680443,,,
1769055300,213.21,213.21,213.1375,213.1375,74.6285603296357,69.04673488843589,,,
1769055600,213.1375,213.1625,213.126,213.153,75.29969398448678,69.88418346577393,,,
1769055900,213.153,213.157,213.121,213.143,73.94075249715667,70.6796090162388,,,
1769056200,213.143,213.1435,213.114,213.141,73.65445257409701,71.56253587638264,,,
1769056500,213.141,213.1865,213.1245,213.14,73.5012074988305,72.35271877394563,,,
1769056800,213.14,213.152,213.114,213.116,69.75035596565182,73.0913163485608,,,
1769057100,213.116,213.151,213.1075,213.146,71.69480367387335,74.30671351291575,,,
1769057400,213.146,213.155,213.131,213.137,70.23618143768483,74.9709752341098,,,
1769057700,213.137,213.1375,213.0815,213.0895,62.95621249971513,74.47568034362334,,,
1769058000,213.0895,213.102,213.066,213.068,59.92838756870979,73.45232722105496,,,
1769058300,213.068,213.114,213.0675,213.1005,62.83791107763165,72.50364504665716,,,
1769058600,213.1005,213.153,213.0995,213.1065,63.3667375923657,71.38038145172335,,,
1769058900,213.1065,213.1125,213.0175,213.0195,51.84598350119651,69.16109481039669,,,
1769059200,213.0195,213.066,213.001,213.0615,56.004535943334815,67.1175554388836,,,
1769059500,213.0615,213.0835,213.028,213.0435,53.85785920565761,65.63393393002801,,,
1769059800,213.0435,213.079,213.035,213.039,53.30773799048407,64.0630799304564,,,
1769060100,213.039,213.0725,213.012,213.057,55.27561676683455,62.729855949719095,,,
1769060400,213.057,213.0805,213.0485,213.0585,55.44414073968083,61.42911939011794,,,
1769060700,213.0585,213.074,213.0155,213.029,51.346414932342185,59.84663420679734,,,
1769061000,213.029,213.0705,213.0285,213.0655,55.70821680780652,58.843624266951245,,,
1769061300,213.0655,213.1425,213.065,213.1425,63.20281319650289,58.23705351856764,,,
1769061600,213.1425,213.1815,213.12,213.1495,63.802460836744814,57.777502047071934,,,
1769061900,213.1495,213.189,213.1495,213.184,66.68409512589596,58.04377937751342,,,
1769062200,213.184,213.185,213.1285,213.1415,60.3141784482863,58.07133586891174,,,
1769062500,213.1415,213.2485,213.141,213.2255,67.01980993453009,58.37004293011878,,,
1769062800,213.2255,213.2685,213.185,213.2035,63.971099341658295,58.41321162649682,,,
1769063100,213.2035,213.2125,213.156,213.2075,64.28917823077158,59.30201125003789,,,
1769063400,213.2075,213.236,213.194,213.205,63.909414596072885,59.86664543951919,,,
1769063700,213.205,213.23,213.1345,213.1345,54.188323604592675,59.890250039443124,,,
1769064000,213.1345,213.142,213.094,213.1035,50.547441570206516,59.693086009423304,,,
1769064300,213.1035,213.1245,213.0875,213.1245,52.85817358197126,59.52041149621878,,,
1769064600,213.1245,213.133,213.0985,213.133,53.799184732733025,59.40291463857965,,,
1769064900,213.133,213.175,213.11,213.175,58.235391944183455,59.89498442513974,,,
1769065200,213.175,213.303,213.1705,213.2425,64.1870908350204,60.500618284226434,,,
1769065500,213.2425,213.278,213.2405,213.266,66.0035072948927,60.70066786268285,,,
1769065800,213.266,213.2985,213.2495,213.259,64.94681498556201,60.782407444741224,,,
1769066100,213.259,213.3195,213.2325,213.3115,68.96049107587103,60.94500715545372,,,
1769066400,213.3115,213.345,213.2935,213.344,71.16185054189494,61.71984087642578,,,
1769066700,213.344,213.3595,213.308,213.316,66.7683933092064,61.70188254604552,,,
1769067000,213.316,213.4215,213.3015,213.42,73.34981100442101,62.37179052195713,,,
1769067300,213.42,213.434,213.304,213.305,59.35219475596601,62.01914884518531,,,
1769067600,213.305,213.3615,213.299,213.356,62.747419051749574,61.93614916344793,,,
1769067900,213.356,213.425,213.3545,213.3895,64.82575372565407,62.695965600666604,,,
1769068200,213.3895,213.4085,213.336,213.3435,59.88519262149159,63.362947818615545,,,
1769068500,213.3435,213.351,213.254,213.263,52.36403732934437,63.32765237199934,,,
1769068800,213.263,213.3295,213.147,213.2305,49.652720216249655,63.03147633510766,,,
1769069100,213.2305,213.279,213.1785,213.2445,50.833704283216576,62.502784359324316,,,
1769069400,213.2445,213.263,213.1915,213.217,48.43057574472916,61.37731899573208,,,
1769069700,213.217,213.237,213.165,213.166,44.25242167564099,59.8236700229284,,,
1769070000,213.166,213.1915,213.1425,213.1545,43.34437143981736,58.28063834108949,,,
1769070300,213.1545,213.157,213.0665,213.0665,37.075006084909944,56.00310369887798,,,
1769070600,213.0665,213.089,212.9405,212.95,30.736665672685206,53.11559049393443,,,
1769070900,212.95,213.0045,212.9195,213.0035,36.13626097312029,50.92758104135685,,,
1769071200,213.0035,213.056,212.98,213.0305,38.732144262198716,48.454890559769545,,,
1769071500,213.0305,213.0495,212.96,212.998,36.79346573900985,46.8435527728441,,,
1769071800,212.998,213.0565,212.997,213.035,40.44801283295971,45.25073804293054,,,
1769072100,213.035,213.0625,213.022,213.041,41.04331688266509,43.55199255414561,,,
1769072400,213.041,213.0795,213.0205,213.0605,43.03632303068562,42.348501869088054,,,
1769072700,213.0605,213.0905,213.034,213.0605,43.03632303068563,41.682236562041,,,
1769073000,213.0605,213.146,213.0595,213.1405,50.92901437953228,41.7734004308469,,,
1769073300,213.1405,213.1855,213.1225,213.1695,53.44707825286291,41.96007000010735,,,
1769073600,213.1695,213.2505,213.164,213.226,57.972044632698484,42.641603492105155,,,
1769073900,213.226,213.2625,213.1915,213.234,58.585867696523216,43.66542106502531,,,
1769074200,213.234,213.2625,213.1515,213.2395,59.0289045984713,44.78574486207202,,,
1769074500,213.2395,213.2635,213.192,213.253,60.15561984795905,46.434360130861236,,,
1769074800,213.253,213.2705,213.2,213.2445,59.05443816294968,48.45705816588013,,,
1769075100,213.2445,213.309,213.2315,213.2485,59.43079947318122,50.12095377302734,,,
1769075400,213.2485,213.326,213.241,213.3185,65.420905218288,52.027293841319434,,,
1769075700,213.3185,213.373,213.3125,213.35,67.72996250120752,54.23704361004785,,,
1769076000,213.35,213.417,213.3385,213.403,71.21306684937332,56.43454746836311,,,
1769076300,213.403,213.4295,213.3275,213.336,62.08942424647132,57.93784085149212,,,
1769076600,213.336,213.372,213.323,213.358,63.73250423230644,59.41613950875075,,,
1769076900,213.358,213.3685,213.3145,213.318,58.74703255236049,60.538333046013236,,,
1769077200,213.318,213.3415,213.288,213.336,60.25377276260565,61.20438721623277,,,
1769077500,213.336,213.3445,213.295,213.324,58.71413250848667,61.58060537734875,,,
1769077800,213.324,213.3445,213.31,213.312,57.14169704609598,61.521294835448565,,,
1769078100,213.312,213.4065,213.312,213.4035,64.86779369808573,61.97000383556018,,,
1769078400,213.4035,213.4045,213.358,213.382,62.037811619549174,62.18492576563716,,,
1769078700,213.382,213.418,213.379,213.4035,63.74134606391788,62.441049066777076,,,
1769079000,213.4035,213.4035,213.352,213.3765,60.09428655003422,62.51532395156884,,,
1769079300,213.3765,213.3875,213.3165,213.327,53.99471927702442,62.127032508986204,,,
1769079600,213.327,213.3675,213.298,213.365,57.55629521266427,61.565274651441655,,,
1769079900,213.365,213.408,213.36,213.3945,60.136382132043025,61.0228760536442,,,
1769080200,213.3945,213.399,213.0235,213.0235,32.982182064587604,58.29209856901664,,,
1769080500,213.0235,213.0355,212.6875,212.9305,29.398579893281934,55.95703825807454,,,
1769080800,212.9305,212.985,212.7785,212.858,26.94107148728429,53.32907877628724,,,
1769081100,212.858,212.956,212.8325,212.886,29.395802388755115,51.232562336029716,,,
1769081400,212.886,212.9885,212.8635,212.985,37.40406929062297,49.60044065945952,,,
1769081700,212.985,213.0035,212.9205,212.9205,34.64679314380808,47.881344990553906,,,
1769082000,212.9205,212.9325,212.8475,212.9315,35.519775776453,46.336922042722264,,,
1769082300,212.9315,213.0295,212.9235,212.9895,40.065816148358316,44.56535221774174,,,
1769082600,212.9895,213.0235,212.8885,212.8975,35.75917436809007,42.68830669978037,,,
1769082900,212.8975,212.904,212.82,212.8465,33.6028788799095,40.53555904377977,,,
1769083200,212.8465,212.8675,212.7875,212.865,35.130953426785155,38.75246382069055,,,
1769083500,212.865,212.9205,212.8365,212.913,39.05036265259664,37.68500977608857,,,
1769083800,212.913,212.9845,212.91,212.954,42.25951843831945,36.592382863635365,,,
1769084100,212.954,212.9745,212.9275,212.9375,41.31669574538456,35.248119550302626,,,
1769084400,212.9375,212.9935,212.9135,212.954,42.69356765153964,35.94178994937062,,,
1769084700,212.954,213.0075,212.9425,212.968,43.89638206142811,36.977347247095345,,,
1769085000,212.968,213.1985,212.9615,213.0715,51.92928991729358,38.76221999209601,,,
1769085300,213.0715,213.0755,212.965,213.054,50.609821188283796,40.277507049205205,,,
1769085600,213.054,213.157,213.026,213.1545,57.31719307649655,41.699873033910464,,,
1769085900,213.1545,213.219,213.1445,213.1885,59.32947623259244,43.46292182596648,,,
1769086200,213.1885,213.2015,213.029,213.0795,51.02435612843462,44.57039185110803,,,
1769086500,213.0795,213.243,213.0675,213.226,59.275702443215756,45.942526586454996,,,
1769086800,213.226,213.278,213.0895,213.106,51.6060822805191,47.07444858019993,,,
1769087100,213.106,213.1325,213.0885,213.1275,52.784829301605235,48.44458789603534,,,
1769087400,213.1275,213.1275,213.04,213.042,47.798754964025456,49.34943086298107,,,
1769087700,213.042,213.112,213.021,213.0325,47.26452639139893,49.93615684432409,,,
1769088000,213.0325,213.0425,212.9315,212.9335,41.99680225350304,49.91739140255148,,,
1769088300,212.9335,212.9595,212.88,212.9505,43.168129045012236,50.04963663823918,,,
1769088600,212.9505,213.156,212.917,213.144,54.444798347377535,50.88901025937046,,,
1769088900,213.144,213.2335,212.951,212.9665,45.5218072807046,51.00511206074735,,,
1769089200,212.9665,212.9795,212.856,212.8785,41.85901672906575,50.28580683301679,,,
1769089500,212.8785,212.998,212.8625,212.998,47.98014705274635,50.097972966192685,,,
1769089800,212.998,212.998,212.8485,212.892,43.59569337038352,49.11786584432747,,,
1769090100,212.892,213.0285,212.8725,213.023,49.71173807630437,48.43088454744976,,,
1769090400,213.023,213.0925,212.989,213.0925,52.64545525859293,48.54667734246106,,,
1769090700,213.0925,213.164,213.0545,213.1395,54.57538121327577,48.210940111751064,,,
1769091000,213.1395,213.175,213.1135,213.159,55.38775241899486,48.481059407356476,,,
1769091300,213.159,213.211,213.146,213.184,56.46276646892709,48.74376920502232,,,
1769091600,213.184,213.2015,213.0325,213.0615,50.093073760746066,48.90764911907378,,,
1769091900,213.0615,213.095,213.0615,213.0715,50.58316825186498,49.14469496624992,,,
1769092200,213.0715,213.1275,213.0605,213.089,51.48111897940454,49.822146160957175,,,
1769092500,213.089,213.1765,213.089,213.1385,54.0258570328064,50.59769816008533,,,
1769092800,213.1385,213.191,213.1255,213.145,54.364334325652614,50.59195072996213,,,
1769093100,213.145,213.185,213.1035,213.148,54.53072405556144,51.23544478530904,,,
1769093400,213.148,213.2475,213.1165,213.244,59.60614524169957,52.503096821925745,,,
1769093700,213.244,213.347,213.244,213.2825,61.46393104557972,53.46622424998527,,,
1769094000,213.2825,213.3715,213.2675,213.3715,65.42290630393964,55.02531088809642,,,
1769094300,213.3715,213.4335,213.27,213.284,59.00481941269074,55.68910241212402,,,
1769094600,213.284,213.42,213.254,213.4005,64.06020117104876,56.504441405870864,,,
1769094900,213.4005,213.4555,213.338,213.436,65.45803424950464,57.28177376560149,,,
1769095200,213.436,213.4755,213.3275,213.381,61.46911148813074,57.71615655625406,,,
1769095500,213.381,213.442,213.347,213.3965,62.16878692468622,58.12372944595114,,,
1769095800,213.3965,213.451,213.385,213.429,63.658909205543395,59.092717692008094,,,
1769096100,213.429,213.5065,213.4025,213.428,63.57593068448954,60.020772151481275,,,
1769096400,213.428,213.5225,213.4245,213.511,67.37690107214648,61.15618515810571,,,
1769096700,213.511,213.5665,213.448,213.5395,68.5890031417044,62.196409880169846,,,
1769097000,213.5395,213.565,213.494,213.5025,65.20199373502919,62.97052840941103,,,
1769097300,213.5025,213.6355,213.4385,213.4805,63.203473728555494,63.590010528910604,,,
1769097600,213.4805,213.544,213.458,213.5375,66.10250000663153,64.05403586926289,,,
1769097900,213.5375,213.569,213.51,213.5425,66.3529220281349,64.40324951087396,,,
1769098200,213.5425,213.575,213.527,213.54,66.09001910626483,64.45090042532577,,,
1769098500,213.54,213.6425,213.54,213.636,70.86400490686226,65.29798510348088,,,
1769098800,213.636,213.665,213.602,213.6055,67.6074284078734,65.55135847753978,,,
1769099100,213.6055,213.666,213.6025,213.6385,69.2537926576206,65.82248407811949,,,
1769099400,213.6385,213.641,213.589,213.6035,65.45403654654346,66.10712158229182,,,
1769099700,213.6035,213.649,213.5925,213.5985,64.90615748608454,66.30264805096314,,,
1769100000,213.5985,213.6475,213.5875,213.612,65.7400000745398,66.4512973987486,,,
1769100300,213.612,213.631,213.5945,213.6165,66.02974470042567,66.62656982845832,,,
1769100600,213.6165,213.6395,213.591,213.631,66.99825687259056,66.59952381420432,,,
1769100900,213.631,213.6615,213.589,213.622,65.74531683954464,66.39640336405004,,,
1769101200,213.622,213.622,213.506,213.511,52.664137232926805,65.50084218532845,,,
1769101500,213.511,213.602,213.506,213.578,58.08521719559043,65.13525243297381,,,
1769101800,213.578,213.582,213.4835,213.4895,49.94814722283892,63.98137009127434,,,
1769102100,213.4895,213.498,213.442,213.475,48.74331409102416,62.72354095290929,,,
1769102400,213.475,213.519,213.423,213.519,52.4885178845376,61.752005151357345,,,
1769102700,213.519,213.5615,213.492,213.5585,55.62331130997748,60.66338418015129,,,
1769103000,213.5585,213.578,213.534,213.539,53.73828946987015,59.67273139886534,,,
1769103300,213.539,213.6225,213.537,213.603,58.686839987896015,58.917949065313586,,,
1769103600,213.603,213.603,213.548,213.55,53.57583989913676,58.06950644764168,,,
1769103900,213.55,213.5985,213.532,213.5965,57.10546736315643,57.51231429600396,,,
1769104200,213.5965,213.6155,213.55,213.5565,53.348004348576936,56.62717174414947,,,
1769104500,213.5565,213.6005,213.5105,213.6005,56.721402273444745,55.962290142222265,,,
1769104800,213.6005,213.631,213.5785,213.6275,58.695160950283814,55.3692118620575,,,
1769105100,213.6275,213.657,213.5825,213.657,60.79876296709069,55.01588658545364,,,
1769105400,213.657,213.657,213.628,213.6445,59.41789365896612,55.49829775874216,,,
1769105700,213.6445,213.6785,213.637,213.6645,60.946252094716094,55.702657394393995,,,
1769106000,213.6645,213.7105,213.664,213.706,63.9777949518564,56.70477508932381,,,
1769106300,213.706,213.738,213.6865,213.7365,66.0628285711021,57.94188326647224,,,
1769106600,213.7365,213.7715,213.7295,213.752,67.1048837949481,58.98590940293013,,,
1769106900,213.752,213.752,213.689,213.6915,59.43379648933959,59.258086915741714,,,
1769107200,213.6915,213.6945,213.6345,213.637,53.500618085214285,59.241110388266286,,,
1769107500,213.637,213.6635,213.6085,213.6625,55.727593513807456,59.0297356401171,,,
1769107800,213.6625,213.7055,213.6595,213.6855,57.695598261405024,59.324004094564835,,,
1769108100,213.6855,213.713,213.6775,213.7035,59.223285990372396,59.475276853651685,,,
1769108400,213.7035,213.7045,213.668,213.669,55.115092884089144,59.601497463331135,,,
1769108700,213.669,213.675,213.635,213.6515,53.10285260797755,59.34302963008348,,,
1769109000,213.6515,213.7125,213.641,213.7125,58.75549898347042,59.3473394895968,,,
1769109300,213.7125,213.726,213.6945,213.7215,59.5305495801739,59.25675281910274,,,
1769109600,213.7215,213.726,213.706,213.7115,58.22140133068074,59.17128908136807,,,
1769109900,213.7115,213.716,213.683,213.692,55.651337902206095,58.79308092476022,,,
1769110200,213.692,213.714,213.683,213.706,57.11501265418439,58.30288218921222,,,
1769110500,213.706,213.713,213.6845,213.7105,57.5994137110707,57.69835255635284,,,
1769110800,213.7105,213.722,213.6985,213.7085,57.28968717756731,56.99726708368278,,,
1769111100,213.7085,213.7455,213.704,213.737,60.545479303813146,57.07667299900232,,,
1769111400,213.737,213.7785,213.733,213.774,64.34545138886985,57.85130394926343,,,
1769111700,213.774,213.7795,213.707,213.708,54.29920158116803,57.7492759540749,,,
1769112000,213.708,213.738,213.669,213.733,57.03557807184523,57.70213165482063,,,
1769112300,213.733,213.758,213.7295,213.7545,59.29295841279834,57.70710825642249,,,
1769112600,213.7545,213.804,213.7505,213.799,63.5604705091494,58.310349515355355,,,
1769112900,213.799,213.8395,213.799,213.821,65.48683036477613,59.19491935512668,,,
1769113200,213.821,213.822,213.78,213.795,61.358497335240614,59.380847808824555,,,
1769113500,213.795,213.795,213.748,213.7695,57.52802992968158,59.237810690932236,,,
1769113800,213.7695,213.7695,213.7385,213.747,54.306543972972364,58.9581780225245,,,
1769114100,213.747,213.8185,213.742,213.811,60.9970154166715,59.34001213070059,,,
1769114400,213.811,213.818,213.773,213.792,58.26928939739814,59.42246046950158,,,
1769114700,213.792,213.824,213.7775,213.8105,60.138460422460064,59.603820948886536,,,
1769115000,213.8105,213.8265,213.796,213.813,60.39661423299074,59.825744309988195,,,
1769115300,213.813,213.8515,213.8115,213.8495,64.0566135385983,60.07653961247286,,,
1769115600,213.8495,213.9035,213.831,213.892,67.7893622904734,60.32253324830168,,,
1769115900,213.892,213.9525,213.892,213.919,69.92613592576481,61.43874284434431,,,
1769116200,213.919,213.919,213.847,213.8605,60.553248043043105,61.690004985144164,,,
1769116500,213.8605,213.8695,213.857,213.864,60.89100739516181,61.804151341027264,,,
1769116800,213.864,213.8885,213.8365,213.8765,62.13789564918427,61.70253885102976,,,
1769117100,213.8765,213.9185,213.876,213.9085,65.19698668180136,61.68183573081728,,,
1769117400,213.9085,213.9615,213.9005,213.9465,68.45624882831677,62.18881798032272,,,
1769117700,213.9465,213.9535,213.914,213.929,65.41789635002054,62.752379867489786,,,
1769118000,213.929,213.9475,213.929,213.9325,65.74535704662806,63.56943794417948,,,
1769118300,213.9325,213.949,213.919,213.9485,67.27108130752481,64.01758550781186,,,
1769118600,213.9485,213.9485,213.912,213.9225,62.40671804949458,64.31311612581874,,,
1769118900,213.9225,213.944,213.886,213.886,56.256704424396275,64.03584784024277,,,
1769119200,213.886,213.905,213.7235,213.7235,38.20522840367622,62.45074885243458,,,
1769119500,213.7235,213.874,213.6635,213.6635,33.88216016211064,60.29543075411403,,,
1769119800,213.6635,213.8005,213.6635,213.8,48.23328601658733,58.898568163122164,,,
1769120100,213.8,213.809,213.786,213.7865,47.14341732265089,57.2712311200426,,,
1769120400,213.7865,213.86,213.784,213.8255,50.61507763560933,56.56136180522589,,,
1769120700,213.8255,213.8255,213.672,213.6915,40.71905447779925,55.12050802541428,,,
1769121000,213.6915,213.807,213.6915,213.789,48.594496105892325,54.153122343750574,,,
1769121300,213.789,213.813,213.784,213.804,49.70159230169196,53.046308459457045,,,
1769121600,213.804,213.841,213.8035,213.826,51.35628952412782,51.82488279487212,,,
1769121900,213.826,213.8675,213.8245,213.8675,54.40352272381927,51.038141821572026,,,
1769122200,213.8675,213.8805,213.863,213.875,54.95274129519737,50.26724069646984,,,
1769122500,213.875,213.896,213.867,213.8935,56.349428036140715,49.48712260565669,,,
1769122800,213.8935,213.9085,213.8575,213.9035,57.12329271349524,49.10973508165673,,,
1769123100,213.9035,213.962,213.8815,213.9585,61.197831491975606,49.46267272934097,,,
1769123400,213.9585,213.961,213.9195,213.9195,57.05731107116764,50.80925006273321,,,
1769123700,213.9195,213.932,213.906,213.9205,57.137389876919535,52.470337899505274,,,
1769124000,213.9205,213.9415,213.917,213.939,58.67278754711172,53.21601658025702,,,
1769124300,213.939,213.939,213.9045,213.913,55.65536849042338,53.82401309224077,,,
1769124600,213.913,213.932,213.863,213.893,53.3811702045897,54.02159113288222,,,
1769124900,213.893,213.8945,213.86,213.8615,49.921206226835324,54.67888768638479,,,
1769125200,213.8615,213.8795,213.85,213.8795,51.84207581478133,54.91085766559116,,,
1769125500,213.8795,213.951,213.8395,213.9495,58.50744775383358,55.53984734074413,,,
1769125800,213.9495,214.0085,213.939,213.9975,62.35505856756112,56.32547370098937,,,
1769126100,213.9975,214.001,213.943,213.9515,56.908760666459436,56.50441926832081,,,
1769126400,213.9515,214.015,213.901,213.954,57.12792559554741,56.65978957548867,,,
1769126700,213.954,213.9845,213.9305,213.9795,59.396388062353765,56.877429577361035,,,
1769127000,213.9795,214.0115,213.978,213.997,60.92446284462472,57.148941729584564,,,
1769127300,213.997,213.997,213.929,213.9405,53.87490985700469,56.62587589851521,,,
1769127600,213.9405,213.9805,213.9055,213.9125,50.74143045906157,56.17474156907906,,,
1769127900,213.9125,213.9365,213.8795,213.936,53.20160414037827,55.893614016468966,,,
1769128200,213.936,213.9595,213.898,213.952,54.854829555433945,55.620902731349126,,,
1769128500,213.952,213.983,213.937,213.9725,56.95310039703161,55.713597867535434,,,
1769128800,213.9725,214.003,213.9695,213.9885,58.57155200133265,56.084339424445645,,,
1769129100,213.9885,214.0085,213.9305,213.997,59.443915500256686,56.76453294397574,,,
1769129400,213.997,214.0295,213.8965,213.966,54.903203485128685,56.98318492042913,,,
1769129700,213.966,213.9685,213.863,213.9515,52.86893575265516,56.5804340632021,,,
1769130000,213.9515,214.037,213.9435,214.029,61.15367348909905,56.49462084331195,,,
1769130300,214.029,214.034,213.958,213.978,54.37945047597187,56.3139558297057,,,
1769130600,213.978,214.0355,213.971,214,56.61220856615697,56.27711889903495,,,
1769130900,214,214.052,213.9605,214.023,58.87812508579735,56.2401001149952,,,
1769131200,214.023,214.076,214.022,214.0535,61.73220719014596,56.29779613967529,,,
1769131500,214.0535,214.1035,214.0535,214.098,65.49507918562094,57.12780823457645,,,
1769131800,214.098,214.127,214.053,214.0855,63.60317341797531,58.046504160213146,,,
1769132100,214.0855,214.0965,214.0605,214.091,64.09463272391217,58.82457763046559,,,
1769132400,214.091,214.122,214.0765,214.095,64.47038064248112,59.51140270811182,,,
1769132700,214.095,214.142,214.095,214.142,68.62510352156511,60.34511721700706,,,
1769133000,214.142,214.142,214.0965,214.127,65.97355559145547,60.87383175915869,,,
1769133300,214.127,214.157,214.1235,214.1335,66.57622445766191,61.38328239897334,,,
1769133600,214.1335,214.1535,214.112,214.138,67.0118407452762,62.24818506041246,,,
1769133900,214.138,214.1595,214.112,214.112,61.9851541715624,62.89934351890583,,,
1769134200,214.112,214.119,214.0905,214.1165,62.509330380627055,62.996176154014975,,,
1769134500,214.1165,214.1175,214.074,214.1055,60.31981048814263,63.42048758345574,,,
1769134800,214.1055,214.1065,214.067,214.0745,54.52362273656265,63.27130288134186,,,
1769135100,214.0745,214.0775,213.9965,214.009,44.74105273016722,62.26151199879685,,,
1769135400,214.009,214.03,213.9875,214.0015,43.77260693143698,60.97868340888907,,,
1769135700,214.0015,214.0455,213.9935,214.0015,43.77260693143698,59.42707824787593,,,
1769136000,214.0015,214.006,213.9105,213.9155,33.98873644405967,57.31176132116767,,,
1769136300,213.9155,214.0235,213.8885,214.0235,49.31124560343894,56.25580509827672,,,
1769136600,214.0235,214.035,213.899,213.911,39.12378099034798,54.44533369455293,,,
1769136900,213.911,214.003,213.911,213.9975,48.01648873312341,52.97328978109281,,,
1769137200,213.9975,214.0095,213.959,214.0065,48.85365560214949,51.75043978185666,,,
1769137500,214.0065,214.172,213.9015,214.0085,49.05001993655599,50.4985680303491,,,
1769137800,214.0085,214.1295,214.0085,214.062,54.12392918666925,49.57800291902004,,,
1769138100,214.062,214.096,214.0235,214.048,52.64643234914605,48.91095136027602,,,
1769138400,214.048,214.1095,214.048,214.066,54.37110373952468,48.329649457340125,,,
1769138700,214.066,214.106,214.0595,214.089,56.54879111087215,48.060290930392235,,,
1769139000,214.089,214.1345,214.0835,214.086,56.17221288571721,48.178047369617566,,,
1769139300,214.086,214.102,213.962,213.984,45.16051341514292,48.20800884711583,,,
1769139600,213.984,213.9915,213.8875,213.952,42.35524449552493,48.10676867312211,,,
1769139900,213.952,214.021,213.9345,213.9895,46.54572698001118,48.304848676591696,,,
1769140200,213.9895,214.0025,213.9525,214.0025,47.95811496728789,49.302661428250865,,,
1769140500,214.0025,214.007,213.9575,214.0055,48.29761882898544,49.230259515789896,,,
1769140800,214.0055,214.0305,213.966,213.967,44.30322232581202,49.60021961118019,,,
1769141100,213.967,214.039,213.9505,214.025,50.89233166996823,49.805636963811956,,,
1769141400,214.025,214.0315,213.96,213.9705,45.45113336600191,49.56259966122998,,,
1769141700,213.9705,214.02,213.9685,214.02,50.61559882546849,49.67442672472373,,,
1769142000,214.02,214.0285,213.999,214.024,51.01915628833714,49.452657231985725,,,
1769142300,214.024,214.0435,214.0085,214.04,52.68472159338461,49.45539217800276,,,
1769142600,214.04,214.065,214.032,214.0605,54.80524001641974,49.4864019120667,,,
1769142900,214.0605,214.071,214.0445,214.056,54.23068833094947,49.32082314207222,,,
1769143200,214.056,214.075,214.037,214.0605,54.74165243991531,49.21864025308637,,,
1769143500,214.0605,214.0605,214.0105,214.0285,50.430151955685744,49.59504300598228,,,
1769143800,214.0285,214.037,214.0075,214.01,48.07284160095212,50.00344279922708,,,
1769144100,214.01,214.034,213.983,213.994,46.06720924095326,49.96926296072295,,,
1769144400,213.994,214.035,213.994,214.0185,49.53888503462804,50.0821751083901,,,
1769144700,214.0185,214.071,214.0135,214.053,54.02665008735073,50.49139162684476,,,
1769145000,214.053,214.0755,214.0295,214.0305,50.850392703593656,50.95904665382916,,,
1769145300,214.0305,214.0345,213.9235,213.954,41.84308593006531,50.31267195812181,,,
1769145600,213.954,214.008,213.9455,214.0065,48.57525948735407,50.535823823932674,,,
1769145900,214.0065,214.023,213.9755,213.985,46.21582201951072,50.22155405207855,,,
1769146200,213.985,214.017,213.9705,213.979,45.550874250810054,49.83096247796947,,,
1769146500,213.979,214.064,213.975,214.064,55.351542142310514,50.02144966003561,,,
1769146800,214.064,214.0845,214.0405,214.0485,53.4617863564497,49.925488684323454,,,
1769147100,214.0485,214.084,214.0455,214.083,56.98221902744708,50.12202659121614,,,
1769147400,214.083,214.099,214.071,214.096,58.263405327569764,50.37358036890574,,,
1769147700,214.096,214.125,214.0895,214.123,60.87003219769859,51.1192861004781,,,
1769148000,214.123,214.129,214.0825,214.085,55.60633781362528,51.6573929728119,,,
1769148300,214.085,214.0865,214.0335,214.036,49.644802898931296,51.91293537695318,,,
1769148600,214.036,214.0435,214.0015,214.0275,48.67003111159415,51.850874382450755,,,
1769148900,214.0275,214.034,213.9985,214.0075,46.363288461055525,51.30349140914395,,,
1769149200,214.0075,214.056,213.999,214.0555,52.21670632837206,51.40108523948527,,,
1769149500,214.0555,214.087,214.038,214.047,51.15213798494709,52.066017529119684,,,
1769149800,214.047,214.1065,214.045,214.0705,53.94757794710901,52.44975456195932,,,
1769150100,214.0705,214.134,213.9565,214.1335,60.477479233658045,53.46844436296984,,,
1769150400,214.1335,214.219,214.122,214.1805,64.51939407925636,54.8233386364303,,,
1769150700,214.1805,214.326,214.1465,214.2705,70.69892385531256,55.91958018735902,,,
1769151000,214.2705,214.3495,214.1715,214.251,67.93800296219308,56.95359565919783,,,
1769151300,214.251,214.319,214.189,214.2215,63.87414651711289,57.44587619417395,,,
1769151600,214.2215,214.433,214.2215,214.329,70.74226034512779,58.33722298114242,,,
1769151900,214.329,214.3715,214.2975,214.3705,72.88538359904315,59.195462366952746,,,
1769152200,214.3705,214.4275,214.352,214.4125,74.8900328631516,60.57286915620462,,,
1769152500,214.4125,214.479,214.372,214.4755,77.568956610513,62.567451564174746,,,
1769152800,214.4755,214.662,214.4755,214.6245,82.3618488964715,64.97400997738028,,,
1769153100,214.6245,214.767,214.623,214.715,84.52473339182734,67.6998274724354,,,
1769153400,214.715,214.8205,214.7095,214.796,86.16050152650749,70.12438427230222,,,
1769153700,214.796,214.8555,214.732,214.7785,84.09237114059212,72.47725806913401,,,
1769154000,214.7785,214.791,212.5355,212.698,20.645526992657878,70.09854014381607,,,
1769154300,212.698,213.6225,212.5755,213.424,38.17507156402203,68.50551102455636,,,
1769154600,213.424,213.5585,213.345,213.5235,40.127163198248496,66.76320881877008,,,
1769154900,213.5235,213.7955,213.4765,213.7065,43.65115041422583,64.83122500154961,,,
1769155200,213.7065,213.7105,213.4155,213.63,42.52437476150545,63.015965844357645,,,
1769155500,213.63,213.665,213.457,213.5325,41.069294767737574,61.38704786225941,,,
1769155800,213.5325,213.656,213.5225,213.6015,42.567044520501966,59.3745324462147,,,
1769156100,213.6015,213.6365,213.518,213.562,41.91036756479871,57.16203130091152,,,
1769156400,213.562,213.596,213.359,213.5315,41.379542537550925,54.76842484908291,,,
1769156700,213.5315,213.5945,213.528,213.549,41.83475732146939,52.21598204272265,,,
1769157000,213.549,213.7065,213.5075,213.7065,45.90614345014583,49.61200308227082,,,
1769157300,213.7065,213.736,213.651,213.6945,45.64399471539419,46.834807462525596,,,
1769157600,213.6945,213.738,213.568,213.574,42.989223838042726,43.751144770492395,,,
1769157900,213.574,213.635,213.4675,213.4675,40.73420641159577,40.654133004135524,,,
1769158200,213.4675,213.5225,213.418,213.478,41.06245789193589,42.11248521122682,,,
1769158500,213.478,213.5475,213.441,213.5085,42.06621745908811,42.39042420373153,,,
1769158800,213.5085,213.5115,213.3565,213.3845,39.14714859326327,42.3204231605183,,,
1769159100,213.3845,213.431,213.233,213.3085,37.43264656774532,41.87624431434112,,,
1769159400,213.3085,213.392,213.211,213.312,37.568253685885814,41.522235666082565,,,
1769159700,213.312,213.448,213.288,213.4375,42.38988305052248,41.61656340056721,,,
1769160000,213.4375,213.46,213.3145,213.325,39.44874750856792,41.39382789971477,,,
1769160300,213.325,213.355,213.2545,213.33,39.64916621778675,41.23231351778535,,,
1769160600,213.33,213.5825,213.33,213.563,48.2458492885256,41.722763999997824,,,
1769160900,213.563,213.619,213.503,213.6115,49.84729601325166,42.29508819226799,,,
1769161200,213.6115,213.665,213.547,213.6615,51.5130287281892,42.695579997842515,,,
1769161500,213.6615,213.803,213.645,213.8005,55.89829364827596,43.42802992161979,,,
1769161800,213.8005,213.8675,213.785,213.822,56.552840159995895,44.39685965890216,,,
1769162100,213.822,213.8625,213.7325,213.7835,54.97925263339868,45.414362960459506,,,
1769162400,213.7835,213.848,213.7255,213.8045,55.70327396372821,46.46013553701611,,,
1769162700,213.8045,214.0005,213.8045,213.9765,61.20621268714091,47.82727805330559,,,
1769163000,213.9765,213.994,213.882,213.9005,57.78999502341417,49.15890994117351,,,
1769163300,213.9005,213.982,213.893,213.959,59.65658792609594,50.74633432391284,,,
1769163600,213.959,214.008,213.939,213.9755,60.191306041836896,52.36226663505221,,,
1769163900,213.9755,214.022,213.931,214.022,61.730722845537294,53.743755191838986,,,
1769164200,214.022,214.0615,214.013,214.0585,62.94211165312681,55.42185263073605,,,
1769164500,214.0585,214.11,214.0335,214.0475,62.302052436485965,57.03991593207171,,,
1769164800,214.0475,214.1075,214.0465,214.0745,63.288860023088574,58.11441669882621,,,
1769165100,214.0745,214.0885,214.032,214.0415,61.18088534273266,58.92395879378914,,,
1769165400,214.0415,214.0415,213.946,213.9835,57.55259710941369,59.35535653530518,,,
1769165700,213.9835,214.002,213.937,213.989,57.808122612902515,59.491772889921364,,,
1769166000,213.989,214.0965,213.9265,214.028,59.662420749235125,59.713885789152734,,,
1769166300,214.028,214.042,213.965,214.0075,58.214138773799284,59.94494908489563,,,
1769166600,214.0075,214.0945,213.9875,214.0695,61.275800570385336,60.342986699656855,,,
1769166900,214.0695,214.1155,213.927,214.0545,60.12794182175031,60.26596735212895,,,
1769167200,214.0545,214.102,214.0115,214.058,60.31474749914051,60.44630681468084,,,
1769167500,214.058,214.1145,214.054,214.1135,63.254653131971374,60.703311472243364,,,
1769167800,214.1135,214.172,214.0925,214.158,65.46382827865634,61.07992020344476,,,
1769168100,214.158,214.1735,214.1325,214.149,64.61768025926287,61.286131447282294,,,
1769168400,214.149,214.175,214.006,214.0315,54.68061050134175,60.6960242221548,,,
1769168700,214.0315,214.0845,214.008,214.0825,57.71982103216241,60.36872197898882,,,
1769169000,214.0825,214.089,213.873,213.8765,44.684647932896134,59.03984968683222,,,
1769169300,213.8765,213.903,213.743,213.7725,39.79807189116816,57.51250586886333,,,
1769169600,213.7725,213.838,213.756,213.799,41.55200551081118,56.36960646896315,,,
1769169900,213.799,213.836,213.7745,213.8215,43.06862200653816,55.31678499707998,,,
1769170200,213.8215,213.8865,213.8215,213.8785,46.832450506102916,54.40035855114196,,,
1769170500,213.8785,213.977,213.8615,213.958,51.63514515676914,53.93043043563981,,,
1769170800,213.958,213.974,213.9345,213.9365,50.311529586554464,53.147268222509034,,,
1769171100,213.9365,213.958,213.9175,213.9345,50.1826612055152,52.4368910356351,,,
1769171400,213.9345,213.9825,213.9055,213.936,50.285512028002415,51.72051707341096,,,
1769171700,213.936,214.0325,213.932,214.0315,56.45018888589038,51.23448391297661,,,
1769172000,214.0315,214.1075,214.0155,214.079,59.16262832198739,50.78439820178597,,,
1769172300,214.079,214.099,214.04,214.0415,56.18730401699466,50.182228470195376,,,
1769172600,214.0415,214.0445,214,214.036,55.74450664787425,50.25822105209056,,,
1769172900,214.036,214.0415,213.951,213.9645,50.20533592694333,49.72147211600348,,,
1769173200,213.9645,214.0185,213.9615,213.989,51.96662446165312,50.241613296628984,,,
1769173500,213.989,214.0355,213.9355,213.9355,47.975972364737345,50.825749044741066,,,
1769173800,213.9355,214.04,213.9235,214.0365,55.00137023439055,51.78641795356816,,,
1769174100,214.0365,214.0605,214.012,214.0185,53.61185409766067,52.53950596007691,,,
1769174400,214.0185,214.0425,213.975,214.0045,52.50089766332889,52.944395042735906,,,
1769174700,214.0045,214.0045,213.955,213.9585,48.91427027998411,52.75004683725126,,,
1769175000,213.9585,214.0195,213.956,213.9845,50.953777713872874,52.7959217034883,,,
1769175300,213.9845,214.0215,213.973,213.9905,51.435621334843496,52.88541885558317,,,
1769175600,213.9905,214.0435,213.9905,214.016,53.52535180912095,53.11683598280592,,,
1769175900,214.016,214.0455,214.006,214.016,53.52535180912095,52.90791904875096,,,
1769176200,214.016,214.086,214.015,214.0735,58.22617302203657,52.84102938446876,,,
1769176500,214.0735,214.077,214.047,214.057,56.46131649206361,52.86060170411655,,,
1769176800,214.057,214.115,214.0355,214.108,60.45149350490201,53.196815051047096,,,
1769177100,214.108,214.1385,214.0895,214.121,61.42203485930255,53.9980078319299,,,
1769177400,214.121,214.1645,214.0995,214.1195,61.235303001086834,54.660056299032306,,,
1769177700,214.1195,214.127,214.071,214.072,55.48300679171733,55.19627304381658,,,
1769178000,214.072,214.0805,214.001,214.051,53.10776532557995,55.06101555033011,,,
1769178300,214.051,214.128,214.038,214.11,58.48512309832992,55.40910619323506,,,
1769178600,214.11,214.159,214.09,214.1395,60.89949965345108,56.009006335386644,,,
1769178900,214.1395,214.153,214.0855,214.1335,60.13349464018508,56.810379503972435,,,
1769179200,214.1335,214.1705,214.1185,214.1205,58.41895144726842,57.34360619921497,,,
1769179500,214.1205,214.183,214.1055,214.163,62.21222028281269,58.113363266927045,,,
1769179800,214.163,214.206,214.158,214.185,64.0409311977987,58.864476080404025,,,
1769180100,214.185,214.26,214.1745,214.226,67.22433047511574,59.842974556546515,,,
1769180400,214.226,214.356,214.2245,214.3065,72.39219642635985,60.85483337114103,,,
1769180700,214.3065,214.3405,214.2755,214.28,68.55985465244899,61.719014668311424,,,
1769181000,214.28,214.2935,214.2185,214.2315,62.08216845368974,61.835491450367684,,,
1769181300,214.2315,214.2895,214.1955,214.283,65.77948575199659,62.14673794270298,,,
1769181600,214.283,214.361,214.273,214.353,70.05374829474161,62.77662689224974,,,
1769181900,214.353,214.477,214.353,214.475,75.740910700571,64.22362002859644,,,
1769182200,214.475,214.5135,214.463,214.4945,76.50883289219588,65.89512485478329,,,
1769182500,214.4945,214.527,214.45,214.451,71.10175790923661,66.79631305556234,,,
1769182800,214.451,214.4725,214.4005,214.4465,70.54632304308319,67.48537186910748,,,
1769183100,214.4465,214.507,214.439,214.47,71.78586046166704,68.31768371349905,,,
1769183400,214.47,214.564,214.4545,214.507,73.66505234103852,69.40669092019692,,,
1769183700,214.507,214.5175,214.426,214.473,69.10986504712358,69.89937983193342,,,
1769184000,214.473,214.514,214.441,214.5125,71.3280835380298,70.41989071337848,,,
1769184300,214.5125,214.5345,214.4605,214.4905,68.38270537523405,70.50263177767265,,,
1769184600,214.4905,214.6205,214.4895,214.5805,73.24925257641223,70.56385007410496,,,
1769184900,214.5805,214.626,214.3265,214.3265,49.90367388552282,69.23126573361024,,,
1769185200,214.3265,214.3995,214.173,214.3375,50.63741522904709,68.41378336042149,,,
1769185500,214.3375,214.383,214.2005,214.2015,42.3738741214225,66.74195395823763,,,
1769185800,214.2015,214.2685,214.095,214.1295,38.76696852405777,64.50718397461735,,,
1769186100,214.1295,214.1295,213.9575,214.032,34.48605089811659,61.56040827444203,,,
1769186400,214.032,214.169,214.0205,214.1305,41.51276694311525,59.060689278079124,,,
1769186700,214.1305,214.1825,214.0515,214.069,38.72034278364368,56.74773105482249,,,
1769187000,214.069,214.2015,213.9815,214.15,44.05779356747297,54.85569323513604,,,
1769187300,214.15,214.235,214.0915,214.1095,42.08405414941917,52.73413564140405,,,
1769187600,214.1095,214.1505,214.0155,214.088,41.03313362120766,50.40328430427327,,,
1769187900,214.088,214.129,214.0625,214.0865,40.95628954538674,48.3923146255778,,,
1769188200,214.0865,214.0985,213.5305,213.548,23.756174631358164,44.9943211322441,,,
1769188500,213.548,213.6075,213.18,213.35,20.368952988508042,41.5647673903351,,,
1769188800,213.35,213.377,213.1465,213.2825,19.355741321842046,37.715230872151515,,,
1769189100,213.2825,213.285,213.0185,213.146,17.463893842377743,35.398103726212575,,,
1769189400,213.146,213.168,212.6705,213.1375,17.35017013560943,33.020443362395596,,,
1769189700,213.1375,213.4205,213.072,213.0835,16.610150882277892,31.180177416742413,,,
1769190000,213.0835,213.0875,212.7625,213.0165,15.714564741952714,29.533577146592048,,,
1769190300,213.0165,213.082,212.8805,212.9365,14.695683768852732,28.119979494501774,,,
1769190600,212.9365,212.9895,212.7255,212.735,12.497715249629039,26.047475802109904,,,
1769190900,212.735,212.918,212.6705,212.786,15.925213577853228,24.419252287410583,,,
1769191200,212.786,212.9345,212.749,212.786,15.925213577853228,22.409782288152023,,,
1769191500,212.786,212.7995,212.683,212.7955,16.630697019928334,20.591685350331254,,,
1769191800,212.7955,212.9095,212.785,212.868,22.009224314467275,19.232834685564082,,,
1769192100,212.868,212.9325,212.697,212.697,18.91037698586898,17.65812664559853,,,
1769192400,212.697,212.7195,212.371,212.466,15.69545826926094,17.082361191163013,,,
1769192700,212.466,212.538,212.297,212.307,13.938879958403035,16.62307026044122,,,
1769193000,212.307,212.496,212.2995,212.4275,21.141897071505298,16.750652813988598,,,
1769193300,212.4275,212.53,212.41,212.4365,21.66922409404799,17.051033546250757,,,
1769193600,212.4365,212.492,212.3605,212.3655,20.504346842597883,17.276331882464216,,,
1769193900,212.3655,212.49,212.3555,212.391,22.123579666180575,17.67014822417155,,,
1769194200,212.391,212.4785,212.3795,212.414,23.63447915416593,18.235856396472492,,,
1769194500,212.414,212.4945,212.406,212.468,27.205393267627116,19.12940707495638,,,
1769194800,212.468,212.5235,212.3415,212.3735,25.002058042101254,20.02257441727582,,,
1769195100,212.3735,212.4355,212.3225,212.4235,28.310357861129063,20.907227580366953,,,
1769195400,212.4235,212.4305,212.284,212.314,25.642600206115603,21.601326625242837,,,
1769195700,212.314,212.3865,212.296,212.3415,27.49058616850469,22.37703299299829,,,
1769196000,212.3415,212.6265,212.335,212.587,41.4743532365394,23.76739934457487,,,
1769196300,212.587,212.5975,212.4945,212.52,39.24964283379296,25.220204047998013,,,
1769196600,212.52,212.551,212.471,212.4905,38.276103549634705,26.833107282310426,,,
1769196900,212.4905,212.5175,212.4265,212.4395,36.586549580154355,28.450797969578378,,,
1769197200,212.4395,212.4715,212.3935,212.404,35.41470285482369,29.47028409695826,,,
1769197500,212.404,212.4205,212.2835,212.323,32.83082211811379,30.267541098677246,,,
1769197800,212.323,212.327,212.0845,212.2195,29.835383021775357,30.93404368290421,,,
1769198100,212.2195,212.418,212.172,212.3815,39.18789215471136,32.152923146370696,,,
1769198400,212.3815,212.4835,212.3335,212.4095,40.660150824610085,33.369042551402416,,,
1769198700,212.4095,212.432,212.313,212.3275,37.77579903959493,34.1240715351144,,,
1769199000,212.3275,212.398,212.3175,212.38,40.67734819722753,35.24373511762342,,,
1769199300,212.38,212.4125,212.357,212.3695,40.272867467075244,36.09820008947672,,,
1769199600,212.3695,212.4355,212.3645,212.416,42.97709291109457,37.336378139832355,,,
1769199900,212.416,212.44,212.374,212.4275,43.65652248801641,38.49108787694034,,,
1769200200,212.4275,212.4475,212.3535,212.402,42.448744886065,38.560687280477886,,,
1769200500,212.402,212.462,212.325,212.345,39.798283205882846,38.599875878484305,,,
1769200800,212.345,212.38,212.295,212.362,40.98187202758112,38.79314505548048,,,
1769201100,212.362,212.43,212.3295,212.4225,45.1172833775085,39.40248318386291,,,
1769201400,212.4225,212.4225,212.352,212.3915,43.43773893956022,39.975557189915534,,,
1769201700,212.3915,212.5245,212.3635,212.484,49.48095860403688,41.164852653195744,,,
1769202000,212.484,212.5635,212.449,212.452,47.5867802520759,42.43280959821721,,,
1769202300,212.452,212.5075,212.432,212.442,46.98151672760824,42.98949706770985,,,
1769202600,212.442,212.4995,212.3155,212.3875,43.71790343486825,43.20790796844257,,,
1769202900,212.3875,212.4205,212.3485,212.41,45.404078113024035,43.75278504511608,,,
1769203200,212.41,212.41,212.3635,212.377,43.35261505512942,43.94387553496621,,,
1769203500,212.377,212.4345,212.352,212.4175,46.54477585582849,44.391868991305735,,,
1769203800,212.4175,212.4915,212.408,212.4315,47.64311482223968,44.725156270673246,,,
1769204100,212.4315,212.4705,212.389,212.4675,50.461794077664486,45.21124709850525,,,
1769204400,212.4675,212.4705,212.3845,212.3875,44.70242264842211,45.37222408153075,,,
1769204700,212.3875,212.4985,212.382,212.4575,50.07210274370764,46.106068334232525,,,
1769205000,212.4575,212.548,212.445,212.481,51.765483963903236,46.876326329684105,,,
1769205300,212.481,212.585,212.388,212.412,46.75160443462793,46.99306354804978,,,
1769378400,212.412,212.412,211.396,211.6395,21.566403415624535,45.43082529634008,,,
1769378700,211.6395,211.8395,211.633,211.8395,31.808632649929464,44.16851629961813,,,
1769379000,211.8395,212.0455,211.8395,212.003,38.83989102142817,43.543738497429004,,,
1769379300,212.003,212.044,211.983,211.99,38.4999728669795,42.93791393595553,,,
1769379600,211.99,212.1065,211.99,212.0155,39.61631541814139,42.64494336333218,,,
1769379900,212.0155,212.046,211.924,211.932,37.23300176537501,42.06129505278583,,,
1769380200,211.932,211.933,211.8575,211.8655,35.40614052387748,41.493689729124974,,,
1769380500,211.8655,211.8655,211.501,211.501,27.454572659399886,40.13010378652292,,,
1769380800,211.501,211.502,211.049,211.12,21.91447542796449,38.29234382978899,,,
1769381100,211.12,211.191,210.9425,210.9525,20.003387111454643,36.11674333220257,,,
1769381400,210.9525,211.1055,210.9485,211.03,23.334734308427542,34.59047987934582,,,
1769381700,211.03,211.4485,211.029,211.44,38.03599603302944,33.730757971440234,,,
1769382000,211.44,211.694,211.3535,211.694,45.06422301398512,33.2520964750175,,,
1769382300,211.694,211.694,211.4095,211.511,41.419124447937605,32.871205047396764,,,
1769382600,211.511,211.5875,211.456,211.4715,40.654727174658966,34.23465674447065,,,
1769382900,211.4715,211.6855,211.442,211.663,45.870389683651084,35.239067961165055,,,
1769383200,211.663,211.744,211.6085,211.7075,47.0352823952545,35.82445305929551,,,
1769383500,211.7075,211.8725,211.707,211.8705,51.17970209538866,36.73014800418188,,,
1769383800,211.8705,211.938,211.8495,211.853,50.72082277557786,37.52332710114162,,,
1769384100,211.853,211.863,211.6475,211.7525,48.05604234512603,38.2964014282667,,,
1769384400,211.7525,211.798,211.61,211.612,44.53349479481246,38.94835530476205,,,
1769384700,211.612,212.0375,211.594,211.9925,54.30275914659033,40.86608291098993,,,
1769385000,211.9925,212.066,211.8945,212.0055,54.59699058368874,43.200548279255955,,,
1769385300,212.0055,212.0485,211.9225,212.01,54.70570732371199,45.679285437274345,,,
1769385600,212.01,212.082,211.861,211.863,50.45550284654213,47.61648318999681,,,
1769385900,211.863,211.945,211.5605,211.573,43.30720430524722,47.99299806658379,,,
1769386200,211.573,211.81,211.573,211.7925,49.17642650018524,48.28672688702665,,,
1769386500,211.7925,211.814,211.662,211.726,47.569653700254875,48.726050405049314,,,
1769386800,211.726,211.7805,211.655,211.656,45.87065319848863,49.098616549608586,,,
1769387100,211.656,211.697,211.5595,211.6905,46.87769197012652,49.170566712928256,,,
1769387400,211.6905,211.717,211.5615,211.6315,45.324711294900325,49.048383062902964,,,
1769387700,211.6315,211.653,211.5085,211.55,43.19592115112096,48.47811299545527,,,
1769388000,211.55,211.565,211.328,211.3625,38.6933323698164,47.61900653790088,,,
1769388300,211.3625,211.475,211.34,211.4435,41.52883293169084,47.15277729408408,,,
1769388600,211.4435,211.49,211.245,211.424,41.036760121129866,46.903010531678184,,,
1769388900,211.424,211.627,211.4065,211.627,47.95091145602464,46.4493071252092,,,
1769389200,211.627,211.627,211.381,211.384,41.65423190598586,45.52482436251614,,,
1769389500,211.384,211.485,211.381,211.4405,43.511611906458434,44.725246118426604,,,
1769389800,211.4405,211.559,211.4255,211.543,46.81916379576002,44.465507614799314,,,
1769390100,211.543,211.651,211.4805,211.5155,46.04026891871039,44.66072651576097,,,
1769390400,211.5155,211.615,211.4865,211.4945,45.41888085352041,44.39233039814206,,,
1769390700,211.4945,211.512,211.3325,211.336,40.92885066996773,43.91798732455012,,,
1769391000,211.336,211.376,211.267,211.27,39.19143647303846,43.4409004155894,,,
1769391300,211.27,211.281,211.1075,211.148,36.13767829833722,42.67375658189017,,,
1769391600,211.148,211.232,211.112,211.123,35.526786564015396,41.97390481539838,,,
1769391900,211.123,211.1555,211.001,211.0425,33.55953246709538,41.28559133796797,,,
1769392200,211.0425,211.0565,210.9545,210.962,31.67089109981164,40.783988390110494,,,
1769392500,210.962,211.0615,210.8905,210.96,31.623274406687585,40.0764484954674,,,
1769392800,210.96,211.02,210.836,210.8575,29.200217634406528,39.23098117498717,,,
1769393100,210.8575,210.9205,210.8195,210.8575,29.200217634406528,37.891645902014446,,,
1769393400,210.8575,210.8695,210.613,210.613,24.093119988403785,36.637280765044295,,,
1769393700,210.613,210.809,210.6075,210.7995,33.628814014817976,35.93136662992712,,,
1769394000,210.7995,210.8625,210.7155,210.7285,31.981652227018174,34.87154437501699,,,
1769394300,210.7285,210.7325,210.582,210.674,30.737107414308582,33.77846141041685,,,
1769394600,210.674,210.707,210.5475,210.6325,29.786575937758073,32.66186820214812,,,
1769394900,210.6325,210.692,210.598,210.635,29.927157975942947,31.87603300971778,,,
1769395200,210.635,210.679,210.5135,210.594,28.90501553445627,31.14128865696191,,,
1769395500,210.594,210.633,210.5045,210.5685,28.258562442152225,30.578494667234406,,,
1769395800,210.5685,210.6685,210.5305,210.533,27.3417857937594,29.99385175507327,,,
1769396100,210.533,210.5725,210.498,210.5015,26.51964156616971,29.491002405007148,,,
1769396400,210.5015,210.737,210.44,210.627,34.91638114289685,29.72282312237038,,,
1769396700,210.627,210.7255,210.5975,210.705,39.540604258204645,30.288346683193026,,,
1769397000,210.705,210.754,210.68,210.7495,42.06946390487014,31.20757855965471,,,
1769397300,210.7495,210.839,210.703,210.703,40.17829610615794,31.991727021922667,,,
1769397600,210.703,210.738,210.59,210.605,36.4584956942054,32.87496814376564,,,
1769397900,210.605,210.7,210.5815,210.6665,40.20013606149203,33.34434828995664,,,
1769398200,210.6665,210.6825,210.557,210.6825,41.17070798116315,34.000709415252715,,,
1769398500,210.6825,210.721,210.6435,210.6925,41.80642996222206,34.79137531153225,,,
1769398800,210.6925,210.7025,210.6505,210.6935,41.87407379010027,35.65476801527098,,,
1769399100,210.6935,210.726,210.626,210.636,39.062401852313464,36.30728543501173,,,
1769399400,210.636,210.6675,210.618,210.6375,39.177136448920955,37.041008357473494,,,
1769399700,210.6375,210.6815,210.603,210.6495,40.14800924230707,37.890254557484546,,,
1769400000,210.6495,210.6765,210.5615,210.5965,37.31493797749201,38.60262257060831,,,
1769400300,210.5965,210.645,210.5675,210.598,37.449469653540106,39.383324576849056,,,
1769400600,210.598,210.6035,210.3355,210.3395,26.782069310052364,38.80230230307445,,,
1769400900,210.3395,210.352,210.2125,210.284,25.12716268984859,37.772770762477585,,,
1769401200,210.284,210.358,210.273,210.3375,29.64049802904063,36.88498748563262,,,
1769401500,210.3375,210.3875,210.2995,210.3275,29.2851518150011,36.10690575054999,,,
1769401800,210.3275,210.36,210.243,210.305,28.45845786364451,35.5354744769385,,,
1769402100,210.305,210.3585,210.295,210.3395,31.644783822451515,34.92437788843561,,,
1769402400,210.3395,210.35,210.2885,210.3035,30.136467808157306,34.13621787607804,,,
1769402700,210.3035,210.381,210.2765,210.3615,35.47280395468164,33.683816018396584,,,
1769403000,210.3615,210.4375,210.3615,210.3745,36.640961081076696,33.31002225346633,,,
1769403300,210.3745,210.4175,210.3645,210.407,39.585545563331706,33.3473896613962,,,
1769403600,210.407,210.487,210.3915,210.453,43.582149638154284,33.66203346062715,,,
1769403900,210.453,210.466,210.342,210.3935,39.90492171415965,33.64467006575948,,,
1769404200,210.3935,210.464,210.3935,210.4405,43.92942673730917,34.11713354860356,,,
1769404500,210.4405,210.4925,210.438,210.451,44.818511373021174,34.64349367142364,,,
1769404800,210.451,210.452,210.3235,210.4125,42.17764429457104,35.74317759888926,,,
1769405100,210.4125,210.4545,210.3855,210.4165,42.55636146951894,36.988120368865715,,,
1769405400,210.4165,210.4775,210.3885,210.468,47.338724242098564,38.25227938408414,,,
1769405700,210.468,210.488,210.433,210.4605,46.72859475454657,39.49823959405167,,,
1769406000,210.4605,210.5145,210.4525,210.5125,51.40511469294421,41.13728651043022,,,
1769406300,210.5125,210.518,210.4855,210.502,50.44218807273102,42.47995824259304,,,
1769406600,210.502,210.569,210.4585,210.5335,53.27023367343727,44.13237009011304,,,
1769406900,210.5335,210.623,210.496,210.6135,59.5790127319197,45.854242145630046,,,
1769407200,210.6135,210.6615,210.6025,210.647,61.89870789082014,47.65836691775457,,,
1769407500,210.647,210.8435,210.6385,210.81,70.70736836007373,49.881354260379005,,,
1769407800,210.81,210.9,210.778,210.8995,74.2302673686321,52.07050552684171,,,
1769408100,210.8995,210.9085,210.7595,210.772,62.66762997407399,53.69641325969273,,,
1769408400,210.772,210.802,210.7365,210.7555,61.336101394365954,54.93974716376822,,,
1769408700,210.7555,210.7655,210.709,210.7175,58.26563705999534,55.90025614140922,,,
1769409000,210.7175,210.73,210.6435,210.658,53.730149400978696,56.7254350775812,,,
1769409300,210.658,210.7635,210.6495,210.694,55.96368401880418,57.68310097395872,,,
1769409600,210.694,210.7255,210.6245,210.6285,51.1278070936661,57.95374974907069,,,
1769409900,210.6285,210.6655,210.5185,210.603,49.34027410572087,58.140298274154574,,,
1769410200,210.603,210.604,210.5515,210.583,47.92502228786607,57.89172024522042,,,
1769410500,210.583,210.649,210.538,210.649,52.74231695167873,58.056015165145254,,,
1769410800,210.649,210.7795,210.6405,210.674,54.4607810120731,58.1410542607621,,,
1769411100,210.674,210.7215,210.586,210.591,48.19477569545927,57.3278944724435,,,
1769411400,210.591,210.652,210.574,210.629,50.97581704306336,56.547687983318006,,,
1769411700,210.629,210.63,210.5385,210.563,46.324366587653685,54.80604499957372,,,
1769412000,210.563,210.604,210.521,210.563,46.324366587653685,52.812766372360976,,,
1769412300,210.563,210.6455,210.559,210.58,47.74864890144714,51.74712486717335,,,
1769412600,210.58,210.58,210.293,210.3065,32.710386188883874,49.702430923924624,,,
1769412900,210.3065,210.411,210.271,210.3645,37.22556291502266,48.199568484998004,,,
1769413200,210.3645,210.455,210.316,210.3205,35.29092740375995,46.88248119948238,,,
1769413500,210.3205,210.3225,210.1135,210.115,27.977637982193002,44.88347791115301,,,
1769413800,210.115,210.3895,210.108,210.3815,44.1433444468473,44.384587722094516,,,
1769414100,210.3815,210.5915,210.3795,210.499,49.52290743605152,44.397632959975276,,,
1769414400,210.499,210.694,210.372,210.4185,46.2373596246132,44.27708562688578,,,
1769414700,210.4185,210.447,210.293,210.3785,44.65212840408737,43.69921501634355,,,
1769415000,210.3785,210.4085,210.2075,210.247,39.81888039544843,42.65336497229894,,,
1769415300,210.247,210.31,210.1705,210.1825,37.66531921863992,41.901260938240405,,,
1769415600,210.1825,210.2675,210.133,210.2675,42.10881243882118,41.26790346650882,,,
1769415900,210.2675,210.313,210.0325,210.0595,35.449440654473136,40.491123042710214,,,
1769416200,210.0595,210.1045,209.801,209.8335,29.913867210841914,39.31894451579508,,,
1769416500,209.8335,210.0715,209.645,210.03,38.85428936156575,38.683633120089276,,,
1769416800,210.03,210.2075,210.0055,210.1305,42.86841008275131,39.40920625536552,,,
1769417100,210.1305,210.307,210.105,210.307,49.17849606074205,40.26298719434548,,,
1769417400,210.307,210.331,210.149,210.175,45.161161725694186,40.96800393162649,,,
1769417700,210.175,210.3145,210.1255,210.2875,48.986018917725275,42.4686025698788,,,
1769418000,210.2875,210.5915,210.2875,210.493,55.140923124500645,43.2541439039969,,,
1769418300,210.493,210.493,210.334,210.4865,54.91523374029425,43.639310068585665,,,
1769418600,210.4865,210.493,210.249,210.3055,48.911788616272936,43.83034071084707,,,
1769418900,210.3055,210.3285,210.1615,210.1905,45.507731454819556,43.8914552144708,,,
1769419200,210.1905,210.2,210.0035,210.068,42.14313436995034,44.05747335550665,,,
1769419500,210.068,210.1285,209.9495,209.9675,39.5590405134009,44.192739162275295,,,
1769419800,209.9675,210.0035,209.8935,209.935,38.73195045445791,43.95153473482078,,,
1769420100,209.935,209.975,209.877,209.9635,39.918253867295896,44.27073567859384,,,
1769420400,209.9635,210.0275,209.8935,209.9745,40.397938181353766,45.01959789077325,,,
1769420700,209.9745,210.1095,209.9745,210.0805,44.95833270476594,45.45560098671613,,,
1769421000,210.0805,210.125,209.972,210.0845,45.12895006237437,45.617068128117765,,,
1769421300,210.0845,210.116,210.004,210.0965,45.67301801874232,45.3666768394035,,,
1769421600,210.0965,210.188,210.055,210.167,48.879977470447876,45.63230653545734,,,
1769421900,210.167,210.24,210.1245,210.214,50.958409655634505,45.77319158816514,,,
1769422200,210.214,210.358,210.2075,210.3035,54.73273183542156,45.74403506751663,,,
1769422500,210.3035,210.3265,210.2125,210.2225,50.91367978328067,45.4582097848728,,,
1769422800,210.2225,210.2585,210.165,210.1655,48.35663102811968,45.41855567143328,,,
1769423100,210.1655,210.1695,210.0465,210.1335,46.93158290548594,45.52025934648088,,,
1769423400,210.1335,210.223,210.1325,210.1895,49.72385780288784,46.0617395916907,,,
1769423700,210.1895,210.2685,210.1225,210.1345,47.10250549952213,46.60055851927079,,,
1769424000,210.1345,210.1355,210.044,210.071,44.20497857166268,46.99148909907113,,,
1769424300,210.071,210.0915,209.9665,209.987,40.64324001354939,47.043273823803524,,,
1769424600,209.987,209.995,209.8655,209.9095,37.63065230462502,46.84561054689432,,,
1769424900,209.9095,209.996,209.895,209.9305,38.9511306352357,46.416524684785024,,,
1769425200,209.9305,209.945,209.806,209.8215,34.82924427115039,45.680831413983306,,,
1769425500,209.8215,209.85,209.6185,209.782,33.44790564345932,44.80760910146309,,,
1769425800,209.782,209.9675,209.7785,209.964,44.3914215655538,44.48699796539923,,,
1769426100,209.964,210.051,209.9095,210.0505,48.70831672801087,44.32627704199756,,,
1769426400,210.0505,210.144,210.0425,210.116,51.76203232198285,44.114084219609076,,,
1769426700,210.116,210.204,210.109,210.143,53.00410973315705,44.263400644600246,,,
1769427000,210.143,210.226,210.1055,210.1895,55.14617649969763,44.74836817828439,,,
1769427300,210.1895,210.247,210.128,210.227,56.85412738361811,45.45712135529383,,,
1769427600,210.227,210.244,210.088,210.108,50.307614739241664,45.498818279319096,,,
1769427900,210.108,210.204,210.104,210.17,53.323244919245994,45.94315680929937,,,
1769428200,210.17,210.212,210.0925,210.1035,49.8302651170219,46.34496299111074,,,
1769428500,210.1035,210.13,210.042,210.106,49.962966090512886,47.010657710893845,,,
1769428800,210.106,210.253,210.104,210.1765,53.683472729303844,48.15728774122805,,,
1769429100,210.1765,210.234,210.1325,210.232,56.4300161815004,49.40577956596125,,,
1769429400,210.232,210.327,210.196,210.3195,60.41545290729996,51.23336589711478,,,
1769429700,210.3195,210.3385,210.1845,210.2185,54.247178592659616,52.719028250629094,,,
1769430000,210.2185,210.298,210.1915,210.211,53.80785362539249,53.39163054061756,,,
1769430300,210.211,210.261,210.175,210.26,56.29802531355305,53.93375258244201,,,
1769430600,210.26,210.335,210.203,210.215,53.44834259918333,54.05420331652776,,,
1769430900,210.215,210.385,210.1505,210.353,60.115737360905385,54.562176718509775,,,
1769431200,210.353,210.3665,210.313,210.3475,59.748441621719316,54.890909941511325,,,
1769431500,210.3475,210.4435,210.333,210.4315,63.424014424492654,55.360187587288074,,,
1769431800,210.4315,210.4495,210.3535,210.3945,60.79079369584617,56.108986084188395,,,
1769432100,210.3945,210.5055,210.3445,210.4355,62.64171228222924,56.77459089583005,,,
1769432400,210.4355,210.4645,210.411,210.4625,63.85189080637916,57.776135587927,,,
1769432700,210.4625,210.5825,210.374,210.4055,59.471929414667834,58.455347253938065,,,
1769433000,210.4055,210.4675,210.3775,210.445,61.44561177460844,59.00978575717412,,,
1769433300,210.445,210.5485,210.441,210.54,65.76394577187511,59.67649501362945,,,
1769433600,210.54,210.54,210.4405,210.4685,60.29052774205548,59.66757178754056,,,
1769433900,210.4685,210.4945,210.4345,210.491,61.37982437198879,60.177046486064064,,,
1769434200,210.491,210.5705,210.384,210.5305,63.283998601818155,60.853913984380185,,,
1769434500,210.5305,210.5505,210.472,210.495,60.401582362909586,61.14702520219136,,,
1769434800,210.495,210.499,210.411,210.4295,55.388762736074895,61.28562664054077,,,
1769435100,210.4295,210.4675,210.364,210.4465,56.40013539106873,61.020226499838145,,,
1769435400,210.4465,210.4605,210.355,210.447,56.43142110714953,60.78329646308316,,,
1769435700,210.447,210.4835,210.4145,210.4695,57.895572297403156,60.38840773971963,,,
1769436000,210.4695,210.5285,210.455,210.494,59.49190213246689,60.29562977090682,,,
1769436300,210.494,210.5495,210.4155,210.5055,60.25364536488182,60.12505356252486,,,
1769436600,210.5055,210.5585,210.4735,210.498,59.4682291436528,59.81193487233012,,,
1769436900,210.498,210.5045,210.4355,210.4795,57.47795457931641,59.66950809837645,,,
1769437200,210.4795,210.5305,210.4405,210.4525,54.60557588096372,59.18093410597324,,,
1769437500,210.4525,210.5485,210.393,210.5295,60.64568029515436,58.81534371477891,,,
1769437800,210.5295,210.5295,210.419,210.4365,51.69831391529586,58.201614155724656,,,
1769438100,210.4365,210.5195,210.416,210.4595,53.52451602867847,57.64052070263106,,,
1769438400,210.4595,210.5025,210.411,210.4645,53.932281181815554,56.97254088691659,,,
1769438700,210.4645,210.489,210.4045,210.4695,54.363485733841976,56.54124827055462,,,
1769439000,210.4695,210.5515,210.4285,210.544,60.32282754870878,56.89368147145704,,,
1769439300,210.544,210.585,210.4175,210.492,54.931010208018215,56.78874395838201,,,
1769439600,210.492,210.5545,210.407,210.537,58.39659265611203,56.92911335473648,,,
1769439900,210.537,210.5895,210.4975,210.5295,57.60159408660318,56.90811491110791,,,
1769440200,210.5295,210.659,210.5295,210.6405,65.16104652965916,57.31305379662164,,,
1769440500,210.6405,210.693,210.6405,210.668,66.74308545092278,57.77658523133884,,,
1769440800,210.668,210.6975,210.6075,210.6605,65.864634330633,58.23347131612314,,,
1769441100,210.6605,210.7295,210.634,210.7145,69.02567677411515,59.05830861575163,,,
1769441400,210.7145,210.778,210.6655,210.7285,69.80633433209441,60.14407707654668,,,
1769441700,210.7285,210.7455,210.5485,210.5485,51.74788361774003,59.50852017101708,,,
1769442000,210.5485,210.589,210.4875,210.508,48.695482987786505,59.29403224762355,,,
1769442300,210.508,210.611,210.4745,210.607,55.59124678389454,59.44165587299613,,,
1769442600,210.607,210.7405,210.5945,210.7325,62.47654570297384,60.05196048165028,,,
1769442900,210.7325,210.845,210.7105,210.845,67.36167009648454,60.980402221839014,,,
1769443200,210.845,210.874,210.776,210.814,64.85603921555453,61.304203055185134,,,
1769443500,210.814,210.9475,210.8015,210.909,68.69855159775483,62.287598868737746,,,
1769443800,210.909,211.0205,210.9055,211.0005,71.88683213445441,63.25118740290507,,,
1769444100,211.0005,211.0155,210.968,210.9935,71.28859443829704,64.22883028516891,,,
1769444400,210.9935,211.0365,210.9765,211.0255,72.41859194371315,64.74722638617277,,,
1769444700,211.0255,211.0555,210.9865,211.029,72.54586414589093,65.1617105786705,,,
1769445000,211.029,211.0735,210.9325,210.9345,63.963659339707355,65.02592665074722,,,
1769445300,210.9345,210.9615,210.8865,210.9045,61.47723817153346,64.48675246484854,,,
1769445600,210.9045,210.915,210.861,210.877,59.20529197385894,63.72953515354601,,,
1769445900,210.877,210.8975,210.8,210.8455,56.623945136488366,64.07782526202803,,,
1769446200,210.8455,210.8545,210.798,210.8185,54.43322066682081,64.48766366767333,,,
1769446500,210.8185,210.8295,210.7235,210.7765,51.120011980841625,64.16828975316956,,,
1769446800,210.7765,210.817,210.7555,210.816,53.95837470587453,63.55984896766246,,,
1769447100,210.816,210.8525,210.7595,210.786,51.51183285444591,62.427717736088276,,,
1769447400,210.786,210.8255,210.7745,210.801,52.667435461888,61.557103182254956,,,
1769447700,210.801,210.884,210.7905,210.876,58.05077062746852,60.79654739866309,,,
1769448000,210.876,210.985,210.8715,210.938,61.90771615544326,60.08375340016228,,,
1769448300,210.938,210.954,210.8825,210.893,57.75694099258738,59.11720672546874,,,
1769448600,210.893,211.017,210.863,210.865,55.27362177157175,57.89256599888721,,,
1769448900,210.865,210.889,210.804,210.8085,50.55050219494052,56.32146871667646,,,
1769449200,210.8085,210.851,210.796,210.838,52.817495611777396,55.52531416468146,,,
1769449500,210.838,210.87,210.791,210.791,48.965883909758844,54.631646003126136,,,
1769449800,210.791,210.8365,210.78,210.808,50.375486539276864,54.0009456149417,,,
1769450100,210.808,210.8195,210.7595,210.763,46.698537118787264,53.29198789939162,,,
1769450400,210.763,210.788,210.722,210.774,47.70339978999045,52.81128640818945,,,
1769450700,210.774,210.787,210.753,210.786,48.83658361118164,52.64818438178518,,,
1769451000,210.786,210.834,210.776,210.818,51.83382995531885,52.49643118531691,,,
1769451300,210.818,210.9405,210.8135,210.9215,59.99655785787656,53.102482971276245,,,
1769451600,210.9215,210.984,210.9205,210.9745,63.415635218012234,53.87021152528512,,,
1769451900,210.9745,211.015,210.966,211.009,65.48369806791314,54.4011349138883,,,
1769452200,211.009,211.034,210.983,211.0165,65.93452465423093,54.68876409237314,,,
1769452500,211.0165,211.0315,210.984,211.0035,64.36523401207114,55.16078502233626,,,
1769452800,211.0035,211.041,210.9695,211.0115,64.91858278741596,55.84971080918228,,,
1769453100,211.0115,211.0715,210.975,211.065,68.4472502534673,57.128049956219904,,,
1769453400,211.065,211.0755,211.0085,211.021,62.848251376336016,57.84453251083123,,,
1769453700,211.021,211.078,211.0135,211.032,63.64881822295122,58.89331353320211,,,
1769454000,211.032,211.08,211.013,211.0335,63.76348774151438,59.84959933336193,,,
1769454300,211.0335,211.0555,210.974,211.01,60.54135887264643,60.83837231578044,,,
1769454600,211.01,211.0315,210.992,211.0255,61.908603593218814,61.85302973029675,,,
1769454900,211.0255,211.032,210.981,211.004,58.861902354503336,62.5691239262483,,,
1769455200,211.004,211.014,210.9535,210.9675,54.003023977839916,62.724066356428374,,,
1769455500,210.9675,210.969,210.911,210.958,52.78178342013172,62.20872532516088,,,
1769455800,210.958,210.958,210.8985,210.9035,46.31141813056967,60.98699553320069,,,
1769456100,210.9035,210.9595,210.893,210.9585,52.62331993968274,60.06839709546995,,,
1769456400,210.9585,210.9765,210.892,210.932,49.5977437760983,58.901484175603336,,,
1769456700,210.932,210.9335,210.8525,210.8625,42.66884320664858,57.351741975216,,,
1769457000,210.8625,210.9265,210.8365,210.8905,45.94522413704057,55.99650207161776,,,
1769457300,210.8905,210.891,210.756,210.7675,36.167213629418995,53.690785169900025,,,
1769457600,210.7675,210.8725,210.566,210.806,40.43994433342695,52.090191809692236,,,
1769457900,210.806,210.818,210.7265,210.7655,37.58953244827226,50.22881425435803,,,
1769458200,210.7655,210.7735,210.6075,210.6415,30.50091837725155,47.85291644262497,,,
1769458500,210.6415,210.6735,210.618,210.6475,31.177220677131658,45.755478000088196,,,
1769458800,210.6475,210.6735,210.6255,210.662,32.87716052349562,43.681803495107964,,,
1769459100,210.662,210.7315,210.661,210.7295,40.27307615413961,42.35403019508198,,,
1769459400,210.7295,210.7695,210.727,210.74,41.35555328790424,41.45063943151515,,,
1769459700,210.74,210.8075,210.713,210.782,45.602458159277546,40.93783048431129,,,
1769460000,210.782,210.8285,210.766,210.796,46.980754526374675,40.98564022686879,,,
1769460300,210.796,210.832,210.7955,210.8195,49.302805623874264,40.74846063288247,,,
1769460600,210.8195,210.8355,210.7995,210.81,48.38034545893511,40.66150361022796,,,
1769460900,210.81,210.821,210.7505,210.798,47.17954172641664,40.983696361639964,,,
1769461200,210.798,210.843,210.798,210.8275,50.436347229007026,41.304490868208994,,,
1769461500,210.8275,210.908,210.823,210.9055,57.83857159182775,42.85244500838105,,,
1769461800,210.9055,210.92,210.849,210.876,54.522047242636376,43.85830950189602,,,
1769462100,210.876,210.9155,210.876,210.882,55.086152066164985,45.1080680460312,,,
1769462400,210.882,210.9775,210.8665,210.9775,62.96119122986266,47.42665896407486,,,
1769462700,210.9775,210.9785,210.8925,210.9225,56.78590604483323,49.25585077605354,,,
1769463000,210.9225,210.9375,210.912,210.9295,57.35913760867166,51.004563424994686,,,
1769463300,210.9295,210.9505,210.9105,210.933,57.66154636605982,52.24659701156042,,,
1769463600,210.933,210.965,210.921,210.9605,60.0584086470077,53.58251525149638,,,
1769463900,210.9605,210.975,210.951,210.9625,60.23472559435605,54.62767721114484,,,
1769464200,210.9625,211.0025,210.9365,210.9645,60.422872744624726,55.587828512448425,,,
1769464500,210.9645,210.9875,210.9215,210.925,54.89823476765016,55.987502022718125,,,
1769464800,210.925,210.9275,210.835,210.835,44.83855491542551,55.734516983896015,,,
1769465100,210.835,210.8755,210.835,210.857,47.37699144073508,55.74862053491876,,,
1769465400,210.857,211.017,210.8565,210.971,58.129418781992456,56.29812564584628,,,
1769465700,210.971,210.976,210.8505,210.8515,47.23421654156162,55.540671713684425,,,
1769466000,210.8515,210.8585,210.8465,210.8465,46.83864013975812,54.991856920621686,,,
1769466300,210.8465,210.86,210.8345,210.8355,45.92735876502416,54.33765739911163,,,
1769466600,210.8355,210.931,210.8355,210.9045,52.20851799798156,53.569609311120125,,,
1769466900,210.9045,210.9205,210.8975,210.9205,53.55577218381263,53.33888546390436,,,
1769467200,210.9205,210.9225,210.88,210.8805,49.777794518227296,52.79736095744405,,,
1769467500,210.8805,210.912,210.847,210.8555,47.52143971918096,52.07306762552414,,,
1769467800,210.8555,210.863,210.8055,210.8215,44.562955107346326,50.96624951554833,,,
1769468100,210.8215,210.8665,210.781,210.8665,49.081261146665305,50.16957348357041,,,
1769468400,210.8665,210.9335,210.7935,210.9135,53.35718851743711,49.66488175305701,,,
1769468700,210.9135,210.9445,210.8865,210.921,54.02072211262656,49.60220227769819,,,
1769469000,210.921,210.921,210.88,210.893,51.098152621107545,50.04931639953262,,,
1769469300,210.893,210.9555,210.8905,210.917,53.42411900277781,50.48125408253566,,,
1769469600,210.917,210.943,210.914,210.93,54.681510128925794,50.2349748930309,,,
1769469900,210.93,210.9325,210.8955,210.897,50.92329948050943,50.498480817241465,,,
1769470200,210.897,210.932,210.8965,210.922,53.52905050444051,50.97636727186164,,,
1769470500,210.922,210.951,210.897,210.941,55.46441597194999,51.657585643784905,,,
1769470800,210.941,210.9585,210.9245,210.952,56.591559932783156,51.97066006769931,,,
1769471100,210.952,211.1685,210.9515,211.16,71.35474945108982,53.242015586790544,,,
1769471400,211.16,211.174,211.107,211.146,69.63802016771132,54.66060313318225,,,
1769471700,211.146,211.1495,211.0845,211.1325,67.94056428562575,56.11911203078546,,,
1769472000,211.1325,211.206,210.98,211.033,56.926649772776244,57.002233078316166,,,
1769472300,211.033,211.0625,210.919,210.9375,48.75682176090479,56.979058836476135,,,
1769472600,210.9375,210.948,210.8595,210.882,44.738429592408224,56.36343319897407,,,
1769472900,210.882,210.9685,210.8745,210.9565,50.62148487691335,56.12063053928027,,,
1769473200,210.9565,210.9735,210.8845,210.8905,45.95407362309764,55.753196325136706,,,
1769473500,210.8905,210.9635,210.8905,210.9345,49.30959764068494,55.459301942130075,,,
1769473800,210.9345,210.9345,210.816,210.888,46.0552671726457,54.84314173096721,,,
1769474100,210.888,210.921,210.8395,210.847,43.33928142278888,54.30142615541575,,,
1769474400,210.847,210.9035,210.8415,210.8955,47.29853598647172,53.85638940413226,,,
1769474700,210.8955,210.9455,210.8685,210.8965,47.38017986953008,53.27894396824512,,,
1769475000,210.8965,210.969,210.7805,210.953,51.91293610536051,52.94475655200064,,,
1769475300,210.953,210.9965,210.9335,210.9635,52.727909346389595,51.61426797309348,,,
1769475600,210.9635,211.1095,210.9285,211.105,62.05974632068819,51.07296269830612,,,
1769475900,211.105,211.106,211.003,211.0845,60.205445409983966,50.52045420718885,,,
1769476200,211.0845,211.0855,210.992,211.0115,54.01606928017983,50.31255560057482,,,
1769476500,211.0115,211.0555,210.9875,211.028,55.13867932552964,50.7684025694766,,,
1769476800,211.028,211.029,210.96,210.9805,51.25907075925338,51.23416265282268,,,
1769477100,210.9805,211.053,210.9785,211.0385,55.38682427647376,51.574544038505564,,,
1769477400,211.0385,211.1485,211.0385,211.103,59.49496547920484,52.54175059965608,,,
1769477700,211.103,211.1415,211.0405,211.076,57.12366274067668,53.09989810679834,,,
1769478000,211.076,211.08,211.0115,211.061,55.793207425146655,53.79546526769127,,,
1769478300,211.061,211.111,211.04,211.108,59.01433217474297,54.91511174997371,,,
1769478600,211.108,211.1165,211.055,211.068,55.31990762138219,55.48806686675302,,,
1769478900,211.068,211.153,211.065,211.1475,60.59931203064377,56.432290592546856,,,
1769479200,211.1475,211.1585,211.0715,211.125,58.49275595013801,56.902277724316676,,,
1769479500,211.125,211.148,211.1085,211.1355,59.20544324181439,57.36495871684702,,,
1769479800,211.1355,211.1895,211.1325,211.159,60.82661655621937,57.27687801938497,,,
1769480100,211.159,211.209,211.159,211.205,63.85460913082476,57.53753257087359,,,
1769480400,211.205,211.2355,211.202,211.202,63.50982067601155,58.21565767057586,,,
1769480700,211.202,211.211,211.116,211.184,61.368689632490764,58.66065840678736,,,
1769481000,211.184,211.1965,211.15,211.1855,61.485218422869345,59.39109752561707,,,
1769481300,211.1855,211.212,211.1335,211.1765,60.309733290900844,59.742733883790436,,,
1769481600,211.1765,211.197,211.1075,211.1255,54.008560717001636,59.35084782934735,,,
1769481900,211.1255,211.1965,211.114,211.195,60.12298925252045,59.5650854373362,,,
1769482200,211.195,211.195,211.1265,211.1415,54.154466978619304,59.44803254829852,,,
1769482500,211.1415,211.2755,211.1415,211.271,63.57932668082545,59.774103584447275,,,
1769482800,211.271,211.2895,211.2495,211.263,62.7215006707841,60.3027888022617,,,
1769483100,211.263,211.265,211.1935,211.2185,58.0312113852188,60.1193530418742,,,
1769483400,211.2185,211.278,211.2135,211.2535,60.531155595045824,60.26495301651047,,,
1769483700,211.2535,211.3235,211.2505,211.279,62.293446270416574,60.48552466141063,,,
1769484000,211.279,211.351,211.266,211.3295,65.57192074972826,60.82447496094698,,,
1769484300,211.3295,211.347,211.315,211.3275,65.32965688305373,60.92983551467761,,,
1769484600,211.3275,211.348,211.289,211.292,61.020154892093736,60.75200224439777,,,
1769484900,211.292,211.306,211.263,211.279,59.47299151977154,60.61659523634639,,,
1769485200,211.279,211.403,211.2405,211.403,67.84721401693425,61.07102349306531,,,
1769485500,211.403,211.413,211.2735,211.2945,56.78959854453763,60.81958529689651,,,
1769485800,211.2945,211.3545,211.2685,211.2935,56.69788124917819,61.01167962062341,,,
1769486100,211.2935,211.3245,211.2705,211.2865,56.01589371940272,60.71831565397214,,,
1769486400,211.2865,211.416,211.2845,211.405,63.92639705640818,61.41631065952849,,,
1769486700,211.405,211.455,211.366,211.443,66.03589200129188,61.59177961099038,,,
1769487000,211.443,211.4455,211.346,211.3475,57.01261324096895,61.18400193743215,,,
1769487300,211.3475,211.4385,211.3215,211.322,54.85715745871715,60.95728379982489,,,
1769487600,211.322,211.3225,211.286,211.307,53.57406332661499,60.46034863779412,,,
1769487900,211.307,211.337,211.283,211.315,54.18948642280829,59.88149436296495,,,
1769488200,211.315,211.32,211.273,211.313,53.99677580809701,59.05469829570558,,,
1769488500,211.313,211.3325,211.269,211.2735,50.199746827351746,57.97399043458402,,,
1769488800,211.2735,211.3905,211.273,211.371,58.04264215120078,57.76131095309166,,,
1769489100,211.371,211.4125,211.3465,211.4125,60.867585102937234,57.86092478046064,,,
1769489400,211.4125,211.435,211.3915,211.397,59.262673651867516,57.24774332581301,,,
1769489700,211.397,211.4405,211.397,211.4015,59.595760465669606,57.44818346303673,,,
1769490000,211.4015,211.45,211.391,211.4185,60.896532754645534,57.748087141998674,,,
1769490300,211.4185,211.436,211.363,211.425,61.40811963406461,58.1332461359031,,,
1769490600,211.425,211.4335,211.395,211.408,59.22571783174874,57.79748333414171,,,
1769490900,211.408,211.4325,211.369,211.377,55.36189407541401,57.03505491086472,,,
1769491200,211.377,211.397,211.3505,211.388,56.44765496557771,56.994700748336776,,,
1769491500,211.388,211.41,211.331,211.341,50.76580726623589,56.70246144887383,,,
1769491800,211.341,211.364,211.3115,211.3205,48.47392372656575,56.33816576315603,,,
1769492100,211.3205,211.3215,211.26,211.268,43.10662908126712,55.54653309590309,,,
1769492400,211.268,211.3575,211.268,211.3325,50.3763985144527,55.28793471778563,,,
1769492700,211.3325,211.348,211.274,211.3035,47.44119920998451,55.0908956022594,,,
1769493000,211.3035,211.3315,211.297,211.3125,48.44514269099096,54.40535992653013,,,
1769493300,211.3125,211.3395,211.3,211.334,50.85993708249766,53.69052792507016,,,
1769493600,211.334,211.4415,211.334,211.4405,60.68372113806602,53.792031316941475,,,
1769493900,211.4405,211.4805,211.423,211.4675,62.71858041184137,54.015089884525175,,,
1769494200,211.4675,211.508,211.449,211.4995,65.02875081856024,54.31024831766194,,,
1769494500,211.4995,211.4995,211.448,211.4915,63.96167302451402,54.49264498840832,,,
1769494800,211.4915,211.5185,211.486,211.4995,64.58746837146617,54.87562716981671,,,
1769495100,211.4995,211.5615,211.4645,211.5545,68.62164794083941,55.822752445918525,,,
1769495400,211.5545,211.5955,211.5205,211.5265,64.58771918470684,56.40418560442775,,,
1769495700,211.5265,211.5355,211.478,211.4825,58.74374805828375,56.974038518145456,,,
1769496000,211.4825,211.4995,211.437,211.4485,54.63032990596823,57.4137818166742,,,
1769496300,211.4485,211.4505,211.332,211.38,47.42512941179485,57.722246125997614,,,
1769496600,211.38,211.451,211.3725,211.449,54.00564579882663,57.981478074881466,,,
1769496900,211.449,211.455,211.3995,211.429,51.97496547654563,58.305318522492975,,,
1769497200,211.429,211.4705,211.3655,211.422,51.248629789657095,58.50556760096912,,,
1769497500,211.422,211.452,211.3965,211.428,51.869500871738076,58.577679300200586,,,
1769497800,211.428,211.4995,211.4115,211.495,58.26179320641836,58.404684447940035,,,
1769498100,211.495,211.556,211.474,211.528,61.008604722511656,58.28254332727363,,,
1769498400,211.528,211.5365,211.479,211.5105,58.79870961470532,57.83754038414114,,,
1769498700,211.5105,211.5785,211.506,211.548,61.97707615351924,57.69578346478436,,,
1769499000,211.548,211.619,211.548,211.599,65.83695223255415,57.78503231200494,,,
1769499300,211.599,211.6245,211.5705,211.593,65.00093883133889,57.526410232754905,,,
1769499600,211.593,211.6115,211.543,211.55,59.19916261564079,57.14151333496447,,,
1769499900,211.55,211.6575,211.546,211.6485,66.56184559467314,57.699948873278004,,,
1769500200,211.6485,211.761,211.6485,211.753,72.2774803445061,58.96045961888785,,,
1769500500,211.753,211.7535,211.5405,211.5875,55.962525810322475,59.57027364735411,,,
1769500800,211.5875,211.593,211.4805,211.5135,50.476127918862694,59.31816522735669,,,
1769501100,211.5135,211.5345,211.473,211.511,50.2967278120547,59.19829110846448,,,
1769501400,211.511,211.573,211.469,211.4815,48.12323518332548,58.97504863658365,,,
1769501700,211.4815,211.6095,211.4805,211.5995,56.26458421835048,59.288983161341676,,,
1769502000,211.5995,211.6165,211.526,211.554,52.82223939715182,58.90044360353693,,,
1769502300,211.554,211.568,211.4865,211.5645,53.52882614253123,58.3661737049669,,,
1769502600,211.5645,211.6305,211.5315,211.6005,55.9640209317188,58.163695941896435,,,
1769502900,211.6005,211.672,211.5815,211.6495,59.10522498250817,57.95856371539565,,,
1769503200,211.6495,211.673,211.566,211.5905,54.10102559596713,57.12028324135372,,,
1769503500,211.5905,211.602,211.511,211.517,48.58266500313215,55.94754939648181,,,
1769503800,211.517,211.6215,211.5165,211.614,55.092795274301054,55.65423744352897,,,
1769504100,211.614,211.622,211.5435,211.5605,51.23933957393576,54.55977272776202,,,
1769504400,211.5605,211.5825,211.51,211.552,50.63338185084409,53.01376569250044,,,
1769504700,211.552,211.5595,211.4725,211.4835,45.92035053613877,52.29646745863018,,,
1769505000,211.4835,211.4895,211.4065,211.408,41.35160638040676,51.64471592016905,,,
1769505300,211.408,211.488,211.379,211.485,47.129067977344036,51.418454503404,,,
1769505600,211.485,211.498,211.439,211.4415,44.464206101532405,51.15709528327592,,,
1769505900,211.4415,211.4885,211.4415,211.4785,47.199003283403,50.509553787922535,,,
1769506200,211.4785,211.495,211.4465,211.4685,46.532062309491714,50.06025542451824,,,
1769506500,211.4685,211.4695,211.378,211.3865,41.369837406534984,49.19175622908994,,,
1769506800,211.3865,211.3955,211.311,211.394,42.003587223848704,48.19458239281351,,,
1769507100,211.394,211.395,211.313,211.314,37.364150382136444,46.64164849278695,,,
1769507400,211.314,211.3395,209.8065,210.296,14.86458460730195,43.83904556502516,,,
1769507700,210.296,210.632,210.289,210.6135,29.186900936956846,42.453633846012636,,,
1769508000,210.6135,210.905,210.582,210.856,37.794542733738545,41.218044378829596,,,
1769508300,210.856,211.009,210.757,210.8335,37.341006424048715,40.225306296694804,,,
1769508600,210.8335,210.913,210.6455,210.7725,36.077010960370465,39.18556551880384,,,
1769508900,210.7725,210.887,210.6715,210.8335,38.32529541508659,38.643061581585826,,,
1769509200,210.8335,210.962,210.8095,210.912,41.19182476124837,38.631648608788794,,,
1769509500,210.912,210.947,210.8155,210.8795,40.3555462599456,38.147825628974616,,,
1769509800,210.8795,210.919,210.8445,210.8775,40.30132238926113,37.850476792383816,,,
1769510100,210.8775,210.8975,210.7265,210.7555,37.03254487680036,37.124301191912195,,,
1769510400,210.7555,210.7705,210.384,210.597,33.258376826768455,36.17618080028911,,,
1769510700,210.597,210.7045,210.533,210.7045,37.882362572023844,35.92707545496689,,,
1769511000,210.7045,210.7195,210.5465,210.6105,35.56223010017624,35.466978517561714,,,
1769511300,210.6105,210.6835,210.571,210.6795,38.537928033039584,35.55081977834051,,,
1769511600,210.6795,210.6955,210.478,210.52,34.56442164130168,36.95795099505478,,,
1769511900,210.52,210.621,210.4895,210.6145,38.60352351440698,37.630566893444076,,,
1769512200,210.6145,210.634,210.5165,210.579,37.663005616381106,37.621171385061395,,,
1769512500,210.579,210.7095,210.5705,210.6375,40.24654642458126,37.82870995652801,,,
1769512800,210.6375,210.6605,210.5605,210.6115,39.46371261815525,38.07061721779835,,,
1769513100,210.6115,210.6185,210.5245,210.5385,37.271646130492215,37.99535655461303,,,
1769513400,210.5385,210.6315,210.497,210.612,40.83508404889581,37.96987507515928,,,
1769513700,210.612,210.659,210.5745,210.646,42.46335291004947,38.12043269302385,,,
1769514000,210.646,210.693,210.6105,210.674,43.83422649322314,38.37278298616399,,,
1769514300,210.674,210.691,210.619,210.6595,43.25941145914765,38.817559170617365,,,
1769514600,210.6595,210.709,210.6375,210.65,42.86282683960113,39.50359131439113,,,
1769514900,210.65,210.8205,210.575,210.775,49.431885130391066,40.32855721141736,,,
1769515200,210.775,210.8235,210.7455,210.8,50.65383242407008,41.4065288059812,,,
1769515500,210.8,210.801,210.7,210.7285,47.14500421824099,42.02131996206702,,,
1769515800,210.7285,210.7735,210.6495,210.6855,45.12071364226363,42.77534081927859,,,
1769516100,210.6855,210.6905,210.5655,210.641,43.06013678359592,43.093670338506364,,,
1769516400,210.641,210.7645,210.595,210.662,44.351679826561515,43.571432782090675,,,
1769516700,210.662,210.718,210.543,210.714,47.52568737650997,44.09137142151416,,,
1769517000,210.714,210.734,210.623,210.7045,46.99828407584847,44.62955509706368,,,
1769517300,210.7045,210.755,210.6555,210.6645,44.74665878461934,45.16348457235847,,,
1769517600,210.6645,210.6945,210.494,210.568,39.79354046977161,45.08908860242103,,,
1769517900,210.568,210.7135,210.549,210.7045,48.48070458475854,45.518899436328816,,,
1769518200,210.7045,210.7225,210.575,210.6175,44.111905797247644,45.53873367233057,,,
1769518500,210.6175,210.682,210.5935,210.6515,46.154068600053016,45.74549489668095,,,
1769518800,210.6515,210.7105,210.5715,210.645,45.80944484301439,45.955967611210475,,,
1769519100,210.645,210.688,210.5805,210.6675,47.27698273211924,45.80204601133391,,,
1769519400,210.6675,210.7085,210.637,210.669,47.3792922015249,45.56815028115211,,,
1769519700,210.669,210.6795,210.58,210.6325,45.08658192891227,45.42112011762863,,,
1769520000,210.6325,210.66,210.552,210.5895,42.47867637853725,45.2324031702196,,,
1769520300,210.5895,210.6335,210.579,210.6055,43.78171811307668,45.283944693753945,,,
1769520600,210.6055,210.756,210.5885,210.6885,50.09707954178165,45.69433038769824,,,
1769520900,210.6885,210.7035,210.63,210.669,48.71254850677368,45.77910618271708,,,
1769521200,210.669,210.7225,210.531,210.641,46.71606977562855,45.75894801841565,,,
1769521500,210.641,210.704,210.2685,210.4495,35.883833969176706,45.12588910302689,,,
1769521800,210.4495,210.4915,210.3235,210.4655,37.19418469201545,44.940220833187176,,,
1769522100,210.4655,210.5425,210.46,210.499,39.96089522515593,44.33166302178698,,,
1769522400,210.499,210.5735,210.4385,210.539,43.17950794825637,44.265063175430456,,,
1769522700,210.539,210.6115,210.5345,210.5865,46.825032681290644,44.31298918123315,,,
1769523000,210.5865,210.6065,210.4745,210.515,42.41380559239093,44.070443520474335,,,
1769523300,210.515,210.5515,210.481,210.5295,43.574723908304925,43.80599646163045,,,
1769523600,210.5295,210.535,210.4385,210.4795,40.539775525432525,43.31745955619528,,,
1769523900,210.4795,210.544,210.4645,210.4645,39.6476216958994,42.92896239669436,,,
1769524200,210.4645,210.5515,210.373,210.5255,44.95298843519376,43.105698972169826,,,
1769524500,210.5255,210.6585,210.4885,210.6475,53.716223954545576,43.81530653227475,,,
1769524800,210.6475,210.933,210.6455,210.893,65.58802653017105,44.92180274573112,,,
1769525100,210.893,211.0455,210.8865,211.0455,70.62796218275957,46.48718943687298,,,
1769525400,211.0455,211.153,211.0455,211.134,73.09100000667917,48.37111302480516,,,
1769525700,211.134,211.15,211.007,211.007,64.70559623434484,50.42981032946003,,,
1769526000,211.007,211.0475,210.869,210.9405,60.77390141330587,52.11407580955221,,,
1769526300,210.9405,210.9445,210.8055,210.9085,58.918645901403416,53.4682008578556,,,
1769526600,210.9085,210.9275,210.815,210.8625,56.25989255999268,54.40251404440819,,,
1769526900,210.8625,210.962,210.8085,210.885,57.27546751111959,55.14897367511026,,,
1769527200,210.885,210.9875,210.822,210.9235,59.02844940462763,56.33573394741288,,,
1769527500,210.9235,210.988,210.9065,210.9105,58.16069464943536,57.37758900035077,,,
1769527800,210.9105,211.061,210.903,210.984,61.598000192616354,58.88174790514961,,,
1769528100,210.984,211.0555,210.984,211.026,63.44605384515381,60.58163591581064,,,
1769528400,211.026,211.0285,210.901,210.9295,56.69504683330663,61.4203543728187,,,
1769528700,210.9295,210.956,210.8115,210.8425,51.38634543190851,61.25393447834462,,,
1769529000,210.8425,210.8955,210.769,210.871,52.94086921849558,60.35056609893924,,,
1769529300,210.871,210.904,210.6595,210.735,45.46894127931406,58.55349317726456,,,
1769529600,210.735,210.797,210.65,210.6975,43.63998532855889,56.449849271684535,,,
1769529900,210.6975,210.7315,210.646,210.6575,41.71259778179701,54.807492239359696,,,
1769530200,210.6575,210.725,210.6485,210.709,45.07599800026536,53.686213424142515,,,
1769530500,210.709,210.709,210.5995,210.626,40.97252033191381,52.404347312036116,,,
1769530800,210.626,210.7145,210.6,210.712,46.41566197063195,51.70118798422464,,,
1769531100,210.712,210.719,210.6695,210.7015,45.85962783744874,50.885770864676715,,,
1769531400,210.7015,210.8105,210.6865,210.77,50.06253102552659,50.245348123312354,,,
1769531700,210.77,210.9155,210.7645,210.89,56.4418322626566,50.12257223854244,,,
1769532000,210.89,211.0015,210.889,210.9935,61.06205961260928,50.08429076854195,,,
1769532300,210.9935,211.0045,210.951,210.9835,60.39549444024112,49.86639366819104,,,
1769532600,210.9835,210.986,210.901,210.9755,59.83278390019585,50.09051774439741,,,
1769532900,210.9755,210.9835,210.874,210.897,54.469865770802556,50.31076919717556,,,
1769533200,210.897,210.945,210.868,210.9255,56.0114302166909,50.530094982760936,,,
1769533500,210.9255,210.936,210.84,210.84,50.488596231576004,50.88864176506536,,,
1769533800,210.84,210.8725,210.8235,210.8295,49.83867654051377,51.331405423062144,,,
1769534100,210.8295,210.844,210.726,210.7585,45.567249908738845,51.60673771784371,,,
1769534400,210.7585,210.7595,210.649,210.6635,40.55840835855633,51.284052743435915,,,
1769534700,210.6635,210.735,210.659,210.691,42.527817442717144,51.39514539420759,,,
1769535000,210.691,210.777,210.686,210.7295,45.26211778478105,51.31274938093252,,,
1769535300,210.7295,210.736,210.6315,210.634,40.15834159317739,50.90551464919886,,,
1769535600,210.634,210.652,210.269,210.416,31.442463896167297,49.57550985424462,,,
1769535900,210.416,210.552,210.415,210.5445,39.74414301743926,48.38281776530052,,,
1769536200,210.5445,210.588,210.514,210.565,40.97215633591529,46.9478246741081,,,
1769536500,210.565,210.6455,210.536,210.6295,44.785019909980974,45.832790779089514,,,
1769536800,210.6295,210.643,210.4955,210.5295,40.42517332682894,44.446532880991874,,,
1769537100,210.5295,210.535,210.402,210.4715,38.10795599750602,43.27782504004212,,,
1769537400,210.4715,210.5945,210.4625,210.5705,44.00772336789507,42.420417407985276,,,
1769537700,210.5705,210.6155,210.552,210.586,44.893419427050965,42.02076192194778,,,
1769538000,210.586,210.6195,210.543,210.5875,44.984115593206404,41.67400756856868,,,
1769538300,210.5875,210.592,210.521,210.525,41.890446245521105,41.411378735481705,,,
1769538600,210.525,210.575,210.4755,210.506,40.96804846059227,41.440638742769984,,,
1769538900,210.506,210.52,210.467,210.501,40.71398165456107,41.311079043615976,,,
1769539200,210.501,210.52,210.45,210.4555,38.38133577955203,40.819594614671054,,,
1769539500,210.4555,210.4965,210.427,210.46,38.75506855763104,40.71936082641774,,,
1769539800,210.46,210.515,210.422,210.515,43.282972747686124,41.56511145866908,,,
1769540100,210.515,210.5175,210.452,210.4665,40.44348878298918,41.615064727636934,,,
1769540400,210.4665,210.539,210.4645,210.526,45.193698112984634,41.91660342599903,,,
1769540700,210.526,210.541,210.5005,210.52,44.80560599473867,41.91807386062458,,,
1769541000,210.52,210.5395,210.4985,210.525,45.22771174153061,42.26111231881755,,,
1769541300,210.525,210.5295,210.483,210.4935,42.99677424512374,42.61031362221882,,,
1769541600,210.4935,210.574,210.4745,210.573,49.7356043980118,43.019447981512876,,,
1769541900,210.573,210.5755,210.521,210.575,49.89607827619766,43.37678075645192,,,
1769542200,210.575,210.6055,210.5635,210.5835,50.617665956545444,43.77917721097615,,,
1769542500,210.5835,210.5845,210.5265,210.54,46.89543772891036,44.1366766026468,,,
1769542800,210.54,210.557,210.4975,210.5125,44.65958258727573,44.40035761169563,,,
1769543100,210.5125,210.588,210.51,210.579,50.77182336304527,45.11877487658735,,,
1769543400,210.579,210.594,210.473,210.512,45.33852838862295,45.61571720580671,,,
1769543700,210.512,210.5215,210.482,210.4945,44.01365052678751,45.9913302036036,,,
1769544000,210.4945,210.508,210.4435,210.4835,43.15990541940645,45.98253968015506,,,
1769544300,210.4835,210.5105,210.463,210.5015,45.038629048334776,46.31076398482259,,,
1769544600,210.5015,210.512,210.455,210.5035,45.255146832989745,46.31515317910868,,,
1769544900,210.5035,210.531,210.4905,210.4975,44.68640215549942,46.30663861916302,,,
1769545200,210.4975,210.5075,210.3795,210.3795,35.29247952769326,45.596979175317486,,,
1769545500,210.3795,210.407,210.335,210.3795,35.292479527693274,45.046672409786744,,,
1769545800,210.3795,210.4585,210.378,210.442,42.69276420714379,44.543612396153314,,,
1769546100,210.442,210.5665,210.439,210.565,53.87315940468874,44.827689619616955,,,
1769546400,210.565,210.5985,210.397,210.397,41.860461408582275,44.20217500904816,,,
1769546700,210.397,210.955,210.078,210.759,61.68553629531349,45.25861062093411,,,
1769547000,210.759,210.874,210.559,210.722,59.454008832698484,46.31535535275002,,,
1769547300,210.722,210.8905,210.722,210.84,63.9349605948464,47.255579440735815,,,
1769547600,210.84,210.912,210.808,210.8275,63.13892548512638,48.52703637620034,,,
1769547900,210.8275,210.8535,210.7075,210.763,59.05317836372745,49.601288364553206,,,
1769548200,210.763,210.778,210.6815,210.695,55.01150073050671,50.447830886774646,,,
1769548500,210.695,210.8065,210.666,210.7175,56.082560469460994,51.23668313114081,,,
1769548800,210.7175,210.7435,210.6475,210.692,54.498970180326545,51.89695622737914,,,
1769549100,210.692,210.824,210.686,210.7955,59.49790359899691,52.9549206162004,,,
1769549400,210.7955,210.9395,210.7955,210.9385,65.18851632488389,55.09035181599973,,,
1769549700,210.9385,210.956,210.8485,210.903,62.82849889570905,57.057210342286574,,,
1769550000,210.903,210.9315,210.8565,210.887,61.74354327197101,58.41798027548852,,,
1769550300,210.887,210.9445,210.7955,210.8335,58.12889658598832,58.7219615027242,,,
1769550600,210.8335,210.8785,210.7855,210.8445,58.6647164532683,59.92226543448749,,,
1769550900,210.8445,210.8445,210.7245,210.802,55.69897985943442,59.49465426049613,,,
1769551200,210.802,210.802,210.802,210.802,55.69897985943442,59.226437905262976,,,
1769551500,210.802,210.802,210.6535,210.6835,47.87290234870491,58.07914803053859,,,
1769551800,210.6835,210.7035,210.5785,210.5955,43.03689612632829,56.64328879062443,,,
1769552100,210.5955,210.6615,210.5795,210.6545,46.909207935514026,55.77586233146633,,,
1769552400,210.6545,210.7305,210.639,210.6915,49.23963649679844,55.36358631477288,,,
1769552700,210.6915,210.702,210.629,210.702,49.911569956026405,54.92280127809899,,,
1769553000,210.702,210.8435,210.6955,210.8205,56.85323312973387,55.09096291734237,,,
1769553300,210.8205,211.025,210.819,210.871,59.433425938971475,55.08635737019769,,,
1769553600,210.871,210.9665,210.8585,210.9345,62.47236589012373,54.89234662485767,,,
1769553900,210.9345,211.0525,210.835,210.849,56.35120154358068,54.42968252827707,,,
1769554200,210.849,210.871,210.798,210.8705,57.47944301659004,54.12510393860701,,,
1769554500,210.8705,210.9195,210.846,210.8795,57.969206151791624,54.11369747902153,,,
1769554800,210.8795,210.922,210.7515,210.7535,49.39182111510822,53.4513478120101,,,
1769555100,210.7535,210.8115,210.7135,210.7875,51.478173896578355,53.14986167180609,,,
1769555400,210.7875,210.847,210.773,210.811,52.92278654397647,52.951562149273386,,,
1769555700,210.811,210.89,210.7995,210.8315,54.203687265471494,53.40376107189957,,,
1769556000,210.8315,210.8425,210.7805,210.8115,52.69724176712458,54.093785760527865,,,
1769556300,210.8115,210.989,210.8085,210.9365,60.15145428293119,55.039660499629086,,,
1769556600,210.9365,210.9815,210.8675,210.8965,57.05311260252741,55.59776593575259,,,
1769556900,210.8965,210.9555,210.826,210.85,53.59689966865274,55.861003772368754,,,
1769557200,210.85,210.882,210.8075,210.859,54.17551900522214,55.66973847776077,,,
1769557500,210.859,210.907,210.8015,210.8465,53.18360078060305,55.22332239502017,,,
1769557800,210.8465,210.8875,210.77,210.771,47.52374845911204,54.155564007090774,,,
1769558100,210.771,210.858,210.733,210.853,53.332627052361026,53.93995154343223,,,
1769558400,210.853,211.043,210.75,210.951,59.15224639935533,54.059437499344035,,,
1769558700,210.951,210.951,210.807,210.918,56.592975258612675,53.961135292688404,,,
1769559000,210.918,210.995,210.8925,210.9685,59.48202432722669,54.681864093554,,,
1769559300,210.9685,211.034,210.811,210.838,50.186288105241225,54.589586537029916,,,
1769559600,210.838,210.87,210.745,210.807,48.25701217532789,54.256316939269304,,,
1769559900,210.807,210.922,210.806,210.9175,54.91077489986877,54.306823198869104,,,
1769560200,210.9175,210.9545,210.864,210.893,53.27498459656964,54.34809054382947,,,
1769560500,210.893,210.997,210.8855,210.946,56.30729370832714,54.07350764564347,,,
1769560800,210.946,210.995,210.849,210.8855,52.14705728587641,53.72307512302553,,,
1769561100,210.8855,210.9345,210.817,210.902,53.1634270126826,53.692112790456235,,,
1769561400,210.902,210.9325,210.62,210.649,39.35923527096893,52.63380680943815,,,
1769561700,210.649,210.949,210.6395,210.907,52.81445653905338,52.607439363613175,,,
1769562000,210.907,211.004,210.864,210.975,55.610114824502325,53.18503696114105,,,
1769562300,210.975,211.051,210.9205,210.994,56.38763934020133,53.403252124558215,,,
1769562600,210.994,211.1065,210.9495,211.103,60.64630163615983,53.50997035575854,,,
1769562900,211.103,211.119,211.019,211.0225,56.27572469642906,53.48730960131685,,,
1769563200,211.0225,211.085,210.9965,211.034,56.755187707036306,53.29253555701754,,,
1769563500,211.034,211.1765,211.017,211.1605,61.7268747519084,54.11686317463663,,,
1769563800,211.1605,211.2225,211.1605,211.196,63.0120219361812,55.17079244326901,,,
1769564100,211.196,211.2015,211.079,211.121,58.539757686097985,55.430005499428226,,,
1769564400,211.121,211.1255,211.051,211.121,58.539757686097985,55.806060720108825,,,
1769564700,211.121,211.1855,211.0885,211.1595,60.22061533486589,56.08558369343302,,,
1769565000,211.1595,211.1685,211.1155,211.1245,57.921652040641874,56.498054747344845,,,
1769565300,211.1245,211.1445,211.0915,211.1285,58.11843450075872,56.85198385363599,,,
1769565600,211.1285,211.1755,211.0535,211.092,55.56487712822516,58.00952970058287,,,
1769565900,211.092,211.131,211.073,211.113,56.74249474853825,58.290103858403214,,,
1769566200,211.113,211.151,211.0605,211.0975,55.57183751269957,58.28736976470302,,,
1769566500,211.0975,211.1115,211.0015,211.0125,49.53628947114057,57.79798763119868,,,
1769566800,211.0125,211.0495,210.9785,211.033,50.920746625769965,57.10330513045654,,,
1769567100,211.033,211.0565,210.9835,210.994,48.210921876604196,56.52724778618334,,,
1769567400,210.994,211.0535,210.993,211.051,52.213557654105244,56.20284563954541,,,
1769567700,211.051,211.0585,211.0045,211.012,49.400285263276565,55.322374961786,,,
1769568000,211.012,211.019,210.962,210.971,46.56010205676543,54.147237827542014,,,
1769568300,210.971,210.998,210.954,210.9755,46.92080902616971,53.31731292326142,,,
1769568600,210.9755,210.9995,210.961,210.9965,48.66228277163778,52.61177900079998,,,
1769568900,210.9965,211.0315,210.957,210.975,46.963427921963785,51.66483704273554,,,
1769569200,210.975,210.999,210.937,210.9805,47.468660312877915,50.91819477646669,,,
1769569500,210.9805,210.9815,210.9365,210.95,44.913520490560344,49.97498663288109,,,
1769569800,210.95,210.9825,210.9415,210.942,44.24084448755275,49.16612715854734,,,
1769570100,210.942,210.9705,210.915,210.919,42.280245087219484,48.13310932559599,,,
1769570400,210.919,210.919,210.8415,210.853,37.18738360981228,46.81993404681833,,,
1769570700,210.853,210.861,210.8115,210.8495,36.93331474511745,45.91972156638811,,,
1769571000,210.8495,210.891,210.7795,210.875,40.14205417788508,45.14981496296776,,,
1769571300,210.875,210.882,210.829,210.8625,39.092082066386354,44.49846926223791,,,
1769571600,210.8625,210.875,210.762,210.777,32.77688833750628,43.11013573962371,,,
1769571900,210.777,210.793,210.6835,210.6835,27.53778403019176,41.548528508689074,,,
1769572200,210.6835,210.778,210.6815,210.7725,37.73933406914377,40.91847365243039,,,
1769572500,210.7725,210.7775,210.7275,210.7575,36.79901196099474,40.19548814777503,,,
1769572800,210.7575,210.787,210.688,210.7005,33.393996474639295,39.104896269418,,,
1769573100,210.7005,210.846,210.699,210.816,44.58356475647975,38.93490604331199,,,
1769573400,210.816,210.86,210.8135,210.859,48.080605773236314,38.97861643333759,,,
1769573700,210.859,210.87,210.7805,210.793,43.53908219026977,38.88044226903112,,,
1769574000,210.793,210.8065,210.75,210.7625,41.584286020438526,38.69068809280868,,,
1769574300,210.7625,210.7765,210.719,210.7735,42.5854873587996,38.71249111220726,,,
1769574600,210.7735,210.8095,210.7445,210.7635,41.88270881632227,39.04787148410083,,,
1769574900,210.7635,210.766,210.7195,210.724,39.13539439986228,39.20516288801117,,,
1769575200,210.724,210.751,210.6635,210.6635,35.31446354642196,38.860334985763814,,,
1769575500,210.6635,210.673,210.612,210.624,33.045936644898944,38.428467455657575,,,
1769575800,210.624,210.626,210.549,210.5785,30.60694512840942,38.27347151215065,,,
1769576100,210.5785,210.5865,210.5305,210.566,29.952890147636282,38.44597909196811,,,
1769576400,210.566,210.593,210.41,210.558,29.51813193046523,37.858750367776786,,,
1769576700,210.558,210.5785,210.493,210.525,27.73012371929552,37.21097263622685,,,
1769577000,210.525,210.571,210.4965,210.544,30.346196489019547,36.993272637254,,,
1769577300,210.544,210.579,210.5165,210.541,30.160551120334503,35.963057377529346,,,
1769577600,210.541,210.5985,210.533,210.565,33.657171677622884,34.93281208498553,,,
1769577900,210.565,210.566,210.508,210.533,31.3998245707794,34.06572225502193,,,
1769578200,210.533,210.533,210.4495,210.4915,28.710493972543944,33.14616568017232,,,
1769578500,210.4915,210.594,210.464,210.585,40.97619493830997,33.03121622156591,,,
1769578800,210.585,210.6155,210.5365,210.5925,41.840607294029915,33.028208969973605,,,
1769579100,210.5925,210.7235,210.5885,210.7215,54.2510668504387,34.10789985930049,,,
1769579400,210.7215,210.751,210.705,210.717,53.819631026594685,35.429697536455684,,,
1769579700,210.717,210.7435,210.696,210.712,53.31231609518388,36.8772960686189,,,
1769580000,210.712,210.841,210.712,210.8325,62.48919564798747,39.15459967716019,,,
1769580300,210.8325,210.8425,210.7525,210.7985,58.967269282648545,41.22705532966106,,,
1769580600,210.7985,210.8175,210.737,210.7525,54.492452202126785,43.010935349065456,,,
1769580900,210.7525,210.787,210.721,210.769,55.78846897204457,45.01510286711896,,,
1769581200,210.769,210.814,210.7425,210.8025,58.380103342527214,47.017524785226655,,,
1769581500,210.8025,210.852,210.773,210.777,55.703401786982965,48.84201411855868,,,
1769581800,210.777,210.845,210.7665,210.795,57.19531448574236,50.523310033424366,,,
1769582100,210.795,210.795,210.699,210.7155,49.29796536740032,51.801748661754424,,,
1769582400,210.7155,210.7825,210.6965,210.775,54.375506619699046,53.63496385083693,,,
1769582700,210.775,210.833,210.764,210.815,57.459797533478586,54.81236403620613,,,
1769583000,210.815,210.839,210.796,210.803,56.231667976508156,55.840296942097424,,,
1769583300,210.803,210.8385,210.73,210.756,51.581434058030624,55.649608885496846,,,
1769583600,210.756,210.757,210.6315,210.6425,42.451466779189765,54.837597153539356,,,
1769583900,210.6425,210.7145,210.6425,210.7075,48.11538043506221,54.466387463530666,,,
1769584200,210.7075,210.7695,210.644,210.687,46.559015833458055,53.328517476778565,,,
1769584500,210.687,210.696,210.5715,210.6365,42.87943244669025,52.17938627421012,,,
1769584800,210.6365,210.7425,210.6335,210.6515,44.28784339463452,51.45048564510353,,,
1769585100,210.6515,210.6795,210.5545,210.6215,42.054458362388736,50.46948488727096,,,
1769585400,210.6215,210.6325,210.5635,210.578,38.98455741925328,49.08408874989425,,,
1769585700,210.578,210.6965,210.5685,210.6245,43.71451363814954,48.227739596406145,,,
1769586000,210.6245,210.669,210.585,210.6605,47.13153938694764,47.508898517920805,,,
1769586300,210.6605,210.6975,210.621,210.6645,47.51282219535206,47.38138829134594,,,
1769586600,210.6645,210.6815,210.5835,210.6525,46.43097895133426,46.81392202931988,,,
1769586900,210.6525,210.744,210.6185,210.6785,49.13345902648528,46.219183564534646,,,
1769587200,210.6785,210.6955,210.4605,210.6035,42.4765764601945,45.236677027655105,,,
1769587500,210.6035,210.6035,210.482,210.5025,35.50101567006874,44.088075714229255,,,
1769587800,210.5025,210.647,210.4865,210.614,46.03677203235128,44.34416894659794,,,
1769588100,210.614,210.662,210.5915,210.6175,46.333116673489606,44.216864392199895,,,
1769588400,210.6175,210.675,210.5235,210.548,41.46378311429259,43.85291919797379,,,
1769588700,210.548,210.5605,210.4175,210.5095,39.01754589798167,43.577070158780316,,,
1769589000,210.5095,210.554,210.459,210.495,38.10572030761953,43.13548993827924,,,
1769589300,210.495,210.5505,210.477,210.4805,37.17024582980768,42.78661761452345,,,
1769589600,210.4805,210.5875,210.4235,210.573,46.2375687343663,43.30468985131724,,,
1769589900,210.573,210.587,210.5025,210.5045,41.46522940256503,43.14402669163264,,,
1769590200,210.5045,210.551,210.4205,210.5215,43.036588169764784,42.85153017611958,,,
1769590500,210.5215,210.5265,210.384,210.4395,37.769694840388745,42.15559250790791,,,
1769590800,210.4395,210.505,210.4015,210.4805,41.61700954552217,41.8117375503499,,,
1769591100,210.4805,210.4805,210.3975,210.458,40.15002692927615,41.170063829120686,,,
1769591400,210.458,210.495,210.359,210.378,35.37532090146999,40.66283128921179,,,
1769591700,210.378,210.431,210.358,210.416,39.08119342893073,40.91855827198764,,,
1769592000,210.416,210.4275,210.318,210.3825,37.06337125278316,40.27760107344706,,,
1769592300,210.3825,210.4065,210.3295,210.3925,38.09093597945389,39.68887388101594,,,
1769592600,210.3925,210.4955,210.3925,210.4655,45.13335210061138,39.95098595146728,,,
1769592900,210.4655,210.492,210.4215,210.464,45.02002695704973,40.37973459854357,,,
1769593200,210.464,210.5155,210.4265,210.4745,46.0413715938831,40.94656683327668,,,
1769593500,210.4745,210.529,210.4745,210.5015,48.681360332904745,41.76878929778361,,,
1769593800,210.5015,210.5155,210.473,210.481,46.80876832001878,41.80958926818736,,,
1769594100,210.481,210.5605,210.417,210.549,53.234801690708636,42.65027300305475,,,
1769594400,210.549,210.5625,210.4585,210.464,45.78830216432547,42.84682400266623,,,
1769594700,210.464,210.485,210.4065,210.4775,47.055022719877726,43.51006170834402,,,
1769595000,210.4775,210.516,210.437,210.4765,46.96747679132973,43.89223794018741,,,
1769595300,210.4765,210.5135,210.4325,210.4855,47.90684916797535,44.446296671523065,,,
1769595600,210.4855,210.5165,210.4175,210.418,41.91077334871659,44.913114703469255,,,
1769595900,210.418,210.4435,210.345,210.421,42.25669148845863,45.13993599343553,,,
1769596200,210.421,210.4905,210.3905,210.4835,49.06221092671883,45.99699597014522,,,
1769596500,210.4835,210.525,210.4645,210.491,49.82639997177986,46.83524339816851,,,
1769596800,210.491,210.498,210.373,210.428,43.872312472149396,46.74516913899265,,,
1769597100,210.428,210.4705,210.2505,210.3545,38.14529906400381,46.254117146632225,,,
1769597400,210.3545,210.429,210.3535,210.406,43.69173955401708,46.086286286641794,,,
1769597700,210.406,210.4485,210.378,210.436,46.690520857753604,45.94408346698815,,,
1769598000,210.436,210.445,210.359,210.3755,41.85005141327626,45.58988940222082,,,
1769598300,210.3755,210.444,210.3235,210.3585,40.57708245946508,44.68576659998913,,,
1769598600,210.3585,210.382,210.34,210.3425,39.36349464178741,44.2268517769507,,,
1769598900,210.3425,210.367,210.3055,210.3125,37.12165922577207,43.51732581308602,,,
1769599200,210.3125,210.343,210.2535,210.343,40.81232427388084,43.077672061839664,,,
1769599500,210.343,210.355,210.2665,210.2665,35.22725414577761,42.17198670311125,,,
1769599800,210.2665,210.2675,210.2005,210.215,32.04771051940986,41.467482215303626,,,
1769600100,210.215,210.3325,210.207,210.294,40.865000761519234,41.36807573480796,,,
1769600400,210.294,210.3565,210.2635,210.352,46.367323948969556,41.175583807825866,,,
1769600700,210.352,210.3805,210.293,210.301,42.61269227158466,40.660318972097635,,,
1769601000,210.301,210.3125,210.2385,210.2475,39.04122229533883,40.31524110232545,,,
1769601300,210.2475,210.251,210.1195,210.1355,32.83660255576423,39.936048494594054,,,
1769601600,210.1355,210.1895,210.0885,210.105,31.374315859978353,39.05623251644844,,,
1769601900,210.105,210.2265,210.0915,210.2255,42.30578370387801,38.74303700545732,,,
1769602200,210.2255,210.2455,210.151,210.2065,41.191612760998,38.69600567315173,,,
1769602500,210.2065,210.2095,210.1255,210.129,36.920399466572384,38.43481403080226,,,
1769602800,210.129,210.1505,210.0745,210.0795,34.46242970076919,38.08473796358667,,,
1769603100,210.0795,210.1845,210.0775,210.1665,41.79669369604036,38.41866899717726,,,
1769603400,210.1665,210.1785,210.071,210.1785,42.74839474214951,38.55695974491074,,,
1769603700,210.1785,210.1825,210.146,210.1645,41.887851984344564,39.03271673337981,,,
1769604000,210.1645,210.2715,210.1545,210.27,50.04826803347244,40.31847084152714,,,
1769604300,210.27,210.349,210.2495,210.3385,54.51449873830889,41.293434982726396,,,
1769604600,210.3385,210.434,210.316,210.3855,57.33334364584125,42.07672210393151,,,
1769604900,210.3855,210.4535,210.383,210.4465,60.73449561663499,43.371136628577965,,,
1769605200,210.4465,210.4525,210.3755,210.413,58.000073085896375,44.72534025647493,,,
1769605500,210.413,210.4525,210.4045,210.4245,58.687691307974845,46.57184659591855,,,
1769605800,210.4245,210.4275,210.3155,210.3315,51.36403777254417,47.99968387538753,,,
1769606100,210.3315,210.3585,210.3,210.343,52.15906139348078,48.70348942464488,,,
1769606400,210.343,210.343,210.233,210.274,47.17617299141641,49.130958012531906,,,
1769606700,210.274,210.3355,210.25,210.3035,49.40175918925619,50.02248370700932,,,
1769607000,210.3035,210.3905,210.296,210.3355,51.77530017859249,51.25911731256813,,,
1769607300,210.3355,210.4075,210.314,210.384,55.20508210156738,52.216859341534345,,,
1769607600,210.384,210.4675,210.3795,210.3995,56.27536313248828,53.183071369415686,,,
1769607900,210.3995,210.439,210.3625,210.411,57.09445632845548,54.269257393995034,,,
1769608200,210.411,210.5345,210.411,210.4885,62.229544185962595,55.139348547744326,,,
1769608500,210.4885,210.5345,210.46,210.477,61.06170190389907,55.60700591671506,,,
1769608800,210.477,210.6485,210.469,210.5765,66.85715374185968,56.28727806643062,,,
1769609100,210.5765,210.6145,210.518,210.574,66.58898119469255,56.705455607720445,,,
1769609400,210.574,210.5915,210.49,210.588,67.37811064940486,57.37531543368534,,,
1769609700,210.588,210.647,210.567,210.568,65.01565785279766,57.82731304402982,,,
1769610000,210.568,210.6355,210.553,210.594,66.65260357392111,58.91935345841389,,,
1769610300,210.594,210.5985,210.528,210.5635,62.932567168547905,59.68888958520439,,,
1769610600,210.5635,210.571,210.4945,210.51,56.93033941404298,60.38561575824915,,,
1769610900,210.51,210.682,210.476,210.682,67.62202269627014,61.6870631516073,,,
1769611200,210.682,210.7275,210.632,210.6885,67.94586109520161,62.842103217079384,,,
1769611500,210.6885,210.7445,210.6305,210.7175,69.41562495620352,63.857141992410526,,,
1769611800,210.7175,210.7915,210.654,210.654,62.64244575109146,64.31193360802504,,,
1769612100,210.654,210.6935,210.603,210.6925,64.87994163419262,64.86803970129198,,,
1769612400,210.6925,210.8635,210.687,210.8245,71.24011362681172,65.51165180420978,,,
1769612700,210.8245,211.204,210.7115,211.062,78.71063235756694,66.77228969375747,,,
1769613000,211.062,211.498,210.98,211.3495,84.09612526204523,68.00364480234217,,,
1769613300,211.3495,211.4485,211.224,211.4,84.82240490487987,69.30603221021268,,,
1769613600,211.4,211.4675,211.284,211.4565,85.61396482459968,70.6085932227266,,,
1769613900,211.4565,211.4595,211.272,211.2875,73.29976114165558,71.20031488621645,,,
1769614200,211.2875,211.2935,211.1725,211.1905,67.31504474788508,71.24763211292816,,,
1769614500,211.1905,211.241,211.096,211.1115,62.816666779079334,71.2393535136804,,,
1769614800,211.1115,211.2005,211.049,211.13,63.432925867768574,71.7038239746608,,,
1769615100,211.13,211.2865,211.1255,211.242,66.99887201973993,71.6593132120515,,,
1769615400,211.242,211.369,211.2315,211.369,70.51060013474785,71.84250885773338,,,
1769615700,211.369,211.6885,211.369,211.62,75.95624257151741,72.3096958302558,,,
1769616000,211.62,211.721,211.588,211.6495,76.50538438005191,73.2999057323244,,,
1769616300,211.6495,211.704,211.598,211.6735,76.96629829456963,74.16321692235134,,,
1769616600,211.6735,211.789,211.6585,211.744,78.31224724230317,74.66836932345787,,,
1769616900,211.744,211.8765,211.716,211.849,80.1707218011106,74.77266142656812,,,
1769617200,211.849,211.898,211.7405,211.7605,74.38489441776667,74.07900208054822,,,
1769617500,211.7605,211.773,211.716,211.7685,74.56359943024094,73.34623026093116,,,
1769617800,211.7685,211.7695,211.644,211.652,67.21007429784846,72.0316666518775,,,
1769618100,211.652,211.678,211.605,211.677,67.94074370916766,71.64887969241408,,,
1769618400,211.677,211.724,211.651,211.686,68.21533409594089,71.71318607441806,,,
1769618700,211.686,211.689,211.6025,211.657,66.24638608665602,71.95816602495925,,,
1769619000,211.657,211.7735,211.651,211.7405,69.01918419289082,72.3571844767537,,,
1769619300,211.7405,211.7705,211.702,211.736,68.69168302790692,72.47809954876563,,,
1769619600,211.736,211.758,211.709,211.711,66.7954059325198,72.21272853432076,,,
1769619900,211.711,211.7265,211.664,211.692,65.31956616218952,71.4529659336545,,,
1769620200,211.692,211.783,211.674,211.734,67.05255107602815,70.77776355479565,,,
1769620500,211.734,211.8335,211.6895,211.8155,70.16777265244401,70.29215458035812,,,
1769620800,211.8155,211.8415,211.7155,211.728,63.2529210733826,69.21648842543522,,,
1769621100,211.728,211.729,211.6575,211.689,60.39602296868972,67.80400993740516,,,
1769621400,211.689,211.76,211.612,211.62,55.61039116831765,66.46297399101593,,,
1769621700,211.62,211.643,211.6055,211.6095,54.8975240396509,65.05825432025951,,,
1769622000,211.6095,211.687,211.6035,211.645,56.90877036557934,64.32244689652599,,,
1769622300,211.645,211.7165,211.6265,211.698,59.791568373450886,63.7403629439748,,,
1769622600,211.698,211.741,211.695,211.7195,60.933339070880216,63.220220442184754,,,
1769622900,211.7195,211.774,211.698,211.708,59.952688052843804,62.770670582626735,,,
1769623200,211.708,211.79,211.7005,211.787,64.21350262053721,62.42740761317291,,,
1769623500,211.787,211.824,211.7525,211.807,65.2223084931588,62.179595146405184,,,
1769623800,211.807,211.809,211.7515,211.76,60.87911400888427,61.757002866145505,,,
1769624100,211.76,211.816,211.756,211.807,63.496862897159076,61.626809775786185,,,
1769624400,211.807,211.8205,211.7845,211.8075,63.52482523722344,61.37482935872872,,,
1769624700,211.8075,211.8235,211.792,211.818,64.14595938752228,60.94469983980573,,,
1769625000,211.818,211.91,211.818,211.881,67.70003019779406,61.262350491549405,,,
1769625300,211.881,211.93,211.8685,211.91,69.21289113534164,61.8921267891674,,,
1769625600,211.91,211.936,211.872,211.893,67.22513019702343,62.72175100550353,,,
1769625900,211.893,211.931,211.8805,211.9245,69.00161905533251,63.729186363766495,,,
1769626200,211.9245,211.9625,211.918,211.919,68.30545162839323,64.54323502539606,,,
1769626500,211.919,211.9515,211.873,211.931,69.03940250131872,65.20379460595805,,,
1769626800,211.931,212.034,211.8135,211.889,63.497113894526976,65.38692137907567,,,
1769627100,211.889,211.9495,211.8305,211.8315,56.77712232910512,65.16009525595148,,,
1769627400,211.8315,211.8315,211.745,211.7805,51.56454024866062,64.25659794367458,,,
1769627700,211.7805,211.7825,211.7025,211.721,46.23178486201589,62.90013197002152,,,
1769628000,211.721,211.8095,211.6795,211.7965,52.889603248363365,62.32945262998432,,,
1769628300,211.7965,211.867,211.7895,211.825,55.147358894345324,61.73305948692619,,,
1769628600,211.825,211.923,211.788,211.837,56.10132438121312,61.2028094257826,,,
1769628900,211.837,211.8395,211.731,211.766,49.40580315187318,60.149941123236225,,,
1769629200,211.766,211.821,211.704,211.756,48.527338908464436,58.78046317399839,,,
1769629500,211.756,211.8195,211.7305,211.7775,50.56262142814437,57.44830105205573,,,
1769629800,211.7775,211.819,211.7045,211.802,52.85052265845516,56.421543370729424,,,
1769630100,211.802,211.816,211.661,211.7195,45.255549732791316,54.725395561976484,,,
1769630400,211.7195,211.7195,211.6595,211.6775,41.95038634334889,52.84289089875903,,,
1769630700,211.6775,211.7865,211.6275,211.7865,51.79079151984805,51.610847257225416,,,
1769631000,211.7865,211.7995,211.7005,211.7275,47.1333037190143,50.442003673260224,,,
1769631300,211.7275,211.778,211.7225,211.777,51.10606135865154,50.036927889656404,,,
1769631600,211.777,211.78,211.7355,211.7555,49.37067218209597,49.88022302775893,,,
1769631900,211.7555,211.7575,211.6745,211.6915,44.52398794366219,49.758237533590815,,,
1769632200,211.6915,211.695,211.603,211.668,42.86018348510275,49.04185040764362,,,
1769632500,211.668,211.7115,211.632,211.665,42.64111753412011,48.14854745334183,,,
1769632800,211.665,211.692,211.5845,211.595,37.787847282247796,46.84044194627287,,,
1769633100,211.595,211.6645,211.5795,211.626,40.990963931868194,46.239382001986804,,,
1769633400,211.626,211.656,211.617,211.6345,41.87466405737481,45.764190941194684,,,
1769633700,211.6345,211.649,211.5855,211.6485,43.37870610985298,45.2510541327453,,,
1769634000,211.6485,211.6815,211.5895,211.634,42.161851130479235,44.48757759503274,,,
1769634300,211.634,211.7255,211.6165,211.7165,50.645115465427786,44.872546575935345,,,
1769634600,211.7165,211.7285,211.6695,211.712,50.21249835323889,45.462697433784626,,,
1769634900,211.712,211.763,211.7105,211.7265,51.645809304390745,45.452341561251956,,,
1769635200,211.7265,211.7615,211.7265,211.7495,53.91227859720507,45.9365540525513,,,
1769635500,211.7495,211.8015,211.733,211.774,56.26395807584025,46.30497524663621,,,
1769635800,211.774,211.824,211.767,211.796,58.320586218340864,46.944254820653704,,,
1769636100,211.796,211.799,211.7325,211.763,54.20323912368622,47.63562990494113,,,
1769636400,211.763,211.842,211.763,211.842,61.255158280902876,48.94955667606971,,,
1769636700,211.842,211.9,211.827,211.899,65.39551194023687,50.57487056222091,,,
1769637000,211.899,211.899,211.855,211.863,60.96440514585195,52.23033898104978,,,
1769637300,211.863,211.8805,211.82,211.84,58.248831953173536,53.463043839714445,,,
1769637600,211.84,211.8465,211.7045,211.772,51.0138269336789,54.11584118802188,,,
1769637900,211.772,211.7935,211.714,211.749,48.80569156815835,54.50348300647227,,,
1769638200,211.749,211.749,211.6595,211.6805,42.85597126474809,54.5530630160629,,,
1769638500,211.6805,211.7575,211.6725,211.6855,43.3983705753365,54.03543838105638,,,
1769638800,211.6855,211.747,211.669,211.6865,43.51385008381803,53.55696350466918,,,
1769639100,211.6865,211.758,211.6565,211.7575,51.13646389595624,53.520581689781,,,
1769639400,211.7575,211.802,211.732,211.802,55.2156589917483,53.61368028939122,,,
1769639700,211.802,211.8025,211.769,211.772,52.060345204380845,53.31342222714413,,,
1769640000,211.772,211.7945,211.767,211.7805,52.8819258150151,52.92494648404943,,,
1769640300,211.7805,211.8225,211.774,211.8105,55.76345791932073,53.0363906837376,,,
1769640600,211.8105,211.8325,211.794,211.8215,56.80652019452564,52.71863082042495,,,
1769640900,211.8215,211.8335,211.7575,211.781,51.94962731768874,51.75821049024294,,,
1769641200,211.781,211.782,211.6835,211.689,42.963415942997834,50.47242554718192,,,
1769641500,211.689,211.722,211.666,211.718,46.126868104591395,49.60657098656892,,,
1769641800,211.718,211.8405,211.7155,211.784,52.57384744841576,49.71800102333584,,,
1769642100,211.784,211.843,211.783,211.825,56.089283356669185,50.23825757965805,,,
1769642400,211.825,211.845,211.7575,211.766,50.31006615142984,50.77069292870674,,,
1769642700,211.766,211.767,211.641,211.661,42.013474806726805,50.67177180237747,,,
1769643000,211.661,211.7845,211.652,211.7755,51.421342304705874,51.23659267529803,,,
1769643300,211.7755,211.842,211.7425,211.7565,49.97247774854923,51.15345080762609,,,
1769643600,211.7565,211.758,211.6,211.6015,40.056781560217246,50.070673848231024,,,
1769643900,211.6015,211.685,211.6005,211.684,46.178268503879856,49.650525512480954,,,
1769644200,211.684,211.7625,211.6825,211.7475,50.37866042754383,49.47172084194729,,,
1769644500,211.7475,211.8015,211.6115,211.6695,45.66438134942316,48.75035822981175,,,
1769644800,211.6695,211.724,211.4725,211.506,37.70051756452322,47.38564375624015,,,
1769645100,211.506,211.5825,211.442,211.5625,41.49747911556125,46.63906174180247,,,
1769645400,211.5625,211.6365,211.549,211.624,45.398411223176765,46.81298997610096,,,
1769645700,211.624,211.6925,211.477,211.505,39.859972721821244,46.36535459161738,,,
1769646000,211.505,211.6005,211.4595,211.5375,41.943126869790625,45.60601740742987,,,
1769646300,211.5375,211.5385,211.442,211.4685,38.86512900798233,44.375720668237946,,,
1769646600,211.4685,211.473,211.3455,211.365,34.74614522026731,43.26401203029776,,,
1769646900,211.365,211.422,211.3425,211.4035,37.40370862895142,42.93474301759952,,,
1769647200,211.4035,211.4525,211.3725,211.4505,40.58494388436193,42.16071455900352,,,
1769647500,211.4505,211.4855,211.3515,211.4465,40.39677806820364,41.476736010407414,,,
1769647800,211.4465,211.6,211.395,211.576,48.69080498216287,42.093451969117815,,,
1769648100,211.576,211.613,211.555,211.5915,49.59490556543429,42.33749747351455,,,
1769648400,211.5915,211.716,211.5405,211.68,54.52228943590395,42.63347097411172,,,
1769648700,211.68,211.6935,211.562,211.605,50.05643505876865,42.94718909620782,,,
1769649000,211.605,211.684,211.585,211.618,50.80855452672756,43.88347745065099,,,
1769649300,211.618,211.691,211.559,211.6515,52.7818948241586,44.689507144122224,,,
1769649600,211.6515,211.676,211.544,211.544,46.35557009096473,44.75787563467851,,,
1769649900,211.544,211.6005,211.5155,211.5855,48.940102287648365,45.40645631795188,,,
1769650200,211.5855,211.5905,211.5315,211.5565,47.22776508890008,45.7839304764597,,,
1769650500,211.5565,211.583,211.46,211.5095,44.50967772351507,46.187112527569184,,,
1769650800,211.5095,211.521,211.4085,211.4335,40.455150198508925,46.59489859744359,,,
1769651100,211.4335,211.537,211.421,211.4645,42.74614103502824,46.97650091216336,,,
1769651400,211.4645,211.514,211.432,211.4545,42.18233111361157,47.090599999966905,,,
1769651700,211.4545,211.547,211.439,211.547,48.89678149459354,47.697743101851906,,,
1769652000,211.547,211.6285,211.546,211.6165,53.286346467446705,48.02599606508647,,,
1769652300,211.6165,211.621,211.4775,211.5015,46.21285622128322,47.784421111932815,,,
1769652600,211.5015,211.5765,211.475,211.5325,48.208685040085285,47.33344936937434,,,
1769652900,211.5325,211.565,211.47,211.4765,44.962967033332525,46.96963022470033,,,
1769653200,211.4765,211.491,211.39,211.391,40.481642506116856,46.23199365179956,,,
1769653500,211.391,211.407,211.3485,211.3535,38.66160175087451,45.223401289422135,,,
1769653800,211.3535,211.41,211.3365,211.3915,41.53033776148817,44.87874183731666,,,
1769654100,211.3915,211.4505,211.3755,211.4405,45.096147294379605,44.604173623511755,,,
1769654400,211.4405,211.4715,211.424,211.464,46.77270467132748,44.57166930797085,,,
1769654700,211.464,211.4785,211.437,211.471,47.28903946523845,44.77019514666538,,,
1769655000,211.471,211.5025,211.4205,211.4535,46.085430716901385,45.17235804083627,,,
1769655300,211.4535,211.5215,211.439,211.4875,48.8114160235203,45.605591968585706,,,
1769655600,211.4875,211.5995,211.482,211.561,54.202235131066416,46.46415654126105,,,
1769655900,211.561,211.5665,211.487,211.488,48.7148752663915,46.45116323924661,,,
1769656200,211.488,211.5735,211.4865,211.5685,54.2190108355071,46.5177821226795,,,
1769656500,211.5685,211.6015,211.5485,211.5625,53.75592224976063,47.05657255328503,,,
1769656800,211.5625,211.5835,211.485,211.4955,48.748837045009644,47.095154839351046,,,
1769657100,211.4955,211.5255,211.458,211.517,50.34711208884396,47.479736629030434,,,
1769657400,211.517,211.5675,211.4795,211.4955,48.71119510220374,48.06756181446521,,,
1769657700,211.4955,211.537,211.475,211.489,48.20127189720006,48.74896682491704,,,
1769658000,211.489,211.5135,211.442,211.4955,48.77871755788634,49.266708238945476,,,
1769658300,211.4955,211.524,211.4765,211.5065,49.79865006488603,49.60260129398165,,,
1769658600,211.5065,211.542,211.4875,211.492,48.42968418682712,49.72095697366019,,,
1769658900,211.492,211.5425,211.4815,211.541,53.11973818399513,50.13743545357138,,,
1769659200,211.541,211.5935,211.5315,211.5585,54.70413253441866,50.753057011965474,,,
1769659500,211.5585,211.5875,211.539,211.5855,57.112456078232164,51.34598844444489,,,
1769659800,211.5855,211.6665,211.5755,211.6595,62.92990510682402,51.96939344271328,,,
1769660100,211.6595,211.7165,211.656,211.712,66.41096288881393,53.23339970145775,,,
1769660400,211.712,211.8355,211.7105,211.7305,67.56674297281614,54.18680913983697,,,
1769660700,211.7305,211.744,211.666,211.6905,62.55474531977103,54.81529650198057,,,
1769661000,211.6905,211.7785,211.6805,211.7345,65.57938642996973,56.017478600906294,,,
1769661300,211.7345,211.7435,211.7095,211.723,64.12154303363656,57.00136652553432,,,
1769661600,211.723,211.7545,211.706,211.706,61.92985199739763,57.94555630376247,,,
1769661900,211.706,211.7565,211.679,211.6825,58.931211773786934,58.71198058066153,,,
1769662200,211.6825,211.7535,211.6395,211.7445,63.897883882042436,59.79192103238697,,,
1769662500,211.7445,211.7535,211.7115,211.7125,59.873223717484144,60.51153343614398,,,
1769662800,211.7125,211.745,211.667,211.739,62.00736298484567,61.481367636002446,,,
1769663100,211.739,211.7415,211.67,211.7145,58.88899391204627,61.893457330863235,,,
1769663400,211.7145,211.7405,211.683,211.7375,60.87806809315937,62.33445272791615,,,
1769663700,211.7375,211.786,211.7145,211.77,63.56094178714354,62.79505884998125,,,
1769664000,211.77,211.832,211.7495,211.7495,60.731821427127265,62.63805287286005,,,
1769664300,211.7495,211.803,211.7495,211.7975,64.69439072988843,62.515440575793946,,,
1769664600,211.7975,211.8385,211.791,211.82,66.40569689135705,62.432508712832586,,,
1769664900,211.82,211.8465,211.781,211.7925,62.42311858049215,62.42310680288409,,,
1769665200,211.7925,211.8475,211.7755,211.822,64.85790378751344,62.37157232842291,,,
1769665500,211.822,211.8255,211.779,211.801,61.78866489013376,62.20493817531557,,,
1769665800,211.801,211.8205,211.7865,211.7865,59.68832038761665,62.04482877461692,,,
1769666100,211.7865,211.809,211.739,211.7465,54.21354619086774,61.707852661551264,,,
1769666400,211.7465,211.842,211.7465,211.7675,56.47090441821895,61.177354128421015,,,
1769666700,211.7675,211.846,211.7655,211.8345,62.77643493777771,61.38472635844198,,,
1769667000,211.8345,211.8345,211.727,211.7345,50.92030688348298,60.59279377977322,,,
1769667300,211.7345,211.7415,211.666,211.6715,45.13667044389704,59.6104849606197,,,
1769667600,211.6715,211.7025,211.6115,211.642,42.69145526996877,58.31144118753465,,,
1769667900,211.642,211.6725,211.618,211.652,43.80284043373805,56.900148233719975,,,
1769668200,211.652,211.724,211.6415,211.7145,50.2913094914399,56.15439738117088,,,
1769668500,211.7145,211.7585,211.7055,211.7395,52.64649271180434,55.293833237022014,,,
1769668800,211.7395,211.792,211.7305,211.778,56.09632995216106,54.5574498842223,,,
1769669100,211.778,211.8365,211.7715,211.7885,57.01607151574463,54.17123223674032,,,
1769669400,211.7885,211.8415,211.758,211.821,59.82173096260779,53.81150560638992,,,
1769669700,211.821,211.8295,211.784,211.791,56.17664932890912,53.41064735201674,,,
1769670000,211.791,211.8665,211.7555,211.8625,62.10341586519104,53.58315417184348,,,
1769670300,211.8625,211.908,211.7945,211.7985,54.9408849998528,53.63510694391385,,,
1769670600,211.7985,211.8255,211.761,211.8235,57.02586951752466,53.67474730814997,,,
1769670900,211.8235,211.9975,211.814,211.9815,67.31845563539297,53.99917735797963,,,
1769671200,211.9815,212.0595,211.9725,212.019,69.20372931203045,55.305136102875885,,,
1769671500,212.019,212.1,211.9955,212.0545,70.91427059786808,57.14639325673095,,,
1769671800,212.0545,212.1195,212.04,212.0755,71.90827756019911,59.233309134604546,,,
1769672100,212.0755,212.088,212.0315,212.047,68.48745352947029,60.996495784299704,,,
1769672400,212.047,212.13,212.0265,212.0965,71.06235195019805,62.480141674211,,,
1769672700,212.0965,212.1085,212.046,212.0945,70.81059334989345,63.7775774340745,,,
1769673000,212.0945,212.1155,212.043,212.0995,71.08637915681342,64.84829523440682,,,
1769673300,212.0995,212.109,212.056,212.056,65.30542114053006,65.44039163617721,,,
1769673600,212.056,212.121,211.901,211.92,51.26782738431698,64.82939852344215,,,
1769673900,211.92,212.025,211.9115,212.014,57.989467424340106,64.95888553025866,,,
1769674200,212.014,212.1655,212.011,212.1115,63.59796555121615,65.06563907926045,,,
1769674500,212.1115,212.134,212.0065,212.03,56.77485929006533,65.19663724284706,,,
1769674800,212.03,212.0965,212.012,212.0885,60.085081155765174,65.41515235986425,,,
1769675100,212.0885,212.1095,212.033,212.0825,59.58110578362118,64.86248451330911,,,
1769675400,212.0825,212.1425,212.0735,212.0875,59.88308263553858,64.19672403641684,,,
1769675700,212.0875,212.159,212.0825,212.145,63.28064038756541,63.65146473568093,,,
1769676000,212.145,212.158,212.0465,212.07,56.55285775230838,62.554649035117315,,,
1769676300,212.07,212.1115,211.981,211.9965,50.84751691096656,61.294653562367046,,,
1769676600,211.9965,211.9985,211.841,211.8705,42.86410266442425,59.28049289909749,,,
1769676900,211.8705,211.935,211.8595,211.9035,45.28701340685292,57.45738004602316,,,
1769677200,211.9035,211.943,211.864,211.8985,44.97580732299595,55.59233920075048,,,
1769677500,211.8985,211.899,211.794,211.833,41.000927038018766,53.85630390771396,,,
1769677800,211.833,211.8575,211.7575,211.7875,38.458259980478005,52.94133480743975,,,
1769678100,211.7875,211.8075,211.759,211.78,38.03950000079378,51.5163371343293,,,
1769678400,211.78,211.8685,211.752,211.86,44.927931371718515,50.18276326436518,,,
1769678700,211.86,211.8855,211.8175,211.828,42.874639994529886,49.18989045754122,,,
1769679000,211.828,211.862,211.765,211.7685,39.27998552795136,47.70381219841166,,,
1769679300,211.7685,211.769,211.658,211.6715,34.23999410650288,45.893732792903215,,,
1769679600,211.6715,211.7055,211.6215,211.7045,37.192539614696074,44.272979719985884,,,
1769679900,211.7045,211.737,211.6475,211.6505,34.46554424289357,42.21475856679505,,,
1769680200,211.6505,211.701,211.6365,211.648,34.34001065996267,40.62812663162749,,,
1769680500,211.648,211.6695,211.5925,211.6295,33.37136452111686,39.379830032352515,,,
1769680800,211.6295,211.6425,211.6025,211.6045,32.05547360931989,38.60778509984506,,,
1769681100,211.6045,211.708,211.5975,211.668,38.67052977266338,38.13517912597438,,,
1769681400,211.668,211.677,211.5935,211.6075,35.15837102371087,37.43393367602544,,,
1769681700,211.6075,211.6095,211.5505,211.59,34.19104310194405,36.94751339487725,,,
1769682000,211.59,211.652,211.5835,211.6395,39.27999786850801,37.006208958307965,,,
1769682300,211.6395,211.6605,211.6135,211.642,39.534312922588185,37.11298130986471,,,
1769682600,211.642,211.722,211.6295,211.711,46.228340483763056,37.205867675010744,,,
1769682900,211.711,211.724,211.6255,211.6265,40.338653632550766,37.02472579201224,,,
1769683200,211.6265,211.63,211.5595,211.584,37.73465254663358,36.91434486477525,,,
1769683500,211.584,211.5895,211.4865,211.4865,32.54431846836674,36.79322517633695,,,
1769683800,211.4865,211.5715,211.4865,211.5485,38.351302348500596,36.87599394303728,,,
1769684100,211.5485,211.5495,211.4265,211.4775,34.67049206168663,36.89063307295107,,,
1769684400,211.4775,211.563,211.4595,211.531,39.39091751805614,37.25141213424346,,,
1769684700,211.531,211.643,211.504,211.6295,46.985953614683496,38.22388278378393,,,
1769685000,211.6295,211.6915,211.6225,211.688,50.919677387548575,39.57132591080026,,,
1769685300,211.688,211.7175,211.6445,211.667,49.49975671183803,40.34484212074131,,,
1769685600,211.667,211.6945,211.6175,211.688,50.97209122437335,41.474393563645776,,,
1769685900,211.688,211.705,211.6565,211.7025,52.01243090420587,42.74734983523591,,,
1769686200,211.7025,211.7185,211.653,211.699,51.72710925332901,43.636429219865974,,,
1769686500,211.699,211.728,211.6965,211.714,52.91911966623562,44.59248684441222,,,
1769686800,211.714,211.7895,211.712,211.779,57.78388391657882,45.417882803899055,,,
1769687100,211.779,211.799,211.7335,211.7335,53.60816828133715,46.36570527881237,,,
1769687400,211.7335,211.7345,211.578,211.579,42.40291515489437,46.69915260797386,,,
1769687700,211.579,211.7035,211.578,211.69,50.4209522792829,47.976055023039294,,,
1769688000,211.69,211.691,211.592,211.6145,45.75524877457213,48.50490833918726,,,
1769688300,211.6145,211.6165,211.547,211.5915,44.407141418434655,49.20038329324069,,,
1769688600,211.5915,211.638,211.5695,211.6045,45.38659312341881,49.62864583648088,,,
1769688900,211.6045,211.6485,211.5875,211.6295,47.30915584335357,49.65173170995731,,,
1769689200,211.6295,211.6835,211.617,211.6735,50.604963861847175,49.62925217240721,,,
1769689500,211.6735,211.691,211.6545,211.675,50.71813538131748,49.71627922022718,,,
1769689800,211.675,211.708,211.6615,211.6905,51.94340580576153,49.78565883318348,,,
1769690100,211.6905,211.6935,211.6305,211.637,47.549066555190166,49.46684709396807,,,
1769690400,211.637,211.6565,211.6065,211.6115,45.57020581607903,49.02706827702165,,,
1769690700,211.6115,211.656,211.595,211.649,48.935827562434454,48.74254741246442,,,
1769691000,211.649,211.6805,211.6305,211.6395,48.12399345553639,48.05255523667568,,,
1769691300,211.6395,211.7075,211.606,211.663,50.31959933907158,47.81765745508528,,,
1769691600,211.663,211.7145,211.6265,211.7135,54.75159497389259,48.69970601358516,,,
1769691900,211.7135,211.8215,211.68,211.8215,62.46384467846713,49.55991261352688,,,
1769692200,211.8215,211.8225,211.707,211.7215,53.38986936447606,50.105242655662884,,,
1769692500,211.7215,211.757,211.692,211.704,51.9671459478694,50.64524297919394,,,
1769692800,211.704,211.7355,211.676,211.706,52.124165815137715,51.12649817145957,,,
1769693100,211.706,211.75,211.6865,211.696,51.22252842527364,51.40602478445386,,,
1769693400,211.696,211.727,211.6545,211.668,48.68322360060335,51.268757622936455,,,
1769693700,211.668,211.7105,211.665,211.673,49.167829985774915,51.15802152325484,,,
1769694000,211.673,211.6915,211.657,211.669,48.771034789765324,50.93142359354083,,,
1769694300,211.669,211.7415,211.6385,211.6805,50.019870401747866,51.10790958258065,,,
1769694600,211.6805,211.722,211.6395,211.6915,51.24419218282067,51.5131943230622,,,
1769694900,211.6915,211.702,211.6375,211.694,51.53476868700534,51.698832974817265,,,
1769695200,211.694,211.7845,211.694,211.7515,57.76893884299533,52.38775764535005,,,
1769695500,211.7515,211.7995,211.7455,211.773,59.848653600782384,53.06840437832939,,,
1769695800,211.773,211.8645,211.771,211.8255,64.4521766275184,53.761303067874096,,,
1769696100,211.8255,211.86,211.8235,211.849,66.31397731258627,54.03631254173975,,,
1769696400,211.849,211.9185,211.8265,211.8895,69.29835423475109,55.17263288961653,,,
1769696700,211.8895,211.912,211.835,211.883,68.25322468322427,56.33592422785616,,,
1769697000,211.883,211.904,211.818,211.849,62.908710499172344,57.10624884814435,,,
1769697300,211.849,211.886,211.793,211.7955,55.53911632441443,57.414576555225835,,,
1769697600,211.7955,211.893,211.7695,211.8145,57.44572047519901,58.04046918912553,,,
1769697900,211.8145,211.849,211.6515,211.669,42.43757377065391,57.55973660233117,,,
1769698200,211.669,211.6895,211.552,211.585,36.50758974770992,56.68377624218435,,,
1769698500,211.585,211.6715,211.5465,211.652,43.31177368691989,56.2046264768395,,,
1769698800,211.652,211.6865,211.4665,211.491,33.90816961518665,54.96633915057993,,,
1769699100,211.491,211.552,211.3825,211.3995,29.93087565814585,53.42320393423282,,,
1769699400,211.3995,211.503,211.3265,211.3635,28.513764269163644,51.33354860753055,,,
1769699700,211.3635,211.3795,211.09,211.111,21.00267730400809,48.55883601490382,,,
1769700000,211.111,211.2625,211.033,211.169,25.835445057264295,45.80049804559996,,,
1769700300,211.169,211.204,210.983,211.0165,22.02088202383878,42.636705524975135,,,
1769700600,211.0165,211.0805,210.963,210.972,21.04445158034244,39.189998192517386,,,
1769700900,210.972,211.045,210.863,210.8675,18.922541260146303,35.66637794801181,,,
1769701200,210.8675,210.8705,210.056,210.0735,10.368252859022022,31.913488116572502,,,
1769701500,210.0735,210.426,210.0555,210.249,19.07631247126983,29.309002127062172,,,
1769701800,210.249,210.267,210.098,210.116,17.674870931745744,26.468227159672658,,,
1769702100,210.116,210.4215,210.116,210.3245,26.758825625710884,25.34831657789101,,,
1769702400,210.3245,210.52,210.2965,210.4295,30.894291004822136,24.947366667684744,,,
1769702700,210.4295,210.5385,210.366,210.4255,30.822891066417114,24.05530362336312,,,
1769703000,210.4255,210.6745,210.384,210.6475,39.21877997926076,24.434632935082693,,,
1769703300,210.6475,210.754,210.6245,210.7295,42.018036849131974,25.298001591581706,,,
1769703600,210.7295,210.846,210.6745,210.7,41.28145471712452,26.209979480721763,,,
1769703900,210.7,210.8115,210.6895,210.6895,41.00591519706185,27.638782187368466,,,
1769704200,210.6895,210.795,210.6895,210.767,43.978152096631085,28.934689833037517,,,
1769704500,210.767,210.809,210.685,210.8,45.24320843565617,30.59342743388161,,,
1769704800,210.8,210.8615,210.766,210.7695,44.24866626082615,32.25087133963045,,,
1769705100,210.7695,210.8775,210.7365,210.8725,48.37577069917122,34.35467344241794,,,
1769705400,210.8725,210.939,210.8555,210.868,48.207863986472944,37.05750280866444,,,
1769705700,210.868,210.8995,210.8265,210.875,48.50726710085852,39.15971385363506,,,
1769706000,210.875,210.99,210.872,210.9595,52.10651903420585,41.61911728952507,,,
1769706300,210.9595,210.966,210.889,210.924,50.50919481213082,43.315572231412204,,,
1769706600,210.924,210.98,210.913,210.9725,52.64501547704758,44.86919540799973,,,
1769706900,210.9725,211.017,210.897,211.01,54.287675847291375,46.545251463776474,,,
1769707200,211.01,211.084,210.9785,210.993,53.3836257751507,47.557026163482895,,,
1769707500,210.993,211.0805,210.985,211.0435,55.74147129940929,48.537271481359845,,,
1769707800,211.0435,211.06,210.9985,211.0205,54.392092855936276,49.473745634132115,,,
1769708100,211.0205,211.127,211.014,211.107,58.4644705139745,50.72078529962588,,,
1769708400,211.107,211.1345,211.0135,211.0525,55.124681195780234,51.5169659495651,,,
1769708700,211.0525,211.0525,210.977,211.031,53.81855328305106,52.12949058152187,,,
1769709000,211.031,211.035,210.9555,210.9905,51.3503318398916,52.636752408597985,,,
1769709300,210.9905,211.0155,210.956,210.9805,50.731659315271266,52.80503016689084,,,
1769709600,210.9805,211.0135,210.952,211.001,52.00816706680126,53.07648038691429,,,
1769709900,211.001,211.0845,211.001,211.031,53.890923005756605,53.461027237264155,,,
1769710200,211.031,211.177,211.018,211.128,59.432575500394236,53.98431698484904,,,
1769710500,211.128,211.157,211.066,211.156,60.89364598594732,54.7260634972645,,,
1769710800,211.156,211.195,211.131,211.192,62.75117441208842,55.44793199262456,,,
1769711100,211.192,211.205,211.1385,211.185,62.13316957764302,56.0083244019354,,,
1769711400,211.185,211.1895,211.11,211.14,58.167217512662525,56.35000952604339,,,
1769711700,211.14,211.225,211.102,211.22,62.722664257054724,56.8486661658752,,,
1769712000,211.22,211.28,211.2185,211.2225,62.85877898002311,57.45342946045283,,,
1769712300,211.2225,211.2435,211.183,211.23,63.29181999216798,57.79824013746666,,,
1769712600,211.23,211.231,211.18,211.186,58.94943248105637,58.07143665784351,,,
1769712900,211.186,211.2015,211.136,211.136,54.383299483626864,58.11177567217037,,,
1769713200,211.136,211.1865,211.099,211.1815,57.60172313302596,58.55830362167996,,,
1769713500,211.1815,211.227,211.178,211.1845,57.81306805883317,59.064118531934376,,,
1769713800,211.1845,211.26,211.167,211.2555,62.56862296689363,59.81843681051242,,,
1769714100,211.2555,211.2805,211.216,211.2595,62.82288718266958,60.45643425172049,,,
1769714400,211.2595,211.266,211.1835,211.193,56.01097683779665,60.21203434724923,,,
1769714700,211.193,211.2215,211.1805,211.22,58.002131886782735,60.00549762588033,,,
1769715000,211.22,211.22,211.141,211.149,51.411859819113694,59.195546583524994,,,
1769715300,211.149,211.2295,211.148,211.2285,57.26675024796297,58.847945202833564,,,
1769715600,211.2285,211.2295,211.1715,211.1945,54.255618968640675,58.568545306832,,,
1769715900,211.1945,211.221,211.184,211.2045,55.00499062835744,58.0172829047822,,,
1769716200,211.2045,211.217,211.172,211.1765,52.4157976364805,57.271355665957735,,,
1769716500,211.1765,211.181,211.1435,211.1445,49.54539854178008,56.28946841950145,,,
1769716800,211.1445,211.2225,211.1445,211.2185,55.60053883200108,56.050261730283225,,,
1769717100,211.2185,211.3175,211.2175,211.2915,60.62120838862988,56.49582665206915,,,
1769717400,211.2915,211.3435,211.2855,211.3155,62.137109157880246,56.8197827967016,,,
1769717700,211.3155,211.318,211.2275,211.261,56.79077468647439,56.74676184153312,,,
1769718000,211.261,211.3,211.26,211.299,59.41296486183795,56.521357691172,,,
1769718300,211.299,211.33,211.258,211.259,55.58880431516961,56.004637486350575,,,
1769718600,211.259,211.284,211.212,211.216,51.73382023776834,55.69912630063426,,,
1769718900,211.216,211.302,211.2085,211.253,54.648210051135734,55.459560455230914,,,
1769719200,211.253,211.273,211.2355,211.2685,55.850866423285126,55.77663235552887,,,
1769719500,211.2685,211.313,211.267,211.313,59.19635165033418,55.91446102712681,,,
1769719800,211.313,211.339,211.2955,211.3305,60.46511360608516,56.35799635837285,,,
1769720100,211.3305,211.39,211.326,211.377,63.69540933789999,56.9787405519116,,,
1769720400,211.377,211.3975,211.348,211.36,61.71023062437306,57.64262862247535,,,
1769720700,211.36,211.3975,211.352,211.372,62.59641026777739,58.57484374576087,,,
1769721000,211.372,211.459,211.365,211.438,67.1056899572213,59.39664025470516,,,
1769721300,211.438,211.4615,211.4125,211.4585,68.3807766007746,59.95089512700122,,,
1769721600,211.4585,211.508,211.447,211.5025,70.98085820388754,60.58259148743031,,,
1769721900,211.5025,211.5205,211.4725,211.481,68.03677573985279,61.38587727695733,,,
1769722200,211.481,211.516,211.4775,211.4805,67.96617361483754,61.996820759314446,,,
1769722500,211.4805,211.5005,211.465,211.482,68.07321093556763,62.88856408934288,,,
1769722800,211.482,211.515,211.4125,211.429,60.39442506055531,63.50717871954195,,,
1769723100,211.429,211.4855,211.4165,211.4435,61.66836933718773,64.00861866854567,,,
1769723400,211.4435,211.484,211.436,211.4825,64.93533859369549,64.65750953786069,,,
1769723700,211.4825,211.4945,211.409,211.409,55.35930243683666,64.38343459403943,,,
1769724000,211.409,211.4295,211.409,211.4295,57.25279497198193,64.15398326303206,,,
1769724300,211.4295,211.4295,211.2275,211.2575,41.38979906360715,62.56072538629686,,,
1769724600,211.2575,211.3395,211.2505,211.3105,46.32487344158287,61.46177130181185,,,
1769724900,211.3105,211.3755,211.2815,211.2835,44.27939571196238,60.153413119253635,,,
1769725200,211.2835,211.4055,211.2835,211.391,53.14942103181621,59.156536767438986,,,
1769725500,211.391,211.406,211.358,211.406,54.24394454977634,58.14676304951054,,,
1769725800,211.406,211.4355,211.3905,211.4155,54.96159045445842,57.00252963883703,,,
1769726100,211.4155,211.4185,211.247,211.3095,46.245899749618246,55.446038496677424,,,
1769726400,211.3095,211.3755,211.301,211.3665,50.767079664027285,54.21753178590526,,,
1769726700,211.3665,211.39,211.2945,211.329,47.91195435146094,52.77744202989764,,,
1769727000,211.329,211.337,211.315,211.3345,48.37057791196178,51.918595804998105,,,
1769727300,211.3345,211.343,211.2965,211.302,45.80415329123908,50.78543751600177,,,
1769727600,211.302,211.349,211.263,211.2645,42.97109048873856,49.216562651362,,,
1769727900,211.2645,211.267,211.165,211.243,41.390414017998694,48.21878490715928,,,
1769728200,211.243,211.244,211.1985,211.2005,38.384621304019305,46.87105821659053,,,
1769728500,211.2005,211.224,211.1745,211.2035,38.72289986117013,46.68056541641645,,,
1769728800,211.2035,211.245,211.193,211.245,43.35579389794621,46.46848830615669,,,
1769729100,211.245,211.2565,211.147,211.2095,40.53270417370704,46.200867481995594,,,
1769729400,211.2095,211.337,211.1935,211.303,49.8035342241384,45.961875567161464,,,
1769729700,211.303,211.303,211.2385,211.2805,47.86953956462021,45.50656092536459,,,
1769730000,211.2805,211.365,211.2795,211.356,54.28467767617014,45.45821001262971,,,
1769730300,211.356,211.5185,211.356,211.4955,63.27687818993978,46.67470847265268,,,
1769730600,211.4955,211.5085,211.425,211.4575,59.82480826558241,47.32168908704948,,,
1769730900,211.4575,211.484,211.441,211.462,60.1023926250256,48.19243467801838,,,
1769731200,211.462,211.512,211.4235,211.455,59.41468937857273,48.98129978277631,,,
1769731500,211.455,211.5705,211.447,211.5515,65.307921999715,50.374426119096015,,,
1769731800,211.5515,211.567,211.4875,211.5335,63.45697513581712,51.83770359388734,,,
1769732100,211.5335,211.6275,211.533,211.6,67.16006459464127,53.67839292079038,,,
1769732400,211.6,211.6135,211.465,211.586,65.65173248891234,55.62604371971131,,,
1769732700,211.586,211.601,211.5415,211.5935,66.09108955613918,57.580914412209104,,,
1769733000,211.5935,211.636,211.4895,211.583,64.84062131349239,59.115544941890974,,,
1769733300,211.583,211.638,211.583,211.606,66.3428310027524,60.959125429679936,,,
1769733600,211.606,211.6375,211.5355,211.589,64.16078061601684,61.984643029099814,,,
1769733900,211.589,211.6285,211.5265,211.542,58.4380883151865,62.73953936842599,,,
1769734200,211.542,211.6405,211.503,211.556,59.59417292065043,63.118789028746,,,
1769734500,211.556,211.6025,211.4485,211.4905,52.26872837475814,62.33249261337589,,,
1769734800,211.4905,211.655,211.4775,211.623,62.350716206027954,62.512914609122,,,
1769735100,211.623,211.688,211.5915,211.6045,60.43140075846937,62.536415190082266,,,
1769735400,211.6045,211.622,211.5415,211.5825,58.13941860053025,62.44532442022209,,,
1769735700,211.5825,211.6715,211.5715,211.6015,59.56572818720437,62.03516771932847,,,
1769736000,211.6015,211.645,211.534,211.5465,53.84623366123113,61.34868618542947,,,
1769736300,211.5465,211.6055,211.4915,211.538,52.99925613468328,60.33719986686104,,,
1769736600,211.538,211.626,211.5165,211.593,57.64205514660574,59.765080056696284,,,
1769736900,211.593,211.6175,211.49,211.49,48.06626266410137,58.47759242155073,,,
1769737200,211.49,211.5095,211.4575,211.4595,45.647995500662056,57.10669057777714,,,
1769737500,211.4595,211.4605,211.4045,211.45,44.890419794198756,55.574375491451875,,,
1769737800,211.45,211.6235,211.44,211.6095,57.610376940664274,55.10648951464098,,,
1769738100,211.6095,211.6185,211.544,211.5875,55.70067461372586,54.910959964536644,,,
1769738400,211.5875,211.6815,211.5175,211.592,56.02180167888467,54.65579059012481,,,
1769738700,211.592,211.727,211.571,211.6975,62.82555977948957,55.40984997617706,,,
1769739000,211.6975,211.759,211.663,211.7,62.971749506943446,55.454209497671016,,,
1769739300,211.7,211.7165,211.5195,211.5935,53.347239042921586,54.94819794656046,,,
1769739600,211.5935,211.6055,211.309,211.3875,40.464474023542245,53.685701905347024,,,
1769739900,211.3875,211.447,211.349,211.3805,40.1100154624791,52.296008139295225,,,
1769740200,211.3805,211.497,211.3405,211.466,46.29781562963223,51.756835422752445,,,
1769740500,211.466,211.7115,211.456,211.658,57.03354192028581,52.04499869315263,,,
1769740800,211.658,211.721,211.5865,211.593,53.159060459505156,51.72478478693115,,,
1769741100,211.593,211.8015,211.5765,211.7865,61.536072940486214,52.68691409238721,,,
1769741400,211.7865,211.8005,211.7185,211.7535,59.57914215870277,53.68199599653298,,,
1769741700,211.7535,211.7545,211.654,211.6725,54.95914785626667,54.40119085810926,,,
1769742000,211.6725,211.714,211.6425,211.659,54.20471997131651,54.15792964601299,,,
1769742300,211.659,211.659,211.5775,211.6215,52.0666611301274,53.89835725432739,,,
1769742600,211.6215,211.6405,211.549,211.5725,49.328673506049135,53.42027667055343,,,
1769742900,211.5725,211.5935,211.532,211.555,48.350757208438914,52.38636220119266,,,
1769743200,211.555,211.627,211.553,211.627,52.52119067688383,51.63989371333126,,,
1769743500,211.627,211.6745,211.5915,211.63,52.69259422707867,51.59313336934248,,,
1769743800,211.63,211.776,211.6035,211.77,59.95753761582258,52.98549505450536,,,
1769744100,211.77,211.795,211.717,211.769,59.886793420842885,54.398122051531345,,,
1769744400,211.769,211.775,211.655,211.6555,52.338499040830044,54.82959943804547,,,
1769744700,211.6555,211.726,211.6355,211.6885,54.14808015687384,54.62349502637319,,,
1769745000,211.6885,211.703,211.6545,211.6855,53.9475525893351,54.67981589278961,,,
1769745300,211.6855,211.7795,211.684,211.7385,56.97874429084976,54.354292417815586,,,
1769745600,211.7385,211.83,211.7355,211.818,61.11337634698146,54.463880574121205,,,
1769745900,211.818,211.8675,211.7835,211.812,60.63970223442593,54.86963445827545,,,
1769746200,211.812,211.9155,211.8115,211.8475,62.49207422757687,55.46158833372261,,,
1769746500,211.8475,211.865,211.76,211.777,56.7774083535862,55.79807027825539,,,
1769746800,211.777,211.799,211.7375,211.7405,54.02297160802255,56.1333772855392,,,
1769747100,211.7405,211.7445,211.69,211.7025,51.236150163035774,56.33947678229612,,,
1769747400,211.7025,211.7265,211.6775,211.7155,52.14563748325674,56.3126515541799,,,
1769747700,211.7155,211.7265,211.651,211.6875,49.98330250619743,56.11913071697409,,,
1769748000,211.6875,211.706,211.612,211.616,44.86691007978495,55.04122875011426,,,
1769748300,211.616,211.6805,211.611,211.639,46.75500644535366,54.103243966150735,,,
1769748600,211.639,211.677,211.6275,211.665,48.88599882693974,53.856636808015715,,,
1769748900,211.665,211.689,211.638,211.688,50.76328865603475,53.61486598652721,,,
1769749200,211.688,211.8485,211.686,211.8355,60.725412724681036,54.09899885333764,,,
1769749500,211.8355,211.8545,211.791,211.802,57.86193799802255,54.16208411813569,,,
1769749800,211.802,211.8115,211.6245,211.6735,48.42855633218175,53.25602554565,,,
1769750100,211.6735,211.7235,211.631,211.721,51.57159525377851,52.60830361846089,,,
1769750400,211.721,211.7255,211.664,211.6715,48.27006965994772,51.59244614934453,,,
1769750700,211.6715,211.7535,211.6565,211.6895,49.53522665012592,51.075147456240224,,,
1769751000,211.6895,211.732,211.646,211.664,47.75342478854948,50.62732268342072,,,
1769751300,211.664,211.841,211.6575,211.8155,57.52813190275355,51.07674995054341,,,
1769751600,211.8155,211.8995,211.7725,211.841,58.921211040392706,51.56071949033884,,,
1769751900,211.841,211.8455,211.75,211.7615,53.076193422721815,51.78164027009058,,,
1769752200,211.7615,211.7775,211.713,211.724,50.52988340566267,52.18613836479613,,,
1769752500,211.724,211.776,211.7195,211.73,50.935470210661954,52.484742919461006,,,
1769752800,211.73,211.751,211.6545,211.707,49.26796657016887,52.51202632969166,,,
1769753100,211.707,211.7355,211.683,211.7105,49.538692504985946,52.42455517604532,,,
1769753400,211.7105,211.7225,211.6315,211.65,45.06225499222745,51.305758195155775,,,
1769753700,211.65,211.67,211.5745,211.6105,42.37025258473786,50.19920923706401,,,
1769754000,211.6105,211.6115,211.5265,211.5455,38.31403402280953,49.47674335782314,,,
1769754300,211.5455,211.6305,211.5455,211.575,41.071311137262605,48.72672306378629,,,
1769754600,211.575,211.6145,211.5105,211.561,40.15400640667562,48.147004259981145,,,
1769754900,211.561,211.7245,211.5565,211.7085,52.25345736049283,48.341163596435926,,,
1769755200,211.7085,211.7535,211.663,211.687,50.646116969220444,48.547784466483854,,,
1769755500,211.687,211.6965,211.6155,211.623,46.10019680547849,47.73150338810706,,,
1769755800,211.623,211.6455,211.5785,211.618,45.75466680447649,46.791035942684466,,,
1769756100,211.618,211.6645,211.5635,211.635,47.20360821724489,46.37156557086469,,,
1769756400,211.635,211.69,211.59,211.6595,49.305224825748425,46.28408995801367,,,
1769756700,211.6595,211.7965,211.635,211.7955,59.04979770206268,46.863684778828016,,,
1769757000,211.7955,211.8825,211.748,211.8035,59.54244376342857,47.597576006918,,,
1769757300,211.8035,211.8275,211.6975,211.725,52.82666321826717,47.83243105786666,,,
1769757600,211.725,211.7855,211.7095,211.752,54.71844050629362,48.522158594585676,,,
1769757900,211.752,211.7655,211.644,211.6785,48.96215658241918,48.99300888013433,,,
1769758200,211.6785,211.821,211.671,211.819,58.04747699827992,50.40254052123937,,,
1769758500,211.819,211.845,211.785,211.786,55.54640502960519,51.43647579926384,,,
1769758800,211.786,211.787,211.6455,211.696,49.30672587765127,52.090241475762106,,,
1769759100,211.696,211.7415,211.627,211.7415,52.22838659685806,52.08845070693105,,,
1769759400,211.7415,211.7965,211.71,211.7205,50.77389081537136,52.09757741022754,,,
1769759700,211.7205,211.8955,211.7185,211.785,54.92589752674834,52.727984604603954,,,
1769760000,211.785,211.9445,211.718,211.929,62.52542680214569,53.9258960330089,,,
1769760300,211.929,211.9355,211.8255,211.9075,60.87513703155843,54.902433805459864,,,
1769760600,211.9075,211.9125,211.7495,211.781,52.153057095158786,55.105850396132034,,,
1769760900,211.781,211.8055,211.6815,211.7745,51.74281738419434,54.58392323057,,,
1769761200,211.7745,211.9375,211.771,211.8985,58.45640970083317,54.506349368956045,,,
1769761500,211.8985,211.9015,211.7465,211.796,52.01463645748106,54.44834745747132,,,
1769761800,211.796,211.871,211.754,211.7955,51.984542566448724,54.253069033196695,,,
1769762100,211.7955,211.8345,211.609,211.7165,47.32556758577455,54.136169819150645,,,
1769762400,211.7165,211.8115,211.7105,211.8105,52.75167082370957,53.757897949538474,,,
1769762700,211.8105,211.963,211.7755,211.9605,59.85786046020735,54.06585905172435,,,
1769763000,211.9605,211.9625,211.863,211.9235,57.558256152111284,54.655254071328635,,,
1769763300,211.9235,211.949,211.8085,211.896,55.841131639260304,54.91330728864308,,,
1769763600,211.896,212.0015,211.8945,211.979,59.74458136113729,55.554070899054935,,,
1769763900,211.979,211.9895,211.853,211.8715,53.186898958554806,55.42985671561254,,,
1769764200,211.8715,211.9255,211.845,211.8575,52.38054426434657,54.70522224862689,,,
1769764500,211.8575,211.924,211.822,211.8885,54.04204480815311,54.21714423266936,,,
1769764800,211.8885,211.941,211.8025,211.8825,53.6518557838665,54.32420128186277,,,
1769765100,211.8825,211.9975,211.866,211.9665,58.20187088340824,54.78556224609234,,,
1769765400,211.9665,211.9865,211.914,211.9465,56.772792218426,54.665303854491825,,,
1769765700,211.9465,211.954,211.7865,211.845,50.0555343286184,54.52536798814449,,,
1769766000,211.845,211.854,211.701,211.73,43.74080143244776,53.93652933571585,,,
1769766300,211.73,211.78,211.61,211.752,45.16595828545158,53.78227152854993,,,
1769766600,211.752,211.778,211.643,211.761,45.771165238626146,53.283663986758256,,,
1769766900,211.761,211.891,211.7345,211.884,53.34925161973547,52.81876335529598,,,
1769767200,211.884,212.048,211.7875,211.8295,50.01422793905365,52.27990419722044,,,
1769767500,211.8295,211.9365,211.798,211.9325,55.656176626632266,52.26669312488986,,,
1769767800,211.9325,211.953,211.8605,211.9365,55.86451920740268,51.98954582819453,,,
1769768100,211.9365,211.9375,211.823,211.851,50.412312300833285,51.79136106692871,,,
1769768400,211.851,211.902,211.821,211.875,51.83337198126119,51.752277332422615,,,
1769768700,211.875,211.8775,211.7855,211.8465,50.00091123244997,51.4636249341581,,,
1769769000,211.8465,211.957,211.8435,211.9315,55.099343545515524,51.567016917133024,,,
1769769300,211.9315,211.963,211.8235,211.853,50.025878135359484,50.98301743512955,,,
1769769600,211.853,211.9445,211.842,211.9345,54.690536425712466,50.83428487850715,,,
1769769900,211.9345,211.979,211.8805,211.9215,53.82746054186693,51.10370817945347,,,
1769770200,211.9215,211.979,211.9125,211.9445,55.17525538247893,51.920454890169985,,,
1769770500,211.9445,211.9625,211.911,211.954,55.74981561791928,52.676444699631965,,,
1769770800,211.954,211.9645,211.859,211.9055,52.07962668748289,53.12704908883602,,,
1769771100,211.9055,211.9105,211.848,211.8745,49.82190724424924,52.875095919158426,,,
1769771400,211.8745,212.0015,211.871,211.9695,56.102346399751724,53.309961523494,,,
1769771700,211.9695,212.022,211.9285,212.022,59.145580019921674,53.55920462301468,,,
1769772000,212.022,212.0585,211.9545,211.9545,53.965468706642056,53.42355815867463,,,
1769772300,211.9545,211.9775,211.9055,211.9655,54.66233513156092,53.72713121801231,,,
1769772600,211.9655,212.0235,211.962,211.9895,56.21955254265177,54.04042982954021,,,
1769772900,211.9895,212.0565,211.969,212.0415,59.46792435177019,54.716645052348795,,,
1769773200,212.0415,212.0785,211.997,211.9995,55.86265482037138,54.77116728626707,,,
1769773500,211.9995,211.9995,211.9155,211.98,54.21912544616558,55.07068495132465,,,
1769773800,211.98,212.124,211.975,212.0955,61.45310611247764,55.553725643236454,,,
1769774100,212.0955,212.108,211.997,212.005,54.22324371767193,55.58199587007966,,,
1769774400,212.005,212.103,211.9905,212.066,57.824945755321856,55.771259468139874,,,
1769774700,212.066,212.0935,212.0055,212.019,54.28118195088878,55.66635706335198,,,
1769775000,212.019,212.1095,212.015,212.068,57.22443875019126,56.03384363925972,,,
1769775300,212.068,212.087,212.0045,212.033,54.524336570641616,56.369731448287745,,,
1769775600,212.033,212.1025,211.956,212.1025,58.692362903333205,56.554732627114994,,,
1769775900,212.1025,212.1045,211.9565,212.003,51.42541311744911,56.003292134081235,,,
1769776200,212.003,212.0565,211.9945,212.0555,54.61822237836024,56.04991739634682,,,
1769776500,212.0555,212.113,212.0495,212.0995,57.15974490515247,56.22830380874621,,,
1769776800,212.0995,212.102,212.0365,212.0385,52.74921938791184,55.98042286912193,,,
1769777100,212.0385,212.0575,211.9735,211.977,48.67160901914727,55.2092574882203,,,
1769777400,211.977,212.0165,211.94,211.9695,48.182450744000064,54.66067148276521,,,
1769777700,211.9695,212.003,211.945,211.989,49.60071166555278,54.330784784150005,,,
1769778000,211.989,212.0195,211.9265,211.9995,50.38812770303812,53.54042918347575,,,
1769778300,211.9995,212.026,211.945,211.9595,47.35296218780408,53.04969478848519,,,
1769778600,211.9595,212.0855,211.945,212.036,53.16359982794563,52.71674150795832,,,
1769778900,212.036,212.036,211.945,211.945,46.57800010470657,52.16651423323101,,,
1769779200,211.945,211.9755,211.8985,211.8985,43.605521874429265,51.19373445639087,,,
1769779500,211.8985,211.9385,211.859,211.932,46.2660225372598,50.603854882577885,,,
1769779800,211.932,212.023,211.901,212.0085,51.85208267682598,50.115263437827366,,,
1769780100,212.0085,212.0375,211.929,212.0135,52.20183538929516,50.170722171530656,,,
1769780400,212.0135,212.0725,211.9975,212.0435,54.34477534799077,50.15119024078997,,,
1769780700,212.0435,212.055,211.9605,211.9605,47.9408529554016,49.492697958664905,,,
1769781000,211.9605,212.0835,211.9515,212.0635,55.02381187448338,49.65516885056287,,,
1769781300,212.0635,212.1715,212.053,212.169,60.892930249928774,50.52812036704727,,,
1769781600,212.169,212.2255,212.082,212.161,60.25087003843262,51.39015031664959,,,
1769781900,212.161,212.182,212.08,212.0855,54.419081846022245,51.73431961525455,,,
1769782200,212.0855,212.123,212.0365,212.122,56.60583782934223,52.178441767133414,,,
1769782500,212.122,212.227,212.102,212.1985,60.845684441520675,53.14220764239889,,,
1769782800,212.1985,212.248,212.1575,212.2335,62.64401815325541,53.81938037992102,,,
1769783100,212.2335,212.2945,212.2155,212.2935,65.5639447525914,55.175519283341366,,,
1769783400,212.2935,212.369,212.261,212.3095,66.31997232406422,56.79798002974386,,,
1769783700,212.3095,212.3095,212.1615,212.294,64.8349605803783,58.12433274710946,,,
1769784000,212.294,212.324,212.2465,212.2585,61.44160447058973,58.80929858952116,,,
1769784300,212.2585,212.441,212.223,212.3645,66.99613310200898,59.866034140429306,,,
1769784600,212.3645,212.4655,212.316,212.324,63.24723495911951,60.50192411265279,,,
1769784900,212.324,212.324,212.2075,212.225,55.126763331412825,61.015203425225025,,,
1769785200,212.225,212.2955,212.1935,212.2565,57.01775179685818,61.15762770539465,,,
1769785500,212.2565,212.425,212.2365,212.41,64.8017843128835,61.43683156703428,,,
1769785800,212.41,212.4375,212.331,212.341,59.5786458818983,61.38881555585326,,,
1769786100,212.341,212.4175,212.3085,212.4045,62.568762172528714,61.97093557917515,,,
1769786400,212.4045,212.4695,212.305,212.3135,56.15758214401921,61.938917315937786,,,
1769786700,212.3135,212.401,212.2785,212.3055,55.618035086032044,61.56551379054575,,,
1769787000,212.3055,212.323,212.248,212.2885,54.421474077921026,60.978189213736144,,,
1769787300,212.2885,212.378,212.217,212.3765,59.30244236393614,60.53093904311792,,,
1769787600,212.3765,212.3775,212.2115,212.2185,49.129488958224464,59.303047374129356,,,
1769787900,212.2185,212.2225,211.99,212.002,39.205122586197916,57.47234466025934,,,
1769788200,212.002,212.1405,211.899,211.936,36.7668214232941,55.70986015688107,,,
1769788500,211.936,211.936,211.5925,211.5955,27.324890416656487,52.87619996507018,,,
1769788800,211.5955,211.768,211.5845,211.7,33.0107207931714,50.71644895321674,,,
1769789100,211.7,211.7225,211.622,211.6285,31.211449789200557,49.00821227163015,,,
1769789400,211.6285,211.705,211.5455,211.665,33.212724946562105,47.30785321089472,,,
1769789700,211.665,211.6765,211.559,211.5875,31.14106875279694,44.90351638517425,,,
1769790000,211.5875,211.733,211.5875,211.7305,38.734657266887076,43.41466005553059,,,
1769790300,211.7305,211.7455,211.6495,211.729,38.686464071343906,41.708781619731674,,,
1769790600,211.729,211.7815,211.691,211.6945,37.529883888848175,40.37823174436232,,,
1769790900,211.6945,211.736,211.648,211.695,37.55901935809602,39.08830204950975,,,
1769791200,211.695,211.8295,211.688,211.7715,42.01498269882438,38.20212409385998,,,
1769791500,211.7715,211.789,211.733,211.7635,41.6800072978189,36.943378731994464,,,
1769791800,211.7635,211.836,211.7165,211.7485,41.01963855097037,36.36410370290488,,,
1769792100,211.7485,211.8815,211.7465,211.861,47.71100707658057,36.97166688078936,,,
1769792400,211.861,211.8635,211.8015,211.8035,44.90674194135181,37.55308977493633,,,
1769792700,211.8035,211.821,211.661,211.734,41.715227946282376,38.58097102705248,,,
1769793000,211.734,211.767,211.6085,211.6825,39.47635543475247,39.042802072879695,,,
1769793300,211.6825,211.776,211.645,211.699,40.57676021351591,39.71175281747365,,,
1769793600,211.699,211.815,211.696,211.7975,46.79563265167691,40.681960510696136,,,
1769793900,211.7975,211.8605,211.768,211.769,45.317825716536476,41.69458600810611,,,
1769794200,211.769,211.791,211.6895,211.731,43.35200033301336,42.024396227115126,,,
1769794500,211.731,211.755,211.703,211.7385,43.86953195077883,42.39461536136047,,,
1769794800,211.7385,211.8305,211.7255,211.8,48.0599130011078,43.14676029795044,,,
1769795100,211.8,211.8925,211.783,211.831,50.08282107640055,44.04131756354362,,,
1769795400,211.831,211.831,211.7175,211.722,43.6460520029162,44.1578225138359,,,
1769795700,211.722,211.783,211.719,211.7325,44.387530919112535,44.35121705821401,,,
1769796000,211.7325,211.778,211.7005,211.7345,44.537223902241294,44.60247315473337,,,
1769796300,211.7345,211.7555,211.66,211.716,43.37420386153519,44.29270149651584,,,
1769796600,211.716,211.779,211.705,211.729,44.4715308564289,44.261614990449914,,,
1769796900,211.729,211.733,211.621,211.6405,38.93936481054621,44.063339052183046,,,
1769797200,211.6405,211.6505,211.581,211.604,36.900539038437046,43.87935216673195,,,
1769797500,211.604,211.7,211.573,211.616,38.04899065483841,43.69879719825499,,,
1769797800,211.616,211.646,211.5085,211.5215,32.961239771032155,42.71062627820893,,,
1769798100,211.5215,211.568,211.502,211.568,37.39714887451748,42.144863646636146,,,
1769798400,211.568,211.707,211.5375,211.6915,47.35976066268339,42.43113224161258,,,
1769798700,211.6915,211.7275,211.658,211.675,46.299632650874926,42.60471086304801,,,
1769799000,211.675,211.705,211.5325,211.675,46.29963265087493,42.478976552317086,,,
1769799300,211.675,211.746,211.6495,211.701,48.410070261651626,42.35949435126359,,,
1769799600,211.701,211.796,211.701,211.762,53.0700743524198,43.03263880479956,,,
1769799900,211.762,211.802,211.718,211.7945,55.38248494313399,43.81799266365823,,,
1769800200,211.7945,211.8325,211.773,211.801,55.85102890907479,44.626121592717766,,,
1769800500,211.801,211.841,211.776,211.8275,57.796867697596475,45.65631186672214,,,
1769800800,211.8275,211.8495,211.7985,211.828,57.834629351357485,46.61081890207418,,,
1769801100,211.828,211.8435,211.799,211.8005,54.92381575420091,47.75256539804952,,,
1769801400,211.8005,211.8455,211.77,211.794,54.22907309619778,48.99031783074672,,,
1769801700,211.794,211.8295,211.7515,211.763,50.920870456547654,49.90973781658308,,,
1769802000,211.763,211.7785,211.737,211.7385,48.407471696079256,51.01304009694359,,,
1769802300,211.7385,211.7535,211.6505,211.6525,40.79553362827476,51.2557818650691,,,
1769802600,211.6525,211.801,211.638,211.801,54.190725658770305,51.74370793621818,,,
1769802900,211.801,211.803,211.687,211.687,45.65159747000166,51.69741970901294,,,
1769803200,211.687,211.748,211.6665,211.744,49.902302964010595,51.95475330280835,,,
1769803500,211.744,211.7705,211.7205,211.7495,50.306179974542424,52.09018971087198,,,
1769803800,211.7495,211.8065,211.73,211.735,49.18050160507256,51.81236308606146,,,
1769804100,211.735,211.735,211.656,211.673,44.58636966336027,51.04121199464905,,,
1769804400,211.673,211.685,211.6295,211.6295,41.64685916877291,50.02662844177035,,,
1769804700,211.6295,211.683,211.6295,211.669,45.18109695251036,49.12550195997848,,,
1769805000,211.669,211.7375,211.667,211.697,47.60367605399807,48.394719581595666,,,
1769805300,211.697,211.71,211.631,211.6785,46.152431534322034,47.7681921373186,,,
1769805600,211.6785,211.7115,211.6435,211.6975,47.90886020561313,47.3167483594197,,,
1769805900,211.6975,211.7505,211.6785,211.716,49.63162186647738,47.22465917441468,,,
1769806200,211.716,211.783,211.711,211.743,52.12041300984986,47.48986926825544,,,
1769806500,211.743,211.814,211.7375,211.767,54.282842078402,48.45324844326452,,,
1769806800,211.767,211.7735,211.7225,211.7415,51.6154619239071,48.269301033631436,,,
1769807100,211.7415,211.7735,211.7105,211.7735,54.62846966106029,48.91050619013562,,,
1769807400,211.7735,211.7925,211.7475,211.7525,52.32563806106333,49.083601554210816,,,
1769807700,211.7525,211.812,211.7495,211.8115,57.71840782326537,49.61304640054817,,,
1769808000,211.8115,211.8225,211.756,211.7755,53.72504346231616,49.93765653320843,,,
1769808300,211.7755,211.8045,211.733,211.758,51.84715515313117,50.45628406819207,,,
1769808600,211.758,211.7645,211.741,211.7445,50.38407972537348,51.08037125080639,,,
1769808900,211.7445,211.8055,211.709,211.8025,56.113977974801436,51.86129132382718,,,
1769809200,211.8025,211.8675,211.7925,211.812,56.9901197479561,52.531751587681335,,,
1769809500,211.812,211.8385,211.767,211.7815,53.3103501807597,53.04303149099831,,,
1769809800,211.7815,211.8375,211.778,211.7995,55.15083713757053,53.56031555756669,,,
1769810100,211.7995,211.8545,211.7905,211.81,56.23462494106696,54.03195863432308,,,
1769983200,211.81,211.81,211.81,211.81,56.23462494106697,54.32583091512431,,,
1769983500,211.81,212.0735,211.81,212.0435,73.03829685572234,55.66550625636148,,,
1769983800,212.0435,212.0875,212.0295,212.0515,73.41491340821848,57.222609933812286,,,
1769984100,212.0515,212.221,212.0355,212.1455,77.40816081904276,58.84973073081103,,,
1769984400,212.1455,212.437,212.1455,212.4185,84.62924962342723,61.157131556694175,,,
1769984700,212.4185,212.7805,212.4185,212.75,89.16011635056991,63.40296788007307,,,
1769985000,212.75,212.819,212.5645,212.6395,80.62837725495686,65.3246345795474,,,
1769985300,212.6395,212.6725,212.5845,212.5845,76.69453920404848,67.0994477260415,,,
1769985600,212.5845,212.5965,212.5495,212.5705,75.68232356200214,68.90646514294355,,,
1769985900,212.5705,212.68,212.558,212.616,76.75603329719303,70.38089766597152,,,
1769986200,212.616,212.6165,212.564,212.591,74.8017396998965,71.65315623396725,,,
1769986500,212.591,212.7825,212.4235,212.4485,64.69104508918156,72.46606301314024,,,
1769986800,212.4485,212.64,212.4485,212.636,70.36674849380552,73.55291382429989,,,
1769987100,212.636,212.678,212.5395,212.5405,64.66520706238444,74.15509826153685,,,
1769987400,212.5405,212.5485,212.4445,212.4615,60.31174187820173,74.44632089990361,,,
1769987700,212.4615,212.512,212.3315,212.3865,56.4277694201548,73.25985465450593,,,
1769988000,212.3865,212.4765,212.3825,212.4165,57.60387183327734,72.13049454201014,,,
1769988300,212.4165,212.462,212.367,212.418,57.665401629888244,70.72029745707052,,,
1769988600,212.418,212.437,212.2745,212.3335,52.999049607659956,68.4609974559443,,,
1769988900,212.3335,212.394,212.269,212.333,52.97173440992755,65.87611303161269,,,
1769989200,212.333,212.4065,212.3,212.312,51.76501422206513,63.814444243549,,,
1769989500,212.312,212.323,212.2505,212.2915,50.55430519358006,61.94728467137268,,,
1769989800,212.2915,212.378,212.2035,212.271,49.312244280034065,60.06370757980353,,,
1769990100,212.271,212.331,212.2225,212.2895,50.49431211346049,58.18787035239406,,,
1769990400,212.2895,212.304,212.057,212.12,41.04885391324585,55.77694993906187,,,
1769990700,212.12,212.235,212.087,212.1545,43.37081510442088,54.254076368721826,,,
1769991000,212.1545,212.275,212.1235,212.2045,46.65047531598455,52.56005685602033,,,
1769991300,212.2045,212.3035,212.1825,212.2365,48.69826454654129,51.41956096203154,,,
1769991600,212.2365,212.423,212.2115,212.3205,53.72008565495518,50.94872837465679,,,
1769991900,212.3205,212.386,212.2645,212.338,54.714644330358894,50.82636229681422,,,
1769992200,212.338,212.4385,212.29,212.4335,59.79265144095643,50.98270369736273,,,
1769992500,212.4335,212.47,212.3665,212.3665,55.12260331344057,50.80107524618789,,,
1769992800,212.3665,212.5485,212.362,212.5125,62.07401689085127,51.44928719498727,,,
1769993100,212.5125,212.575,212.4905,212.536,63.06570471020597,52.17028507357859,,,
1769993400,212.536,212.6365,212.4805,212.6205,66.46159794936118,53.22004105409974,,,
1769993700,212.6205,212.6825,212.589,212.6755,68.49223573294287,54.50132180691137,,,
1769994000,212.6755,212.685,212.6015,212.613,63.7673584414094,55.53382996129532,,,
1769994300,212.613,212.6185,212.4835,212.4945,55.89435952348549,55.91954763343996,,,
1769994600,212.4945,212.555,212.426,212.542,58.12610697192013,57.13935142334527,,,
1769994900,212.542,212.5795,212.4075,212.4155,50.75976145327158,57.66713330540603,,,
1769995200,212.4155,212.539,212.415,212.4585,52.94283910372717,58.11658786167337,,,
1769995500,212.4585,212.4945,212.4195,212.4665,53.357163213726345,58.44936633790087,,,
1769995800,212.4665,212.476,212.3305,212.4205,50.5984640295024,58.22639336465424,,,
1769996100,212.4205,212.4835,212.406,212.4265,50.95465874939316,57.957822966013836,,,
1769996400,212.4265,212.4275,212.338,212.3825,48.20951017991416,57.13045573308225,,,
1769996700,212.3825,212.4345,212.369,212.3765,47.83108895940505,56.609633279222564,,,
1769997000,212.3765,212.3825,212.3265,212.3485,46.01581834490295,55.462619097369114,,,
1769997300,212.3485,212.384,212.2675,212.303,43.14999196042575,54.040068186670524,,,
1769997600,212.303,212.361,212.272,212.353,47.0523968151198,52.65369667708186,,,
1769997900,212.353,212.37,212.2755,212.281,42.5255207118549,50.798931318432714,,,
1769998200,212.281,212.2945,212.169,212.288,43.098698411475866,49.32259845915174,,,
1769998500,212.288,212.3145,212.1925,212.2085,38.413270153716304,48.07394921845395,,,
1769998800,212.2085,212.274,212.0665,212.1495,35.342469684049306,46.44654655503461,,,
1769999100,212.1495,212.2475,212.1455,212.223,41.6052103315397,45.792650046339475,,,
1769999400,212.223,212.302,212.211,212.2135,41.05173561338678,44.94328551131515,,,
1769999700,212.2135,212.2605,212.1725,212.2605,44.9533126848825,44.343010473540595,,,
1770000000,212.2605,212.3085,212.2165,212.222,42.47341424181858,43.762649774420325,,,
1770000300,212.222,212.224,212.1505,212.1555,38.52056341982064,42.87450010802229,,,
1770000600,212.1555,212.2345,212.143,212.2345,45.06177240851525,42.649661695779514,,,
1770000900,212.2345,212.28,212.216,212.27,47.751969008964515,42.64401027074804,,,
1770001200,212.27,212.3225,212.2485,212.252,46.50840078265982,42.67919473058782,,,
1770001500,212.252,212.29,212.1945,212.211,43.7157761676568,42.71960788824718,,,
1770001800,212.211,212.225,212.1315,212.175,41.36701597977492,42.31350925715111,,,
1770002100,212.175,212.192,212.1125,212.173,41.23446801690456,42.221291207511804,,,
1770002400,212.173,212.1995,212.139,212.1855,42.475090110757705,42.1767477574605,,,
1770002700,212.1855,212.2205,212.16,212.202,44.151150583310475,42.586596359574365,,,
1770003000,212.202,212.221,212.1345,212.1775,42.185684037763195,43.075397384839654,,,
1770003300,212.1775,212.2145,212.082,212.1835,42.85658691767639,43.164781426706554,,,
1770003600,212.1835,212.2115,212.0745,212.1025,36.66996943670815,42.851798128372366,,,
1770003900,212.1025,212.147,212.043,212.133,40.17215038016771,42.51028653517846,,,
1770004200,212.133,212.1365,212.0225,212.059,35.10040365368312,41.98364292174021,,,
1770004500,212.059,212.1025,212.0325,212.073,36.727920838763524,41.85559702309327,,,
1770004800,212.073,212.0775,211.9155,211.9155,28.16940487477177,40.6489993421116,,,
1770005100,211.9155,211.922,211.8055,211.9075,27.814858468184283,39.22492001777015,,,
1770005400,211.9075,211.9105,211.7885,211.82,24.223670653910744,37.633153580002364,,,
1770005700,211.82,211.8895,211.803,211.889,31.71116782296339,36.775681555381404,,,
1770006000,211.889,211.936,211.8565,211.893,32.12984331847815,36.11588350814592,,,
1770006300,211.893,211.9295,211.869,211.886,31.76284006269367,35.43933865427371,,,
1770006600,211.886,211.8955,211.842,211.862,30.477441810284574,34.58236377566848,,,
1770006900,211.862,211.89,211.811,211.874,31.960085602682938,33.71157341990937,,,
1770007200,211.874,211.945,211.874,211.9125,36.629499618296094,33.314703104233146,,,
1770007500,211.9125,211.9535,211.909,211.9305,38.74605269418494,33.0210935168409,,,
1770007800,211.9305,211.9455,211.872,211.9375,39.591046562031174,33.2297418829354,,,
1770008100,211.9375,211.963,211.8415,211.8595,33.968010888511614,32.78658906210282,,,
1770008400,211.8595,211.941,211.852,211.93,41.987953176501264,33.27855688516126,,,
1770008700,211.93,211.9515,211.865,211.87,37.78213777273335,33.35385809473054,,,
1770009000,211.87,211.8755,211.74,211.831,35.30654735589647,33.86365398623944,,,
1770009300,211.831,211.8735,211.789,211.795,33.14748387988358,34.244555801360825,,,
1770009600,211.795,211.8285,211.768,211.789,32.787607517788516,34.85626557735209,,,
1770009900,211.789,211.854,211.777,211.802,34.44820407588857,35.05176816684675,,,
1770010200,211.802,211.8685,211.782,211.836,38.713047149823836,35.52199701194287,,,
1770010500,211.836,211.875,211.729,211.7945,35.66310581103943,35.800587422538996,,,
1770010800,211.7945,211.7945,211.64,211.641,27.14461315737978,35.562528233045796,,,
1770011100,211.641,211.6985,211.596,211.674,30.96246533312761,35.49126964236327,,,
1770011400,211.674,211.7315,211.6395,211.7265,36.65012076903399,35.4927425817017,,,
1770011700,211.7265,211.7855,211.714,211.773,41.26562042183075,35.672711705104966,,,
1770012000,211.773,211.883,211.7005,211.8665,49.26925915452466,36.364012604568785,,,
1770012300,211.8665,211.871,211.678,211.68,38.1129693771107,36.66008106804015,,,
1770012600,211.68,211.6925,211.569,211.572,33.39690639555231,36.04643486940093,,,
1770012900,211.572,211.6385,211.5185,211.6155,36.78960662611396,35.97553978749955,,,
1770013200,211.6155,211.663,211.502,211.579,35.17070502903201,35.96583676415209,,,
1770013500,211.579,211.6405,211.5405,211.579,35.17070502903201,36.110352560519836,,,
1770013800,211.579,211.627,211.5,211.519,32.44851819612737,36.086131894686886,,,
1770014100,211.519,211.558,211.2995,211.321,25.44851898601489,35.4432972454102,,,
1770014400,211.321,211.4385,211.2945,211.394,31.330322132854675,34.91595974419811,,,
1770014700,211.394,211.413,211.3265,211.392,31.257560721851135,34.601277952113236,,,
1770015000,211.392,211.422,211.36,211.3995,31.896298961675186,34.94068408099148,,,
1770015300,211.3995,211.458,211.3365,211.423,33.96668976386671,35.15527154032999,,,
1770015600,211.423,211.646,211.402,211.623,48.35621582157954,35.991421186940386,,,
1770015900,211.623,211.7615,211.6145,211.7495,55.03106204948902,36.9746670174874,,,
1770016200,211.7495,211.829,211.7105,211.8285,58.62737543078525,37.64310389436316,,,
1770016500,211.8285,211.829,211.7315,211.765,54.83154585307537,38.83728792836064,,,
1770016800,211.765,211.8115,211.738,211.788,55.94416988423886,40.44780674898111,,,
1770017100,211.788,211.8325,211.732,211.778,55.30628175884348,41.770426401318936,,,
1770017400,211.778,211.7975,211.6065,211.6675,48.69854637233479,42.73670078298341,,,
1770017700,211.6675,211.778,211.625,211.757,53.54027310588243,44.04881278847273,,,
1770018000,211.757,211.8115,211.7385,211.807,56.03655687938001,45.73367269441935,,,
1770018300,211.807,211.8865,211.797,211.797,55.39548555115364,47.8727417347864,,,
1770018600,211.797,211.9115,211.7635,211.9105,60.86756427279793,49.982544744782345,,,
1770018900,211.9105,211.969,211.8785,211.906,60.55039446951895,52.074890012472906,,,
1770019200,211.906,212.037,211.886,212.029,65.79667508741872,54.49634545002605,,,
1770019500,212.029,212.031,211.829,211.8815,56.152794610406225,56.08106722477886,,,
1770019800,211.8815,211.9645,211.8505,211.9645,59.72967003564629,56.89345681149792,,,
1770020100,211.9645,212.121,211.954,212.117,65.32643231587967,57.62884040195439,,,
1770020400,212.117,212.2155,212.0895,212.182,67.40575006391202,58.25586716146345,,,
1770020700,212.182,212.271,212.1685,212.1985,67.93147262924754,59.191576216904316,,,
1770021000,212.1985,212.257,212.1785,212.2335,69.07106460333294,60.12921155398247,,,
1770021300,212.2335,212.246,212.1095,212.147,63.102753894775574,60.68610242083476,,,
1770021600,212.147,212.231,212.1385,212.231,66.16066564613185,61.933396654677416,,,
1770021900,212.231,212.232,212.1155,212.118,59.06861798447901,62.32827843172003,,,
1770022200,212.118,212.1965,212.1,212.1345,59.74713195360901,62.593319508450676,,,
1770022500,212.1345,212.2175,212.123,212.1935,62.16246995529619,63.076675537317996,,,
1770022800,212.1935,212.219,211.9795,212.0165,52.068498408366416,62.44817083271574,,,
1770023100,212.0165,212.0715,212,212.069,54.43204450966084,62.011145835583015,,,
1770023400,212.069,212.181,212.023,212.0465,53.22079858740851,61.11286894272514,,,
1770023700,212.0465,212.1275,212.0355,212.1265,56.89371020131935,61.16579148493322,,,
1770024000,212.1265,212.1555,212.0825,212.1545,58.132748838977164,61.05172568517115,,,
1770024300,212.1545,212.1635,212.1105,212.13,56.59971690860614,60.42838887036589,,,
1770024600,212.13,212.176,212.1005,212.1095,55.285952188443815,59.56268902211816,,,
1770024900,212.1095,212.168,212.0755,212.1525,57.513629326420855,58.81855735763054,,,
1770025200,212.1525,212.193,212.125,212.1695,58.39611427110027,58.0560609053282,,,
1770025500,212.1695,212.2485,212.15,212.1895,59.4628973862895,57.79607115472205,,,
1770025800,212.1895,212.2145,212.157,212.168,57.74863571643344,57.19521187402931,,,
1770026100,212.168,212.2175,212.125,212.1855,58.790035680747394,57.17531313804848,,,
1770026400,212.1855,212.217,212.151,212.1615,56.72508422007649,56.9594525856533,,,
1770026700,212.1615,212.217,212.1555,212.204,59.441817368698814,56.7651202580392,,,
1770027000,212.204,212.2815,212.204,212.2285,60.963228133761774,57.400458095567444,,,
1770027300,212.2285,212.3405,212.227,212.332,66.65399459608068,58.27345453031171,,,
1770027600,212.332,212.337,212.269,212.297,63.293756019693376,58.992951489760635,,,
1770027900,212.297,212.3445,212.2435,212.3395,65.56394932531369,59.61225428433166,,,
1770028200,212.3395,212.3485,212.2225,212.233,56.18621306301517,59.47321601462009,,,
1770028500,212.233,212.234,212.1345,212.172,51.63100327111442,59.11830789765639,,,
1770028800,212.172,212.19,212.095,212.1005,46.83769835003807,58.514861194913124,,,
1770029100,212.1005,212.1145,212.057,212.084,45.7814248512736,57.676846589545455,,,
1770029400,212.084,212.148,212.037,212.1065,47.51947485865173,56.89994377437056,,,
1770029700,212.1065,212.142,212.0395,212.0545,44.008286441205115,55.796042992578826,,,
1770030000,212.0545,212.077,211.9995,212.0335,42.63809597943464,54.716718725650345,,,
1770030300,212.0335,212.067,211.994,212.0355,42.820687579441,53.57605100412845,,,
1770030600,212.0355,212.0835,212.0195,212.0825,47.08354242377768,52.88736944724997,,,
1770030900,212.0825,212.106,212.041,212.082,47.04336178883891,52.00176547725997,,,
1770031200,212.082,212.129,212.0705,212.1245,50.880481714878165,51.28156930448257,,,
1770031500,212.1245,212.199,212.098,212.186,55.864131457889144,50.51086479461174,,,
1770031800,212.186,212.1905,212.1085,212.1445,52.028043373648735,49.70617103417998,,,
1770032100,212.1445,212.224,212.126,212.166,53.79811272602717,48.86575413423095,,,
1770032400,212.166,212.186,212.148,212.15,52.25293048447976,48.584805378621276,,,
1770032700,212.15,212.151,212.071,212.109,48.41545803991863,48.355123576393005,,,
1770033000,212.109,212.1165,212.0515,212.056,43.92469566318898,48.14705195590379,,,
1770033300,212.056,212.063,212.011,212.0215,41.242972761829385,47.82287680665777,,,
1770033600,212.0215,212.1045,212.0065,212.075,46.679467680970134,47.76287629396622,,,
1770033900,212.075,212.11,212.021,212.096,48.68644058259625,48.09703016120845,,,
1770034200,212.096,212.162,212.0385,212.1575,54.13149385092621,48.917987152029276,,,
1770034500,212.1575,212.1845,212.1295,212.172,55.33490983782186,49.81186017048505,,,
1770034800,212.172,212.179,212.092,212.093,47.95311785701887,49.873972701430844,,,
1770035100,212.093,212.1585,212.073,212.117,50.129692070083685,50.094424864376904,,,
1770035400,212.117,212.184,212.114,212.1795,55.36462808782745,50.414721033873285,,,
1770035700,212.1795,212.1885,212.1435,212.168,54.236487077870066,50.298460721014784,,,
1770036000,212.168,212.1885,212.0895,212.1275,50.345718420035624,50.17829465289956,,,
1770036300,212.1275,212.165,212.1055,212.1265,50.24986482313562,49.92484837412159,,,
1770036600,212.1265,212.15,212.1015,212.1335,50.95380206428256,49.83205348696465,,,
1770036900,212.1335,212.1575,212.0895,212.0895,46.49999029342266,49.69523436221493,,,
1770037200,212.0895,212.0895,211.9725,212.0135,39.99680455610757,49.414670711709114,,,
1770037500,212.0135,212.055,211.9245,212.0525,44.30159258673982,49.633143556345566,,,
1770037800,212.0525,212.09,212.0245,212.0865,47.81646739742365,49.71435782180654,,,
1770038100,212.0865,212.09,211.995,212.0015,40.872290818853905,49.15620426725352,,,
1770038400,212.0015,212.0635,211.9925,212.014,42.201626480656614,48.30407088366284,,,
1770038700,212.014,212.107,211.9835,212.102,50.618738801167304,47.967201523901785,,,
1770039000,212.102,212.108,212.0485,212.061,47.17193129123926,47.91140248348896,,,
1770039300,212.061,212.0785,212.0125,212.056,46.75381833415501,47.67026864520834,,,
1770039600,212.056,212.0925,212.0235,212.0715,48.28413100045651,47.16451885325328,,,
1770039900,212.0715,212.09,212.014,212.0415,45.55513273492882,46.54442211447175,,,
1770040200,212.0415,212.0415,211.9785,211.982,40.64809466036374,45.85173470306662,,,
1770040500,211.982,211.9955,211.9075,211.9095,35.61412986941248,44.806325063514976,,,
1770040800,211.9095,211.9705,211.8935,211.895,34.68884699484377,43.64454255855507,,,
1770041100,211.895,211.914,211.8175,211.831,30.875839835852986,42.5285318115858,,,
1770041400,211.831,211.8925,211.809,211.8625,34.68149352181533,42.148866737707785,,,
1770041700,211.8625,211.8895,211.7965,211.8115,31.643874164495955,41.24474399326179,,,
1770042000,211.8115,211.8695,211.8015,211.848,35.966523565808046,40.39831943386067,,,
1770042300,211.848,211.9065,211.8445,211.8595,37.31160743689301,40.14398490657776,,,
1770042600,211.8595,212.0635,211.834,212.026,52.77796547491374,40.899437691881836,,,
1770042900,212.026,212.1475,212.0145,212.1235,59.13592374262525,41.50780804484312,,,
1770043200,212.1235,212.1255,212.0715,212.093,56.57002645625786,42.17910055663016,,,
1770043500,212.093,212.2905,212.0895,212.2645,65.60673469024685,43.52573743920815,,,
1770043800,212.2645,212.4015,212.252,212.29,66.71570717134148,44.84227859427136,,,
1770044100,212.29,212.3365,212.2245,212.2755,65.42390407517263,46.261476547145925,,,
1770044400,212.2755,212.352,212.206,212.257,63.72843493323384,47.91007228092235,,,
1770044700,212.257,212.3575,212.257,212.308,66.3197037422413,50.10332755755298,,,
1770045000,212.308,212.396,212.3075,212.384,69.78397294189315,52.61012226805651,,,
1770045300,212.384,212.4355,212.2845,212.372,68.58443597025668,55.30359342051391,,,
1770045600,212.372,212.4705,212.3675,212.443,71.68561517725288,57.94674496733088,,,
1770045900,212.443,212.4675,212.368,212.381,65.59615994082415,60.37190823706861,,,
1770046200,212.381,212.4385,212.335,212.413,67.14733223706531,62.599108856444126,,,
1770046500,212.413,212.4935,212.4125,212.4295,67.94975478826237,64.78754795297051,,,
1770046800,212.4295,212.4295,212.295,212.316,57.53881371650907,65.1276085416559,,,
1770047100,212.316,212.3245,212.2115,212.2405,51.848053054121266,64.60704634961989,,,
1770047400,212.2405,212.273,212.1895,212.233,51.30521544647471,64.23098842034968,,,
1770047700,212.233,212.2495,212.113,212.15,45.61362577557819,62.80290921215906,,,
1770048000,212.15,212.166,212.0445,212.105,42.83884351320472,61.09741895086358,,,
1770048300,212.105,212.176,212.0885,212.1685,47.67590833210345,59.82970496921577,,,
1770048600,212.1685,212.2705,212.168,212.251,53.21515838470695,59.078756644321,,,
1770048900,212.251,212.3255,212.2255,212.289,55.54937663282955,58.30944756507729,,,
1770049200,212.289,212.373,212.2665,212.353,59.23806642594312,57.55616852822372,,,
1770049500,212.353,212.4075,212.297,212.312,56.03027866025488,56.65944300608073,,,
1770049800,212.312,212.373,212.2815,212.3485,58.20033611758998,55.696208787533386,,,
1770050100,212.3485,212.3765,212.318,212.3335,56.95627371261002,55.07907405694665,,,
1770050400,212.3335,212.3855,212.3105,212.3805,59.85208932222422,54.55798527731515,,,
1770050700,212.3805,212.3875,212.335,212.3685,58.76504269908569,53.90193441380252,,,
1770051000,212.3685,212.377,212.2805,212.3065,53.37150823167657,53.60426973631449,,,
1770051300,212.3065,212.3465,212.2825,212.3125,53.81329794485912,53.744644371367194,,,
1770051600,212.3125,212.3885,212.312,212.3885,59.09945811908128,54.301375990839084,,,
1770051900,212.3885,212.4195,212.3815,212.398,59.720051260039455,55.30897781115775,,,
1770052200,212.398,212.412,212.317,212.3755,57.49494296347941,56.35584205760593,,,
1770052500,212.3755,212.402,212.2905,212.305,51.073693671707886,56.59854101043482,,,
1770052800,212.305,212.3515,212.2995,212.3385,53.71875237305709,56.63451200960269,,,
1770053100,212.3385,212.3535,212.3145,212.342,53.998568122652784,56.52373997316149,,,
1770053400,212.342,212.359,212.311,212.314,51.325120116699175,55.958529522501216,,,
1770053700,212.314,212.383,212.3,212.3795,56.72290476261388,56.008002815526844,,,
1770054000,212.3795,212.4115,212.349,212.3875,57.3450806285231,55.94691313773636,,,
1770054300,212.3875,212.409,212.366,212.394,57.8749918407645,56.012535861175955,,,
1770054600,212.394,212.4115,212.358,212.3775,55.97401970679815,55.735530888645535,,,
1770054900,212.3775,212.4535,212.3685,212.424,59.964989549650404,55.82124137797158,,,
1770055200,212.424,212.5175,212.4135,212.485,64.51001938909411,56.61684931778712,,,
1770055500,212.485,212.572,212.476,212.536,67.80126729593357,57.61598998572101,,,
1770055800,212.536,212.544,212.483,212.502,63.56881224046613,57.93522956581994,,,
1770056100,212.502,212.5785,212.499,212.563,67.48991520911477,58.490219847896746,,,
1770056400,212.563,212.5935,212.5325,212.591,69.13221796267841,59.32145377641096,,,
1770056700,212.591,212.641,212.5775,212.6355,71.58869632987032,60.786811109136856,,,
1770057000,212.6355,212.662,212.6165,212.628,70.5693782074835,61.99042724016731,,,
1770057300,212.628,212.637,212.556,212.578,64.02445430072945,62.70656196717278,,,
1770057600,212.578,212.617,212.5515,212.56,61.8022707559995,63.45492986997994,,,
1770057900,212.56,212.601,212.523,212.524,57.50351184142368,63.51068751846636,,,
1770058200,212.524,212.529,212.4735,212.4805,52.73070685502382,63.18108939178785,,,
1770058500,212.4805,212.487,212.4495,212.4835,53.02031190551212,62.83432653926982,,,
1770058800,212.4835,212.5195,212.4795,212.5135,55.928167374723984,62.831051372693096,,,
1770059100,212.5135,212.5535,212.508,212.5525,59.442641758603,62.79374081618972,,,
1770059400,212.5525,212.563,212.5095,212.515,54.908547236480004,62.10792137671728,,,
1770059700,212.515,212.554,212.506,212.5355,56.84638291543983,61.325429635253435,,,
1770060000,212.5355,212.559,212.5255,212.5565,58.79970200476566,60.98477890413197,,,
1770060300,212.5565,212.566,212.5295,212.547,57.53103635232289,60.27343041436112,,,
1770060600,212.547,212.61,212.5445,212.602,62.56667164128768,59.804462819976074,,,
1770060900,212.602,212.625,212.5905,212.6165,63.78580560330374,59.24711348236418,,,
1770061200,212.6165,212.655,212.611,212.634,65.25649624561296,58.867621913659136,,,
1770061500,212.634,212.6455,212.6,212.6115,61.78244103025476,58.70747810862523,,,
1770061800,212.6115,212.622,212.5785,212.6165,62.263224931965965,58.740403406908555,,,
1770062100,212.6165,212.646,212.57,212.5775,56.3124852303821,58.65533007754844,,,
1770062400,212.5775,212.6335,212.5525,212.576,56.09044097989196,58.89531108646759,,,
1770062700,212.576,212.6205,212.5735,212.5975,58.609658848494554,59.29455015382348,,,
1770063000,212.5975,212.6015,212.527,212.533,49.444667642308985,58.83144303007955,,,
1770063300,212.533,212.5575,212.526,212.537,49.9671874236767,58.1546248632991,,,
1770063600,212.537,212.5675,212.537,212.5585,52.79153902646738,58.003409991155344,,,
1770063900,212.5585,212.5925,212.5535,212.58,55.4969796912587,57.907024046570974,,,
1770064200,212.58,212.602,212.5455,212.586,56.25048938587701,57.72493743093606,,,
1770064500,212.586,212.6045,212.5745,212.578,54.915380234266244,57.53810485107487,,,
1770064800,212.578,212.6005,212.57,212.5835,55.69397352348977,57.04719784266074,,,
1770065100,212.5835,212.5895,212.5595,212.567,52.750791235844844,56.258982530699384,,,
1770065400,212.567,212.593,212.56,212.5805,54.852983901808294,55.51587450614191,,,
1770065700,212.5805,212.6235,212.549,212.6195,60.34233088142269,55.41300949551105,,,
1770066000,212.6195,212.6585,212.5535,212.6155,59.54268062302655,55.21868490201537,,,
1770066300,212.6155,212.6625,212.605,212.6585,64.92391879759818,55.83378729967366,,,
1770066600,212.6585,212.6675,212.631,212.631,59.4754810221668,56.07557587412187,,,
1770066900,212.631,212.6675,212.6205,212.647,61.49990309671691,56.28202189185204,,,
1770067200,212.647,212.647,212.623,212.6285,57.898381304518885,56.885858582009895,,,
1770067500,212.6285,212.6345,212.5975,212.6275,57.70167738727058,57.438322150838026,,,
1770067800,212.6275,212.644,212.618,212.627,57.596312488646056,57.78152025527936,,,
1770068100,212.627,212.638,212.6155,212.632,58.414095991914394,57.989885705326195,,,
1770068400,212.632,212.646,212.6215,212.635,58.92594077234405,58.18098937578812,,,
1770068700,212.635,212.6705,212.6345,212.6635,63.519611627720145,58.7955773324634,,,
1770069000,212.6635,212.6705,212.623,212.67,64.49490682522129,59.42421542544423,,,
1770069300,212.67,212.696,212.657,212.6645,62.96105762771221,60.153520167720465,,,
1770069600,212.6645,212.7035,212.576,212.7035,68.65388003745144,61.13929846312355,,,
1770069900,212.7035,212.7055,212.636,212.653,56.53648383343009,60.86745224540979,,,
1770070200,212.653,212.6765,212.648,212.665,58.41475394721859,60.78688605428065,,,
1770070500,212.665,212.6795,212.6385,212.6415,53.535572781394556,59.97343276740896,,,
1770070800,212.6415,212.6415,212.63,212.6355,52.333658326224686,59.46330257484167,,,
1770071100,212.6355,212.64,212.6205,212.638,52.80906267485976,58.842528258994726,,,
1770071400,212.638,212.673,212.6355,212.663,57.386127028113535,58.80593866782291,,,
1770071700,212.663,212.667,212.6555,212.659,56.44284410871612,58.71602200506902,,,
1770072000,212.659,212.671,212.6525,212.666,57.75162748755926,58.72711593356282,,,
1770072300,212.666,212.6685,212.661,212.6675,58.042561918543264,58.70057778546488,,,
1770072600,212.6675,212.6685,212.586,212.5865,41.44523393814241,57.4519558687362,,,
1770072900,212.5865,212.5895,212.5725,212.587,41.55633002226719,55.88315003977527,,,
1770073200,212.587,212.5925,212.527,212.585,41.21944375904208,54.22061696361961,,,
1770073500,212.585,212.638,212.5555,212.633,51.40207017992037,53.39497500306305,,,
1770073800,212.633,212.658,212.5645,212.5715,41.485877412766996,51.45440338701417,,,
1770074100,212.5715,212.646,212.571,212.593,45.44795872385079,50.66236587918707,,,
1770074400,212.593,212.603,212.579,212.599,46.53594165678607,49.81387928701332,,,
1770074700,212.599,212.6205,212.594,212.62,50.27401004268538,49.58091051996267,,,
1770075000,212.62,212.642,212.569,212.575,43.28936364754339,48.93488947148544,,,
1770075300,212.575,212.6025,212.568,212.5985,47.399276792708626,48.54847619418893,,,
1770075600,212.5985,212.626,212.5805,212.6185,50.67552935279268,48.06914778880887,,,
1770075900,212.6185,212.624,212.5535,212.624,51.56889129320178,47.72100830198642,,,
1770076200,212.624,212.645,212.589,212.593,46.461046537493715,46.914538234124585,,,
1770076500,212.593,212.608,212.499,212.577,44.03663155865902,45.91411463699,,,
1770076800,212.577,212.687,212.555,212.6085,49.6113847924178,46.4974111265811,,,
1770077100,212.6085,212.6525,212.565,212.59,46.67093249985829,46.86273987498047,,,
1770077400,212.59,212.643,212.554,212.601,48.620889391263916,47.39141456299631,,,
1770077700,212.601,212.692,212.601,212.6785,59.779340376173465,47.98979100558582,,,
1770078000,212.6785,212.7465,212.6635,212.7445,66.45984552136662,49.773645870485794,,,
1770078300,212.7445,212.7445,212.6965,212.6995,59.23554558680332,50.75847350355383,,,
1770078600,212.6995,212.8005,212.6995,212.781,66.36637296570707,52.17493288276247,,,
1770078900,212.781,212.802,212.731,212.775,65.45854622728746,53.25954261023405,,,
1770079200,212.775,212.783,212.744,212.7535,62.176440009764555,54.608619493249854,,,
1770079500,212.7535,212.7735,212.691,212.722,57.61814600699904,55.338538722842024,,,
1770079800,212.722,212.7595,212.6555,212.7595,61.25937889938948,56.09452797617037,,,
1770080100,212.7595,212.771,212.655,212.69,52.2924149247397,56.14620823556594,,,
1770080400,212.69,212.798,212.673,212.78,60.38016753808612,57.14043116417969,,,
1770080700,212.78,212.804,212.753,212.7705,59.23857580985322,58.22628432497927,,,
1770081000,212.7705,212.7855,212.6345,212.7635,58.36296132463276,58.85139693442319,,,
1770081300,212.7635,212.8405,212.7505,212.8235,63.361913744159615,60.04360988044472,,,
1770081600,212.8235,212.864,212.786,212.827,63.63617860109518,61.116130538289816,,,
1770081900,212.827,212.852,212.762,212.763,55.46059901087074,60.807649012196755,,,
1770082200,212.763,212.836,212.7515,212.8105,59.60827808414371,60.318251338109405,,,
1770082500,212.8105,212.8575,212.7595,212.813,59.82035721132933,60.36002359700412,,,
1770082800,212.813,212.8395,212.7645,212.779,55.54863920185446,59.587328328157504,,,
1770083100,212.779,212.7905,212.7415,212.76,53.259814204126634,58.71599032650316,,,
1770083400,212.76,212.788,212.74,212.7505,52.10379979376658,57.99651602536044,,,
1770083700,212.7505,212.784,212.7485,212.78,55.345076057415234,57.83415388610445,,,
1770084000,212.78,212.78,212.714,212.715,47.68743545213682,56.86472935415783,,,
1770084300,212.715,212.768,212.6875,212.6885,44.95641552775173,56.34072939723012,,,
1770084600,212.6885,212.768,212.673,212.7115,47.753128133848186,55.43879801121312,,,
1770084900,212.7115,212.7225,212.59,212.631,40.07778839626681,54.07017033881409,,,
1770085200,212.631,212.65,212.5925,212.6,37.57326434362527,52.58519198302785,,,
1770085500,212.6,212.615,212.552,212.6065,38.441910570063115,50.80519175630666,,,
1770085800,212.6065,212.6345,212.554,212.5825,36.426461336091194,48.86164052309209,,,
1770086100,212.5825,212.604,212.557,212.603,39.35138855638514,47.710982633485976,,,
1770086400,212.603,212.6365,212.584,212.627,42.676552363174714,46.501573653416756,,,
1770086700,212.627,212.6695,212.617,212.665,47.577364673585386,45.627074186435046,,,
1770087000,212.665,212.679,212.645,212.6715,48.39016281199763,45.11575444430242,,,
1770087300,212.6715,212.681,212.639,212.6635,47.41573943995083,44.69832053257557,,,
1770087600,212.6635,212.6825,212.651,212.6725,48.66805994919854,44.45291054367785,,,
1770087900,212.6725,212.713,212.651,212.652,45.98183688712586,43.78410774580004,,,
1770088200,212.652,212.6695,212.627,212.628,42.99019556192545,43.44859061078494,,,
1770088500,212.628,212.6595,212.608,212.6165,41.593754491446674,43.20840053676316,,,
1770088800,212.6165,212.627,212.567,212.591,38.59967156071245,42.5545822101106,,,
1770089100,212.591,212.6225,212.5745,212.6055,41.19196908173447,42.634166544786865,,,
1770089400,212.6055,212.755,212.598,212.745,59.087972144571275,44.170931387711576,,,
1770089700,212.745,212.758,212.698,212.7325,57.4023147810826,45.52524597421297,,,
1770090000,212.7325,212.7635,212.7055,212.74,58.17332388062966,47.07859329882286,,,
1770090300,212.74,212.7635,212.6905,212.702,52.944528954575745,48.049531898693616,,,
1770090600,212.702,212.7515,212.688,212.694,51.8871548712094,48.70743207783896,,,
1770090900,212.694,212.7845,212.693,212.768,59.87069675543491,49.5855272265425,,,
1770091200,212.768,212.829,212.7645,212.7955,62.36965190614531,50.58406216183876,,,
1770091500,212.7955,212.8445,212.784,212.8255,64.93498693792023,51.83543698312233,,,
1770091800,212.8255,212.8345,212.771,212.7885,59.54353630664273,52.61225672293977,,,
1770092100,212.7885,212.813,212.761,212.7725,57.32693030690354,53.42262053863817,,,
1770092400,212.7725,212.8555,212.7325,212.7335,52.223639435033405,54.082152243860165,,,
1770092700,212.7335,212.762,212.682,212.6865,46.81492668535143,54.45509311485336,,,
1770093000,212.6865,212.7485,212.6605,212.7475,53.540346645476674,55.52228419233653,,,
1770093300,212.7475,212.752,212.677,212.7115,49.55747622978013,56.119820417196934,,,
1770093600,212.7115,212.736,212.6905,212.7125,49.66947895940434,55.44707090397072,,,
1770093900,212.7125,212.722,212.659,212.695,47.67448959863633,54.7522262480817,,,
1770094200,212.695,212.7185,212.684,212.718,50.48914895499589,54.20335661053643,,,
1770094500,212.718,212.7435,212.7165,212.7275,51.64612431759498,54.110613422180656,,,
1770094800,212.7275,212.8,212.7255,212.758,55.26082705675824,54.351590006862715,,,
1770095100,212.758,212.7715,212.742,212.7485,53.90903070167931,53.925756717308744,,,
1770095400,212.7485,212.75,212.686,212.7055,48.16572981179014,52.91119085342623,,,
1770095700,212.7055,212.762,212.699,212.733,51.70908282425582,51.96648341673592,,,
1770096000,212.733,212.817,212.7315,212.806,59.60343840923512,51.970762138349656,,,
1770096300,212.806,212.818,212.77,212.771,54.96405895498445,51.80198561321258,,,
1770096600,212.771,212.771,212.6875,212.6875,45.804055675290634,51.3434439160881,,,
1770096900,212.6875,212.727,212.677,212.712,48.515244580450535,51.46489519430947,,,
1770097200,212.712,212.7685,212.7105,212.7675,54.11507182305869,51.50594699270818,,,
1770097500,212.7675,212.793,212.7525,212.7715,54.499191697669836,51.85892666898601,,,
1770097800,212.7715,212.837,212.7565,212.8,57.24549296645014,52.40007052663214,,,
1770098100,212.8,212.8,212.769,212.7805,54.807978055302705,52.90960541639403,,,
1770098400,212.7805,212.8325,212.727,212.827,59.26252105370314,53.53627485201598,,,
1770098700,212.827,212.8725,212.8105,212.8725,63.095719092702616,54.354103050237946,,,
1770099000,212.8725,212.909,212.867,212.8695,62.67695490106364,54.88382646768833,,,
1770099300,212.8695,212.921,212.864,212.896,64.89345155371242,55.66842795711927,,,
1770099600,212.896,212.9185,212.872,212.916,66.50994758442187,56.97872922659297,,,
1770099900,212.916,212.976,212.916,212.9625,69.9719064982312,58.283216631876925,,,
1770100200,212.9625,212.985,212.883,212.892,59.867355816434824,58.302067875248326,,,
1770100500,212.892,212.903,212.849,212.854,55.237116269539925,58.32157196914515,,,
1770100800,212.854,212.877,212.781,212.7925,48.67564408024821,58.52668542664212,,,
1770101100,212.7925,212.812,212.7585,212.776,47.06046737402133,58.42277276904003,,,
1770101400,212.776,212.8225,212.752,212.7925,48.88698764373458,58.04933818480259,,,
1770101700,212.7925,212.827,212.757,212.819,51.76537921892627,57.85406586489234,,,
1770102000,212.819,212.8235,212.775,212.7965,49.23040729166913,57.28155974526512,,,
1770102300,212.7965,212.9225,212.7965,212.89,58.35667025474705,57.535037759511155,,,
1770102600,212.89,212.96,212.798,212.849,53.79050282221251,57.144179314404674,,,
1770102900,212.849,212.85,212.7345,212.7935,48.283060825804014,56.0861322953405,,,
1770103200,212.7935,212.836,212.757,212.761,45.35459169340385,54.84882063765051,,,
1770103500,212.761,212.793,212.7385,212.778,47.159933568299,53.58214078154955,,,
1770103800,212.778,212.895,212.7675,212.886,56.90147542222375,52.89582134139255,,,
1770104100,212.886,212.9395,212.878,212.9155,59.11851745312136,52.12057926674184,,,
1770104400,212.9155,212.9425,212.8335,212.926,59.909032297148094,52.12355615822137,,,
1770104700,212.926,212.986,212.898,212.924,59.672341239580625,52.4403579417957,,,
1770105000,212.924,212.9375,212.8685,212.898,56.544750808238646,53.00243699379502,,,
1770105300,212.898,212.94,212.8035,212.8605,52.28797095487695,53.37583010671328,,,
1770105600,212.8605,212.9045,212.827,212.854,51.56337319221166,53.56700050303307,,,
1770105900,212.854,212.872,212.762,212.8585,52.058696628208196,53.5879517465532,,,
1770106200,212.8585,212.8805,212.7985,212.8185,47.41695650323034,53.458419547379,,,
1770106500,212.8185,212.9185,212.817,212.8805,54.22923076593949,53.16360244103561,,,
1770106800,212.8805,212.8935,212.763,212.8205,47.77831359184461,52.734160353152184,,,
1770107100,212.8205,212.8695,212.7815,212.8305,48.86999838611559,52.77608446460301,,,
1770107400,212.8305,212.874,212.766,212.8345,49.32632254936593,53.05977952574316,,,
1770107700,212.8345,212.865,212.788,212.803,45.85555996717238,52.96660998280554,,,
1770108000,212.803,212.857,212.7775,212.78,43.451460078884296,52.005894601138436,,,
1770108300,212.78,212.815,212.7555,212.8015,46.28637653379903,51.08931310690112,,,
1770108600,212.8015,212.9035,212.7835,212.865,53.67339657524163,50.64391055533638,,,
1770108900,212.865,212.8875,212.852,212.862,53.30044889826842,50.18877538809979,,,
1770109200,212.862,212.899,212.748,212.7885,45.04266243757424,49.36719764733805,,,
1770109500,212.7885,212.906,212.7885,212.8875,55.12705784534395,49.569989568085695,,,
1770109800,212.8875,213.013,212.8855,212.964,61.07140108016031,50.24913441722489,,,
1770110100,212.964,213.1055,212.9495,213.0585,66.903860523348,51.30950326687774,,,
1770110400,213.0585,213.0605,212.9675,212.9845,59.39893775587151,52.16535907063782,,,
1770110700,212.9845,213.0245,212.9335,212.988,59.62960137119601,52.55109982815615,,,
1770111000,212.988,213.009,212.948,212.9795,58.75656237628865,53.335260455616435,,,
1770111300,212.9795,213.0515,212.9665,213.019,61.57222024445075,54.24256201692608,,,
1770111600,213.019,213.0685,212.997,213.0665,64.6936861839973,55.34023084797118,,,
1770111900,213.0665,213.1145,213.0475,213.11,67.31233654648636,56.87285774649361,,,
1770112200,213.11,213.139,213.0745,213.0745,63.19308355211391,58.282973708867154,,,
1770112500,213.0745,213.111,213.028,213.0365,59.02891296217877,59.19315488232285,,,
1770112800,213.0365,213.0695,213.0025,213.0115,56.39593130687666,59.38762164886821,,,
1770113100,213.0115,213.05,212.992,213.031,57.97069202525467,59.721210443652936,,,
1770113400,213.031,213.074,212.9885,213,54.595077766983856,60.40352582432506,,,
1770113700,213,213.014,212.9475,212.952,49.763190719530755,60.020392458195545,,,
1770114000,212.952,212.9705,212.9285,212.954,49.96190883512804,59.2268572978361,,,
1770114300,212.954,213.0145,212.9505,213.0135,55.590077235614885,58.418729920140876,,,
1770114600,213.0135,213.0155,212.961,212.9745,51.50109575614314,57.85459834873171,,,
1770114900,212.9745,212.98,212.93,212.953,49.3461816911952,57.12006837158879,,,
1770115200,212.953,212.983,212.948,212.962,50.28395695868978,56.51488227033173,,,
1770115500,212.962,213.0075,212.947,212.9975,53.908691071578815,55.967487329412315,,,
1770115800,212.9975,213.018,212.97,213.0145,55.5789124507805,55.31643206275397,,,
1770116100,213.0145,213.0155,212.923,212.925,46.106222261799076,53.80170961384773,,,
1770116400,212.925,212.9525,212.908,212.9515,48.884183087667964,52.77964529495873,,,
1770116700,212.9515,213.039,212.9455,212.979,51.668321797556466,52.2538887832,,,
1770117000,212.979,213.053,212.969,213.01,54.66592409917397,52.13031683979266,,,
1770117300,213.01,213.024,212.946,212.97,50.3284336325214,51.58444124031171,,,
1770117600,212.97,212.993,212.933,212.9355,46.873845990349665,51.03292468483784,,,
1770117900,212.9355,212.9775,212.9345,212.947,48.15141146806161,50.917797595447176,,,
1770118200,212.947,212.947,212.885,212.901,43.63159731253982,50.46563248669088,,,
1770118500,212.901,212.918,212.8635,212.8995,43.488246037984936,49.60121597257445,,,
1770118800,212.8995,212.988,212.8965,212.965,51.05098525787145,49.56906522269791,,,
1770119100,212.965,212.9805,212.908,212.918,46.2663701443729,49.34907868363916,,,
1770119400,212.918,212.983,212.91,212.9805,52.624940626846936,49.516291802793255,,,
1770119700,212.9805,212.9885,212.885,212.888,44.274435585853006,48.82813069666998,,,
1770120000,212.888,212.9605,212.8845,212.9415,49.28676044163265,48.37869126744514,,,
1770120300,212.9415,213.034,212.9335,213.0045,54.479142277402744,48.9767569828454,,,
1770120600,213.0045,213.0345,212.9775,212.9795,52.19532670083401,49.21326724092869,,,
1770120900,212.9795,213.0265,212.9725,213.0155,55.11339027411384,49.45934356068278,,,
1770121200,213.0155,213.063,212.999,213.0315,56.38758754526128,49.58231952111759,,,
1770121500,213.0315,213.0705,213.026,213.0615,58.75192523047877,50.18399749240026,,,
1770121800,213.0615,213.1665,213.043,213.161,65.44333629100626,51.510389656732876,,,
1770122100,213.161,213.178,213.1325,213.174,66.21450477236847,52.800610607040504,,,
1770122400,213.174,213.203,213.1335,213.203,67.93362654092778,54.53646983763964,,,
1770122700,213.203,213.2575,213.1745,213.2565,70.87766212022066,56.49285670065649,,,
1770123000,213.2565,213.313,213.2105,213.277,71.94071429797508,57.98498020352104,,,
1770123300,213.277,213.319,213.2585,213.265,70.32250480346238,59.703275536313136,,,
1770123600,213.265,213.2995,213.222,213.279,71.1381762189709,61.02564950717913,,,
1770123900,213.279,213.3,213.2385,213.2995,72.33711227892195,63.03012641382691,,,
1770124200,213.2995,213.329,213.2625,213.263,67.00040517904606,64.29538675221359,,,
1770124500,213.263,213.2895,213.2305,213.2335,62.95767535209411,64.90099625754867,,,
1770124800,213.2335,213.2435,213.125,213.127,50.994802677023586,64.81524454156222,,,
1770125100,213.127,213.1675,213.093,213.093,47.867691832100654,64.29769465284699,,,
1770125400,213.093,213.154,213.072,213.135,51.799764848233686,63.96999303163073,,,
1770125700,213.135,213.2015,213.115,213.1265,50.96201277542173,63.41357071341237,,,
1770126000,213.1265,213.2355,213.1265,213.184,56.130718925616364,62.74838375874167,,,
1770126300,213.184,213.223,213.1465,213.1485,52.454691560281965,61.765539957878346,,,
1770126600,213.1485,213.162,213.1145,213.1295,50.54668128621696,60.52361529682758,,,
1770126900,213.1295,213.167,213.075,213.095,47.190097998028904,58.831646430956745,,,
1770127200,213.095,213.122,213.0465,213.049,43.08214453799879,56.77032001952987,,,
1770127500,213.049,213.189,212.9915,213.1885,55.68178053606737,55.72455400043022,,,
1770127800,213.1885,213.217,213.159,213.192,55.94528042190807,54.63934715778288,,,
1770128100,213.192,213.192,213.05,213.127,49.99968453538663,53.04381660467322,,,
1770128400,213.127,213.205,213.11,213.182,54.41431572185299,52.14481021487371,,,
1770128700,213.182,213.2325,213.169,213.1965,55.52909189226601,51.614197110600266,,,
1770129000,213.1965,213.2685,213.154,213.1715,53.11723599508786,51.76579949046201,,,
1770129300,213.1715,213.2135,213.1345,213.1465,50.74369072274192,51.97122798265066,,,
1770129600,213.1465,213.222,213.103,213.221,56.92136408932694,52.33705649987161,,,
1770129900,213.221,213.2315,213.131,213.2075,55.56148865983307,52.66559049161527,,,
1770130200,213.2075,213.2315,213.1255,213.1255,48.0521540625639,52.088550144254384,,,
1770130500,213.1255,213.1365,213.0435,213.047,42.17552156641929,51.354323716121336,,,
1770130800,213.047,213.154,212.9935,213.108,47.54405036119783,51.13985007861998,,,
1770131100,213.108,213.217,213.101,213.175,52.73463448940526,51.53588839943257,,,
1770131400,213.175,213.249,213.146,213.165,51.90902582892018,52.16637992021266,,,
1770131700,213.165,213.2325,213.14,213.2125,55.47486565565602,52.15160028589757,,,
1770132000,213.2125,213.3385,213.2115,213.3005,61.21285590812261,52.52785567777004,,,
1770132300,213.3005,213.408,213.279,213.3775,65.41296557497492,53.62880432345491,,,
1770132600,213.3775,213.41,213.336,213.368,64.48517433348185,54.34815136714268,,,
1770132900,213.368,213.4285,213.368,213.4095,66.70670533829474,55.1465523275733,,,
1770133200,213.4095,213.427,213.34,213.3985,65.53651817956637,56.03364391217891,,,
1770133500,213.3985,213.4185,213.327,213.4035,65.82994078607771,57.11123320241719,,,
1770133800,213.4035,213.442,213.301,213.3175,56.86241115385306,57.10702227845477,,,
1770134100,213.3175,213.4095,213.2665,213.377,60.837301587797214,57.48386605902363,,,
1770134400,213.377,213.438,213.368,213.4215,63.542991679462965,58.59035446023071,,,
1770134700,213.4215,213.465,213.3515,213.37,58.50528962784523,59.75676646461828,,,
1770135000,213.37,213.441,213.3355,213.4165,61.4751509666208,60.75184507929135,,,
1770135300,213.4165,213.4175,213.3405,213.37,57.07587979083116,61.06193402939321,,,
1770135600,213.37,213.3765,213.313,213.3425,54.58792688848275,61.25328410507625,,,
1770135900,213.3425,213.4085,213.318,213.3305,53.49217301049144,61.111663201850206,,,
1770136200,213.3305,213.365,213.2705,213.344,54.59636413745171,60.639056646802274,,,
1770136500,213.344,213.3725,213.289,213.3175,51.98714267697379,59.68006929694506,,,
1770136800,213.3175,213.331,213.281,213.3,50.278290175703304,58.665291857103725,,,
1770137100,213.3,213.352,213.281,213.3095,51.215762364203336,57.558795930382914,,,
1770137400,213.3095,213.3615,213.2645,213.3315,53.40664965858171,56.69237675031258,,,
1770137700,213.3315,213.3435,213.2985,213.315,51.53722697520396,55.67146862096446,,,
1770138000,213.315,213.3345,213.261,213.2815,47.873266490787756,55.029386859316936,,,
1770138300,213.2815,213.2825,213.2085,213.2695,46.59537588925965,54.01210645227854,,,
1770138600,213.2695,213.298,213.206,213.236,43.13385369854097,52.554310882212675,,,
1770138900,213.236,213.256,213.148,213.2005,39.762772679669226,51.215559671628675,,,
1770139200,213.2005,213.2235,213.1685,213.174,37.412237190830815,49.4967801162151,,,
1770139500,213.174,213.239,213.153,213.235,45.41166052307568,48.66362159708971,,,
1770139800,213.235,213.25,213.2065,213.2195,43.877066907429636,47.89856016987163,,,
1770140100,213.2195,213.252,213.2195,213.247,47.280984039785224,47.454903814821186,,,
1770140400,213.247,213.259,213.1545,213.1705,40.01102844669401,46.4130941226242,,,
1770140700,213.1705,213.241,213.1645,213.2335,47.209857829348806,46.071859490650986,,,
1770141000,213.2335,213.2725,213.219,213.2725,51.12031558279338,46.13200416258599,,,
1770141300,213.2725,213.274,213.2395,213.2735,51.22009381468873,46.132313551906385,,,
1770141600,213.2735,213.2925,213.2375,213.2435,48.0511322335378,45.749776592974676,,,
1770141900,213.2435,213.327,213.225,213.2695,50.887147349707696,45.70334233401066,,,
1770142200,213.2695,213.2695,213.1585,213.1735,41.81093062672026,45.27031834372012,,,
1770142500,213.1735,213.248,213.1735,213.2425,48.8698234099242,45.43277888091045,,,
1770142800,213.2425,213.2545,213.1985,213.2005,45.26992817148301,45.58535562897773,,,
1770143100,213.2005,213.2515,213.172,213.2265,47.8318353553508,46.16171724866927,,,
1770143400,213.2265,213.243,213.185,213.209,46.262150127829315,46.79385388702631,,,
1770143700,213.209,213.226,213.144,213.17,42.884554382112185,46.61334630552892,,,
1770144000,213.17,213.181,213.0775,213.098,37.44866327443367,46.15417461745778,,,
1770144300,213.098,213.098,213.002,213.031,33.227824665583796,45.150377519300534,,,
1770144600,213.031,213.031,212.9275,212.9355,28.326931736692515,44.31579918287186,,,
1770144900,212.9355,212.9425,212.894,212.8985,26.68475619541107,42.84972049473344,,,
1770145200,212.8985,212.939,212.8625,212.8835,26.026034062836516,41.057271814736524,,,
1770145500,212.8835,212.9565,212.876,212.937,32.43257480342177,39.715306171074594,,,
1770145800,212.937,213.1185,212.935,213.1065,47.844185367539154,39.700524252074686,,,
1770146100,213.1065,213.161,213.1025,213.1425,50.43028108237801,39.667890947265434,,,
1770146400,213.1425,213.1735,213.11,213.147,50.75895393060474,40.30703546897147,,,
1770146700,213.147,213.157,213.087,213.092,46.684624844119924,40.15094985712831,,,
1770147000,213.092,213.121,213.057,213.0695,45.0901075845446,40.138105529489856,,,
1770147300,213.0695,213.151,213.0685,213.147,51.264631452763446,40.38330525073361,,,
1770147600,213.147,213.1765,213.13,213.1755,53.342427251202494,40.88903933097456,,,
1770147900,213.1755,213.194,213.1395,213.1885,54.29953839219739,41.704395331694926,,,
1770148200,213.1885,213.201,213.1665,213.185,53.97849011968002,42.88509724921253,,,
1770148500,213.185,213.253,213.1835,213.225,57.10029085044965,44.590273405274374,,,
1770148800,213.225,213.2455,213.2005,213.2025,54.84656563686601,46.48453296957248,,,
1770149100,213.2025,213.2415,213.1895,213.217,56.05045666331549,48.58208300299422,,,
1770149400,213.217,213.249,213.204,213.2475,58.55367612108549,50.90548600715486,,,
1770149700,213.2475,213.2705,213.2295,213.2415,57.85556303657582,52.721413738094434,,,
1770150000,213.2415,213.265,213.225,213.264,59.79156048829453,53.574797675291244,,,
1770150300,213.264,213.2675,213.226,213.2295,55.575839886477716,53.942337589869794,,,
1770150600,213.2295,213.276,213.2285,213.268,59.04603728880454,54.5342721154555,,,
1770150900,213.268,213.2925,213.2345,213.267,58.91730077316769,55.40803468181605,,,
1770151200,213.267,213.3025,213.225,213.261,58.098809299677065,56.33722766146837,,,
1770151500,213.261,213.2785,213.242,213.2785,59.85075322434099,56.95052207372391,,,
1770151800,213.2785,213.3295,213.2785,213.3295,64.5081125249275,57.748071021847124,,,
1770152100,213.3295,213.358,213.2645,213.2895,58.75163519396958,58.06607793625942,,,
1770152400,213.2895,213.332,213.2605,213.322,61.73911850889127,58.6204085354888,,,
1770152700,213.322,213.34,213.263,213.2845,56.64151338663867,58.58763871664515,,,
1770153000,213.2845,213.3415,213.284,213.333,61.11349336408252,59.035276411446326,,,
1770153300,213.333,213.3625,213.328,213.3575,63.17946727081189,59.544491454838926,,,
1770153600,213.3575,213.4075,213.3465,213.3925,65.96162272617786,60.07363049805984,,,
1770153900,213.3925,213.435,213.3815,213.4065,67.03460915521964,60.72927664939154,,,
1770154200,213.4065,213.4135,213.366,213.374,62.137715501308335,60.8968591503211,,,
1770154500,213.374,213.385,213.3665,213.385,63.11971191853514,61.43570715261092,,,
1770154800,213.385,213.403,213.384,213.3935,63.89888620815923,61.78233921827911,,,
1770155100,213.3935,213.4265,213.388,213.3915,63.55862646834487,62.113862482220334,,,
1770155400,213.3915,213.399,213.374,213.3795,61.44447523611789,62.35283862053753,,,
1770155700,213.3795,213.4155,213.355,213.355,57.2569334526611,62.16756577970325,,,
1770156000,213.355,213.3795,213.2825,213.2845,47.273085099666275,60.936492392184604,,,
1770156300,213.2845,213.458,213.2845,213.426,61.70596571540136,61.14751600085831,,,
1770156600,213.426,213.432,213.307,213.307,49.44740759156623,60.269536649620804,,,
1770156900,213.307,213.3415,213.284,213.339,52.197519522338766,59.95210851645652,,,
1770157200,213.339,213.344,213.325,213.3315,51.4905022319368,59.264752007017535,,,
1770157500,213.3315,213.345,213.3315,213.339,52.187935008980915,58.4796425597439,,,
1770157800,213.339,213.4325,213.339,213.4225,59.217926151708966,57.99794994728183,,,
1770158100,213.4225,213.4345,213.4135,213.4315,59.90227528865662,57.488497528241616,,,
1770158400,213.4315,213.4315,213.405,213.4075,57.1482690877054,57.13210849869854,,,
1770158700,213.4075,213.4155,213.401,213.404,56.73859203753285,56.676314221484105,,,
1770159000,213.404,213.43,213.394,213.4295,59.042317634715545,56.32941646623812,,,
1770159300,213.4295,213.43,213.3225,213.325,47.80706224978211,55.204304736340774,,,
1770159600,213.325,213.371,213.282,213.305,46.002789829722296,54.10132720731252,,,
1770159900,213.305,213.412,213.305,213.3625,51.65227215970991,53.700994257816,,,
1770160200,213.3625,213.4315,213.36,213.4265,57.03992028691581,54.39862534261954,,,
1770160500,213.4265,213.4725,213.4135,213.4625,59.75652142633635,54.25937932197204,,,
1770160800,213.4625,213.4625,213.4185,213.44,57.316976751424065,54.82149140481903,,,
1770161100,213.44,213.441,213.3705,213.382,51.482363150677145,54.7704088068432,,,
1770161400,213.382,213.416,213.364,213.376,50.905068160662445,54.72859208746645,,,
1770161700,213.376,213.394,213.3695,213.3805,51.34573078388537,54.66843464281677,,,
1770162000,213.3805,213.4025,213.3755,213.399,53.205290821716986,54.238960690674496,,,
1770162300,213.399,213.403,213.336,213.3655,49.514816509790116,53.496999349326884,,,
1770162600,213.3655,213.406,213.3465,213.3905,52.18052150518979,53.14216023629005,,,
1770162900,213.3905,213.4085,213.383,213.4085,54.061326532033,52.950926985897205,,,
1770163200,213.4085,213.4795,213.3735,213.4795,60.63774498147082,53.06488608209401,,,
1770163500,213.4795,213.4855,213.434,213.4715,59.60238599790162,53.90740920695969,,,
1770163800,213.4715,213.5305,213.4405,213.5095,62.84739205351317,55.110595080087606,,,
1770164100,213.5095,213.556,213.4545,213.4835,59.33544137273026,55.65939288101763,,,
1770164400,213.4835,213.4925,213.449,213.466,57.02560900015082,55.658370646248706,,,
1770164700,213.466,213.5185,213.4515,213.502,60.437528937454395,55.70701403989999,,,
1770165000,213.502,213.5655,213.484,213.5525,64.674460635858,56.232548603073845,,,
1770165300,213.5525,213.5865,213.548,213.581,66.83324470780907,57.329040142868976,,,
1770165600,213.581,213.6035,213.55,213.5695,65.10435182419131,58.343274690263904,,,
1770165900,213.5695,213.597,213.539,213.5495,62.095819103314774,59.11113814165172,,,
1770166200,213.5495,213.643,213.5485,213.636,68.80920941930304,60.225703755765004,,,
1770166500,213.636,213.6725,213.5905,213.6615,70.46968183090087,61.722479850130064,,,
1770166800,213.6615,213.7655,213.6565,213.7305,74.43552672069126,63.312123079808735,,,
1770167100,213.7305,213.7845,213.7095,213.7785,76.77246650979649,64.9343473639347,,,
1770167400,213.7785,213.876,213.755,213.846,79.59702967153738,66.28858198465375,,,
1770167700,213.846,213.93,213.837,213.904,81.66069801329715,67.86417570003916,,,
1770168000,213.904,213.9835,213.901,213.974,83.79150418869042,69.36018370969467,,,
1770168300,213.974,213.991,213.941,213.9695,83.12288183265045,71.05928659968896,,,
1770168600,213.9695,213.9755,213.9335,213.946,79.5528138650342,72.66837266146635,,,
1770168900,213.946,213.9735,213.935,213.958,80.0246045327275,74.06744948970014,,,
1770169200,213.958,214.0675,213.9455,214.0605,83.52201895898865,75.41370365563805,,,
1770169500,214.0605,214.073,214.01,214.017,77.33372790146535,76.16373816947063,,,
1770169800,214.017,214.018,213.936,213.9865,73.23647790247186,76.74460431791924,,,
1770170100,213.9865,214.0385,213.9565,214.0115,74.43223018409799,77.62577653797518,,,
1770170400,214.0115,214.0605,214.0115,214.026,75.1263744197422,78.07700260943513,,,
1770170700,214.026,214.1255,214.026,214.0715,77.21664553204224,78.55892858808808,,,
1770171000,214.0715,214.08,214.01,214.031,71.46017959382948,78.34640379331225,,,
1770171300,214.031,214.037,214.008,214.0335,71.60092004778389,77.9770076174542,,,
1770171600,214.0335,214.0695,214.0135,214.0315,71.29800575578591,77.38422019490052,,,
1770171900,214.0315,214.06,214.0195,214.045,72.15434731208842,76.70519514481418,,,
1770172200,214.045,214.0705,214.036,214.0525,72.64268539052453,75.9088509449452,,,
1770172500,214.0525,214.076,214.034,214.0525,72.64268539052453,75.16026548479336,,,
1770172800,214.0525,214.072,214.0435,214.0665,73.6433522111768,74.7381610809464,,,
1770173100,214.0665,214.1235,214.065,214.1005,75.9446038619711,74.44673246160664,,,
1770173400,214.1005,214.117,214.0335,214.0615,68.55097034338954,73.37737184620671,,,
1770173700,214.0615,214.0975,214.0605,214.0885,70.6792098881837,72.90204913097232,,,
1770174000,214.0885,214.142,214.0875,214.131,73.69662202900332,72.9349165685817,,,
1770174300,214.131,214.1385,214.0815,214.093,67.05228161861785,72.40777738533312,,,
1770174600,214.093,214.116,214.082,214.0995,67.590539670812,71.86950347469525,,,
1770174900,214.0995,214.1635,214.082,214.1515,71.58927110398312,71.46754815840531,,,
1770175200,214.1515,214.188,214.1485,214.1775,73.35918688249932,71.60319153616743,,,
1770175500,214.1775,214.2575,214.176,214.2115,75.5079366899925,71.88226415346806,,,
1770175800,214.2115,214.2345,214.168,214.1975,72.9005642741373,71.99673261906459,,,
1770176100,214.1975,214.2145,214.1785,214.197,72.80387204036374,72.04312724251282,,,
1770176400,214.197,214.2135,214.157,214.166,66.88090623341854,71.63157158843383,,,
1770176700,214.166,214.173,214.115,214.156,65.04265034077471,71.08871194202312,,,
1770177000,214.156,214.218,214.142,214.216,70.31471753812822,70.85095232251965,,,
1770177300,214.216,214.255,214.2085,214.224,70.94393768076176,70.4937618810047,,,
1770177600,214.224,214.257,214.224,214.249,72.87861275303274,70.8028791959792,,,
1770177900,214.249,214.303,214.249,214.275,74.7608083038352,71.0944219399543,,,
1770178200,214.275,214.3285,214.262,214.3255,77.96017293107252,71.39896129010211,,,
1770178500,214.3255,214.328,214.254,214.259,66.08114724402574,71.32959454905982,,,
1770178800,214.259,214.2675,214.1945,214.206,58.43846606412195,70.6758750057248,,,
1770179100,214.206,214.221,214.1885,214.217,59.485780628581374,69.81133997176754,,,
1770179400,214.217,214.265,214.217,214.2375,61.43612841791222,68.95969293858276,,,
1770179700,214.2375,214.286,214.2365,214.284,65.49387193097274,68.24440259865277,,,
1770180000,214.284,214.3095,214.265,214.288,65.82697536171588,67.73914624776553,,,
1770180300,214.288,214.3115,214.272,214.302,67.02674382018371,67.32649423203837,,,
1770180600,214.302,214.351,214.301,214.347,70.59975321361478,67.59212615919526,,,
1770180900,214.347,214.358,214.3275,214.3525,71.01318858074737,68.01859317633617,,,
1770181200,214.3525,214.381,214.3285,214.354,71.13241714751445,68.07700029129232,,,
1770181500,214.354,214.4065,214.35,214.401,74.65074538643147,68.34177227026873,,,
1770181800,214.401,214.458,214.3875,214.39,72.42590244077763,68.30943581939337,,,
1770182100,214.39,214.3935,214.3635,214.3755,69.48606751598682,67.93266862026134,,,
1770182400,214.3755,214.381,214.3415,214.3475,64.07718938682851,66.94102693852962,,,
1770182700,214.3475,214.378,214.3295,214.337,62.124259557943404,66.65839210380946,,,
1770183000,214.337,214.338,214.3105,214.313,57.7888153432077,66.611988480887,,,
1770183300,214.313,214.35,214.302,214.3475,61.90447006438641,66.78475201201594,,,
1770183600,214.3475,214.406,214.3375,214.404,67.49415015625688,67.21746785046913,,,
1770183900,214.404,214.4305,214.359,214.392,65.30255374463792,67.20380226573091,,,
1770184200,214.392,214.411,214.3825,214.389,64.73661538861381,67.12591941050934,,,
1770184500,214.389,214.4055,214.3495,214.369,60.94462032140773,66.69148201773963,,,
1770184800,214.369,214.4345,214.3645,214.4255,66.85180784133475,66.42377163400535,,,
1770185100,214.4255,214.451,214.401,214.43,67.27633992310362,66.15685387274507,,,
1770185400,214.43,214.491,214.429,214.4635,70.32340490083607,66.09906728369661,,,
1770185700,214.4635,214.4725,214.3965,214.399,58.94313274818812,64.97709495239353,,,
1770186000,214.399,214.4245,214.3775,214.3945,58.23506501308354,63.96346370755823,,,
1770186300,214.3945,214.395,214.354,214.3795,55.827631921070775,62.987861165064224,,,
1770186600,214.3795,214.4045,214.3635,214.3915,57.34676664347393,62.50711668339604,,,
1770186900,214.3915,214.435,214.338,214.4205,60.85081261368769,62.41615618737778,,,
1770187200,214.4205,214.454,214.4065,214.4395,62.99572717278345,62.7880784609189,,,
1770187500,214.4395,214.523,214.4395,214.5125,69.83416032957311,63.35448490843224,,,
1770187800,214.5125,214.534,214.463,214.4655,61.902362481374524,62.955071503083495,,,
1770188100,214.4655,214.472,214.406,214.413,54.46125624160529,62.180693110009734,,,
1770188400,214.413,214.4755,214.4045,214.433,56.60148655247044,61.599612478856635,,,
1770188700,214.433,214.4545,214.4145,214.439,57.250592373438195,61.335753339715964,,,
1770189000,214.439,214.502,214.43,214.44,57.36504871342832,60.65812768772265,,,
1770189300,214.44,214.4665,214.409,214.449,58.44344040129383,60.02720629330766,,,
1770189600,214.449,214.5005,214.417,214.465,60.36288235422886,59.31574039712143,,,
1770189900,214.465,214.484,214.4325,214.4785,61.95942646598366,59.531189948392544,,,
1770190200,214.4785,214.509,214.46,214.471,60.501429333423005,59.693073114131074,,,
1770190500,214.471,214.4735,214.4385,214.4535,57.12368359687352,59.785648233831274,,,
1770190800,214.4535,214.5145,214.4445,214.5005,63.084604249231035,60.195493777099635,,,
1770191100,214.5005,214.534,214.4865,214.5145,64.66065163860509,60.467625136022306,,,
1770191400,214.5145,214.5525,214.4995,214.5375,67.14252922664295,60.76382528272656,,,
1770191700,214.5375,214.597,214.537,214.547,68.13788174142162,60.642662526430016,,,
1770192000,214.547,214.576,214.4855,214.491,57.148001914863585,60.30306534310781,,,
1770192300,214.491,214.7325,214.491,214.728,75.30293523832519,61.79175670001638,,,
1770192600,214.728,214.8155,214.716,214.7285,75.32668490005047,63.12927086770066,,,
1770192900,214.7285,214.7575,214.693,214.7275,75.17098905208393,64.40929920188964,,,
1770193200,214.7275,214.765,214.7185,214.7405,75.86926449898537,65.73102890085799,,,
1770193500,214.7405,214.826,214.733,214.8005,78.82869150955943,67.18711826573413,,,
1770193800,214.8005,214.8025,214.745,214.748,70.66251267137885,67.92280614553054,,,
1770194100,214.748,214.749,214.6585,214.7125,65.70581841528366,68.19040557048054,,,
1770194400,214.7125,214.8005,214.703,214.7675,69.29896615887651,68.81880105801294,,,
1770194700,214.7675,214.7815,214.699,214.76,68.24885979751662,69.61345650091602,,,
1770195000,214.76,214.804,214.7565,214.788,70.07218049157747,70.11256908965505,,,
1770195300,214.788,214.855,214.752,214.8205,72.07657168696298,70.64227766453776,,,
1770195600,214.8205,214.832,214.75,214.7585,63.35876692265523,70.37200892853863,,,
1770195900,214.7585,214.7595,214.686,214.6965,56.0570061452837,69.50908924310022,,,
1770196200,214.6965,214.7885,214.6955,214.752,60.45084449665165,69.74500657037079,,,
1770196500,214.752,214.7715,214.679,214.6795,52.99617091296662,68.15166626141662,,,
1770196800,214.6795,214.7175,214.662,214.677,52.7545841421183,66.53937335013573,,,
1770197100,214.677,214.688,214.652,214.656,50.66527349403862,64.78896509598965,,,
1770197400,214.656,214.6605,214.5995,214.61,46.336277579917535,62.67946603034194,,,
1770197700,214.61,214.6215,214.551,214.5895,44.51101643425111,60.22820352496278,,,
1770198000,214.5895,214.6555,214.5895,214.6555,51.17887538590351,58.83651514742883,,,
1770198300,214.6555,214.675,214.5945,214.62,47.84832882317322,57.560980176563795,,,
1770198600,214.62,214.703,214.6105,214.6815,53.4945752958502,56.43209511491906,,,
1770198900,214.6815,214.7715,214.6805,214.743,58.3506415352514,55.72507952475725,,,
1770199200,214.743,214.796,214.732,214.7465,58.61548936789624,54.9067444444943,,,
1770199500,214.7465,214.748,214.7045,214.72,55.726079762354146,53.7388521641651,,,
1770199800,214.72,214.7675,214.7055,214.7375,57.22561724680024,53.300770044461174,,,
1770200100,214.7375,214.7735,214.7275,214.7535,58.606042559394005,53.482844074040486,,,
1770200400,214.7535,214.7825,214.712,214.736,56.45983596734802,53.19777203623308,,,
1770200700,214.736,214.749,214.6605,214.737,56.557737209350044,53.452169628831896,,,
1770201000,214.737,214.8085,214.736,214.7475,57.63489762010057,53.80076344868778,,,
1770201300,214.7475,214.7835,214.698,214.782,61.05206940396341,54.54267744225383,,,
1770201600,214.782,214.847,214.775,214.8215,64.57519926468906,55.84545756259466,,,
1770201900,214.8215,214.856,214.791,214.841,66.20065357137668,57.39471735810363,,,
1770202200,214.841,214.9465,214.841,214.918,71.71893565070414,58.8618645198751,,,
1770202500,214.918,214.9865,214.887,214.9795,75.20143622864616,60.8156579059803,,,
1770202800,214.9795,214.9835,214.885,214.9715,73.92619208383027,62.275059105121734,,,
1770203100,214.9715,214.983,214.895,214.895,62.935629681463915,62.602558258422626,,,
1770203400,214.895,214.9285,214.8715,214.889,62.1551294184899,62.855389690607886,,,
1770203700,214.889,214.9585,214.8865,214.9375,65.84266042576557,63.578002595137285,,,
1770204000,214.9375,214.948,214.8975,214.947,66.53058888697214,64.24264342657814,,,
1770204300,214.947,214.955,214.897,214.922,62.938268070239175,64.55208810592423,,,
1770204600,214.922,214.9665,214.921,214.9525,65.3933068868155,65.19019317160046,,,
1770204900,214.9525,215.001,214.9455,214.984,67.76803978532989,65.99092906988474,,,
1770205200,214.984,214.9885,214.8465,214.8505,51.60560072830765,65.56026500618525,,,
1770205500,214.8505,214.9335,214.8215,214.928,57.8850730248642,65.33405097910673,,,
1770205800,214.928,214.9385,214.8945,214.9095,56.01654725804871,64.72271869291815,,,
1770206100,214.9095,214.991,214.9085,214.984,61.41773695930089,64.38108179205558,,,
1770206400,214.984,215.006,214.962,214.966,59.51606655128285,63.50944828495407,,,
1770206700,214.966,214.966,214.903,214.941,56.88175803475961,62.200899842533595,,,
1770207000,214.941,214.959,214.889,214.897,52.479088863202804,60.66896389820307,,,
1770207300,214.897,214.952,214.8885,214.8955,52.33038568744227,59.911446470058664,,,
1770207600,214.8955,214.948,214.8865,214.936,55.95899048344173,59.46886511755522,,,
1770207900,214.936,214.983,214.9295,214.9685,58.67730492148496,58.95705401010661,,,
1770208200,214.9685,214.992,214.9125,214.955,57.10071387742061,58.28349150942436,,,
1770208500,214.955,214.974,214.9205,214.9555,57.146639462823465,57.8698037517518,,,
1770208800,214.9555,214.9705,214.929,214.9635,57.922808030144786,57.33619669056104,,,
1770209100,214.9635,214.9995,214.9445,214.9615,57.641726158824945,56.61288857438211,,,
1770209400,214.9615,214.965,214.9115,214.936,54.04091154490353,56.7868393469961,,,
1770209700,214.936,214.938,214.8755,214.8915,48.363082968028316,56.10669720007926,,,
1770210000,214.8915,214.904,214.8245,214.839,42.667469909919745,55.15319167521291,,,
1770210300,214.839,214.9335,214.8305,214.887,48.624738265207945,54.23940605420627,,,
1770210600,214.887,214.904,214.864,214.8665,46.40691925372926,53.3030383900953,,,
1770210900,214.8665,214.944,214.8435,214.9325,53.72489544055787,53.07754820479518,,,
1770211200,214.9325,214.945,214.878,214.8935,49.42976670947832,52.859739479529146,,,
1770211500,214.8935,214.9235,214.8845,214.8865,48.67754239724383,52.59882210165783,,,
1770211800,214.8865,214.9575,214.8595,214.901,50.36262898647868,52.1990819947319,,,
1770212100,214.901,214.904,214.7915,214.8475,44.55046946235636,51.19002231907985,,,
1770212400,214.8475,214.8805,214.776,214.854,45.37529574240006,50.35249245229267,,,
1770212700,214.854,214.856,214.7525,214.76,36.84056094436271,48.90205827240262,,,
1770213000,214.76,214.7955,214.701,214.7585,36.721862956654,47.38770505286757,,,
1770213300,214.7585,214.761,214.574,214.5865,26.269907728415134,45.14686087926687,,,
1770213600,214.5865,214.6425,214.409,214.4195,20.24486182771618,42.732857328039195,,,
1770213900,214.4195,214.428,214.2005,214.2485,16.158271999759904,40.4325136874486,,,
1770214200,214.2485,214.374,214.2165,214.312,22.420855334246212,38.98632693204335,,,
1770214500,214.312,214.4125,214.3015,214.4095,30.949424460333603,37.72380451740946,,,
1770214800,214.4095,214.46,214.3885,214.424,32.14414568567177,36.70503497683393,,,
1770215100,214.424,214.478,214.4185,214.44,33.5111958835964,35.26119929419382,,,
1770215400,214.44,214.4645,214.282,214.2885,27.800084950845246,33.71622202572003,,,
1770215700,214.2885,214.388,214.257,214.347,32.57822390278403,32.56627070468719,,,
1770216000,214.347,214.417,214.3285,214.3785,35.06998810432502,31.473939213104778,,,
1770216300,214.3785,214.4125,214.3455,214.356,34.100539801539,30.727515665903542,,,
1770216600,214.356,214.367,214.2,214.2725,30.707970052559006,29.679849545200607,,,
1770216900,214.2725,214.2725,214.147,214.1505,26.551582955021672,28.944922545961965,,,
1770217200,214.1505,214.228,214,214.071,24.248344250552563,28.053956924097577,,,
1770217500,214.071,214.2125,214.071,214.1915,33.644118177520184,28.5806862418908,,,
1770217800,214.1915,214.3155,214.1605,214.3005,40.797400111453356,30.04872469072917,,,
1770218100,214.3005,214.315,214.1925,214.264,39.270727501510166,31.69961436942562,,,
1770218400,214.264,214.326,214.252,214.303,41.777753350952466,33.0822499420475,,,
1770218700,214.303,214.3275,214.148,214.2095,37.753798710381496,33.568276674193775,,,
1770219000,214.2095,214.2215,214.038,214.1175,34.257382890371474,33.71922218881518,,,
1770219300,214.1175,214.2795,214.0955,214.2425,42.10297201678881,34.332920484043214,,,
1770219600,214.2425,214.308,214.1385,214.1715,39.2386266015165,35.14995917337687,,,
1770219900,214.1715,214.21,214.069,214.0735,35.63498474165709,35.368299233296376,,,
1770220200,214.0735,214.1125,214.02,214.0785,35.95814677186016,35.431739138120314,,,
1770220500,214.0785,214.1545,214.0495,214.0575,35.15969349870883,35.50739297363245,,,
1770220800,214.0575,214.0815,213.838,213.864,28.811328997391954,35.37191861254909,,,
1770221100,213.864,213.915,213.8335,213.8615,28.739129511319575,35.52817193799894,,,
1770221400,213.8615,213.898,213.7595,213.8335,27.895960116950306,35.788715928455915,,,
1770221700,213.8335,213.86,213.7885,213.8235,27.5846910238797,35.35589970319588,,,
1770222000,213.8235,213.9235,213.822,213.877,31.958946853525575,34.724581613343894,,,
1770222300,213.877,214.001,213.8535,213.983,39.727335562486125,34.75719647484218,,,
1770222600,213.983,214.018,213.923,213.925,37.22307788443768,34.431862512948264,,,
1770222900,213.925,213.958,213.8205,213.8215,33.20110487857053,34.10667009639034,,,
1770223200,213.8215,213.8325,213.736,213.738,30.351780749604373,33.82769851490698,,,
1770223500,213.738,213.7835,213.688,213.721,29.791217400349822,32.94828747087562,,,
1770223800,213.721,213.821,213.6815,213.811,36.47975201947123,32.75122500072953,,,
1770224100,213.811,213.933,213.781,213.9045,42.59791432622116,33.24857711391268,,,
1770224400,213.9045,213.929,213.869,213.899,42.3395746790064,33.704393392994554,,,
1770224700,213.899,213.9575,213.895,213.937,44.82911007956197,34.39506600591263,,,
1770225000,213.937,213.9775,213.857,213.9775,47.434069321761974,35.72526174336763,,,
1770225300,213.9775,213.986,213.9135,213.926,44.553304820951844,36.854845694055655,,,
1770225600,213.926,214.0425,213.922,214.0225,50.60659019336411,38.47703355665664,,,
1770225900,214.0225,214.0335,213.829,213.839,41.359863555097725,39.460974451743645,,,
1770226200,213.839,213.864,213.7545,213.7915,39.35527117018644,39.989283331505135,,,
1770226500,213.7915,213.8535,213.7475,213.809,40.49945820314081,40.04443494869476,,,
1770226800,213.809,213.8615,213.778,213.834,42.177818055912724,40.39834496094297,,,
1770227100,213.834,213.85,213.8115,213.8255,41.746647233133736,41.00874084341177,,,
1770227400,213.8255,213.8395,213.7965,213.8295,42.04688669721036,41.84410555395506,,,
1770227700,213.8295,213.8955,213.787,213.799,40.33961315329284,42.597562393450985,,,
1770228000,213.799,213.805,213.726,213.79,39.82573469129818,42.83656115572434,,,
1770228300,213.79,213.819,213.766,213.768,38.533527052651564,42.546247779040804,,,
1770228600,213.768,213.83,213.768,213.817,42.97182130615397,42.591408252408485,,,
1770228900,213.817,213.8345,213.7995,213.807,42.300528191968404,42.41079526043752,,,
1770229200,213.807,213.854,213.7945,213.853,46.44501576858934,42.340148578068046,,,
1770229500,213.853,213.964,213.853,213.944,53.55269427294813,42.98296211035349,,,
1770229800,213.944,213.9725,213.91,213.9575,54.51708544420079,43.26228319969896,,,
1770230100,213.9575,213.9945,213.926,213.963,54.92768283854107,44.23141314851635,,,
1770230400,213.963,214.035,213.963,213.9815,56.354922461516914,45.44567395503994,,,
1770230700,213.9815,214.028,213.9405,214.001,57.86929693774911,46.68637672179768,,,
1770231000,214.001,214.033,213.977,214.033,60.3034655405727,47.98106582784482,,,
1770231300,214.033,214.075,214.0035,214.0145,58.20958041354824,49.15698962644586,,,
1770231600,214.0145,214.0325,213.9615,213.9725,53.65466502242563,49.98611664967552,,,
1770231900,213.9725,214.0215,213.9115,214.003,56.327250547341194,51.128090749250404,,,
1770232200,214.003,214.04,213.9755,214.027,58.36200264714884,52.45210988895402,,,
1770232500,214.027,214.0955,214.021,214.0715,61.90598217525532,54.12157096914,,,
1770232800,214.0715,214.0865,214.0195,214.0615,60.65657519180017,55.384767675257585,,,
1770233100,214.0615,214.0815,214.0435,214.0795,62.13784387517978,56.80171879548698,,,
1770233400,214.0795,214.1565,214.0795,214.153,67.51597123718054,58.306787043243496,,,
1770233700,214.153,214.1745,214.1485,214.156,67.71753434107737,59.31856133382415,,,
1770234000,214.156,214.212,214.156,214.206,70.95259162072666,60.49252606071885,,,
1770234300,214.206,214.2665,214.2025,214.227,72.21211086700646,61.72712806275211,,,
1770234600,214.227,214.2535,214.1785,214.179,65.24791927559848,62.36234212090079,,,
1770234900,214.179,214.264,214.164,214.264,70.64653501110004,63.275001983283005,,,
1770235200,214.264,214.311,214.241,214.3065,72.91236528795433,64.17563767952456,,,
1770235500,214.3065,214.325,214.2905,214.3215,73.6844543384252,65.28098581701576,,,
1770235800,214.3215,214.3235,214.25,214.2915,69.42247739350137,66.40725812923544,,,
1770236100,214.2915,214.3015,214.274,214.2855,68.56825102078845,67.28161530591026,,,
1770236400,214.2855,214.328,214.2795,214.308,70.05622510745428,68.11691691021778,,,
1770236700,214.308,214.3225,214.275,214.283,66.30056546872976,68.43081571689454,,,
1770237000,214.283,214.3015,214.2585,214.2885,66.72322252262569,68.86414766909635,,,
1770237300,214.2885,214.3015,214.2005,214.209,55.824418605275156,68.41318872124603,,,
1770237600,214.209,214.227,214.1955,214.2005,54.793865803964685,67.50446690458776,,,
1770237900,214.2005,214.2475,214.1955,214.244,58.968500189072486,66.87953589373026,,,
1770238200,214.244,214.258,214.193,214.197,53.2470049027274,65.61485112815889,,,
1770238500,214.197,214.2155,214.1765,214.2155,55.093945450351434,64.39212502696924,,,
1770238800,214.2155,214.236,214.205,214.2265,56.2018563170075,63.74597767278418,,,
1770239100,214.2265,214.254,214.2265,214.2325,56.827533094856506,62.7589061073382,,,
1770239400,214.2325,214.2695,214.206,214.252,58.88333046470274,61.75683219139166,,,
1770239700,214.252,214.2655,214.25,214.257,59.4169578587287,60.73772529998477,,,
1770240000,214.257,214.2665,214.2515,214.2655,60.358847591715566,60.090323171285775,,,
1770240300,214.2655,214.293,214.2655,214.2805,62.0334570315248,59.62355217205266,,,
1770240600,214.2805,214.2995,214.238,214.2465,56.23459014972268,58.63629253221469,,,
1770240900,214.2465,214.255,214.22,214.248,56.42810780824261,57.931116985037036,,,
1770241200,214.248,214.2795,214.24,214.253,57.10890871514138,57.24438028450244,,,
1770241500,214.253,214.253,214.188,214.203,48.88344820444924,56.74859668444344,,,
1770241800,214.203,214.204,214.168,214.186,46.43460105002721,56.15150634487649,,,
1770242100,214.186,214.2275,214.179,214.194,47.76084000490894,55.350959188864806,,,
1770242400,214.194,214.3215,214.0525,214.2925,60.67211104232793,55.88132391312199,,,
1770242700,214.2925,214.2935,214.1055,214.106,40.341446683986774,54.8275740012388,,,
1770243000,214.106,214.1375,214.027,214.1035,40.14724007046638,53.68081569791443,,,
1770243300,214.1035,214.215,214.1035,214.143,44.67878246100768,52.81304779549665,,,
1770243600,214.143,214.159,214.101,214.12,42.653738785738604,51.65379124699922,,,
1770243900,214.12,214.137,214.113,214.1195,42.6085265032988,50.453189007325655,,,
1770244200,214.1195,214.1315,214.0845,214.0865,39.62329169131789,48.97207787158296,,,
1770244500,214.0865,214.1225,214.0555,214.0665,37.89062704743091,47.24759001557626,,,
1770244800,214.0665,214.1745,214.0575,214.1625,49.34157769065348,46.75523198278561,,,
1770245100,214.1625,214.1795,214.001,214.0895,42.86917105701834,45.78673650055531,,,
1770245400,214.0895,214.128,214.015,214.127,46.734544833209156,45.04571050898871,,,
1770245700,214.127,214.1375,214.0765,214.097,44.16042430332157,44.708351658908164,,,
1770246000,214.097,214.1605,214.09,214.1445,48.95450478711496,44.88834478298587,,,
1770246300,214.1445,214.1445,214.0515,214.057,41.83006279878989,44.46471783969164,,,
1770246600,214.057,214.064,214.039,214.054,41.60649092485483,43.1028878313007,,,
1770246900,214.054,214.079,214.0525,214.0615,42.43483937363539,43.25241588056132,,,
1770247200,214.0615,214.104,214.0475,214.083,44.85005256307176,43.58833105860457,,,
1770247500,214.083,214.083,214.02,214.035,40.74037083493198,43.3070159424563,,,
1770247800,214.035,214.0925,214.035,214.0755,45.295171382008824,43.49568969933274,,,
1770248100,214.0755,214.101,214.067,214.0845,46.28325185853111,43.75817008184934,,,
1770248400,214.0845,214.116,214.074,214.109,48.984574318380524,44.42683312663953,,,
1770248700,214.109,214.1525,214.089,214.128,51.040811129262714,45.36613198962751,,,
1770249000,214.128,214.135,214.109,214.1315,51.4291815657263,45.515246552132716,,,
1770249300,214.1315,214.162,214.078,214.1175,49.72986646454068,46.00529622409859,,,
1770249600,214.1175,214.1855,214.0815,214.1055,48.25798978411818,46.1141137205921,,,
1770249900,214.1055,214.175,214.1035,214.163,55.11351881674741,46.89647761440823,,,
1770250200,214.163,214.186,214.1205,214.1415,52.322019817030124,47.13701440225931,,,
1770250500,214.1415,214.1665,214.133,214.1665,55.16567050990454,48.08955781019608,,,
1770250800,214.1665,214.2015,214.1645,214.201,58.81614381800638,49.318818731135465,,,
1770251100,214.201,214.225,214.175,214.1935,57.71596989201959,50.4103280538772,,,
1770251400,214.1935,214.214,214.167,214.168,54.01637766611911,51.06506556123772,,,
1770251700,214.168,214.235,214.165,214.2245,60.116567361502625,52.449079598849906,,,
1770252000,214.2245,214.238,214.124,214.149,50.47962115373706,52.819397439687634,,,
1770252300,214.149,214.149,214.068,214.1195,47.2897576731757,52.891290712162245,,,
1770252600,214.1195,214.1325,213.9285,214.005,37.408819762851635,52.064451101053045,,,
1770252900,214.005,214.0675,213.9905,214.046,42.07598117580537,51.424106104377515,,,
1770253200,214.046,214.111,214.045,214.1085,48.39321987955342,51.2072516982223,,,
1770253500,214.1085,214.2045,214.106,214.1935,55.501119393280106,51.61948405027512,,,
1770253800,214.1935,214.2185,214.162,214.17,53.31478881234361,51.98068398086265,,,
1770254100,214.17,214.181,214.0945,214.104,47.6388685947149,51.44678039357461,,,
1770254400,214.104,214.1095,214.062,214.0835,46.00073991005193,50.99526040021903,,,
1770254700,214.0835,214.1555,214.082,214.152,51.94681206721147,50.765341940026666,,,
1770255000,214.152,214.165,214.125,214.1475,51.54526379795235,50.24599336716567,,,
1770255300,214.1475,214.1885,214.138,214.169,53.39874054383746,49.93761984229552,,,
1770255600,214.169,214.208,214.154,214.1875,54.99402819623341,50.00745202301796,,,
1770255900,214.1875,214.1885,214.148,214.159,52.03857194771658,49.430452350604675,,,
1770256200,214.159,214.162,214.0935,214.0945,46.01188581780935,49.1113283980384,,,
1770256500,214.0945,214.124,214.0665,214.089,45.5276950263669,48.985466780409205,,,
1770256800,214.089,214.1255,214.0685,214.1215,48.94652243432811,49.80958839980038,,,
1770257100,214.1215,214.126,213.9515,214.057,43.15734123714634,49.88682840418188,,,
1770257400,214.057,214.0695,213.987,213.988,37.98191400003256,49.14316369850182,,,
1770257700,213.988,214.0065,213.8135,213.838,29.656014526114944,47.29708477941859,,,
1770258000,213.838,213.895,213.781,213.8615,32.164840035702696,45.78637415251567,,,
1770258300,213.8615,213.863,213.789,213.83,30.589952092655253,44.56859440236855,,,
1770258600,213.83,213.8935,213.822,213.8415,31.900888656932338,43.56146217000286,,,
1770258900,213.8415,213.8805,213.834,213.8495,32.85100260829462,42.19747578008023,,,
1770259200,213.8495,213.867,213.8185,213.8415,32.36471773786589,40.827436775788335,,,
1770259500,213.8415,213.8465,213.7645,213.809,30.396199372761444,39.18439812071148,,,
1770259800,213.809,213.8365,213.7565,213.817,31.50064774936746,37.50629951736391,,,
1770260100,213.817,213.8255,213.694,213.7,25.202223811775,35.58941750765379,,,
1770260400,213.7,213.7605,213.6435,213.654,23.235175547634938,33.96250963121276,,,
1770260700,213.654,213.724,213.644,213.717,31.159914321380626,32.9362395808566,,,
1770261000,213.717,213.7425,213.696,213.7015,30.330301874764245,31.606509540887753,,,
1770261300,213.7015,213.7215,213.6565,213.7185,32.45441611769611,30.84201488949845,,,
1770261600,213.7185,213.768,213.706,213.756,37.01615225149924,30.77303190746036,,,
1770261900,213.756,213.7645,213.682,213.6915,32.90041445114528,31.00477475924824,,,
1770262200,213.6915,213.698,213.641,213.6505,30.573350654876066,30.89109694633205,,,
1770262500,213.6505,213.666,213.4835,213.629,29.399049477132536,30.806032473794712,,,
1770262800,213.629,213.6845,213.629,213.652,32.39074023324832,30.841021872102996,,,
1770263100,213.652,213.6535,213.604,213.643,31.822489943159937,30.767556681736234,,,
1770263400,213.643,213.6525,213.6075,213.6395,31.590385243913047,30.71224721788246,,,
1770263700,213.6395,213.6675,213.6165,213.636,31.34418333396701,30.779960357968573,,,
1770264000,213.636,213.696,213.636,213.666,35.95184926695201,31.09790332351033,,,
1770264300,213.666,213.691,213.6405,213.6825,38.400507392555426,32.04063786499464,,,
1770264600,213.6825,213.7175,213.6695,213.695,40.26375358149649,33.25696486741332,,,
1770264900,213.695,213.6995,213.6695,213.678,38.555685686994096,33.78523425067143,,,
1770265200,213.678,213.706,213.67,213.68,38.88416677077409,34.39622460038642,,,
1770265500,213.68,213.7105,213.674,213.7105,43.816913152669954,35.20783153145597,,,
1770265800,213.7105,213.7215,213.6735,213.7075,43.44547568908276,35.6670689198548,,,
1770266100,213.7075,213.735,213.704,213.723,45.99283626577319,36.60224190661394,,,
1770266400,213.723,213.761,213.723,213.7545,50.83909379079778,38.04979498775121,,,
1770266700,213.7545,213.7585,213.73,213.742,48.96153191480671,39.44711516187079,,,
1770267000,213.742,213.753,213.7255,213.7395,48.57514250028302,40.60314389523041,,,
1770267300,213.7395,213.747,213.6715,213.6715,39.454586641190915,41.14829365937548,,,
1770267600,213.6715,213.73,213.6625,213.724,47.63024671625335,42.29399805025694,,,
1770267900,213.724,213.749,213.6865,213.6905,43.58581987156718,43.16840066008552,,,
1770268200,213.6905,213.7095,213.6805,213.6845,42.88346730692702,43.66351623436945,,,
1770268500,213.6845,213.685,213.6355,213.6575,39.77718319380121,43.76185022017272,,,
1770268800,213.6575,213.6735,213.632,213.66,40.209047867173304,43.757942669149635,,,
1770269100,213.66,213.694,213.658,213.67,42.000701404733555,44.00401522041674,,,
1770269400,213.67,213.676,213.6425,213.6495,39.394585977759434,44.040473735201395,,,
1770269700,213.6495,213.6815,213.649,213.6705,43.277372897810075,44.00193514556855,,,
1770270000,213.6705,213.6915,213.652,213.6585,41.6358526897856,43.87267635990447,,,
1770270300,213.6585,213.7145,213.6575,213.7095,50.26928791983828,44.178137192337694,,,
1770270600,213.7095,213.77,213.6945,213.744,55.107097575567096,44.4829946055355,,,
1770270900,213.744,213.805,213.7335,213.8045,62.074574297707535,45.419640490028414,,,
1770271200,213.8045,213.892,213.779,213.837,65.19921147767941,46.60707398841388,,,
1770271500,213.837,213.8515,213.6265,213.673,45.035537953576515,47.00571336786999,,,
1770271800,213.673,213.6945,213.629,213.635,41.809105195648144,46.589917544969616,,,
1770272100,213.635,213.6495,213.5305,213.557,36.093162230881596,46.05472771349207,,,
1770272400,213.557,213.6055,213.5555,213.5755,38.24951204955948,45.723730909394384,,,
1770272700,213.5755,213.6105,213.5435,213.602,41.30467399749774,45.832837395372714,,,
1770273000,213.602,213.6455,213.58,213.6235,43.736850837885555,46.08482332185216,,,
1770273300,213.6235,213.6345,213.566,213.5825,40.306803833506926,45.96383063819311,,,
1770273600,213.5825,213.641,213.5715,213.618,44.37456252128297,46.319543248444795,,,
1770273900,213.618,213.6945,213.578,213.6825,50.91883343730988,46.86536185840907,,,
1770274200,213.6825,213.75,213.6805,213.7095,53.390830376767624,47.705003121764925,,,
1770274500,213.7095,213.8135,213.7005,213.8135,61.44572482051416,48.50332004324177,,,
1770274800,213.8135,213.9045,213.803,213.8715,65.07109831469232,49.21503438175072,,,
1770275100,213.8715,213.88,213.8305,213.8625,64.0644072271225,49.35716530528036,,,
1770275400,213.8625,213.9125,213.841,213.884,65.43991644234544,49.37435851704222,,,
1770275700,213.884,213.9955,213.883,213.974,70.52583033669157,51.19509368726472,,,
1770276000,213.974,214.049,213.974,214.044,73.7602351330883,53.47731725422473,,,
1770276300,214.044,214.049,213.9525,213.981,66.66926504243631,55.66132459790721,,,
1770276600,213.981,214.0335,213.9385,214.031,69.20000835548697,57.872074334044896,,,
1770276900,214.031,214.1105,214.0305,214.0575,70.47935886423227,59.9559803959545,,,
1770277200,214.0575,214.065,213.9985,214.0095,65.19678954380754,61.48883316066321,,,
1770277500,214.0095,214.069,213.979,213.9995,64.11856185852966,63.1896730195934,,,
1770277800,213.9995,214.181,213.999,214.168,72.401058711632,65.19156560461833,,,
1770278100,214.168,214.174,213.9775,213.979,56.615118854289214,65.59844313440257,,,
1770278400,213.979,214.1345,213.979,214.105,62.487274641011176,66.24818915327711,,,
1770278700,214.105,214.202,214.0765,214.1775,65.39004288157469,66.52992615763857,,,
1770279000,214.1775,214.1825,214.006,214.018,55.259197579769676,65.8290761051441,,,
1770279300,214.018,214.023,213.944,213.9635,52.278761252330106,64.98724424980179,,,
1770279600,213.9635,213.9835,213.912,213.934,50.6852075620333,63.93333647263664,,,
1770279900,213.934,213.993,213.9295,213.981,53.13618641465488,62.691219049634014,,,
1770280200,213.981,213.9855,213.877,213.8795,47.630626239050244,60.824818414345586,,,
1770280500,213.8795,213.9,213.833,213.8715,47.21538232994304,59.43525536345321,,,
1770280800,213.8715,213.921,213.8065,213.8595,46.55968568496219,57.81808945841572,,,
1770281100,213.8595,213.8605,213.7275,213.7285,40.02498937744539,55.64277735221666,,,
1770281400,213.7285,213.7515,213.6315,213.6415,36.373782237495554,53.58399111605151,,,
1770281700,213.6415,213.6855,213.5855,213.586,34.228652967430975,51.44899762383018,,,
1770282000,213.586,213.623,213.503,213.505,31.32507284195121,48.514998633138696,,,
1770282300,213.505,213.5255,213.4335,213.4335,28.98752330122815,46.541598950777185,,,
1770282600,213.4335,213.437,213.3495,213.3515,26.541365391441573,43.974034004379355,,,
1770282900,213.3515,213.5565,213.3335,213.5565,40.14100734110154,42.17053146577414,,,
1770283200,213.5565,213.5925,213.5065,213.533,39.24407960265726,41.02659446740897,,,
1770283500,213.533,213.5455,213.4575,213.5355,39.3992126361803,40.106626709112554,,,
1770283800,213.5355,213.628,213.493,213.496,37.758718446716216,39.18330605801848,,,
1770284100,213.496,213.5,213.2795,213.3525,32.46938752602523,37.70710613740208,,,
1770284400,213.3525,213.357,213.204,213.2295,28.75160880140035,36.358604891855656,,,
1770284700,213.2295,213.3385,213.2215,213.23,28.787304545699627,35.04231362155256,,,
1770285000,213.23,213.3125,213.2145,213.3065,34.217643295822455,34.16073916518543,,,
1770285300,213.3065,213.469,213.294,213.4345,42.16452940994669,34.31356345322124,,,
1770285600,213.4345,213.4345,213.35,213.427,41.84554258820395,34.704403478271836,,,
1770285900,213.427,213.5505,213.4145,213.5445,48.42817052272293,35.71865473222126,,,
1770286200,213.5445,213.576,213.5145,213.5645,49.476473381561355,37.0151833421934,,,
1770286500,213.5645,213.5755,213.4345,213.4475,43.859774102382254,38.07748697084727,,,
1770286800,213.4475,213.5545,213.4475,213.526,48.11563496056132,39.618506225784394,,,
1770287100,213.526,213.5785,213.4805,213.552,49.481635655122275,40.285693962500154,,,
1770287400,213.552,213.656,213.5435,213.63,53.44182793705993,41.29981884352892,,,
1770287700,213.63,213.689,213.6205,213.633,53.59251167733544,42.313625917897134,,,
1770288000,213.633,213.73,213.628,213.709,57.35771123081083,43.7135539739039,,,
1770288300,213.709,213.711,213.647,213.649,53.656494060872724,45.22691872639301,,,
1770288600,213.649,213.653,213.5675,213.5935,50.41574530512029,46.77435704808728,,,
1770288900,213.5935,213.6815,213.588,213.656,53.799809221860784,48.56096452495594,,,
1770289200,213.656,213.72,213.621,213.6435,53.02042315775957,49.90402022938002,,,
1770289500,213.6435,213.6605,213.5855,213.6095,50.86208424488954,50.52527414616166,,,
1770289800,213.6095,213.6775,213.6025,213.6745,54.661870543143536,51.440726142943056,,,
1770290100,213.6745,213.872,213.6685,213.855,63.17730076606409,52.49423544603885,,,
1770290400,213.855,213.922,213.839,213.897,64.83246718060602,53.59109214597061,,,
1770290700,213.897,213.9175,213.8375,213.853,61.70334293387346,54.865632776791415,,,
1770291000,213.853,213.8575,213.765,213.8055,58.42499846201619,55.60201588403819,,,
1770291300,213.8055,213.855,213.678,213.6925,51.42511683675835,55.74083596844076,,,
1770291600,213.6925,213.7395,213.6655,213.6995,51.81028521230024,55.6242972023865,,,
1770291900,213.6995,213.859,213.685,213.8355,58.667612815405555,55.98680442653437,,,
1770292200,213.8355,213.9105,213.817,213.901,61.5084906500972,56.28328867076912,,,
1770292500,213.901,213.957,213.884,213.92,62.31758247104738,56.90193784292444,,,
1770292800,213.92,213.9325,213.016,213.367,37.56665045238875,55.98414535344362,,,
1770293100,213.367,213.388,213.1305,213.2745,35.0583814718117,54.64547194272582,,,
1770293400,213.2745,213.381,213.2005,213.257,34.58786333664088,53.32886052693163,,,
1770293700,213.257,213.3035,213.132,213.136,31.445377542116148,51.94195290530496,,,
1770294000,213.136,213.152,212.9395,213.0335,29.038536072914283,50.111714728860015,,,
1770294300,213.0335,213.195,213.0185,213.174,36.24231466797615,48.18778715042516,,,
1770294600,213.174,213.2055,213.0575,213.1045,34.382911350923564,46.01281887687641,,,
1770294900,213.1045,213.1605,213.0395,213.1225,35.308624523827135,44.12748184758738,,,
1770295200,213.1225,213.173,213.054,213.063,33.620173081717155,42.355708606137455,,,
1770295500,213.063,213.196,213.036,213.1175,36.61030703123097,41.29750790574264,,,
1770295800,213.1175,213.145,213.016,213.0315,34.00708858332192,40.025851003672756,,,
1770296100,213.0315,213.1685,213.0315,213.164,40.97130895850132,38.761829299608166,,,
1770296400,213.164,213.2075,212.9245,212.9625,34.933715677761214,36.86363108729846,,,
1770296700,212.9625,213.0295,212.8965,212.9965,36.63059970487266,35.028846604000265,,,
1770297000,212.9965,212.9985,212.892,212.903,34.00428267370613,34.774391762665786,,,
1770297300,212.903,213.0165,212.903,212.9115,34.46429881402956,34.73195728710992,,,
1770297600,212.9115,213.035,212.8865,213.002,39.314467259122424,35.06957185300145,,,
1770297900,213.002,213.1135,212.996,213.018,40.1576919093427,35.69188002208906,,,
1770298200,213.018,213.039,212.863,212.899,36.13599110640408,36.19884109590976,,,
1770298500,212.899,212.9425,212.6955,212.717,31.019371623983062,35.82577373562454,,,
1770298800,212.717,212.7395,212.6,212.63,28.911942538810308,35.43499024904502,,,
1770299100,212.63,212.7435,212.602,212.7165,33.73255002494591,35.32241349912493,,,
1770299400,212.7165,212.743,212.638,212.7255,34.23227268582235,35.36613489941816,,,
1770299700,212.7255,212.819,212.715,212.741,35.13943167155395,35.26107237372694,,,
1770300000,212.741,212.857,212.6685,212.82,39.70438535395904,35.66802214305817,,,
1770300300,212.82,212.8245,212.663,212.6685,34.665613030385316,35.21761529104988,,,
1770300600,212.6685,212.7215,212.634,212.648,34.036175087888594,35.15350524891612,,,
1770300900,212.648,212.6895,212.5505,212.5835,32.063500264148615,34.82728386029297,,,
1770301200,212.5835,212.8095,212.5725,212.8045,44.03272808397553,35.54360138959793,,,
1770301500,212.8045,212.8325,212.7335,212.7495,42.04729118966535,36.085243702143345,,,
1770301800,212.7495,212.871,212.7335,212.8275,45.78106555194401,36.54714358020203,,,
1770302100,212.8275,212.882,212.7275,212.7965,44.55250041736407,36.86105847363213,,,
1770302400,212.7965,212.9045,212.7575,212.863,47.789304428525774,37.69343799664082,,,
1770302700,212.863,212.9135,212.546,212.568,37.36805135711125,38.1469151204357,,,
1770303000,212.568,212.658,212.537,212.5605,37.14626830533463,38.735081246616005,,,
1770303300,212.5605,212.5775,212.34,212.3765,32.11099638616875,38.61925598670335,,,
1770303600,212.3765,212.4205,212.1445,212.388,32.72479719129926,38.511579165665985,,,
1770303900,212.388,212.4405,212.2735,212.39,32.838524584857865,38.34722865947341,,,
1770304200,212.39,212.4485,212.282,212.4485,36.23406835698256,38.09934887397509,,,
1770304500,212.4485,212.6085,212.437,212.491,38.66038726275491,38.38468989057292,,,
1770304800,212.491,212.5055,212.263,212.273,31.94572505789901,38.23537203128795,,,
1770305100,212.273,212.296,212.1335,212.177,29.514667262843247,38.053312531194706,,,
1770305400,212.177,212.201,211.7855,211.8065,22.422633242807947,36.50973432825417,,,
1770305700,211.8065,212.036,211.792,212.035,33.0995240592908,35.87060810465599,,,
1770306000,212.035,212.1375,211.989,212.061,34.209075856692124,35.044037412137996,,,
1770306300,212.061,212.1395,212.0005,212.0905,35.51586230449301,34.398563261218634,,,
1770306600,212.0905,212.0985,211.9805,211.9935,33.181998161369336,33.355184242136026,,,
1770306900,211.9935,212.218,211.9935,212.168,40.72791158514594,33.59517425842422,,,
1770307200,212.168,212.1855,212.0665,212.1175,39.34317129690133,33.75209590067898,,,
1770307500,212.1175,212.14,212.0215,212.066,37.92697037288961,34.167522614016185,,,
1770307800,212.066,212.173,212.0575,212.1315,40.843566192911176,34.747434685559895,,,
1770308100,212.1315,212.2415,212.117,212.22,44.62921760125713,35.58962704387413,,,
1770308400,212.22,212.5025,212.22,212.44,52.72779264779587,36.767750207503646,,,
1770308700,212.44,212.528,212.4215,212.519,55.25842090171925,37.95332403885824,,,
1770309000,212.519,212.614,212.4865,212.596,57.63876322767097,39.78854105098481,,,
1770309300,212.596,212.6865,212.5895,212.6795,60.11675054732674,41.97440414273363,,,
1770309600,212.6795,212.6905,212.6055,212.6305,57.97358892804765,44.513758120250756,,,
1770309900,212.6305,212.688,212.539,212.5885,56.1265927470703,46.15854874080643,,,
1770310200,212.5885,212.666,212.5885,212.6045,56.692640269370024,47.76451762742628,,,
1770310500,212.6045,212.674,212.577,212.6155,57.1024118093664,49.30641402063152,,,
1770310800,212.6155,212.6275,212.4305,212.4805,50.755155786951946,50.56163956531599,,,
1770311100,212.4805,212.5635,212.47,212.4725,50.39765026444821,51.25233518526615,,,
1770311400,212.4725,212.499,212.4155,212.487,51.07037466236386,52.08999256851348,,,
1770311700,212.487,212.518,212.4625,212.509,52.13115924890961,53.1045774882292,,,
1770312000,212.509,212.592,212.4835,212.5895,55.898752960766124,54.1799479716474,,,
1770312300,212.5895,212.714,212.5895,212.663,59.066606169907864,55.21119001226531,,,
1770312600,212.663,212.6905,212.543,212.543,52.44319235001855,55.190861419566936,,,
1770312900,212.543,212.608,212.5185,212.578,54.061237534222414,55.10534832188859,,,
1770313200,212.578,212.623,212.5495,212.601,55.14134914371123,54.92696160160575,,,
1770313500,212.601,212.6745,212.5545,212.5725,53.46389129916655,54.451757369594304,,,
1770313800,212.5725,212.5935,212.4975,212.5295,50.9456927015864,53.949764781989934,,,
1770314100,212.5295,212.5495,212.487,212.4955,48.98118452385826,53.439378480331925,,,
1770314400,212.4955,212.567,212.4755,212.548,52.055511984881164,53.108155031439864,,,
1770314700,212.548,212.5595,212.519,212.537,51.35721640196366,52.69778393091109,,,
1770315000,212.537,212.5645,212.5025,212.5345,51.189149384766,52.7287834736121,,,
1770315300,212.5345,212.5755,212.5275,212.557,52.68974441184245,52.892504484140254,,,
1770315600,212.557,212.571,212.515,212.527,50.462149129269214,52.84905980320492,,,
1770315900,212.527,212.539,212.472,212.4745,46.738190687124835,52.46384776307743,,,
1770316200,212.4745,212.5615,212.4735,212.505,49.08878542913814,51.977421510818296,,,
1770316500,212.505,212.5195,212.4615,212.4715,46.6533622011712,51.090761227337104,,,
1770316800,212.4715,212.4855,212.436,212.451,45.1763073484218,50.57169801293734,,,
1770317100,212.451,212.478,212.4235,212.436,44.07668222460582,49.858515490821866,,,
1770317400,212.436,212.436,212.355,212.3835,40.37265661941678,48.803608881943696,,,
1770317700,212.3835,212.4185,212.344,212.4155,43.48987147336549,48.09117889438647,,,
1770318000,212.4155,212.5055,212.3955,212.503,51.028727115877324,48.09710992397868,,,
1770318300,212.503,212.5265,212.444,212.4725,48.59513177050876,48.06953472731085,,,
1770318600,212.4725,212.545,212.4625,212.5395,53.80674139306026,48.194622542180795,,,
1770318900,212.5395,212.5495,212.5185,212.526,52.648504705313464,48.28685742099149,,,
1770319200,212.526,212.5295,212.4905,212.497,50.15109410477612,48.21271061527792,,,
1770319500,212.497,212.5215,212.476,212.498,50.23875015048822,48.037639596609765,,,
1770319800,212.498,212.498,212.3915,212.453,46.29376021615277,47.73989753138716,,,
1770320100,212.453,212.4565,212.411,212.433,44.616856203176624,47.58837363967657,,,
1770320400,212.433,212.4455,212.411,212.434,44.724669365052755,47.27665106367048,,,
1770320700,212.434,212.495,212.4305,212.4925,50.763116688998345,47.57020495565813,,,
1770321000,212.4925,212.53,212.466,212.5285,54.087108147093765,48.20669072699184,,,
1770321300,212.5285,212.5945,212.5285,212.5855,58.82671091621945,49.260264204964244,,,
1770321600,212.5855,212.5855,212.5195,212.554,55.421781157093505,50.33520167194115,,,
1770321900,212.554,212.684,212.5325,212.682,64.43103655247546,51.83099917759186,,,
1770322200,212.682,212.704,212.6565,212.6605,62.15865644448111,52.625994129635,,,
1770322500,212.6605,212.6715,212.633,212.65,61.026670435755484,53.51396117715262,,,
1770322800,212.65,212.669,212.6145,212.618,57.584813850321325,53.78382349552841,,,
1770323100,212.618,212.6265,212.6015,212.613,57.04345699474727,54.0977486590594,,,
1770323400,212.613,212.648,212.5955,212.6285,58.35062246159525,54.68342925597505,,,
1770323700,212.6285,212.651,212.619,212.6495,60.12120255028343,55.389318713103286,,,
1770324000,212.6495,212.665,212.6275,212.647,59.795306158577,56.35371485184787,,,
1770324300,212.647,212.652,212.6145,212.6225,56.559600661337306,57.206768027430776,,,
1770324600,212.6225,212.6325,212.5775,212.5935,52.90991427435233,57.791428378095034,,,
1770324900,212.5935,212.624,212.5725,212.6185,55.57148322861799,58.134883130925004,,,
1770325200,212.6185,212.672,212.5725,212.5735,50.08409986410605,57.84895396785446,,,
1770325500,212.5735,212.6045,212.553,212.6,53.02575123273277,57.43459970474827,,,
1770325800,212.6,212.641,212.6,212.615,54.65472612829315,57.37981005983396,,,
1770326100,212.615,212.618,212.5955,212.601,52.813852991754366,56.550011234068165,,,
1770326400,212.601,212.601,212.567,212.573,49.241594139676984,55.627363926582156,,,
1770326700,212.573,212.6085,212.573,212.603,52.91622918524366,55.048046694402736,,,
1770327000,212.603,212.6105,212.493,212.4955,41.36119552590356,53.889216814087185,,,
1770327300,212.4955,212.5325,212.4945,212.5045,42.4933843514063,52.849925910991395,,,
1770327600,212.5045,212.543,212.5045,212.53,45.69281988558412,51.94579715556203,,,
1770327900,212.53,212.53,212.431,212.4655,39.67935984981427,50.48566553409995,,,
1770328200,212.4655,212.4925,212.462,212.4865,42.34005404790121,49.23886181190882,,,
1770328500,212.4865,212.503,212.4455,212.482,41.91341561343683,48.19270573705878,,,
1770328800,212.482,212.5585,212.482,212.5585,50.9601406315312,48.053436191142985,,,
1770329100,212.5585,212.6435,212.5585,212.6205,56.82862995680071,48.14323238601319,,,
1770329400,212.6205,212.6325,212.4575,212.462,42.74572981937988,47.61906309710418,,,
1770329700,212.462,212.506,212.435,212.4955,45.80277720294515,47.10313638069078,,,
1770330000,212.4955,212.508,212.4755,212.4785,44.50415261609811,46.37809541553399,,,
1770330300,212.4785,212.5415,212.47,212.537,49.78074672400472,46.16144496783759,,,
1770330600,212.537,212.537,212.5045,212.5055,47.17947525091156,46.0141507614972,,,
1770330900,212.5055,212.5335,212.504,212.515,48.06096223871216,45.66734597960209,,,
1770331200,212.515,212.5455,212.508,212.5455,50.89434729961435,46.34828539201,,,
1770331500,212.5455,212.566,212.516,212.5655,52.71589970314698,47.07846505999148,,,
1770331800,212.5655,212.592,212.561,212.567,52.85714435571145,47.590202522143436,,,
1770332100,212.567,212.5745,212.535,212.555,51.53097224162578,48.43674626441568,,,
1770332400,212.555,212.576,212.374,212.4735,43.54083879712249,48.52251660364577,,,
1770332700,212.4735,212.476,212.4435,212.448,41.37895441683456,48.484340803888465,,,
1770333000,212.448,212.4575,212.407,212.424,39.39630073389185,47.65835223977137,,,
1770333300,212.424,212.435,212.3145,212.3145,31.888832143247228,45.87693811023183,,,
1770333600,212.3145,212.327,212.198,212.2065,26.52075978254983,44.71801167902969,,,
1770333900,212.2065,212.2215,212.158,212.203,26.36586005220491,43.32966045397682,,,
1770334200,212.203,212.2765,212.203,212.2575,32.9345213628996,42.5032582216055,,,
1770334500,212.2575,212.2625,212.1555,212.167,28.403408578092368,40.976305496897474,,,
1770334800,212.167,212.205,212.1385,212.1525,27.74478246337827,39.58811315493081,,,
1770335100,212.1525,212.1805,212.076,212.096,25.28448444304925,37.96122188381203,,,
1770335400,212.096,212.1075,211.9565,212.007,21.97830228660807,35.89579009716873,,,
1770335700,212.007,212.0325,211.936,212.021,23.66911568724919,33.82101981031888,,,
1770336000,212.021,212.026,211.7195,211.7455,16.219945146131593,31.204077009634602,,,
1770336300,211.7455,211.8105,211.681,211.691,15.20076509394761,28.609062213371878,,,
1770336600,211.691,211.777,211.663,211.7555,21.488345594516105,27.033884127471424,,,
1770336900,211.7555,211.761,211.6095,211.7335,20.918611603797373,25.57243106939734,,,
1770337200,211.7335,211.8695,211.7335,211.8255,29.354025566064962,24.855125700266846,,,
1770337500,211.8255,211.9645,211.8255,211.957,39.31764538136913,25.385755217275552,,,
1770337800,211.957,212.024,211.9535,211.991,41.61063113475534,26.463603171004515,,,
1770338100,211.991,212.0745,211.9745,211.9745,40.80480754517912,27.494956563359818,,,
1770338400,211.9745,212.092,211.9745,212.0115,43.4494965666945,28.246026220773736,,,
1770338700,212.0115,212.058,211.9305,211.987,42.10796327490008,29.224922984831437,,,
1770339000,211.987,212.029,211.8905,211.993,42.575572669793445,30.28426514243252,,,
1770339300,211.993,211.996,211.9275,211.9525,40.214365587675424,31.35068522419153,,,
1770339600,211.9525,212.0905,211.925,212.0465,47.49297632807477,33.173161941439155,,,
1770339900,212.0465,212.053,211.9665,211.9945,44.281297125763054,34.64546061561872,,,
1770340200,211.9945,212.034,211.941,211.976,43.16297426286548,36.56996269538542,,,
1770340500,211.976,212.0215,211.8585,211.873,37.48657639955502,38.16180636007167,,,
1770340800,211.873,211.9305,211.8065,211.84,35.85943137770889,39.18831248744258,,,
1770341100,211.84,211.8755,211.8115,211.8255,35.13772121361393,40.20396317385804,,,
1770341400,211.8255,211.899,211.774,211.8725,39.395460984138076,40.92120856086327,,,
1770341700,211.8725,212.004,211.8695,211.9895,48.464585635444344,41.574561436154355,,,
1770342000,211.9895,212.0045,211.922,211.998,49.06097324136049,42.106728729483294,,,
1770342300,211.998,212.0495,211.9885,212.0075,49.76074337811386,42.74643843183578,,,
1770342600,212.0075,212.0695,211.982,212.0695,54.1843024606435,43.51321028140355,,,
1770342900,212.0695,212.16,212.0655,212.118,57.348052923679305,44.60178811345922,,,
1770343200,212.118,212.3915,212.11,212.356,68.75151624057912,46.47149836851538,,,
1770343500,212.356,212.379,212.263,212.3335,66.9296899470227,48.37973582275447,,,
1770343800,212.3335,212.376,212.297,212.347,67.48639573229677,49.80783720877032,,,
1770344100,212.347,212.396,212.32,212.39,69.26136723463053,51.59212793083229,,,
1770344400,212.39,212.4185,212.3555,212.3745,67.82403288357096,53.35363211802554,,,
1770344700,212.3745,212.424,212.358,212.423,69.92702598222839,55.6708070882165,,,
1770345000,212.423,212.443,212.385,212.411,68.730072612778,58.018710033578564,,,
1770345300,212.411,212.424,212.381,212.387,66.28624661287967,60.24360470495469,,,
1770345600,212.387,212.4465,212.384,212.3985,66.89368962791103,62.20776389379562,,,
1770345900,212.3985,212.411,212.328,212.368,63.619704037855186,63.29027235111068,,,
1770346200,212.368,212.384,212.347,212.366,63.40057514216252,64.3145296297394,,,
1770346500,212.366,212.374,212.3055,212.314,57.82392259627389,64.8904710024651,,,
1770346800,212.314,212.3605,212.2985,212.347,60.21552665572111,65.32127273068494,,,
1770347100,212.347,212.349,212.2845,212.2875,54.24304447712717,65.09948641307408,,,
1770347400,212.2875,212.315,212.284,212.288,54.28407920587933,64.06609805345266,,,
1770347700,212.288,212.3335,212.287,212.3025,55.52959213549662,63.251805352629376,,,
1770348000,212.3025,212.3525,212.3015,212.3235,57.34224539423654,62.52722318562507,,,
1770348300,212.3235,212.3425,212.3075,212.321,57.04414667597098,61.654564574292245,,,
1770348600,212.321,212.361,212.308,212.311,55.7946850599772,60.79532544403554,,,
1770348900,212.311,212.3765,212.3,212.3,54.38358746259589,59.68507983549036,,,
1770349200,212.3,212.3075,212.2275,212.255,48.93156269989998,58.27090055599907,,,
1770349500,212.255,212.295,212.2415,212.2705,50.76256648478235,57.162066261134974,,,
1770349800,212.2705,212.3555,212.2665,212.326,56.74307708376702,56.43702250798184,,,
1770350100,212.326,212.363,212.3125,212.324,56.476860503944884,55.92681939841682,,,
1770350400,212.324,212.3495,212.303,212.3285,56.96607617983253,55.467212329678965,,,
1770350700,212.3285,212.3505,212.313,212.3255,56.51004011511236,55.37336358102457,,,
1770351000,212.3255,212.3715,212.3115,212.319,55.473830018203344,55.03467096405901,,,
1770351300,212.319,212.37,212.315,212.34,58.144182864636946,55.31332370602399,,,
1770351600,212.34,212.369,212.314,212.342,58.40006580851089,55.607322749069105,,,
1770351900,212.342,212.362,212.321,212.331,56.359275931281005,55.66658587733942,,,
1770352200,212.331,212.346,212.291,212.3155,53.521134944270166,55.39364941662753,,,
1770352500,212.3155,212.353,212.294,212.3515,58.720586804768914,55.513395140113104,,,
1770352800,212.3515,212.406,212.3325,212.4045,64.93905863837398,56.166564681427154,,,
1770353100,212.4045,212.435,212.396,212.396,63.29230434720668,56.802901601756496,,,
1770353400,212.396,212.4005,212.3505,212.3565,56.16461949502486,57.31954851569399,,,
1770353700,212.3565,212.4095,212.331,212.4075,62.099361828052366,58.12931961164184,,,
1770354000,212.4075,212.4275,212.3685,212.3695,56.01418487590716,58.077255882509,,,
1770354300,212.3695,212.401,212.36,212.401,59.552446733198956,58.29694061317001,,,
1770354600,212.401,212.4495,212.3925,212.445,63.91849718732161,58.79354211370494,,,
1770354900,212.445,212.4615,212.4265,212.455,64.8472243003842,59.38905526979578,,,
1770355200,212.455,212.457,212.408,212.4385,62.010998155087854,59.855995851001815,,,
1770355500,212.4385,212.4545,212.4105,212.4525,63.47087916574914,60.23647415822411,,,
1770355800,212.4525,212.533,212.4465,212.4835,66.53734619005787,60.81770847119176,,,
1770356100,212.4835,212.629,212.4835,212.62,76.06503425609857,62.22526263725017,,,
1770356400,212.62,212.638,212.605,212.608,74.06842295248322,63.69292606640824,,,
1770356700,212.608,212.6225,212.561,212.589,70.8953276748957,64.56255041427444,,,
1770357000,212.589,212.624,212.575,212.6215,73.0241508190241,65.1400569986066,,,
1770357300,212.6215,212.7205,212.6175,212.7205,78.24433424895895,66.20805913444603,,,
1770357600,212.7205,212.8175,212.708,212.797,81.2618423895689,68.00071791262775,,,
1770357900,212.797,212.935,212.7885,212.847,82.92848118237916,69.48851215222251,,,
1770358200,212.847,212.9205,212.8325,212.908,84.71469417921314,71.53854853103009,,,
1770358500,212.908,213.007,212.886,212.948,85.76639188859356,73.41097318498684,,,
1770358800,212.948,212.9895,212.938,212.9545,85.93573667610835,74.98363314847161,,,
1770359100,212.9545,212.9665,212.8975,212.9605,86.10013223269989,76.50169800077988,,,
1770359400,212.9605,213.016,212.8675,212.8825,73.99179076824352,77.35746890171957,,,
1770359700,212.8825,212.8955,212.8325,212.8775,73.28036668925901,78.05814658197028,,,
1770360000,212.8775,212.884,212.839,212.8755,72.97810557288281,78.51820082360062,,,
1770360300,212.8755,212.8945,212.8115,212.8125,64.02019218733096,77.65785496154581,,,
1770360600,212.8125,212.8405,212.7735,212.8235,64.83190049726018,76.9981033576013,,,
1770360900,212.8235,212.8245,212.7565,212.788,60.11814476005128,76.22830457796955,,,
1770361200,212.788,212.7965,212.6695,212.6755,48.16639885116604,74.4527508659797,,,
1770361500,212.6755,212.7275,212.601,212.602,42.25579850723737,71.88214117014243,,,
1770361800,212.602,212.6095,212.538,212.5575,39.12537373633236,68.87239340919696,,,
1770362100,212.5575,212.6955,212.5575,212.643,47.2164507526333,66.32153409278655,,,
1770362400,212.643,212.882,212.64,212.861,61.32959570410394,64.65116991599304,,,
1770362700,212.861,212.883,212.802,212.803,56.965508927849065,62.593963990225575,,,
1770363000,212.803,212.849,212.7755,212.821,57.96519020273179,60.59606781355581,,,
1770363300,212.821,212.8535,212.745,212.746,52.4934731010433,58.195592161294634,,,
1770363600,212.746,212.7705,212.708,212.7575,53.22261750496244,56.71207978534598,,,
1770363900,212.7575,212.8195,212.7575,212.797,55.7356510474129,55.4588858109284,,,
1770364200,212.797,212.865,212.76,212.849,58.86842218970727,54.451051283558726,,,
1770364500,212.849,212.849,212.8025,212.847,58.69635539853018,54.07077722721581,,,
1770364800,212.847,212.873,212.7735,212.836,57.69746289628253,53.5611745414317,,,
1770365100,212.836,212.872,212.7665,212.7855,53.21967791045965,53.068426909318006,,,
1770365400,212.7855,212.92,212.7705,212.8525,57.889158236540716,53.76290972255905,,,
1770365700,212.8525,212.905,212.75,212.7605,50.44342284199591,54.34774003218467,,,
1770366000,212.7605,212.8315,212.7435,212.7775,51.6801717152301,55.244511316391645,,,
1770366300,212.7775,212.8115,212.6925,212.7165,47.1346273973605,55.23866679101502,,,
1770366600,212.7165,212.79,212.7135,212.757,50.262545508703006,54.448163205629236,,,
1770366900,212.757,212.8375,212.7365,212.815,54.42165437473634,54.26645930897833,,,
1770367200,212.815,212.815,212.7385,212.764,50.42846975938944,53.728122134453876,,,
1770367500,212.764,212.786,212.7235,212.769,50.80954697492914,53.607841696874296,,,
1770367800,212.769,212.934,212.7585,212.9205,60.674267581694764,54.14010241664089,,,
1770368100,212.9205,213.004,212.9125,213.003,64.8125298400403,54.78845090182857,,,
1770368400,213.003,213.141,213.003,213.072,67.85889410041646,55.43062746687922,,,
1770368700,213.072,213.1395,213.0475,213.1275,70.1011100050339,56.2452527959152,,,
1770369000,213.1275,213.1285,213.067,213.0815,65.99191388943933,56.83771358114069,,,
1770369300,213.0815,213.152,213.051,213.15,68.91413057213094,57.958745914117216,,,
1770369600,213.15,213.1865,213.1125,213.1305,67.14534630974396,58.619902205060306,,,
1770369900,213.1305,213.1825,213.1265,213.1635,68.61350634222487,59.91776531221951,,,
1770370200,213.1635,213.268,213.1635,213.2415,71.81902205202292,61.35625462199043,,,
1770370500,213.2415,213.2585,213.1595,213.1605,64.45695158218308,62.5935634923349,,,
1770370800,213.1605,213.254,213.121,213.253,68.4361195356625,63.89167592283201,,,
1770371100,213.253,213.292,213.182,213.2125,65.00465114317888,64.64760426343504,,,
1770371400,213.2125,213.2735,213.1905,213.2685,67.43601449704492,65.86242888755329,,,
1770371700,213.2685,213.274,213.2055,213.229,64.05544887786985,66.80856473776335,,,
1770372000,213.229,213.281,213.229,213.277,66.26835897291674,67.2081426942792,,,
1770372300,213.277,213.3035,213.243,213.2735,65.94953283430283,67.28935719386938,,,
1770372600,213.2735,213.293,213.2325,213.254,64.09919292968264,67.02080711024553,,,
1770372900,213.254,213.26,213.2165,213.2225,61.11617028912878,66.3790257019666,,,
1770373200,213.2225,213.2305,213.1415,213.187,57.848782412444116,65.7973734536098,,,
1770373500,213.187,213.1895,213.063,213.064,48.22809488295319,64.31979947581138,,,
1770373800,213.064,213.085,213.047,213.0775,49.22617433555872,63.03985862051244,,,
1770374100,213.0775,213.086,213.052,213.064,48.224958941888005,61.58353380620266,,,
1770374400,213.064,213.065,213.0345,213.052,47.30395592021771,59.83245765393087,,,
1770374700,213.052,213.0605,213.005,213.0595,47.97273835406137,58.65501385192216,,,
1770375000,213.0595,213.0955,213.0365,213.0915,50.8395308615269,57.398114660912476,,,
1770375300,213.0915,213.1455,213.0915,213.0985,51.46949073380035,56.43131748881401,,,
1770375600,213.0985,213.2305,213.0935,213.219,60.78528035554557,55.95626505013549,,,
1770375900,213.219,213.2475,213.1515,213.2465,62.55198502028723,55.848874774593874,,,
1770376200,213.2465,213.3385,213.237,213.3345,67.58467204174373,55.94289713665295,,,
1770376500,213.3345,213.3955,213.2995,213.3945,70.49608634313871,56.26765095871265,,,
1770376800,213.3945,213.4465,213.3795,213.4325,72.1991419224367,56.846218743909375,,,
1770377100,213.4325,213.4395,213.386,213.421,70.86597091108275,57.54263307404894,,,
1770377400,213.421,213.4795,213.4195,213.4265,71.14043976393762,58.4920371705842,,,
1770377700,213.4265,213.453,213.371,213.3715,64.58764383984865,59.66057638179102,,,
1770378000,213.3715,213.473,213.3655,213.4665,69.76762278168573,61.12782269937152,,,
1770378300,213.4665,213.489,213.4205,213.4635,69.42227684012086,62.64191683495959,,,
1770378600,213.4635,213.471,213.3745,213.4205,64.49445821853035,63.86980985626763,,,
1770378900,213.4205,213.453,213.3365,213.338,56.24525624031111,64.46070399099976,,,
1770379200,213.338,213.4185,213.3255,213.393,59.9253020154308,65.10968764485003,,,
1770379500,213.393,213.4785,213.3745,213.457,63.74634434806162,65.9866057601544,,,
1770379800,213.457,213.457,213.3765,213.3995,58.36221015856482,65.81352931751293,,,
1770380100,213.3995,213.4065,213.353,213.3705,55.80228420077176,65.33140783040467,,,
1770380400,213.3705,213.427,213.363,213.4255,59.436267745554574,64.74937895210545,,,
1770380700,213.4255,213.44,213.393,213.4365,60.142117124804834,64.00980972222445,,,
1770381000,213.4365,213.5005,213.4335,213.4835,63.096907953098835,63.359650152986035,,,
1770381300,213.4835,213.576,213.4805,213.563,67.48744431956467,63.11832682502046,,,
1770381600,213.563,213.5975,213.509,213.516,62.73537534524301,62.517965080827985,,,
1770381900,213.516,213.6085,213.501,213.572,65.82328719996354,62.60622532083619,,,
1770382200,213.572,213.573,213.4635,213.4825,57.60720724858106,61.737624211328715,,,
1770382500,213.4825,213.5075,213.4545,213.4555,55.36216972433481,60.733330845915425,,,
1770382800,213.4555,213.459,213.402,213.4495,54.850605250707034,60.044484205356625,,,
1770383100,213.4495,213.5085,213.4485,213.4805,57.05840931738474,60.10256656800474,,,
1770383400,213.4805,213.5125,213.434,213.508,58.974930421239804,60.03468288270538,,,
1770383700,213.508,213.5165,213.4235,213.44,52.71034624443012,59.24639730387456,,,
1770384000,213.44,213.5385,213.44,213.531,58.98869659664003,59.29114633516564,,,
1770384300,213.531,213.539,213.482,213.494,55.74789177556991,59.28726116193694,,,
1770384600,213.494,213.5455,213.4615,213.4725,53.89498383994162,58.89145516867887,,,
1770384900,213.4725,213.484,213.377,213.397,47.877067944137785,58.01538022720265,,,
1770385200,213.397,213.399,213.281,213.3365,43.669164576702535,56.62768427174577,,,
1770385500,213.3365,213.3625,213.27,213.2765,39.92177681926606,54.65870802172445,,,
1770385800,213.2765,213.313,213.126,213.169,34.25070482987158,52.62408869919791,,,
1770386100,213.169,213.263,213.154,213.253,41.271116039537084,50.87036218773888,,,
1770386400,213.253,213.36,213.247,213.3305,46.904111976449585,50.10585538258663,,,
1770386700,213.3305,213.3465,213.222,213.228,41.2665343632903,49.09902428536917,,,
1770387000,213.228,213.2985,213.1755,213.2715,44.324921970530056,48.347189765356525,,,
1770387300,213.2715,213.3325,213.269,213.3075,46.794166367086845,47.614029554620956,,,
1770387600,213.3075,213.3175,213.229,213.2615,44.10258623067542,46.551719255294934,,,
1770387900,213.2615,213.307,213.2405,213.307,47.32973755604456,46.16739006326738,,,
1770388200,213.307,213.377,213.2615,213.338,49.47021212096419,45.48749831500483,,,
1770388500,213.338,213.3755,213.2925,213.3655,51.35866334994337,45.17398199888864,,,
1770388800,213.3655,213.4005,213.3195,213.368,51.535988223108184,45.00548231197197,,,
1770389100,213.368,213.424,213.3345,213.4055,54.23129805248658,45.459355891139744,,,
1770389400,213.4055,213.414,213.3435,213.367,51.08979395902491,45.98940084701991,,,
1770389700,213.367,213.5045,213.3415,213.4805,58.68759510521126,47.32981643887314,,,
1770390000,213.4805,213.611,213.48,213.5365,61.83753119002063,49.30030403602664,,,
1770390300,213.5365,213.583,213.4935,213.5445,62.279996908194406,50.80093838378787,,,
1770390600,213.5445,213.684,213.5445,213.596,65.08633822962366,52.09966883044317,,,
1770390900,213.596,213.608,213.527,213.5875,64.23686540164914,53.740406761754514,,,
1770391200,213.5875,213.6395,213.526,213.5485,60.345223105031096,54.88471398564745,,,
1770391500,213.5485,213.6195,213.5425,213.579,62.27031586080346,55.99015323519864,,,
1770391800,213.579,213.6195,213.5165,213.607,63.99823272951529,57.411270842258624,,,
1770392100,213.607,213.625,213.549,213.55,58.15897155109076,58.1847875561905,,,
1770392400,213.55,213.6435,213.521,213.585,60.53979467590565,58.97547202440061,,,
1770392700,213.585,213.6225,213.538,213.5475,56.80989883656836,59.36484598773096,,,
1770393000,213.5475,213.631,213.5325,213.5745,58.77910141118394,59.88221121545065,,,
1770393300,213.5745,213.5745,213.5135,213.527,54.105396518932565,59.873218248768225,,,
1770393600,213.527,213.6235,213.5095,213.604,59.699500923570106,60.48819731766431,,,
1770393900,213.604,213.6135,213.5525,213.562,55.71062759477093,60.27555678120429,,,
1770394200,213.562,213.643,213.562,213.6185,59.619365283222926,60.117116359290165,,,
1770394500,213.6185,213.641,213.542,213.5785,55.86065176752931,59.658591706385515,,,
1770394800,213.5785,213.648,213.534,213.6405,60.06345230103455,59.29981414005772,,,
1770395100,213.6405,213.6725,213.5905,213.6725,62.07083034698059,59.14509735043855,,,
1770395400,213.6725,213.731,213.6585,213.7215,64.97404668945424,59.475727606468766,,,
1770395700,213.7215,213.777,213.707,213.7435,66.22408818807966,59.75813991555992,,,
1770396000,213.7435,213.8605,213.7415,213.8605,71.95624973823848,60.32656970189729,,,
1770396300,213.8605,213.8835,213.7975,213.798,65.55592340723142,60.85492340590734,,,
1770396600,213.798,213.8205,213.774,213.7955,65.30569918067434,61.19534515624797,,,
1770396900,213.7955,213.7955,213.707,213.725,58.521946995095206,61.31763431042845,,,
1770397200,213.725,213.7465,213.7055,213.7185,57.92451262683967,61.25659225440386,,,
1770397500,213.7185,213.83,213.7185,213.8195,64.06353831400065,61.96788809690872,,,
1770397800,213.8195,213.832,213.7405,213.746,57.48980910068615,61.81005296670272,,,
1770398100,213.746,213.8095,213.745,213.8075,61.087792976832844,62.19413620827858,,,
1770398400,213.8075,213.8105,213.759,213.7705,57.9120427802713,62.0721846009249,,,
1770398700,213.7705,213.8015,213.7315,213.748,56.00532380469637,62.08251831786539,,,
1770399000,213.748,213.7585,213.707,213.7515,56.246647158699794,61.80988937912719,,,
1770399300,213.7515,213.845,213.724,213.8195,60.75119512500712,61.71562972041481,,,
1770399600,213.8195,213.851,213.78,213.8,58.879168892706645,61.28028130636141,,,
1770399900,213.8,213.8425,213.79,213.8415,61.59173284838978,60.94939878209784,,,
1770400200,213.8415,213.9095,213.831,213.887,64.36708109561887,60.40731530762501,,,
1770400500,213.887,213.914,213.8675,213.8795,63.55189673561403,60.26417054536663,,,
1770400800,213.8795,213.915,213.8665,213.895,64.55109118528111,60.21026997426711,,,
1770401100,213.895,213.91,213.8265,213.84,58.43002817015024,60.2037043439139,,,
1770401400,213.84,213.9115,213.838,213.91,63.211439350646884,60.58134196704298,,,
1770401700,213.91,213.937,213.902,213.9315,64.5597747578184,60.61678742731568,,,
1770402000,213.9315,213.9425,213.875,213.877,58.68790424886506,60.7023656521856,,,
1770402300,213.877,213.889,213.8485,213.867,57.65177173373261,60.456935563392726,,,
1770402600,213.867,213.926,213.8595,213.9095,60.81789675289587,60.66449656143734,,,
1770402900,213.9095,213.9465,213.9095,213.9455,63.31954251078953,61.18694075472971,,,
1770403200,213.9455,213.9455,213.92,213.9285,61.32827361115437,61.549914072762185,,,
1770403500,213.9285,213.9295,213.8595,213.9015,58.197880788282994,61.367534477281886,,,
1770403800,213.9015,213.9055,213.8465,213.8545,53.11538304359716,60.95583548805978,,,
1770404100,213.8545,213.8955,213.8535,213.86,53.62576614507178,60.38683786639422,,,
1770404400,213.86,213.9105,213.856,213.9105,58.13244757211742,59.94150690042983,,,
1770404700,213.9105,213.9215,213.8765,213.88,54.676448977229775,59.30754634625952,,,
1770405000,213.88,213.894,213.869,213.891,55.699370635402836,58.67528059269679,,,
1770405300,213.891,213.9,213.8765,213.8955,56.135520694458286,58.511387201575936,,,
1770405600,213.8955,213.902,213.8805,213.8825,54.46721090440485,57.88679945541579,,,
1770405900,213.8825,213.9085,213.8785,213.8815,54.33344435904442,57.15634728407479,,,
1770406200,213.8815,213.9205,213.8815,213.8975,56.18746851249883,56.97774473147721,,,
1770406500,213.8975,213.9225,213.8895,213.8955,55.88205783393762,56.85133659577757,,,
1770406800,213.8955,213.927,213.8955,213.9265,59.551991986742294,56.7609148267666,,,
1770407100,213.9265,213.9785,213.9175,213.9785,64.83604402365407,56.869236363399786,,,
1770407400,213.9785,213.9875,213.93,213.9325,57.66001965159647,56.60721822343136,,,
1770407700,213.9325,213.9405,213.8975,213.9155,55.227273614745926,56.39503199675015,,,
1770408000,213.9155,213.9355,213.858,213.8705,49.29802349667658,56.122363457684386,,,
1770408300,213.8705,213.901,213.8655,213.899,52.75739373700212,56.06033685710798,,,
1770408600,213.899,213.911,213.878,213.911,54.175126891873866,55.77767109423344,,,
1770408900,213.911,213.9355,213.9055,213.933,56.73836913999902,55.92495110585981,,,
1770409200,213.933,213.959,213.9255,213.9365,57.14902604144885,56.02849792057739,,,
1770409500,213.9365,213.945,213.9015,213.902,51.9175289687468,55.72721279731228,,,
1770409800,213.902,213.906,213.879,213.8935,50.68642888360123,55.457156938683454,,,
1770410100,213.8935,213.9185,213.882,213.9185,54.13151077477232,55.44273311123545,,,
1770410400,213.9185,213.932,213.9025,213.9165,53.80765486194341,55.272746421910064,,,
1770410700,213.9165,213.9685,213.913,213.9655,60.105168107693814,55.574397155749786,,,
1770411000,213.9655,213.99,213.9525,213.989,62.729511316210115,55.80136282214034,,,
1770411300,213.989,213.9935,213.945,213.9545,56.8201285700795,55.22879743259931,,,
1770411600,213.9545,213.986,213.9435,213.969,58.58596843189326,55.29493663119193,,,
1770411900,213.969,213.996,213.969,213.9835,60.33293549594294,55.65962676556314,,,
1770412200,213.9835,214.01,213.978,214.0055,62.89069325145536,56.630531748047346,,,
1770412500,214.0055,214.007,213.9765,213.99,59.9573333078079,57.14481314596204,,,
1770412800,213.99,213.9975,213.966,213.982,58.442207964269834,57.449604651133185,,,
1770413100,213.982,214.008,213.976,214.003,61.21301491420887,57.76922220643388,,,
1770413400,214.003,214.021,213.994,213.999,60.3871224226215,58.00051480508906,,,
1770413700,213.999,214.058,213.994,214.056,67.18212663321886,59.09084320969421,,,
1770414000,214.056,214.058,214.018,214.0365,63.188773616259446,59.98386783345551,,,
1770414300,214.0365,214.0365,213.971,213.971,52.00643979096454,59.832077048897816,,,
1770414600,213.971,214.042,213.9665,214.015,57.45339159434716,60.092486815498084,,,
1770414900,214.015,214.041,213.988,214.027,58.82587834689705,60.00110897544118,,,
1770588000,214.027,214.3075,214.027,214.1855,71.77642177169645,60.64731686511876,,,
1770588300,214.1855,214.2415,213.5545,213.8325,40.912553466354616,59.51106150056699,,,
1770588600,213.8325,213.8725,213.6535,213.6535,33.13245375957703,57.692953309687255,,,
1770588900,213.6535,213.787,213.648,213.786,41.93468711878478,56.378792711318816,,,
1770589200,213.786,213.854,213.6685,213.8365,44.9111559177768,55.094540044627486,,,
1770589500,213.8365,213.9075,213.834,213.8845,47.65761188085385,54.215988514130764,,,
1770589800,213.8845,214.0675,213.879,214.0655,56.47043963469204,54.075147919160926,,,
1770590100,214.0655,214.1675,213.977,214.1425,59.58769382142478,53.95905355539063,,,
1770590400,214.1425,214.189,214.0935,214.1795,61.031783447780775,54.00510077147344,,,
1770590700,214.1795,214.187,214.1565,214.165,60.12503500728317,53.50102279819232,,,
1770591000,214.165,214.1705,214.0855,214.088,55.41658541622441,52.94586649818981,,,
1770591300,214.088,214.171,214.0495,214.1665,58.946291864549714,53.44157021773161,,,
1770591600,214.1665,214.349,214.1635,214.3285,65.08897246068418,53.98696885104141,,,
1770591900,214.3285,214.443,214.3285,214.346,65.68625711052752,54.47699590558644,,,
1770592200,214.346,214.362,214.2245,214.273,60.99807627300509,53.70711408425135,,,
1770592500,214.273,214.3005,214.24,214.271,60.86989510878482,55.13263848728207,,,
1770592800,214.271,214.2825,214.153,214.159,54.023478427183804,56.62485453496828,,,
1770593100,214.159,214.193,214.1325,214.1875,55.39823050133808,57.58653620515065,,,
1770593400,214.1875,214.231,213.9455,214.06,48.42255903938104,57.83735071383667,,,
1770593700,214.06,214.189,214.059,214.1615,53.44794605670786,58.25094601211196,,,
1770594000,214.1615,214.235,214.107,214.233,56.652025083446816,58.26391640130873,,,
1770594300,214.233,214.294,213.8795,213.9075,42.35861736789888,57.03326808319973,,,
1770594600,213.9075,214.02,213.791,213.9815,45.71204716115445,55.939001205583565,,,
1770594900,213.9815,214.0355,213.9345,214.0205,47.44731806159623,55.03344999517735,,,
1770595200,214.0205,214.0425,213.515,213.7185,37.461638838049524,53.750953811022,,,
1770595500,213.7185,213.7435,213.5385,213.59,34.16668279333861,51.980981734506926,,,
1770595800,213.59,213.606,213.374,213.5035,32.11873470356748,49.62596475185573,,,
1770596100,213.5035,213.655,213.473,213.653,38.931778337942134,47.71493055381392,,,
1770596400,213.653,213.7595,213.6165,213.68,40.1010560247468,46.22228625036689,,,
1770596700,213.68,213.754,213.606,213.606,37.95601483753966,44.58558051670652,,,
1770597000,213.606,213.6295,213.4155,213.528,35.78327617378288,43.28270892717789,,,
1770597300,213.528,213.578,213.4045,213.4925,34.80669552819947,41.81188500052513,,,
1770597600,213.4925,213.5025,213.391,213.4315,33.13337237834601,40.719800239022625,,,
1770597900,213.4315,213.528,213.4265,213.521,37.854084317216774,39.60595297191612,,,
1770598200,213.521,213.5755,213.3695,213.5045,37.33083178476199,38.22586773629577,,,
1770598500,213.5045,213.6165,213.499,213.5455,39.56626959595378,38.02641432401397,,,
1770598800,213.5455,213.5695,213.3985,213.4555,36.489337078790484,37.36764931813083,,,
1770599100,213.4555,213.486,213.328,213.397,34.605530056920074,36.45037874636825,,,
1770599400,213.397,213.414,213.2415,213.244,30.212383648703963,35.932574804272136,,,
1770599700,213.244,213.2705,213.1545,213.194,28.92028407632975,35.5578320387715,,,
1770600000,213.194,213.218,213.0925,213.12,27.074750886061764,35.19754748037824,,,
1770600300,213.12,213.138,212.952,212.9825,24.008923777277985,34.13162929747366,,,
1770600600,212.9825,212.9825,212.771,212.7895,20.499983363075316,32.73155267878284,,,
1770600900,212.7895,212.7895,212.601,212.746,19.797665188406683,31.434527703844765,,,
1770601200,212.746,212.888,212.7285,212.8815,28.064826566848325,30.883209874778007,,,
1770601500,212.8815,213.134,212.8735,213.02,35.39524929986851,30.925249429897228,,,
1770601800,213.02,213.049,212.8965,213.034,36.10404978167327,31.137440672992028,,,
1770602100,213.034,213.0665,212.999,213.047,36.79746607095206,31.061967941115977,,,
1770602400,213.047,213.1945,213.041,213.113,40.33749996942207,31.27672995430598,,,
1770602700,213.113,213.183,213.0245,213.183,43.92491527390226,31.588061788445156,,,
1770603000,213.183,213.2155,213.144,213.1865,44.10588294473826,32.13210077887,,,
1770603300,213.1865,213.1975,213.1375,213.194,44.51907565304752,32.840211178593385,,,
1770603600,213.194,213.2615,213.1825,213.231,46.61572146328078,34.011878165348875,,,
1770603900,213.231,213.277,213.176,213.2745,49.053359135995386,35.44995495532499,,,
1770604200,213.2745,213.512,213.266,213.4875,58.940018194101214,37.72604547732781,,,
1770604500,213.4875,213.4985,213.3755,213.3915,53.86628804146056,39.85871435334085,,,
1770604800,213.3915,213.4315,213.3825,213.4005,54.26378451948674,42.27041443594167,,,
1770605100,213.4005,213.4455,213.3895,213.401,54.28734930377521,44.733963301325126,,,
1770605400,213.401,213.4155,213.339,213.3495,51.352494015318385,46.39736811907299,,,
1770605700,213.3495,213.382,213.259,213.355,51.65309945571518,47.55864313020489,,,
1770606000,213.355,213.472,213.355,213.437,56.01683643415563,48.98098503395364,,,
1770606300,213.437,213.4955,213.4195,213.4195,54.87842192387777,50.272481880591194,,,
1770606600,213.4195,213.43,213.386,213.415,54.57130388673728,51.28918216039942,,,
1770606900,213.415,213.4425,213.342,213.403,53.70813222438753,51.98798337114836,,,
1770607200,213.403,213.444,213.39,213.436,55.77957587813161,52.82181858067646,,,
1770607500,213.436,213.4525,213.4115,213.4355,55.738878409815946,53.62323306330278,,,
1770607800,213.4355,213.4625,213.384,213.4185,54.28855756461099,54.17129278482637,,,
1770608100,213.4185,213.4295,213.3455,213.3525,48.96202117369237,54.16476864466186,,,
1770608400,213.3525,213.3885,213.292,213.3685,50.23671638898173,53.54310423001048,,,
1770608700,213.3685,213.3715,213.3055,213.356,49.20281865229211,53.2099992736413,,,
1770609000,213.356,213.3705,213.3165,213.319,46.173627176521464,52.63213089200092,,,
1770609300,213.319,213.3445,213.295,213.3315,47.35287312019054,52.13681116460202,,,
1770609600,213.3315,213.3985,213.33,213.38,51.76816547882123,52.16650198342365,,,
1770609900,213.38,213.3915,213.321,213.3525,49.24623305684797,51.994582954933136,,,
1770610200,213.3525,213.365,213.3045,213.314,45.87665780180441,51.27028448119376,,,
1770610500,213.314,213.3305,213.2305,213.234,39.785000626300686,50.19218295993826,,,
1770610800,213.234,213.234,213.141,213.174,35.93142352116456,48.860762933825924,,,
1770611100,213.174,213.175,213.1085,213.1155,32.6144358755932,47.35407033748346,,,
1770611400,213.1155,213.1465,213.092,213.136,34.882976948348386,45.86145612821324,,,
1770611700,213.136,213.195,213.125,213.195,41.03549978063273,44.81121479755729,,,
1770612000,213.195,213.209,213.1425,213.1745,39.6342490154362,43.76447847261623,,,
1770612300,213.1745,213.2325,213.1675,213.2215,44.32801588699726,43.43347809499515,,,
1770612600,213.2215,213.2225,213.1375,213.1445,38.98045906975302,42.629459715050245,,,
1770612900,213.1445,213.1745,213.1425,213.1725,41.7331087986618,42.0959090112195,,,
1770613200,213.1725,213.18,213.077,213.08,35.961599492798555,41.366478462382155,,,
1770613500,213.08,213.1325,213.08,213.126,40.3775032882014,40.868237760097216,,,
1770613800,213.126,213.173,213.121,213.149,42.512073571817076,40.207088338168354,,,
1770614100,213.149,213.2085,213.123,213.1715,44.601549090587525,39.875325197721175,,,
1770614400,213.1715,213.257,213.1495,213.223,49.15670961381323,40.10961461286466,,,
1770614700,213.223,213.2925,213.222,213.24,50.60066425203294,40.88216201470268,,,
1770615000,213.24,213.2515,213.169,213.192,46.578307347286696,41.642653716568546,,,
1770615300,213.192,213.206,213.1365,213.1875,46.20746231749121,42.61358417670412,,,
1770615600,213.1875,213.219,213.166,213.187,46.16348289703632,43.419334601610394,,,
1770615900,213.187,213.1885,213.098,213.102,39.313188210944645,43.29631234663268,,,
1770616200,213.102,213.1885,213.1,213.1885,47.80199176679015,43.87972254315797,,,
1770616500,213.1885,213.2235,213.162,213.218,50.35257489437614,44.31004818654217,,,
1770616800,213.218,213.218,212.9965,213.141,44.27171140159896,44.68799478167403,,,
1770617100,213.141,213.1775,213.0845,213.0865,40.53992347631165,44.60276725864902,,,
1770617400,213.0865,213.1195,213.0295,213.1165,43.369680162062224,45.13191587788213,,,
1770617700,213.1165,213.1465,213.0355,213.0355,38.09773125833593,44.96907501860603,,,
1770618000,213.0355,213.063,212.8885,212.889,30.804276746927258,44.132803816828186,,,
1770618300,212.889,212.931,212.847,212.859,29.556448737953545,43.058153791640045,,,
1770618600,212.859,212.9945,212.829,212.9125,34.64114873747465,42.021328014758716,,,
1770618900,212.9125,212.969,212.908,212.9255,35.85279564984721,40.96790882888831,,,
1770619200,212.9255,212.9435,212.8495,212.919,35.49844301839052,40.17648994825287,,,
1770619500,212.919,213.056,212.8835,213.055,47.24667933767247,40.25071973540867,,,
1770619800,213.055,213.0925,213.0075,213.0665,48.10737912726291,40.38956946613915,,,
1770620100,213.0665,213.1415,213.0625,213.1205,52.062484167239695,41.30023346301736,,,
1770620400,213.1205,213.1205,213.013,213.025,45.463068859739145,41.13316754108515,,,
1770620700,213.025,213.0615,212.9825,213.056,47.777178394933614,40.94921064826782,,,
1770621000,213.056,213.0595,212.91,212.911,39.36362758288133,40.598633232645135,,,
1770621300,212.911,212.944,212.76,212.7955,34.19763723358341,40.145612786735974,,,
1770621600,212.7955,212.834,212.5945,212.61,27.87118155740518,39.03857717211762,,,
1770621900,212.61,212.6685,212.594,212.6155,28.294745332256838,38.33836389168339,,,
1770622200,212.6155,212.6515,212.565,212.6265,29.19035156920299,38.22308352184594,,,
1770622500,212.6265,212.7035,212.5805,212.6905,34.3296894289178,38.56402928548626,,,
1770622800,212.6905,212.7905,212.6745,212.7565,39.22821488677653,38.89167686757925,,,
1770623100,212.7565,212.9355,212.7495,212.9155,49.08204602382403,39.83662332286331,,,
1770623400,212.9155,212.9945,212.8945,212.929,49.82592759859341,40.860015078592085,,,
1770623700,212.929,213.0755,212.8945,213.04,55.57308285067679,41.454758186663824,,,
1770624000,213.04,213.086,212.9115,213.0185,54.27625124696029,41.89539190949936,,,
1770624300,213.0185,213.1315,212.9605,213.1055,58.49677560274384,42.35498415489251,,,
1770624600,213.1055,213.1435,212.9855,213.021,53.34626009711976,42.91806924327683,,,
1770624900,213.021,213.1815,213.011,213.173,60.14426075317983,43.80143226886586,,,
1770625200,213.173,213.2075,213.0905,213.1645,59.62107660910432,45.24839291359607,,,
1770625500,213.1645,213.1645,213.0615,213.0735,54.1865805523725,46.67617457922386,,,
1770625800,213.0735,213.116,212.971,213.045,52.57040353846519,48.440404720728154,,,
1770626100,213.045,213.0515,212.998,213.0505,52.86259355722932,50.1952510225119,,,
1770626400,213.0505,213.0825,212.991,213.0225,51.13548994182339,51.76276090627049,,,
1770626700,213.0225,213.182,213.0085,213.1145,56.199175105892884,53.324867026054434,,,
1770627000,213.1145,213.1485,213.077,213.103,55.42599382280988,54.481851235771096,,,
1770627300,213.103,213.1345,212.946,212.9905,48.40948297523954,54.43381101801506,,,
1770627600,212.9905,213.0915,212.922,213.055,52.14959975224089,54.59978760041845,,,
1770627900,213.055,213.139,213.055,213.103,54.777083597453924,54.54293051090253,,,
1770628200,213.103,213.1365,212.985,213,48.6089800120251,54.13812542269288,,,
1770628500,213,213.0695,212.9795,213.043,51.08530704332035,53.60873481130549,,,
1770628800,213.043,213.049,212.8305,212.8725,42.367717121748726,52.82455317020755,,,
1770629100,212.8725,212.9505,212.8365,212.9205,45.20276631981035,51.75730356782402,,,
1770629400,212.9205,212.996,212.877,212.9715,48.12278132423014,50.93599676176158,,,
1770629700,212.9715,213.02,212.9595,212.9785,48.52820426156485,50.53182702670389,,,
1770630000,212.9785,213.0015,212.9335,212.995,49.52944904215937,50.31461599125347,,,
1770630300,212.995,212.996,212.9285,212.9705,48.03528546819916,49.96980827060846,,,
1770630600,212.9705,213.069,212.9705,213.056,53.32687601512017,50.126335847272514,,,
1770630900,213.056,213.0995,213.0345,213.046,52.65155931075579,49.87293471904844,,,
1770631200,213.046,213.079,213.004,213.0495,52.876491543738254,49.69082741340046,,,
1770631500,213.0495,213.1255,213.0305,213.081,54.95074042138395,50.15806008812506,,,
1770631800,213.081,213.1725,213.08,213.136,58.39433879408779,50.60411287682842,,,
1770632100,213.136,213.1635,213.1055,213.1575,59.691465205384176,50.955140134537714,,,
1770632400,213.1575,213.1575,213.0865,213.1195,56.3476991752524,51.50790578905395,,,
1770632700,213.1195,213.1385,213.0895,213.1115,55.64104007634859,51.83331529141311,,,
1770633000,213.1115,213.1365,213.0215,213.034,49.20341849806305,52.321579675435565,,,
1770633300,213.034,213.147,212.993,213.14,56.59967599394795,53.13564465215968,,,
1770633600,213.14,213.22,213.109,213.2125,60.80347485776012,54.04140847598325,,,
1770633900,213.2125,213.3185,213.1745,213.2155,60.97193374275938,54.93024629606857,,,
1770634200,213.2155,213.316,213.206,213.2785,64.4292808093814,55.99451999372729,,,
1770634500,213.2785,213.2965,213.217,213.2345,60.40458848680887,56.878041637913704,,,
1770634800,213.2345,213.268,213.076,213.184,56.075042118696544,57.07433921674059,,,
1770635100,213.184,213.214,213.081,213.1075,50.204601132134655,56.89955648969622,,,
1770635400,213.1075,213.332,213.0915,213.3265,62.35468798123213,57.57657052094578,,,
1770635700,213.3265,213.342,213.1955,213.201,54.19401804684384,57.52251892276434,,,
1770636000,213.201,213.2025,213.1405,213.151,51.31269163214328,57.01668698262545,,,
1770636300,213.151,213.1985,213.132,213.191,53.44515070397828,56.57052166109646,,,
1770636600,213.191,213.27,213.157,213.2595,56.924592655839724,56.61172833828126,,,
1770636900,213.2595,213.3675,213.2595,213.328,60.133365190206085,56.9326087035568,,,
1770637200,213.328,213.4005,213.304,213.39,62.83211826709648,57.906087258487766,,,
1770637500,213.39,213.451,213.31,213.329,58.62703741836186,58.050898788803046,,,
1770637800,213.329,213.447,213.3265,213.4255,62.86150761302303,58.197901128464686,,,
1770638100,213.4255,213.4545,213.353,213.3825,59.918643181298414,58.122666088360326,,,
1770638400,213.3825,213.3965,213.271,213.3045,54.898069271902244,57.441865264254666,,,
1770638700,213.3045,213.369,213.2945,213.358,57.52682358679564,57.23631062853944,,,
1770639000,213.358,213.5005,213.356,213.429,60.79277847417906,57.57329179678819,,,
1770639300,213.429,213.477,213.3905,213.4735,62.727296074034065,58.467770006923864,,,
1770639600,213.4735,213.6405,213.4595,213.6235,68.38915070299163,58.898803058478116,,,
1770639900,213.6235,213.6375,213.575,213.624,68.40637853601963,59.913971664847814,,,
1770640200,213.624,213.6355,213.5385,213.5775,64.8657716440838,60.882048808557855,,,
1770640500,213.5775,213.654,213.5775,213.647,67.56770899154546,61.890802971955516,,,
1770640800,213.647,213.665,213.5815,213.6185,65.34836649342225,62.49250110321141,,,
1770641100,213.6185,213.6685,213.606,213.6245,65.60450669806278,62.88329692520118,,,
1770641400,213.6245,213.7165,213.5755,213.685,68.16022420693622,63.26387592090401,,,
1770641700,213.685,213.685,213.58,213.6255,63.187559657580316,63.58962750941961,,,
1770642000,213.6255,213.637,213.5205,213.559,58.08690681053538,63.248584594956206,,,
1770642300,213.559,213.626,213.3205,213.35,45.622252662193944,62.227413843591606,,,
1770642600,213.35,213.3715,213.24,213.2455,40.89677482749625,61.227321383276895,,,
1770642900,213.2455,213.267,213.133,213.2315,40.29461409066299,59.99644927641028,,,
1770643200,213.2315,213.2525,213.0755,213.181,38.11458354504405,58.3765782100435,,,
1770643500,213.181,213.192,213.0605,213.1715,37.70135581545,56.58901104871607,,,
1770643800,213.1715,213.183,213.102,213.124,35.62180793755181,54.248486565470365,,,
1770644100,213.124,213.1885,213.1,213.13,36.10126151498242,51.94097820682485,,,
1770644400,213.13,213.1555,213.0615,213.111,35.20708172550148,49.82250035549754,,,
1770644700,213.111,213.1205,212.962,212.986,29.951074286251085,47.13559787654794,,,
1770645000,212.986,213.0265,212.9025,212.9165,27.493454320858675,44.43167557850768,,,
1770645300,212.9165,212.93,212.8345,212.8635,25.757711621672513,41.58547593019409,,,
1770645600,212.8635,212.877,212.5085,212.5175,17.839543886797486,37.991141621612755,,,
1770645900,212.5175,212.525,212.2345,212.4015,16.057339219182168,34.62469730458431,,,
1770646200,212.4015,212.4125,212.24,212.2705,14.317750401159174,31.498328989628867,,,
1770646500,212.2705,212.3985,212.247,212.308,17.086865542003608,29.460087052472414,,,
1770646800,212.308,212.48,212.183,212.435,25.829431152288294,28.383848218528993,,,
1770647100,212.435,212.437,212.252,212.3425,23.856361281118183,27.20968730356151,,,
1770647400,212.3425,212.3565,212.199,212.228,21.651579347951227,26.033758432340594,,,
1770647700,212.228,212.314,212.131,212.314,27.101120532577823,25.276598769278298,,,
1770648000,212.314,212.402,212.2665,212.2725,26.155688782943685,24.600447401091998,,,
1770648300,212.2725,212.3315,212.178,212.3315,29.899816773865197,24.15748706244076,,,
1770648600,212.3315,212.3825,212.2585,212.3335,30.029329470366505,23.7876476156454,,,
1770648900,212.3335,212.492,212.2545,212.3165,29.529917401001455,23.757564980984714,,,
1770649200,212.3165,212.665,212.2965,212.6495,47.831908610824286,25.210311715982265,,,
1770649500,212.6495,212.7075,212.617,212.6455,47.671748234018935,26.775600045435574,,,
1770649800,212.6455,212.897,212.6385,212.8515,55.86748436424185,29.491881508110172,,,
1770650100,212.8515,213.0245,212.837,213.012,60.99351354469147,32.701608245646554,,,
1770650400,213.012,213.039,212.8655,212.9195,56.8921689447021,35.7426381416139,,,
1770650700,212.9195,212.924,212.8155,212.909,56.42832486615731,38.55274237905345,,,
1770651000,212.909,212.939,212.821,212.8535,53.92565633494869,40.55961560638634,,,
1770651300,212.8535,213.0395,212.8075,213.0395,60.283145960235835,43.161528797751885,,,
1770651600,213.0395,213.17,212.9875,213.018,59.26517296300018,45.84821405596967,,,
1770651900,213.018,213.1425,212.8965,213.072,61.044473897295234,48.272739296306625,,,
1770652200,213.072,213.1675,213.027,213.1295,62.90264313616883,50.897521750108424,,,
1770652500,213.1295,213.2595,213.094,213.1715,64.24425875950419,53.35069617765407,,,
1770652800,213.1715,213.384,213.1715,213.3785,70.00234520644985,56.20591158737431,,,
1770653100,213.3785,213.3835,213.2585,213.2875,65.04337824387875,58.742587361865546,,,
1770653400,213.2875,213.3925,213.278,213.353,66.86298126571053,60.101949694357415,,,
1770653700,213.353,213.3755,213.242,213.2425,61.086077969519515,61.06011610403603,,,
1770654000,213.2425,213.291,213.2385,213.267,61.87264285262337,61.48905599606328,,,
1770654300,213.267,213.303,213.217,213.298,62.89463268850438,61.62485022062135,,,
1770654600,213.298,213.313,213.2455,213.2795,61.82950816559694,61.97751730782812,,,
1770654900,213.2795,213.3435,213.2745,213.329,63.60549900633958,62.49017260355543,,,
1770655200,213.329,213.368,213.319,213.3475,64.27452378819947,63.22937742164476,,,
1770655500,213.3475,213.353,213.287,213.3155,62.146454680016895,63.36247090162913,,,
1770655800,213.3155,213.3695,213.2975,213.3,61.09135612364519,63.49291255596092,,,
1770656100,213.3,213.3575,213.277,213.309,61.50008184743078,63.525455980970605,,,
1770656400,213.309,213.342,213.259,213.2965,60.54872582292135,63.35731903002436,,,
1770656700,213.2965,213.329,213.233,213.2355,55.99641305474593,62.768187193970185,,,
1770657000,213.2355,213.2425,213.182,213.2105,54.197936850442645,61.639300882826824,,,
1770657300,213.2105,213.33,213.207,213.275,57.95035486293906,61.13265635561684,,,
1770657600,213.275,213.2905,213.234,213.2905,58.823393353615565,60.558400076181485,,,
1770657900,213.2905,213.319,213.2005,213.3135,60.145684918358405,60.49122914395569,,,
1770658200,213.3135,213.3795,213.3135,213.359,62.697685104747215,60.55016073339311,,,
1770658500,213.359,213.38,213.2965,213.312,58.52856530310057,60.23829877729283,,,
1770658800,213.312,213.319,213.272,213.2855,56.25711607878174,59.840270771091745,,,
1770659100,213.2855,213.3205,213.274,213.3205,58.54542410962623,59.478836849897945,,,
1770659400,213.3205,213.338,213.314,213.333,59.3630503582025,59.12801731918387,,,
1770659700,213.333,213.344,213.2285,213.234,50.814712362891726,58.318607153674925,,,
1770660000,213.234,213.239,213.18,213.205,48.60666304161231,57.42684336210116,,,
1770660300,213.205,213.2285,213.175,213.196,47.910866100508436,56.45618509446384,,,
1770660600,213.196,213.2435,213.196,213.2405,51.60007763882502,55.81699593845696,,,
1770660900,213.2405,213.303,213.239,213.279,54.59622899278265,55.71698279117386,,,
1770661200,213.279,213.3135,213.197,213.2565,52.54889297510916,55.599193942935756,,,
1770661500,213.2565,213.342,213.2485,213.338,58.604277432799485,55.64590269792579,,,
1770661800,213.338,213.359,213.306,213.351,59.49225874713463,55.69367879746287,,,
1770662100,213.351,213.4095,213.331,213.3485,59.22913195752286,55.62821072883175,,,
1770662400,213.3485,213.361,213.3285,213.3565,59.84122817100103,55.424178090707024,,,
1770662700,213.3565,213.374,213.332,213.3645,60.480181822045296,55.56357927063165,,,
1770663000,213.3645,213.4045,213.354,213.367,60.690665936856135,55.880261403351255,,,
1770663300,213.367,213.4655,213.3405,213.4335,65.89420568211726,56.405174372814884,,,
1770663600,213.4335,213.449,213.3395,213.369,57.88981781369929,56.299943476778935,,,
1770663900,213.369,213.3765,213.334,213.3405,54.72646162096814,56.579354138070116,,,
1770664200,213.3405,213.404,213.3375,213.39,58.92474021352808,57.31635965034981,,,
1770664500,213.39,213.4065,213.3615,213.375,57.19393754397712,57.97943618202614,,,
1770664800,213.375,213.42,213.3515,213.4195,60.86636716124576,58.641314005056195,,,
1770665100,213.4195,213.4265,213.394,213.423,61.148690369160406,59.10934696051176,,,
1770665400,213.423,213.4235,213.308,213.308,48.713322321727766,58.835377628127375,,,
1770665700,213.308,213.3175,213.262,213.295,47.53645244494608,58.044818700423555,,,
1770666000,213.295,213.2955,213.23,213.235,42.44020243959459,56.82681467845641,,,
1770666300,213.235,213.2575,213.2015,213.22,41.24959567714841,55.542562087001095,,,
1770666600,213.22,213.2825,213.22,213.255,45.11841969323867,54.49093291001806,,,
1770666900,213.255,213.288,213.236,213.28,47.76442750432485,53.582664744466605,,,
1770667200,213.28,213.3415,213.2765,213.332,52.85586274682674,53.02303594517879,,,
1770667500,213.332,213.367,213.3175,213.318,51.40317203229777,51.98796211304882,,,
1770667800,213.318,213.3385,213.312,213.334,52.99324444133428,51.63820687216561,,,
1770668100,213.334,213.36,213.3235,213.3295,52.473219818901065,51.47726102916082,,,
1770668400,213.3295,213.337,213.2835,213.315,50.74523917443243,50.893010954939705,,,
1770668700,213.315,213.316,213.2835,213.3075,49.831167674520955,50.36709882140712,,,
1770669000,213.3075,213.352,213.3025,213.333,52.9353236905869,49.80059571636006,,,
1770669300,213.333,213.4045,213.3155,213.404,60.30070440812079,49.74002529057151,,,
1770669600,213.404,213.4285,213.3955,213.4275,62.39820868980882,50.71751717400587,,,
1770669900,213.4275,213.4305,213.3995,213.405,59.17451266062869,51.548807189411775,,,
1770670200,213.405,213.435,213.4035,213.419,60.54055188499282,52.8416892926545,,,
1770670500,213.419,213.501,213.419,213.473,65.35574224426267,54.56355690459123,,,
1770670800,213.473,213.5165,213.467,213.5065,67.96725605396226,56.19561664464292,,,
1770671100,213.5065,213.53,213.4615,213.501,67.07330581826203,57.57482223849557,,,
1770671400,213.501,213.5465,213.494,213.502,67.15788562902941,58.59639530151004,,,
1770671700,213.502,213.503,213.445,213.45,58.71219917643943,59.11846866894873,,,
1770672000,213.45,213.456,213.4115,213.4525,58.979292134793425,59.546043504195815,,,
1770672300,213.4525,213.4685,213.4405,213.46,59.81907414155137,60.07074738438512,,,
1770672600,213.46,213.518,213.457,213.5165,65.54208170026388,61.1276647076588,,,
1770672900,213.5165,213.5465,213.51,213.545,68.01670278694519,62.42663150140339,,,
1770673200,213.545,213.5705,213.5425,213.5555,68.9027776052416,63.56716392387872,,,
1770673500,213.5555,213.5825,213.5405,213.579,70.84929995963073,64.32063503470087,,,
1770673800,213.579,213.579,213.5525,213.5525,65.84414365079874,64.56677324620014,,,
1770674100,213.5525,213.5695,213.447,213.447,50.53730703642107,63.94982998732818,,,
1770674400,213.447,213.447,213.3705,213.3705,42.77256175146159,62.68068783493309,,,
1770674700,213.3705,213.3735,213.3685,213.3695,42.6802482333464,61.06100969129621,,,
1770675000,213.3695,213.3695,213.3695,213.3695,42.6802482333464,59.25479484696651,,,
1770675300,213.3695,213.561,213.3335,213.4925,56.173373715661235,58.47622826820931,,,
1770675600,213.4925,213.5045,213.418,213.429,49.67242264164368,57.22726662625319,,,
1770675900,213.429,213.4475,213.3935,213.3975,46.78021095021577,56.3749817529515,,,
1770676200,213.3975,213.464,213.37,213.3895,46.04691482636588,55.45124051663525,,,
1770676500,213.3895,213.5345,213.3895,213.486,55.17464792559968,55.11949578692441,,,
1770676800,213.486,213.489,213.3735,213.4545,52.077481478572366,54.15773862823216,,,
1770677100,213.4545,213.5435,213.446,213.4765,54.01882268308478,53.15789004938499,,,
1770677400,213.4765,213.5215,213.4445,213.4755,53.91191497982081,52.08711414756922,,,
1770677700,213.4755,213.5105,213.4405,213.4975,55.976150578595316,51.02474633463811,,,
1770678000,213.4975,213.591,213.459,213.574,62.29942477228657,50.771552129030106,,,
1770678300,213.574,213.636,213.56,213.56,60.584416522292585,51.48920280659235,,,
1770678600,213.56,213.578,213.5165,213.5255,56.459678939735,52.46685403432617,,,
1770678900,213.5255,213.552,213.4925,213.545,58.19225510729107,53.574854525322216,,,
1770679200,213.545,213.599,213.5305,213.5935,62.21909930688599,54.97048674486075,,,
1770679500,213.5935,213.6295,213.586,213.6235,64.49701256711458,55.565032377107435,,,
1770679800,213.6235,213.6355,213.592,213.625,64.61190112951695,56.6321379833841,,,
1770680100,213.625,213.65,213.599,213.6275,64.81625711744667,57.92042699532917,,,
1770680400,213.6275,213.6415,213.589,213.596,60.10641660126305,58.92467712210753,,,
1770680700,213.596,213.668,213.5885,213.6605,65.61593148353631,59.67048309053157,,,
1770681000,213.6605,213.668,213.6075,213.637,62.243102101518915,60.39659884931347,,,
1770681300,213.637,213.652,213.6155,213.622,60.11886057246491,60.83231584141205,,,
1770681600,213.622,213.7135,213.5595,213.6995,66.48340945805381,61.73027973271441,,,
1770681900,213.6995,213.718,213.6755,213.7045,66.85096581092338,62.50705224930927,,,
1770682200,213.7045,213.705,213.621,213.633,57.19220024449051,62.14225049732384,,,
1770682500,213.633,213.6605,213.6,213.6465,58.41392748076066,61.987215565785846,,,
1770682800,213.6465,213.6685,213.6325,213.6375,57.241050747856214,62.043027837794504,,,
1770683100,213.6375,213.704,213.6325,213.6795,61.160303367051206,62.25503128492023,,,
1770683400,213.6795,213.723,213.6755,213.706,63.437464708595094,62.34205738504231,,,
1770683700,213.706,213.7265,213.6695,213.691,61.248476937530405,62.1100191257863,,,
1770684000,213.691,213.7025,213.6195,213.6195,52.031953804445884,61.21145145970979,,,
1770684300,213.6195,213.6795,213.6135,213.6705,57.00208690321577,60.65329644440759,,,
1770684600,213.6705,213.6745,213.4525,213.4905,40.89616506388441,59.28113562030911,,,
1770684900,213.4905,213.519,213.3785,213.401,35.52182315070502,57.1315564536783,,,
1770685200,213.401,213.442,213.3085,213.312,31.139485863725554,54.909869579550204,,,
1770685500,213.312,213.3675,213.2615,213.288,30.062424436477443,52.762981284122525,,,
1770685800,213.288,213.294,213.211,213.22,27.192559388025998,49.956491993406246,,,
1770686100,213.22,213.303,213.214,213.236,28.91216368715824,47.24657755599445,,,
1770686400,213.236,213.3455,213.2305,213.3325,38.36707672260001,45.90192587585941,,,
1770686700,213.3325,213.4075,213.3205,213.3615,40.91055212887713,44.6516847792963,,,
1770687000,213.3615,213.3905,213.299,213.3195,38.43657632305028,43.308508034667305,,,
1770687300,213.3195,213.338,213.259,213.306,37.64848459561233,41.62909240813595,,,
1770687600,213.306,213.3105,213.2395,213.261,35.06741755305664,39.60266046845464,,,
1770687900,213.261,213.2725,213.109,213.1555,29.89315797853648,37.3629948285265,,,
1770688200,213.1555,213.1635,213.094,213.127,28.662776544876948,35.69376788141444,,,
1770688500,213.127,213.163,213.085,213.114,28.094740144082692,33.62895739861922,,,
1770688800,213.114,213.2235,213.1105,213.1655,33.70028855251641,33.1149662192358,,,
1770689100,213.1655,213.207,213.131,213.205,37.711190348956514,33.27134959053948,,,
1770689400,213.205,213.206,213.133,213.1385,33.98374828521419,33.47451119207438,,,
1770689700,213.1385,213.245,213.1365,213.237,42.97473295347705,34.396818943288636,,,
1770690000,213.237,213.2635,213.209,213.215,41.611588673746894,35.42674960655442,,,
1770690300,213.215,213.2225,213.167,213.1725,39.035619578581006,36.1498535987989,,,
1770690600,213.1725,213.1755,212.947,212.95,28.936248226810875,35.47622299195682,,,
1770690900,212.95,212.9755,212.8805,212.9685,30.54526843322968,34.735845585124856,,,
1770691200,212.9685,213.0015,212.9385,212.978,31.404178294763682,34.23353144024724,,,
1770691500,212.978,212.979,212.743,212.769,24.288024716446927,33.279212877449716,,,
1770691800,212.769,212.842,212.707,212.842,30.23450288095856,32.93400468658557,,,
1770692100,212.842,212.843,212.7375,212.7555,27.480307356666856,32.76165821359488,,,
1770692400,212.7555,212.7805,212.599,212.644,24.395392455394784,32.456845064346155,,,
1770692700,212.644,212.7675,212.642,212.668,26.3128872785459,32.32956985966495,,,
1770693000,212.668,212.6895,212.6235,212.6365,25.402256693899233,31.736853298335152,,,
1770693300,212.6365,212.6535,212.6035,212.638,25.53441507836962,30.867083636150372,,,
1770693600,212.638,212.692,212.5955,212.637,25.50197840336736,30.26124293030417,,,
1770693900,212.637,212.6425,212.584,212.5955,24.13193196528492,28.915328574004736,,,
1770694200,212.5955,212.611,212.5035,212.5045,21.415118199500455,27.472723540129987,,,
1770694500,212.5045,212.5345,212.482,212.486,20.89997431477991,26.177320307001338,,,
1770694800,212.486,212.506,212.4155,212.426,19.280099170113743,25.487595374380113,,,
1770695100,212.426,212.517,212.412,212.517,28.35044993245012,25.330822624324433,,,
1770695400,212.517,212.5715,212.514,212.515,28.27524900661963,25.107327675171287,,,
1770695700,212.515,212.5805,212.5105,212.573,33.76244188894323,25.78407175892102,,,
1770696000,212.573,212.576,212.528,212.5415,32.31643020581495,25.93278085355362,,,
1770696300,212.5415,212.566,212.535,212.556,33.72357617352711,26.378728626186497,,,
1770696600,212.556,212.5615,212.451,212.4685,29.709578481865137,26.75831334236295,,,
1770696900,212.4685,212.5525,212.4315,212.5525,37.411418939358676,27.551065603849572,,,
1770697200,212.5525,212.5715,212.4805,212.512,35.39754652922636,28.265014877801516,,,
1770697500,212.512,212.546,212.418,212.4745,33.59430318859265,28.840721171388875,,,
1770697800,212.4745,212.507,212.4515,212.4645,33.109915975586844,29.384145283690266,,,
1770698100,212.4645,212.486,212.445,212.457,32.72876017528371,29.998204441547323,,,
1770698400,212.457,212.461,212.389,212.389,29.421683210927142,30.570101942363515,,,
1770698700,212.389,212.45,212.368,212.42,32.75745517368394,31.41706486085666,,,
1770699000,212.42,212.4205,212.322,212.322,28.2171299647878,32.055424203333374,,,
1770699300,212.322,212.4265,212.311,212.4255,37.99224294206248,32.74412370401998,,,
1770699600,212.4255,212.4505,212.381,212.412,37.279151719567544,33.38725961208768,,,
1770699900,212.412,212.415,212.3505,212.371,35.12301302605263,33.48444326473835,,,
1770700200,212.371,212.391,212.322,212.3265,32.8989190289041,33.52604960924472,,,
1770700500,212.3265,212.347,212.226,212.232,28.737287484767066,33.16988613147615,,,
1770700800,212.232,212.2715,212.2155,212.221,28.288706715438636,33.06839529101711,,,
1770701100,212.221,212.229,212.17,212.221,28.28870671543862,32.416772989308534,,,
1770701400,212.221,212.351,212.215,212.3195,38.292124071240835,32.62352852802386,,,
1770701700,212.3195,212.394,212.3095,212.372,42.86676884310823,33.2858475033464,,,
1770702000,212.372,212.373,212.253,212.292,38.21740684982307,33.65066828007756,,,
1770702300,212.292,212.3965,212.2615,212.393,46.15731360859131,34.60985066817096,,,
1770702600,212.393,212.421,212.358,212.4205,48.11258613748581,35.94491516292515,,,
1770702900,212.4205,212.442,212.4015,212.433,49.01884496859366,37.106443005418704,,,
1770703200,212.433,212.4925,212.4095,212.4915,53.14352597861032,38.886899863548884,,,
1770703500,212.4915,212.497,212.422,212.4635,51.01600433899483,39.81716853475833,,,
1770703800,212.4635,212.4765,212.3785,212.3785,45.1118243469309,40.37664515099858,,,
1770704100,212.3785,212.4025,212.331,212.345,42.99965524100097,40.939262452066316,,,
1770704400,212.345,212.3915,212.332,212.3905,46.653070168060225,41.92170181914889,,,
1770704700,212.3905,212.483,212.36,212.475,52.71455462708987,43.63436375788624,,,
1770705000,212.475,212.5255,212.427,212.438,50.03376667489933,45.18758232641914,,,
1770705300,212.438,212.4605,212.3775,212.3915,46.81178521300272,46.51065936195943,,,
1770705600,212.3915,212.4465,212.3915,212.407,48.013533648418765,47.20504576032929,,,
1770705900,212.407,212.417,212.326,212.377,45.85404918460534,47.41842292757907,,,
1770706200,212.377,212.4305,212.363,212.4205,49.4073083515021,48.21770160627044,,,
1770706500,212.4205,212.51,212.395,212.4765,53.626366219367505,48.75120536418302,,,
1770706800,212.4765,212.4905,212.3585,212.367,45.61594821772914,48.57287408420041,,,
1770707100,212.367,212.4725,212.339,212.4705,52.793689237386275,48.84250581768559,,,
1770707400,212.4705,212.5565,212.47,212.498,54.51157450734176,48.94022356973784,,,
1770707700,212.498,212.5045,212.442,212.457,51.50233430890432,48.974961424731376,,,
1770708000,212.457,212.5195,212.4555,212.514,55.20467596251359,49.695879397272996,,,
1770708300,212.514,212.553,212.5075,212.5445,57.09223780631143,50.70249243765232,,,
1770708600,212.5445,212.5585,212.516,212.526,55.562877519021384,51.33890724843526,,,
1770708900,212.526,212.5795,212.526,212.544,56.77610462837115,51.6290179628125,,,
1770709200,212.544,212.616,212.5365,212.6145,61.23969800859438,52.42944162950499,,,
1770709500,212.6145,212.6795,212.6145,212.6455,63.046749896575,53.58908196404587,,,
1770709800,212.6455,212.741,212.639,212.665,64.1780814854376,54.743692523832934,,,
1770710100,212.665,212.704,212.596,212.688,65.5189781425288,56.14833030654175,,,
1770710400,212.688,212.771,212.685,212.69,65.63942451878057,57.30776717563307,,,
1770710700,212.69,212.725,212.592,212.652,61.26082960109019,57.85308598861326,,,
1770711000,212.652,212.663,212.5915,212.6065,56.408739237804724,58.62399963290437,,,
1770711300,212.6065,212.6275,212.5235,212.533,49.57761390681746,58.39427996643517,,,
1770711600,212.533,212.6635,212.5225,212.656,58.61070423374468,58.68707494689253,,,
1770711900,212.656,212.684,212.633,212.637,56.91453445815475,59.07366067183899,,,
1770712200,212.637,212.664,212.589,212.6285,56.13191214565765,59.139891827777845,,,
1770712500,212.6285,212.6765,212.5865,212.651,57.78664241014424,59.18949215662305,,,
1770712800,212.651,212.765,212.645,212.726,62.82095485746453,59.70792625222613,,,
1770713100,212.726,212.789,212.715,212.765,65.14850833032489,60.305955088079976,,,
1770713400,212.765,212.765,212.648,212.648,54.18842404016343,59.802292661763474,,,
1770713700,212.648,212.681,212.5695,212.652,54.470432254042706,59.18969854443974,,,
1770714000,212.652,212.6915,212.576,212.599,50.0721478516154,58.18213185630958,,,
1770714300,212.599,212.652,212.528,212.5725,47.98578529074884,56.929760938325295,,,
1770714600,212.5725,212.5955,212.5035,212.506,43.12925631474943,55.3218917808945,,,
1770714900,212.506,212.595,212.4975,212.519,44.31571445404751,54.1115264132486,,,
1770715200,212.519,212.52,212.406,212.424,38.065931803133736,52.801325882200665,,,
1770715500,212.424,212.4265,212.3435,212.374,35.24834699899429,51.777806817356144,,,
1770715800,212.374,212.3845,212.3135,212.3205,32.47821099979211,49.91120015778811,,,
1770716100,212.3205,212.3365,212.2635,212.298,31.36191758032274,48.08601323794296,,,
1770716400,212.298,212.3005,212.232,212.2455,28.868621888464205,46.13863536242915,,,
1770716700,212.2455,212.3135,212.2335,212.304,35.06361113970115,44.515561700254636,,,
1770717000,212.304,212.34,212.241,212.249,32.222248391906845,42.329939809857656,,,
1770717300,212.249,212.2615,212.182,212.246,32.06959489284418,39.967160278609036,,,
1770717600,212.246,212.2645,212.145,212.1625,28.08185664007678,38.10240546431713,,,
1770717900,212.1625,212.223,212.1245,212.207,32.87247963039968,36.559694562628344,,,
1770718200,212.207,212.2425,212.14,212.142,29.75468884395059,35.10844749065229,,,
1770718500,212.142,212.142,212.0255,212.0485,25.942998495741747,33.53396271958035,,,
1770718800,212.0485,212.073,212.0035,212.05,26.106541707880325,32.31805453337542,,,
1770719100,212.05,212.095,212.029,212.044,25.860534085214297,30.999827364173047,,,
1770719400,212.044,212.094,211.993,212.084,30.558518997927095,30.46358359237257,,,
1770719700,212.084,212.112,212.011,212.013,27.256935861700796,29.892768511137316,,,
1770720000,212.013,212.015,211.928,211.928,23.924390444560956,29.28178132862081,,,
1770720300,211.928,211.957,211.9,211.916,23.48778602247947,28.71934336020343,,,
1770720600,211.916,211.98,211.912,211.958,28.412034894276303,28.68673000347572,,,
1770720900,211.958,212.0415,211.9555,212.0005,33.10378723753968,28.546742581892754,,,
1770721200,212.0005,212.0245,211.9505,212.0235,35.56495264996957,28.78550717175438,,,
1770721500,212.0235,212.0835,212.0205,212.0835,41.601001788418564,29.466321950009696,,,
1770721800,212.0835,212.093,212.0025,212.069,40.61091153017158,30.361254442159325,,,
1770722100,212.069,212.069,212.011,212.0575,39.80183680455211,30.856208526027356,,,
1770722400,212.0575,212.0895,212.041,212.043,38.753474520211384,31.498978931474557,,,
1770722700,212.043,212.0665,212.04,212.0565,40.329341494453196,32.526574859953946,,,
1770723000,212.0565,212.118,212.047,212.0945,44.6466816809603,33.8508705723168,,,
1770723300,212.0945,212.154,212.0915,212.134,48.794062757834105,35.48897976321822,,,
1770723600,212.134,212.151,212.0795,212.1385,49.26048227732726,36.82483428317538,,,
1770723900,212.1385,212.1485,212.11,212.141,49.535496138601125,38.41616001723968,,,
1770724200,212.141,212.176,212.14,212.1465,50.17531956158409,40.291226382741335,,,
1770724500,212.1465,212.1775,212.1225,212.155,51.204971920720766,42.27102537547285,,,
1770724800,212.155,212.1925,212.1285,212.1325,48.356269020381035,43.69561352733747,,,
1770725100,212.1325,212.1435,212.0565,212.131,48.16389339873272,44.77133539599412,,,
1770725400,212.131,212.3125,212.12,212.311,65.76482707675405,46.92846928362159,,,
1770725700,212.311,212.3135,212.2035,212.288,62.82917422303369,48.44476731466552,,,
1770726000,212.288,212.428,212.268,212.3205,65.19352172406343,50.20066804280066,,,
1770726300,212.3205,212.3265,212.281,212.2835,60.477195994856636,51.677479413536695,,,
1770726600,212.2835,212.2845,212.197,212.249,56.3814092971156,52.936617611886994,,,
1770726900,212.249,212.249,212.146,212.163,47.70781253654348,53.463651257750584,,,
1770727200,212.163,212.2435,212.1335,212.2435,54.72836924598434,54.18377179810945,,,
1770727500,212.2435,212.3275,212.223,212.3055,59.26452557822681,54.93166199956607,,,
1770727800,212.3055,212.454,212.2525,212.454,67.63051195365102,56.24380697644634,,,
1770728100,212.454,212.515,212.368,212.374,60.43026947876731,57.02200507217249,,,
1770728400,212.374,212.4535,212.3195,212.3235,56.35179038658046,57.463181559672236,,,
1770728700,212.3235,212.325,212.189,212.195,47.5565026656633,57.20257661288241,,,
1770729000,212.195,212.208,212.0905,212.0905,41.83766676414547,56.73696216600844,,,
1770729300,212.0905,212.1445,212.059,212.0935,42.05310241000039,56.3004770953847,,,
1770729600,212.0935,212.1085,212.0035,212.0715,40.85790953718067,54.52141155684375,,,
1770729900,212.0715,212.082,212.018,212.052,39.77874504924703,52.8749523301447,,,
1770730200,212.052,212.0615,211.8545,211.856,30.934500315446584,50.42787937238636,,,
1770730500,211.856,211.911,211.781,211.834,30.124871113141438,48.25985616654955,,,
1770730800,211.834,211.9415,211.823,211.922,37.20458443956411,46.89008296243873,,,
1770731100,211.922,211.987,211.8715,211.877,35.23840213633527,45.999410790995285,,,
1770731400,211.877,211.8815,211.7135,211.7185,29.35407103347808,44.186960918673414,,,
1770731700,211.7185,211.7635,211.6515,211.7305,30.30299555602393,42.11828020280178,,,
1770732000,211.7305,211.772,211.6745,211.7165,29.80008186374303,39.41610662495121,,,
1770732300,211.7165,211.7165,211.587,211.595,25.798471500430296,36.942406769355706,,,
1770732600,211.595,211.667,211.5865,211.6445,29.92687764535441,35.05491300212527,,,
1770732900,211.6445,211.652,211.488,211.5035,25.563794587000416,33.48400528222078,,,
1770733200,211.5035,211.509,211.416,211.4265,23.545021699532768,32.17738777760559,,,
1770733500,211.4265,211.466,211.392,211.4265,23.545021699532782,30.855382012572186,,,
1770733800,211.4265,211.4925,211.3095,211.372,22.11165119649941,29.51636355966638,,,
1770734100,211.372,211.377,211.1405,211.1415,17.311515041749047,27.911561416273667,,,
1770734400,211.1415,211.1555,210.984,211.068,16.110515321335058,26.852705345265697,,,
1770734700,211.068,211.1015,210.953,210.959,14.503551722537992,25.73689681736545,,,
1770735000,210.959,211.205,210.947,211.195,30.636019392742767,25.267713599735355,,,
1770735300,211.195,211.2105,211.146,211.1635,29.827024291062415,24.881186610787296,,,
1770735600,211.1635,211.172,210.864,210.9365,24.754077672321216,24.552615656418947,,,
1770735900,210.9365,211.0855,210.9185,210.94,24.96597986492624,24.171400249911965,,,
1770736200,210.94,210.989,210.8745,210.938,24.922788617302743,23.823022160880516,,,
1770736500,210.938,210.938,210.696,210.8015,22.111228666692156,23.559647672756363,,,
1770736800,210.8015,210.9145,210.7935,210.8095,22.66189214763979,23.040720137205316,,,
1770737100,210.8095,210.88,210.803,210.8395,24.808708613274703,22.986785424796334,,,
1770737400,210.8395,210.949,210.824,210.932,31.154450553450047,23.530316057219,,,
1770737700,210.932,210.933,210.7755,210.7775,27.048370567011688,23.780555262038924,,,
1770738000,210.7775,210.7905,210.6285,210.682,24.866719108839433,23.97734582720607,,,
1770738300,210.682,210.751,210.6245,210.751,29.303544173478414,24.833919336615306,,,
1770738600,210.751,210.912,210.6505,210.778,31.020115182318364,25.898890755256975,,,
1770738900,210.778,210.8795,210.7665,210.8685,36.578753339704136,27.475690870768837,,,
1770739200,210.8685,210.8855,210.7405,210.7575,33.05986051778119,27.648822379700157,,,
1770739500,210.7575,210.769,210.6765,210.677,30.749534495096285,27.71471596570257,,,
1770739800,210.677,210.7125,210.6235,210.6645,30.394341972587426,28.117591987150156,,,
1770740100,210.6645,210.6925,210.5515,210.6625,30.333966694997144,28.501019617869506,,,
1770740400,210.6625,210.6935,210.5995,210.686,32.04212737301718,29.009543814706255,,,
1770740700,210.686,210.7925,210.6805,210.7925,39.30527712842262,30.237690133401284,,,
1770741000,210.7925,210.8025,210.7275,210.7385,37.13791454484503,31.27169173320166,,,
1770741300,210.7385,210.779,210.7175,210.7335,36.93482959665125,32.13784323201427,,,
1770741600,210.7335,210.7355,210.6355,210.7265,36.632804445329185,32.529154224291354,,,
1770741900,210.7265,210.849,210.7235,210.769,39.848880418432195,33.44347635653567,,,
1770742200,210.769,210.8545,210.76,210.843,45.07587920435641,34.88698779192974,,,
1770742500,210.843,210.883,210.8165,210.8165,43.61425417361949,35.9091813633684,,,
1770742800,210.8165,210.8305,210.782,210.8155,43.55685744851332,36.8046629538109,,,
1770743100,210.8155,210.843,210.724,210.744,39.54922934261415,37.01683981116161,,,
1770743400,210.744,210.7545,210.654,210.6665,35.71353446675603,37.20638795037409,,,
1770743700,210.6665,210.686,210.6365,210.6775,36.65263108077248,37.62803770649383,,,
1770744000,210.6775,210.688,210.636,210.642,34.88167260391681,37.94856132301735,,,
1770744300,210.642,210.674,210.623,210.671,37.53677898643901,38.463047915263196,,,
1770744600,210.671,210.7455,210.6645,210.713,41.271543733710125,39.12229194102697,,,
1770744900,210.713,210.8025,210.713,210.7595,45.17967235123406,39.54189159979922,,,
1770745200,210.7595,210.799,210.743,210.796,48.09924020727972,40.32484343283027,,,
1770745500,210.796,210.81,210.636,210.6495,39.098697783382164,40.479405446168194,,,
1770745800,210.6495,210.805,210.6495,210.7905,48.99187899622324,41.36219648551777,,,
1770746100,210.7905,210.8145,210.768,210.7875,48.81019913476943,42.002290679541865,,,
1770746400,210.7875,210.803,210.7465,210.7945,49.282805303366246,42.30278540089971,,,
1770746700,210.7945,210.801,210.765,210.787,48.7633391099396,42.67057718206542,,,
1770747000,210.787,210.8155,210.7765,210.7775,48.07214128814548,42.99309745632486,,,
1770747300,210.7775,210.8415,210.7765,210.821,51.46462410596196,43.844197082278285,,,
1770747600,210.821,210.832,210.7625,210.787,48.78205055882205,44.77766251742586,,,
1770747900,210.787,210.8125,210.756,210.808,50.49832902262336,45.766640941843775,,,
1770748200,210.808,210.8275,210.784,210.825,51.90338739256961,46.98247771246184,,,
1770748500,210.825,210.8595,210.776,210.786,48.50215789207806,47.765719062864626,,,
1770748800,210.786,210.8165,210.7645,210.7725,47.345583549933025,48.19957904973769,,,
1770749100,210.7725,210.8375,210.7725,210.8315,52.65876889958941,48.73380023176308,,,
1770749400,210.8315,210.832,210.7805,210.8135,50.968984410217686,48.93878196054436,,,
1770749700,210.8135,210.8255,210.7725,210.799,49.588530111274586,49.688055698250956,,,
1770750000,210.799,210.879,210.7775,210.866,55.57577956163545,50.15833431006612,,,
1770750300,210.866,210.8745,210.8535,210.8675,55.70262566095214,50.65065049050774,,,
1770750600,210.8675,210.889,210.848,210.8565,54.47424040866351,51.02146728374326,,,
1770750900,210.8565,210.8755,210.8235,210.8245,50.953947972071205,51.17793934532409,,,
1770751200,210.8245,210.847,210.7975,210.7975,48.12787903419358,51.18192061289896,,,
1770751500,210.7975,210.8215,210.783,210.795,47.863170887730945,50.92467395445389,,,
1770751800,210.795,210.8205,210.7755,210.785,46.75540725620029,50.779913718552336,,,
1770752100,210.785,210.8615,210.781,210.8515,54.32586733745317,51.05330931246874,,,
1770752400,210.8515,210.8675,210.8355,210.8355,52.395569388624146,51.08846516932978,,,
1770752700,210.8355,210.8385,210.762,210.766,44.92792620428622,50.833162905916076,,,
1770753000,210.766,210.7725,210.7085,210.7225,40.99009534130867,50.37919946244291,,,
1770753300,210.7225,210.7645,210.6875,210.751,44.42683104267358,49.79120390123463,,,
1770753600,210.751,210.7685,210.702,210.734,42.82467773858661,49.20946771040384,,,
1770753900,210.734,210.767,210.7095,210.7135,40.908811354066515,48.589487799174705,,,
1770754200,210.7135,210.7235,210.6925,210.7025,39.87788709149428,47.46820976559319,,,
1770754500,210.7025,210.7165,210.6915,210.6965,39.29618115522936,46.29632087232727,,,
1770754800,210.6965,210.725,210.6965,210.712,41.663605301906266,45.3812755075589,,,
1770755100,210.712,210.72,210.694,210.6945,39.77740611628836,44.5829510892887,,,
1770755400,210.6945,210.7235,210.6845,210.695,39.86117876653166,43.992472498741414,,,
1770755700,210.695,210.695,210.628,210.6325,33.574185688905885,42.971830698825336,,,
1770756000,210.6325,210.6325,210.5845,210.5995,30.81095811367321,41.832941474359124,,,
1770756300,210.5995,210.6485,210.5995,210.6485,38.857694933091324,40.728072016904704,,,
1770756600,210.6485,210.649,210.584,210.6055,35.009752388526536,39.48622794546916,,,
1770756900,210.6055,210.6125,210.527,210.5755,32.585315115957414,38.604612867731376,,,
1770757200,210.5755,210.599,210.553,210.556,31.078764595296406,37.89666067158765,,,
1770757500,210.556,210.556,210.495,210.528,29.005074455375663,36.7951066296378,,,
1770757800,210.528,210.578,210.524,210.546,32.1397647118619,36.03189855630031,,,
1770758100,210.546,210.584,210.546,210.572,36.50109604194062,35.71706174829132,,,
1770758400,210.572,210.576,210.546,210.547,34.223486295482815,35.313175977147644,,,
1770758700,210.547,210.5485,210.528,210.5395,33.547192312472504,34.90253391695073,,,
1770759000,210.5395,210.5885,210.5385,210.546,34.75063208574103,34.40875011579607,,,
1770759300,210.546,210.561,210.5405,210.561,37.560791769099644,34.2504205195683,,,
1770759600,210.561,210.579,210.5445,210.577,40.50422522098815,34.29635240917234,,,
1770759900,210.577,210.639,210.577,210.614,46.75510612537109,35.23784672606272,,,
1770760200,210.614,210.633,210.6105,210.6245,48.411561502796516,36.495032682428665,,,
1770760500,210.6245,210.6445,210.6005,210.6435,51.360334495197684,37.388078365436265,,,
1770760800,210.6435,210.786,210.5795,210.717,60.715102183656654,39.22417477937413,,,
1770761100,210.717,210.7195,210.6055,210.6485,50.89140846606834,40.531752875810625,,,
1770761400,210.6485,210.6495,210.639,210.64,49.814334682255165,41.870007882021966,,,
1770761700,210.64,210.6815,210.6065,210.638,49.54861224130934,43.33740343816008,,,
1770762000,210.638,210.638,210.632,210.6335,48.916353021581585,44.53573117456863,,,
1770762300,210.6335,210.634,210.568,210.5775,41.772755240457194,44.912278260176954,,,
1770762600,210.5775,210.716,210.5745,210.632,49.50189503770015,46.00359317033534,,,
1770762900,210.632,210.634,210.6165,210.6285,49.05158236450902,47.11104960262366,,,
1770763200,210.6285,210.6315,210.624,210.626,48.71072429535712,48.10819904616766,,,
1770763500,210.626,210.632,210.624,210.6265,48.78737431657559,48.910097799558805,,,
1770763800,210.6265,210.6355,210.5835,210.5975,44.622058008323194,49.20422871293988,,,
1770764100,210.5975,210.6265,210.571,210.6255,49.137334735576815,49.37438789938314,,,
1770764400,210.6255,210.6255,210.561,210.5775,42.708532084864075,48.96702865524511,,,
1770764700,210.5775,210.61,210.5715,210.5925,45.12471597375536,48.52162733228494,,,
1770765000,210.5925,210.6225,210.59,210.61,47.886089579685425,47.60526928914414,,,
1770765300,210.61,210.6275,210.5985,210.615,48.6806846766762,47.447360447044694,,,
1770765600,210.615,210.6425,210.6055,210.6315,51.31855996020715,47.55480510975555,,,
1770765900,210.6315,210.673,210.6215,210.655,54.876091175758624,47.935339319359066,,,
1770766200,210.655,210.661,210.6145,210.634,51.2704031226177,48.10348575514736,,,
1770766500,210.634,210.6515,210.6225,210.634,51.2704031226177,48.781889175301686,,,
1770766800,210.634,210.634,210.604,210.621,48.96075148165558,48.74323606415565,,,
1770767100,210.621,210.6375,210.6085,210.6195,48.688207794062976,48.71728073769521,,,
1770767400,210.6195,210.6245,210.6095,210.6165,48.11137426782136,48.674470021442666,,,
1770767700,210.6165,210.634,210.6165,210.632,51.32036973360175,48.85539826551595,,,
1770768000,210.632,210.652,210.5155,210.528,35.469872599631486,48.2016707363237,,,
1770768300,210.528,210.5805,210.526,210.5395,37.75904521526134,47.388935770586876,,,
1770768600,210.5395,210.5725,210.5365,210.562,42.087730068650046,47.34459276942872,,,
1770768900,210.562,210.5815,210.4375,210.4495,30.62072740654652,46.30859358605666,,,
1770769200,210.4495,210.475,210.412,210.4155,28.126578423408432,44.89719993203688,,,
1770769500,210.4155,210.435,210.376,210.394,26.648414851537538,43.32346637309841,,,
1770769800,210.394,210.3945,210.263,210.2875,20.81337389513753,41.14452451130772,,,
1770770100,210.2875,210.327,210.2595,210.312,24.8879577354612,39.0025149798579,,,
1770770400,210.312,210.312,210.1535,210.1615,18.56759316764787,36.66659998307434,,,
1770770700,210.1615,210.2025,210.1355,210.181,21.354420001301023,34.52974404583744,,,
1770771000,210.181,210.203,210.093,210.1775,21.214088489168418,32.54783954637407,,,
1770771300,210.1775,210.2225,210.0945,210.1145,18.817044396562977,30.414185017981215,,,
1770771600,210.1145,210.172,210.049,210.1115,18.708636933228433,28.31398949408172,,,
1770771900,210.1115,210.1815,210.071,210.1645,26.73874558563297,26.558159197798236,,,
1770772200,210.1645,210.181,209.9955,210.0365,21.27324904570129,25.54411465823179,,,
1770772500,210.0365,210.06,209.9535,209.9595,18.785650613757397,24.188872186695793,,,
1770772800,209.9595,210.027,209.9595,210.01,24.981490912661783,22.96699796126806,,,
1770773100,210.01,210.0625,210.0055,210.0495,29.511274997564655,22.8877513606265,,,
1770773400,210.0495,210.087,210.032,210.06,30.709015380101505,23.072211143247426,,,
1770773700,210.06,210.136,210.012,210.0985,35.06586161918372,23.673457340936437,,,
1770774000,210.0985,210.122,210.0605,210.1,35.23672128033866,24.703696439879373,,,
1770774300,210.1,210.1325,210.078,210.1075,36.14149482704033,25.507520517849308,,,
1770774600,210.1075,210.159,210.1075,210.1415,40.218842313564636,27.05403831398622,,,
1770774900,210.1415,210.162,210.083,210.0995,37.07009551603088,28.176586565038352,,,
1770775200,210.0995,210.112,210.061,210.0775,35.50218480296857,29.197164873166937,,,
1770775500,210.0775,210.087,210.0155,210.0185,31.637502256530055,30.112911863164587,,,
1770775800,210.0185,210.053,210.0085,210.0425,34.74913909848098,31.258662017825483,,,
1770776100,210.0425,210.076,209.9715,209.986,31.15406687076667,31.574042109620745,,,
1770776400,209.986,210.0885,209.9835,210.0225,35.776658896817,32.60999995612901,,,
1770776700,210.0225,210.0875,210.011,210.064,40.655614102519095,34.17214020532627,,,
1770777000,210.064,210.0795,209.949,209.957,33.5736616136427,34.78586668396777,,,
1770777300,209.957,210.01,209.859,209.931,32.10997950125646,34.97148843423147,,,
1770777600,209.931,210.0185,209.902,210.0125,40.819524212743076,35.693667636563006,,,
1770777900,210.0125,210.0235,209.9325,209.95,36.90904962620007,35.82532392277846,,,
1770778200,209.95,209.952,209.866,209.9195,35.139892277671095,35.81840756544507,,,
1770778500,209.9195,209.9235,209.81,209.813,29.773337461965482,35.36353918222544,,,
1770778800,209.813,209.875,209.812,209.849,33.471939324478484,34.88161754014785,,,
1770779100,209.849,209.8905,209.7955,209.853,33.888572895041705,34.654365924362914,,,
1770779400,209.853,209.893,209.8175,209.8735,36.09732505859032,34.69687594262161,,,
1770779700,209.8735,209.9385,209.8545,209.922,41.110159854927,35.3734943425071,,,
1770780000,209.922,209.9335,209.8995,209.925,41.41628952858623,35.84971937322891,,,
1770780300,209.925,209.9705,209.873,209.9515,44.17679809259391,36.779914460502276,,,
1770780600,209.9515,209.9815,209.9355,209.9455,43.674992927556836,37.3440811769837,,,
1770780900,209.9455,209.9485,209.886,209.9105,40.766013729616674,37.351966864633525,,,
1770781200,209.9105,209.9105,209.844,209.884,38.66610365975787,37.715712725070325,,,
1770781500,209.884,209.927,209.8645,209.8855,38.85809052431552,38.197720655288826,,,
1770781800,209.8855,209.901,209.8525,209.8595,36.71294407841198,37.904393502836605,,,
1770782100,209.8595,209.863,209.835,209.847,35.69276358720968,37.817515928623,,,
1770782400,209.847,209.8655,209.837,209.8635,38.13648128775809,38.03155800077207,,,
1770782700,209.8635,209.8785,209.809,209.823,34.65537303635959,38.38027482751452,,,
1770783000,209.823,209.824,209.789,209.7955,32.4869303860938,38.30991704620133,,,
1770783300,209.7955,209.7995,209.7,209.7045,26.563692345935266,37.78671129269372,,,
1770783600,209.7045,209.7065,209.6185,209.675,24.974031523810126,36.99219032592371,,,
1770783900,209.675,209.676,209.581,209.59,21.062798467545193,35.56023594111072,,,
1770784200,209.59,209.611,209.5785,209.5905,21.141035410373263,34.112003504095505,,,
1770784500,209.5905,209.616,209.498,209.513,18.139924755506627,32.2522268371607,,,
1770784800,209.513,209.575,209.513,209.5255,20.109815647885796,30.568999888612773,,,
1770785100,209.5255,209.61,209.524,209.556,24.861083050784714,29.432933411553343,,,
1770785400,209.556,209.556,209.4105,209.4115,19.073480587517608,28.033460334964754,,,
1770785700,209.4115,209.4765,209.4035,209.4275,21.25930225288407,26.776404029862505,,,
1770786000,209.4275,209.506,209.4255,209.46,25.65209449897273,25.98634334561684,,,
1770786300,209.46,209.4695,209.3735,209.409,23.442015245572108,25.11128989264273,,,
1770786600,209.409,209.441,209.3595,209.4395,27.466743297523692,24.34916575048313,,,
1770786900,209.4395,209.4835,209.4045,209.427,26.843889176819744,23.791202617658854,,,
1770787200,209.427,209.4575,209.342,209.3615,23.798488011085425,23.17059959087254,,,
1770787500,209.3615,209.3835,209.305,209.3055,21.547714968747556,22.81231549250199,,,
1770787800,209.3055,209.3175,209.261,209.2815,20.64648353428288,22.503204921821474,,,
1770788100,209.2815,209.2915,209.174,209.186,17.508437485665468,22.249321994544353,,,
1770788400,209.186,209.3325,209.142,209.326,33.471917467451206,23.130099284335635,,,
1770788700,209.326,209.335,209.2765,209.2875,31.657599506396096,24.09564748082774,,,
1770789000,209.2875,209.337,209.281,209.292,32.12073324294781,24.95357016618931,,,
1770789300,209.292,209.292,209.1885,209.2105,28.370845659945687,25.204267495415092,,,
1770789600,209.2105,209.2225,209.0395,209.057,22.93904740753173,25.480379411130393,,,
1770789900,209.057,209.1195,208.99,209.045,22.575166011550948,25.574369679606598,,,
1770790200,209.045,209.162,208.998,209.1085,28.994007324223787,25.813077738553098,,,
1770790500,209.1085,209.1435,209.011,209.0425,26.53193827731552,26.033786526534765,,,
1770790800,209.0425,209.2355,209.0245,209.2345,41.96982474239962,27.069720915454475,,,
1770791100,209.2345,209.2615,209.188,209.235,42.00400227794371,28.15258613696333,,,
1770791400,209.235,209.288,209.128,209.1705,38.82715170521837,29.226062115115685,,,
1770791700,209.1705,209.282,209.1705,209.2745,45.9283847533299,30.96753852830014,,,
1770792000,209.2745,209.3415,209.269,209.2935,47.13575927540861,32.859629652666264,,,
1770792300,209.2935,209.3565,209.2645,209.324,49.10055163810429,35.116209234983316,,,
1770792600,209.324,209.3345,209.189,209.189,41.710916329969685,35.70470915373464,,,
1770792900,209.189,209.3705,209.1745,209.3525,51.27525380660027,37.105970175177795,,,
1770793200,209.3525,209.4035,209.2695,209.382,52.7807366598637,38.5816847049575,,,
1770793500,209.382,209.433,209.3525,209.4025,53.84790798722481,40.40147487119172,,,
1770793800,209.4025,209.448,209.351,209.365,51.55266761819747,42.44530488623928,,,
1770794100,209.365,209.444,209.357,209.404,53.76013317299567,44.67280254062818,,,
1770794400,209.404,209.416,209.284,209.3335,49.3800275066375,46.12894683937201,,,
1770794700,209.3335,209.482,209.313,209.4435,55.475551586419336,48.19634779002229,,,
1770795000,209.4435,209.4815,209.3935,209.4735,56.99647198931967,49.26967973623086,,,
1770795300,209.4735,209.542,209.4535,209.4545,55.69878284253861,50.247878347987644,,,
1770795600,209.4545,209.5495,209.43,209.51,58.659662661659304,51.664486273447714,,,
1770795900,209.51,209.558,209.4855,209.512,58.76661144390915,52.58150246563194,,,
1770796200,209.512,209.5475,209.4125,209.4225,52.25208067694802,52.94695399431333,,,
1770796500,209.4225,209.436,209.3485,209.3655,48.56002773539876,52.90834514412008,,,
1770796800,209.3655,209.443,209.2995,209.345,47.26648341831332,53.30517136471605,,,
1770797100,209.345,209.4825,209.3045,209.4125,51.81767132899943,53.34391547345886,,,
1770797400,209.4125,209.5525,209.4105,209.5105,57.54641499430438,53.68432106877604,,,
1770797700,209.5105,209.54,209.4535,209.5315,58.68014158131857,54.029480611211305,,,
1770798000,209.5315,209.594,209.5065,209.546,59.48467970550854,54.596052903162104,,,
1770798300,209.546,209.6835,209.524,209.667,65.51830648546189,55.43592242548118,,,
1770798600,209.667,209.725,209.6545,209.6645,65.30192282804865,56.57320066272484,,,
1770798900,209.6645,209.71,209.634,209.692,66.60832637048914,57.36839886158696,,,
1770799200,209.692,209.717,209.6505,209.692,66.60832637048914,58.05495988881335,,,
1770799500,209.692,209.6995,209.613,209.654,62.818002399411,58.56347557144709,,,
1770799800,209.654,209.6855,209.643,209.681,64.36944341244944,58.97131705364638,,,
1770800100,209.681,209.744,209.681,209.693,65.06709630841092,59.42135168682508,,,
1770800400,209.693,209.785,209.691,209.773,69.37256856759261,60.64424367901398,,,
1770800700,209.773,209.8455,209.772,209.8425,72.53907759667085,62.35703295481913,,,
1770801000,209.8425,209.889,209.819,209.8775,73.99708622303561,64.26636172658502,,,
1770801300,209.8775,209.9095,209.852,209.908,75.23123036165006,65.93875880034577,,,
1770801600,209.908,210.0095,209.9035,210.0095,78.8318529316697,67.4591472244433,,,
1770801900,210.0095,210.016,209.9095,209.922,69.45792396728604,68.22898882344097,,,
1770802200,209.922,209.9325,209.8475,209.904,67.67514199208037,68.8140218439104,,,
1770802500,209.904,209.956,209.8985,209.9265,68.75472366259453,69.04519449941986,,,
1770802800,209.9265,209.9275,209.7725,209.7765,55.45721314993227,68.34200095098298,,,
1770803100,209.7765,209.787,209.682,209.709,50.7048011636177,67.20603486477788,,,
1770803400,209.709,209.798,209.6985,209.774,54.728072249376474,66.3574452846984,,,
1770803700,209.774,209.8385,209.75,209.8275,57.78225365209534,65.99774894560441,,,
1770804000,209.8275,209.8355,209.7575,209.8005,55.738557936340165,65.38125712588233,,,
1770804300,209.8005,209.8615,209.782,209.8345,57.76437631160813,64.85963426896784,,,
1770804600,209.8345,209.8455,209.7545,209.7685,52.72007873587689,63.67017070955957,,,
1770804900,209.7685,209.82,209.754,209.7955,54.471646977695166,62.379639951061314,,,
1770805200,209.7955,209.843,209.7575,209.7685,52.381795689135046,60.83569062721127,,,
1770805500,209.7685,209.8155,209.753,209.781,53.27555375054993,59.26742801213269,,,
1770805800,209.781,209.8495,209.7335,209.835,57.02789252710963,57.71000226894983,,,
1770806100,209.835,209.899,209.8025,209.899,61.02307274292219,57.10751289578098,,,
1770806400,209.899,210.1255,209.898,210.035,67.86101586680138,57.12078960111821,,,
1770806700,210.035,210.0905,210.009,210.0795,69.73215131208559,57.19060586179614,,,
1770807000,210.0795,210.1155,210.0585,210.068,68.62029623919014,58.13082608245742,,,
1770807300,210.068,210.1845,210.068,210.136,71.51271962198568,59.617105972340845,,,
1770807600,210.136,210.169,210.112,210.1645,72.6505618917169,60.897283803936595,,,
1770807900,210.1645,210.1645,210.091,210.1295,69.00535856511435,61.69893415486653,,,
1770808200,210.1295,210.145,210.081,210.081,64.19845165377967,62.303212277540766,,,
1770808500,210.081,210.24,210.0775,210.238,71.19382744838765,63.262458787310734,,,
1770808800,210.238,210.24,210.114,210.119,61.40083324039617,63.88251268049068,,,
1770809100,210.119,210.2065,210.114,210.1975,64.83694394663783,64.62289103541517,,,
1770809400,210.1975,210.208,210.0985,210.1305,59.93300451783444,65.16226309460798,,,
1770809700,210.1305,210.19,210.1115,210.1515,60.93045218986227,65.70904155455887,,,
1770810000,210.1515,210.2005,210.105,210.1855,62.55574941054219,66.10388847480405,,,
1770810300,210.1855,210.2185,210.128,210.21,63.726738543996696,66.29700746059508,,,
1770810600,210.21,210.2285,210.1425,210.1535,59.133997025258296,65.67364897191342,,,
1770810900,210.1535,210.1785,210.1365,210.157,59.32953617243048,64.93060503336663,,,
1770811200,210.157,210.2225,210.1265,210.22,62.78165546405265,64.51355926371396,,,
1770811500,210.22,210.23,210.1615,210.2055,61.488027581934865,63.79750983228176,,,
1770811800,210.2055,210.239,210.1555,210.185,59.6176804360497,62.866589728305534,,,
1770812100,210.185,210.2155,210.1185,210.1575,57.108145573012074,62.01678880029823,,,
1770812400,210.1575,210.2045,210.1255,210.1855,59.00051774062144,61.645507806501215,,,
1770812700,210.1855,210.193,210.08,210.085,50.404560023104516,60.160560133266706,,,
1770813000,210.085,210.1605,210.068,210.1485,54.877789349765564,59.69462842679309,,,
1770813300,210.1485,210.2145,210.1305,210.2095,58.72873987001484,59.25832813560573,,,
1770813600,210.2095,210.2105,210.1615,210.1855,56.6791498968506,59.025909948392595,,,
1770813900,210.1855,210.188,210.0985,210.109,50.61549257488462,58.28912711875133,,,
1770814200,210.109,210.1455,210.089,210.1125,50.874439129154915,57.45474781293796,,,
1770814500,210.1125,210.165,210.0655,210.1265,51.95954276077809,56.61423382842234,,,
1770814800,210.1265,210.1805,210.1155,210.16,54.54674365209798,56.2865728731966,,,
1770815100,210.16,210.162,210.1155,210.1155,50.644993742114245,55.6662484138883,,,
1770815400,210.1155,210.154,210.109,210.15,53.426458918045334,54.99802008917349,,,
1770815700,210.15,210.2295,210.1435,210.1775,55.57558745664263,54.57570293736689,,,
1770816000,210.1775,210.1805,210.098,210.1135,49.81442386922191,53.87547032545063,,,
1770816300,210.1135,210.285,210.084,210.0895,47.81278317951087,53.21151586877197,,,
1770816600,210.0895,210.512,210.0895,210.4435,68.14501685470577,53.86469437692085,,,
1770816900,210.4435,210.492,208.8295,208.8555,23.64386165008547,51.9532159217052,,,
1770817200,208.8555,209.9685,208.6435,209.408,38.65414451579182,50.79438414784994,,,
1770817500,209.408,209.9615,209.401,209.797,46.611912715168145,49.928896493932314,,,
1770817800,209.797,209.84,209.6255,209.821,47.068127794914844,49.24239491522262,,,
1770818100,209.821,209.9055,209.686,209.859,47.828309169784546,49.043310386286905,,,
1770818400,209.859,210.055,209.8515,210.009,50.83017304929966,49.0401485234401,,,
1770818700,210.009,210.121,209.982,210.024,51.13297361281126,48.9811078700139,,,
1770819000,210.024,210.041,209.791,209.9255,48.99906673915556,48.584845233375155,,,
1770819300,209.9255,210.0195,209.858,209.949,49.54011620657789,48.50592540940828,,,
1770819600,209.949,210.0775,209.947,209.965,49.929588719843416,48.25614896667957,,,
1770819900,209.965,210.0865,209.962,210.066,52.42583710441974,48.03116679866365,,,
1770820200,210.066,210.066,209.878,209.898,48.12775385708461,47.91069036922527,,,
1770820500,209.898,209.9225,209.813,209.841,46.72798364369075,47.83320468809526,,,
1770820800,209.841,209.9195,209.795,209.9155,48.82306794189045,46.453065480037026,,,
1770821100,209.9155,209.934,209.6915,209.7455,44.520391636943955,47.94424619338407,,,
1770821400,209.7455,209.7455,209.527,209.527,39.68007973070812,48.017527280163804,,,
1770821700,209.527,209.6055,209.3865,209.543,40.19284750369954,47.559022622201766,,,
1770822000,209.543,209.613,209.334,209.38,36.764094923631305,46.82302027425294,,,
1770822300,209.38,209.4645,209.3065,209.359,36.334046349898045,46.0020015014039,,,
1770822600,209.359,209.4355,209.273,209.341,35.9459129249347,44.938840063949264,,,
1770822900,209.341,209.4835,209.3135,209.459,40.43783236506054,44.174901403395644,,,
1770823200,209.459,209.5605,209.351,209.4655,40.684588915499575,43.581010130277356,,,
1770823500,209.4655,209.522,209.3075,209.3085,36.72680298580381,42.66577347165063,,,
1770823800,209.3085,209.345,209.22,209.3395,38.00912430930888,41.81431172804103,,,
1770824100,209.3395,209.404,209.195,209.3605,38.912301852128145,40.84905921002019,,,
1770824400,209.3605,209.457,209.311,209.4,40.66347837930818,40.315896675893306,,,
1770824700,209.4,209.475,209.3845,209.3925,40.426509528096844,39.865791381922314,,,
1770825000,209.3925,209.5305,209.3785,209.4785,44.42579037763067,39.55170012733233,,,
1770825300,209.4785,209.5255,209.356,209.44,43.03302583203917,39.44545971269628,,,
1770825600,209.44,209.4865,209.3285,209.35,39.885132268136935,39.46010632251262,,,
1770825900,209.35,209.383,209.2115,209.2125,35.6004509430057,39.13207799674878,,,
1770826200,209.2125,209.3405,209.1955,209.3305,41.41672825548253,39.46440894902387,,,
1770826500,209.3305,209.4035,209.3005,209.336,41.68111329041693,39.84634230191807,,,
1770826800,209.336,209.3775,209.31,209.322,41.1717674228659,40.219617623198864,,,
1770827100,209.322,209.3305,209.1765,209.1775,36.24815481145734,39.92035494079864,,,
1770827400,209.1775,209.21,209.1455,209.1565,35.582187158541174,39.555897672444466,,,
1770827700,209.1565,209.177,209.0725,209.1515,35.41534947317206,39.4622224215422,,,
1770828000,209.1515,209.222,209.12,209.1495,35.343962096350694,39.27185369204519,,,
1770828300,209.1495,209.1575,209.0925,209.1085,33.83813583803189,38.90941326246689,,,
1770828600,209.1085,209.1085,208.8235,208.8255,25.699216014480626,37.84053737926492,,,
1770828900,208.8255,208.9055,208.787,208.792,24.934664206522655,36.73397699915249,,,
1770829200,208.792,208.805,208.7155,208.7535,24.04916602989313,35.278503831456945,,,
1770829500,208.7535,208.8425,208.686,208.8305,29.445785402059883,34.307986657887,,,
1770829800,208.8305,208.8865,208.747,208.769,27.74981449038485,33.44117824519042,,,
1770830100,208.769,208.831,208.651,208.7705,27.85895312682493,32.88821411546322,,,
1770830400,208.7705,208.8465,208.738,208.815,31.180238227050268,32.15703625628949,,,
1770830700,208.815,208.82,208.681,208.6905,27.381994574088125,31.13567063369457,,,
1770831000,208.6905,208.6955,208.45,208.602,25.046351550985577,29.98385521427455,,,
1770831300,208.602,208.6425,208.556,208.579,24.462356816010924,29.14201250031409,,,
1770831600,208.579,208.682,208.56,208.679,31.897423218556995,28.878815076029507,,,
1770831900,208.679,208.8035,208.647,208.7695,37.858646539197,29.053336295031293,,,
1770832200,208.7695,208.7955,208.742,208.7795,38.49924866112231,29.278713906800686,,,
1770832500,208.7795,208.7995,208.73,208.736,36.72566658067494,29.484966102703766,,,
1770832800,208.736,208.7445,208.6725,208.7335,36.6212504387245,30.265111418721183,,,
1770833100,208.7335,208.7475,208.6905,208.72,36.02560518740215,31.057321488784005,,,
1770833400,208.72,208.729,208.638,208.703,35.24812317828031,31.85724699938309,,,
1770833700,208.703,208.7185,208.617,208.644,32.61717002999083,32.08377447280673,,,
1770834000,208.644,208.655,208.6085,208.638,32.35270295665559,32.4125522203975,,,
1770834300,208.638,208.668,208.6205,208.6525,33.75070569904926,32.833391689842095,,,
1770834600,208.6525,208.66,208.5325,208.5325,28.50119758750506,32.64203164416029,,,
1770834900,208.5325,208.553,208.4225,208.433,25.02547855297462,32.47370907122361,,,
1770835200,208.433,208.433,208.3415,208.3425,22.355124602868457,32.28147857492953,,,
1770835500,208.3425,208.356,208.304,208.3125,21.534801994947443,32.07236751628214,,,
1770835800,208.3125,208.361,208.2105,208.2125,19.02828495676907,31.153143354725863,,,
1770836100,208.2125,208.311,208.183,208.292,26.365986805718208,30.3322390880488,,,
1770836400,208.292,208.4015,208.281,208.3375,30.26119075827765,29.743806380702754,,,
1770836700,208.3375,208.4365,208.316,208.3945,34.906728300270785,29.613882217816744,,,
1770837000,208.3945,208.4975,208.367,208.399,35.27330698333073,29.517600542431474,,,
1770837300,208.399,208.4255,208.375,208.3845,34.59720487324451,29.415571948563073,,,
1770837600,208.3845,208.387,208.3085,208.3225,31.791241652626766,29.16865183958782,,,
1770837900,208.3225,208.415,208.303,208.396,38.191125997876455,29.566791551579648,,,
1770838200,208.396,208.457,208.3425,208.378,37.26887711201457,29.917946848391004,,,
1770838500,208.378,208.4225,208.3415,208.4045,39.582058312950146,30.33447203509821,,,
1770838800,208.4045,208.4795,208.4045,208.427,41.55272066670116,31.26672368361222,,,
1770839100,208.427,208.461,208.409,208.455,44.0005992396802,32.62208944694833,,,
1770839400,208.455,208.502,208.4325,208.4955,47.430200030322816,34.413166263195066,,,
1770839700,208.4955,208.515,208.437,208.5065,48.35534107616716,36.32891905471076,,,
1770840000,208.5065,208.614,208.4965,208.614,56.42585140735321,39.000173801181056,,,
1770840300,208.614,208.638,208.5735,208.6365,57.90846865378698,41.25320821890026,,,
1770840600,208.6365,208.641,208.5805,208.5815,53.1479777775176,42.88797872027454,,,
1770840900,208.5815,208.66,208.5765,208.6475,57.64738982618909,44.512311686411564,,,
1770841200,208.6475,208.6795,208.637,208.647,57.60225854207131,46.10723679775017,,,
1770841500,208.647,208.66,208.5975,208.604,53.70803865679075,47.47229635371776,,,
1770841800,208.604,208.6665,208.6005,208.6465,56.81555524648126,49.25974732470736,,,
1770842100,208.6465,208.6765,208.638,208.652,57.215821991360414,50.61865418138479,,,
1770842400,208.652,208.68,208.642,208.673,58.78655502063645,52.15563117485778,,,
1770842700,208.673,208.7295,208.673,208.688,59.91848600759097,53.60823315304641,,,
1770843000,208.688,208.7875,208.684,208.7675,65.35025862316358,55.3080572927937,,,
1770843300,208.7675,208.799,208.702,208.705,58.62404277250922,56.352588973710056,,,
1770843600,208.705,208.771,208.705,208.765,62.603388384374,57.43638814185657,,,
1770843900,208.765,208.8045,208.7555,208.779,63.4858310443536,58.51713742529846,,,
1770844200,208.779,208.803,208.7635,208.7635,61.74855284143182,58.897330384875495,,,
1770844500,208.7635,208.826,208.7525,208.8205,65.48864585509085,59.43877161354006,,,
1770844800,208.8205,208.8305,208.743,208.7545,58.37174417270527,59.81189778462489,,,
1770845100,208.7545,208.8025,208.7535,208.7775,60.002995963876366,59.980155365888265,,,
1770845400,208.7775,208.8435,208.772,208.829,63.45611521069011,60.39828798507532,,,
1770845700,208.829,208.8295,208.7775,208.7945,59.73551282568213,60.82882185428184,,,
1770846000,208.7945,208.816,208.7775,208.7775,57.93299217604448,60.90863877782208,,,
1770846300,208.7775,208.9075,208.769,208.8945,65.62170456269857,61.50905896148908,,,
1770846600,208.8945,208.918,208.8835,208.907,66.32975964501584,62.04785929180189,,,
1770846900,208.907,208.907,208.858,208.866,61.83143729283096,62.18449866931904,,,
1770847200,208.866,208.866,208.7865,208.864,61.61193562437874,61.917475597977266,,,
1770847500,208.864,208.8675,208.6255,208.7925,54.20364958740666,61.60173322761279,,,
1770847800,208.7925,208.818,208.7195,208.792,54.154611110073695,60.99824913659135,,,
1770848100,208.792,208.7945,208.7615,208.7625,51.210820748916674,60.121462686917276,,,
1770848400,208.7625,208.7745,208.6765,208.6825,44.19473865595518,58.86761881652609,,,
1770848700,208.6825,208.6935,208.653,208.656,42.13543234478582,57.19953213721858,,,
1770849000,208.656,208.7485,208.6455,208.74,50.07641488738321,56.60700861683845,,,
1770849300,208.74,208.7435,208.6875,208.7115,47.68532169575442,55.727174740544015,,,
1770849600,208.7115,208.722,208.6915,208.7015,46.840195054817926,54.54032330083886,,,
1770849900,208.7015,208.707,208.651,208.669,44.104379371466564,53.423813768394886,,,
1770850200,208.669,208.6825,208.647,208.6815,45.42468871543636,52.53036352120859,,,
1770850500,208.6815,208.6835,208.657,208.676,44.92189099075439,51.05180540892686,,,
1770850800,208.676,208.764,208.648,208.6995,47.59117990206901,49.7133354272878,,,
1770851100,208.6995,208.709,208.644,208.6755,45.18283806269626,48.52414976799247,,,
1770851400,208.6755,208.73,208.6755,208.723,50.519756192431245,47.731851237139075,,,
1770851700,208.723,208.7315,208.678,208.694,47.48042739556778,47.25162108057916,,,
1770852000,208.694,208.7125,208.6655,208.7025,48.45918098016632,46.84480464272864,,,
1770852300,208.7025,208.703,208.64,208.6615,44.18209391191203,46.342752725799734,,,
1770852600,208.6615,208.7015,208.6575,208.672,45.50854294630593,46.43659588939621,,,
1770852900,208.672,208.6785,208.6085,208.6085,39.40919145385728,46.24186439718704,,,
1770853200,208.6085,208.6415,208.5995,208.619,40.82158052930969,45.58080480018178,,,
1770853500,208.619,208.8115,208.619,208.809,59.306619085110924,46.4108974708501,,,
1770853800,208.809,208.8145,208.7815,208.8115,59.48594119663387,47.314165052408384,,,
1770854100,208.8115,208.821,208.7945,208.7945,57.626319729562674,48.28001793512954,,,
1770854400,208.7945,208.8725,208.6675,208.8515,61.92433832686534,49.458564335945894,,,
1770854700,208.8515,208.9575,208.85,208.915,66.0551004477746,50.96807929716163,,,
1770855000,208.915,208.9355,208.844,208.903,64.62818933756591,52.185008542554264,,,
1770855300,208.903,208.9045,208.643,208.723,47.90990194568398,52.37979881991053,,,
1770855600,208.723,208.742,208.591,208.616,41.103137418260076,51.70718319318403,,,
1770855900,208.616,208.7365,208.606,208.7215,48.82352616485798,51.8031188195619,,,
1770856200,208.7215,208.8755,208.6995,208.87,57.30681478999659,52.4350926631212,,,
1770856500,208.87,209.013,208.8665,209.0005,63.09621459262217,53.78610128317193,,,
1770856800,209.0005,209.0055,208.9055,208.92,57.88200369175896,54.669919907847145,,,
1770857100,208.92,208.9435,208.8855,208.9245,58.09050034163886,56.00429911411725,,,
1770857400,208.9245,208.963,208.7505,208.836,52.577974128736486,56.84404151407631,,,
1770857700,208.836,208.86,208.6955,208.7145,46.10882325603371,55.901341811999366,,,
1770858000,208.7145,208.7155,208.5475,208.6085,41.33096513769232,54.604557807789256,,,
1770858300,208.6085,208.629,208.4725,208.4825,36.49058569758156,53.094862519790595,,,
1770858600,208.4825,208.496,208.4295,208.452,35.40955432205382,51.20094937658978,,,
1770858900,208.452,208.599,208.4435,208.5785,42.957540206795095,49.551123645091245,,,
1770859200,208.5785,208.668,208.5745,208.6245,45.453742325151595,48.18152028706165,,,
1770859500,208.6245,208.718,208.6235,208.6925,49.00624382466097,48.259830421274295,,,
1770859800,208.6925,208.7905,208.686,208.7885,53.60063867527184,49.15250908248942,,,
1770860100,208.7885,208.795,208.5445,208.5685,43.85029426092004,48.79727823220815,,,
1770860400,208.5685,208.5815,208.448,208.5575,43.42494667365941,47.80571622389835,,,
1770860700,208.5575,208.6095,208.5015,208.5695,44.06240020782565,46.44615805355574,,,
1770861000,208.5695,208.588,208.3535,208.3565,36.253993074810026,44.90130015234511,,,
1770861300,208.3565,208.509,208.3565,208.4985,43.44895290772859,43.85547533563722,,,
1770861600,208.4985,208.536,208.2825,208.31,37.41228463030905,42.772211800035265,,,
1770861900,208.31,208.355,208.2565,208.3055,37.27912592607032,42.141519133609314,,,
1770862200,208.3055,208.314,208.2295,208.241,35.33768021343232,41.71342735330502,,,
1770862500,208.241,208.2445,208.176,208.208,34.351968168568604,41.56066895837552,,,
1770862800,208.208,208.31,208.207,208.267,37.698049008374866,41.72413286454131,,,
1770863100,208.267,208.284,208.224,208.239,36.74095228262221,41.28009086995753,,,
1770863400,208.239,208.2465,208.104,208.1575,34.032535346555534,40.46429037148639,,,
1770863700,208.1575,208.187,208.101,208.12,32.83321056769191,39.30907371027431,,,
1770864000,208.12,208.166,208.115,208.166,35.820978364365985,38.03909797378103,,,
1770864300,208.166,208.187,208.146,208.179,36.67824398327198,37.52680866823475,,,
1770864600,208.179,208.2015,208.077,208.0855,33.23928547823792,36.79926143999035,,,
1770864900,208.0855,208.0965,207.9635,207.9945,30.265056789155466,35.81373691008534,,,
1770865200,207.9945,207.9955,207.764,207.8425,26.06906181080106,35.086241819798985,,,
1770865500,207.8425,207.8775,207.792,207.835,25.87841327698463,33.831203274745846,,,
1770865800,207.835,207.835,207.733,207.7705,24.236815485756708,32.89009833584925,,,
1770866100,207.7705,207.8035,207.7035,207.7145,22.87977188702702,31.861573047346155,,,
1770866400,207.7145,207.7915,207.6955,207.7635,26.744772794842106,31.247793946018284,,,
1770866700,207.7635,207.8085,207.72,207.805,29.946947755722817,30.933149630815013,,,
1770867000,207.805,207.825,207.706,207.7175,27.242956322247238,30.18635729609161,,,
1770867300,207.7175,207.7435,207.642,207.7225,27.644995113242317,29.536646069707334,,,
1770867600,207.7225,207.8495,207.685,207.8495,37.145519088046505,29.7590020512424,,,
1770867900,207.8495,207.9105,207.824,207.9105,41.14301294362304,30.352559363808915,,,
1770868200,207.9105,208.018,207.891,207.9885,45.882574215334444,31.07124478173523,,,
1770868500,207.9885,208.02,207.9555,207.9695,44.93338470240783,31.660897690244934,,,
1770868800,207.9695,207.9695,207.869,207.8915,41.16814889441883,32.227245077115,,,
1770869100,207.8915,207.9685,207.811,207.8405,38.87439436523702,32.84219776112082,,,
1770869400,207.8405,207.8845,207.7925,207.857,40.038405735042076,33.84000804142376,,,
1770869700,207.857,207.9085,207.8065,207.8075,37.717875617615356,34.68568392289738,,,
1770870000,207.8075,207.8565,207.7865,207.8045,37.575734850511694,35.63846387752273,,,
1770870300,207.8045,208.0085,207.7985,207.961,48.482666210917586,37.46724204351492,,,
1770870600,207.961,207.9715,207.8775,207.9135,45.86340171560668,38.8328583949981,,,
1770870900,207.9135,207.961,207.8965,207.949,48.11929303599989,40.13088305787504,,,
1770871200,207.949,208.089,207.944,208.0705,55.02669352380375,42.115435715129074,,,
1770871500,208.0705,208.1015,208.0265,208.076,55.31671153756116,44.091986888294706,,,
1770871800,208.076,208.1965,208.0675,208.1895,60.91773888145827,45.79000258782412,,,
1770872100,208.1895,208.2635,208.1745,208.2635,64.07920844602833,47.42830226656734,,,
1770872400,208.2635,208.288,208.236,208.2775,64.66162920487025,48.76966333724847,,,
1770872700,208.2775,208.367,208.2555,208.328,66.75554036499261,50.32838874171881,,,
1770873000,208.328,208.381,208.2915,208.3505,67.67457482812858,52.221704879840935,,,
1770873300,208.3505,208.3625,208.311,208.3175,64.84322688136601,54.076621488135864,,,
1770873600,208.3175,208.43,208.3175,208.383,67.7291829284336,56.05453414480668,,,
1770873900,208.383,208.4785,208.3745,208.478,71.3966378144679,58.460160016010434,,,
1770874200,208.478,208.5085,208.4235,208.4845,71.63417123910084,60.89290547233823,,,
1770874500,208.4845,208.5855,208.4575,208.5855,75.09504743863738,62.79378984574679,,,
1770874800,208.5855,208.6255,208.5595,208.5845,74.99748097285999,64.87479550697917,,,
1770875100,208.5845,208.585,208.4915,208.5295,69.63845596486615,66.41187857332675,,,
1770875400,208.5295,208.5915,208.4685,208.497,66.6095822122594,67.2392277653593,,,
1770875700,208.497,208.561,208.477,208.5565,69.24677003863833,68.23423194400767,,,
1770876000,208.5565,208.5585,208.419,208.4605,60.890580634125335,68.23229206919817,,,
1770876300,208.4605,208.561,208.418,208.4545,60.40000000728183,67.96949146643057,,,
1770876600,208.4545,208.5435,208.3845,208.5415,64.82530587506379,67.98118265715867,,,
1770876900,208.5415,208.922,208.5145,208.813,74.42888369559694,68.5292786093447,,,
1770877200,208.813,208.858,208.6655,208.6895,65.64857400180816,68.38456426460752,,,
1770877500,208.6895,208.8585,208.656,208.8495,70.50344153646513,68.78886531140031,,,
1770877800,208.8495,208.873,208.744,208.803,67.51693817908753,68.77370497216131,,,
1770878100,208.803,208.939,208.7015,208.746,63.941400018555804,68.241187986739,,,
1770878400,208.746,208.765,208.4145,208.7255,62.656241478457254,67.59990728955019,,,
1770878700,208.7255,208.964,208.72,208.7905,65.05457238228624,66.88273049981082,,,
1770879000,208.7905,208.7905,208.6665,208.7235,60.72537476545035,65.8632943421387,,,
1770879300,208.7235,208.7815,208.6725,208.7605,62.220565648111226,65.33344503379907,,,
1770879600,208.7605,208.798,208.6055,208.6685,56.46443835155724,64.60879190089177,,,
1770879900,208.6685,208.673,208.559,208.6,52.565179939557986,63.41724975095746,,,
1770880200,208.6,208.612,208.4795,208.5195,48.34037186648656,62.5208062675547,,,
1770880500,208.5195,208.571,208.481,208.5235,48.561602393745964,61.67520643801642,,,
1770880800,208.5235,208.6655,208.5225,208.6395,54.62964519672326,60.94694496099209,,,
1770881100,208.6395,208.6705,208.548,208.593,51.98238254567779,59.34362345028358,,,
1770881400,208.593,208.635,208.4575,208.4575,45.120907282205245,57.87736154174052,,,
1770881700,208.4575,208.553,208.3965,208.5365,49.321026432348596,56.364331891446476,,,
1770882000,208.5365,208.6185,208.5365,208.5935,52.16566365520202,55.26781228259751,,,
1770882300,208.5935,208.6665,208.5555,208.6225,53.592885453218464,54.52863267078771,,,
1770882600,208.6225,208.7245,208.5605,208.69,56.82214698438292,54.111911635496675,,,
1770882900,208.69,208.722,208.6225,208.6285,53.19045987598221,53.26447502790353,,,
1770883200,208.6285,208.6615,208.5465,208.5595,49.37736709916498,52.453903051740284,,,
1770883500,208.5595,208.5595,208.3965,208.4355,43.36141522815924,51.10682087888658,,,
1770883800,208.4355,208.516,208.4165,208.4855,46.20739620884489,50.37417501154998,,,
1770884100,208.4855,208.6105,208.4695,208.536,48.99504481138648,50.11916535953774,,,
1770884400,208.536,208.54,208.4345,208.4535,44.90129254238765,49.87351683638781,,,
1770884700,208.4535,208.6005,208.442,208.5915,52.10951895449082,50.12693944786958,,,
1770885000,208.5915,208.638,208.5235,208.6085,52.92651116143416,50.00528701677751,,,
1770885300,208.6085,208.65,208.565,208.5745,51.050716750553654,49.938739459982926,,,
1770885600,208.5745,208.623,208.5345,208.549,49.63001688188625,50.260818717103,,,
1770885900,208.549,208.59,208.4485,208.4545,44.6688731993591,49.92852205760374,,,
1770886200,208.4545,208.5005,208.3995,208.4325,43.57675946417762,49.315028901101996,,,
1770886500,208.4325,208.5505,208.4325,208.5405,50.035004022535496,49.06089451319607,,,
1770886800,208.5405,208.608,208.4885,208.6005,53.237346572107526,48.804837340890685,,,
1770887100,208.6005,208.653,208.54,208.609,53.69016854047448,48.84053081692584,,,
1770887400,208.609,208.628,208.5455,208.623,54.47215499354958,49.20444423795332,,,
1770887700,208.623,208.7375,208.597,208.7155,59.35558820426929,50.346885164818325,,,
1770888000,208.7155,208.781,208.692,208.696,57.944551452149796,51.185253396482956,,,
1770888300,208.696,208.7785,208.6865,208.727,59.58924665262255,51.94198209942839,,,
1770888600,208.727,208.841,208.7035,208.8375,64.86398506039366,53.367888707857425,,,
1770888900,208.8375,208.8395,208.7565,208.796,61.61135094145221,54.04659099264038,,,
1770889200,208.796,208.8015,208.6625,208.676,53.28997843757085,54.07255294093586,,,
1770889500,208.676,208.6945,208.6285,208.6345,50.737764397689965,54.050199201445594,,,
1770889800,208.6345,208.6835,208.6345,208.6825,53.5110771980858,54.32741779545985,,,
1770890100,208.6825,208.7225,208.651,208.7125,55.20833060429319,55.08023618152658,,,
1770890400,208.7125,208.7705,208.6925,208.7195,55.61551382288567,55.940147207148584,,,
1770890700,208.7195,208.7435,208.6475,208.6475,50.527592706966466,55.97533211317936,,,
1770891000,208.6475,208.768,208.6285,208.768,57.530256658291684,56.2819685479068,,,
1770891300,208.768,208.8185,208.7485,208.7945,58.90779347499634,56.65465604322979,,,
1770891600,208.7945,208.8045,208.6005,208.605,47.13422806300988,56.1305184053341,,,
1770891900,208.605,208.696,208.5985,208.696,52.08655703704564,55.61130189338955,,,
1770892200,208.696,208.7185,208.5995,208.6545,49.79559838181448,55.02923381693703,,,
1770892500,208.6545,208.7945,208.6415,208.7755,55.88777544193793,54.764843016173835,,,
1770892800,208.7755,208.786,208.673,208.6945,51.39194324278792,53.802554314916286,,,
1770893100,208.6945,208.7225,208.675,208.697,51.52156608052768,53.08185539627882,,,
1770893400,208.697,208.7545,208.696,208.739,53.75283710727968,53.11491672982945,,,
1770893700,208.739,208.829,208.7375,208.829,58.19329343492571,53.647454518203425,,,
1770894000,208.829,208.8415,208.778,208.7965,56.09860188704192,53.832277710271725,,,
1770894300,208.7965,208.8895,208.7945,208.8875,60.39710095624005,54.20290416398222,,,
1770894600,208.8875,208.943,208.8795,208.9325,62.359767794268286,54.68463659050955,,,
1770894900,208.9325,208.994,208.9225,208.9495,63.103683466662204,55.58292878763067,,,
1770895200,208.9495,208.9495,208.8635,208.8655,57.09868915434458,55.55210253734873,,,
1770895500,208.8655,208.961,208.848,208.9395,60.65113312926573,55.67662679836797,,,
1770895800,208.9395,208.991,208.931,208.9735,62.19988442809643,56.752745110159864,,,
1770896100,208.9735,208.982,208.9265,208.9535,60.6867446211222,57.36704422330819,,,
1770896400,208.9535,208.985,208.9265,208.962,61.11965027219986,58.17590507262144,,,
1770896700,208.962,209.067,208.961,209.0525,65.47837832076797,58.86094813539502,,,
1770897000,209.0525,209.1565,209.0375,209.1485,69.3975408526357,60.147062250384145,,,
1770897300,209.1485,209.312,209.1485,209.2595,73.18781575570605,61.69465151289689,,,
1770897600,209.2595,209.2785,209.2105,209.2245,70.23394691939592,62.87187364233377,,,
1770897900,209.2245,209.2725,209.1975,209.2705,71.8424495044101,63.846813361582655,,,
1770898200,209.2705,209.3775,209.2695,209.3565,74.6053660738859,65.16872508921436,,,
1770898500,209.3565,209.4075,209.3245,209.3655,74.88312450703455,66.20344105712827,,,
1770898800,209.3655,209.434,209.3515,209.4,75.96823086744732,67.17547413378391,,,
1770899100,209.4,209.4015,209.3005,209.3565,71.75867797585784,67.79368802729788,,,
1770899400,209.3565,209.3815,209.2795,209.3165,68.02588767281117,68.57420220718835,,,
1770899700,209.3165,209.3975,209.3155,209.368,70.17690448475219,69.25461444686596,,,
1770900000,209.368,209.4535,209.3585,209.3765,70.52930141704084,69.84957280321912,,,
1770900300,209.3765,209.4655,209.3235,209.4625,73.89082908219987,70.7927216932961,,,
1770900600,209.4625,209.4825,209.3765,209.4325,70.85468540071926,71.4880813453332,,,
1770900900,209.4325,209.5415,209.4235,209.4365,71.02563540706106,71.88431399435413,,,
1770901200,209.4365,209.5105,209.4165,209.4795,72.86799901120455,72.13220386282333,,,
1770901500,209.4795,209.5565,209.4705,209.5315,74.94296364731487,72.25757156936682,,,
1770901800,209.5315,209.5355,209.4325,209.4695,68.24176973360322,72.11527319895306,,,
1770902100,209.4695,209.4745,209.3875,209.4045,61.984161067908374,71.41110973920294,,,
1770902400,209.4045,209.4045,209.327,209.3495,57.204243755520174,70.16817243074824,,,
1770902700,209.3495,209.392,209.2865,209.3615,57.96587526824442,68.95979748512038,,,
1770903000,209.3615,209.3915,209.196,209.2295,47.87305171083235,66.95299897393359,,,
1770903300,209.2295,209.2575,209.193,209.2265,47.66990184138703,65.23237210718568,,,
1770903600,209.2265,209.3,209.211,209.212,46.63972253061128,63.70478888274283,,,
1770903900,209.212,209.2585,209.1545,209.1695,43.661399309851944,61.810824227392814,,,
1770904200,209.1695,209.2725,209.158,209.2215,48.033948332141236,60.204013292757125,,,
1770904500,209.2215,209.2305,209.1475,209.212,47.31151064851208,58.30549054749371,,,
1770904800,209.212,209.225,209.1555,209.2075,46.951286195413445,56.59810488997187,,,
1770905100,209.2075,209.2815,209.1325,209.1475,42.32409470170824,54.54799483958953,,,
1770905400,209.1475,209.149,208.9505,209.077,37.63120204880791,52.031080770846906,,,
1770905700,209.077,209.115,208.971,208.971,31.903362622541508,48.95682355479166,,,
1770906000,208.971,209.0825,208.94,209.0255,37.196373492895255,46.73929525188395,,,
1770906300,209.0255,209.1465,209.0245,209.1235,45.41278715614827,45.55562568675823,,,
1770906600,209.1235,209.1485,209.0525,209.0655,41.9175246108994,44.46371717642818,,,
1770906900,209.0655,209.119,209.007,209.029,39.83943454572622,43.16897141053403,,,
1770907200,209.029,209.1775,209.028,209.177,50.545463393364585,43.35985795928632,,,
1770907500,209.177,209.239,209.1195,209.1195,47.04278444709378,43.31506385969396,,,
1770907800,209.1195,209.242,209.0835,209.2335,53.86835254516177,43.83139457501898,,,
1770908100,209.2335,209.2595,209.0625,209.1035,46.50703578634959,44.03465432334024,,,
1770908400,209.1035,209.133,209.0025,209.0485,43.781118431774935,43.730880759028366,,,
1770908700,209.0485,209.0975,209.0035,209.0915,46.42502701620692,43.667560499577995,,,
1770909000,209.0915,209.102,208.943,208.9515,39.85338741546436,43.160567729581636,,,
1770909300,208.9515,209.0025,208.9135,208.9495,39.76678526021528,42.977902769474994,,,
1770909600,208.9495,208.9745,208.8885,208.957,40.2907726815359,43.16787210038414,,,
1770909900,208.957,209.035,208.941,209.008,43.86677977988292,44.02240189733709,,,
1770910200,209.008,209.03,208.926,208.9975,43.29191261874869,44.45779754918377,,,
1770910500,208.9975,209.0065,208.6545,208.699,30.896097444718407,43.420891141224494,,,
1770910800,208.699,208.729,208.5575,208.615,28.429192177870902,42.4574388245796,,,
1770911100,208.615,208.648,208.5595,208.5725,27.243933915249272,41.55776020811696,,,
1770911400,208.5725,208.5975,208.432,208.448,24.077148549976897,39.66716629073212,,,
1770911700,208.448,208.484,208.349,208.427,23.57928080340983,37.9912017447547,,,
1770912000,208.427,208.503,208.377,208.41,23.161744240673087,35.797872580148365,,,
1770912300,208.41,208.417,208.1725,208.1765,18.354210750838206,33.786956506183266,,,
1770912600,208.1765,208.211,207.971,208.2005,20.18791277865364,32.10172753096032,,,
1770912900,208.2005,208.2135,207.8845,207.928,15.838355859509832,29.91696530548196,,,
1770913200,207.928,207.928,207.7505,207.7645,13.902854384569352,28.06335580327517,,,
1770913500,207.7645,207.7645,207.5675,207.66,12.824166559781347,26.138883038958458,,,
1770913800,207.66,207.937,207.646,207.8075,22.020840056690616,24.833887851469512,,,
1770914100,207.8075,208.212,207.7775,208.1665,38.91255466413899,24.480014628916372,,,
1770914400,208.1665,208.313,208.11,208.1915,39.88906956949802,24.23695441111275,,,
1770914700,208.1915,208.2355,207.9385,207.98,34.818140527575636,24.517100345602554,,,
1770915000,207.98,208.0915,207.9025,207.975,34.70581455567408,24.96543051544564,,,
1770915300,207.975,208.1265,207.9715,208.0965,39.789058871796335,25.86151086948471,,,
1770915600,208.0965,208.139,207.926,208.1355,41.36696747644751,27.096497935661187,,,
1770915900,208.1355,208.2275,208.091,208.168,42.7142433117373,28.463280971970295,,,
1770916200,208.168,208.1705,208.0635,208.079,40.00341179859592,29.66625722610764,,,
1770916500,208.079,208.102,207.8765,207.8865,34.85141448240793,30.844628921219762,,,
1770916800,207.8865,208.099,207.8795,208.091,43.21780334879996,32.48962110480164,,,
1770917100,208.091,208.111,207.9645,207.9975,40.64758073768078,34.26170859609957,,,
1770917400,207.9975,208.062,207.9675,208.051,42.74575985677735,36.32191612982871,,,
1770917700,208.051,208.2285,208.051,208.151,46.549303507835326,38.73085448326113,,,
1770918000,208.151,208.2195,208.131,208.216,48.92445752896665,40.65254144556656,,,
1770918300,208.216,208.276,208.1765,208.236,49.665604921099764,41.42061646392091,,,
1770918600,208.236,208.2755,208.177,208.197,48.19691494173752,42.014033990509446,,,
1770918900,208.197,208.231,208.1745,208.1755,47.36535467062271,42.910263572155664,,,
1770919200,208.1755,208.204,208.081,208.1105,44.84617315222812,43.634574900480956,,,
1770919500,208.1105,208.1325,208.033,208.0565,42.80913032601953,43.85029429006833,,,
1770919800,208.0565,208.0605,207.943,207.9525,39.12330640757759,43.690032785149036,,,
1770920100,207.9525,207.9595,207.913,207.9435,38.811879092115355,43.41129248374748,,,
1770920400,207.9435,208.09,207.9435,208.0625,45.04128791046258,43.77114077745223,,,
1770920700,208.0625,208.149,208.007,208.0565,44.79366813945425,44.48130175295554,,,
1770921000,208.0565,208.0585,208.0205,208.0205,43.257045236734974,44.484104744950905,,,
1770921300,208.0205,208.094,208.006,208.0935,47.2115713782619,44.95296121927812,,,
1770921600,208.0935,208.1445,208.083,208.1015,47.642212600472455,45.302707843827775,,,
1770921900,208.1015,208.241,208.094,208.233,54.24910067570772,45.852693355818666,,,
1770922200,208.233,208.303,208.216,208.2575,55.37884834571501,46.313721271300686,,,
1770922500,208.2575,208.274,208.193,208.24,54.34653783548254,46.64807362232803,,,
1770922800,208.24,208.265,208.184,208.1975,51.82014646089599,46.90687587369649,,,
1770923100,208.1975,208.3245,208.1955,208.323,58.02534102069461,47.6683034701302,,,
1770923400,208.323,208.3395,208.2595,208.2685,54.72890861301375,48.37421314590059,,,
1770923700,208.2685,208.328,208.2655,208.324,57.38400487842094,49.415275613929275,,,
1770924000,208.324,208.341,208.287,208.301,55.92031702612145,50.61506208668241,,,
1770924300,208.301,208.3135,208.2605,208.2795,54.520369644353146,51.737097126127956,,,
1770924600,208.2795,208.331,208.2675,208.327,57.077022490859484,52.596792453299166,,,
1770924900,208.327,208.376,208.3255,208.376,59.60005454416639,53.65439148220718,,,
1770925200,208.376,208.3865,208.333,208.386,60.11531603494838,54.85855368207957,,,
1770925500,208.386,208.3975,208.3455,208.3455,56.94749085146934,55.553976501594384,,,
1770925800,208.3455,208.361,208.3235,208.3415,56.63008644733511,56.19596749065601,,,
1770926100,208.3415,208.362,208.303,208.3165,54.58243532132902,56.21977710820039,,,
1770926400,208.3165,208.335,208.28,208.32,54.8286898048951,56.1804800695704,,,
1770926700,208.32,208.338,208.2985,208.3175,54.6009613810133,56.19865317996545,,,
1770927000,208.3175,208.33,208.2985,208.329,55.5162401219513,56.46265987004083,,,
1770927300,208.329,208.3305,208.2525,208.2715,50.079694040531976,55.89511365717207,,,
1770927600,208.2715,208.2825,208.248,208.2725,50.171084592640405,55.56955479857397,,,
1770927900,208.2725,208.2805,208.2275,208.2335,46.58883988987864,54.79847158510666,,,
1770928200,208.2335,208.237,208.185,208.217,45.12098098059941,54.027090438997945,,,
1770928500,208.217,208.2475,208.197,208.209,44.390708029083115,53.30354318076438,,,
1770928800,208.209,208.236,208.162,208.1655,40.547816647807316,52.12288562054636,,,
1770929100,208.1655,208.171,208.0465,208.0595,33.04149713887763,50.22584580588288,,,
1770929400,208.0595,208.0935,207.9985,208.081,35.64385415861537,48.477884243287654,,,
1770929700,208.081,208.0925,207.9835,207.9835,29.957679975387393,46.5500406092818,,,
1770930000,207.9835,208.043,207.982,208.0245,34.676859323354364,44.9819529575689,,,
1770930300,208.0245,208.0685,208.002,208.034,35.756941013216334,43.6372747927037,,,
1770930600,208.034,208.0665,208.0335,208.0655,39.33851725182206,42.53083389605563,,,
1770930900,208.0655,208.0685,208.022,208.046,37.928819350481646,41.339966608160516,,,
1770931200,208.046,208.07,208.0355,208.069,40.63118644885395,40.27674848865355,,,
1770931500,208.069,208.07,208.016,208.0295,37.60333447676522,39.385579948384496,,,
1770931800,208.0295,208.062,208.023,208.0435,39.329059072492555,38.61114955408823,,,
1770932100,208.0435,208.0535,208.025,208.0295,38.191531671698876,38.01134182421824,,,
1770932400,208.0295,208.061,208.027,208.0535,41.32461638453683,37.7401729244995,,,
1770932700,208.0535,208.145,208.0535,208.1205,49.083991547147754,38.075407461504106,,,
1770933000,208.1205,208.1335,208.086,208.092,46.28035182075732,38.48487425957196,,,
1770933300,208.092,208.092,208.0445,208.0445,41.97681746567425,39.12311142577172,,,
1770933600,208.0445,208.06,208.0355,208.0365,41.280583020424565,39.52573491590095,,,
1770933900,208.0365,208.1015,208.024,208.0955,48.115459629696055,40.822719176922995,,,
1770934200,208.0955,208.0955,208.0945,208.0945,48.013449212993315,41.775332740468635,,,
1770934500,208.0945,208.152,208.0235,208.1415,53.05151680525933,43.01065958275742,,,
1770934800,208.1415,208.2925,208.061,208.0635,45.21939916968727,43.43072257689065,,,
1770935100,208.0635,208.1655,208.057,208.1295,51.715109680921714,44.415457600493504,,,
1770935400,208.1295,208.167,208.0625,208.131,51.85483803056397,45.21714699918709,,,
1770935700,208.131,208.131,208.0795,208.123,51.007050734107345,46.17455530328295,,,
1770936000,208.123,208.196,208.097,208.128,51.54031551928075,47.046787906624964,,,
1770936300,208.128,208.146,207.9915,207.9915,39.045548118051975,47.107789081364466,,,
1770936600,207.9915,208.0885,207.989,208.0745,47.39633218500493,47.54148306711219,,,
1770936900,208.0745,208.0825,208.0085,208.0165,42.96650821137593,47.104519971699915,,,
1770937200,208.0165,208.057,207.9855,208.028,44.08245720147226,46.94752749889384,,,
1770937500,208.028,208.139,208.028,208.116,51.8468669578127,47.65253103404659,,,
1770937800,208.116,208.171,208.113,208.1325,53.16016024343536,48.501072264261644,,,
1770938100,208.1325,208.168,208.126,208.1285,52.784320382089284,48.83456231800401,,,
1770938400,208.1285,208.143,208.1185,208.133,53.18531255158002,49.203981127903056,,,
1770938700,208.133,208.174,208.133,208.1515,54.881779891940205,49.33471420552312,,,
1770939000,208.1515,208.154,208.05,208.0525,45.40040621428037,49.347643280136914,,,
1770939300,208.0525,208.0885,208.0055,208.0335,43.83520837181138,48.78479318662904,,,
1770939600,208.0335,208.0375,207.9825,207.991,40.473927073054,47.97187097537833,,,
1770939900,207.991,207.991,207.931,207.951,37.555111939434006,47.01101820433023,,,
1770940200,207.951,208.1595,207.951,208.158,55.45720313465859,47.29079589114293,,,
1770940500,208.158,208.181,208.0595,208.0745,49.315470984584906,48.02436181018099,,,
1770940800,208.0745,208.2445,208.0335,208.161,54.888993291023645,48.55955188918233,,,
1770941100,208.161,208.2895,208.158,208.229,58.730980929799436,49.68558565478401,,,
1770941400,208.229,208.288,208.2145,208.229,58.730980929799436,50.73190877823595,,,
1770941700,208.229,208.287,208.1895,208.2725,61.18364413558837,51.398821433791355,,,
1770942000,208.2725,208.309,208.2415,208.2725,61.183644135588374,51.971927426087994,,,
1770942300,208.2725,208.2765,208.2265,208.274,61.275682503914084,52.57845329193263,,,
1770942600,208.274,208.283,208.1765,208.181,52.90056625771217,52.55811427094206,,,
1770942900,208.181,208.219,208.097,208.186,53.270366169816,52.44301329079035,,,
1770943200,208.186,208.218,208.107,208.131,48.73732011356109,52.68136428359611,,,
1770943500,208.131,208.1555,208.041,208.1335,48.949968682754566,53.04670430580634,,,
1770943800,208.1335,208.183,208.003,208.175,52.47434323835409,53.90387688904206,,,
1770944100,208.175,208.182,208.085,208.094,45.824580530739894,54.49455321699248,,,
1770944400,208.094,208.3755,208.087,208.3715,63.08427735110593,55.039344232453004,,,
1770944700,208.3715,208.592,208.359,208.5635,70.16634759615275,56.5286925618507,,,
1770945000,208.5635,208.696,208.5075,208.6285,72.11660240922141,57.7592360702934,,,
1770945300,208.6285,208.6285,208.5125,208.5765,68.27157428492332,58.440707024230825,,,
1770945600,208.5765,208.6495,208.5555,208.635,70.19672801423708,59.25968895883351,,,
1770945900,208.635,208.756,208.635,208.754,73.69341774380409,60.1532442165632,,,
1770946200,208.754,208.7775,208.7175,208.73,71.86218916050038,60.915997432628345,,,
1770946500,208.73,208.766,208.655,208.6615,66.76286262495435,61.3079388698455,,,
1770946800,208.6615,208.765,208.6605,208.762,70.11364001786252,62.53744413842767,,,
1770947100,208.762,208.7735,208.648,208.6865,64.82628274812038,63.3628667511637,,,
1770947400,208.6865,208.7575,208.682,208.7555,67.25651544650506,64.68566641780255,,,
1770947700,208.7555,208.791,208.6825,208.706,63.8483545236441,65.74983683500895,,,
1770948000,208.706,208.761,208.63,208.635,59.21341896042858,66.2311993865857,,,
1770948300,208.635,208.6815,208.633,208.6485,59.81081629403744,67.23021622682123,,,
1770948600,208.6485,208.66,208.6265,208.644,59.49798394423889,66.97405241204501,,,
1770948900,208.644,208.67,208.553,208.6585,60.2199837082845,66.26359784862585,,,
1770949200,208.6585,208.6615,208.553,208.5675,53.74476215166711,64.95132354451484,,,
1770949500,208.5675,208.576,208.476,208.476,48.1396846117362,63.51333142500147,,,
1770949800,208.476,208.538,208.4705,208.528,51.251229558938284,62.16008153533726,,,
1770950100,208.528,208.548,208.504,208.5225,50.90334808394135,60.53221941677564,,,
1770950400,208.5225,208.538,208.4855,208.493,48.98284491130256,58.89798054183294,,,
1770950700,208.493,208.591,208.4875,208.59,54.99541123400852,58.05744829962252,,,
1770951000,208.59,208.6395,208.529,208.633,57.39264100770426,57.148805513182644,,,
1770951300,208.633,208.643,208.5935,208.603,55.184105650769446,56.46007857765757,,,
1770951600,208.603,208.614,208.5415,208.5415,50.86305705825584,55.2891172642112,,,
1770951900,208.5415,208.5775,208.5365,208.553,51.62583137893385,54.4160798967319,,,
1770952200,208.553,208.553,208.486,208.4905,47.325971269550976,53.56697649024064,,,
1770952500,208.4905,208.493,208.444,208.45,44.726348112694964,52.489514477287614,,,
1770952800,208.45,208.4605,208.312,208.3885,41.039792471581045,51.17107222924062,,,
1770953100,208.3885,208.4,208.324,208.327,37.693891996077404,49.56206567836869,,,
1770953400,208.327,208.327,208.24,208.261,34.44805933288882,48.18372976274167,,,
1770953700,208.261,208.2705,208.1705,208.2255,32.811433327184375,47.08885467098796,,,
1770954000,208.2255,208.2735,208.221,208.2545,35.50700903536966,45.96426749073306,,,
1770954300,208.2545,208.2855,208.235,208.2855,38.354146315654994,45.06789593585547,,,
1770954600,208.2855,208.302,208.206,208.207,34.232869039731256,44.01432623074322,,,
1770954900,208.207,208.2465,208.1725,208.2425,37.50340729807146,42.764897378176286,,,
1770955200,208.2425,208.2435,208.169,208.173,33.94446875605357,41.09002793162981,,,
1770955500,208.173,208.178,208.145,208.151,32.88078032170378,39.49693326526798,,,
1770955800,208.151,208.19,208.114,208.188,36.48558273716168,38.46997081376126,,,
1770956100,208.188,208.2745,208.178,208.272,43.85762164477243,37.91509868989258,,,
1770956400,208.272,208.281,208.1775,208.224,40.933843218043336,37.458518114784894,,,
1770956700,208.224,208.262,208.221,208.2405,42.35642639289626,37.28923799194212,,,
1770957000,208.2405,208.3205,208.2325,208.3,47.28676065709364,37.73545000519302,,,
1770957300,208.3,208.412,208.2955,208.38,53.0956879711805,38.83557828912897,,,
1770957600,208.38,208.4655,208.378,208.4575,57.932101758087576,40.51300989092888,,,
1770957900,208.4575,208.512,208.453,208.5095,60.84911617361168,42.51570152281654,,,
1770958200,208.5095,208.5505,208.5045,208.52,61.43068395259389,44.367392588332564,,,
1770958500,208.52,208.609,208.517,208.606,65.89878016510306,46.33486643472172,,,
1770958800,208.606,208.634,208.5745,208.6015,65.4713837798426,48.56618891615824,,,
1770959100,208.6015,208.6525,208.559,208.5615,61.64421216740484,50.29053212111062,,,
1770959400,208.5615,208.5625,208.4835,208.4975,56.00335470930911,51.866166832057445,,,
1770959700,208.4975,208.499,208.411,208.418,49.89553335162212,53.081506334194465,,,
1770960000,208.418,208.441,208.3995,208.3995,48.56810013227312,53.944543290988136,,,
1770960300,208.3995,208.4225,208.363,208.3645,46.07087077078991,54.10263251427511,,,
1770960600,208.3645,208.455,208.351,208.4445,52.12959326189617,54.90232894597887,,,
1770960900,208.4445,208.4825,208.426,208.429,50.935590335059345,55.515126370419104,,,
1770961200,208.429,208.4965,208.426,208.462,53.38367274814086,55.95062009120819,,,
1770961500,208.462,208.6255,208.461,208.619,62.87446684086868,56.64910429618591,,,
1770961800,208.619,208.6435,208.5105,208.521,55.30538771491134,56.46148186453046,,,
1770962100,208.521,208.6025,208.518,208.54,56.401247528530824,56.1437769613104,,,
1770962400,208.54,208.6415,208.535,208.6195,60.73895169399407,56.09436751426756,,,
1770962700,208.6195,208.66,208.4945,208.4945,51.981767629156586,55.10029519027138,,,
1770963000,208.4945,208.5085,208.4045,208.421,47.632991484086624,53.826124312003095,,,
1770963300,208.421,208.4505,208.325,208.325,42.61792301032962,52.467103657926295,,,
1770963600,208.325,208.4185,208.32,208.394,46.941898809184394,51.81985680791739,,,
1770963900,208.394,208.417,208.314,208.3415,44.212026646800176,51.41389204328725,,,
1770964200,208.3415,208.442,208.335,208.41,48.4263286701904,51.40376551028133,,,
1770964500,208.41,208.43,208.3335,208.393,47.467968511591394,51.503558206052865,,,
1770964800,208.393,208.4635,208.3805,208.46,51.5385302970229,51.46133942284763,,,
1770965100,208.46,208.4965,208.4175,208.4935,53.47954487784246,51.643050461617854,,,
1770965400,208.4935,208.633,208.4815,208.626,60.25942637378543,52.13417572059247,,,
1770965700,208.626,208.6545,208.6005,208.6525,61.468921148225064,52.03377959968935,,,
1770966000,208.6525,208.702,208.638,208.66,61.82305796254371,52.499327474520236,,,
1770966300,208.66,208.723,208.5735,208.721,64.6674420593942,53.08976994101048,,,
1770966600,208.721,208.771,208.665,208.7275,64.96696703807763,53.39177103701644,,,
1770966900,208.7275,208.7805,208.6535,208.6605,59.37919828020081,53.92015894066246,,,
1770967200,208.6605,208.678,208.608,208.6765,60.258266347900374,54.82196428807773,,,
1770967500,208.6765,208.7235,208.655,208.6905,61.052496508377146,56.138719537938265,,,
1770967800,208.6905,208.712,208.673,208.7025,61.75796632944465,57.19701007509972,,,
1770968100,208.7025,208.7655,208.686,208.7255,63.136222435914156,58.548738345750714,,,
1770968400,208.7255,208.974,208.712,208.938,72.86625785315552,60.294447573105394,,,
1770968700,208.938,208.938,208.802,208.8195,62.896489056919926,61.396484754914574,,,
1770969000,208.8195,208.889,208.7935,208.888,65.80875134577316,62.415786258396736,,,
1770969300,208.888,208.924,208.76,208.8535,63.121513601417995,63.1044983100807,,,
1770969600,208.8535,209.153,208.813,209.1405,72.99905551567717,64.01447182021582,,,
1770969900,209.1405,209.165,208.99,209.038,66.18135243726769,64.35107405514744,,,
1770970200,209.038,209.045,208.8745,208.8745,57.031497801849895,64.00881975795502,,,
1770970500,208.8745,208.93,208.8485,208.928,59.02763460599046,63.60597636842618,,,
1770970800,208.928,209.0375,208.9235,208.992,61.341288222967464,63.346999310204026,,,
1770971100,208.992,209.041,208.974,209.031,62.722693602040145,63.585820404621124,,,
1770971400,209.031,209.1325,208.969,209.0325,62.77778544595136,63.76578605448191,,,
1770971700,209.0325,209.1195,209.03,209.067,64.09223428538286,63.9829101814109,,,
1770972000,209.067,209.186,209.058,209.183,68.1631752422217,64.44042510375212,,,
1770972300,209.183,209.3305,209.183,209.2895,71.37218424906034,65.02870809040543,,,
1770972600,209.2895,209.3345,209.27,209.3165,72.13890670546508,64.97675443699896,,,
1770972900,209.3165,209.324,209.201,209.231,66.10152692926295,65.20568571359489,,,
1770973200,209.231,209.274,209.1585,209.184,62.98115757015856,65.00371472962242,,,
1770973500,209.184,209.235,209.1555,209.2265,64.60810702385558,65.10989997408225,,,
1770973800,209.2265,209.307,209.1935,209.1945,62.38491712668387,64.35174723201129,,,
1770974100,209.1945,209.2425,209.168,209.1745,60.972737510863844,63.979703308696735,,,
1770974400,209.1745,209.3055,209.1665,209.2965,66.02498393317703,64.62209517522011,,,
1770974700,209.2965,209.323,209.277,209.2855,65.20535508117408,65.0633609234475,,,
1770975000,209.2855,209.297,209.14,209.14,55.40747184580387,64.63951689650725,,,
1770975300,209.14,209.2055,209.1105,209.132,54.918839710308454,64.08209876138356,,,
1770975600,209.132,209.219,209.1215,209.1475,55.73338714075936,63.578927453869845,,,
1770975900,209.1475,209.1865,209.1005,209.181,57.51989395540216,63.109474573156945,,,
1770976200,209.181,209.2045,209.126,209.1295,53.91739089595155,62.09191854842336,,,
1770976500,209.1295,209.15,209.0995,209.1215,53.35833403148811,60.805214961453906,,,
1770976800,209.1215,209.21,209.0835,209.193,57.59075090576326,59.76606097576092,,,
1770977100,209.193,209.214,209.1225,209.1275,52.85868605514751,58.82014377046696,,,
1770977400,209.1275,209.153,209.0955,209.138,53.51803468992197,58.14420642187864,,,
1770977700,209.138,209.1985,209.0995,209.1965,57.11678729783164,57.609112155734074,,,
1770978000,209.1965,209.2415,209.132,209.151,53.6383578605794,56.98435792244089,,,
1770978300,209.151,209.189,209.114,209.114,50.92251711284835,56.26648503686836,,,
1770978600,209.114,209.137,209.088,209.1085,50.51308830488687,55.15849249199049,,,
1770978900,209.1085,209.1865,209.086,209.1655,54.5881533594602,54.4001209404395,,,
1770979200,209.1655,209.195,209.1045,209.1045,49.85657240584613,54.00362812329966,,,
1770979500,209.1045,209.109,209.022,209.029,44.693011637081455,53.273211832354875,,,
1770979800,209.029,209.0375,208.9705,208.9975,42.705721733564744,52.34266430326955,,,
1770980100,208.9975,209.0285,208.9645,208.967,40.8133859553153,51.149342303263346,,,
1770980400,208.967,208.967,208.834,208.867,35.29172358277815,49.81893749517953,,,
1770980700,208.867,208.8785,208.825,208.84,33.95595383453558,48.433053195397214,,,
1770981000,208.84,208.84,208.764,208.778,31.049729320119525,46.5372659392798,,,
1770981300,208.778,208.805,208.7315,208.7925,32.504678728703055,45.0834082731052,,,
1770981600,208.7925,208.8485,208.772,208.83,36.251229960738094,43.85006507816349,,,
1770981900,208.83,208.8425,208.783,208.802,34.702313883946076,42.24903126288594,,,
1770982200,208.802,208.809,208.7435,208.8035,34.86287915270272,40.90792564089475,,,
1770982500,208.8035,208.826,208.6635,208.6885,28.979397141782968,39.3405599286758,,,
1770982800,208.6885,208.695,208.5405,208.5495,23.76001068515312,37.42962581298053,,,
1770983100,208.5495,208.6015,208.508,208.546,23.64453281307732,35.21936720252461,,,
1770983400,208.546,208.568,208.497,208.5665,25.91569856734783,33.509304785489014,,,
1770983700,208.5665,208.6195,208.5505,208.6185,31.48295804660704,32.565729529026555,,,
1770984000,208.6185,208.6575,208.583,208.6135,31.239863206385593,31.746739634228042,,,
1770984300,208.6135,208.6195,208.5245,208.533,27.551332691521594,30.799450115385635,,,
1770984600,208.533,208.6205,208.502,208.5915,33.6795788503717,30.684296920213743,,,
1770984900,208.5915,208.6895,208.589,208.6585,39.945108732702245,31.112093698654224,,,
1770985200,208.6585,208.672,208.634,208.6395,38.82493659295816,31.667465646714128,,,
1770985500,208.6395,208.666,208.602,208.6045,36.77887489445557,31.97276537283931,,,
1770985800,208.6045,208.6185,208.5355,208.5805,35.401178349580846,31.91204740061379,,,
1770986100,208.5805,208.652,208.562,208.578,35.25304079757659,31.95138503730168,,,
1770986400,208.578,208.5945,208.5655,208.5755,35.09488832224166,31.967957120840172,,,
1770986700,208.5755,208.5755,208.523,208.5655,34.429530622836054,32.35725236948682,,,
1770987000,208.5655,208.6095,208.54,208.5805,36.37800434086496,33.2585376306091,,,
1770987300,208.5805,208.6305,208.5095,208.5295,32.80829006490343,33.91309172002525,,,
1770987600,208.5295,208.595,208.5055,208.5885,40.127864824702975,34.92824645269347,,,
1770987900,208.5885,208.6225,208.522,208.6065,42.19670954630263,35.69351441695745,,,
1770988200,208.6065,208.627,208.561,208.568,39.08574904982579,36.25393483434603,,,
1770988500,208.568,208.5865,208.5405,208.567,39.00531061629064,37.07207611468668,,,
1770988800,208.567,208.6535,208.541,208.6295,46.42629545294995,37.98255587201369,,,
1770989100,208.6295,208.7325,208.617,208.669,50.52334845107583,38.7381444233261,,,
1770989400,208.669,208.768,208.471,208.575,42.24393276743795,38.98235843578893,,,
1770989700,208.575,208.579,208.4735,208.5275,38.785148609793744,39.12566370117024,,,
1770990000,208.5275,208.6965,208.479,208.69,52.971348710666916,40.38067586981924,,,
1770990300,208.69,208.717,208.554,208.717,54.84384646339714,41.780019131663565,,,
1770990600,208.717,208.725,208.5895,208.621,47.58857547616917,42.672425356944096,,,
1770990900,208.621,208.6945,208.6055,208.6785,51.70927329484544,43.90669269065906,,,
1770991200,208.6785,208.7915,208.6425,208.6725,51.256416247245596,44.96943639825768,,,
1770991500,208.6725,208.706,208.6235,208.6235,47.59081396484974,46.025330962539556,,,
1770991800,208.6235,208.63,208.5425,208.624,47.63196890343431,46.56133839673465,,,
1770992100,208.624,208.6775,208.5585,208.5735,43.88375488215716,46.68184163500997,,,
1770992400,208.5735,208.5735,208.5035,208.5275,40.738996313200516,46.79993072525102,,,
1770992700,208.5275,208.53,208.3825,208.4605,36.62245364765742,46.629726656062935,,,
1770993000,208.4605,208.6035,208.41,208.526,42.716465359273705,46.36473879222892,,,
1770993300,208.526,208.595,208.3485,208.3535,33.56340445484709,45.15331422106972,,,
1770993600,208.3535,208.4455,208.054,208.4455,40.843796233442475,45.05330446864148,,,
1770993900,208.4455,208.6885,208.4455,208.551,47.895183506029156,45.704021246944,,,
1770994200,208.551,208.5605,208.3545,208.503,45.25224037897214,45.152656366108666,,,
1770994500,208.503,208.607,208.4405,208.539,47.58822917934887,44.63439798867664,,,
1770994800,208.539,208.632,208.4365,208.5035,45.52537526032414,44.48702654468771,,,
1770995100,208.5035,208.7385,208.3765,208.7385,58.38533311336805,44.96388796029646,,,
1770995400,208.7385,208.9755,208.723,208.8185,61.70007720136259,45.70986374273339,,,
1770995700,208.8185,208.8185,208.6575,208.6615,52.80984991659809,46.08265202500114,,,
1770996000,208.6615,208.716,208.496,208.538,47.065017435903,46.04215549160604,,,
1770996300,208.538,208.7015,208.5165,208.651,52.18983966760858,46.635447261995424,,,
1770996600,208.651,208.722,208.6095,208.612,50.37708145504164,47.32388191498408,,,
1770996900,208.612,208.7295,208.5945,208.625,50.98818962781581,48.35000591356682,,,
1770997200,208.625,208.625,208.395,208.417,42.0626058813954,48.30330166514694,,,
1770997500,208.417,208.4415,208.2705,208.316,38.53511114013111,48.65842357123865,,,
1770997800,208.316,208.6315,208.2915,208.4555,45.35194105516663,48.98043391564752,,,
1770998100,208.4555,208.5475,208.3155,208.4525,45.23575101737199,48.79047445217201,,,
1770998400,208.4525,208.5545,208.419,208.4675,45.98095404533078,48.84252542834049,,,
1770998700,208.4675,208.5205,208.3955,208.5205,48.640267446144165,48.917671018825864,,,
1770999000,208.5205,208.529,208.402,208.4325,44.70503377445941,48.85907519840696,,,
1770999300,208.4325,208.542,208.4035,208.47,46.68455819012407,48.02330556103239,,,
1770999600,208.47,208.4765,208.2675,208.3585,41.88340532941694,46.60782899875056,,,
1770999900,208.3585,208.423,208.284,208.351,41.57369054390004,45.80524618641498,,,
1771000200,208.351,208.406,208.2635,208.3745,42.99607179995352,45.51460721241859,,,
1771000500,208.3745,208.541,208.367,208.529,51.377041180124564,45.45655017759831,,,
1771000800,208.529,208.534,208.4,208.416,46.04485590905763,45.14710549574231,,,
1771001100,208.416,208.475,208.3565,208.377,44.33464290983711,44.67185215874383,,,
1771001400,208.377,208.4115,208.3345,208.3925,45.20571899779831,44.896360238486906,,,
1771001700,208.3925,208.452,208.38,208.4375,47.76152048895149,45.555389477688365,,,
1771002000,208.4375,208.4375,208.3755,208.3895,45.33258607366173,45.55400697900944,,,
1771002300,208.3895,208.478,208.3895,208.437,48.14307243364983,45.761672794457866,,,
1771002600,208.437,208.465,208.354,208.44,48.32377157538823,45.92901690374767,,,
1771002900,208.44,208.44,208.267,208.277,40.13962104212687,45.3218278748893,,,
1771003200,208.277,208.4515,208.277,208.416,48.196771797261725,45.571237733660894,,,
1771003500,208.416,208.427,208.354,208.356,45.35869764892891,45.47653340928981,,,
1771003800,208.356,208.4735,208.3465,208.4635,50.933537926287926,46.12297145192345,,,
1771004100,208.4635,208.501,208.452,208.484,51.9405172642627,46.86345907480649,,,
1771004400,208.484,208.643,208.4705,208.593,56.99432695786415,47.86333444322868,,,
1771004700,208.593,208.6225,208.5275,208.6125,57.84830678808548,48.32556770094018,,,
1771005000,208.6125,208.663,208.538,208.557,54.529395797165066,48.93160626437641,,,
1771005300,208.557,208.6185,208.5435,208.558,54.57996011646088,49.66341463627811,,,
1771005600,208.558,208.596,208.51,208.549,53.99796674289751,50.29143233235663,,,
1771005900,208.549,208.59,208.5245,208.5605,54.66320264258478,50.78440962904472,,,
1771006200,208.5605,208.6115,208.5405,208.579,55.77125887327357,51.53002911473128,,,
1771006500,208.579,208.628,208.566,208.583,56.02153760744811,52.09277662714544,,,
1771006800,208.583,208.632,208.581,208.62,58.36830415880494,52.81024324024663,,,
1771007100,208.62,208.639,208.574,208.589,55.687104599979286,53.920777780093225,,,
1771007400,208.589,208.6155,208.575,208.5905,55.79292225175991,54.46335995541453,,,
1771007700,208.5905,208.636,208.5805,208.6245,58.22785573960146,55.38258553331972,,,
1771008000,208.6245,208.641,208.6145,208.627,58.40925593904707,55.916565391373936,,,
1771008300,208.627,208.676,208.627,208.641,59.47068974195519,56.454434854066264,,,
1771008600,208.641,208.6825,208.611,208.656,60.630025586227305,56.714127613235064,,,
1771008900,208.656,208.693,208.631,208.65,59.892030009294984,56.86010784332145,,,
1771009200,208.65,208.705,208.6285,208.6365,58.17618349821998,57.12059267911109,,,
1771009500,208.6365,208.666,208.616,208.6365,58.17618349821997,57.37746577780816,,,
1771009800,208.6365,208.6375,208.582,208.598,53.14078659150053,57.31623862413695,,,
1771010100,208.598,208.6075,208.5805,208.596,52.88470842859658,57.1892033231378,,,
1771010400,208.596,208.6055,208.5745,208.5855,51.48207370596772,56.882832954044524,,,
1771010700,208.5855,208.5915,208.5275,208.5325,44.99498499795396,56.095222053366356,,,
1771011000,208.5325,208.5635,208.503,208.5075,42.288152750883235,54.946639809943385,,,
1771011300,208.5075,208.5125,208.4495,208.4785,39.33225916541978,53.7784365646177,,,
1771011600,208.4785,208.4805,208.4065,208.4275,34.73410942390963,52.274235648342675,,,
1771011900,208.4275,208.4715,208.4195,208.4705,40.997214474517946,51.04347555797956,,,
1771012200,208.4705,208.494,208.451,208.46,39.988101612807405,49.72767882039102,,,
1771012500,208.46,208.4745,208.4135,208.4425,38.29620222822077,48.215215426552845,,,
1771012800,208.4425,208.5255,208.4425,208.5085,47.34469863731937,47.26626350163085,,,
1771013100,208.5085,208.537,208.5075,208.5185,48.57518833261412,46.457917667582215,,,
1771013400,208.5185,208.5245,208.464,208.465,42.81109879516194,45.36041161736379,,,
1771013700,208.465,208.52,208.464,208.5195,49.39840477945441,44.73342742316624,,,
1771014000,208.5195,208.527,208.4675,208.4685,44.26066210863881,44.09913281724754,,,
1771014300,208.4685,208.481,208.3505,208.367,36.19274395441177,42.906849640520065,,,
1771014600,208.367,208.4115,208.342,208.3895,38.85356624086529,42.004813393012746,,,
1771014900,208.3895,208.416,208.3565,208.3705,37.43396176686078,41.46474030507751,,,
1771015200,208.3705,208.438,208.3695,208.437,45.007405596467315,41.658972651190666,,,
1771015500,208.437,208.5245,208.4305,208.503,51.30720127087516,42.514325658723195,,,
1771015800,208.503,208.514,208.4715,208.499,50.926428213147254,43.67091985795446,,,
1771016100,208.499,208.629,208.4545,208.622,60.60763944766402,45.07166449889346,,,
1771016400,208.622,208.626,208.455,208.4665,47.77554278882681,45.62791029718056,,,
1771016700,208.4665,208.4925,208.4525,208.457,47.119177137287124,46.258122790685306,,,
1771017000,208.457,208.5065,208.457,208.498,50.293137521720546,46.46872556814253,,,
1771017300,208.498,208.498,208.43,208.4365,45.84786532187976,46.273916781661505,,,
1771017600,208.4365,208.4365,208.392,208.393,42.9557864736374,46.28425161583831,,,
1771017900,208.393,208.4135,208.372,208.4135,44.72535055295034,45.95046202823089,,,
1771018200,208.4135,208.469,208.4135,208.4665,49.11985333250347,46.297547115649785,,,
1771018500,208.4665,208.4665,208.4245,208.45,47.84456291631645,47.129819898642985,,,
1771018800,208.45,208.45,208.4305,208.4325,46.466617908352866,47.67360930346352,,,
1771019100,208.4325,208.513,208.4325,208.513,53.15074229989605,48.79623648439461,,,
1771019400,208.513,208.542,208.4845,208.4875,50.97932685865089,49.2228022888363,,,
1771019700,208.4875,208.526,208.4285,208.493,51.44013301066466,49.23229741310697,,,
1771192800,208.493,208.493,208.493,208.493,51.44013301066466,49.26899061292965,,,
1771193100,208.493,208.493,208.3295,208.3325,39.024734394769354,47.72735453772289,,,
1771193400,208.3325,208.3655,208.309,208.3205,38.280806982337374,47.04915912297365,,,
1771193700,208.3205,208.3475,208.3115,208.336,39.875142787907116,46.531728098017936,,,
1771194000,208.336,208.3495,208.304,208.3205,38.795873597332495,45.71049496056164,,,
1771194300,208.3205,208.3955,208.3065,208.346,41.596527011468126,45.406827938389384,,,
1771194600,208.346,208.3995,208.339,208.349,41.93317228557831,45.33378406781374,,,
1771194900,208.349,208.3675,208.3205,208.33,40.34695864058889,45.02104178835935,,,
1771195200,208.33,208.3455,208.3035,208.31,38.68797889651171,44.27590790007423,,,
1771195500,208.31,208.361,208.309,208.339,42.387133236097064,43.88609149434427,,,
1771195800,208.339,208.3615,208.3275,208.3615,45.15207643240557,43.79219567463375,,,
1771196100,208.3615,208.3615,208.2985,208.3325,42.33215341680116,43.019439325841255,,,
1771196400,208.3325,208.4265,208.3115,208.3965,49.78555993244583,42.934170259683754,,,
1771196700,208.3965,208.4605,208.389,208.447,54.75479686329007,43.170931963442705,,,
1771197000,208.447,208.506,208.4455,208.4825,57.90820500591937,43.6329371059609,,,
1771197300,208.4825,208.553,208.4815,208.535,62.113598455657375,45.282141681738615,,,
1771197600,208.535,208.554,208.5,208.5,57.956370922251516,46.68753910601821,,,
1771197900,208.5,208.536,208.485,208.528,60.24853106704086,48.142781125956326,,,
1771198200,208.528,208.55,208.5125,208.5445,61.57787316559118,49.770066809403374,,,
1771198500,208.5445,208.557,208.506,208.532,59.94245486276145,51.08049022735289,,,
1771198800,208.532,208.5845,208.5205,208.5845,64.23836783479048,52.67371848086805,,,
1771199100,208.5845,208.5855,208.5175,208.5175,55.986460562385304,53.79082576099636,,,
1771199400,208.5175,208.5535,208.4295,208.5015,54.196031211295676,54.89854378348093,,,
1771199700,208.5015,208.539,208.496,208.5295,56.79968831837948,55.928012003643964,,,
1771200000,208.5295,208.585,208.494,208.553,58.910761484982196,56.91077522168514,,,
1771200300,208.553,208.7195,208.543,208.7155,69.87380012720647,58.87803570099981,,,
1771200600,208.7155,208.848,208.69,208.847,75.55722828559979,60.718869154796515,,,
1771200900,208.847,208.859,208.7325,208.744,65.18422154356718,61.463828060530595,,,
1771201200,208.744,208.7645,208.7175,208.749,65.43231561891011,62.00126453288708,,,
1771201500,208.749,208.853,208.73,208.853,70.19051630604694,62.57818723648633,,,
1771201800,208.853,208.8575,208.7785,208.814,66.49417536269144,63.18803041080347,,,
1771202100,208.814,208.8605,208.797,208.813,66.39762226991917,63.62725121100906,,,
1771202400,208.813,208.8265,208.7655,208.772,62.39711005415745,63.68576813162094,,,
1771202700,208.772,208.8365,208.768,208.8285,65.48342370303146,64.08155162021166,,,
1771203000,208.8285,208.864,208.7715,208.831,65.61789436732707,64.18008922967854,,,
1771203300,208.831,208.8745,208.786,208.8465,66.48957255632703,64.9303115149601,,,
1771203600,208.8465,208.899,208.8305,208.8745,68.06466553141976,65.92092825211182,,,
1771203900,208.8745,208.8985,208.834,208.851,65.29087764134486,66.52744177518078,,,
1771204200,208.851,208.8805,208.7515,208.7515,55.05970694649366,66.25236645100303,,,
1771204500,208.7515,208.794,208.717,208.739,53.91665135897928,65.11257011041538,,,
1771204800,208.739,208.767,208.7225,208.7525,55.003137343795345,63.64442075742934,,,
1771205100,208.7525,208.7735,208.717,208.734,53.153713907532996,62.7850987834269,,,
1771205400,208.734,208.7635,208.7035,208.7345,53.19951567120337,61.91132735859071,,,
1771205700,208.7345,208.759,208.706,208.711,50.69098009403474,60.51850334344698,,,
1771206000,208.711,208.729,208.695,208.729,52.53708476900168,59.521568301040574,,,
1771206300,208.729,208.7515,208.716,208.744,54.079976634851604,58.641736469964314,,,
1771206600,208.744,208.794,208.73,208.763,56.029762495032585,58.186925930026824,,,
1771206900,208.763,208.8015,208.7565,208.777,57.462976462130186,57.61403684139102,,,
1771207200,208.777,208.8285,208.754,208.8275,62.24366135234033,57.3730201974634,,,
1771207500,208.8275,208.832,208.759,208.775,55.28703141213211,56.57283868716377,,,
1771207800,208.775,208.827,208.7705,208.818,59.29937978070972,55.946746847827335,,,
1771208100,208.818,208.8485,208.7995,208.8245,59.88537949080577,55.56063983707454,,,
1771208400,208.8245,208.829,208.7815,208.789,55.21003043613846,55.571377229192024,,,
1771208700,208.789,208.835,208.768,208.835,59.610288497831824,55.97806559625292,,,
1771209000,208.835,208.869,208.825,208.864,62.135809072342155,56.48754214829197,,,
1771209300,208.864,208.874,208.823,208.83,57.5892078232895,56.804363142274575,,,
1771209600,208.83,208.86,208.8145,208.822,56.54086551088706,57.04303098796627,,,
1771209900,208.822,208.8385,208.789,208.836,57.9823709483843,57.5638446204198,,,
1771210200,208.836,208.836,208.7395,208.742,46.766050518313776,57.151627888227814,,,
1771210500,208.742,208.7485,208.718,208.7415,46.71428614167579,56.62550713871525,,,
1771210800,208.7415,208.775,208.706,208.736,46.10968382517922,55.91693009086858,,,
1771211100,208.736,208.79,208.7275,208.776,51.06966745127672,55.46026516152191,,,
1771211400,208.776,208.8095,208.776,208.8025,54.084735820601544,54.87748476639771,,,
1771211700,208.8025,208.823,208.79,208.8055,54.42709797149654,54.81606094920945,,,
1771212000,208.8055,208.8055,208.7615,208.789,52.125008643214336,54.30360586795979,,,
1771212300,208.789,208.811,208.7795,208.791,52.38788721198868,53.768070705187135,,,
1771212600,208.791,208.793,208.75,208.786,51.62470411919295,53.511975968262455,,,
1771212900,208.786,208.799,208.7505,208.758,47.455465031509625,52.64377429209658,,,
1771213200,208.758,208.796,208.737,208.79,52.20606681667142,51.934506988120106,,,
1771213500,208.79,208.832,208.771,208.805,54.292178528751094,51.69900489565307,,,
1771213800,208.805,208.815,208.7885,208.802,53.786525100863216,51.50226629493709,,,
1771214100,208.802,208.8145,208.7855,208.812,55.28160806822012,51.30935466063965,,,
1771214400,208.812,208.843,208.8055,208.8185,56.27188233012486,51.98834264719757,,,
1771214700,208.8185,208.8195,208.7405,208.749,44.838462368213904,51.85435523480744,,,
1771215000,208.749,208.7885,208.7205,208.7835,50.24299247116294,52.149591566663425,,,
1771215300,208.7835,208.828,208.7715,208.825,55.84696300100114,52.490826963072315,,,
1771215600,208.825,208.8325,208.7905,208.7925,51.0024250395847,52.270661907285394,,,
1771215900,208.7925,208.826,208.7915,208.817,54.226009020610185,52.25629841079351,,,
1771216200,208.817,208.8475,208.808,208.829,55.761217683633866,52.516027627966345,,,
1771216500,208.829,208.87,208.8185,208.8645,60.031870323606306,53.06202642165331,,,
1771216800,208.8645,208.888,208.855,208.886,62.39932419298415,53.83164214120983,,,
1771217100,208.886,208.943,208.8795,208.92,65.844803373194,55.145166308472994,,,
1771217400,208.92,208.9975,208.906,208.966,69.86778978666848,56.40671794918707,,,
1771217700,208.966,209.017,208.966,209.009,73.06192726429975,57.74741428744055,,,
1771218000,209.009,209.011,208.959,208.976,67.17659769245967,58.70384804398315,,,
1771218300,208.976,209.0015,208.9755,208.9925,68.54111087059246,59.650955387009745,,,
1771218600,208.9925,208.9925,208.8835,208.9325,58.94504098675285,59.8418952910546,,,
1771218900,208.9325,208.9375,208.907,208.9095,55.724353606284026,60.61945895091675,,,
1771219200,208.9095,208.9535,208.9095,208.9215,57.04313252155447,61.10518324023043,,,
1771219500,208.9215,208.9475,208.9185,208.928,57.776759742256814,61.24302586460584,,,
1771219800,208.928,208.9695,208.92,208.9535,60.61826940478581,61.929871890691636,,,
1771220100,208.9535,208.9635,208.931,208.9445,59.1063836349957,62.278470077433454,,,
1771220400,208.9445,208.9505,208.9135,208.922,55.38718454061118,62.25175342436041,,,
1771220700,208.922,208.934,208.914,208.925,55.78666152986698,61.9485242248076,,,
1771221000,208.925,208.948,208.9235,208.9295,56.41707352371203,61.52122060557388,,,
1771221300,208.9295,208.955,208.8955,208.948,59.00496644397235,61.03266082491518,,,
1771221600,208.948,208.972,208.94,208.967,61.53137254224675,60.437202450313634,,,
1771221900,208.967,208.987,208.9585,208.986,63.925549892221255,59.78460406659374,,,
1771222200,208.986,209.015,208.971,209.006,66.30295158030557,59.72220077286844,,,
1771222500,209.006,209.008,208.945,208.945,54.50461802512939,58.71959414104965,,,
1771222800,208.945,208.958,208.913,208.926,51.43452863058121,58.18312897275167,,,
1771223100,208.926,208.9335,208.8945,208.9295,51.971212412428535,57.91504745890485,,,
1771223400,208.9295,208.964,208.887,208.911,48.89548403001727,57.3330725666522,,,
1771223700,208.911,208.927,208.888,208.9045,47.824550924181175,56.62220050821823,,,
1771224000,208.9045,208.953,208.9035,208.93,52.243673186428886,56.02401506404988,,,
1771224300,208.93,208.9885,208.9295,208.9545,56.09160991717343,55.808674084205435,,,
1771224600,208.9545,208.991,208.9385,208.9415,53.62268700095965,55.6826385456589,,,
1771224900,208.9415,208.9545,208.924,208.93,51.46465508400778,55.373923799526096,,,
1771225200,208.93,208.9935,208.901,208.98,59.1603545851457,55.56987244677136,,,
1771225500,208.98,209.0075,208.969,209.0045,62.31358408606196,55.8062022783492,,,
1771225800,209.0045,209.0945,209.0025,209.094,71.09381643930328,56.48923398528181,,,
1771226100,209.094,209.175,209.094,209.175,76.44300320954724,57.38333779366223,,,
1771226400,209.175,209.2015,209.1215,209.135,69.59398434290561,57.618411562419375,,,
1771226700,209.135,209.1515,209.1195,209.1425,70.13430210542506,58.73481756815478,,,
1771227000,209.1425,209.1675,209.095,209.129,67.79885893818235,59.903698304411996,,,
1771227300,209.129,209.173,209.1185,209.1215,66.47449888124797,60.9396473378991,,,
1771227600,209.1215,209.295,209.1205,209.2585,75.7809605184315,62.860038515642984,,,
1771227900,209.2585,209.2675,209.2225,209.2485,74.16266162435687,64.74133213708411,,,
1771228200,209.2485,209.2525,209.1775,209.1825,64.38935888925755,65.60888111585759,,,
1771228500,209.1825,209.2265,209.1785,209.2235,67.27449926653125,66.407658926526,,,
1771228800,209.2235,209.316,209.2205,209.3125,72.48568643539531,67.75501602898568,,,
1771229100,209.3125,209.3605,209.231,209.232,62.75217173558855,68.56126721838432,,,
1771229400,209.232,209.2405,209.141,209.216,60.99890396143112,68.69259217383326,,,
1771229700,209.216,209.3935,209.201,209.368,69.6688540497602,69.21796859981171,,,
1771230000,209.368,209.456,209.3185,209.3245,65.20171802588187,68.79710442742447,,,
1771230300,209.3245,209.3445,209.2585,209.2785,60.764662553087504,67.67722295196306,,,
1771230600,209.2785,209.325,209.2605,209.323,63.36214555794959,67.23209161018049,,,
1771230900,209.323,209.3365,209.2875,209.323,63.3621455579496,66.74836614250367,,,
1771231200,209.323,209.3735,209.3075,209.358,65.44864288639799,66.58049356737621,,,
1771231500,209.358,209.382,209.344,209.3685,66.07286750543791,66.5518056119612,,,
1771231800,209.3685,209.408,209.358,209.398,67.83130381179913,65.98397299005889,,,
1771232100,209.398,209.4175,209.32,209.347,61.861842001613724,65.10534301700581,,,
1771232400,209.347,209.405,209.3085,209.3895,64.65345624026774,65.12420711350653,,,
1771232700,209.3895,209.4655,209.3875,209.4175,66.39850694769996,65.06163623359001,,,
1771233000,209.4175,209.46,209.4135,209.4475,68.20945888346589,64.7561914084522,,,
1771233300,209.4475,209.4825,209.433,209.465,69.25054637679744,65.2203610256814,,,
1771233600,209.465,209.4735,209.424,209.4695,69.52689995679022,65.82950359677848,,,
1771233900,209.4695,209.5015,209.4685,209.4875,70.66267640185382,65.90049090764231,,,
1771234200,209.4875,209.596,209.474,209.591,76.16394785339416,66.68350732389318,,,
1771234500,209.591,209.6195,209.5255,209.5765,74.06844551520561,67.63377753547306,,,
1771234800,209.5765,209.588,209.543,209.5515,70.46854343833436,68.14137738407196,,,
1771235100,209.5515,209.633,209.5135,209.628,74.54543570126394,68.94018382288013,,,
1771235400,209.628,209.6475,209.5445,209.5475,64.46082063680868,68.8696250907666,,,
1771235700,209.5475,209.5875,209.5315,209.546,64.28630401884072,68.74201341315252,,,
1771236000,209.546,209.57,209.5085,209.529,62.23001934049106,68.34192166520195,,,
1771236300,209.529,209.5715,209.521,209.547,63.55913190350885,68.46315665819445,,,
1771236600,209.547,209.6035,209.546,209.6025,67.3716764143199,68.65731524205532,,,
1771236900,209.6025,209.6225,209.5485,209.61,67.86101707169982,68.76178025091245,,,
1771237200,209.61,209.6355,209.6015,209.6075,67.49763081496056,68.71093538887636,,,
1771237500,209.6075,209.6125,209.5705,209.6095,67.64688923798954,68.59638845039008,,,
1771237800,209.6095,209.645,209.559,209.622,68.61691693945684,68.5313896634377,,,
1771238100,209.622,209.6395,209.603,209.6085,66.30473978376762,68.22010847643153,,,
1771238400,209.6085,209.6855,209.5945,209.6805,71.76866484805146,67.90615969033563,,,
1771238700,209.6805,209.6835,209.6105,209.6145,61.8653710283447,67.03451151270271,,,
1771239000,209.6145,209.6185,209.574,209.6055,60.636622370300195,66.33223143641455,,,
1771239300,209.6055,209.627,209.567,209.5765,56.72691062644106,65.05947964535576,,,
1771239600,209.5765,209.6065,209.5295,209.531,51.15393820883453,64.10898804335761,,,
1771239900,209.531,209.531,209.4935,209.4975,47.45720576683193,62.90690959678556,,,
1771240200,209.4975,209.5105,209.4625,209.5035,48.179528742557125,61.903303125504564,,,
1771240500,209.5035,209.507,209.4585,209.504,48.24338266580568,60.8093210370972,,,
1771240800,209.504,209.5045,209.4575,209.4625,43.45698681083765,59.101128922562744,,,
1771241100,209.4625,209.479,209.425,209.434,40.48627750618388,57.14579038216875,,,
1771241400,209.434,209.4545,209.416,209.418,38.879410179416205,55.10163176534415,,,
1771241700,209.418,209.4285,209.351,209.4025,37.33355803315544,52.93639382214172,,,
1771242000,209.4025,209.4205,209.3645,209.3745,34.65314364331367,50.51041001527434,,,
1771242300,209.3745,209.3745,209.347,209.3575,33.099335451679835,48.13859542012522,,,
1771242600,209.3575,209.363,209.3165,209.3205,29.951507812075945,45.15165563184125,,,
1771242900,209.3205,209.33,209.251,209.2685,26.1827879126117,42.60289969500319,,,
1771243200,209.2685,209.33,209.2525,209.328,36.09179413935502,40.84969767850709,,,
1771243500,209.328,209.333,209.293,209.3275,36.048002481315706,39.37263281099814,,,
1771243800,209.3275,209.329,209.2855,209.2905,32.8697011101514,38.06661587537792,,,
1771244100,209.2905,209.2985,209.2405,209.2525,29.94914928290146,36.81604041224002,,,
1771244400,209.2525,209.2655,209.226,209.2455,29.430391848391793,35.476816348371074,,,
1771244700,209.2455,209.275,209.2445,209.2655,33.00117649540432,34.38808733619955,,,
1771245000,209.2655,209.275,209.234,209.273,34.34284118347924,33.73707693424537,,,
1771245300,209.273,209.3435,209.2675,209.3415,45.14700477479142,34.0699860248602,,,
1771245600,209.3415,209.3435,209.2395,209.2415,35.86784823686101,33.85487445753483,,,
1771245900,209.2415,209.273,209.1935,209.2005,32.88364718924646,33.5370236829699,,,
1771246200,209.2005,209.269,209.2005,209.255,40.02661430549623,33.92084301598294,,,
1771246500,209.255,209.268,209.2115,209.239,38.723643516058615,34.32257930629571,,,
1771246800,209.239,209.2535,209.2015,209.2205,37.21515474559297,34.841411230118354,,,
1771247100,209.2205,209.2545,209.1805,209.1915,34.918814130004705,35.465413102789284,,,
1771247400,209.1915,209.1935,209.1215,209.1355,30.94764165158763,35.09797363937732,,,
1771247700,209.1355,209.1855,209.092,209.1605,34.527414113172725,34.98936018450997,,,
1771248000,209.1605,209.1685,209.12,209.1305,32.35948799320464,34.95291639044235,,,
1771248300,209.1305,209.1505,209.103,209.11,30.930323630646996,35.02300027242417,,,
1771248600,209.11,209.119,208.978,208.9955,24.438208516963343,34.66641574875071,,,
1771248900,208.9955,209.053,208.971,209.048,31.534212574177204,34.5616326115202,,,
1771249200,209.048,209.063,209.0325,209.0525,32.122615202780594,34.4030450414703,,,
1771249500,209.0525,209.1205,209.0525,209.0865,36.55893216680023,33.78961128375664,,,
1771249800,209.0865,209.1035,209.044,209.0565,34.42121296662434,33.686280193025446,,,
1771250100,209.0565,209.0985,209.051,209.051,34.02836513690822,33.76804576071557,,,
1771250400,209.051,209.051,209.005,209.0125,31.332626901385197,33.147046660421935,,,
1771250700,209.0125,209.0845,209.0115,209.058,37.62194832713778,33.06835414692759,,,
1771251000,209.058,209.059,209.003,209.0145,34.37989300415407,32.86583545111053,,,
1771251300,209.0145,209.0475,209.0035,209.0175,34.79720611117736,32.85714916405143,,,
1771251600,209.0175,209.045,208.9885,209.036,37.43937939247368,33.32084471697186,,,
1771251900,209.036,209.05,209.0195,209.0225,36.283916575440465,33.446309178562416,,,
1771252200,209.0225,209.0565,209.0125,209.0315,37.665102074944194,33.82528161297238,,,
1771252500,209.0315,209.0365,208.9955,209.0015,34.94577734552624,34.11209973546376,,,
1771252800,209.0015,209.0195,208.9795,209.004,35.364567075398284,34.89255391820911,,,
1771253100,209.004,209.0295,208.9765,209.024,38.7610018482607,35.408753152072215,,,
1771253400,209.024,209.0565,209.0105,209.034,40.44607098091971,36.00328570765358,,,
1771253700,209.034,209.139,209.034,209.118,52.31552234212138,37.12875643446224,,,
1771254000,209.118,209.167,209.118,209.156,56.53579898834284,38.70836972172784,,,
1771254300,209.156,209.1905,209.137,209.186,59.5774536226655,40.533304613567644,,,
1771254600,209.186,209.19,209.1015,209.1015,49.14517409297915,41.80562941296722,,,
1771254900,209.1015,209.142,209.0965,209.1135,50.47153397054376,42.723456958924785,,,
1771255200,209.1135,209.134,209.0935,209.129,52.20550646241993,43.99671506308663,,,
1771255500,209.129,209.129,209.0415,209.0455,43.39220701195084,44.610643698856165,,,
1771255800,209.0455,209.092,209.0155,209.047,43.57648430463426,45.04900833543906,,,
1771256100,209.047,209.1165,209.047,209.0645,45.79354743535829,45.72826768257606,,,
1771256400,209.0645,209.141,209.0585,209.115,51.69244659581225,46.73022086263806,,,
1771256700,209.115,209.1475,209.1025,209.1385,54.19069083904886,48.10485754074682,,,
1771257000,209.1385,209.2015,209.1195,209.184,58.64959222133136,49.76807362259918,,,
1771257300,209.184,209.218,209.1385,209.213,61.23922319901236,51.37366086193858,,,
1771257600,209.213,209.2215,209.159,209.1935,58.582494295886896,52.66911967015053,,,
1771257900,209.1935,209.2635,209.1875,209.1975,58.97565426680881,53.14484337905677,,,
1771258200,209.1975,209.218,209.1185,209.1355,50.908954180118606,52.742925892755046,,,
1771258500,209.1355,209.163,209.1265,209.1365,51.02530992564432,52.13205848582496,,,
1771258800,209.1365,209.153,209.126,209.1375,51.15000083519389,52.275260395983146,,,
1771259100,209.1375,209.212,209.116,209.211,59.343432388002,52.9089674258016,,,
1771259400,209.211,209.2165,209.1785,209.2,57.781437385377956,53.307248206012886,,,
1771259700,209.2,209.2305,209.193,209.2285,60.66991323487873,54.541370079079165,,,
1771260000,209.2285,209.2465,209.2145,209.2235,59.895682085194345,55.70702706340488,,,
1771260300,209.2235,209.236,209.2035,209.22,59.32496941685637,56.67355720494045,,,
1771260600,209.22,209.2735,209.215,209.236,61.14751107916848,57.348918953751614,,,
1771260900,209.236,209.236,209.1675,209.19,53.697963105823206,57.313724115664066,,,
1771261200,209.19,209.1985,209.1635,209.192,53.96058911966721,56.97879532268805,,,
1771261500,209.192,209.2725,209.192,209.265,62.353929636471165,57.05841721107796,,,
1771261800,209.265,209.267,209.254,209.256,60.88030710834221,57.22254669768191,,,
1771262100,209.256,209.267,209.2205,209.233,57.16236500647984,57.093026036229844,,,
1771262400,209.233,209.26,209.2105,209.2195,55.03776493047477,57.38794108982672,,,
1771262700,209.2195,209.2285,209.2025,209.2235,55.56475866676224,57.712187428477996,,,
1771263000,209.2235,209.244,209.2185,209.223,55.47722663687401,58.02127498574085,,,
1771263300,209.223,209.2355,209.218,209.2215,55.196306080466606,57.72505167805976,,,
1771263600,209.2215,209.2215,209.1935,209.2165,54.210892008411605,57.47001272256216,,,
1771263900,209.2165,209.217,209.1985,209.2005,51.068935203725694,56.784228577479794,,,
1771264200,209.2005,209.2035,209.146,209.151,42.80354605151932,55.56336171793158,,,
1771264500,209.151,209.163,209.1405,209.1415,41.41806868088534,54.28429737964793,,,
1771264800,209.1415,209.1505,209.1325,209.1385,40.967109387318324,52.84284011594435,,,
1771265100,209.1385,209.166,209.1385,209.165,46.50760763225886,52.329243296404044,,,
1771265400,209.165,209.174,209.1525,209.1525,44.39119460065185,51.64571511647438,,,
1771265700,209.1525,209.188,209.1525,209.188,51.18526972301646,50.84795369408475,,,
1771266000,209.188,209.2405,209.1875,209.2385,58.88140591459311,50.70517503738838,,,
1771266300,209.2385,209.2395,209.2275,209.2345,58.100045119448886,50.77215218831474,,,
1771266600,209.2345,209.247,209.2315,209.2405,58.979374662769786,51.05369574062153,,,
1771266900,209.2405,209.2485,209.2205,209.2205,54.84740059091425,51.00245587806096,,,
1771267200,209.2205,209.2285,209.2145,209.2275,56.009045874187024,51.04044296644046,,,
1771267500,209.2275,209.2275,209.208,209.2105,52.47799804959609,50.846278107092566,,,
1771267800,209.2105,209.2285,209.2105,209.2225,54.6513344081886,50.877738278505205,,,
1771268100,209.2225,209.2385,209.2175,209.2185,53.768611358947624,51.0705722895925,,,
1771268400,209.2185,209.2195,209.1935,209.2185,53.768611358947624,51.85379124012308,,,
1771268700,209.2185,209.2615,209.2175,209.248,59.380279935694205,53.13680632975229,,,
1771269000,209.248,209.2485,209.226,209.2285,54.65745587613955,54.114688221810944,,,
1771269300,209.2285,209.2385,209.217,209.2335,55.63188571325211,54.76642237045333,,,
1771269600,209.2335,209.2505,209.2325,209.2485,58.51239321539976,55.775079414363894,,,
1771269900,209.2485,209.2565,209.2465,209.2525,59.27175227888806,56.35268531121187,,,
1771270200,209.2525,209.2615,209.243,209.259,60.53581883872217,56.47085766293537,,,
1771270500,209.259,209.262,209.2345,209.2345,53.76264454795097,56.16104333639981,,,
1771270800,209.2345,209.241,209.228,209.229,52.346686726583634,55.68727991238651,,,
1771271100,209.229,209.231,209.225,209.2275,51.944872204519186,55.47995645621544,,,
1771271400,209.2275,209.2305,209.224,209.224,50.96189495304425,55.119445676133815,,,
1771271700,209.224,209.239,209.223,209.234,53.66008571084199,55.20388050907995,,,
1771272000,209.234,209.234,209.2195,209.2225,50.236797675988846,54.888556456779966,,,
1771272300,209.2225,209.224,209.2015,209.2025,44.87496737553213,54.253296172250295,,,
1771272600,209.2025,209.2065,209.1905,209.2005,44.365030307184114,53.581611811410035,,,
1771272900,209.2005,209.204,209.1985,209.199,43.96154168011861,52.480273364583205,,,
1771273200,209.199,209.2095,209.191,209.196,43.11693773978231,51.65595064055769,,,
1771273500,209.196,209.212,209.1935,209.212,48.770049091262486,51.16581945327272,,,
1771273800,209.212,209.212,209.1845,209.2035,46.14628409641806,50.28252594477402,,,
1771274100,209.2035,209.216,209.2025,209.206,47.048592527759865,49.409443105407725,,,
1771274400,209.206,209.207,209.198,209.2055,46.87941751169127,48.43398586776266,,,
1771274700,209.2055,209.2205,209.1995,209.216,50.874285636689024,48.22767451695824,,,
1771275000,209.216,209.2165,209.2025,209.2035,46.400570412102525,47.80295192306672,,,
1771275300,209.2035,209.2335,209.18,209.2335,56.326737335008296,48.11594228953023,,,
1771275600,209.2335,209.244,209.225,209.225,53.314106637999686,48.283957409884195,,,
1771275900,209.225,209.231,209.219,209.2215,52.07893531481634,48.17101809588236,,,
1771276200,209.2215,209.2405,209.2205,209.236,56.56822175260692,48.623262672783646,,,
1771276500,209.236,209.236,209.2175,209.2325,55.223418137638525,49.36243772721981,,,
1771276800,209.2325,209.2365,209.23,209.23,54.23168216934194,50.06719857451681,,,
1771277100,209.23,209.237,209.224,209.224,51.82611567988462,50.62895386021438,,,
1771277400,209.224,209.23,209.207,209.214,48.004233764904036,50.97804643343736,,,
1771277700,209.214,209.214,209.1855,209.1875,39.65800911793822,50.32718643534277,,,
1771278000,209.1875,209.1875,209.158,209.1715,35.63004418425234,49.57602644161665,,,
1771278300,209.1715,209.2345,209.1715,209.2205,51.78198964275728,49.91412623554504,,,
1771278600,209.2205,209.224,209.2055,209.218,51.07777954249179,50.214009237745074,,,
1771278900,209.218,209.2485,209.2135,209.2145,50.05152857246775,50.155240876014986,,,
1771279200,209.2145,209.3395,209.1585,209.1645,38.23334959896134,49.57186796079061,,,
1771279500,209.1645,209.2505,209.1645,209.212,50.251140309219885,49.137896744662875,,,
1771279800,209.212,209.2625,209.1725,209.2625,59.31455939157786,49.5665005127756,,,
1771280100,209.2625,209.2685,209.255,209.2685,60.24135728247651,50.149530653322756,,,
1771280400,209.2685,209.2785,209.265,209.2765,61.50063915785644,50.501846182269155,,,
1771280700,209.2765,209.284,209.257,209.26,57.45838637550636,50.66148677068828,,,
1771281000,209.26,209.295,209.2415,209.249,54.869185318549,50.707022709917354,,,
1771281300,209.249,209.263,209.248,209.2625,57.40598787759044,51.10558500975349,,,
1771281600,209.2625,209.2915,209.2515,209.273,59.321220885025696,51.913941232619315,,,
1771281900,209.273,209.2985,209.2315,209.2315,49.79165511989058,52.637773089901636,,,
1771282200,209.2315,209.2505,209.2255,209.241,51.70428875589056,53.78593341644722,,,
1771282500,209.241,209.267,209.2345,209.265,56.23962261711356,54.104335771758386,,,
1771282800,209.265,209.265,209.185,209.2,44.14769523563534,53.60932974984007,,,
1771283100,209.2,209.3615,209.1975,209.3515,63.72475440854078,54.58598873813101,,,
1771283400,209.3515,209.3595,209.3245,209.3545,63.99389290908111,56.4260275459967,,,
1771283700,209.3545,209.3545,209.309,209.325,59.33222286057086,57.07467629966464,,,
1771284000,209.325,209.3375,209.313,209.337,60.589858703110885,57.16576910763128,,,
1771284300,209.337,209.3525,209.331,209.348,61.75733675040196,57.27405335534024,,,
1771284600,209.348,209.35,209.286,209.326,58.053243596861854,57.0278108152692,,,
1771284900,209.326,209.374,209.3255,209.349,60.70664120633295,57.25982901747109,,,
1771285200,209.349,209.3565,209.3295,209.3305,57.553081163113646,57.451535863511424,,,
1771285500,209.3305,209.3785,209.3285,209.374,62.48757139216037,57.81450611455214,,,
1771285800,209.374,209.4935,209.3645,209.3915,64.28629527532351,58.16915428528769,,,
1771286100,209.3915,209.3915,209.241,209.258,46.11879512986857,57.90680714314326,,,
1771286400,209.258,209.2995,209.1005,209.1015,33.99148114089094,56.64160659921471,,,
1771286700,209.1015,209.1055,208.939,209.051,31.14542987680673,54.849164260621365,,,
1771287000,209.051,209.153,209.0415,209.0755,34.03125647279184,54.12656149184683,,,
1771287300,209.0755,209.111,208.912,208.924,26.6055078223401,51.47518673568965,,,
1771287600,208.924,208.933,208.8235,208.8355,23.394175010825293,48.575206885814225,,,
1771287900,208.8355,208.9075,208.8355,208.888,28.878408616282442,46.399934439793626,,,
1771288200,208.888,208.9145,208.858,208.8665,27.994532870670483,44.0716968803336,,,
1771288500,208.8665,208.917,208.803,208.814,25.90919066417591,41.511115017031734,,,
1771288800,208.814,208.837,208.694,208.7725,24.364187015806365,39.104753832670625,,,
1771289100,208.7725,208.803,208.703,208.761,23.93819497071503,36.4784362444122,,,
1771289400,208.761,208.836,208.713,208.8045,28.9954172711155,34.43860310926947,,,
1771289700,208.8045,208.8045,208.631,208.637,22.728811418642323,31.598691682589617,,,
1771290000,208.637,208.772,208.636,208.75,33.21526292734403,29.37933222916251,,,
1771290300,208.75,208.8015,208.712,208.7645,34.44466306201571,28.54546565288731,,,
1771290600,208.7645,208.846,208.738,208.83,39.83274526914684,28.96269880490559,,,
1771290900,208.83,208.877,208.827,208.86,42.17693057365224,29.750663140394554,,,
1771291200,208.86,208.909,208.8445,208.8555,41.913140838440235,30.31365488079801,,,
1771291500,208.8555,208.869,208.766,208.773,37.30641320939576,31.0780052655877,,,
1771291800,208.773,208.8105,208.7605,208.7655,36.90924951512292,32.04336773018038,,,
1771292100,208.7655,208.887,208.755,208.883,46.51590063751845,33.3031885888401,,,
1771292400,208.883,208.901,208.8185,208.8625,45.22212789452628,34.53373109054409,,,
1771292700,208.8625,208.8895,208.8315,208.838,43.65923369795908,35.80159130724288,,,
1771293000,208.838,208.8405,208.6815,208.7045,36.297851467756885,36.65399591095364,,,
1771293300,208.7045,208.7045,208.508,208.535,29.49736981793994,37.05107982861256,,,
1771293600,208.535,208.5625,208.4215,208.4215,25.98648105310515,36.8361558130404,,,
1771293900,208.4215,208.564,208.417,208.5605,36.02855789081627,37.786137703909965,,,
1771294200,208.5605,208.5915,208.5395,208.557,35.896488437417304,37.977653811772335,,,
1771294500,208.557,208.6115,208.5215,208.6105,39.54454383660877,38.341931009957555,,,
1771294800,208.6105,208.6725,208.589,208.6705,43.43256183565177,38.599060764707914,,,
1771295100,208.6705,208.6705,208.603,208.6195,41.01782923160073,38.516267811704225,,,
1771295400,208.6195,208.669,208.614,208.633,41.93805304953983,38.5180472553542,,,
1771295700,208.633,208.636,208.5245,208.547,37.88325380115126,38.55925015476531,,,
1771296000,208.547,208.5645,208.51,208.52,36.68406238215461,38.54316535955329,,,
1771296300,208.52,208.573,208.52,208.522,36.843543733543164,37.85228272355505,,,
1771296600,208.522,208.543,208.505,208.528,37.35334474328845,37.290226784180916,,,
1771296900,208.528,208.543,208.472,208.478,34.83019903439968,36.659581451069535,,,
1771297200,208.478,208.485,208.3515,208.3525,29.452532337277034,36.170630084606685,,,
1771297500,208.3525,208.3615,208.3085,208.317,28.12950352236699,36.07292534920862,,,
1771297800,208.317,208.344,208.2815,208.344,30.680003296340075,36.40817693801112,,,
1771298100,208.344,208.4,208.339,208.3855,34.52603033564971,36.3008535412135,,,
1771298400,208.3855,208.423,208.367,208.392,35.13308387352657,36.24632464379273,,,
1771298700,208.392,208.436,208.392,208.429,38.62164712901662,36.18040345039329,,,
1771299000,208.429,208.4535,208.331,208.3345,33.64478234444421,35.48127634387846,,,
1771299300,208.3345,208.3585,208.291,208.294,31.75609512143882,34.81972390743833,,,
1771299600,208.294,208.3975,208.263,208.392,40.46512011339879,34.71451441199968,,,
1771299900,208.392,208.4005,208.3465,208.352,38.31579502472952,34.74541021368384,,,
1771300200,208.352,208.399,208.337,208.377,40.444937196056316,35.01404412896254,,,
1771300500,208.377,208.521,208.377,208.521,50.947574023511606,36.021474863960286,,,
1771300800,208.521,208.524,208.437,208.4865,48.73029675953807,36.834114293692394,,,
1771301100,208.4865,208.489,208.4445,208.487,48.76509826209277,37.82946423852762,,,
1771301400,208.487,208.5025,208.4185,208.482,48.4112086617338,39.18365540456024,,,
1771301700,208.482,208.483,208.434,208.4435,45.66330533472567,40.43606981972872,,,
1771302000,208.4435,208.4775,208.3635,208.38,41.481116478344724,41.20757790415763,,,
1771302300,208.38,208.381,208.3145,208.3145,37.650575018768144,41.43075966723752,,,
1771302600,208.3145,208.3435,208.271,208.289,36.24721861373461,41.51034072010952,,,
1771302900,208.289,208.3345,208.2725,208.2725,35.32959728000587,41.27519430232304,,,
1771303200,208.2725,208.3145,208.245,208.3035,38.480700499470004,41.62061702768202,,,
1771303500,208.3035,208.352,208.2985,208.327,40.834223695434765,42.269054782967444,,,
1771303800,208.327,208.4165,208.311,208.4055,47.99179153570839,42.80667417027528,,,
1771304100,208.4055,208.409,208.361,208.3795,46.00659559778272,43.3560170683505,,,
1771304400,208.3795,208.402,208.3065,208.385,46.51065040087796,43.78928229726633,,,
1771304700,208.385,208.3885,208.337,208.3625,44.673309735109704,43.34112056238048,,,
1771305000,208.3625,208.41,208.3495,208.3975,48.1074089650823,43.296628577062215,,,
1771305300,208.3975,208.3975,208.134,208.135,32.04318443462675,42.102206160814646,,,
1771305600,208.135,208.2085,208.082,208.144,32.870853661925025,40.99218080368545,,,
1771305900,208.144,208.1995,208.1115,208.132,32.30587925593608,40.038078940914765,,,
1771306200,208.132,208.1445,208.0465,208.138,32.926637587535765,39.42704473442841,,,
1771306500,208.138,208.1585,208.089,208.105,31.23036353811044,38.96845820009571,,,
1771306800,208.105,208.195,208.0755,208.175,38.47130627463647,39.12732160444584,,,
1771307100,208.175,208.216,208.1355,208.2125,41.99487435710135,39.603412824238376,,,
1771307400,208.2125,208.2245,208.116,208.1175,36.32032114108882,39.449100012925435,,,
1771307700,208.1175,208.1545,208.094,208.1305,37.56362560658836,39.21548586372212,,,
1771308000,208.1305,208.1745,208.0695,208.102,35.9083938863392,38.35238603162433,,,
1771308300,208.102,208.136,208.073,208.1205,37.82365519875918,37.76789028883692,,,
1771308600,208.1205,208.1635,208.094,208.099,36.46002909303574,37.04998876684819,,,
1771308900,208.099,208.176,208.082,208.105,37.1411057908727,36.511974199402694,,,
1771309200,208.105,208.1145,208.078,208.095,36.44003602112739,35.67859041769162,,,
1771309500,208.095,208.156,208.087,208.1225,39.805027791518505,36.23300780032675,,,
1771309800,208.1225,208.164,208.0765,208.0785,36.477440986053004,36.49062118062161,,,
1771310100,208.0785,208.1035,208.066,208.092,38.18490583832207,36.91055165079204,,,
1771310400,208.092,208.2425,208.0825,208.1105,40.54346109210362,37.45461047254688,,,
1771310700,208.1105,208.136,208.088,208.1285,42.829122208681724,38.283093234730536,,,
1771311000,208.1285,208.199,208.1275,208.182,49.09315931030516,39.04179702299259,,,
1771311300,208.182,208.2255,208.1795,208.2115,52.202965546861265,39.77094639368972,,,
1771311600,208.2115,208.2115,207.763,207.856,29.118244061365914,39.25651231656666,,,
1771311900,207.856,207.8565,207.595,207.6775,23.49916446957107,38.25190794963685,,,
1771312200,207.6775,207.679,207.529,207.547,20.399736584353647,37.14414671378074,,,
1771312500,207.547,207.5555,207.45,207.472,18.860131729168643,35.7896093230957,,,
1771312800,207.472,207.576,207.463,207.5655,26.325276867391835,35.06569844983542,,,
1771313100,207.5655,207.603,207.527,207.5825,27.629015196619278,34.38626340738875,,,
1771313400,207.5825,207.603,207.46,207.4725,24.596060513796985,33.540265156865146,,,
1771313700,207.4725,207.4845,207.349,207.3765,22.295753030146955,32.28960267391004,,,
1771314000,207.3765,207.5055,207.3595,207.5055,31.558560465891873,31.9382540653271,,,
1771314300,207.5055,207.5065,207.422,207.4835,30.882435341648772,31.41664902985044,,,
1771314600,207.4835,207.526,207.417,207.526,33.83168083677825,30.937236154470053,,,
1771314900,207.526,207.627,207.4875,207.625,40.229611429548555,30.751556813103402,,,
1771315200,207.625,207.7815,207.5885,207.7225,45.78904545307243,30.515548680443917,,,
1771315500,207.7225,207.8185,207.7085,207.8145,50.47045596844327,30.391797996271205,,,
1771315800,207.8145,207.9155,207.7425,207.7425,47.04636644148679,31.672378166279845,,,
1771316100,207.7425,207.7435,207.559,207.6795,44.219443978639525,33.1523981312133,,,
1771316400,207.6795,207.7465,207.662,207.6685,43.72540808833249,34.81851752435465,,,
1771316700,207.6685,207.733,207.585,207.598,40.59501387341625,36.37100910608662,,,
1771317000,207.598,207.73,207.597,207.6145,41.64794705370111,37.46548554796585,,,
1771317300,207.6145,207.6355,207.5635,207.6045,41.17165105272796,38.432816680545045,,,
1771317600,207.6045,207.714,207.573,207.7135,48.13430371226627,40.11411976614999,,,
1771317900,207.7135,207.7145,207.5915,207.6465,44.63712912757346,41.7099323445376,,,
1771318200,207.6465,207.6525,207.5225,207.587,41.7370414582082,42.436966701131624,,,
1771318500,207.587,207.617,207.492,207.4935,37.60264092476803,42.91698138564014,,,
1771318800,207.4935,207.686,207.484,207.6805,48.57458054663319,43.970045650629785,,,
1771319100,207.6805,207.692,207.6,207.6115,45.402193260281464,44.339515781396415,,,
1771319400,207.6115,207.6655,207.6,207.6455,47.23101099676239,44.44251332023141,,,
1771319700,207.6455,207.7285,207.644,207.6995,50.09043487795631,44.41536895662521,,,
1771320000,207.6995,207.8645,207.6995,207.777,53.94740684279067,44.9083004138612,,,
1771320300,207.777,207.8355,207.761,207.78,54.09529185534196,45.61371811933994,,,
1771320600,207.78,207.8315,207.7675,207.7885,54.54071728341424,46.38624020470292,,,
1771320900,207.7885,207.8305,207.781,207.804,55.39075866524688,47.443079118405116,,,
1771321200,207.804,207.8175,207.7465,207.8155,56.04743674998179,48.47161409671088,,,
1771321500,207.8155,207.9195,207.8155,207.8815,59.71286596902106,49.79598659073182,,,
1771321800,207.8815,207.917,207.87,207.9,60.70215199540893,50.693690039527716,,,
1771322100,207.9,207.9135,207.8035,207.8135,54.022426012280555,51.36406838843537,,,
1771322400,207.8135,207.8935,207.781,207.8485,56.12618774954576,52.39186455210234,,,
1771322700,207.8485,207.9285,207.8485,207.892,58.658089991441265,53.895825199721855,,,
1771323000,207.892,207.92,207.82,207.914,59.91791429017891,54.706063324260825,,,
1771323300,207.914,207.92,207.8515,207.891,57.93037544711517,55.60093348046324,,,
1771323600,207.891,208.054,207.889,208.0475,66.15665414603359,56.95276513398265,,,
1771323900,208.0475,208.1215,208.0405,208.05,66.27011863112567,58.1084568306376,,,
1771324200,208.05,208.1005,208.042,208.0935,68.26388535137214,59.13106243839342,,,
1771324500,208.0935,208.2195,208.0935,208.1495,70.66763924078083,60.31480153735334,,,
1771324800,208.1495,208.1705,208.1005,208.1515,70.7528406126252,61.4728103465827,,,
1771325100,208.1515,208.1685,208.0735,208.079,63.54696028454239,62.055396176532376,,,
1771325400,208.079,208.09,207.984,208.02,58.33973568578708,62.219131814804186,,,
1771325700,208.02,208.041,207.9785,207.9995,56.60414893303178,61.99708059794781,,,
1771326000,207.9995,208.0395,207.956,207.972,54.27166566819338,61.53776014600384,,,
1771326300,207.972,208.0045,207.9425,207.9575,53.030817663618805,61.46693097824228,,,
1771326600,207.9575,207.9785,207.918,207.919,49.77658961112179,61.01338825406914,,,
1771326900,207.919,207.961,207.9105,207.9165,49.56389862556033,60.36380315650622,,,
1771327200,207.9165,207.922,207.817,207.823,42.28641697457184,59.104410491105725,,,
1771327500,207.823,207.894,207.8095,207.889,48.081441676970634,58.40091522180968,,,
1771327800,207.889,207.9515,207.88,207.8875,47.96356694067138,57.101408992855234,,,
1771328100,207.8875,207.8995,207.809,207.8335,43.80053404225079,55.496438665078465,,,
1771328400,207.8335,207.8975,207.81,207.8845,48.359341412765964,54.07468552660659,,,
1771328700,207.8845,207.893,207.7955,207.8725,47.3853417124657,52.41166427458408,,,
1771329000,207.8725,207.8745,207.75,207.77,39.97851180149965,50.213497930932256,,,
1771329300,207.77,207.772,207.695,207.726,37.284322511747725,48.3375952328755,,,
1771329600,207.726,207.8035,207.697,207.7875,43.06027931882107,47.24620549237792,,,
1771329900,207.7875,207.808,207.756,207.779,42.477988086531205,46.23719400334217,,,
1771330200,207.779,207.8165,207.706,207.708,37.87121564101274,45.06573328711499,,,
1771330500,207.708,207.7395,207.674,207.6755,35.949305736296,43.84562529230622,,,
1771330800,207.6755,207.7215,207.6625,207.674,35.85885486037466,42.85150138153856,,,
1771331100,207.674,207.7185,207.6265,207.688,37.440954540949214,41.98557680406634,,,
1771331400,207.688,207.6955,207.578,207.5965,31.902380499665526,41.2438599130016,,,
1771331700,207.5965,207.641,207.5515,207.6145,33.97165247643383,40.23601782724897,,,
1771332000,207.6145,207.6145,207.526,207.531,29.494290085305124,38.91678376615139,,,
1771332300,207.531,207.5465,207.4075,207.441,25.58082988662683,37.61537632646395,,,
1771332600,207.441,207.4925,207.4015,207.473,29.178964432634757,36.24534939931173,,,
1771332900,207.473,207.476,207.3795,207.3835,25.469801753804177,34.67995368797876,,,
1771333200,207.3835,207.4115,207.363,207.4085,28.214803085296722,33.839688779678546,,,
1771333500,207.4085,207.4085,207.3225,207.3245,24.896793333859662,32.954865266972256,,,
1771333800,207.3245,207.3615,207.2445,207.2715,23.054583162924345,31.525886970122492,,,
1771334100,207.2715,207.3715,207.236,207.263,22.763668406108053,30.117721278663698,,,
1771334400,207.263,207.3045,207.24,207.304,27.5149065078118,29.377984912006486,,,
1771334700,207.304,207.3275,207.2825,207.3185,29.17428311939311,28.89405472508485,,,
1771335000,207.3185,207.374,207.288,207.304,28.472336554497772,28.36644627466507,,,
1771335300,207.304,207.3415,207.26,207.267,26.70654295150065,27.599702589704464,,,
1771335600,207.267,207.3905,207.251,207.3225,33.380649941723846,27.705293264137197,,,
1771335900,207.3225,207.442,207.3195,207.3795,39.476299448066875,28.098482333539557,,,
1771336200,207.3795,207.555,207.3725,207.4385,45.07809235162742,29.211611066848295,,,
1771336500,207.4385,207.451,207.302,207.307,36.88404386341425,30.01898349376168,,,
1771336800,207.307,207.458,207.2735,207.4195,45.93796742237124,31.216055135885718,,,
1771337100,207.4195,207.4705,207.4095,207.4295,46.670284372872814,32.73037532296205,,,
1771337400,207.4295,207.4505,207.3745,207.422,46.165196027554735,34.01254624740905,,,
1771337700,207.422,207.4595,207.41,207.4225,46.20699312709007,35.53470337549694,,,
1771338000,207.4225,207.474,207.383,207.4355,47.351522279859935,37.27019902670662,,,
1771338300,207.4355,207.4385,207.3545,207.43,46.89690157667757,38.99400139603301,,,
1771338600,207.43,207.5345,207.3965,207.5075,53.649804826168804,40.86077984734423,,,
1771338900,207.5075,207.647,207.4865,207.601,60.221970762991084,43.07847182188694,,,
1771339200,207.601,207.6845,207.532,207.5655,56.9217957547826,45.11057605047871,,,
1771339500,207.5655,207.6255,207.527,207.6185,60.409983781346625,47.517964681182,,,
1771339800,207.6185,207.649,207.44,207.495,50.20787581872622,48.71990938668217,,,
1771340100,207.495,207.605,207.4785,207.4825,49.30035010699073,49.42162729089102,,,
1771340400,207.4825,207.6545,207.4195,207.6525,59.912814534751725,50.48125030397132,,,
1771340700,207.6525,207.7235,207.5845,207.5955,55.70266177882831,51.82543729792947,,,
1771341000,207.5955,207.6435,207.5505,207.5905,55.33532834817278,52.49667736405815,,,
1771341300,207.5905,207.753,207.5755,207.708,61.72340790093278,53.5719004732053,,,
1771341600,207.708,207.711,207.6295,207.6735,59.052785602749054,54.492442585719175,,,
1771341900,207.6735,207.71,207.5445,207.5985,53.621207649584186,55.0220293373259,,,
1771342200,207.5985,207.7345,207.5355,207.73,60.4840931595927,55.960070114449664,,,
1771342500,207.73,207.841,207.6795,207.709,58.983051383474766,56.8233665292209,,,
1771342800,207.709,207.776,207.6645,207.776,62.205735203692726,57.434504413329755,,,
1771343100,207.776,207.8815,207.7745,207.7795,62.37205455433583,57.58808182699723,,,
1771343400,207.7795,207.8355,207.6505,207.6545,53.34337888232148,57.33248062182144,,,
1771343700,207.6545,207.7195,207.5985,207.6755,54.53410989624997,56.91277534431454,,,
1771344000,207.6755,207.7875,207.675,207.755,58.81891152408883,57.52784932326902,,,
1771344300,207.755,207.8165,207.7235,207.7955,60.84343220624372,58.352355187501374,,,
1771344600,207.7955,207.8455,207.787,207.817,61.91386503169878,58.49528736585473,,,
1771344900,207.817,207.887,207.7825,207.8295,62.554790170535384,58.98472510811952,,,
1771345200,207.8295,207.8885,207.805,207.8725,64.7522213501627,59.657360322547376,,,
1771345500,207.8725,207.8995,207.7985,207.807,59.066115357528574,59.467553712304216,,,
1771345800,207.807,207.8905,207.7975,207.8625,62.10282638884329,59.685413768453806,,,
1771346100,207.8625,207.909,207.8505,207.8845,63.26615205726341,60.37433836900232,,,
1771346400,207.8845,207.8885,207.8085,207.8195,57.63666656818111,60.17095075533006,,,
1771346700,207.8195,207.8505,207.7745,207.834,58.52329341310597,60.13811090030372,,,
1771347000,207.834,207.9205,207.833,207.8985,62.302808965465935,60.14504474043038,,,
1771347300,207.8985,207.9275,207.8685,207.9025,62.53083834659928,60.15638643987777,,,
1771347600,207.9025,207.9025,207.8305,207.855,58.04095872406179,60.49192785714494,,,
1771347900,207.855,207.9095,207.8205,207.8285,55.64063683363237,60.570965495529386,,,
1771348200,207.8285,207.868,207.8025,207.8465,56.9431684996639,60.436983850927604,,,
1771348500,207.8465,207.874,207.812,207.813,53.77822172863036,59.93232595966951,,,
1771348800,207.813,207.823,207.773,207.8145,53.901770991264726,59.36003352820994,,,
1771349100,207.8145,207.9185,207.8145,207.896,60.13652962287178,59.18730063194825,,,
1771349400,207.896,207.9145,207.8415,207.9095,61.07564229776996,58.92468784249162,,,
1771349700,207.9095,207.9345,207.8605,207.915,61.4738519579907,59.09666902823892,,,
1771350000,207.915,207.929,207.8455,207.8705,56.44256505042016,58.69236464692299,,,
1771350300,207.8705,207.924,207.8435,207.902,59.00057178109085,58.38768034148209,,,
1771350600,207.902,207.917,207.8395,207.864,54.81820673118547,58.18636178169669,,,
1771350900,207.864,207.942,207.854,207.903,58.10094065359629,58.156193727445995,,,
1771351200,207.903,207.908,207.82,207.8795,55.4849547830089,57.66920414298478,,,
1771351500,207.8795,207.9045,207.8265,207.8545,52.763252491045066,56.97151943901662,,,
1771351800,207.8545,207.8625,207.7705,207.775,45.17449772757964,56.052486510696475,,,
1771352100,207.775,207.802,207.758,207.797,47.42787906584617,55.4658609558546,,,
1771352400,207.797,207.934,207.7885,207.8765,54.67720879235843,55.304006691047064,,,
1771352700,207.8765,207.9205,207.858,207.8985,56.466203807915505,55.496005410996005,,,
1771353000,207.8985,207.9695,207.889,207.9535,60.648183842978455,55.977892043261264,,,
1771353300,207.9535,207.9745,207.924,207.9565,60.8689943187894,56.030210950112526,,,
1771353600,207.9565,207.9855,207.926,207.926,57.345928553646345,55.76380282553227,,,
1771353900,207.926,207.9405,207.8815,207.891,53.517888422721626,55.19551971587019,,,
1771354200,207.891,207.939,207.8725,207.9355,57.41059866769529,55.26466497424699,,,
1771354500,207.9355,207.9605,207.9285,207.9365,57.49674030856971,55.157248440495486,,,
1771354800,207.9365,207.9625,207.9005,207.9475,58.491293853508544,55.4196118063757,,,
1771355100,207.9475,207.981,207.8895,207.8905,51.735705740872845,54.9649521697526,,,
1771355400,207.8905,207.906,207.8755,207.8915,51.840795661830356,54.704655089668414,,,
1771355700,207.8915,207.9495,207.872,207.9335,56.1585143340362,54.94717379273921,,,
1771356000,207.9335,207.9605,207.91,207.9585,58.54120215673662,55.901938394821855,,,
1771356300,207.9585,207.9585,207.892,207.897,51.17328150472568,56.169467140456106,,,
1771356600,207.897,207.978,207.893,207.958,56.95956089405165,56.33249229057706,,,
1771356900,207.958,207.9945,207.9495,207.979,58.77098029126934,56.497119182245186,,,
1771357200,207.979,208.01,207.9655,208.01,61.35648886577175,56.54771239815899,,,
1771357500,208.01,208.0105,207.9555,207.9675,56.15702038539078,56.21114283148767,,,
1771357800,207.9675,207.968,207.858,207.876,46.935247707850806,55.467522771073696,,,
1771358100,207.876,207.8935,207.812,207.836,43.567089490001635,54.756751418736556,,,
1771358400,207.836,207.865,207.7755,207.821,42.340044103189065,53.680283235557546,,,
1771358700,207.821,207.845,207.819,207.837,44.14705819271953,52.72673451299681,,,
1771359000,207.837,207.8555,207.8275,207.8525,45.9153646695576,51.82845385700032,,,
1771359300,207.8525,207.881,207.8245,207.833,44.02686529025195,51.27782239624168,,,
1771359600,207.833,207.858,207.814,207.829,43.63044261267333,50.69136860701618,,,
1771359900,207.829,207.853,207.827,207.8295,43.698684960656315,49.801380794631896,,,
1771360200,207.8295,207.838,207.7935,207.8005,40.626604806734576,48.52176669820318,,,
1771360500,207.8005,207.8145,207.7815,207.805,41.31602327054997,47.81767682433349,,,
1771360800,207.805,207.8565,207.805,207.8375,46.17690674365976,47.04748724216264,,,
1771361100,207.8375,207.852,207.811,207.8115,43.101102289854275,45.92821024206156,,,
1771361400,207.8115,207.838,207.8005,207.837,46.84101994060296,44.89139103312094,,,
1771361700,207.837,207.89,207.814,207.8885,53.4900164435867,44.700890751563506,,,
1771362000,207.8885,207.8995,207.836,207.845,48.02588031604731,44.7787930807204,,,
1771362300,207.845,207.845,207.8135,207.8165,44.79709674958334,44.86665074211909,,,
1771362600,207.8165,207.8505,207.8145,207.8335,47.082443615490334,45.20539356442633,,,
1771362900,207.8335,207.857,207.8245,207.8465,48.8270978501536,45.5396821113859,,,
1771363200,207.8465,207.871,207.8445,207.8575,50.31964578394135,45.854273619556174,,,
1771363500,207.8575,207.8875,207.8575,207.8685,51.83260115445724,46.41182618128512,,,
1771363800,207.8685,207.948,207.8675,207.934,59.70225266999081,47.559812613950655,,,
1771364100,207.934,207.959,207.931,207.9385,60.18355798050969,48.73730354394018,,,
1771364400,207.9385,207.9505,207.932,207.95,61.450703100454625,50.22473913634875,,,
1771364700,207.95,207.9535,207.9245,207.952,61.679113718965496,51.67924559694986,,,
1771365000,207.952,207.9625,207.947,207.96,62.63286322244283,52.85467105972008,,,
1771365300,207.96,208.019,207.9555,208.019,68.80019565663147,54.69032058591846,,,
1771365600,208.019,208.0545,207.7935,207.7935,40.96860870717227,54.27086264067341,,,
1771365900,207.7935,207.8325,207.7475,207.7585,38.37388987731407,53.19113931451108,,,
1771366200,207.7585,207.8295,207.6945,207.8295,45.86418235610333,53.03673231737223,,,
1771366500,207.8295,207.831,207.775,207.775,41.676724610188096,52.813848593129705,,,
1771366800,207.775,207.8,207.774,207.7865,42.862183355187675,52.512401431679514,,,
1771367100,207.7865,207.792,207.742,207.758,40.65667792449319,51.92880000841806,,,
1771367400,207.758,207.88,207.7485,207.8795,51.99685074870059,52.04860036304371,,,
1771367700,207.8795,207.929,207.874,207.895,53.22486380104738,52.148047694943,,,
1771368000,207.895,207.8995,207.882,207.8965,53.34923969723171,51.694261054031635,,,
1771368300,207.8965,207.9035,207.876,207.9005,53.70277237544104,51.231347796526734,,,
1771368600,207.9005,207.936,207.899,207.929,56.24695715960759,50.8596516578948,,,
1771368900,207.929,207.9395,207.903,207.9285,56.18861911712894,50.467473472049335,,,
1771369200,207.9285,207.966,207.9165,207.932,56.52851042976457,50.03144827257232,,,
1771369500,207.932,207.979,207.932,207.964,59.61351489863803,49.3752567898585,,,
1771369800,207.964,207.975,207.945,207.948,57.41937446657629,50.55031148695878,,,
1771370100,207.948,207.989,207.939,207.9785,60.410689600043966,52.12436861001091,,,
1771370400,207.9785,208.007,207.972,207.9775,60.26121312586656,53.1527279507083,,,
1771370700,207.9775,207.982,207.901,207.9315,53.68124018486921,54.010193348899804,,,
1771371000,207.9315,207.9675,207.9235,207.953,56.094323001560966,54.955346180783614,,,
1771371300,207.953,207.9645,207.9215,207.9515,55.87560976743933,56.04241274099405,,,
1771371600,207.9515,207.963,207.9235,207.9295,52.634155378313565,56.087934500252125,,,
1771371900,207.9295,207.9305,207.717,207.7725,36.40385208700209,54.8864336635346,,,
1771372200,207.7725,207.8115,207.716,207.7875,38.35954692528659,53.815741322681376,,,
1771372500,207.7875,207.7975,207.6815,207.6875,31.42210999829925,52.22426543859982,,,
1771372800,207.6875,207.7415,207.6525,207.6955,32.474240775660306,50.526214268317865,,,
1771373100,207.6955,207.7645,207.6845,207.732,37.207709302223506,49.17043499582462,,,
1771373400,207.732,207.798,207.6685,207.797,44.64888512432933,48.32189033115067,,,
1771373700,207.797,207.8705,207.784,207.868,51.420851776285744,47.736700108125504,,,
1771374000,207.868,207.927,207.8635,207.9185,55.58333150589854,47.60555418236281,,,
1771374300,207.9185,207.9225,207.8095,207.859,50.13284964911042,46.871422757296116,,,
1771374600,207.859,207.859,207.727,207.739,41.33031064766105,45.5192154374243,,,
1771374900,207.739,207.7915,207.739,207.7625,43.42528746744417,44.78664738617965,,,
1771375200,207.7625,207.7665,207.708,207.737,41.68584125018126,43.757470118223964,,,
1771375500,207.737,207.741,207.6605,207.676,37.786597143142224,42.46539778791702,,,
1771375800,207.676,207.7865,207.629,207.7725,46.3380595161663,42.0156766549065,,,
1771376100,207.7725,207.857,207.7675,207.815,49.622343437818756,42.95985460853626,,,
1771376400,207.815,207.8785,207.7875,207.8185,49.89431601313447,43.78376668623969,,,
1771376700,207.8185,207.856,207.772,207.808,49.03898433458334,45.04211485311713,,,
1771377000,207.808,207.9,207.7855,207.8955,55.833790188609136,46.710654096899184,,,
1771377300,207.8955,207.9715,207.8955,207.9645,60.32609900593876,48.361967647164555,,,
1771377600,207.9645,207.996,207.922,207.9305,57.236736675762685,49.26109990083837,,,
1771377900,207.9305,207.9385,207.88,207.894,54.037422706260465,49.44799782440799,,,
1771378200,207.894,207.96,207.893,207.943,57.473987664409925,49.583044692873095,,,
1771378500,207.943,207.9955,207.9425,207.9955,60.85140172857465,50.348655555691955,,,
1771378800,207.9955,208.042,207.981,208.035,63.21832215987321,51.912084949421406,,,
1771379100,208.035,208.035,208.002,208.016,61.29851081181374,53.18874375973352,,,
1771379400,208.016,208.0415,208.005,208.025,61.88890303798186,54.63181960171927,,,
1771379700,208.025,208.052,208.0035,208.046,63.2958870275787,56.45391173632187,,,
1771380000,208.046,208.0875,208.0205,208.054,63.84350712692686,57.7043008513762,,,
1771380300,208.054,208.201,208.053,208.178,71.05273250239725,59.235042927417524,,,
1771380600,208.178,208.193,208.156,208.166,69.60631003011754,60.643042500059174,,,
1771380900,208.166,208.2825,208.153,208.262,74.14147238501442,62.43607736080425,,,
1771381200,208.262,208.319,208.245,208.2645,74.24923126465683,63.75146600909337,,,
1771381500,208.2645,208.2965,208.233,208.28,74.94633422535998,64.79576852476632,,,
1771381800,208.28,208.306,208.241,208.25,70.94327337438104,65.77480686038191,,,
1771382100,208.25,208.266,208.243,208.248,70.67226405511599,66.9630098138716,,,
1771382400,208.248,208.257,208.1885,208.223,67.21574681957192,67.65884975352603,,,
1771382700,208.223,208.237,208.16,208.167,60.12228987405111,67.60677033534577,,,
1771383000,208.167,208.1685,208.123,208.1345,56.402123352726356,67.11989899197813,,,
1771383300,208.1345,208.1545,208.076,208.0895,51.637727635255295,66.42984305079538,,,
1771383600,208.0895,208.1,208.0475,208.062,48.91823424662681,65.50336670855575,,,
1771383900,208.062,208.1005,208.062,208.095,52.173282206233544,64.70889493560252,,,
1771384200,208.095,208.109,208.087,208.102,52.85948829389035,63.924322161814196,,,
1771384500,208.102,208.2,208.101,208.1825,59.97210304093085,63.13284862885231,,,
1771384800,208.1825,208.1985,208.1535,208.1585,57.201085295145226,62.24676114778286,,,
1771385100,208.1585,208.1985,208.1035,208.121,53.074589721578484,60.74198381468029,,,
1771385400,208.121,208.17,208.085,208.104,51.268938856042965,59.100534356922154,,,
1771385700,208.104,208.141,208.0495,208.0605,46.87445026652013,57.095399788433596,,,
1771386000,208.0605,208.094,208.0415,208.0835,49.346660272695964,55.55278456688467,,,
1771386300,208.0835,208.1235,208.065,208.115,52.59998772648801,54.26190768626839,,,
1771386600,208.115,208.189,208.1015,208.187,59.07080996521175,53.68012648238551,,,
1771386900,208.187,208.189,208.1585,208.181,58.3558709336881,53.55395370093101,,,
1771387200,208.181,208.198,208.1285,208.1285,52.38181405980785,53.266788751436835,,,
1771387500,208.1285,208.161,208.122,208.145,53.97649502999352,53.43384356534671,,,
1771387800,208.145,208.1555,208.107,208.109,50.039060444757624,53.51390257949891,,,
1771388100,208.109,208.1245,208.1025,208.106,49.71360810862987,53.33821157252722,,,
1771388400,208.106,208.1545,208.098,208.1415,53.562525753864,53.388428533953906,,,
1771388700,208.1415,208.1605,208.113,208.136,52.887131785932965,52.88235915859692,,,
1771389000,208.136,208.1705,208.1255,208.13,52.11510391020944,52.51907477395865,,,
1771389300,208.13,208.174,208.1165,208.1455,53.98388341680525,52.584024323617705,,,
1771389600,208.1455,208.151,208.119,208.148,54.29371694483011,52.80007990138821,,,
1771389900,208.148,208.157,208.122,208.1465,54.05852708686411,53.3132282456985,,,
1771390200,208.1465,208.1965,208.1465,208.1865,59.14136525012125,54.012850029800305,,,
1771390500,208.1865,208.1895,208.1595,208.188,59.323111327038625,54.49307314412535,,,
1771390800,208.188,208.217,208.1745,208.2105,62.050008838832404,54.705873063669685,,,
1771391100,208.2105,208.242,208.201,208.2255,63.792662577694614,55.09421532395586,,,
1771391400,208.2255,208.227,208.1805,208.19,57.10884514582377,55.431860401528425,,,
1771391700,208.19,208.2005,208.1675,208.195,57.77981090580105,55.70352582122897,,,
1771392000,208.195,208.1965,208.14,208.1525,50.54227088044109,55.739469423777784,,,
1771392300,208.1525,208.1715,208.1425,208.17,53.14486167096421,55.984558963944515,,,
1771392600,208.17,208.2045,208.158,208.2025,57.606561567328576,56.27341866490628,,,
1771392900,208.2025,208.2365,208.197,208.231,61.10432642572558,56.860361139177186,,,
1771393200,208.231,208.234,208.191,208.2035,56.27916210637984,57.157793867475064,,,
1771393500,208.2035,208.2085,208.174,208.179,52.315568072663396,57.03862848575064,,,
1771393800,208.179,208.188,208.1285,208.1315,45.60894662245008,56.418287748437784,,,
1771394100,208.1315,208.1375,208.0675,208.0785,39.52103789215623,55.37989566310152,,,
1771394400,208.0785,208.126,208.073,208.105,43.57643425225805,54.26811487753986,,,
1771394700,208.105,208.12,208.0485,208.0515,38.031849628917,52.74731047053117,,,
1771395000,208.0515,208.106,208.036,208.0495,37.83802601161275,51.01788312572977,,,
1771395300,208.0495,208.0735,208.0105,208.0145,34.52227864832052,48.92714141648876,,,
1771395600,208.0145,208.048,208.011,208.0215,35.73522236671265,47.400454075123676,,,
1771395900,208.0215,208.039,207.9875,208.0335,37.86034416123674,45.97763502194051,,,
1771396200,208.0335,208.1005,208.006,208.09,46.78333339428765,45.70913948721526,,,
1771396500,208.09,208.112,208.0555,208.0645,43.73116173091906,45.03673234864061,,,
1771396800,208.0645,208.067,208.022,208.05,42.05116539478692,43.92563262203049,,,
1771397100,208.05,208.071,208.028,208.028,39.5674881258632,42.38728702918318,,,
1771397400,208.028,208.064,208.005,208.05,43.18151563868809,41.451740852919485,,,
1771397700,208.05,208.1345,208.047,208.098,50.18174909519821,41.29932521167196,,,
1771398000,208.098,208.318,208.0285,208.181,59.47847799652622,42.29000602410598,,,
1771398300,208.181,208.189,208.0905,208.1185,51.660617874514934,43.15711887998874,,,
1771398600,208.1185,208.1765,208.1155,208.158,55.629969208225184,44.01808566255782,,,
1771398900,208.158,208.2155,208.1475,208.2085,60.13678431191239,45.59700956848606,,,
1771399200,208.2085,208.234,208.19,208.198,58.79946236948903,47.094255022620075,,,
1771399500,208.198,208.231,208.154,208.229,61.52019408998159,49.022677554167295,,,
1771399800,208.229,208.334,208.1985,208.327,68.58325682582844,51.368965729818406,,,
1771400100,208.327,208.337,208.24,208.2835,63.051026920551024,53.16830021262657,,,
1771400400,208.2835,208.351,208.2595,208.334,66.43591088417796,54.572055747618734,,,
1771400700,208.334,208.395,208.303,208.332,66.17734332121229,56.17535443263968,,,
1771401000,208.332,208.422,208.2895,208.372,68.79331737116429,58.085508145238066,,,
1771401300,208.372,208.456,208.356,208.402,70.62817587923774,60.30412869905053,,,
1771401600,208.402,208.498,208.4005,208.471,74.36198335082993,62.531304964203514,,,
1771401900,208.471,208.484,208.349,208.35,59.96584739077031,63.23016912817295,,,
1771402200,208.35,208.367,208.2925,208.3055,55.695397713199256,62.95994910793531,,,
1771402500,208.3055,208.4495,208.3035,208.4025,62.04109957044135,63.70141208621577,,,
1771402800,208.4025,208.4295,208.3545,208.374,59.35130624229771,63.9672218743638,,,
1771403100,208.374,208.4515,208.3575,208.3915,60.48419719177473,63.99203708006826,,,
1771403400,208.3915,208.44,208.391,208.4375,63.3737980967977,64.31877534630459,,,
1771403700,208.4375,208.495,208.41,208.4765,65.66614867142744,64.61491495926502,,,
1771404000,208.4765,208.5205,208.439,208.514,67.7558825766335,64.55581679860823,,,
1771404300,208.514,208.567,208.4215,208.5375,69.02808945961198,64.98274983711259,,,
1771404600,208.5375,208.564,208.4955,208.5085,65.58892774937524,64.92225104176954,,,
1771404900,208.5085,208.573,208.4955,208.535,67.19723759781692,64.99510063295558,,,
1771405200,208.535,208.5975,208.531,208.571,69.29665375984042,65.03105323214673,,,
1771405500,208.571,208.627,208.571,208.5785,69.73128954740494,64.96698992273011,,,
1771405800,208.5785,208.642,208.5775,208.624,72.29372389577463,64.81925710451186,,,
1771406100,208.624,208.632,208.581,208.6315,72.70392198137276,65.72911957526918,,,
1771406400,208.6315,208.6675,208.6185,208.629,72.31956506047337,66.91656010007448,,,
1771406700,208.629,208.635,208.5775,208.58,65.05968302440601,67.1321732039291,,,
1771407000,208.58,208.625,208.554,208.583,65.28942766611763,67.55632473420194,,,
1771407300,208.583,208.601,208.568,208.598,66.47635589752905,67.98433607032725,,,
1771407600,208.598,208.684,208.5965,208.628,68.77602600821575,68.37020949257139,,,
1771407900,208.628,208.663,208.615,208.627,68.60708048561779,68.58027605072785,,,
1771408200,208.627,208.697,208.611,208.6885,72.99982536285148,68.95484339260057,,,
1771408500,208.6885,208.73,208.676,208.68,71.5104563387652,69.13215531254008,,,
1771408800,208.68,208.7215,208.673,208.692,72.36758562189074,69.6163451605769,,,
1771409100,208.692,208.764,208.692,208.7085,73.54610790666572,70.06983589692324,,,
1771409400,208.7085,208.7385,208.699,208.699,71.65129066316801,70.23802424716094,,,
1771409700,208.699,208.7395,208.6965,208.737,74.48319514416966,70.57744607550126,,,
1771410000,208.737,208.811,208.7345,208.7985,78.26709247574344,71.00411525978474,,,
1771410300,208.7985,208.82,208.7575,208.81,78.89726463543987,71.44649687793239,,,
1771410600,208.81,208.836,208.734,208.7565,68.889541141078,71.20149516940414,,,
1771410900,208.7565,208.8015,208.731,208.7475,67.34203285112972,71.36452015702727,,,
1771411200,208.7475,208.761,208.697,208.728,63.98809024805212,71.2715674843083,,,
1771411500,208.728,208.8055,208.728,208.774,68.03275489073118,71.38273884096559,,,
1771411800,208.774,208.7795,208.7045,208.7045,57.521015885380265,70.57880954647734,,,
1771412100,208.7045,208.709,208.6475,208.6645,52.49383318597255,69.42786331078841,,,
1771412400,208.6645,208.6805,208.6585,208.6665,52.71635049454064,67.97904367733763,,,
1771412700,208.6665,208.6815,208.581,208.588,44.00408421612367,66.01430281143466,,,
1771413000,208.588,208.6005,208.549,208.5935,44.69374851354776,64.03760016083874,,,
1771413300,208.5935,208.6145,208.5725,208.587,44.00397165652715,61.92744757154312,,,
1771413600,208.587,208.627,208.571,208.627,49.199841066453665,60.32377260034924,,,
1771413900,208.627,208.64,208.554,208.5655,42.64752755899047,58.04979634426501,,,
1771414200,208.5655,208.5895,208.5375,208.5615,42.25337717466816,55.47738810847392,,,
1771414500,208.5615,208.5805,208.5475,208.571,43.58688771681348,52.95521832857203,,,
1771414800,208.571,208.588,208.5455,208.5555,41.887294650140824,51.026486436362234,,,
1771415100,208.5555,208.5775,208.55,208.5725,44.44592145936017,49.3910499083787,,,
1771415400,208.5725,208.5875,208.5485,208.5495,41.766578254427436,47.803799051691215,,,
1771415700,208.5495,208.639,208.5425,208.6375,53.3532209255641,46.75526091132214,,,
1771416000,208.6375,208.658,208.599,208.6325,52.71147592178531,46.411722342493924,,,
1771416300,208.6325,208.6905,208.6315,208.6525,55.0409794342035,46.59366136022471,,,
1771416600,208.6525,208.723,208.6525,208.718,61.695978127864834,47.235063334033576,,,
1771416900,208.718,208.7995,208.7175,208.7845,67.03169504627408,48.87989267904432,,,
1771417200,208.7845,208.796,208.737,208.745,61.54742970961134,50.083727050191726,,,
1771417500,208.745,208.783,208.6495,208.6525,51.020287720942974,50.58489248336428,,,
1771417800,208.6525,208.6535,208.5435,208.567,43.59743908641171,50.18472091336129,,,
1771418100,208.567,208.5915,208.495,208.5825,45.1552440255167,50.363843518113164,,,
1771418400,208.5825,208.636,208.538,208.583,45.207816189379436,50.57487487630682,,,
1771418700,208.583,208.608,208.565,208.608,47.89710406944476,50.88274747292335,,,
1771419000,208.608,208.619,208.523,208.5255,40.78333107180769,50.803892931613845,,,
1771419300,208.5255,208.6325,208.496,208.5995,48.21306721436789,51.07297477125725,,,
1771419600,208.5995,208.6525,208.5815,208.6405,51.81996123898559,51.79107355586855,,,
1771419900,208.6405,208.66,208.609,208.617,49.68397610416159,51.52898464005409,,,
1771420200,208.617,208.6805,208.611,208.6745,54.61357704562148,51.66484900604239,,,
1771420500,208.6745,208.6875,208.5775,208.6325,50.705804679353655,51.355193666410244,,,
1771420800,208.6325,208.635,208.5135,208.5775,46.05815627328313,50.23820639108298,,,
1771421100,208.5775,208.6055,208.55,208.5845,46.72742314104631,48.78790125499528,,,
1771421400,208.5845,208.646,208.58,208.583,46.59401523153062,47.71980022084666,,,
1771421700,208.583,208.729,208.5765,208.6765,55.18326109016998,48.01715546150574,,,
1771422000,208.6765,208.696,208.51,208.6115,49.25287312806505,48.421115035909544,,,
1771422300,208.6115,208.661,208.58,208.6235,50.314466680946765,48.78963093986882,,,
1771422600,208.6235,208.688,208.6055,208.6165,49.66183069670188,49.107774833249,,,
1771422900,208.6165,208.6565,208.5875,208.6295,50.934696523917474,49.324745722854196,,,
1771423200,208.6295,208.7205,208.613,208.6625,54.107083368218525,50.276442315454965,,,
1771423500,208.6625,208.67,208.5865,208.621,49.7506668379632,50.38627085999749,,,
1771423800,208.621,208.648,208.561,208.64,51.669285551184096,50.37550831086882,,,
1771424100,208.64,208.7645,208.614,208.7045,57.58932206059606,50.94017587918556,,,
1771424400,208.7045,208.7815,208.6615,208.7735,62.834023572213546,51.527350631084985,,,
1771424700,208.7735,208.8805,208.7645,208.8705,68.69496160242656,52.81229041130449,,,
1771425000,208.8705,208.933,208.8115,208.8115,62.26336051360609,53.96980499989898,,,
1771425300,208.8115,209.0245,208.805,209.0245,72.33392882940255,55.79884112049586,,,
1771425600,209.0245,209.1185,208.973,209.0675,73.85104431600655,57.74577176938699,,,
1771425900,209.0675,209.0855,208.9665,209.044,71.5420821461323,58.91425898767002,,,
1771426200,209.044,209.0685,208.9655,208.998,67.11847157299218,60.190373162307665,,,
1771426500,208.998,209.0365,208.9715,208.9935,66.68408452195234,61.35963157952235,,,
1771426800,208.9935,209.0985,208.9685,209.087,70.8984713437986,62.87653448288641,,,
1771427100,209.087,209.109,208.9245,208.964,60.12373231334588,63.532894182131294,,,
1771427400,208.964,208.9695,208.83,208.8875,54.56907248048765,63.56589340443623,,,
1771427700,208.8875,209.031,208.8775,209.03,61.6723921875283,64.41744521511946,,,
1771428000,209.03,209.065,208.9835,208.9985,59.4592488150612,64.97387116253925,,,
1771428300,208.9985,209.042,208.9925,209.0205,60.52471779170967,65.18354228619022,,,
1771428600,209.0205,209.0975,208.9965,209.06,62.433719480901296,65.15494913681077,,,
1771428900,209.06,209.1505,209.0565,209.1335,65.75254415662515,64.94477646211071,,,
1771429200,209.1335,209.2195,209.1175,209.1735,67.4385061127887,65.31442971919519,,,
1771429500,209.1735,209.195,209.09,209.1545,65.78195617247337,64.84643167227166,,,
1771429800,209.1545,209.1585,209.0225,209.0405,56.77121142708162,63.62644360877703,,,
1771430100,209.0405,209.083,208.9925,208.9935,53.516451909960416,62.33889859190761,,,
1771430400,208.9935,209.0905,208.958,209.09,58.746072520112804,61.740870088130514,,,
1771430700,209.09,209.1385,209.0625,209.122,60.339514616953885,61.287686523487764,,,
1771431000,209.122,209.1315,209.0705,209.119,60.105124956515446,60.516733210110395,,,
1771431300,209.119,209.1305,209.0735,209.0905,57.80775452951009,60.351306225550694,,,
1771431600,209.0905,209.1775,209.0905,209.15,61.146663864707094,60.82113418156638,,,
1771431900,209.15,209.1615,209.092,209.118,58.46688097759918,60.59216909514287,,,
1771432200,209.118,209.1785,209.115,209.1375,59.627999176765194,60.60422269240745,,,
1771432500,209.1375,209.1455,209.091,209.104,56.69558053838023,60.3307128885982,,,
1771432800,209.104,209.1995,209.096,209.154,59.86790396200903,60.14744035153446,,,
1771433100,209.154,209.155,209.1175,209.1355,58.16993319266344,59.60582528268005,,,
1771433400,209.1355,209.1635,209.073,209.0805,53.32750626295239,58.59789672197746,,,
1771433700,209.0805,209.0865,209.034,209.038,49.872591250354645,57.46151351325471,,,
1771434000,209.038,209.0645,209.0005,209.0645,51.962411431111725,57.11802779925686,,,
1771434300,209.0645,209.0925,209.0025,209.009,47.49634060143538,56.688019848647926,,,
1771434600,209.009,209.036,208.989,209.011,47.670883189028416,55.8969348964276,,,
1771434900,209.011,209.038,208.985,209.0115,47.71767732163169,54.99537508961888,,,
1771435200,209.0115,209.0525,208.9865,209.0005,46.72768991096485,54.0398440149367,,,
1771435500,209.0005,209.0175,208.98,209.006,47.31623785089913,53.290449966464486,,,
1771435800,209.006,209.03,208.9735,208.9765,44.47787229787856,52.09982199740531,,,
1771436100,208.9765,209.0065,208.9395,208.968,43.665090298132064,51.042551234586234,,,
1771436400,208.968,208.9775,208.902,208.9445,41.41194439502832,49.741404464462164,,,
1771436700,208.9445,208.988,208.901,208.9235,39.452789455169494,48.50977652994711,,,
1771437000,208.9235,208.962,208.8995,208.947,42.718593235776986,47.28482576378769,,,
1771437300,208.947,208.9995,208.9195,208.958,44.23483496827701,46.28946160490294,,,
1771437600,208.958,209.0335,208.958,209.0085,50.68823641209552,46.10094232984174,,,
1771437900,209.0085,209.0545,208.9955,209.0445,54.71176329956269,46.446597476213746,,,
1771438200,209.0445,209.081,209.0195,209.0365,53.66388545887373,46.5681313353396,,,
1771438500,209.0365,209.0375,208.997,209.011,50.353386142084645,46.77220601681454,,,
1771438800,209.011,209.072,208.9835,209.059,55.87178954314617,47.35798504210867,,,
1771439100,209.059,209.0855,209.0325,209.0745,57.51405820557501,48.0577265338189,,,
1771439400,209.0745,209.0985,209.0445,209.064,55.993824674078844,48.71959330261276,,,
1771439700,209.064,209.118,209.0545,209.069,56.582353797573326,49.38145872737521,,,
1771440000,209.069,209.0985,209.019,209.022,49.835439907477436,49.76414212806085,,,
1771440300,209.022,209.0955,209.017,209.0925,57.93749564228637,50.7835996526433,,,
1771440600,209.0925,209.096,209.0195,209.045,51.860059490982636,51.5298935880686,,,
1771440900,209.045,209.12,209.031,209.108,58.132911852701305,52.864188045035164,,,
1771441200,209.108,209.1245,208.584,208.842,36.50427919013438,52.420308470346406,,,
1771441500,208.842,209.0095,208.7405,208.9645,46.3954514581947,52.574638219626245,,,
1771441800,208.9645,209.0075,208.918,208.991,48.27268252800884,52.402098656477186,,,
1771442100,208.991,209.1015,208.951,209.049,52.216869488390046,52.22389195567914,,,
1771442400,209.049,209.092,209.0265,209.0265,50.604855043319205,52.005389783139535,,,
1771442700,209.0265,209.042,208.969,208.991,48.08266864336091,51.84319567608784,,,
1771443000,208.991,209.026,208.9315,209.025,50.6210790361588,51.46814492558875,,,
1771443300,209.025,209.0285,208.931,208.959,45.92683468117525,50.640486102417334,,,
1771443600,208.959,208.96,208.9075,208.9135,42.96856801862896,49.71011062702805,,,
1771443900,208.9135,208.9765,208.9105,208.922,43.698169210085936,48.789811727921816,,,
1771444200,208.922,208.9405,208.869,208.8775,40.75839420990706,48.1414513209525,,,
1771444500,208.8775,208.8805,208.8275,208.877,40.72524225039191,46.9120046501029,,,
1771444800,208.877,208.961,208.877,208.946,47.11767868741939,46.5732631641341,,,
1771445100,208.946,208.9625,208.9195,208.9575,48.12186527459899,45.85818840855536,,,
1771445400,208.9575,208.9605,208.9015,208.907,44.156553870921975,46.40477945718304,,,
1771445700,208.907,208.9825,208.8985,208.9765,50.23430645701956,46.67898338567053,,,
1771446000,208.9765,208.977,208.9315,208.945,47.700329743001035,46.63810104388426,,,
1771446300,208.945,208.958,208.92,208.9435,47.57725555358327,46.30670004854092,,,
1771446600,208.9435,208.9705,208.867,208.9585,48.99450803832828,46.19167526247014,,,
1771446900,208.9585,208.971,208.9125,208.9275,46.213806764516086,46.058185128266935,,,
1771447200,208.9275,208.954,208.912,208.946,48.10664458763646,45.8785826676582,,,
1771447500,208.946,208.99,208.9415,208.975,51.016702099836834,46.24214462613403,,,
1771447800,208.975,209.0045,208.9625,208.9775,51.270395634052704,46.83513231295001,,,
1771448100,208.9775,209.0135,208.9325,208.999,53.50083129717217,47.535322462027594,,,
1771448400,208.999,209,208.9725,208.9965,53.195928477438414,48.42371776685127,,,
1771448700,208.9965,209.0225,208.9915,209.0045,54.097442437379506,49.378874923064664,,,
1771449000,209.0045,209.0135,208.939,208.9565,48.10976996923009,49.44973858605114,,,
1771449300,208.9565,208.993,208.955,208.992,52.31362215523643,49.74914979181096,,,
1771449600,208.992,209.008,208.987,209.007,54.00905941139853,50.45290018755929,,,
1771449900,209.007,209.013,208.988,209.012,54.588641966394576,50.76392415251464,,,
1771450200,209.012,209.046,209.0055,209.0165,55.13661881173876,51.29508765742448,,,
1771450500,209.0165,209.0165,208.992,209.0055,53.43907305564266,51.71378890757158,,,
1771450800,209.0055,209.0155,208.999,209.0105,54.13037621220544,52.08063663427709,,,
1771451100,209.0105,209.0115,208.978,208.9785,49.10532838946019,52.28717389320167,,,
1771451400,208.9785,208.989,208.93,208.9525,45.416245325949866,52.09500251736692,,,
1771451700,208.9525,208.954,208.895,208.9365,43.262318606889934,51.54111798215643,,,
1771452000,208.9365,208.9575,208.858,208.871,35.78099970477233,50.434732558636405,,,
1771452300,208.871,208.933,208.8095,208.911,42.33876258420006,49.637441936281256,,,
1771452600,208.911,208.9845,208.8415,208.939,46.46022579145091,49.15632031585358,,,
1771452900,208.939,208.9695,208.9355,208.945,47.329019711086964,48.67286154968982,,,
1771453200,208.945,208.9635,208.888,208.8915,40.94838057335817,48.161333735698975,,,
1771453500,208.8915,208.8955,208.887,208.8945,41.42524977592261,47.38359285146227,,,
1771453800,208.8945,208.9035,208.878,208.879,39.64394020028098,46.35751290781102,,,
1771454100,208.879,208.901,208.872,208.8865,40.96671367060617,45.38451802954041,,,
1771454400,208.8865,208.9075,208.8815,208.902,43.712288627721684,44.56849444496777,,,
1771454700,208.902,208.9345,208.895,208.931,48.535081564096,44.21820933842872,,,
1771455000,208.931,208.938,208.9235,208.931,48.535081564096004,43.81854543499234,,,
1771455300,208.931,208.9335,208.8985,208.907,44.84699595640988,43.5143788326316,,,
1771455600,208.907,208.92,208.83,208.83,35.521010932418335,42.80757637595077,,,
1771455900,208.83,208.866,208.8125,208.8565,40.13497646556937,42.58419479442788,,,
1771456200,208.8565,208.914,208.852,208.8625,41.1615902990157,42.96852269401669,,,
1771456500,208.8625,208.882,208.844,208.847,39.28724063570449,42.75055684055271,,,
1771456800,208.847,208.883,208.8175,208.829,37.17043215126794,42.08700015196822,,,
1771457100,208.829,208.8975,208.8285,208.8735,45.05265870228237,41.924402937053614,,,
1771457400,208.8735,208.9195,208.86,208.861,43.40539459803726,42.099903938816404,,,
1771457700,208.861,208.909,208.86,208.8895,48.06769191071176,42.57436409130135,,,
1771458000,208.8895,208.904,208.8745,208.8755,46.06035589420735,43.03267949801038,,,
1771458300,208.8755,208.887,208.8335,208.8675,44.90631587414732,43.31407965540617,,,
1771458600,208.8675,208.869,208.844,208.862,44.0884616303327,43.340949155592675,,,
1771458900,208.862,208.878,208.751,208.751,31.585740997801935,42.13028197228595,,,
1771459200,208.751,208.7945,208.6485,208.6915,27.142427652467134,40.60223526431246,,,
1771459500,208.6915,208.734,208.6725,208.733,34.105209191298925,39.83496478109025,,,
1771459800,208.733,208.785,208.73,208.784,41.50370142295359,40.262299816128476,,,
1771460100,208.784,208.8575,208.7655,208.8415,48.5214925374422,40.8613366784051,,,
1771460400,208.8415,208.872,208.8025,208.8285,47.14440237272256,41.288680397955595,,,
1771460700,208.8285,208.847,208.7995,208.8335,47.75852484865579,41.89377212745211,,,
1771461000,208.8335,208.8665,208.7215,208.8225,46.47905900760466,42.55867404576187,,,
1771461300,208.8225,208.881,208.8015,208.8595,51.21352452797741,42.99873589045438,,,
1771461600,208.8595,208.8755,208.8275,208.8275,47.31517640708756,43.278006019672254,,,
1771461900,208.8275,208.8935,208.819,208.8625,51.65021758483798,43.53390071068127,,,
1771462200,208.8625,208.886,208.6845,208.694,36.20503085905823,42.82994892245633,,,
1771462500,208.694,208.7455,208.6445,208.7335,40.68300923493001,42.528284162512236,,,
1771462800,208.7335,208.8565,208.7325,208.7995,47.334966472028455,42.760177365490506,,,
1771463100,208.7995,208.8155,208.7395,208.761,44.21975088579923,43.6626066432046,,,
1771463400,208.761,208.8865,208.7555,208.8545,52.41096850802441,45.46750241860155,,,
1771463700,208.8545,208.8855,208.8465,208.8525,52.234272542379465,46.7624355151073,,,
1771464000,208.8525,208.9135,208.852,208.9085,56.642015397235966,47.84374365612747,,,
1771464300,208.9085,208.92,208.8575,208.872,53.19636409923805,48.177663053398604,,,
1771464600,208.872,208.9785,208.871,208.9775,60.64788586642035,49.14219758866274,,,
1771464900,208.9775,209.0775,208.973,209.0475,64.66738074360069,50.34997300973023,,,
1771465200,209.0475,209.0645,209.018,209.0265,62.601551388217395,51.50157960834542,,,
1771465500,209.0265,209.119,209.0255,209.118,67.47672345249643,52.663236674382496,,,
1771465800,209.118,209.1575,209.111,209.153,69.13419326598743,54.22173787858963,,,
1771466100,209.153,209.155,209.1115,209.13,66.72760738992484,55.29869429323868,,,
1771466400,209.13,209.215,209.1285,209.1895,69.66909884421783,57.688984863607224,,,
1771466700,209.1895,209.197,209.0935,209.117,62.4270403419734,59.24212994268176,,,
1771467000,209.117,209.195,209.112,209.129,63.11056125418174,60.36895814140699,,,
1771467300,209.129,209.133,208.976,208.991,51.506261203881685,60.88942316412716,,,
1771467600,208.991,208.993,208.86,208.939,47.92996899968757,60.56935177067454,,,
1771467900,208.939,209.0675,208.934,209.0465,54.901454235991075,60.759864748789646,,,
1771468200,209.0465,209.063,209.008,209.048,54.99200552052699,60.64200690045329,,,
1771468500,209.048,209.0825,209.027,209.038,54.21054103912561,60.714448110445254,,,
1771468800,209.038,209.052,209.02,209.05,55.036270800832106,60.31361846290323,,,
1771469100,209.05,209.1015,209.039,209.088,57.641240596737646,59.81175130955587,,,
1771469400,209.088,209.161,209.079,209.137,60.79533899786965,59.68273613881674,,,
1771469700,209.137,209.174,209.088,209.173,62.97656098650461,59.361295962674475,,,
1771470000,209.173,209.206,209.121,209.1455,60.220302321823496,58.724589466662756,,,
1771470300,209.1455,209.173,209.116,209.14,59.65793006116595,58.21961251460855,,,
1771470600,209.14,209.175,209.1345,209.1445,59.98717167190467,57.52804628801476,,,
1771470900,209.1445,209.219,209.1435,209.175,62.23673432186182,57.514453000863924,,,
1771471200,209.175,209.2655,209.1665,209.2645,67.93383332793505,57.858972434703425,,,
1771471500,209.2645,209.278,209.227,209.2415,65.21115942432341,58.837893736163544,,,
1771471800,209.2415,209.453,209.2405,209.2795,67.52681934977834,60.23766876117003,,,
1771472100,209.2795,209.336,209.248,209.2645,65.66865013852365,61.006754182779495,,,
1771472400,209.2645,209.344,209.254,209.3405,70.15046176984039,62.089501057730445,,,
1771472700,209.3405,209.3785,209.3185,209.358,71.08645603204513,63.2949235572247,,,
1771473000,209.358,209.414,209.333,209.388,72.66866659246445,64.55438039948415,,,
1771473300,209.388,209.389,209.3005,209.302,62.16645147053329,64.87760974761241,,,
1771473600,209.302,209.381,209.278,209.372,66.42041111379038,65.27940061303532,,,
1771473900,209.372,209.397,209.342,209.358,64.84990259813102,65.4132107281515,,,
1771474200,209.358,209.385,209.3415,209.3415,62.960402900930994,65.60893219808774,,,
1771474500,209.3415,209.356,209.319,209.3545,63.85400016869125,65.9086514914824,,,
1771474800,209.3545,209.4505,209.347,209.3585,64.14066808829328,66.20532980693875,,,
1771475100,209.3585,209.368,209.2445,209.2445,51.58425584694126,65.44443848730155,,,
1771475400,209.2445,209.2665,209.1915,209.2585,52.80612744399315,64.36388806702,,,
1771475700,209.2585,209.3255,209.2365,209.301,56.40312311463018,63.73474261632763,,,
1771476000,209.301,209.3035,209.265,209.266,52.83192046506023,62.685106981704905,,,
1771476300,209.266,209.2695,209.2265,209.2515,51.380496528293435,61.66452458097418,,,
1771476600,209.2515,209.2695,209.207,209.2595,52.161374628794135,60.37958978518515,,,
1771476900,209.2595,209.2595,209.1505,209.161,43.0032781549116,58.37364850824705,,,
1771477200,209.161,209.21,209.155,209.1985,46.830622048971264,56.52807389799754,,,
1771477500,209.1985,209.26,209.149,209.2155,48.51834984911915,55.55320949646796,,,
1771477800,209.2155,209.224,209.177,209.199,46.96026511989994,54.163199068332915,,,
1771478100,209.199,209.228,209.1565,209.2125,48.41976111031515,52.989617533488925,,,
1771478400,209.2125,209.235,209.178,209.223,49.58182209928722,52.0340046190858,,,
1771478700,209.223,209.269,209.211,209.2565,53.20419136495528,51.27330399024752,,,
1771479000,209.2565,209.277,209.212,209.237,50.91124559034007,50.328345240393716,,,
1771479300,209.237,209.269,209.1805,209.2225,49.21282854844377,50.15895757621532,,,
1771479600,209.2225,209.3155,209.2225,209.3005,57.43830106314258,50.48982712044028,,,
1771479900,209.3005,209.3765,209.2995,209.3525,61.87179952824987,50.88044686427026,,,
1771480200,209.3525,209.393,209.3445,209.3785,63.89681264162822,51.670796305453685,,,
1771480500,209.3785,209.468,209.3785,209.4655,69.69650367966955,52.97908253055198,,,
1771480800,209.4655,209.482,209.424,209.4645,69.55818749497259,54.2217120209933,,,
1771481100,209.4645,209.4825,209.3955,209.409,62.182418833768104,55.591650640911624,,,
1771481400,209.409,209.428,209.3555,209.3625,56.752553146551584,56.3003600050245,,,
1771481700,209.3625,209.367,209.2815,209.3255,52.8015988726172,56.60630636384578,,,
1771482000,209.3255,209.3405,209.2705,209.294,49.63359403118464,56.79725842893755,,,
1771482300,209.294,209.3195,209.2655,209.318,51.99676239491517,57.0527585206947,,,
1771482600,209.318,209.3905,209.318,209.3255,52.74296181346053,57.27855421456423,,,
1771482900,209.3255,209.4095,209.3225,209.3455,54.7624301982027,57.38985698836762,,,
1771483200,209.3455,209.367,209.244,209.306,50.199712753537554,57.33903321431029,,,
1771483500,209.306,209.319,209.2535,209.2895,48.38614648192568,57.27998449527329,,,
1771483800,209.2895,209.2985,209.2385,209.2925,48.74868918587826,56.659297932611544,,,
1771484100,209.2925,209.345,209.2905,209.344,54.639095441330056,56.14267621211728,,,
1771484400,209.344,209.382,209.3225,209.3635,56.6697834147311,55.62645983876748,,,
1771484700,209.3635,209.423,209.34,209.346,54.3195770878716,54.52810793935334,,,
1771485000,209.346,209.4505,209.345,209.443,63.384059337117314,54.087098785220824,,,
1771485300,209.443,209.464,209.403,209.414,59.57771827296606,53.90104874516354,,,
1771485600,209.414,209.4525,209.373,209.4155,59.71248295706001,54.112472303057004,,,
1771485900,209.4155,209.444,209.4095,209.4295,61.018751526775524,54.699411778354026,,,
1771486200,209.4295,209.5235,209.427,209.5225,68.35819076325834,56.036882973502145,,,
1771486500,209.5225,209.5395,209.42,209.42,55.87207080157384,56.31369071683491,,,
1771486800,209.42,209.4415,209.3295,209.418,55.65844249089048,56.52193933665133,,,
1771487100,209.418,209.4585,209.386,209.4415,57.70478274869395,56.732107375972134,,,
1771487400,209.4415,209.482,209.4105,209.431,56.45121921274346,57.1786435516297,,,
1771487700,209.431,209.432,209.3375,209.376,50.28864012200113,57.31453595449223,,,
1771488000,209.376,209.419,209.281,209.3105,44.11253736540927,56.983382253030165,,,
1771488300,209.3105,209.3945,209.2655,209.384,51.33509800515588,56.74738243616058,,,
1771488600,209.384,209.4695,209.347,209.364,49.46193635172239,56.23253621737424,,,
1771488900,209.364,209.374,209.32,209.357,48.790890287501895,55.83763001734784,,,
1771489200,209.357,209.3845,209.299,209.3565,48.74002475301657,54.79162754705492,,,
1771489500,209.3565,209.4005,209.3225,209.36,49.13973584896214,54.04605737391178,,,
1771489800,209.36,209.38,209.2115,209.2465,38.62213680076624,52.53960407703365,,,
1771490100,209.2465,209.2495,209.184,209.193,34.83711347655682,50.669487073446604,,,
1771490400,209.193,209.2,209.0975,209.149,32.0547831860228,48.076386532215494,,,
1771490700,209.149,209.162,209.0885,209.0975,29.12293856272379,46.16573422944049,,,
1771491000,209.0975,209.0975,208.974,209.0555,26.95746031238488,44.115664073832946,,,
1771491300,209.0555,209.1345,209.051,209.091,31.587830778778965,42.2501675045533,,,
1771491600,209.091,209.237,209.091,209.1415,37.643591110941195,40.90676549728171,,,
1771491900,209.1415,209.2795,209.1235,209.267,49.58670185623987,40.856627049727344,,,
1771492200,209.267,209.3155,209.2305,209.3105,52.9504397402828,41.48790579078974,,,
1771492500,209.3105,209.323,209.2115,209.2375,47.25247352765611,41.19628975668262,,,
1771492800,209.2375,209.2735,209.219,209.2685,49.726546665453704,41.215190493377705,,,
1771493100,209.2685,209.2725,209.213,209.214,45.670819501641,40.992328294387654,,,
1771493400,209.214,209.22,209.152,209.177,43.10069249803461,40.58951884760322,,,
1771493700,209.177,209.181,209.0655,209.1045,38.52572920665668,39.83137551600997,,,
1771494000,209.1045,209.1095,209.0085,209.042,35.06981078268835,39.57763794329013,,,
1771494300,209.042,209.043,208.885,208.913,29.239665343459947,39.17782021949749,,,
1771494600,208.913,209.06,208.913,209.052,40.68260946015651,39.79409352479276,,,
1771494900,209.052,209.0935,209.0285,209.0635,41.52513839533299,40.679964941407704,,,
1771495200,209.0635,209.0955,208.918,208.9845,37.576617787204604,41.438476189609105,,,
1771495500,208.9845,209.0355,208.9585,209.0345,41.37610992530576,42.137638985789586,,,
1771495800,209.0345,209.0365,208.928,208.967,38.01237537864513,42.16398071919701,,,
1771496100,208.967,208.9845,208.8905,208.8955,34.78634936381974,41.10681268402414,,,
1771496400,208.8955,208.897,208.81,208.861,33.317060230942886,39.70442843335701,,,
1771496700,208.861,208.9075,208.839,208.8415,32.48195580959016,38.64939145349515,,,
1771497000,208.8415,208.8435,208.6915,208.705,27.31976761485113,37.04890723559497,,,
1771497300,208.705,208.7775,208.662,208.758,31.848679184809512,36.06161149867843,,,
1771497600,208.758,208.785,208.7435,208.7675,32.658691282043335,35.31575426896477,,,
1771497900,208.7675,208.7675,208.7165,208.7225,30.791772159047525,34.76332876556411,,,
1771498200,208.7225,208.7315,208.624,208.639,27.634989542129176,34.23227010552417,,,
1771498500,208.639,208.6955,208.617,208.6775,31.140358117384622,34.36803387509022,,,
1771498800,208.6775,208.6865,208.5915,208.627,29.146016301790397,33.54399150663549,,,
1771499100,208.627,208.706,208.625,208.646,30.938112596279453,32.78777537813168,,,
1771499400,208.646,208.6755,208.6295,208.6335,30.393461565769684,32.27469279088632,,,
1771499700,208.6335,208.6415,208.5285,208.5565,27.215122650358566,31.26319369981866,,,
1771500000,208.5565,208.593,208.484,208.5075,25.39516564589846,30.361964433193897,,,
1771500300,208.5075,208.5115,208.3515,208.3515,20.6585879344281,29.35283861680878,,,
1771500600,208.3515,208.3855,208.341,208.3515,20.6585879344281,28.44866202420058,,,
1771500900,208.3515,208.3825,208.289,208.3495,20.60145503352264,27.60005482591004,,,
1771501200,208.3495,208.46,208.322,208.395,25.639847553244522,27.480060535795282,,,
1771501500,208.395,208.4155,208.297,208.3005,22.453015181970258,26.808941678449624,,,
1771501800,208.3005,208.3015,208.2085,208.2575,21.163986481175343,25.98789133553048,,,
1771502100,208.2575,208.2715,208.2135,208.228,20.302828735646997,25.238681091001872,,,
1771502400,208.228,208.228,208.0895,208.133,17.792105435877318,24.53561794055531,,,
1771502700,208.133,208.201,208.11,208.128,17.668263636051478,23.573325477602943,,,
1771503000,208.128,208.1905,208.1115,208.155,20.871232777239555,22.9822695115636,,,
1771503300,208.155,208.192,208.115,208.1415,20.44299527648947,22.23261827443574,,,
1771503600,208.1415,208.1705,208.0895,208.17,23.988762116481197,21.775139742343708,,,
1771503900,208.17,208.25,208.16,208.2095,28.729832972381303,21.883333336773905,,,
1771504200,208.2095,208.404,208.2045,208.396,45.89063261968065,23.34729526347263,,,
1771504500,208.396,208.406,208.338,208.364,43.93582356751063,25.009954951549958,,,
1771504800,208.364,208.3775,208.3255,208.371,44.492832434170914,26.71240098724587,,,
1771505100,208.371,208.386,208.345,208.3525,43.269301599157004,28.331532884791184,,,
1771505400,208.3525,208.373,208.3275,208.333,41.95950813295999,29.49722292619943,,,
1771505700,208.333,208.437,208.3175,208.417,49.106374793975284,31.40103432705693,,,
1771506000,208.417,208.4235,208.3,208.3325,43.326712786477195,32.98408620600706,,,
1771506300,208.3325,208.3515,208.2845,208.3315,43.261819864974086,34.62401414381615,,,
1771506600,208.3315,208.5225,208.324,208.5155,56.24709109027612,37.37079883341606,,,
1771506900,208.5155,208.5175,208.4335,208.4605,52.38756992560939,39.8507492826702,,,
1771507200,208.4605,208.499,208.4345,208.4345,50.61931465037015,41.97561227360809,,,
1771507500,208.4345,208.4955,208.4025,208.478,53.45027889697424,44.333275389357006,,,
1771507800,208.478,208.6285,208.428,208.619,61.21246410501414,46.99211124568079,,,
1771508100,208.619,208.6535,208.574,208.6005,59.80340208992186,49.21165189693369,,,
1771508400,208.6005,208.625,208.544,208.5605,56.76102248103917,49.988108315602155,,,
1771508700,208.5605,208.5875,208.4535,208.4595,49.86317614886262,50.41149064284158,,,
1771509000,208.4595,208.55,208.4345,208.4635,50.12169859768991,50.81355251166436,,,
1771509300,208.4635,208.628,208.4475,208.625,59.256463667662004,51.95549265941472,,,
1771509600,208.625,208.63,208.4745,208.4775,50.211742245570356,52.54493795317261,,,
1771509900,208.4775,208.6005,208.4725,208.508,51.84841755899399,52.74079815067393,,,
1771510200,208.508,208.6085,208.4785,208.5535,54.26383178492308,53.522020936277215,,,
1771510500,208.5535,208.578,208.5035,208.5475,53.8800068061401,54.28046286064622,,,
1771510800,208.5475,208.618,208.5405,208.5955,56.529093342431004,54.30060587865728,,,
1771511100,208.5955,208.727,208.565,208.725,62.74622927160188,55.040510117656744,,,
1771511400,208.725,208.7285,208.6035,208.6795,59.525029951691,55.676632639179665,,,
1771511700,208.6795,208.7115,208.51,208.6445,57.09683617495682,55.93710101617842,,,
1771512000,208.6445,208.688,208.5565,208.612,54.858983583475975,55.48328097892569,,,
1771512300,208.612,208.632,208.5365,208.573,52.21429361236622,54.94120180195743,,,
1771512600,208.573,208.7205,208.572,208.5915,53.36284612219505,54.69847491918285,,,
1771512900,208.5915,208.7075,208.588,208.6945,59.23728189761294,55.36805390123645,,,
1771513200,208.6945,208.863,208.623,208.7965,64.06458350661214,56.36397425187375,,,
1771513500,208.7965,208.873,208.7495,208.8475,66.21871472924887,56.86127789912996,,,
1771513800,208.8475,208.8875,208.798,208.8405,65.63713184688378,57.96309144208091,,,
1771514100,208.8405,208.8925,208.83,208.8465,65.91347675612563,58.96773852759032,,,
1771514400,208.8465,208.893,208.7945,208.804,62.103680384426404,59.52772771326913,,,
1771514700,208.804,208.8185,208.7115,208.7485,57.43501230552068,59.78165667751059,,,
1771515000,208.7485,208.8605,208.74,208.8245,61.68290492347951,60.14978607615692,,,
1771515300,208.8245,208.826,208.712,208.7225,53.907211208354084,59.51842764306779,,,
1771515600,208.7225,208.8305,208.7105,208.7135,53.26912855225032,59.07157754310773,,,
1771515900,208.7135,208.831,208.6905,208.81,58.8882170746917,59.199533321660226,,,
1771516200,208.81,208.811,208.566,208.5695,44.52033216020589,58.46105821999807,,,
1771516500,208.5695,208.6235,208.543,208.543,43.267643476694246,57.82201178173579,,,
1771516800,208.543,208.5575,208.4315,208.439,38.66909361833237,56.772458031459884,,,
1771517100,208.439,208.453,208.281,208.3915,36.74805133039905,55.16608441951603,,,
1771517400,208.3915,208.4755,208.348,208.411,38.10741984114548,53.31200130055412,,,
1771517700,208.411,208.4575,208.3625,208.3865,37.03060686254634,51.22713645293252,,,
1771518000,208.3865,208.438,208.3715,208.423,39.761570037768934,49.378882037995744,,,
1771518300,208.423,208.4335,208.3305,208.3475,36.25860209302491,47.26067670491712,,,
1771518600,208.3475,208.4605,208.3475,208.4565,43.937662277463836,45.96310398299122,,,
1771518900,208.4565,208.4575,208.392,208.412,41.72748604352882,44.841137821420375,,,
1771519200,208.412,208.415,208.3505,208.354,38.97557047749576,43.21918536099297,,,
1771519500,208.354,208.398,208.308,208.3765,40.611829443324346,42.26951523491941,,,
1771519800,208.3765,208.3775,208.295,208.3265,38.162976422546805,41.19050436851201,,,
1771520100,208.3265,208.358,208.2935,208.3495,39.95654647891946,39.838242183099716,,,
1771520400,208.3495,208.3515,208.2765,208.2885,36.899663228734646,39.29390868799462,,,
1771520700,208.2885,208.426,208.2775,208.3945,44.802309271264114,39.40352767332104,,,
1771521000,208.3945,208.3945,208.3065,208.333,41.550875125080374,39.60936920951733,,,
1771521300,208.333,208.371,208.316,208.37,44.17575083984697,40.139919174477896,,,
1771521600,208.37,208.441,208.369,208.413,47.14643468956315,40.78556309222201,,,
1771521900,208.413,208.413,208.3505,208.392,45.86283396253611,41.41643645650699,,,
1771522200,208.392,208.4405,208.345,208.3935,45.975976176890335,41.86032260930138,,,
1771522500,208.3935,208.5035,208.3915,208.4855,52.528960779512424,43.02249108690763,,,
1771522800,208.4855,208.507,208.465,208.492,52.963072367250106,43.66716323617808,,,
1771523100,208.492,208.517,208.458,208.515,54.54699654465341,44.58284255768698,,,
1771523400,208.515,208.5275,208.4675,208.514,54.461127048757696,45.68895374134854,,,
1771523700,208.514,208.561,208.495,208.5395,56.348226663857645,46.81298211424378,,,
1771524000,208.5395,208.5535,208.4765,208.513,53.850787138623176,47.93354002253495,,,
1771524300,208.513,208.5585,208.5115,208.5285,55.104191024828,49.015514632956986,,,
1771524600,208.5285,208.5585,208.522,208.5565,57.35730124658323,50.47677449137474,,,
1771524900,208.5565,208.564,208.512,208.5275,54.31686446416346,51.15638557658184,,,
1771525200,208.5275,208.5535,208.486,208.532,54.717982542527885,52.09689324925666,,,
1771525500,208.532,208.5755,208.5265,208.565,57.65435532409358,53.05965071241713,,,
1771525800,208.565,208.583,208.532,208.5365,54.374915825664466,53.57597079356723,,,
1771526100,208.5365,208.544,208.469,208.503,50.72271519968454,53.92310516764925,,,
1771526400,208.503,208.534,208.483,208.504,50.82888621021934,54.26974159860133,,,
1771526700,208.504,208.5345,208.4835,208.5315,53.77821551778178,54.358974079906275,,,
1771527000,208.5315,208.5315,208.4635,208.4905,49.05406159858395,54.07975902500154,,,
1771527300,208.4905,208.496,208.452,208.462,46.02729592782396,53.4712089809423,,,
1771527600,208.462,208.4945,208.452,208.46,45.813662769433925,52.8535329609906,,,
1771527900,208.46,208.52,208.46,208.511,51.93951120443423,52.53862471388893,,,
1771528200,208.511,208.5125,208.4735,208.509,51.692708314169934,52.38447622642798,,,
1771528500,208.509,208.5825,208.508,208.5825,59.33932016480436,52.68698545071201,,,
1771528800,208.5825,208.5855,208.531,208.533,53.228454262702854,52.392067809006264,,,
1771529100,208.533,208.5495,208.517,208.5325,53.16889253451534,52.3100698140314,,,
1771529400,208.5325,208.569,208.5275,208.567,56.763930003557356,52.456208918390644,,,
1771529700,208.567,208.603,208.5395,208.589,58.929097545180426,52.547261934182565,,,
1771530000,208.589,208.644,208.585,208.592,59.228931386252476,52.89397733136742,,,
1771530300,208.592,208.618,208.588,208.613,61.35567367504482,53.65347436532171,,,
1771530600,208.613,208.6245,208.589,208.611,61.02916435687409,54.38206566151134,,,
1771530900,208.611,208.6305,208.591,208.6125,61.19595198441482,54.911903980556566,,,
1771531200,208.6125,208.6405,208.612,208.6285,63.01427747448049,55.90906225740632,,,
1771531500,208.6285,208.64,208.615,208.621,61.558127986142,57.01840740442903,,,
1771531800,208.621,208.6335,208.5925,208.598,57.193334742005504,57.83124111675557,,,
1771532100,208.598,208.644,208.5825,208.644,62.86461242462011,58.611605489625994,,,
1771532400,208.644,208.664,208.623,208.63,60.24841779869366,59.2227275956634,,,
1771532700,208.63,208.6595,208.6185,208.649,62.52763225571563,59.45046417358564,,,
1771533000,208.649,208.7135,208.6375,208.6985,67.72036188110258,60.48560043204276,,,
1771533300,208.6985,208.7325,208.6885,208.7325,70.72153645710297,61.73936071222759,,,
1771533600,208.7325,208.7385,208.695,208.714,67.06766485853888,62.4753417732977,,,
1771533900,208.714,208.732,208.7005,208.725,68.12228113706293,63.13199774414644,,,
1771534200,208.725,208.7395,208.689,208.7125,65.55325674319666,63.58373526964245,,,
1771534500,208.7125,208.731,208.6755,208.729,67.30595178898619,64.00875513492399,,,
1771534800,208.729,208.7545,208.7215,208.741,68.55891328327506,64.54659434395263,,,
1771535100,208.741,208.744,208.7075,208.719,63.736304600835346,64.72804810226839,,,
1771535400,208.719,208.739,208.712,208.7175,63.408797382294345,64.75622809568365,,,
1771535700,208.7175,208.7675,208.712,208.7645,68.81583508347896,65.27463574549344,,,
1771536000,208.7645,208.7985,208.709,208.7975,71.94996430039062,66.32868071394952,,,
1771536300,208.7975,208.803,208.763,208.763,64.63608692942927,66.45521460715017,,,
1771536600,208.763,208.8445,208.763,208.8425,71.75994615801605,67.27746663281606,,,
1771536900,208.8425,208.8525,208.8165,208.822,67.95832284108681,67.66537310319971,,,
1771537200,208.822,208.828,208.8065,208.81,65.76210824026221,67.52549784313969,,,
1771537500,208.81,208.8105,208.762,208.801,64.08923454008763,67.05176199192431,,,
1771537800,208.801,208.8115,208.7095,208.712,50.427965270824025,65.86321202137324,,,
1771538100,208.712,208.7355,208.6675,208.7275,52.33362124810366,64.73545060073329,,,
1771538400,208.7275,208.7695,208.656,208.656,43.94198817369323,63.191788560054476,,,
1771538700,208.656,208.7565,208.656,208.7555,54.803135975708464,62.29873028767749,,,
1771539000,208.7555,208.7745,208.743,208.7585,55.08569266716428,61.33635738652673,,,
1771539300,208.7585,208.7645,208.5785,208.592,40.101443991422734,59.64815305728297,,,
1771539600,208.592,208.6085,208.573,208.5785,39.17105274691799,57.91688558332752,,,
1771539900,208.5785,208.5905,208.574,208.5895,40.384739603685716,55.886093049056576,,,
1771540200,208.5895,208.5905,208.5685,208.576,39.34712722356272,53.5573189721403,,,
1771540500,208.576,208.586,208.565,208.577,39.471186981705024,51.759826118731425,,,
1771540800,208.577,208.643,208.5585,208.641,46.94995358509846,49.98768379209445,,,
1771541100,208.641,208.6615,208.632,208.656,48.55435274770957,48.60168592828179,,,
1771541400,208.656,208.7225,208.652,208.721,54.91710785704331,47.82704304376615,,,
1771541700,208.721,208.7435,208.6755,208.7415,56.734559604268135,47.30170911977905,,,
1771542000,208.7415,208.755,208.7035,208.7495,57.45536288279442,47.80366609206265,,,
1771542300,208.7495,208.7585,208.708,208.7135,53.16312920734295,47.862916660579735,,,
1771542600,208.7135,208.7515,208.704,208.7115,52.926570619678095,48.504672549578665,,,
1771542900,208.7115,208.717,208.6875,208.6875,50.04860194411871,48.16506297589368,,,
1771543200,208.6875,208.6945,208.6685,208.6705,48.0552873369546,47.662891166592985,,,
1771543500,208.6705,208.7025,208.668,208.6775,48.956766880355794,48.29541423008821,,,
1771543800,208.6775,208.8345,208.6775,208.8335,63.96550572468576,50.06644658564305,,,
1771544100,208.8335,208.9125,208.831,208.8995,68.22273086780774,52.05487453308034,,,
1771544400,208.8995,208.9505,208.865,208.937,70.36505108174835,54.27044052295073,,,
1771544700,208.937,208.942,208.889,208.9235,68.57276770725476,56.34912486049,,,
1771545000,208.9235,208.944,208.869,208.8705,61.90608490009165,57.41741995441809,,,
1771545300,208.8705,208.904,208.8495,208.894,63.59607068728988,58.49182837867382,,,
1771545600,208.894,208.904,208.787,208.7985,53.25614611189475,58.373188254020356,,,
1771545900,208.7985,208.8455,208.7985,208.816,54.70931255531967,58.228527750524044,,,
1771546200,208.816,208.9125,208.815,208.9095,61.581426148218476,58.5232465551972,,,
1771546500,208.9095,208.9165,208.857,208.86,56.67826428642239,58.7743276322743,,,
1771546800,208.86,208.874,208.7425,208.7455,47.29729412648431,58.37223645418902,,,
1771547100,208.7455,208.8365,208.7435,208.831,53.48801720542644,58.61790897285386,,,
1771547400,208.831,208.9,208.813,208.892,57.33831948968593,59.28098269804896,,,
1771547700,208.892,208.9195,208.8475,208.867,55.31723129577814,59.73530158486484,,,
1771548000,208.867,208.8685,208.803,208.814,51.19714254085814,58.823275643162866,,,
1771548300,208.814,208.844,208.791,208.802,50.28394333552062,57.54193367657093,,,
1771548600,208.802,208.803,208.561,208.7005,43.255897162032504,55.60556553944837,,,
1771548900,208.7005,208.7825,208.6375,208.7525,47.318335228216036,54.08739179094561,,,
1771549200,208.7525,208.821,208.722,208.746,46.86666159973902,53.01314726949185,,,
1771549500,208.746,208.76,208.601,208.64,40.138006485422835,51.33757125507277,,,
1771549800,208.64,208.7415,208.64,208.729,47.01622504546879,50.89186260747091,,,
1771550100,208.729,208.765,208.6475,208.705,45.49804441942862,50.2339148834787,,,
1771550400,208.705,208.8405,208.702,208.816,53.04922527154445,49.62447196371626,,,
1771550700,208.816,208.851,208.731,208.795,51.592849972242476,49.261228084131986,,,
1771551000,208.795,208.894,208.7895,208.857,55.47897271433899,49.84563369755017,,,
1771551300,208.857,208.871,208.8245,208.8385,54.083765721210426,49.88818716296331,,,
1771551600,208.8385,208.845,208.767,208.788,50.360655121158366,49.38978256521135,,,
1771551900,208.788,208.788,208.6855,208.7195,45.759141041669544,48.70706183277502,,,
1771552200,208.7195,208.7195,208.6175,208.6625,42.29594494136068,48.07126200423948,,,
1771552500,208.6625,208.6685,208.5935,208.6225,40.007649596822255,47.33724102290388,,,
1771552800,208.6225,208.64,208.4645,208.5515,36.257925309612695,46.83738589058818,,,
1771553100,208.5515,208.5855,208.529,208.541,35.72466398843771,46.009266516318306,,,
1771553400,208.541,208.5445,208.4505,208.4525,31.5171742783278,44.912874564788936,,,
1771553700,208.4525,208.455,208.389,208.4465,31.24846892669258,44.2779075963082,,,
1771554000,208.4465,208.542,208.4395,208.495,35.99847878597437,43.490925720630024,,,
1771554300,208.495,208.5465,208.4795,208.495,35.99847878597437,42.812385318240445,,,
1771554600,208.495,208.548,208.495,208.544,40.791607740971365,41.93684120891379,,,
1771554900,208.544,208.5745,208.5415,208.5495,41.32279727740963,41.20326601642574,,,
1771555200,208.5495,208.5495,208.483,208.492,37.53178412324474,39.92132397420472,,,
1771555500,208.492,208.545,208.4585,208.545,42.74572614891309,39.11146400475491,,,
1771555800,208.545,208.6385,208.545,208.631,50.03347660510638,39.088094110751186,,,
1771556100,208.631,208.6535,208.5875,208.6015,47.78649751598468,39.23290528748799,,,
1771556400,208.6015,208.678,208.597,208.629,50.03899779036455,39.785980490988266,,,
1771556700,208.629,208.629,208.5805,208.5835,46.467161419574865,40.24737419261345,,,
1771557000,208.5835,208.62,208.5695,208.5865,46.7371230946921,40.995888320119114,,,
1771557300,208.5865,208.623,208.5825,208.5855,46.6526687953292,41.77646009203994,,,
1771557600,208.5855,208.591,208.555,208.56,44.447063843182654,42.70002363238672,,,
1771557900,208.56,208.561,208.497,208.4995,39.65670802939396,43.30061213972253,,,
1771558200,208.4995,208.5395,208.4985,208.5315,43.14696676759419,43.81121842412394,,,
1771558500,208.5315,208.5905,208.5275,208.5735,47.443690960701964,44.62873357946164,,,
1771558800,208.5735,208.5735,208.517,208.5365,44.26955100948692,44.87715809864131,,,
1771559100,208.5365,208.54,208.5095,208.535,44.140619151249666,45.07843108962988,,,
1771559400,208.535,208.555,208.5155,208.5455,45.34067676932068,45.63620913577817,,,
1771559700,208.5455,208.5875,208.5455,208.551,45.99515734174791,45.86831136383779,,,
1771560000,208.551,208.5595,208.514,208.5345,44.28211991689715,45.45750017182285,,,
1771560300,208.5345,208.594,208.515,208.5885,50.74728234198986,45.668984802251785,,,
1771560600,208.5885,208.5885,208.54,208.5665,48.28891968782007,45.54397922349862,,,
1771560900,208.5665,208.5685,208.5355,208.5445,45.89461416797532,45.503082991241506,,,
1771561200,208.5445,208.5675,208.542,208.554,47.11404737316436,45.530006153989525,,,
1771561500,208.554,208.5825,208.5535,208.582,50.644817093404015,45.81515960385201,,,
1771561800,208.582,208.63,208.5735,208.576,49.876391206780944,46.20296870125189,,,
1771562100,208.576,208.5975,208.5655,208.568,48.81292131348726,46.85698393582998,,,
1771562400,208.568,208.5775,208.5395,208.5405,45.24185457589855,47.00661877928029,,,
1771562700,208.5405,208.57,208.521,208.5565,47.641897653189424,47.020776400172245,,,
1771563000,208.5565,208.611,208.5485,208.611,54.894027332114774,47.77966756607423,,,
1771563300,208.611,208.619,208.585,208.5915,52.11272476072357,48.349103681036645,,,
1771563600,208.5915,208.6225,208.557,208.598,52.96814337218141,48.893922724098125,,,
1771563900,208.598,208.6345,208.5955,208.6335,57.439739074044674,49.711392847833615,,,
1771564200,208.6335,208.6765,208.6285,208.6325,57.27454730567051,50.639423375603144,,,
1771564500,208.6325,208.6485,208.6205,208.6305,56.921956936703076,51.08047156093979,,,
1771564800,208.6305,208.6715,208.6255,208.646,59.02714727714673,51.84748781732027,,,
1771565100,208.646,208.675,208.644,208.665,61.51020914170131,52.962887458300706,,,
1771565400,208.665,208.6995,208.637,208.6995,65.58822230647799,54.282471382108824,,,
1771565700,208.6995,208.721,208.684,208.716,67.36889611400741,55.47704845500906,,,
1771566000,208.716,208.7185,208.656,208.6935,62.61103864731389,56.386666129332845,,,
1771566300,208.6935,208.7985,208.6855,208.7535,68.91551582536798,57.822565737324325,,,
1771566600,208.7535,208.807,208.7535,208.7665,70.09221829124104,59.597591716991644,,,
1771566900,208.7665,208.825,208.7195,208.7995,72.89697991462522,61.401526164237055,,,
1771567200,208.7995,208.87,208.7825,208.838,75.75382365639945,62.89151161597167,,,
1771567500,208.838,208.854,208.719,208.761,61.73754206582311,63.578998566335926,,,
1771567800,208.761,208.792,208.6715,208.709,54.415262805381126,63.6823642401359,,,
1771568100,208.709,208.745,208.686,208.74,57.6407011838985,63.696718676554035,,,
1771568400,208.74,208.778,208.732,208.734,56.80295118919308,63.66303323966279,,,
1771568700,208.734,208.741,208.6925,208.7085,53.26003989080866,63.40146773638461,,,
1771569000,208.7085,208.7305,208.638,208.6445,45.57659875842628,62.44071427076172,,,
1771569300,208.6445,208.684,208.629,208.683,50.22820577217531,61.634856887224146,,,
1771569600,208.683,208.7125,208.6735,208.6755,49.3434326670441,60.47451477012172,,,
1771569900,208.6755,208.708,208.671,208.6815,50.100707126308365,59.241072699571795,,,
1771570200,208.6815,208.7245,208.648,208.715,54.21607631231553,58.6414325327862,,,
1771570500,208.715,208.7195,208.6385,208.6605,47.37120591638113,57.10255325357285,,,
1771570800,208.6605,208.922,208.6345,208.7715,58.7844561706749,56.294855959246696,,,
1771571100,208.7715,208.8375,208.7325,208.775,59.08575001888487,55.30833953812238,,,
1771571400,208.775,208.783,208.675,208.7025,50.80138169025217,53.52602225482615,,,
1771571700,208.7025,208.7075,208.6465,208.6865,49.1631219453024,52.627849389074676,,,
1771572000,208.6865,208.718,208.677,208.7065,51.27819466748399,52.403773093510594,,,
1771572300,208.7065,208.719,208.677,208.701,50.654060335621146,51.90472731863365,,,
1771572600,208.701,208.701,208.563,208.6565,45.79709219424404,51.11859453328014,,,
1771572900,208.6565,208.6985,208.6285,208.669,47.32497631191854,50.69466142050227,,,
1771573200,208.669,208.78,208.669,208.753,56.2498372885295,51.45703560122393,,,
1771573500,208.753,208.785,208.7205,208.7675,57.585761419728655,51.98257529033488,,,
1771573800,208.7675,208.903,208.7655,208.8845,66.47999838409827,53.20661569869589,,,
1771574100,208.8845,209.0975,208.879,209.0795,75.64631935711789,55.03130228661087,,,
1771574400,209.0795,209.0945,208.953,208.99,66.63905394595821,55.91865783187105,,,
1771574700,208.99,209.0345,208.9015,208.9015,59.14023109514368,56.75930248749695,,,
1771575000,208.9015,208.9445,208.8775,208.9035,59.2518258629784,56.7926860369472,,,
1771575300,208.9035,208.9485,208.891,208.931,60.83571756085345,56.91768371851639,,,
1771575600,208.931,208.931,208.858,208.912,59.125705186911674,57.51227825399207,,,
1771575900,208.912,209.005,208.905,208.9995,64.1266462231294,58.58110141669406,,,
1771576200,208.9995,209.0285,208.9435,208.9525,59.8881040055833,59.19609494084401,,,
1771576500,208.9525,209.0915,208.9425,209.059,65.45926815060602,60.253609784771506,,,
1771576800,209.059,209.223,209.0435,209.213,71.60147390705396,62.09677990711507,,,
1771577100,209.213,209.2865,209.2005,209.2605,73.18535456882529,63.94394978260841,,,
1771577400,209.2605,209.2665,209.1665,209.221,69.7038147076859,64.90494816969101,,,
1771577700,209.221,209.274,209.2065,209.2555,71.00138567405855,65.86320704500028,,,
1771578000,209.2555,209.372,209.251,209.346,74.13129674119082,66.40972835622118,,,
1771578300,209.346,209.3755,209.306,209.3705,74.92047699914353,66.35788247350874,,,
1771578600,209.3705,209.3865,209.282,209.284,67.13339303325616,66.39319240831573,,,
1771578900,209.284,209.3245,209.249,209.316,68.4402453044847,67.05747913755438,,,
1771579200,209.316,209.339,209.2505,209.3035,67.3142837224108,67.63336898465668,,,
1771579500,209.3035,209.3085,209.2355,209.288,65.8672197991311,67.99276200167651,,,
1771579800,209.288,209.4565,209.288,209.449,72.48397471185915,68.94692411060133,,,
1771580100,209.449,209.499,209.435,209.465,73.04324252519723,69.58382384646333,,,
1771580400,209.465,209.4725,209.409,209.4705,73.24455638340493,70.53785615916487,,,
1771580700,209.4705,209.4795,209.346,209.346,61.963861764071886,70.28818427441243,,,
1771581000,209.346,209.3635,209.3005,209.3425,61.676279542675644,69.57924181981399,,,
1771581300,209.3425,209.398,209.27,209.2745,56.21721262573399,68.36723168102175,,,
1771581600,209.2745,209.308,209.2175,209.251,54.424389487247865,67.27584416527617,,,
1771581900,209.251,209.2845,209.2355,209.261,55.08086174428832,66.13866388457829,,,
1771582200,209.261,209.2735,209.1825,209.191,49.68577228665552,64.39255499496863,,,
1771582500,209.191,209.272,209.186,209.257,54.23713749224732,62.9151736016189,,,
1771582800,209.257,209.2675,209.225,209.251,53.76102409155646,61.96000439149749,,,
1771583100,209.251,209.278,209.2235,209.271,55.173597290185455,61.01238667619042,,,
1771583400,209.271,209.343,209.2625,209.3145,58.16700362035937,60.35900952604387,,,
1771583700,209.3145,209.359,209.304,209.3515,60.57837162608307,59.98123465654045,,,
1771584000,209.3515,209.374,209.3025,209.356,60.87376993093204,59.15193431504566,,,
1771584300,209.356,209.3745,209.331,209.3365,58.8170120118485,58.135774992663606,,,
1771584600,209.3365,209.3525,209.3055,209.317,56.752017196225744,56.95773647929367,,,
1771584900,209.317,209.317,209.08,209.1115,40.58197681845452,55.43045898317814,,,
1771585200,209.1115,209.1115,208.964,208.999,34.7454656878178,53.506829422116866,,,
1771585500,208.999,209.1575,208.991,209.1555,46.31288961149731,52.79937777824281,,,
1771585800,209.1555,209.1555,209.0425,209.0725,42.05502109481026,51.91585146449727,,,
1771586100,209.0725,209.187,209.0715,209.1505,46.98754790076418,51.337757618531256,,,
1771586400,209.1505,209.162,209.0605,209.1535,47.17380563062594,51.158331428814854,,,
1771586700,209.1535,209.178,209.109,209.131,45.87204695927833,50.560824962174216,,,
1771587000,209.131,209.131,209.058,209.1015,44.15175668150412,49.874448718599055,,,
1771587300,209.1015,209.1425,209.0765,209.118,45.38545381491344,49.17529561322248,,,
1771587600,209.118,209.158,209.104,209.13,46.3142912587031,48.3286733016756,,,
1771587900,209.13,209.147,209.095,209.1175,45.447225157128855,47.24787712532173,,,
1771588200,209.1175,209.1805,209.1135,209.1685,49.593592520372866,46.44215016742464,,,
1771588500,209.1685,209.185,209.0855,209.0895,44.01307766956354,45.38472628583287,,,
1771588800,209.0895,209.1875,209.0505,209.1705,50.20058277486022,44.91676668430676,,,
1771589100,209.1705,209.2735,209.1675,209.2525,55.555585343790966,45.98631015040222,,,
1771589400,209.2525,209.2775,209.1905,209.253,55.586946126614066,47.47498732460195,,,
1771589700,209.253,209.2785,209.2225,209.2665,56.479857712759525,48.20119933183496,,,
1771590000,209.2665,209.2665,209.213,209.2555,55.500728284516676,49.16160698824256,,,
1771590300,209.2555,209.282,209.236,209.237,53.811134192474036,49.649006009078974,,,
1771590600,209.237,209.255,209.1165,209.176,48.5616140847556,49.74813518437395,,,
1771590900,209.176,209.2495,209.174,209.1925,49.982974165300234,50.041772841946944,,,
1771591200,209.1925,209.2205,209.1725,209.188,49.58058922521085,50.42954659506886,,,
1771591500,209.188,209.2405,209.1725,209.229,53.27168859590048,50.99284907942507,,,
1771591800,209.229,209.3065,209.2215,209.2385,54.1099906862205,51.549684752819175,,,
1771592100,209.2385,209.2475,209.175,209.175,47.92148830286005,51.72641783465711,,,
1771592400,209.175,209.2175,209.149,209.2135,51.54025756271877,51.865465337681826,,,
1771592700,209.2135,209.2455,209.1495,209.2345,53.44068864478067,52.53886612162591,,,
1771593000,209.2345,209.2535,209.204,209.208,50.73670213436896,52.57716036159081,,,
1771593300,209.208,209.2625,209.195,209.241,53.86707597923834,52.456552549837056,,,
1771593600,209.241,209.2515,209.179,209.2055,50.17350648404451,52.069878289653516,,,
1771593900,209.2055,209.358,209.1905,209.3425,61.22362581634405,52.40871886848099,,,
1771594200,209.3425,209.366,209.237,209.269,54.269906289110125,52.32080301166623,,,
1771594500,209.269,209.3265,209.238,209.302,56.65054270556052,52.523617905458124,,,
1771594800,209.302,209.386,209.296,209.3575,60.38568269862129,53.36819423501996,,,
1771595100,209.3575,209.3875,209.3255,209.384,62.066363619955276,54.23129348178104,,,
1771595400,209.384,209.5575,209.3765,209.547,70.38827692800898,55.71755688912376,,,
1771595700,209.547,209.615,209.486,209.604,72.64802169036194,57.10158068158529,,,
1771596000,209.604,209.6395,209.569,209.587,70.9099736267577,58.301579463052235,,,
1771596300,209.587,209.5875,209.5115,209.576,69.74720515714999,59.86055923835867,,,
1771596600,209.576,209.6035,209.511,209.527,64.66075522623044,60.79773764289522,,,
1771596900,209.527,209.5295,209.4355,209.4665,58.94493650733886,61.19089820450652,,,
1771597200,209.4665,209.503,209.4405,209.4475,57.233843965069255,61.654979763842256,,,
1771597500,209.4475,209.5025,209.4265,209.4455,57.046122384762946,61.882054507094004,,,
1771597800,209.4455,209.5,209.4085,209.414,54.039769111378504,62.158216123332146,,,
1771598100,209.414,209.457,209.364,209.393,52.069652263112744,61.50436086952992,,,
1771598400,209.393,209.4945,209.3805,209.4695,58.06702449455045,61.77558359848994,,,
1771598700,209.4695,209.4695,209.3665,209.416,53.06615968280146,61.51955623972143,,,
1771599000,209.416,209.49,209.3955,209.456,56.10967329501265,61.21412699660653,,,
1771599300,209.456,209.4735,209.361,209.426,53.31711806952594,60.58918088586158,,,
1771599600,209.426,209.69,209.2525,209.3805,49.30879050191286,59.08350328399757,,,
1771599900,209.3805,209.5435,209.298,209.49,57.574990252203094,58.00685818127194,,,
1771600200,209.49,209.5285,209.1135,209.1445,37.04704652037718,55.58807767367333,,,
1771600500,209.1445,209.3425,209.028,209.207,41.13569915009391,53.544398673169326,,,
1771600800,209.207,209.3845,209.1175,209.3845,50.89076671470956,52.560828065203545,,,
1771601100,209.3845,209.42,209.2305,209.2535,44.96782094578015,51.562462667949355,,,
1771601400,209.2535,209.3325,209.188,209.2095,43.15122654509231,50.556561423665286,,,
1771601700,209.2095,209.261,209.1245,209.19,42.33497861825869,49.50576544034355,,,
1771602000,209.19,209.197,209.0955,209.1895,42.31287712691244,48.668130298595976,,,
1771602300,209.1895,209.245,209.1205,209.1605,40.97667658412846,47.87577489295425,,,
1771602600,209.1605,209.1805,209.1,209.1495,40.4548228903633,46.617760492655165,,,
1771602900,209.1495,209.16,209.041,209.0625,36.49597963995352,45.43417620388031,,,
1771603200,209.0625,209.1095,209.032,209.0695,37.029923618211704,44.07133694125167,,,
1771603500,209.0695,209.136,209.06,209.107,39.94315446949294,43.1160538269636,,,
1771603800,209.107,209.13,209.0425,209.055,37.36192461492903,42.26270626360762,,,
1771604100,209.055,209.071,208.9775,209.061,37.860903130537395,40.85455718348863,,,
1771604400,209.061,209.076,209.0095,209.0555,37.56549079151969,40.89158891714167,,,
1771604700,209.0555,209.076,208.9885,209.0305,36.1834844025237,40.53785929231522,,,
1771605000,209.0305,209.1545,209.0095,209.1465,46.09331582012278,40.19518422841617,,,
1771605300,209.1465,209.195,209.1385,209.186,48.997653604727084,40.48302941834095,,,
1771605600,209.186,209.197,209.1295,209.143,46.08669446764834,40.692705698523525,,,
1771605900,209.143,209.186,209.115,209.1415,45.984064151878286,40.95335466521065,,,
1771606200,209.1415,209.2275,209.0825,209.162,47.698271806584366,41.33802571375863,,,
1771606500,209.162,209.2265,209.0865,209.21,51.57349492422819,42.094941309480035,,,
1771606800,209.21,209.2785,209.1295,209.1505,46.93149165004475,42.55756050660015,,,
1771607100,209.1505,209.197,209.129,209.1885,50.02521267322708,43.52393429469111,,,
1771607400,209.1885,209.2155,209.087,209.0935,43.23876856412404,43.96742321939913,,,
1771607700,209.0935,209.1635,209.0675,209.1305,46.29463126763064,44.421100133551825,,,
1771608000,209.1305,209.1845,209.111,209.111,44.92198529224716,44.961104467645974,,,
1771608300,209.111,209.19,209.106,209.161,49.090193765943006,45.76319665588924,,,
1771608600,209.161,209.2245,209.15,209.2,52.13308137508657,46.80373884042972,,,
1771608900,209.2,209.207,209.1385,209.1675,49.47903141153725,47.75342076964498,,,
1771609200,209.1675,209.196,209.14,209.1515,48.17864743971315,47.90237302818714,,,
1771609500,209.1515,209.1875,209.124,209.162,49.12362303950858,47.911370844957254,,,
1771609800,209.162,209.164,209.1085,209.1275,46.14606005452725,47.915611244020035,,,
1771610100,209.1275,209.1405,209.059,209.082,42.48828686380485,47.6659128663005,,,
1771610400,209.082,209.1505,209.0795,209.135,47.689669088908914,47.66529838646653,,,
1771610700,209.135,209.153,209.061,209.0695,42.56605953598274,47.021910144449,,,
1771611000,209.0695,209.179,209.056,209.1765,51.6958944292327,47.36222462867671,,,
1771611300,209.1765,209.199,209.127,209.1475,49.4036937619576,47.31783042072889,,,
1771611600,209.1475,209.183,209.058,209.0755,44.16746904835964,47.38416616960286,,,
1771611900,209.0755,209.113,209.0375,209.0665,43.546166012914874,47.18784722283744,,,
1771612200,209.0665,209.1365,209.026,209.0695,43.829807856949444,47.109834548887605,,,
1771612500,209.0695,209.1085,208.9745,209.0105,39.614349288446874,46.43298851478074,,,
1771612800,209.0105,209.1135,209.001,209.086,46.681334073395966,46.04357799323141,,,
1771613100,209.086,209.1975,209.077,209.182,54.04570242062161,46.36976877959459,,,
1771613400,209.182,209.2265,209.132,209.22,56.60095284804649,46.97136202304696,,,
1771613700,209.22,209.2235,209.168,209.203,55.12422706187204,47.39997659607292,,,
1771614000,209.203,209.261,209.153,209.207,55.41895554466464,48.06232627393987,,,
1771614300,209.207,209.2185,209.155,209.169,51.92968877088744,48.73671212444577,,,
1771614600,209.169,209.178,209.1005,209.104,46.53273318438911,48.6540738455515,,,
1771614900,209.104,209.16,209.0925,209.137,49.40751195272935,49.142749018176254,,,
1771615200,209.137,209.181,209.127,209.1575,51.164140299183074,49.10476658031558,,,
1771615500,209.1575,209.1725,209.123,209.153,50.74760412071277,49.20076017736951,,,
1771615800,209.153,209.2055,209.143,209.19,54.05935762321781,49.90732364700224,,,
1771616100,209.19,209.231,209.1855,209.2135,56.07935219053725,50.80255123111812,,,
1771616400,209.2135,209.2305,209.198,209.2185,56.51743390800444,51.708810234764904,,,
1771616700,209.2185,209.27,209.217,209.2445,58.81773481051717,53.080480629198505,,,
1771617000,209.2445,209.2495,209.211,209.218,55.58982072572268,53.716801104364706,,,
1771617300,209.218,209.247,209.191,209.203,53.7903366700351,53.69856069360852,,,
1771617600,209.203,209.219,209.161,209.175,50.50387276134917,53.26305497313014,,,
1771617900,209.175,209.211,209.16,209.161,48.89527956996794,52.81813015227984,,,
1771618200,209.161,209.186,209.119,209.122,44.63069753374195,52.04754029435679,,,
1771618500,209.122,209.132,209.0685,209.0685,39.53643934686223,51.1623081926407,,,
1771618800,209.0685,209.0995,209.054,209.0975,43.313515174545095,50.93236404908042,,,
1771619100,209.0975,209.1005,209.0735,209.0745,41.11957335617983,50.340368435041164,,,
1771619400,209.0745,209.104,209.0735,209.0935,43.658446161403226,49.804247425199755,,,
1771619700,209.0935,209.108,209.062,209.084,42.66778579286794,49.2271175446394,,,
1771620000,209.084,209.103,209.071,209.081,42.3410471940206,48.39009537112531,,,
1771620300,209.081,209.106,209.0735,209.081,42.3410471940206,47.40878787137412,,,
1771620600,209.081,209.087,209.06,209.076,41.72345931835336,46.35207540068477,,,
1771620900,209.076,209.181,209.064,209.1735,55.38831593716988,46.10711690973138,,,
1771621200,209.1735,209.1735,209.1235,209.165,54.19523095276071,46.00750335451982,,,
1771621500,209.165,209.191,209.1425,209.1605,53.53773739226107,45.98946054896453,,,
1771621800,209.1605,209.1725,209.1505,209.1645,54.07113165262135,46.244264755483975,,,
1771622100,209.1645,209.1645,209.133,209.1395,50.19272404602064,46.336939360916304,,,
1771622400,209.1395,209.1395,209.0915,209.0915,43.71003673073245,46.27117787498705,,,
1771622700,209.0915,209.118,209.0765,209.0905,43.58374285889168,46.56027098298916,,,
1771623000,209.0905,209.126,209.078,209.1235,48.83729697949691,46.954826826200005,,,
1771623300,209.1235,209.1375,209.107,209.123,48.76320317172569,47.50080038445328,,,
1771623600,209.123,209.1355,209.111,209.1325,50.30587527271173,47.975616749546745,,,
1771623900,209.1325,209.152,209.107,209.1495,53.03115766207192,48.71585759734704,,,
1771624200,209.1495,209.153,209.0615,209.0615,40.61447149237879,48.59253076151548,,,
1771624500,209.0615,209.076,209.0015,209.024,36.67385279943597,48.1877311619023,,,
1771797600,209.024,209.0725,209.0005,209.0335,38.30689444617929,47.943690813889866,,,
1771797900,209.0335,209.052,208.901,208.921,28.826610010947334,46.046426104873966,,,
1771798200,208.921,208.96,208.9125,208.9245,29.411906715426966,44.27618865935013,,,
1771798500,208.9245,209.1515,208.9245,209.0475,46.16646775836896,43.749669399786406,,,
1771798800,209.0475,209.091,209.046,209.0885,50.393213523597986,43.486960961999024,,,
1771799100,209.0885,209.1365,209.0885,209.121,53.5092597953395,43.72385637266466,,,
1771799400,209.121,209.166,209.111,209.1555,56.62407288881618,44.64628752681349,,,
1771799700,209.1555,209.1605,209.1165,209.1465,55.57796549114659,45.5030177148317,,,
1771800000,209.1465,209.1465,209.105,209.105,50.90762764047742,45.65089847633031,,,
1771800300,209.105,209.1145,209.065,209.103,50.68657019816342,45.78828183536159,,,
1771800600,209.103,209.1265,209.089,209.0915,49.35934625117641,45.72067261953764,,,
1771800900,209.0915,209.102,209.0795,209.0865,48.76150585021361,45.41569749011918,,,
1771801200,209.0865,209.0865,208.905,208.9535,36.20109406984815,45.10045624565271,,,
1771801500,208.9535,209.0225,208.9295,208.9985,41.67534272322415,45.4577055259233,,,
1771801800,208.9985,209.066,208.9675,209.011,43.134959427687065,45.80256731031671,,,
1771802100,209.011,209.011,208.916,208.924,36.32180840636646,46.337938624275225,,,
1771802400,208.924,208.9535,208.8685,208.8865,33.840652531617025,46.65427761114595,,,
1771802700,208.8865,208.8975,208.8205,208.8905,34.35575855334879,45.810655525073074,,,
1771803000,208.8905,208.9575,208.8805,208.9225,38.48224624052673,44.95987214771084,,,
1771803300,208.9225,208.9225,208.8105,208.8935,36.257818545800504,43.72762634417234,,,
1771803600,208.8935,208.9175,208.8465,208.881,35.31036742379543,42.20521881095657,,,
1771803900,208.881,208.8905,208.8145,208.8295,31.641786991677407,40.49549177528019,,,
1771804200,208.8295,208.83,208.7645,208.8265,31.436890697949636,39.10472485081392,,,
1771804500,208.8265,208.904,208.8245,208.8675,37.402783022786124,38.155882909715544,,,
1771804800,208.8675,208.8775,208.724,208.724,28.16532623111074,36.642024336853716,,,
1771805100,208.724,208.7705,208.6885,208.7705,33.865188449314616,35.57800166536093,,,
1771805400,208.7705,208.8405,208.7415,208.819,39.27716312669027,35.797720883706795,,,
1771805700,208.819,208.8725,208.803,208.8495,42.465726500215766,35.85417686777763,,,
1771806000,208.8495,208.855,208.7155,208.7345,35.002526534032896,35.27328880394519,,,
1771806300,208.7345,208.7375,208.636,208.66,31.179566888806008,34.90598583840516,,,
1771806600,208.66,208.6775,208.596,208.6025,28.584617123460276,34.530554737822534,,,
1771806900,208.6025,208.6275,208.5085,208.5155,25.17113407127441,33.87451013196008,,,
1771807200,208.5155,208.526,208.4375,208.4595,23.246793701324634,32.78626352201707,,,
1771807500,208.4595,208.482,208.417,208.457,23.161663136681184,31.850823849937115,,,
1771807800,208.457,208.479,208.3985,208.468,24.47225162796323,31.076672721663385,,,
1771808100,208.468,208.487,208.394,208.4005,21.993266601262377,30.3874926937766,,,
1771808400,208.4005,208.4015,208.2895,208.3145,19.309469506868098,29.521248322985063,,,
1771808700,208.3145,208.371,208.309,208.322,20.2237533282444,28.29417477337494,,,
1771809000,208.322,208.327,208.218,208.252,18.15599414563897,27.579222481555526,,,
1771809300,208.252,208.3415,208.2395,208.3405,28.15717971362365,27.171507571863312,,,
1771809600,208.3405,208.4145,208.3375,208.4125,35.105017012119575,26.873497135108263,,,
1771809900,208.4125,208.4125,208.342,208.409,34.92818434036823,26.335101266547724,,,
1771810200,208.409,208.527,208.407,208.522,44.626387177807345,27.022519883960182,,,
1771810500,208.522,208.5295,208.4285,208.505,43.57422385241268,27.907852524217805,,,
1771810800,208.505,208.521,208.462,208.498,43.123367800866255,28.946334715461088,,,
1771811100,208.498,208.5105,208.4055,208.4735,41.504698126437674,30.113017862258463,,,
1771811400,208.4735,208.4825,208.402,208.4825,42.36060416073104,31.47829003793035,,,
1771811700,208.4825,208.5325,208.462,208.4895,43.058473981220374,32.89949081254029,,,
1771812000,208.4895,208.4915,208.4225,208.426,38.50415951852785,33.901769947580625,,,
1771812300,208.426,208.497,208.415,208.4955,45.32096615180469,35.56803420119079,,,
1771812600,208.4955,208.5005,208.372,208.417,39.93614908694365,37.04136845691047,,,
1771812900,208.417,208.478,208.4125,208.4715,44.83658244479181,38.799427679520996,,,
1771813200,208.4715,208.516,208.464,208.476,45.23389643051968,40.733563557012474,,,
1771813500,208.476,208.499,208.4565,208.477,45.328132847295585,41.96006020941762,,,
1771813800,208.477,208.553,208.452,208.534,50.551163093863266,43.063356358113595,,,
1771814100,208.534,208.6115,208.5155,208.605,56.16830134170386,44.58050757249471,,,
1771814400,208.605,208.6665,208.6,208.6525,59.484215143597666,45.64178099862259,,,
1771814700,208.6525,208.655,208.621,208.622,56.52713679112604,46.566989065673546,,,
1771815000,208.622,208.623,208.5615,208.5775,52.43170294782974,47.23187014759951,,,
1771815300,208.5775,208.582,208.55,208.552,50.187790756358005,47.85209104973667,,,
1771815600,208.552,208.6365,208.552,208.598,54.01132615613713,48.68428547797997,,,
1771815900,208.598,208.638,208.591,208.617,55.52970375174611,49.57508760444609,,,
1771816200,208.617,208.6785,208.6015,208.6385,57.249738492503944,50.91405753115867,,,
1771816500,208.6385,208.6385,208.5385,208.583,51.69163450702098,51.36910527081697,,,
1771816800,208.583,208.6485,208.582,208.616,54.51904199959517,52.41074047886351,,,
1771817100,208.616,208.668,208.6015,208.667,58.55612209842547,53.39070759698019,,,
1771817400,208.667,208.667,208.577,208.5825,50.5498738099315,53.77042026693819,,,
1771817700,208.5825,208.5965,208.541,208.582,50.5058693620426,54.14025858942012,,,
1771818000,208.582,208.615,208.572,208.5975,51.903637416963285,54.236863898212974,,,
1771818300,208.5975,208.607,208.557,208.5655,48.83719319156951,53.713213316060525,,,
1771818600,208.5655,208.57,208.508,208.5375,46.26174946944187,52.76875148219225,,,
1771818900,208.5375,208.5395,208.5105,208.5215,44.80763036582065,51.931643880384726,,,
1771819200,208.5215,208.5215,208.4645,208.4675,40.21345303244528,51.05891174357156,,,
1771819500,208.4675,208.5455,208.455,208.5455,48.4373315882532,50.93387894584978,,,
1771819800,208.5455,208.559,208.523,208.544,48.29973764130309,50.52590833764735,,,
1771820100,208.544,208.5775,208.525,208.536,47.52435027885948,49.95409737529831,,,
1771820400,208.536,208.536,208.506,208.5215,46.080397915180875,49.15628733406095,,,
1771820700,208.5215,208.559,208.517,208.556,49.97497054193921,49.033668479412256,,,
1771821000,208.556,208.648,208.551,208.648,58.56892005425824,49.32294548331676,,,
1771821300,208.648,208.7665,208.646,208.7615,66.26802056544396,49.87379537381808,,,
1771821600,208.7615,208.773,208.734,208.7495,64.89494427736366,50.89844326434895,,,
1771821900,208.7495,208.7685,208.709,208.7565,65.3460157072644,51.958453717579076,,,
1771822200,208.7565,208.778,208.7355,208.745,63.89351314990645,52.81487341278931,,,
1771822500,208.745,208.7475,208.706,208.743,63.62862218173535,53.871404054944016,,,
1771822800,208.743,208.7615,208.7005,208.7235,60.97434176892891,54.92230350490737,,,
1771823100,208.7235,208.7865,208.72,208.7305,61.59370414241859,56.12130877466437,,,
1771823400,208.7305,208.792,208.713,208.788,66.32191139325133,57.98619865757909,,,
1771823700,208.788,208.8035,208.759,208.759,62.16514274919125,58.966756597646096,,,
1771824000,208.759,208.78,208.7315,208.735,58.87634197744251,59.72222833594177,,,
1771824300,208.735,208.769,208.7315,208.768,61.86388686523747,60.74648094925448,,,
1771824600,208.768,208.7775,208.731,208.752,59.602986381015825,61.71238012538555,,,
1771824900,208.752,208.7725,208.7135,208.771,61.40672728472886,62.52893417844196,,,
1771825200,208.771,208.774,208.736,208.741,57.07349751922696,62.42211828308258,,,
1771825500,208.741,208.767,208.736,208.767,59.72600864888122,61.95483171761381,,,
1771825800,208.767,208.7715,208.7425,208.7705,60.08357996550959,61.61116283819566,,,
1771826100,208.7705,208.8225,208.7595,208.808,63.79278645812482,61.50021789182856,,,
1771826400,208.808,208.851,208.78,208.804,63.119029678648296,61.44489764388155,,,
1771826700,208.804,208.805,208.738,208.746,54.18295220133057,60.77020693099549,,,
1771827000,208.746,208.79,208.713,208.788,58.738471623509994,60.61050192060843,,,
1771827300,208.788,208.788,208.7105,208.711,49.099810074979544,59.718080915791354,,,
1771827600,208.711,208.7575,208.708,208.755,53.76834062532471,58.82139728951088,,,
1771827900,208.755,208.771,208.7265,208.7315,51.07395259494711,58.02916942135058,,,
1771828200,208.7315,208.7945,208.723,208.7935,57.17174207710817,57.907412285612416,,,
1771828500,208.7935,208.832,208.778,208.8125,58.86375447658804,57.6931171149946,,,
1771828800,208.8125,208.821,208.789,208.7905,56.100058845894594,57.442908005343085,,,
1771829100,208.7905,208.8995,208.7595,208.8995,64.89446225508902,57.69203193179739,,,
1771829400,208.8995,209.003,208.899,208.997,70.57316132381867,58.65629363212536,,,
1771829700,208.997,209.0035,208.945,208.994,70.19689749961242,59.40421426432045,,,
1771830000,208.994,209.0225,208.945,208.995,70.25382831473331,60.13066057497929,,,
1771830300,208.995,209.0575,208.977,209.024,71.9285165540776,60.71178415326163,,,
1771830600,209.024,209.066,208.9835,209.046,73.16289389188633,61.42920302563578,,,
1771830900,209.046,209.06,208.9885,209.037,71.77247703878213,62.685597656882315,,,
1771831200,209.037,209.0995,209.0205,209.0905,74.83416828185507,63.83529027533554,,,
1771831500,209.0905,209.1135,209.0785,209.1015,75.42439176461664,65.71561753888105,,,
1771831800,209.1015,209.1065,209.0005,209.0155,62.98658732236817,66.374063731527,,,
1771832100,209.0155,209.1255,208.989,209.1255,69.83788215873706,67.71434441465486,,,
1771832400,209.1255,209.1445,209.007,209.0155,58.230178044260136,67.78994698373714,,,
1771832700,209.0155,209.0965,209.0025,209.004,57.16052890612902,67.66828801441864,,,
1771833000,209.004,209.0195,208.9805,208.9915,55.957303856868364,67.65809122948819,,,
1771833300,208.9915,208.992,208.9125,208.9515,52.17263359680481,66.74938918246788,,,
1771833600,208.9515,209.0555,208.936,208.973,53.97454130783182,65.56377346704026,,,
1771833900,208.973,209.0595,208.964,209.046,59.54732747240284,64.80308989366814,,,
1771834200,209.046,209.0535,208.945,208.9545,51.182141111767166,63.440826522027706,,,
1771834500,208.9545,209.0105,208.9245,209.002,54.736935599257414,62.21285645382627,,,
1771834800,209.002,209.047,208.9885,209.0335,56.974440153328636,61.05653832964358,,,
1771835100,209.0335,209.0695,208.975,208.99,53.07273179712093,59.7208422409535,,,
1771835400,208.99,209.071,208.972,209.0675,58.52257106924237,58.555728154338304,,,
1771835700,209.0675,209.11,209.0405,209.088,59.85079770098639,57.44332857836472,,,
1771836000,209.088,209.0965,209.0445,209.0545,56.65782027737763,56.991273789436825,,,
1771836300,209.0545,209.1215,209.037,209.1215,61.124792979535556,56.36891027663672,,,
1771836600,209.1215,209.15,209.096,209.1225,61.18908636532066,56.58026087099818,,,
1771836900,209.1225,209.154,209.113,209.1185,60.756244581058475,56.83709770492171,,,
1771837200,209.1185,209.155,209.056,209.058,54.47906022193359,56.73150887385494,,,
1771837500,209.058,209.077,209.0235,209.038,52.54631103698999,56.758200119582455,,,
1771837800,209.038,209.0735,209.027,209.0535,53.910987436687776,56.75366055735788,,,
1771838100,209.0535,209.0595,209.002,209.004,49.05882808318019,56.004482029556264,,,
1771838400,209.004,209.04,209.003,209.0375,52.194698594277334,56.07680756402128,,,
1771838700,209.0375,209.0745,209.021,209.0655,54.70451531443731,56.07449182939127,,,
1771839000,209.0655,209.118,209.055,209.107,58.206761876588764,56.16251480962414,,,
1771839300,209.107,209.134,209.1,209.116,58.94807959552876,56.58218250951041,,,
1771839600,209.116,209.1925,209.1135,209.1905,64.55307624262849,57.01293287903792,,,
1771839900,209.1905,209.202,209.1525,209.1605,60.94457705578915,57.091059975809536,,,
1771840200,209.1605,209.1945,209.112,209.179,62.34254058779984,57.49711142655399,,,
1771840500,209.179,209.2045,209.1235,209.1255,56.0898684673654,57.13747396139898,,,
1771840800,209.1255,209.158,209.0945,209.0995,53.29248881884378,56.57343127950777,,,
1771841100,209.0995,209.1435,209.099,209.1305,56.10354464739141,56.24109556996012,,,
1771841400,209.1305,209.144,209.097,209.138,56.78124736271568,56.405537508587415,,,
1771841700,209.138,209.159,209.111,209.112,53.68686089877766,56.48700535585796,,,
1771842000,209.112,209.187,209.101,209.1675,58.84292644138866,56.8392867133366,,,
1771842300,209.1675,209.1695,209.089,209.1415,55.713670875022665,57.314632627039636,,,
1771842600,209.1415,209.2225,209.1385,209.1825,59.38193960080918,57.82800698464904,,,
1771842900,209.1825,209.2285,209.1825,209.208,61.51695911645188,58.314610113364374,,,
1771843200,209.208,209.2145,209.1865,209.196,59.92076478266345,58.437038892369706,,,
1771843500,209.196,209.2095,209.173,209.178,57.51023772559899,58.33433590166044,,,
1771843800,209.178,209.187,209.107,209.1205,50.51878277345843,57.33188636814829,,,
1771844100,209.1205,209.1375,209.0905,209.093,47.54198556812373,56.37455840474362,,,
1771844400,209.093,209.0935,209.023,209.0365,42.0585683185561,54.925703242654784,,,
1771844700,209.0365,209.104,209.0305,209.1005,49.20531601430852,54.43394949600787,,,
1771845000,209.1005,209.163,209.0905,209.163,55.03777566705888,54.558612842308946,,,
1771845300,209.163,209.1685,209.0895,209.0955,48.55348694510202,54.01932300643114,,,
1771845600,209.0955,209.0965,209.01,209.0125,42.00081806440057,52.96357805655149,,,
1771845900,209.0125,209.0245,208.9525,208.972,39.21943536485631,51.93019051841424,,,
1771846200,208.972,208.9935,208.933,208.9635,38.6410720314247,50.48720091770253,,,
1771846500,208.9635,209.033,208.9635,209.032,45.60301659621106,49.765011326358845,,,
1771846800,209.032,209.108,209.0315,209.093,50.94120193676671,49.16210149321296,,,
1771847100,209.093,209.097,209.0325,209.048,47.25692983774791,48.14352797330553,,,
1771847400,209.048,209.0645,209.03,209.059,48.24235104582347,47.30935556353125,,,
1771847700,209.059,209.0745,208.9735,209.007,44.05229018016117,46.34807359599997,,,
1771848000,209.007,209.0515,208.9635,208.9875,42.55948151717582,45.77955207769407,,,
1771848300,208.9875,209.0175,208.966,208.994,43.24982666445008,45.47296929886024,,,
1771848600,208.994,209.003,208.932,208.941,39.12118558770048,45.263156246656266,,,
1771848900,208.941,208.942,208.8515,208.8645,34.06623266773987,44.18179315047279,,,
1771849200,208.8645,208.8765,208.8085,208.8155,31.27838666839108,42.484693936282234,,,
1771849500,208.8155,208.9565,208.8115,208.9555,45.101904797387924,42.238152354302656,,,
1771849800,208.9555,208.9805,208.872,208.872,39.94140567921919,42.09105146964684,,,
1771850100,208.872,208.916,208.8695,208.9075,42.931074491356505,42.35616855011114,,,
1771850400,208.9075,208.929,208.874,208.923,44.236305801244576,42.75582810509827,,,
1771850700,208.923,208.9245,208.8565,208.8625,40.35650282607515,42.38107712151714,,,
1771851000,208.8625,208.903,208.8575,208.9015,43.77959583294764,41.869533828387205,,,
1771851300,208.9015,208.92,208.8665,208.9085,44.39644119556448,41.665213211088385,,,
1771851600,208.9085,208.954,208.864,208.8765,42.121238494361855,41.22799088598399,,,
1771851900,208.8765,208.9085,208.82,208.883,42.76288777542648,41.13589071421722,,,
1771852200,208.883,208.889,208.832,208.88,42.528544989505576,41.133680962240774,,,
1771852500,208.88,208.9105,208.786,208.8355,39.10525909561495,40.83764042160969,,,
1771852800,208.8355,208.8405,208.7815,208.7925,36.082828428676955,40.62061491025087,,,
1771853100,208.7925,208.849,208.7805,208.833,40.72939130018358,41.09655481256828,,,
1771853400,208.833,208.834,208.733,208.742,34.63654901207417,41.33642355140279,,,
1771853700,208.742,208.7485,208.687,208.716,33.112427219728474,40.48003229585568,,,
1771854000,208.716,208.8395,208.715,208.802,42.17606402970747,40.639650749461985,,,
1771854300,208.802,208.8215,208.779,208.8095,42.902705340895366,40.63762438157191,,,
1771854600,208.8095,208.8325,208.7825,208.82,43.964374923475496,40.61820074744555,,,
1771854900,208.82,208.8445,208.7965,208.835,45.522762800576366,40.987219317052784,,,
1771855200,208.835,208.888,208.781,208.885,50.46772570676817,41.46494287946853,,,
1771855500,208.885,208.92,208.851,208.854,47.583803819849926,41.692611638346065,,,
1771855800,208.854,208.9,208.8305,208.884,50.529963195468575,42.29323483128225,,,
1771856100,208.884,208.917,208.87,208.904,52.44883228189419,42.985088010315664,,,
1771856400,208.904,208.947,208.878,208.9375,55.55834830401836,43.91578824706658,,,
1771856700,208.9375,209.0095,208.9375,208.989,59.89971235533443,45.40110633704654,,,
1771857000,208.989,209.114,208.9875,209.0715,65.6830220919242,47.51540588442135,,,
1771857300,209.0715,209.082,208.9935,209.0065,58.521747274407126,48.78628845400874,,,
1771857600,209.0065,209.02,208.9645,209.0095,58.74531190848593,50.508342946609574,,,
1771857900,209.0095,209.046,208.95,209.026,60.021619122064486,52.43042808249072,,,
1771858200,209.026,209.082,208.9755,209.038,60.96740181374951,53.77266649563658,,,
1771858500,209.038,209.061,208.962,208.962,52.49677053035644,54.457956866312365,,,
1771858800,208.962,208.989,208.819,208.819,40.9641258728087,54.24365336269331,,,
1771859100,208.819,208.838,208.7505,208.7545,37.01433061853457,53.63590820683318,,,
1771859400,208.7545,208.7565,208.675,208.7115,34.61789909547639,52.50377773459805,,,
1771859700,208.7115,208.77,208.7065,208.7415,37.65083510424123,51.79427996919743,,,
1771860000,208.7415,208.7595,208.7025,208.7165,36.14606937753492,50.76685898220217,,,
1771860300,208.7165,208.7805,208.691,208.7395,38.57821310048995,49.77610046924473,,,
1771860600,208.7395,208.837,208.7165,208.7415,38.796518545995745,48.57882691510026,,,
1771860900,208.7415,208.755,208.7025,208.7385,38.57504365793575,47.055636293857496,,,
1771861200,208.7385,208.7885,208.672,208.7,35.7541762666483,44.91786159205208,,,
1771861500,208.7,208.708,208.5325,208.575,28.473775754634545,42.771577912068324,,,
1771861800,208.575,208.5905,208.3285,208.3905,21.511269760563792,40.11200347293103,,,
1771862100,208.3905,208.4365,208.3545,208.3985,22.397354684105522,37.42455601307682,,,
1771862400,208.3985,208.4065,208.246,208.2655,18.631509776991734,34.400563724736976,,,
1771862700,208.2655,208.401,208.2645,208.367,28.510389903244985,32.687250822800436,,,
1771863000,208.367,208.454,208.3615,208.3885,30.436969913867784,31.935311111447522,,,
1771863300,208.3885,208.4575,208.3685,208.4575,36.364064634453655,31.888863541156024,,,
1771863600,208.4575,208.4945,208.4055,208.415,34.41877908723961,31.874640683424833,,,
1771863900,208.415,208.4575,208.3835,208.4325,35.93842481783321,31.752325662967113,,,
1771864200,208.4325,208.492,208.4235,208.4585,38.22860803235306,31.90107842402555,,,
1771864500,208.4585,208.508,208.4065,208.502,41.96670397349408,32.14311348638299,,,
1771864800,208.502,208.5145,208.4585,208.491,41.28631496553542,32.32095608777868,,,
1771865100,208.491,208.5145,208.4325,208.5085,42.87311790285449,32.62796139098717,,,
1771865400,208.5085,208.5465,208.482,208.522,44.12759129638861,33.22606246454005,,,
1771865700,208.522,208.536,208.413,208.417,37.272014322720686,33.8545080765462,,,
1771866000,208.417,208.4255,208.328,208.33,32.73416846736406,34.656143698460504,,,
1771866300,208.33,208.33,208.2385,208.302,31.408785219889438,35.299817308159355,,,
1771866600,208.302,208.3035,208.186,208.2,27.103581812067986,35.9049653106648,,,
1771866900,208.2,208.2645,208.197,208.2305,30.185169800672185,36.024592446195314,,,
1771867200,208.2305,208.24,208.169,208.169,27.64723721560854,35.82532582489108,,,
1771867500,208.169,208.189,208.151,208.162,27.365208822654495,35.18255040976257,,,
1771867800,208.162,208.248,208.142,208.233,34.647202066068814,35.1988663368218,,,
1771868100,208.233,208.2345,208.1705,208.1795,32.04053560894411,34.92044567904401,,,
1771868400,208.1795,208.3005,208.173,208.253,38.8474474290886,34.96464849309655,,,
1771868700,208.253,208.2705,208.238,208.2565,39.1599510978499,34.764166144836246,,,
1771869000,208.2565,208.318,208.2435,208.304,43.38817461786993,34.914298977145855,,,
1771869300,208.304,208.3785,208.286,208.363,48.20336045770041,35.295030588206274,,,
1771869600,208.363,208.421,208.3575,208.412,51.86515696772239,35.8477138504444,,,
1771869900,208.412,208.4565,208.41,208.449,54.481934177831604,37.07699384009518,,,
1771870200,208.449,208.523,208.4225,208.521,59.13726044932064,38.96292898166352,,,
1771870500,208.521,208.563,208.48,208.545,60.58435976647839,41.04689859213415,,,
1771870800,208.545,208.6745,208.545,208.673,67.24647724954694,43.91424826623979,,,
1771871100,208.673,208.7275,208.644,208.7265,69.56219452059659,46.72689288909153,,,
1771871400,208.7265,208.742,208.676,208.6935,66.44177088672336,49.49793100845688,,,
1771871700,208.6935,208.6935,208.597,208.6,58.44248347473717,51.717736340748495,,,
1771872000,208.6,208.6075,208.552,208.582,57.01924670640529,53.31573952934396,,,
1771872300,208.582,208.6325,208.5565,208.617,59.1047075184524,55.24889466573741,,,
1771872600,208.617,208.618,208.535,208.551,53.80322989096933,56.31716484158603,,,
1771872900,208.551,208.553,208.4925,208.534,52.49706045943376,57.26981551027059,,,
1771873200,208.534,208.5985,208.534,208.574,55.24990020101873,58.117081623352654,,,
1771873500,208.574,208.586,208.538,208.5485,53.13586098760808,58.46940308977463,,,
1771873800,208.5485,208.5555,208.518,208.5215,50.914440447436895,58.401494766897095,,,
1771874100,208.5215,208.5465,208.5195,208.5315,51.71951409774295,58.204179046890765,,,
1771874400,208.5315,208.5815,208.5225,208.5525,53.44630595724757,57.797682297456966,,,
1771874700,208.5525,208.5535,208.5185,208.5395,52.20161638219215,57.198914912865085,,,
1771875000,208.5395,208.572,208.508,208.569,54.77545275191821,56.30812744874875,,,
1771875300,208.569,208.5875,208.5545,208.5785,55.60452560823755,55.31115109786597,,,
1771875600,208.5785,208.5845,208.534,208.5595,53.492374317653194,54.38619420007524,,,
1771875900,208.5595,208.618,208.556,208.6085,57.930590583467286,54.34963042212739,,,
1771876200,208.6085,208.6095,208.564,208.597,56.56623365954903,54.31727234735194,,,
1771876500,208.597,208.6305,208.5615,208.572,53.61029710036584,53.92481446034576,,,
1771876800,208.572,208.6025,208.5655,208.6005,56.406986718894515,54.11079709091184,,,
1771877100,208.6005,208.604,208.577,208.6005,56.406986718894515,54.39007753801618,,,
1771877400,208.6005,208.6105,208.576,208.5885,54.79388943111445,54.35750534016587,,,
1771877700,208.5885,208.6295,208.5885,208.6245,58.617311969629014,54.749037553167376,,,
1771878000,208.6245,208.6775,208.622,208.6745,63.26452897540911,55.63118673373681,,,
1771878300,208.6745,208.707,208.6735,208.6915,64.71538154007166,56.559462979617436,,,
1771878600,208.6915,208.716,208.6845,208.7055,65.90946659620096,57.44968873954268,,,
1771878900,208.7055,208.7195,208.6985,208.7035,65.56809369879069,58.404437119299715,,,
1771879200,208.7035,208.7115,208.668,208.678,61.21466358967966,58.864380750568394,,,
1771879500,208.678,208.722,208.6575,208.717,65.03801495883312,59.53820141846808,,,
1771879800,208.717,208.733,208.6725,208.684,59.67733266516643,59.97998415757616,,,
1771880100,208.684,208.74,208.6805,208.7345,64.49956946697543,60.449196934969606,,,
1771880400,208.7345,208.7535,208.723,208.7515,65.97474237902168,61.12123327207479,,,
1771880700,208.7515,208.7755,208.738,208.739,63.8730331838747,61.85428584946828,,,
1771881000,208.739,208.778,208.739,208.7725,66.91494268913068,62.60485413305658,,,
1771881300,208.7725,208.7865,208.7215,208.7315,60.230641486725666,62.877972330758816,,,
1771881600,208.7315,208.772,208.7315,208.77,63.87943274967402,63.526939710655924,,,
1771881900,208.77,208.8075,208.7515,208.806,66.93437898804643,64.12101592625717,,,
1771882200,208.806,208.845,208.806,208.8355,69.23088808380886,64.547184434,,,
1771882500,208.8355,208.863,208.819,208.8385,69.46316148572606,64.88631157297532,,,
1771882800,208.8385,208.8415,208.819,208.8385,69.46316148572606,65.14014692222712,,,
1771883100,208.8385,208.845,208.7995,208.8095,64.04311424844482,65.03121981863099,,,
1771883400,208.8095,208.824,208.7635,208.7645,56.65571681870136,64.70558076356112,,,
1771883700,208.7645,208.79,208.6385,208.64,42.164434369955906,63.071753578641314,,,
1771884000,208.64,208.668,208.634,208.64,42.164434369955906,61.82083227184056,,,
1771884300,208.64,208.64,208.5985,208.599,38.41199394144151,59.957434020016706,,,
1771884600,208.599,208.6605,208.562,208.562,35.35418135621367,57.770251089816135,,,
1771884900,208.562,208.574,208.5525,208.573,36.96086330190957,55.847953241104335,,,
1771885200,208.573,208.6235,208.572,208.6015,41.0489304544909,54.00038093863007,,,
1771885500,208.6015,208.637,208.5555,208.565,37.678865512432424,52.38953979760912,,,
1771885800,208.565,208.6035,208.554,208.601,42.677547485944444,50.87511942162843,,,
1771886100,208.601,208.6275,208.5925,208.615,44.540518839550636,49.27555798245016,,,
1771886400,208.615,208.6315,208.5675,208.6195,45.15749426272713,47.55602985237289,,,
1771886700,208.6195,208.6285,208.583,208.597,42.60531857644996,45.63761250171031,,,
1771887000,208.597,208.6065,208.57,208.602,43.371249980742995,43.77390453706867,,,
1771887300,208.602,208.62,208.5775,208.5945,42.45601337701297,42.23196876053782,,,
1771887600,208.5945,208.6245,208.547,208.574,39.97301933951405,41.04034751202443,,,
1771887900,208.574,208.5965,208.556,208.582,41.413006068640414,40.98667406193048,,,
1771888200,208.582,208.645,208.582,208.632,49.55764838636353,41.51476077738816,,,
1771888500,208.632,208.649,208.6195,208.6255,48.61154571726098,42.2433001899467,,,
1771888800,208.6255,208.6565,208.622,208.656,53.132883731222975,43.513207502447365,,,
1771889100,208.656,208.682,208.6515,208.682,56.63551041747555,44.91853943927351,,,
1771889400,208.682,208.7585,208.6705,208.756,64.71764746087626,46.60916208258675,,,
1771889700,208.756,208.758,208.6575,208.6905,54.954506741154084,47.84313645606687,,,
1771890000,208.6905,208.6925,208.5805,208.646,49.49185002306355,48.329872351575375,,,
1771890300,208.646,208.758,208.644,208.736,58.480932551876364,49.325616188170066,,,
1771890600,208.736,208.7505,208.6435,208.718,56.32196371420394,50.12307829184699,,,
1771890900,208.718,208.756,208.6945,208.731,57.54111117713761,51.18992062046754,,,
1771891200,208.731,208.8125,208.703,208.8105,64.13411266940092,52.67298224108596,,,
1771891500,208.8105,208.8395,208.798,208.8245,65.16008862245626,54.29470190147477,,,
1771891800,208.8245,208.8865,208.8245,208.881,69.0126150363254,56.3689587369613,,,
1771892100,208.881,208.9225,208.8435,208.9185,71.28239764627715,58.50248670679248,,,
1771892400,208.9185,208.9195,208.856,208.858,63.23483252374627,59.479428430891254,,,
1771892700,208.858,208.864,208.777,208.778,54.47668652496875,59.89836706001324,,,
1771893000,208.778,208.839,208.7645,208.838,59.056869236697246,60.32150888183283,,,
1771893300,208.838,208.904,208.838,208.878,61.81512026834091,60.6914810140375,,,
1771893600,208.878,208.884,208.835,208.8475,58.57479894430718,60.252706119996844,,,
1771893900,208.8475,208.892,208.8355,208.8745,60.54644135070432,60.65213002067901,,,
1771894200,208.8745,208.937,208.853,208.9205,63.71505135563331,61.668072973005415,,,
1771894500,208.9205,208.9915,208.88,208.9865,67.72073815483657,62.32805908750255,,,
1771894800,208.9865,209.053,208.9205,209.0145,69.27063516090016,63.252964190838,,,
1771895100,209.0145,209.0365,208.9795,209.0045,68.01458225805104,64.0010692680461,,,
1771895400,209.0045,209.0075,208.949,208.969,63.60532655966409,63.96329883163633,,,
1771895700,208.969,209.029,208.94,209.018,66.80421169984791,64.08073619430716,,,
1771896000,209.018,209.15,209.007,209.119,72.22356329841129,64.31008964159902,,,
1771896300,209.119,209.1345,209.0545,209.0915,68.92418593306306,64.14164594779801,,,
1771896600,209.0915,209.112,209.0465,209.0675,66.08672092666764,64.3453522622924,,,
1771896900,209.0675,209.071,208.9965,209.008,59.54225033389983,64.70717824864461,,,
1771897200,209.008,209.132,209,209.0805,64.19500030831927,65.07418761090332,,,
1771897500,209.0805,209.087,208.994,209.0235,58.49890482634518,64.83731507933221,,,
1771897800,209.0235,209.05,208.994,209.03,58.94625949348644,64.86384797570214,,,
1771898100,209.03,209.119,209.022,209.071,61.74724173012837,64.9496194313753,,,
1771898400,209.071,209.1,208.9705,208.9765,52.80466722920449,64.17030627948752,,,
1771898700,208.9765,209.021,208.9425,209.0125,55.45154005477425,63.29393498662593,,,
1771899000,209.0125,209.089,209.0115,209.0885,60.489372557073814,62.666701943495475,,,
1771899300,209.0885,209.1575,209.0855,209.1375,63.3658705533728,62.33465110744703,,,
1771899600,209.1375,209.1765,209.124,209.174,65.38733741355759,62.46193759701085,,,
1771899900,209.174,209.235,209.1625,209.214,67.50359203171598,62.51189333500144,,,
1771900200,209.214,209.245,209.186,209.2065,66.68037022156284,62.1159509723694,,,
1771900500,209.2065,209.211,209.17,209.1855,64.31528445665404,61.78674372405447,,,
1771900800,209.1855,209.1995,209.1525,209.155,60.93479582363984,61.418749073838185,,,
1771901100,209.155,209.158,209.0895,209.0915,54.51078464622774,61.05935866757591,,,
1771901400,209.0915,209.103,209.0635,209.102,55.34903175790694,60.42750377111788,,,
1771901700,209.102,209.1505,209.0995,209.1085,55.89090845402148,60.241218315951905,,,
1771902000,209.1085,209.12,209.0805,209.112,56.199150231678516,60.044996225822764,,,
1771902300,209.112,209.1375,209.105,209.1345,58.22043036089689,59.79308112802051,,,
1771902600,209.1345,209.165,209.1265,209.1345,58.220430360896884,60.17992135171283,,,
1771902900,209.1345,209.157,209.121,209.157,60.342866613821876,60.529301820216226,,,
1771903200,209.157,209.1865,209.147,209.176,62.09405854211392,60.64392224771909,,,
1771903500,209.176,209.19,209.1355,209.182,62.65488508739867,60.59313757157808,,,
1771903800,209.182,209.211,209.1595,209.188,63.24058418963817,60.43979805558383,,,
1771904100,209.188,209.2115,209.188,209.2115,65.5214072002971,60.2982134247682,,,
1771904400,209.2115,209.2185,209.181,209.1925,62.16305854520429,59.975548305028305,,,
1771904700,209.1925,209.1995,209.162,209.198,62.75812824549247,59.86432286137391,,,
1771905000,209.198,209.245,209.19,209.222,65.32113595837151,60.177632870997606,,,
1771905300,209.222,209.2475,209.205,209.2275,65.90030460544592,60.99117001094176,,,
1771905600,209.2275,209.242,209.185,209.231,66.28617217825008,61.772394326680555,,,
1771905900,209.231,209.2845,209.229,209.2425,67.58412817570581,62.607624306800865,,,
1771906200,209.2425,209.2615,209.2245,209.2285,64.33679957999288,63.1888849745376,,,
1771906500,209.2285,209.2925,209.226,209.2755,69.61509723694078,64.00278975139788,,,
1771906800,209.2755,209.3205,209.2665,209.3165,73.32414625679678,65.08162660110501,,,
1771907100,209.3165,209.371,209.3065,209.3495,75.8766006726669,66.19117903387966,,,
1771907400,209.3495,209.371,209.32,209.347,75.28886618389932,67.13366529400719,,,
1771907700,209.347,209.359,209.3235,209.338,73.09383230857918,67.87930438123438,,,
1771908000,209.338,209.353,209.3205,209.327,70.3925377032451,68.39015820363485,,,
1771908300,209.327,209.3545,209.2925,209.32,68.65375405709548,68.61389726483473,,,
1771908600,209.32,209.322,209.297,209.319,68.3938442999477,69.05895339017356,,,
1771908900,209.319,209.332,209.3005,209.315,67.29636938313195,69.38311347143352,,,
1771909200,209.315,209.326,209.263,209.287,60.034309423189846,69.00548300463483,,,
1771909500,209.287,209.3135,209.2755,209.3005,62.15481421255407,68.73794797657112,,,
1771909800,209.3005,209.3285,209.2635,209.2955,60.866705113467816,68.35084318622954,,,
1771910100,209.2955,209.315,209.2855,209.301,61.80441482099193,67.93800651803568,,,
1771910400,209.301,209.3225,209.281,209.322,65.2302384278355,68.00182357859589,,,
1771910700,209.322,209.348,209.321,209.3365,67.40417654514225,67.84390067203884,,,
1771911000,209.3365,209.352,209.315,209.3295,65.28213190982481,67.26947107582656,,,
1771911300,209.3295,209.3665,209.3145,209.36,69.75071021191116,66.83190747148687,,,
1771911600,209.36,209.399,209.3325,209.378,72.0381008428347,66.5997099471251,,,
1771911900,209.378,209.3965,209.3505,209.3525,64.58696638248506,65.99207666668983,,,
1771912200,209.3525,209.353,209.302,209.3195,56.449672268858095,64.99615770709075,,,
1771912500,209.3195,209.351,209.2925,209.3025,52.761811710765876,63.86101896806721,,,
1771912800,209.3025,209.333,209.2915,209.318,55.609365149034495,62.94784188585912,,,
1771913100,209.318,209.3265,209.2555,209.285,48.85677526771703,61.63072802047234,,,
1771913400,209.285,209.2935,209.248,209.292,50.23714834316472,60.93093080047055,,,
1771913700,209.292,209.293,209.1755,209.1765,33.95325081490452,58.91653341492415,,,
1771914000,209.1765,209.218,209.157,209.202,38.679149742786414,57.331708031304046,,,
1771914300,209.202,209.2185,209.1515,209.192,37.54459638493393,55.5988638572999,,,
1771914600,209.192,209.2145,209.1715,209.178,35.95453320667178,53.507742055788206,,,
1771914900,209.178,209.18,209.128,209.16,33.96293681565531,51.11908207511057,,,
1771915200,209.16,209.1685,209.1455,209.157,33.62859565921876,48.85811520006729,,,
1771915500,209.157,209.174,209.134,209.134,31.10077058462278,46.097405226689546,,,
1771915800,209.134,209.142,209.1045,209.109,28.58552010452749,42.99364945966761,,,
1771916100,209.109,209.117,209.027,209.028,22.294314171627747,39.97274573032065,,,
1771916400,209.028,209.0445,208.984,209.0255,22.13241068689085,37.52151276018014,,,
1771916700,209.0255,209.666,209.0255,209.537,70.0523025443072,38.75654781971881,,,
1771917000,209.537,209.9625,209.4845,209.893,79.50560041247397,40.463421767107334,,,
1771917300,209.893,210.0205,209.7965,209.919,80.00209268115054,42.6880872966383,,,
1771917600,209.919,210.0945,209.9135,210.0945,82.996460117158,45.028038137637814,,,
1771917900,210.0945,210.195,210.0465,210.179,84.22150077886566,48.6186274207779,,,
1771918200,210.179,210.305,210.141,210.187,84.33655864267597,51.87987091362715,,,
1771918500,210.187,210.1935,210.086,210.1525,81.57397134080696,55.02482626761808,,,
1771918800,210.1525,210.2455,210.118,210.2445,83.15828066068643,58.396522514333405,,,
1771919100,210.2445,210.305,210.2285,210.265,83.49874830083306,61.934794763274674,,,
1771919400,210.265,210.4155,210.234,210.311,84.26731390818966,65.55184606677258,,,
1771919700,210.311,210.4675,210.31,210.396,85.60181120609116,69.44477753973462,,,
1771920000,210.396,210.418,210.238,210.3005,77.63405193476046,72.94824409903697,,,
1771920300,210.3005,210.3905,210.3005,210.3575,78.89663820547037,76.99126724431144,,,
1771920600,210.3575,210.4275,210.326,210.41,80.01564571695538,81.1257840321732,,,
1771920900,210.41,210.4425,210.2725,210.4405,80.65733228381268,81.88328615642358,,,
1771921200,210.4405,210.733,210.413,210.6865,84.87557565338432,82.26685581648862,,,
1771921500,210.6865,210.7065,210.6115,210.642,81.41667406553728,82.36789734394482,,,
1771921800,210.642,210.676,210.4705,210.4895,70.77244550117668,81.49475344280329,,,
1771922100,210.4895,210.507,210.378,210.4175,66.36118882950359,80.21901687499171,,,
1771922400,210.4175,210.4875,210.353,210.411,65.96147056008246,78.9065105833779,,,
1771922700,210.411,210.439,210.3225,210.323,60.63637878507728,77.41096825796863,,,
1771923000,210.323,210.356,210.2705,210.346,61.51096698812293,75.86473156707123,,,
1771923300,210.346,210.4385,210.2935,210.2955,58.44072644579419,74.07487286313987,,,
1771923600,210.2955,210.3375,210.2725,210.2975,58.529011570593966,72.23642269616876,,,
1771923900,210.2975,210.3405,210.2685,210.3285,59.94920377258056,70.40409359377514,,,
1771924200,210.3285,210.3695,210.2255,210.2365,54.03509296833297,68.71845366760175,,,
1771924500,210.2365,210.3395,210.2295,210.2925,56.8270132605608,67.1420518858225,,,
1771924800,210.2925,210.3195,210.1635,210.2145,52.08181864210261,65.14677852333301,,,
1771925100,210.2145,210.311,210.21,210.2805,55.47013964493817,63.34769333484197,,,
1771925400,210.2805,210.3315,210.2795,210.3085,56.863700336555546,61.346845097925645,,,
1771925700,210.3085,210.3685,210.278,210.3685,59.76913945270318,59.80059262558035,,,
1771926000,210.3685,210.402,210.343,210.395,61.017995457362424,59.103846193879335,,,
1771926300,210.395,210.4,210.336,210.346,57.46579587156377,58.468460982597925,,,
1771926600,210.346,210.4165,210.346,210.4165,60.985031932924784,58.11300108065809,,,
1771926900,210.4165,210.4595,210.395,210.4015,59.85037700399621,58.05685809629516,,,
1771927200,210.4015,210.4465,210.39,210.4275,61.19797906471208,58.03450181605153,,,
1771927500,210.4275,210.439,210.3735,210.436,61.651150776341765,58.26381783966207,,,
1771927800,210.436,210.4505,210.3585,210.4235,60.531542859760854,58.40685578888827,,,
1771928100,210.4235,210.426,210.355,210.3865,57.21914473874206,58.21185157218552,,,
1771928400,210.3865,210.4585,210.372,210.427,59.811533911486606,58.6244544966965,,,
1771928700,210.427,210.481,210.422,210.441,60.69812168693217,58.90096224143731,,,
1771929000,210.441,210.4795,210.347,210.3715,54.294606410452076,59.059018510605135,,,
1771929300,210.3715,210.4015,210.3315,210.367,53.898119183430374,58.946731334783145,,,
1771929600,210.367,210.3925,210.3425,210.3675,53.938368082555144,58.73777903092598,,,
1771929900,210.3675,210.3715,210.2955,210.3115,48.79965017753281,57.954244082699525,,,
1771930200,210.3115,210.318,210.2545,210.3135,48.98657548568352,57.09485694186532,,,
1771930500,210.3135,210.357,210.307,210.3535,52.70552485836997,56.754837583780045,,,
1771930800,210.3535,210.355,210.2715,210.3025,47.90979242143547,55.820891904387956,,,
1771931100,210.3025,210.3315,210.2095,210.226,41.770178328893834,54.52944914188064,,,
1771931400,210.226,210.2515,210.1955,210.1955,39.591743842682085,52.98614662602136,,,
1771931700,210.1955,210.1955,210.1215,210.1235,34.95696294057126,51.07941892346632,,,
1771932000,210.1235,210.174,210.1195,210.1715,39.99975463130514,49.61286262143376,,,
1771932300,210.1715,210.2005,210.1255,210.1255,37.036294913443236,48.171230491055276,,,
1771932600,210.1255,210.1295,210.0445,210.054,32.94999743528487,46.252549314183725,,,
1771932900,210.054,210.0995,210.028,210.033,31.83888444510076,44.19117522548148,,,
1771933200,210.033,210.0805,209.9935,210.076,36.55651285263758,42.92416854278044,,,
1771933500,210.076,210.1325,210.0705,210.11,40.08752679842357,41.937697658137104,,,
1771933800,210.11,210.147,210.0885,210.1355,42.66490908407009,41.13245058681674,,,
1771934100,210.1355,210.2265,210.111,210.2255,50.722373327564775,41.26978795467617,,,
1771934400,210.2255,210.2725,210.1845,210.2725,54.33175058520482,41.65158617607055,,,
1771934700,210.2725,210.3115,210.249,210.2875,55.453193457464835,41.84784821886304,,,
1771935000,210.2875,210.3235,210.233,210.3235,58.11177896118315,42.57656154313073,,,
1771935300,210.3235,210.3475,210.305,210.3435,59.55589298542248,43.846969732882776,,,
1771935600,210.3435,210.377,210.31,210.3545,60.36523708801798,45.33079067897819,,,
1771935900,210.3545,210.3605,210.3075,210.311,55.62470659944925,46.807058083183755,,,
1771936200,210.311,210.3135,210.2285,210.246,49.383983220457765,47.477360125266095,,,
1771936500,210.246,210.2705,210.2315,210.2405,48.8842136047758,48.32364003178985,,,
1771936800,210.2405,210.2405,210.125,210.1425,40.934962759234665,48.893994697786255,,,
1771937100,210.1425,210.1915,210.1395,210.17,43.70155569867544,49.74132835875588,,,
1771937400,210.17,210.2325,210.141,210.198,46.45179040085186,50.44813389791403,,,
1771937700,210.198,210.2675,210.1825,210.2635,52.319662468113656,51.32185787432047,,,
1771938000,210.2635,210.288,210.1645,210.2025,47.1389573559212,51.64143275088127,,,
1771938300,210.2025,210.2355,210.157,210.2315,49.689515817244384,51.56765721442981,,,
1771938600,210.2315,210.2445,210.193,210.209,47.76390470189557,51.098525365622,,,
1771938900,210.209,210.3495,210.2065,210.342,58.1002891009917,51.28760362587393,,,
1771939200,210.342,210.3785,210.3125,210.3495,58.597814796986896,51.32232047128848,,,
1771939500,210.3495,210.3735,210.287,210.342,57.857950251021435,51.20103884740269,,,
1771939800,210.342,210.4545,210.334,210.443,64.3803223868447,51.48783065446174,,,
1771940100,210.443,210.4545,210.4035,210.4285,62.875779361903064,52.00576442320844,,,
1771940400,210.4285,210.4455,210.395,210.403,60.21086538106018,52.77911314896575,,,
1771940700,210.403,210.4155,210.345,210.362,56.0941950106511,53.29411182081399,,,
1771941000,210.362,210.397,210.336,210.3745,57.05816315360638,54.445768991840545,,,
1771941300,210.3745,210.466,210.3485,210.46,63.036194630504895,55.826814629828355,,,
1771941600,210.46,210.5035,210.4045,210.479,64.22796715901654,57.09654154112583,,,
1771941900,210.479,210.549,210.4595,210.5075,65.99883610245132,58.073625372149955,,,
1771942200,210.5075,210.5215,210.428,210.4665,61.2976212228337,59.08495850550086,,,
1771942500,210.4665,210.5715,210.466,210.5545,66.76904276077178,60.304924715752804,,,
1771942800,210.5545,210.5815,210.521,210.5295,64.0008869643561,61.46470916307141,,,
1771943100,210.5295,210.5875,210.492,210.543,64.84838577213043,61.946716068152746,,,
1771943400,210.543,210.565,210.386,210.388,50.22755771432387,61.34884056224825,,,
1771943700,210.388,210.4175,210.3195,210.388,50.22755771432387,60.803812523912704,,,
1771944000,210.388,210.46,210.3715,210.4525,55.11185248422028,60.141778959439534,,,
1771944300,210.4525,210.5585,210.4435,210.5,58.35311368145454,59.818731410836065,,,
1771944600,210.5,210.5565,210.389,210.4025,50.32104062100062,59.112315356546105,,,
1771944900,210.4025,210.5785,210.326,210.532,58.493135165197984,59.283668224728025,,,
1771945200,210.532,210.5685,210.444,210.4605,53.28167176789835,59.01391884003459,,,
1771945500,210.4605,210.5465,210.4565,210.53,57.26714710623458,58.60184401687243,,,
1771945800,210.53,210.573,210.4725,210.561,58.94933536776647,58.22479888892599,,,
1771946100,210.561,210.608,210.5245,210.5965,60.84995962261454,57.85702199750908,,,
1771946400,210.5965,210.6925,210.5765,210.6875,65.28675147291685,58.14195987251502,,,
1771946700,210.6875,210.8225,210.6875,210.742,67.65122508517616,58.20497289568675,,,
1771947000,210.742,210.7825,210.6925,210.7285,66.44392169181782,58.37947537621973,,,
1771947300,210.7285,210.7625,210.6625,210.7625,67.99314352897935,58.60410093028037,,,
1771947600,210.7625,210.847,210.7185,210.788,69.14376197872002,59.95525837773723,,,
1771947900,210.788,210.838,210.7125,210.7415,64.58430857733978,60.98074058223837,,,
1771948200,210.7415,210.7525,210.6695,210.739,64.33866604384306,61.639798693639996,,,
1771948500,210.739,210.796,210.709,210.7105,61.4684262435099,61.862321019501096,,,
1771948800,210.7105,210.733,210.6375,210.6435,55.23050650981545,62.212997154416435,,,
1771949100,210.6435,210.6925,210.6165,210.6275,53.82572923269322,61.87961101638039,,,
1771949400,210.6275,210.7325,210.6055,210.6625,56.43601918016774,62.1049215458282,,,
1771949700,210.6625,210.7065,210.647,210.7005,59.136986516309385,62.23848150369069,,,
1771950000,210.7005,210.7005,210.6215,210.6745,56.55338908106818,62.06734248321224,,,
1771950300,210.6745,210.7645,210.6715,210.7385,61.0628173999161,62.082546610162346,,,
1771950600,210.7385,210.7425,210.617,210.636,51.79129723843632,61.118585593413734,,,
1771950900,210.636,210.723,210.6285,210.6895,55.58222499699522,60.256514158543666,,,
1771951200,210.6895,210.7745,210.6265,210.628,50.65142126209579,59.12847841356352,,,
1771951500,210.628,210.665,210.595,210.627,50.572859924377774,57.884172441806264,,,
1771951800,210.627,210.6415,210.526,210.5655,45.86170654060905,56.2211684819412,,,
1771952100,210.5655,210.6145,210.5595,210.608,49.371664216030254,55.13455102756195,,,
1771952400,210.608,210.6115,210.5505,210.551,45.144289469254765,53.76352412937707,,,
1771952700,210.551,210.5905,210.516,210.5905,48.439028330956354,52.83285284990895,,,
1771953000,210.5905,210.626,210.5805,210.591,48.48120986804672,52.35076023263976,,,
1771953300,210.591,210.631,210.564,210.59,48.395934252033285,51.96291773402119,,,
1771953600,210.59,210.606,210.532,210.5395,44.17060261115707,51.08681655052043,,,
1771953900,210.5395,210.5425,210.4935,210.507,41.65033264327835,49.837769845303924,,,
1771954200,210.507,210.5255,210.479,210.5065,41.61099637277285,48.77045608042568,,,
1771954500,210.5065,210.5485,210.5045,210.522,43.395717538751654,47.5085203760568,,,
1771954800,210.522,210.5325,210.4705,210.471,39.15490878444606,46.60592120077178,,,
1771955100,210.471,210.4805,210.419,210.434,36.37743410731498,45.234150422937475,,,
1771955400,210.434,210.4955,210.431,210.4745,41.28692752163645,44.565258012904664,,,
1771955700,210.4745,210.56,210.4635,210.555,49.61019283553251,44.496496077987146,,,
1771956000,210.555,210.558,210.4765,210.493,44.39066654529362,44.39142179260747,,,
1771956300,210.493,210.5155,210.447,210.45,41.156516031572636,43.804625493717644,,,
1771956600,210.45,210.463,210.431,210.4495,41.11900168765159,43.517104937888845,,,
1771956900,210.4495,210.511,210.4455,210.49,45.45587219982288,43.304022357093594,,,
1771957200,210.49,210.526,210.4855,210.497,46.193544330463574,43.14061767583765,,,
1771957500,210.497,210.508,210.4755,210.497,46.193544330463574,42.983304110011254,,,
1771957800,210.497,210.503,210.4595,210.4655,43.14804585316388,42.910264341583165,,,
1771958100,210.4655,210.4725,210.4445,210.4535,42.01171987006732,42.93607771492524,,,
1771958400,210.4535,210.4635,210.4395,210.461,43.02170723063197,43.03684277620089,,,
1771958700,210.461,210.4735,210.44,210.449,41.76820198128061,42.92059166495295,,,
1771959000,210.449,210.45,210.4155,210.431,39.89067641497132,42.97314649570476,,,
1771959300,210.431,210.454,210.4085,210.417,38.443237489859406,43.12070388017222,,,
1771959600,210.417,210.4355,210.409,210.424,39.62289468888546,43.00184439211858,,,
1771959900,210.424,210.4535,210.3965,210.406,37.62612186206411,42.14583932258512,,,
1771960200,210.406,210.4245,210.3965,210.4195,40.06564121553699,41.83690894188821,,,
1771960500,210.4195,210.4255,210.3825,210.3845,36.12122324371581,41.477245171327006,,,
1771960800,210.3845,210.422,210.37,210.4205,42.40231319561443,41.56891027903863,,,
1771961100,210.4205,210.442,210.3985,210.4035,40.38298041991762,41.20656086618826,,,
1771961400,210.4035,210.427,210.3975,210.409,41.35604143782738,40.86102494528567,,,
1771961700,210.409,210.42,210.3845,210.3895,38.92993369891174,40.34219561446054,,,
1771962000,210.3895,210.395,210.3655,210.373,36.954456778260955,39.89979639482461,,,
1771962300,210.373,210.3845,210.3615,210.3615,35.59858202239242,39.441715119990704,,,
1771962600,210.3615,210.405,210.3475,210.3555,34.87952812172678,38.86013089792605,,,
1771962900,210.3555,210.366,210.3285,210.335,32.46655621323505,38.19572762877994,,,
1771963200,210.335,210.335,210.3045,210.307,29.467943692184193,37.45124672000943,,,
1771963500,210.307,210.3135,210.2865,210.2975,28.505954976685146,36.741440826211274,,,
1771963800,210.2975,210.311,210.29,210.31,31.666937693031016,36.173158183650244,,,
1771964100,210.31,210.348,210.31,210.334,37.39064471465263,36.15633838740657,,,
1771964400,210.334,210.363,210.33,210.3525,41.46104085583276,36.256009790284836,,,
1771964700,210.3525,210.3735,210.3175,210.331,38.34131876869219,36.414588042068864,,,
1771965000,210.331,210.385,210.3295,210.38,47.95326814479901,36.811084824153475,,,
1771965300,210.38,210.4045,210.3745,210.379,47.78953423055829,37.34012438205639,,,
1771965600,210.379,210.4055,210.3745,210.3955,50.77605460088642,38.01298246513203,,,
1771965900,210.3955,210.41,210.3855,210.402,51.94228701739867,38.94243627359538,,,
1771966200,210.402,210.419,210.3355,210.3355,41.190145209852766,39.244985447280506,,,
1771966500,210.3355,210.402,210.307,210.401,51.778309777149346,40.400680286906,,,
1771966800,210.401,210.417,210.3495,210.3565,45.75160026287152,41.17725686841635,,,
1771967100,210.3565,210.363,210.3115,210.3395,43.660868331649205,41.976850591160215,,,
1771967400,210.3395,210.384,210.3395,210.3785,49.37626782470327,43.39887374348301,,,
1771967700,210.3785,210.3825,210.3645,210.378,49.307206179658934,44.88467740083827,,,
1771968000,210.378,210.38,210.363,210.367,47.725673786748764,46.031729978960975,,,
1771968300,210.367,210.3995,210.3605,210.394,51.811387049056805,47.06178300284699,,,
1771968600,210.394,210.417,210.394,210.404,53.268229523265276,47.9051536219493,,,
1771968900,210.404,210.436,210.401,210.4335,57.36327480737419,49.263864767569444,,,
1771969200,210.4335,210.4425,210.3865,210.391,50.49780067892952,49.44561709143591,,,
1771969500,210.391,210.4135,210.3795,210.382,49.15611010323005,49.543229653769615,,,
1771969800,210.382,210.3865,210.353,210.3585,45.73887089189871,49.183430817413345,,,
1771970100,210.3585,210.3695,210.283,210.288,37.35014343408263,48.14113484717649,,,
1771970400,210.288,210.3565,210.2185,210.3055,40.27818513300716,48.07599484168752,,,
1771970700,210.3055,210.351,210.2725,210.3255,43.5266442240077,47.48659015932026,,,
1771971000,210.3255,210.352,210.3145,210.351,47.45129729278013,47.607997090028014,,,
1771971300,210.351,210.409,210.3345,210.3855,52.28294142407125,48.22385945377245,,,
1771971600,210.3855,210.3865,210.383,210.384,52.05881962262472,48.415470296481125,,,
1771971900,210.384,210.384,210.356,210.367,49.47052926675802,48.427136231273906,,,
1771972200,210.367,210.37,210.3215,210.322,43.329382793364864,48.11311544603221,,,
1771972500,210.322,210.326,210.31,210.3115,42.018672542865765,47.41363583844713,,,
1771972800,210.3115,210.3205,210.309,210.316,42.817032562109,46.667121769793106,,,
1771973100,210.316,210.3205,210.2575,210.27,37.18113297891001,45.22554021061709,,,
1771973400,210.27,210.273,210.257,210.2695,37.12393278315844,44.270263932347724,,,
1771973700,210.2695,210.286,210.2555,210.276,38.44959789172251,43.505513060097186,,,
1771974000,210.276,210.284,210.227,210.247,34.91285754174244,42.73222639222888,,,
1771974300,210.247,210.33,210.246,210.33,49.28992745479868,43.585068107994324,,,
1771974600,210.33,210.3945,210.3205,210.391,56.8361821165674,44.76778217824862,,,
1771974900,210.391,210.407,210.3695,210.38,55.23979999152572,45.60443616164277,,,
1771975200,210.38,210.3875,210.369,210.384,55.72677326239305,46.19554158804369,,,
1771975500,210.384,210.387,210.368,210.384,55.72677326239305,46.441529576495256,,,
1771975800,210.384,210.388,210.3325,210.333,48.004049017785,46.15190310472099,,,
1771976100,210.333,210.3945,210.333,210.393,55.769919121574006,46.60185952292213,,,
1771976400,210.393,210.4285,210.3625,210.374,53.067005233380314,47.29740398292323,,,
1771976700,210.374,210.3775,210.3145,210.3155,45.71978113750287,47.561768882540164,,,
1771977000,210.3155,210.3625,210.3145,210.352,50.33965502823637,48.09909905869212,,,
1771977300,210.352,210.41,210.3435,210.4085,56.51010899352052,49.47974020259287,,,
1771977600,210.4085,210.4495,210.3945,210.44,59.52932782401199,51.08012556265384,,,
1771977900,210.44,210.4645,210.4325,210.4575,61.143258329927946,52.70110130823995,,,
1771978200,210.4575,210.4785,210.4285,210.4635,61.707104333306575,54.614976079065954,,,
1771978500,210.4635,210.464,210.347,210.374,50.04207349855584,54.66870079647718,,,
1771978800,210.374,210.377,210.315,210.364,48.92911308951151,54.10391015168748,,,
1771979100,210.364,210.432,210.361,210.431,55.99134536639516,54.157591964178145,,,
1771979400,210.431,210.511,210.414,210.476,59.99289424465816,54.46231489148279,,,
1771979700,210.476,210.483,210.412,210.414,52.86122611215458,54.25763295218005,,,
1771980000,210.414,210.4745,210.384,210.458,56.78721642846284,54.88500205294275,,,
1771980300,210.458,210.47,210.3055,210.3055,43.320392655013215,53.995750162474124,,,
1771980600,210.3055,210.3695,210.2545,210.334,45.90237060966875,53.483990546494724,,,
1771980900,210.334,210.3565,210.2075,210.2135,38.01687518416235,52.93378297839897,,,
1771981200,210.2135,210.3015,210.1985,210.293,44.75932345292546,52.535187865876765,,,
1771981500,210.293,210.3015,210.1785,210.1815,38.44313130841601,51.24468945979787,,,
1771981800,210.1815,210.241,210.1775,210.214,41.05419749911135,49.925037293733546,,,
1771982100,210.214,210.323,210.214,210.3,47.41096512376379,48.944159207578956,,,
1771982400,210.3,210.353,210.298,210.328,49.32700391661735,48.05986632067258,,,
1771982700,210.328,210.3515,210.3035,210.3425,50.336127444949405,48.080870173986405,,,
1771983000,210.3425,210.347,210.2535,210.258,44.74401276193828,47.781934436302606,,,
1771983300,210.258,210.267,210.1885,210.245,43.93532396148379,46.92079005023751,,,
1771983600,210.245,210.254,210.218,210.2505,44.39323190060374,45.80652845423362,,,
1771983900,210.2505,210.3475,210.222,210.3315,50.77032604594928,45.65717844950467,,,
1771984200,210.3315,210.4025,210.3295,210.387,54.61125273654407,45.50175247151047,,,
1771984500,210.387,210.392,210.3385,210.345,51.34642507673973,46.075040501633794,,,
1771984800,210.345,210.4035,210.3185,210.3985,55.034083970589286,46.72730574169954,,,
1771985100,210.3985,210.4145,210.3535,210.356,51.68286795791996,47.703448082682236,,,
1771985400,210.356,210.361,210.2745,210.303,47.775805771170695,47.91891110541403,,,
1771985700,210.303,210.303,210.2245,210.247,43.99163551641851,48.31523283455707,,,
1771986000,210.247,210.321,210.2325,210.313,49.10790667821299,48.89049777592147,,,
1771986300,210.313,210.346,210.261,210.276,46.54117495613995,48.828369906805484,,,
1771986600,210.276,210.3845,210.1225,210.1295,38.05900340055241,48.02351272708656,,,
1771986900,210.1295,210.231,210.084,210.129,38.03352610279124,47.14475548836098,,,
1771987200,210.129,210.3545,210.1115,210.284,49.352356912641866,47.47392292769695,,,
1771987500,210.284,210.3385,210.2225,210.3305,52.17469152749118,48.06244918241176,,,
1771987800,210.3305,210.338,210.1935,210.196,44.45766601663033,48.0670516192708,,,
1771988100,210.196,210.2805,210.1695,210.17,43.12965470547895,47.52128938066578,,,
1771988400,210.17,210.208,210.146,210.172,43.270035906900524,46.71120246426267,,,
1771988700,210.172,210.247,210.0135,210.179,43.79299326187826,46.17167162034399,,,
1771989000,210.179,210.67,210.178,210.598,64.74347269882549,46.86519938664658,,,
1771989300,210.598,210.6455,210.5295,210.6395,66.09159599670059,47.894394246559486,,,
1771989600,210.6395,210.6885,210.6335,210.663,66.86426091118118,49.25785532798881,,,
1771989900,210.663,210.8005,210.6525,210.6535,66.20746381901142,50.84470020674545,,,
1771990200,210.6535,210.6805,210.5405,210.555,59.66346851784399,51.59866890957624,,,
1771990500,210.555,210.621,210.5305,210.62,62.3108366303594,52.725073314877626,,,
1771990800,210.62,210.6495,210.5885,210.625,62.51464347237969,54.471904748579576,,,
1771991100,210.625,210.725,210.6215,210.643,63.28437690431694,56.275536948688554,,,
1771991400,210.643,210.651,210.5725,210.6275,62.10180701263755,57.1862119558311,,,
1771991700,210.6275,210.633,210.5485,210.5635,57.33747688812924,57.554982338733815,,,
1771992000,210.5635,210.707,210.555,210.6855,63.142316049805174,58.889600198246306,,,
1771992300,210.6855,210.698,210.6535,210.6965,63.6229218473364,60.353404994093275,,,
1771992600,210.6965,210.8465,210.6755,210.8255,68.76647948772678,62.17457953558086,,,
1771992900,210.8255,210.8265,210.6975,210.72,61.15116308353733,63.414448808556514,,,
1771993200,210.72,210.7295,210.6785,210.699,59.73315682735798,63.05656910345169,,,
1771993500,210.699,210.7485,210.6675,210.745,61.821562189024824,62.75156668861771,,,
1771993800,210.745,210.7585,210.65,210.6815,57.396180013647815,62.075275195936754,,,
1771994100,210.6815,210.725,210.6805,210.71,58.82094426224079,61.547666656167415,,,
1771994400,210.71,210.71,210.6715,210.6865,57.124557015561244,61.3663158345758,,,
1771994700,210.6865,210.691,210.6025,210.6115,51.97288812199968,60.62789094112154,,,
1771995000,210.6115,210.635,210.55,210.558,48.60553960264619,59.634383521854865,,,
1771995300,210.558,210.559,210.487,210.504,45.40764011248758,58.3574737510099,,,
1771995600,210.504,210.614,210.504,210.598,51.40167319012924,57.5931784779736,,,
1771995900,210.598,210.6155,210.555,210.5695,49.62270021933964,57.04212300163148,,,
1771996200,210.5695,210.596,210.537,210.548,48.26561165451471,55.979501259110734,,,
1771996500,210.548,210.5495,210.504,210.536,47.485041238437425,54.826795501332235,,,
1771996800,210.536,210.565,210.517,210.5375,47.59912072132924,53.31484130373241,,,
1771997100,210.5375,210.5775,210.5325,210.557,49.14572780183761,52.45731021218243,,,
1771997400,210.557,210.6145,210.529,210.5705,50.24069119281796,51.779276952572424,,,
1771997700,210.5705,210.6095,210.522,210.602,52.79471113605557,51.134501877360336,,,
1771998000,210.602,210.6095,210.5615,210.5635,49.45365913423748,50.567178957402454,,,
1771998300,210.5635,210.608,210.542,210.558,48.97682200796645,49.86402736781144,,,
1771998600,210.558,210.581,210.528,210.5305,46.55949936291667,49.10938039262254,,,
1771998900,210.5305,210.5305,210.3735,210.398,37.06667375579253,48.04465079503631,,,
1771999200,210.398,210.459,210.3825,210.4445,41.5691474265001,47.54205135388302,,,
1771999500,210.4445,210.4785,210.3205,210.338,35.334025481881,46.82250745169683,,,
1771999800,210.338,210.4035,210.332,210.3965,40.60415001529676,46.051255796351654,,,
1772000100,210.3965,210.422,210.3355,210.422,42.79274382700083,45.563401768327445,,,
1772000400,210.422,210.493,210.411,210.4655,46.41974425894738,45.431554097215496,,,
1772000700,210.4655,210.514,210.4645,210.4835,47.891952422445165,45.46061918178748,,,
1772001000,210.4835,210.539,210.426,210.532,51.73971477109379,45.7563758996278,,,
1772001300,210.532,210.598,210.523,210.5825,55.43016057554455,46.20526395489258,,,
1772001600,210.5825,210.647,210.5295,210.6345,58.91415772546331,46.824797278652966,,,
1772001900,210.6345,210.6815,210.6345,210.663,60.7261901093002,47.39133149102758,,,
1772002200,210.663,210.6825,210.6015,210.6015,55.08085917867461,47.793274351344515,,,
1772002500,210.6015,210.636,210.596,210.614,55.97666906415488,48.29326342678655,,,
1772002800,210.614,210.732,210.6015,210.694,61.29651590706924,49.34590746565459,,,
1772003100,210.694,210.788,210.694,210.7375,63.85426117214704,51.25930656682277,,,
1772003400,210.7375,210.7715,210.59,210.605,52.47808065750123,52.038516083322854,,,
1772003700,210.605,210.651,210.5865,210.621,53.55415492826043,53.33995390092139,,,
1772004000,210.621,210.6815,210.6125,210.6365,54.62604755847688,54.34151801114854,,,
1772004300,210.6365,210.655,210.599,210.643,55.094078292251695,55.220184758666456,,,
1772004600,210.643,210.6845,210.5665,210.5715,49.09502629237623,55.41127633248281,,,
1772004900,210.5715,210.645,210.5355,210.642,54.37082350336284,55.874052838262635,,,
1772005200,210.642,210.6845,210.6195,210.6515,55.04691665005919,56.11028154390302,,,
1772005500,210.6515,210.699,210.6115,210.6535,55.197424087335506,56.09365750903095,,,
1772005800,210.6535,210.7825,210.6535,210.7435,61.451995724230954,56.27493165180006,,,
1772006100,210.7435,210.934,210.7435,210.9055,69.66193065234252,56.913198833445946,,,
1772006400,210.9055,211.059,210.9015,210.964,71.9824910219592,58.12045825082341,,,
1772006700,210.964,211.001,210.888,210.925,68.23528668324546,58.996073795044175,,,
1772007000,210.925,211.0105,210.8605,210.9595,69.73615891865632,59.598905438728956,,,
1772007300,210.9595,211.051,210.9255,210.9935,71.18132353703542,60.12226703622099,,,
1772007600,210.9935,211.0525,210.9895,211.003,71.58954963186271,61.4873719629611,,,
1772007900,211.003,211.035,210.971,210.9755,68.5619151466718,62.55935483570477,,,
1772008200,210.9755,211.11,210.9755,211.0705,72.8358298453366,63.86005357048047,,,
1772008500,211.0705,211.1725,211.045,211.1565,76.01471075099727,65.35438446039086,,,
1772008800,211.1565,211.22,211.1285,211.1285,73.01861512332844,67.0632122340303,,,
1772009100,211.1285,211.193,211.1075,211.1605,74.26693578173706,68.48436311105702,,,
1772009400,211.1605,211.1785,211.1335,211.162,74.32689642147055,69.8615045233007,,,
1772009700,211.162,211.2755,211.154,211.2755,78.42366725479536,71.52052189240497,,,
1772010000,211.2755,211.3795,211.2555,211.357,80.79369558090642,72.9020718821675,,,
1772010300,211.357,211.47,211.357,211.47,83.49993962020382,73.8905010941576,,,
1772010600,211.47,211.4865,211.3665,211.3675,73.3973311353947,73.99156110226014,,,
1772010900,211.3675,211.5365,211.3265,211.5305,77.96338184223752,74.68642504218815,,,
1772011200,211.5305,211.7005,211.5225,211.6595,80.77563444171582,75.47495900812098,,,
1772011500,211.6595,211.7065,211.6,211.63,78.31431752242563,75.98445857850598,,,
1772011800,211.63,211.666,211.3435,211.5345,70.79378911512667,75.92761854159627,,,
1772012100,211.5345,211.5785,211.2885,211.387,61.043452504197944,75.39058549570528,,,
1772012400,211.387,211.4425,211.3625,211.437,62.908383959558996,74.68148221814974,,,
1772012700,211.437,211.4925,211.3635,211.3635,58.476714170357546,73.42876817667546,,,
1772013000,211.3635,211.5275,211.352,211.523,64.3464629802483,72.80932873788403,,,
1772013300,211.523,211.6685,211.522,211.6355,67.80356437149119,72.34765935143788,,,
1772013600,211.6355,211.7525,211.613,211.7505,70.90884246579334,72.10351264031809,,,
1772013900,211.7505,211.7515,211.671,211.722,69.12938703933845,71.43963548207117,,,
1772014200,211.722,211.761,211.6985,211.7325,69.43372654752605,70.62820912254399,,,
1772014500,211.7325,211.744,211.663,211.667,65.12082392533907,69.31541514433937,,,
1772014800,211.667,211.6695,211.607,211.6445,63.65804604833686,68.61975192383524,,,
1772015100,211.6445,211.692,211.6215,211.647,63.75546494434896,67.60490071684319,,,
1772015400,211.647,211.7155,211.6345,211.6805,65.10530950929893,66.48559179309913,,,
1772015700,211.6805,211.7545,211.6545,211.72,66.6809973865734,65.65464035482397,,,
1772016000,211.72,211.7555,211.68,211.7335,67.22570760611073,65.39977738989425,,,
1772016300,211.7335,211.814,211.7315,211.8005,69.85932243796097,66.02948238516305,,,
1772016600,211.8005,211.857,211.7955,211.81,70.22467231965015,66.55207441088383,,,
1772016900,211.81,211.841,211.7955,211.82,70.62826807847051,67.42004254717763,,,
1772017200,211.82,211.8315,211.714,211.7335,62.71004152667184,67.30315530049359,,,
1772017500,211.7335,211.7625,211.7025,211.7165,61.256527464993916,66.83550980717236,,,
1772017800,211.7165,211.726,211.6795,211.6835,58.42556089159706,65.9438468375869,,,
1772018100,211.6835,211.707,211.5585,211.571,49.95045584897893,64.57392318113266,,,
1772018400,211.571,211.6245,211.5285,211.5995,51.85575680101326,63.318353913524604,,,
1772018700,211.5995,211.5995,211.523,211.5475,48.24685060041989,62.11307010460181,,,
1772019000,211.5475,211.607,211.5155,211.5715,49.97722075684479,61.135868298066654,,,
1772019300,211.5715,211.6225,211.542,211.6045,52.33699798947674,60.32026351557578,,,
1772019600,211.6045,211.633,211.582,211.6285,54.035279940698736,59.52954711781863,,,
1772019900,211.6285,211.68,211.611,211.6415,54.9711932726182,58.693132538250396,,,
1772020200,211.6415,211.7055,211.6395,211.676,57.447457342638835,57.994686090859545,,,
1772020500,211.676,211.765,211.6705,211.7575,62.67006022698488,57.48116736150411,,,
1772020800,211.7575,211.7605,211.6785,211.6895,56.445265995854406,56.496924052661555,,,
1772021100,211.6895,211.7125,211.5935,211.6085,50.06602786771248,55.028192609035976,,,
1772021400,211.6085,211.771,211.592,211.7665,59.64636341032647,54.80935845786845,,,
1772021700,211.7665,211.768,211.661,211.662,52.475302037225816,54.182128070170734,,,
1772022000,211.662,211.714,211.621,211.7085,55.06419075141998,53.94203020301523,,,
1772022300,211.7085,211.7155,211.6635,211.6725,52.671935453337795,54.136421603326575,,,
1772022600,211.6725,211.722,211.656,211.6925,53.870951347942324,54.28036407096436,,,
1772022900,211.6925,211.7815,211.6795,211.779,58.73961995590275,55.02984759635599,,,
1772023200,211.779,211.848,211.7455,211.8405,61.82466996751698,55.87609396854686,,,
1772023500,211.8405,211.913,211.8195,211.9115,65.07161821564632,56.78570969898755,,,
1772023800,211.9115,211.9195,211.8755,211.899,64.03892120187083,57.50025550335698,,,
1772024100,211.899,211.9275,211.8555,211.88,62.4174268273392,58.03212932869419,,,
1772024400,211.88,211.932,211.877,211.9025,63.59305314451274,58.471100457399466,,,
1772024700,211.9025,211.954,211.8895,211.9445,65.74699008096158,58.69088116125495,,,
1772025000,211.9445,211.99,211.939,211.953,66.18304138401946,59.38643654612388,,,
1772025300,211.953,212.031,211.953,211.974,67.29092012316136,60.61678599294165,,,
1772025600,211.974,211.978,211.9145,211.9425,63.908761102864304,60.921242970980074,,,
1772025900,211.9425,211.99,211.8975,211.9125,60.77574085085715,61.51413145766803,,,
1772026200,211.9125,211.927,211.8065,211.843,54.15251359441653,61.4490116607392,,,
1772026500,211.843,211.8445,211.763,211.771,48.282229898334805,61.13546126395328,,,
1772026800,211.771,211.8045,211.7165,211.742,46.113913589513714,60.58138713835124,,,
1772027100,211.742,211.7635,211.699,211.7275,45.025121644545,59.6017801161114,,,
1772027400,211.7275,211.7385,211.6685,211.6795,41.529476844845135,58.152123464491986,,,
1772027700,211.6795,211.698,211.642,211.6635,40.403436034025205,56.39011045151905,,,
1772028000,211.6635,211.6865,211.596,211.668,40.888885505712594,54.73653647322203,,,
1772028300,211.668,211.7295,211.638,211.7235,46.65977559213689,53.61098995642187,,,
1772028600,211.7235,211.8195,211.7065,211.813,54.39238011246015,52.95379902556097,,,
1772028900,211.813,211.816,211.754,211.7905,52.33822098665572,51.99602980453913,,,
1772029200,211.7905,211.7925,211.717,211.755,49.18223682439447,50.78168662170877,,,
1772029500,211.755,211.7695,211.698,211.713,45.673237561042676,49.23756643870029,,,
1772029800,211.713,211.717,211.5955,211.5995,37.820313776492114,47.37410591538799,,,
1772030100,211.5995,211.6575,211.5825,211.651,42.63954970111786,46.07866369040662,,,
1772030400,211.651,211.6535,211.4855,211.4855,33.621343230843195,44.612151521579946,,,
1772030700,211.4855,211.6245,211.4785,211.619,43.92406635382227,44.30085412554333,,,
1772031000,211.619,211.6515,211.593,211.6195,43.9591497563684,44.146942423175815,,,
1772031300,211.6195,211.771,211.609,211.762,52.98679694318439,44.71563351593578,,,
1772031600,211.762,211.762,211.621,211.642,46.23266072359453,45.051575221560725,,,
1772031900,211.642,211.6855,211.634,211.639,46.074540342831135,45.45665410076116,,,
1772032200,211.639,211.6925,211.6105,211.6775,48.50842127851533,46.00090665596135,,,
1772032500,211.6775,211.7065,211.6445,211.6975,49.77655747986935,46.22353393365653,,,
1772032800,211.6975,211.7065,211.6315,211.6465,46.623312704068866,45.66860054734286,,,
1772033100,211.6465,211.7245,211.62,211.7205,51.4310201823171,45.6038004898901,,,
1772033400,211.7205,211.722,211.577,211.579,43.384151248555106,45.18965152018728,,,
1772033700,211.579,211.6205,211.5395,211.6115,45.4935621854028,45.17681756478443,,,
1772034000,211.6115,211.6295,211.5095,211.5375,41.68520113754118,45.45288094771651,,,
1772034300,211.5375,211.5745,211.5005,211.538,41.72070090095738,45.3872488905622,,,
1772034600,211.538,211.5615,211.479,211.5205,40.78486767148229,45.8989292077507,,,
1772034900,211.5205,211.7105,211.516,211.63,48.56001229687704,46.23006820368318,,,
1772035200,211.63,211.7035,211.6135,211.6875,52.11557588139012,46.81267006975616,,,
1772035500,211.6875,211.772,211.671,211.7435,55.35234076726158,46.98163748576168,,,
1772035800,211.7435,211.848,211.7435,211.814,59.10052075035606,47.900770344816074,,,
1772036100,211.814,211.8165,211.694,211.7015,51.649197426970275,48.2989601365403,,,
1772036400,211.7015,211.7315,211.666,211.681,50.4021662108218,48.43422763170505,,,
1772036700,211.681,211.7585,211.681,211.752,54.49965356557847,48.77159163782712,,,
1772037000,211.752,211.8145,211.7465,211.776,55.828083733707274,49.4290752828013,,,
1772037300,211.776,211.86,211.776,211.847,59.58711289133091,50.011653333445146,,,
1772037600,211.847,211.865,211.7935,211.7965,55.94062732195049,50.90854448154481,,,
1772037900,211.7965,211.872,211.754,211.828,57.68030404866847,51.779026043206635,,,
1772038200,211.828,211.862,211.8135,211.833,57.964027657837576,52.94179936608496,,,
1772038500,211.833,211.8515,211.7935,211.7975,55.13756314470052,53.90014666920946,,,
1772038800,211.7975,211.843,211.7915,211.8265,56.98291949066806,55.05715037057988,,,
1772039100,211.8265,211.8845,211.817,211.874,59.89295534071731,55.86664630228275,,,
1772039400,211.874,211.918,211.8525,211.909,61.93623704007469,56.56812209933165,,,
1772039700,211.909,211.955,211.903,211.951,64.2874622293642,57.20634506091043,,,
1772040000,211.951,211.9635,211.936,211.952,64.34393658600176,57.58087476345655,,,
1772040300,211.952,211.995,211.9335,211.949,64.01687391419131,58.46428022682948,,,
1772040600,211.949,211.9565,211.9105,211.9275,61.60025724442993,59.26414387208721,,,
1772040900,211.9275,211.957,211.9275,211.951,63.23396433522421,59.88802321277619,,,
1772041200,211.951,211.9825,211.9295,211.9825,65.36129454183745,60.56896684192835,,,
1772041500,211.9825,212.006,211.975,212.005,66.83732169997774,61.086838899688836,,,
1772041800,212.005,212.0255,211.9735,212.0115,67.27121022434058,61.89616624985956,,,
1772042100,212.0115,212.0115,211.9105,211.9145,55.58376502062414,61.74641346214211,,,
1772042400,211.9145,211.986,211.9105,211.955,58.80211479736838,61.806276829251445,,,
1772042700,211.955,212.0475,211.953,212.019,63.324589237809896,62.39106440733069,,,
1772043000,212.019,212.021,211.959,211.9635,57.43634659636119,62.42345205773734,,,
1772043300,211.9635,211.9635,211.874,211.874,49.45085183181026,61.67758752138684,,,
1772043600,211.874,211.938,211.873,211.918,52.91660119372853,61.03332781807641,,,
1772043900,211.918,211.929,211.9065,211.9115,52.34563662346226,60.18034027479769,,,
1772044200,211.9115,211.933,211.905,211.921,53.1414315512725,59.380161343745606,,,
1772044500,211.921,211.938,211.86,211.8625,47.84314811409522,58.22489521516731,,,
1772044800,211.8625,211.8685,211.8495,211.8505,46.81212045684716,57.16859973033997,,,
1772045100,211.8505,211.892,211.8495,211.89,50.586912980588764,56.26523891929459,,,
1772045400,211.89,211.9075,211.87,211.8945,51.01345061891866,55.24039292480039,,,
1772045700,211.8945,211.9725,211.8775,211.9585,56.73372688845055,54.518707581119884,,,
1772046000,211.9585,211.9595,211.924,211.9315,53.87547973680031,53.561869689152715,,,
1772046300,211.9315,211.9535,211.9125,211.938,54.470167218776396,53.48232698902074,,,
1772046600,211.938,211.989,211.932,211.972,57.553027870177864,53.39310649422141,,,
1772046900,211.972,212.0035,211.952,211.993,59.38238025093588,53.11152013801613,,,
1772047200,211.993,212.0025,211.974,211.982,57.97297997408692,53.14985109356797,,,
1772047500,211.982,212.0265,211.9735,212.0265,61.91141429097807,54.039891269222814,,,
1772047800,212.0265,212.082,212.024,212.075,65.68571403177012,54.95197075765435,,,
1772048100,212.075,212.111,212.075,212.094,67.06268955146274,56.0031888239401,,,
1772048400,212.094,212.122,212.026,212.027,58.19442713711677,56.364117080071836,,,
1772048700,212.027,212.0385,212,212.0015,55.20239959937387,56.88977790044889,,,
1772049000,212.0015,212.01,211.989,211.9995,54.96370932606775,57.47203424825036,,,
1772049300,211.9995,212.0035,211.9815,211.994,54.268774373088455,57.73502434771463,,,
1772049600,211.994,211.999,211.9615,211.9675,50.92767177752273,57.72889728761492,,,
1772049900,211.9675,211.969,211.915,211.935,47.09797651491121,57.04062940379068,,,
1772050200,211.935,211.9415,211.9225,211.9255,46.00885399333987,56.47872756497208,,,
1772050500,211.9255,211.9565,211.9105,211.9565,50.06663060106228,56.16418923513536,,,
1772050800,211.9565,211.9725,211.9425,211.955,49.8713178122452,55.615495659568744,,,
1772051100,211.955,212.0005,211.9415,211.987,53.994525693296794,55.230648905451666,,,
1772051400,211.987,212.0035,211.9375,211.942,48.013697654528585,54.51927159691178,,,
1772051700,211.942,211.9755,211.937,211.9615,50.56886276244471,53.70908934487368,,,
1772052000,211.9615,211.981,211.953,211.97,51.68365293117363,52.7089421234025,,,
1772052300,211.97,212.021,211.97,211.993,54.66311460133955,51.8232581983937,,,
1772052600,211.993,212.0445,211.9895,212.043,60.382595131245445,51.97955591226003,,,
1772052900,212.043,212.054,211.942,212.044,60.48995133560475,52.357238179133674,,,
1772053200,212.044,212.0955,212.044,212.0505,61.22545671874204,52.80450585003898,,,
1772053500,212.0505,212.076,212.048,212.064,62.7753918460714,53.412121383823475,,,
1772053800,212.064,212.0785,212.035,212.0625,62.476560523695845,54.23704200855013,,,
1772054100,212.0625,212.0625,212.034,212.0385,57.74045316535159,54.99721891215301,,,
1772054400,212.0385,212.0475,212.0295,212.04,57.9549810149359,55.850513699409866,,,
1772054700,212.04,212.0425,212.0095,212.02,54.01751460573541,56.13271969974367,,,
1772055000,212.02,212.065,212.0065,212.0625,60.204803139783195,56.8708257945678,,,
1772055300,212.0625,212.071,212.02,212.07,61.19707217778146,57.38529340060243,,,
1772055600,212.07,212.07,212.029,212.0545,57.97949951742039,58.09713639080899,,,
1772055900,212.0545,212.0855,212.009,212.084,62.06727268340387,58.918451385163216,,,
1772056200,212.084,212.084,212.028,212.038,53.35172759910775,59.03759957572994,,,
1772056500,212.038,212.0615,212.002,212.034,52.659269397027145,58.89446777542191,,,
1772056800,212.034,212.0825,211.9015,211.93,38.623061224314085,57.34021535349824,,,
1772057100,211.93,212.0185,211.927,211.985,46.71243463629035,56.356107017832926,,,
1772057400,211.985,212.072,211.8985,211.954,43.252229504462754,55.07230507395583,,,
1772057700,211.954,211.955,211.939,211.9415,41.90431877558239,53.581514140349476,,,
1772058000,211.9415,211.9515,211.903,211.916,39.219184310250746,51.92027298224625,,,
1772058300,211.916,211.9275,211.77,211.8045,30.12837846212976,49.94798193201613,,,
1772058600,211.8045,211.834,211.7525,211.8205,32.54467302263943,48.13295993256638,,,
1772058900,211.8205,212.052,211.819,211.889,41.820899229110516,47.26177311995031,,,
1772059200,211.889,212.002,211.8815,211.975,50.94218111562348,46.600157261081755,,,
1772059500,211.975,211.9865,211.886,211.907,44.94234062072181,45.43910500700606,,,
1772059800,211.907,211.9935,211.902,211.9785,51.4210974700606,44.97064771790894,,,
1772060100,211.9785,211.9785,211.908,211.9305,47.389510456007805,43.922236130237785,,,
1772060400,211.9305,211.9445,211.848,211.872,42.96792161651634,43.18053570290983,,,
1772060700,211.872,211.9325,211.872,211.903,45.851130063434596,42.69424003622465,,,
1772061000,211.903,211.918,211.881,211.9075,46.2757134562765,43.24085805279339,,,
1772061300,211.9075,211.918,211.86,211.877,43.77059610068858,43.03072672882184,,,
1772061600,211.877,211.8825,211.802,211.8075,38.637768920965975,42.70112240142921,,,
1772061900,211.8075,211.8355,211.7715,211.833,41.35511156545973,42.66189331499188,,,
1772062200,211.833,211.8605,211.805,211.8565,43.824027089872224,42.990810656393414,,,
1772062500,211.8565,211.8605,211.8095,211.8155,40.61164411424495,43.73961534583021,,,
1772062800,211.8155,211.8225,211.717,211.7285,34.78490086665215,43.899631620402545,,,
1772063100,211.7285,211.758,211.7085,211.72,34.267599825057374,43.36011023439875,,,
1772063400,211.72,211.721,211.665,211.708,33.50994174452087,42.11495027931999,,,
1772063700,211.708,211.7955,211.695,211.7305,36.35154470357147,41.50132199952354,,,
1772064000,211.7305,211.7935,211.656,211.761,40.089317951009384,40.69190917673417,,,
1772064300,211.761,211.761,211.653,211.6725,33.87331878818654,39.726466914746936,,,
1772064600,211.6725,211.6875,211.6045,211.654,32.73082874822484,38.99524599558326,,,
1772064900,211.654,211.6555,211.5795,211.586,28.87562031267956,37.782709584815045,,,
1772065200,211.586,211.595,211.5425,211.557,27.3937308344356,36.43399654039784,,,
1772065500,211.557,211.5885,211.5485,211.5775,30.123683044629672,35.45921703639363,,,
1772065800,211.5775,211.635,211.569,211.5735,29.887547148630475,34.83420119551252,,,
1772066100,211.5735,211.601,211.546,211.5765,30.32866438159931,34.04659782523678,,,
1772066400,211.5765,211.634,211.565,211.631,37.964539309683275,33.62806298379471,,,
1772066700,211.631,211.631,211.538,211.592,35.0077419780812,33.227784259783014,,,
1772067000,211.592,211.678,211.556,211.6555,42.816911225448706,33.80149928541134,,,
1772067300,211.6555,211.6565,211.554,211.585,37.438416403091274,34.02798618384234,,,
1772067600,211.585,211.592,211.4755,211.5185,33.20175572357043,34.0059728966316,,,
1772067900,211.5185,211.5955,211.509,211.592,41.131184239330636,34.34737572061439,,,
1772068200,211.592,211.7035,211.5835,211.6935,49.96440865200163,35.05273934211384,,,
1772068500,211.6935,211.7025,211.6465,211.678,48.761152026711976,36.11615600200851,,,
1772068800,211.678,211.686,211.5335,211.547,39.99469381236215,36.63500350658975,,,
1772069100,211.547,211.5845,211.5315,211.533,39.18392036367377,37.37131065308934,,,
1772069400,211.533,211.6405,211.464,211.625,46.814151729263045,38.75848357414844,,,
1772069700,211.625,211.645,211.545,211.559,42.67741238423537,39.655178526977416,,,
1772070000,211.559,211.6,211.534,211.5595,42.71870805791433,40.57169002049769,,,
1772070300,211.5595,211.6125,211.5285,211.5975,45.90810962617925,41.6845075379677,,,
1772070600,211.5975,211.6035,211.544,211.546,42.457769641980235,42.00545256170319,,,
1772070900,211.546,211.5805,211.494,211.518,40.66814350447057,42.40976695644529,,,
1772071200,211.518,211.528,211.445,211.461,37.22800151450769,42.0105591199495,,,
1772071500,211.461,211.4695,211.4,211.431,35.524729978522544,41.8738672324803,,,
1772071800,211.431,211.4315,211.3895,211.3975,33.672084162999596,41.90746212101096,,,
1772072100,211.3975,211.498,211.3935,211.465,40.41492284365155,41.85630059274816,,,
1772072400,211.465,211.5225,211.4605,211.506,44.130176618775245,41.439569733232,,,
1772072700,211.506,211.5245,211.4785,211.516,45.03044913743978,41.173090955426844,,,
1772073000,211.516,211.516,211.48,211.4805,42.417364864251,41.34613888770462,,,
1772073300,211.4805,211.506,211.441,211.495,43.850597243871896,41.679472950575914,,,
1772073600,211.495,211.557,211.491,211.535,47.716628273187126,41.7439355608562,,,
1772073900,211.535,211.557,211.516,211.533,47.54037488108236,42.0912900249167,,,
1772074200,211.533,211.5565,211.516,211.5375,48.005736294445995,42.46893489895467,,,
1772074500,211.5375,211.5375,211.48,211.514,45.72458049170708,42.4558256750638,,,
1772074800,211.514,211.522,211.46,211.474,42.06090314147452,42.42747806788482,,,
1772075100,211.474,211.5155,211.4695,211.4875,43.70047582786237,42.644073233841375,,,
1772075400,211.4875,211.52,211.4665,211.4665,41.722593458060324,42.9651155155237,,,
1772075700,211.4665,211.4665,211.3425,211.378,34.61276331276913,42.89997503939846,,,
1772076000,211.378,211.3855,211.3395,211.3555,33.069841314344146,42.85695769306593,,,
1772076300,211.3555,211.423,211.3365,211.4095,39.984447239646336,42.82620943563699,,,
1772076600,211.4095,211.4125,211.342,211.3645,36.59184228466987,42.28775698320089,,,
1772076900,211.3645,211.3885,211.344,211.363,36.48072819746437,41.6770626303455,,,
1772077200,211.363,211.407,211.3605,211.407,42.04048378640459,41.650142553356474,,,
1772077500,211.407,211.447,211.407,211.447,46.61515778914473,41.847611163733106,,,
1772077800,211.447,211.4805,211.4265,211.436,45.550414024750935,41.69288157455909,,,
1772078100,211.436,211.436,211.3815,211.3965,41.853504133445675,41.28667652115648,,,
1772078400,211.3965,211.426,211.38,211.384,40.72701572944104,40.76676790937041,,,
1772078700,211.384,211.387,211.348,211.368,39.27004459262794,40.305729630864754,,,
1772079000,211.368,211.459,211.365,211.428,46.93627772824453,40.6539706727769,,,
1772079300,211.428,211.46,211.415,211.44,48.34084025392621,40.9854252746386,,,
1772079600,211.44,211.4485,211.4095,211.429,47.109859404968155,41.37022998513202,,,
1772079900,211.429,211.463,211.4035,211.463,51.24269131466874,42.55808198526771,,,
1772080200,211.463,211.546,211.462,211.491,54.402616093663895,44.08185161236197,,,
1772080500,211.491,211.5645,211.491,211.554,60.59127571539177,45.55376793205808,,,
1772080800,211.554,211.5665,211.512,211.512,55.21132536544625,46.8837310092564,,,
1772081100,211.512,211.533,211.476,211.5035,54.16316786324614,48.1467624139551,,,
1772081400,211.5035,211.515,211.469,211.47,50.124320526766766,48.72417932398097,,,
1772081700,211.47,211.4725,211.3685,211.3785,41.1078066390869,48.330797098976824,,,
1772082000,211.3785,211.38,211.2795,211.329,37.208388506442475,47.734938133383366,,,
1772082300,211.329,211.363,211.2965,211.3245,36.86602004207881,47.3786892697143,,,
1772082600,211.3245,211.3825,211.307,211.369,42.500444513264725,47.50536275427313,,,
1772082900,211.369,211.3825,211.318,211.328,39.043125172043894,47.48915422423142,,,
1772083200,211.328,211.405,211.315,211.397,46.87545808703211,47.484809964144816,,,
1772083500,211.397,211.4195,211.3655,211.39,46.226534713967716,47.33378813986206,,,
1772083800,211.39,211.4405,211.384,211.43,50.44793275391193,47.5722219505009,,,
1772084100,211.43,211.432,211.3405,211.3485,43.03496611021317,46.98595586446837,,,
1772084400,211.3485,211.3515,211.323,211.3455,42.785738568396184,46.15617889837781,,,
1772084700,211.3455,211.423,211.339,211.368,45.34238792836367,45.06697262787581,,,
1772085000,211.368,211.3885,211.1735,211.35,43.661494643172595,44.24198471914199,,,
1772085300,211.35,211.473,211.329,211.469,55.42606066626262,44.33219134792888,,,
1772085600,211.469,211.5205,211.4205,211.5205,59.379381598724706,44.99326713878302,,,
1772085900,211.5205,211.561,211.485,211.5055,57.77218659726843,46.18357999293884,,,
1772086200,211.5055,211.532,211.4635,211.485,55.55891875833151,47.49433215378805,,,
1772086500,211.485,211.5535,211.485,211.544,60.27578271672407,49.166458059119854,,,
1772086800,211.544,211.5515,211.4645,211.467,52.45141363279899,49.87724156765802,,,
1772087100,211.467,211.5075,211.4475,211.507,55.67064251811041,51.06492137809134,,,
1772087400,211.507,211.5285,211.4625,211.474,52.5119248070459,51.46752614380661,,,
1772087700,211.474,211.548,211.4125,211.507,55.246537983512525,52.111812091631236,,,
1772088000,211.507,211.525,211.4735,211.48,52.57872200951073,52.26401132417401,,,
1772088300,211.48,211.505,211.4505,211.478,52.376958792764384,52.931296515784815,,,
1772088600,211.478,211.523,211.4445,211.512,55.50301079705686,53.83967310354628,,,
1772088900,211.512,211.513,211.4385,211.444,48.62790603291749,54.07435296815727,,,
1772089200,211.444,211.511,211.441,211.48,52.0165979441048,54.671146061081004,,,
1772089500,211.48,211.5665,211.468,211.5665,59.01264884143793,54.92733093073638,,,
1772089800,211.5665,211.5875,211.538,211.563,58.64009145089252,54.874524491605506,,,
1772090100,211.563,211.5785,211.5155,211.57,59.19494292341711,54.976149943473274,,,
1772090400,211.57,211.63,211.5565,211.5835,60.30104859846923,55.314873503483106,,,
1772090700,211.5835,211.5945,211.497,211.5685,58.40658350436917,55.18135927402919,,,
1772091000,211.5685,211.5795,211.5105,211.5115,51.75286504120187,55.131462946057965,,,
1772091300,211.5115,211.5595,211.5105,211.5155,52.16469786551562,54.881038328015485,,,
1772091600,211.5155,211.552,211.5115,211.5275,53.4484739760772,54.94793469723199,,,
1772091900,211.5275,211.5305,211.446,211.449,44.949957052652906,54.21246463074203,,,
1772092200,211.449,211.452,211.331,211.3805,39.10658751446108,53.25016930966706,,,
1772092500,211.3805,211.4645,211.3705,211.397,41.0930424621118,52.44417528604902,,,
1772092800,211.397,211.397,211.2955,211.326,35.696742513341064,51.02944183721217,,,
1772093100,211.326,211.386,211.301,211.328,35.95188949614888,50.12401208458584,,,
1772093400,211.328,211.3305,211.1745,211.1765,27.160423189991747,48.34857103072062,,,
1772093700,211.1765,211.1805,211.1195,211.168,26.764967981276044,46.045165254994764,,,
1772094000,211.168,211.168,211.034,211.052,22.047187670634088,43.43138641354774,,,
1772094300,211.052,211.151,211.007,211.151,32.915348188390425,41.554272503902986,,,
1772094600,211.151,211.1765,211.0615,211.0825,29.817658869547685,39.37688752326573,,,
1772094900,211.0825,211.0935,211.007,211.0275,27.573812950946404,37.17454676944981,,,
1772095200,211.0275,211.078,210.9355,210.966,25.282731198207742,35.28382292352166,,,
1772095500,210.966,211.003,210.916,210.916,23.56818396929968,33.24121478807766,,,
1772095800,210.916,210.964,210.8895,210.919,23.90163856299766,31.130726544286265,,,
1772096100,210.919,210.9705,210.8795,210.97,29.530221109401097,30.029316834053994,,,
1772096400,210.97,210.9895,210.881,210.889,26.213911365896777,29.108411394870824,,,
1772096700,210.889,210.9805,210.836,210.973,34.43685169314432,28.632969197087437,,,
1772097000,210.973,210.973,210.9045,210.9175,31.90677363056878,28.362257134032266,,,
1772097300,210.9175,210.977,210.9175,210.975,37.06567916500462,28.441813538950534,,,
1772097600,210.975,210.9875,210.9465,210.978,37.3324476296661,29.16838671321299,,,
1772097900,210.978,211.0445,210.9685,211.0425,42.933284927594805,30.323266495092902,,,
1772098200,211.0425,211.058,211.0245,211.028,42.02399878949828,31.750181575011773,,,
1772098500,211.028,211.116,211.026,211.1055,48.32365208987904,32.85077471083239,,,
1772098800,211.1055,211.1535,211.044,211.0495,44.55620155276754,33.9035277596338,,,
1772099100,211.0495,211.158,211.0475,211.1555,52.1592583609971,35.65963100320885,,,
1772099400,211.1555,211.1745,211.118,211.1255,50.066668919520616,37.42991226901692,,,
1772099700,211.1255,211.134,211.0965,211.125,50.030642414352755,39.32008787223499,,,
1772100000,211.125,211.141,211.098,211.098,48.02115859237199,41.04291073147601,,,
1772100300,211.098,211.118,211.047,211.0655,45.64463331778885,42.19394017493228,,,
1772100600,211.0655,211.1295,211.0655,211.1165,49.83972280863827,43.881498135128105,,,
1772100900,211.1165,211.1225,211.079,211.099,48.45770327292014,44.882987533683526,,,
1772101200,211.099,211.1685,211.075,211.1665,53.7813170136581,46.4454549181899,,,
1772101500,211.1665,211.1915,211.1525,211.163,53.47290908320342,47.61739991234696,,,
1772101800,211.163,211.163,211.113,211.113,49.13783278695627,48.46064170929626,,,
1772102100,211.113,211.1935,211.101,211.1895,55.131353575883104,49.33193232703114,,,
1772102400,211.1895,211.1895,211.1145,211.1185,49.322219941650246,49.85323383789914,,,
1772102700,211.1185,211.149,211.1105,211.127,50.00144766243932,49.9730763787963,,,
1772103000,211.127,211.1285,211.0745,211.0965,47.53928865886121,50.18615402923157,,,
1772103300,211.0965,211.1315,211.09,211.1005,47.901617241269406,49.88203680639388,,,
1772103600,211.1005,211.12,211.0885,211.093,47.24276252323807,49.68032920665941,,,
1772103900,211.093,211.2335,211.092,211.1965,56.196631980466755,50.1207570328104,,,
1772104200,211.1965,211.2065,211.1545,211.1605,52.837567346281325,50.46478622951821,,,
1772104500,211.1605,211.262,211.1585,211.223,57.57842642966698,51.31720002322379,,,
1772104800,211.223,211.2295,211.188,211.2175,57.03508812790071,51.8311546888854,,,
1772105100,211.2175,211.264,211.2155,211.2585,60.06072339888765,52.65994184074022,,,
1772105400,211.2585,211.2805,211.232,211.2755,61.278328593322165,53.195442667859076,,,
1772105700,211.2755,211.2855,211.2285,211.2625,59.777526749868144,53.64577250119227,,,
1772106000,211.2625,211.2675,211.2195,211.223,55.34233548948391,54.08895126565854,,,
1772106300,211.223,211.272,211.208,211.252,57.8168984304845,54.28077589813006,,,
1772106600,211.252,211.2705,211.1885,211.202,52.42324443037652,54.502277647324796,,,
1772106900,211.202,211.202,211.1535,211.164,48.70450536852247,54.40963891204502,,,
1772107200,211.164,211.1965,211.1375,211.1665,48.96102161613676,54.51119126613613,,,
1772107500,211.1665,211.2215,211.157,211.2205,54.27947436940863,54.96675248957465,,,
1772107800,211.2205,211.234,211.168,211.2335,55.482158842394625,55.55528079808584,,,
1772108100,211.2335,211.282,211.2205,211.241,56.19803302029814,55.555380872359514,,,
1772108400,211.241,211.2565,211.208,211.24,56.06857006931077,55.78616678114732,,,
1772108700,211.24,211.241,211.1955,211.212,52.42673782385153,55.418189023589086,,,
1772109000,211.212,211.2425,211.198,211.2095,52.1013389827128,55.06577837036137,,,
1772109300,211.2095,211.2775,211.2085,211.2775,59.470068623545515,55.023588743551215,,,
1772109600,211.2775,211.3075,211.271,211.288,60.48104219373592,54.96663971500934,,,
1772109900,211.288,211.4095,211.2865,211.3765,67.7768116013169,55.538017204398535,,,
1772110200,211.3765,211.456,211.3765,211.437,71.63235571114754,56.70159007737451,,,
1772110500,211.437,211.5115,211.4105,211.4595,72.92960541046472,57.781069147373096,,,
1772110800,211.4595,211.484,211.384,211.4595,72.92960541046472,59.245809217379396,,,
1772111100,211.4595,211.481,211.4155,211.4715,73.67425019218099,61.02936241906929,,,
1772111400,211.4715,211.5715,211.456,211.518,76.3850530154868,62.98822180473714,,,
1772111700,211.518,211.5545,211.4595,211.497,72.74209624952567,64.3069805104598,,,
1772112000,211.497,211.5105,211.4075,211.422,61.46713065985986,64.73447849742159,,,
1772112300,211.422,211.456,211.366,211.393,57.74037894012475,64.84464606312349,,,
1772112600,211.393,211.441,211.384,211.415,59.73484329997127,65.10652272245638,,,