time,open,high,low,close,RSI,RSI-based MA,Upper Bollinger Band,Lower Bollinger Band,Volume
1759266000,198.852,198.852,198.7365,198.7765,,,,,
1759266900,198.7765,198.8135,198.7625,198.806,,,,,
1759267800,198.806,198.8305,198.7785,198.8095,,,,,
1759268700,198.8095,198.832,198.7705,198.825,,,,,
1759269600,198.825,198.884,198.8165,198.868,,,,,
1759270500,198.868,198.879,198.841,198.879,,,,,
1759271400,198.879,198.8965,198.853,198.8635,,,,,
1759272300,198.8635,198.8715,198.8285,198.852,,,,,
1759273200,198.852,198.8735,198.799,198.819,,,,,
1759274100,198.819,198.8895,198.8115,198.882,,,,,
1759275000,198.882,198.8915,198.8505,198.886,,,,,
1759275900,198.886,198.9955,198.8695,198.9885,,,,,
1759276800,198.9885,199.073,198.955,198.9655,,,,,
1759277700,198.9655,199.0405,198.9645,199.0225,,,,,
1759278600,199.0225,199.1865,199.0215,199.1755,85.30973451327456,,,,
1759279500,199.1755,199.221,199.0445,199.0705,71.08338060124916,,,,
1759280400,199.0705,199.108,198.9955,199.0185,65.27763308677879,,,,
1759281300,199.0185,199.0305,198.9375,198.9755,60.85162648695142,,,,
1759282200,198.9755,198.9915,198.8685,198.8855,52.78459762352076,,,,
1759283100,198.8855,198.9065,198.861,198.88,52.32805547331159,,,,
1759284000,198.88,198.9125,198.8195,198.842,49.16412063358373,,,,
1759284900,198.842,198.876,198.7935,198.8715,51.61019635369189,,,,
1759285800,198.8715,198.8785,198.8055,198.8745,51.863857971736444,,,,
1759286700,198.8745,198.8945,198.8185,198.8215,47.16039597142538,,,,
1759287600,198.8215,198.835,198.7545,198.7775,43.62340559828015,,,,
1759288500,198.7775,198.8515,198.7595,198.833,48.83591266180273,,,,
1759289400,198.833,198.875,198.833,198.8395,49.42568296762534,,,,
1759290300,198.8395,198.8645,198.8125,198.83,48.5449252852085,55.561680373460035,,,
1759291200,198.83,198.926,198.8275,198.921,56.534923458475525,53.50633672668867,,,
1759292100,198.921,198.922,198.8325,198.864,51.17459918241551,52.0842809110577,,,
1759293000,198.864,198.864,198.755,198.7575,42.975682504779044,50.49128444091486,,,
1759293900,198.7575,198.7835,198.639,198.6565,36.93248243617306,48.78277415157355,,,
1759294800,198.6565,198.749,198.5845,198.7065,41.330810244512726,47.9646464816444,,,
1759295700,198.7065,198.7095,198.544,198.57,34.29841544103844,46.67681505076775,,,
1759296600,198.57,198.6365,198.5525,198.5995,36.801137573114765,45.79374483216282,,,
1759297500,198.5995,198.6305,198.5035,198.508,32.64714462453041,44.439241137222716,,,
1759298400,198.508,198.512,198.3825,198.3925,28.30405540856809,42.756398096996406,,,
1759299300,198.3925,198.46,198.324,198.43,31.49072394797733,41.637135809607265,,,
1759300200,198.43,198.4875,198.3715,198.373,29.354965433169227,40.61796151209934,,,
1759301100,198.373,198.387,198.244,198.267,25.84458092726709,38.975723531061085,,,
1759302000,198.267,198.272,198.122,198.172,23.170299066981144,37.100338966729346,,,
1759302900,198.172,198.1875,198.0355,198.0835,20.991189432914993,35.13221497727981,,,
1759303800,198.0835,198.234,198.0835,198.1265,24.696889174257464,32.85806967126423,,,
1759304700,198.1265,198.2,198.0885,198.137,25.61435388776313,31.032337864503347,,,
1759305600,198.137,198.1795,198.052,198.084,24.023315524215533,29.67859736589167,,,
1759306500,198.084,198.1415,198.026,198.1015,25.665176657737263,28.873789810289114,,,
1759307400,198.1015,198.2115,198.0315,198.1905,33.53209620235761,28.316738807278032,,,
1759308300,198.1905,198.224,198.0805,198.1705,32.69473113811354,28.20218992849768,,,
1759309200,198.1705,198.2285,198.1455,198.172,32.830210788244,27.918552301006912,,,
1759310100,198.172,198.2305,198.144,198.2075,36.108087886344464,28.165762533993632,,,
1759311000,198.2075,198.2375,198.118,198.1935,35.37492813910343,28.670824871889014,,,
1759311900,198.1935,198.248,198.161,198.208,36.80610690167706,29.050495082867567,,,
1759312800,198.208,198.245,198.1335,198.141,33.15266069871447,29.321759030406515,,,
1759313700,198.141,198.214,198.141,198.1825,37.30393198786114,30.140284106163232,,,
1759314600,198.1825,198.215,198.0965,198.1505,35.4745658174145,31.01916030262276,,,
1759315500,198.1505,198.2035,198.1255,198.1335,34.50644430756515,31.984535650812056,,,
1759316400,198.1335,198.29,198.117,198.2505,45.52514713486462,33.472268362284,,,
1759317300,198.2505,198.322,198.2085,198.2895,48.6277346928596,35.11608127693374,,,
1759318200,198.2895,198.3265,198.2705,198.2815,48.023518967313585,36.830381522869324,,,
1759319100,198.2815,198.3275,198.178,198.192,41.770429303209404,37.98075671183161,,,
1759320000,198.192,198.242,198.1315,198.222,44.384512049443856,38.755929272337774,,,
1759320900,198.222,198.3385,197.9305,198.334,52.88786124637812,40.19829570864239,,,
1759321800,198.334,198.444,198.2285,198.39,56.47148800760668,41.88695836716829,,,
1759322700,198.39,198.5345,198.362,198.362,54.24950654907687,43.182773985934894,,,
1759323600,198.362,198.4185,198.232,198.405,57.04476764067492,44.73061966461857,,,
1759324500,198.405,198.433,198.281,198.303,49.343335395884374,45.62613598563338,,,
1759325400,198.303,198.422,198.2665,198.3535,52.744911223210146,47.02558245166879,,,
1759326300,198.3535,198.3785,198.2585,198.313,49.8536404179392,47.921990196674365,,,
1759327200,198.313,198.506,198.3105,198.415,56.34417199185669,49.412676351991664,,,
1759328100,198.415,198.455,198.341,198.3455,51.45703070605671,50.62343252331249,,,
1759329000,198.3455,198.446,198.2355,198.308,48.987998603217925,50.870779056766295,,,
1759329900,198.308,198.509,198.1895,198.365,52.702880237684695,51.16186088139666,,,
1759330800,198.365,198.378,198.259,198.329,50.21560609469537,51.3184385333525,,,
1759331700,198.329,198.3695,198.274,198.3355,50.66830648480705,51.95400118918091,,,
1759332600,198.3355,198.3725,198.2875,198.329,50.1769389133449,52.36774596517383,,,
1759333500,198.329,198.3475,198.2155,198.2375,43.74565804108903,51.71473145051033,,,
1759334400,198.2375,198.3015,198.2145,198.2375,43.74565804108903,50.80574359575907,,,
1759335300,198.2375,198.35,198.207,198.3075,49.48972340180125,50.465759085239384,,,
1759336200,198.3075,198.337,198.2695,198.2735,46.98046056502752,49.74688000840742,,,
1759337100,198.2735,198.314,198.241,198.2875,48.14631559340042,49.661378593944285,,,
1759338000,198.2875,198.348,198.2855,198.295,48.79589358469563,49.37930590547897,,,
1759338900,198.295,198.317,198.271,198.317,50.74505420274344,49.442978318679266,,,
1759339800,198.317,198.317,198.229,198.2625,46.06674552771722,48.70887642838359,,,
1759340700,198.2625,198.3015,198.2345,198.2775,47.50131960776892,48.42632563564875,,,
1759341600,198.2775,198.3275,198.236,198.252,45.2955725403982,48.16258091687592,,,
1759342500,198.252,198.29,198.242,198.2555,45.66849139974193,47.66012457130857,,,
1759343400,198.2555,198.3465,198.2485,198.336,53.517176268600366,47.895951012301786,,,
1759344300,198.336,198.3995,198.3195,198.3635,55.8628669616941,48.26699104636515,,,
1759345200,198.3635,198.3795,198.2785,198.3085,50.38633426850402,48.281947857447946,,,
1759346100,198.3085,198.376,198.2805,198.366,55.318115302859276,49.10855194757439,,,
1759347000,198.366,198.397,198.355,198.3655,55.26666918549191,49.931481315031746,,,
1759347900,198.3655,198.3695,198.277,198.2865,47.7159161483694,49.80478079692947,,,
1759348800,198.2865,198.296,198.2375,198.2775,46.92928522360653,49.80112541539939,,,
1759349700,198.2775,198.2815,198.2365,198.2625,45.58056796609004,49.61785772773437,,,
1759350600,198.2625,198.2885,198.1815,198.19,39.64934294681432,48.964532682171416,,,
1759351500,198.19,198.237,198.1805,198.228,43.77881859145435,48.4669444242222,,,
1759352400,198.228,198.2375,198.1975,198.2105,42.34193129610893,48.2008862648216,,,
1759353300,198.2105,198.2135,198.198,198.2015,41.58597840023277,47.77836189285473,,,
1759354200,198.2015,198.222,198.162,198.2115,42.807786916640914,47.600662919729224,,,
1759355100,198.2115,198.243,198.1795,198.239,46.143882318095905,47.63461941389736,,,
1759356000,198.239,198.2525,198.169,198.2095,43.230698947850144,46.89987103384377,,,
1759356900,198.2095,198.2275,198.188,198.2175,44.25844408934317,46.07098368581871,,,
1759357800,198.2175,198.2255,198.1605,198.1685,39.5370823248596,45.29603711841553,,,
1759358700,198.1685,198.185,198.156,198.1625,38.98861744259626,44.12964441411104,,,
1759359600,198.1625,198.209,198.154,198.206,44.9509565787134,43.39280779934114,,,
1759360500,198.206,198.281,198.2035,198.281,53.40561526118134,43.799214878827705,,,
1759361400,198.281,198.301,198.253,198.2805,53.34679214377323,44.25760823026819,,,
1759362300,198.2805,198.2905,198.2065,198.2815,53.457207183437454,44.82022531722158,,,
1759363200,198.2815,198.452,198.2705,198.4225,65.76167902640124,46.68539218004921,,,
1759364100,198.4225,198.449,198.326,198.3885,61.537021607666475,47.95383525263579,,,
1759365000,198.3885,198.448,198.3515,198.3785,60.30982972776293,49.2372565691825,,,
1759365900,198.3785,198.3975,198.231,198.2615,48.19876208665401,49.709598261069736,,,
1759366800,198.2615,198.2935,198.1805,198.2395,46.31536905682419,49.9601398425114,,,
1759367700,198.2395,198.3205,198.2075,198.3195,53.44010903030214,50.481298893383276,,,
1759368600,198.3195,198.325,198.149,198.22,45.37431849763325,50.63441457551063,,,
1759369500,198.22,198.2945,198.1715,198.199,43.86936912569696,50.606623506678766,,,
1759370400,198.199,198.251,198.1615,198.196,43.64665417300318,50.90016435297474,,,
1759371300,198.196,198.2675,198.1905,198.2665,50.06267555169613,51.69116850362473,,,
1759372200,198.2665,198.3775,198.2665,198.338,55.58562716385915,52.450787831135145,,,
1759373100,198.338,198.4155,198.3365,198.392,59.25113294085698,52.86832480825483,,,
1759374000,198.392,198.41,198.353,198.3815,58.2445583721657,53.218165253140015,,,
1759374900,198.3815,198.3915,198.3,198.3305,53.491233799510184,53.220595725716635,,,
1759375800,198.3305,198.335,198.251,198.285,49.601973806084246,52.06633106712257,,,
1759376700,198.285,198.3035,198.2015,198.2455,46.44484526907181,50.98831847150866,,,
1759377600,198.2455,198.322,198.226,198.306,51.53323428940485,50.36141879734023,,,
1759378500,198.306,198.3565,198.2865,198.3505,54.92556831054097,50.841904956189296,,,
1759379400,198.3505,198.3575,198.2795,198.3005,50.636955563915734,51.15058970669583,,,
1759380300,198.3005,198.361,198.2995,198.3245,52.55203072482027,51.08715554201856,,,
1759381200,198.3245,198.38,198.277,198.303,50.656078647760694,51.46442412417052,,,
1759382100,198.303,198.327,198.268,198.3065,50.9662113558824,51.97134142632662,,,
1759383000,198.3065,198.4095,198.3005,198.3605,55.60261947529523,52.82533894791891,,,
1759383900,198.3605,198.369,198.2885,198.3085,50.63726024420186,52.866380711669315,,,
1759384800,198.3085,198.351,198.255,198.267,47.027821161382974,52.255108854349594,,,
1759385700,198.267,198.358,198.26,198.3455,53.74429145039038,51.861763033601974,,,
1759386600,198.3455,198.5015,198.0945,198.499,63.49203851371162,52.2365830437124,,,
1759387500,198.499,198.582,198.429,198.5125,64.20645859777896,53.00195624358874,,,
1759388400,198.5125,198.6055,198.48,198.53,65.15827819804329,54.113120843014386,,,
1759389300,198.53,198.5945,198.5035,198.5695,67.27367088276193,55.60089410113511,,,
1759390200,198.5695,198.6155,198.497,198.546,64.7547279834078,56.5452865078496,,,
1759391100,198.546,198.5585,198.4345,198.476,57.81091663631102,56.75138281683318,,,
1759392000,198.476,198.497,198.368,198.398,51.21998075325883,56.79302747321483,,,
1759392900,198.398,198.4085,198.2825,198.3035,44.58754992687288,56.22413598764716,,,
1759393800,198.3035,198.3295,198.217,198.3015,44.456345060448996,55.78129787426775,,,
1759394700,198.3015,198.3045,198.124,198.2455,40.833148329596746,55.05750765810449,,,
1759395600,198.2455,198.2605,198.0725,198.126,34.3917894549712,53.54244837093849,,,
1759396500,198.126,198.155,197.997,198.034,30.413992023547664,52.09792921232033,,,
1759397400,198.034,198.0745,197.927,197.949,27.27514118115893,50.687023499447186,,,
1759398300,197.949,197.9835,197.9105,197.9235,26.39505390496788,48.733506531917,,,
1759399200,197.9235,197.9835,197.8495,197.932,27.237859922354758,46.14392234682009,,,
1759400100,197.932,197.948,197.8095,197.828,23.667070567718312,43.24825177324433,,,
1759401000,197.828,197.904,197.7995,197.8285,23.718846728959278,40.288292382595465,,,
1759401900,197.8285,197.8365,197.672,197.6795,19.478716442382492,36.87436706542552,,,
1759402800,197.6795,197.7295,197.6065,197.6995,21.507074215870873,33.78524893917287,,,
1759403700,197.6995,197.7025,197.6275,197.641,19.925958528988303,31.079180502935536,,,
1759404600,197.641,197.836,197.6195,197.816,35.259007784714086,29.939111005182333,,,
1759405500,197.816,197.8805,197.7855,197.8305,36.346617075190444,29.350472944347874,,,
1759406400,197.8305,197.9465,197.798,197.934,43.62651770704937,29.291199561962184,,,
1759407300,197.934,198.11,197.9155,198.1055,53.18150052128216,30.173224718511143,,,
1759408200,198.1055,198.192,198.069,198.135,54.60674366630255,31.617150019320523,,,
1759409100,198.135,198.265,198.123,198.168,56.2125662836679,33.45990532361483,,,
1759410000,198.168,198.188,197.957,197.957,45.20184860504692,34.74038442532112,,,
1759410900,197.957,198.0315,197.9275,197.9425,44.5559590800132,36.03759193782435,,,
1759411800,197.9425,197.971,197.8145,197.8185,39.374464254005154,36.90449224722796,,,
1759412700,197.8185,197.8255,197.7055,197.7325,36.22778482203413,37.801686122536225,,,
1759413600,197.7325,197.8005,197.6275,197.6285,32.81271504115783,38.45124814483613,,,
1759414500,197.6285,197.6475,197.4915,197.5305,29.947869846142325,39.19904481653326,,,
1759415400,197.5305,197.6165,197.529,197.5775,32.97047620744881,40.01785924450311,,,
1759416300,197.5775,197.76,197.5765,197.728,41.65223641046799,41.56973623603738,,,
1759417200,197.728,197.8665,197.72,197.786,44.6287128439563,42.2390008831261,,,
1759418100,197.786,197.8075,197.6765,197.702,41.339588031756236,42.59564166573795,,,
1759419000,197.702,197.7335,197.6455,197.6525,39.492485286210794,42.30035363567805,,,
1759419900,197.6525,197.7675,197.6245,197.765,45.45725780137258,41.74862201282736,,,
1759420800,197.765,197.8145,197.7225,197.783,46.36824287671804,41.160157670714185,,,
1759421700,197.783,197.843,197.7485,197.7855,46.501891628283545,40.466538052472444,,,
1759422600,197.7855,197.869,197.7635,197.865,50.708452133405686,40.85986687592664,,,
1759423500,197.865,197.8775,197.7755,197.782,46.589624907055914,41.005128720715405,,,
1759424400,197.782,197.8545,197.7635,197.827,49.0079506135583,41.69323488925492,,,
1759425300,197.827,197.827,197.783,197.8105,48.14712411058539,42.54461626700857,,,
1759426200,197.8105,197.8545,197.7865,197.8105,48.14712411058539,43.63993120053912,,,
1759427100,197.8105,197.812,197.7615,197.7835,46.593923485869134,44.82893503194818,,,
1759428000,197.7835,197.871,197.772,197.8665,51.74714950453642,46.17012598174015,,,
1759428900,197.8665,197.8975,197.843,197.8745,52.22564726233133,46.925369614016105,,,
1759429800,197.8745,197.9155,197.863,197.875,52.25751319766334,47.47028392499518,,,
1759430700,197.875,197.9545,197.8735,197.9535,57.096044228998906,48.595745081941075,,,
1759431600,197.9535,197.967,197.904,197.9205,54.591313718363715,49.67423282709486,,,
1759432500,197.9205,197.927,197.865,197.894,52.59594187305702,50.184138832215176,,,
1759433400,197.894,197.917,197.878,197.894,52.59594187305702,50.62897447481082,,,
1759434300,197.894,197.961,197.858,197.9385,55.74612027393794,51.28927652092898,,,
1759435200,197.9385,197.975,197.9235,197.932,55.16941222402988,51.60791652740214,,,
1759436100,197.932,197.935,197.8995,197.933,55.246120704350275,52.22623765578031,,,
1759437000,197.933,197.95,197.9155,197.9395,55.775816841794466,52.70965667208289,,,
1759437900,197.9395,197.965,197.9005,197.921,53.82323618938567,53.11509324914006,,,
1759438800,197.921,197.986,197.8495,197.956,56.89753547932909,53.740122632621755,,,
1759439700,197.956,197.9775,197.7755,197.815,44.14628980487712,53.56529165540804,,,
1759440600,197.815,197.9175,197.815,197.9015,51.34952970535214,53.536890241180586,,,
1759441500,197.9015,197.9025,197.839,197.8895,50.378854443457016,53.40497646840385,,,
1759442400,197.8895,198.0565,197.8705,197.916,52.513646713959076,53.423271719567836,,,
1759443300,197.916,197.916,197.8725,197.879,49.322999077657926,52.86805420875777,,,
1759444200,197.879,197.8795,197.82,197.8365,45.87509235851311,52.24546696876844,,,
1759445100,197.8365,197.8695,197.814,197.8505,47.1848423411529,51.858959859346726,,,
1759446000,197.8505,197.859,197.8125,197.8155,44.29876762831358,51.26630455615076,,,
1759446900,197.8155,197.8465,197.7495,197.7745,41.12543184833992,50.22196966860804,,,
1759447800,197.7745,197.816,197.773,197.809,44.71429701277239,49.475175724946794,,,
1759448700,197.809,197.888,197.8025,197.872,50.63233966032982,49.14561993608819,,,
1759449600,197.872,198.03,197.8675,197.996,59.76221999379118,49.43036301837367,,,
1759450500,197.996,198.125,197.981,198.08,64.54560077971857,50.19624620339744,,,
1759451400,198.08,198.0955,198.022,198.057,62.35966232104426,50.586398120662814,,,
1759452300,198.057,198.1165,197.9885,198.1105,65.30321084719611,52.09760676654274,,,
1759453200,198.1105,198.3995,197.9765,198.226,70.64110835358305,53.47557666998781,,,
1759454100,198.226,198.335,198.189,198.324,74.25958126691438,55.18134287166333,,,
1759455000,198.324,198.423,198.3135,198.3745,75.90743512370392,56.85232775807368,,,
1759455900,198.3745,198.3835,198.2765,198.3375,72.25753279212991,58.490508737678816,,,
1759456800,198.3375,198.457,198.3225,198.452,76.08913686119917,60.64865477358496,,,
1759457700,198.452,198.4675,198.372,198.3955,70.88646418578446,62.341627762487214,,,
1759458600,198.3955,198.441,198.359,198.3995,71.03745025031907,64.25153366405904,,,
1759459500,198.3995,198.4485,198.397,198.437,72.4784716164045,66.49103650463509,,,
1759460400,198.437,198.5575,198.418,198.5175,75.31751368720086,68.67698055280854,,,
1759461300,198.5175,198.528,198.489,198.505,74.04029218945414,70.3489771620317,,,
1759462200,198.505,198.524,198.475,198.4905,72.50434268896804,71.25912878311577,,,
1759463100,198.4905,198.498,198.432,198.486,72.0051119274426,71.7919510079532,,,
1759464000,198.486,198.515,198.446,198.47,70.15545610938744,72.34879342140628,,,
1759464900,198.47,198.511,198.468,198.48,70.66269496061035,72.73161371522158,,,
1759465800,198.48,198.5465,198.47,198.5315,73.18988634204926,72.91366928582632,,,
1759466700,198.5315,198.546,198.473,198.477,66.64695745893667,72.36991044239933,,,
1759467600,198.477,198.4865,198.3625,198.391,57.85740591551868,71.08062264181467,,,
1759468500,198.391,198.404,198.266,198.3345,52.91956249484932,69.69933904915176,,,
1759469400,198.3345,198.416,198.3015,198.383,56.362404866667895,68.2902867638281,,,
1759470300,198.383,198.5425,198.3495,198.51,63.82274924032025,67.78573569629495,,,
1759471200,198.51,198.526,198.357,198.3835,53.93225231716976,66.56393584392713,,,
1759472100,198.3835,198.386,198.284,198.3045,48.841809123251196,64.87560280870188,,,
1759473000,198.3045,198.3765,198.301,198.3535,51.875865470012094,63.201199364616976,,,
1759473900,198.3535,198.3845,198.291,198.295,48.200468971841964,61.35549770621611,,,
1759474800,198.295,198.4735,198.294,198.434,56.15016345136554,60.187342046387364,,,
1759475700,198.434,198.4535,198.2945,198.3585,51.52468374404253,58.72445431900165,,,
1759476600,198.3585,198.464,198.323,198.4365,55.59450044618377,57.68438605734424,,,
1759477500,198.4365,198.4575,198.3385,198.4255,54.894551752061716,56.55809011387648,,,
1759478400,198.4255,198.476,198.4075,198.4475,56.08540417467404,55.3363413876354,,,
1759479300,198.4475,198.4535,198.379,198.4275,54.67225526170996,54.48100551640492,,,
1759480200,198.4275,198.4275,198.3095,198.355,49.77613639519564,53.90377197923898,,,
1759481100,198.355,198.366,198.2665,198.278,45.1513362161842,53.34889867362005,,,
1759482000,198.278,198.302,198.226,198.238,42.92038854454883,52.38875465061154,,,
1759482900,198.238,198.259,198.1215,198.2095,41.35258726289383,50.78374308079537,,,
1759483800,198.2095,198.225,198.1555,198.211,41.47376115789456,49.89385085513285,,,
1759484700,198.211,198.2785,198.1905,198.271,46.25704777230385,49.709225044350895,,,
1759485600,198.271,198.272,198.169,198.253,45.067064122244595,49.22288209093893,,,
1759486500,198.253,198.261,198.194,198.214,42.515052833663056,48.81678093821187,,,
1759487400,198.214,198.2535,198.1835,198.2495,45.53822938318439,48.05878564762751,,,
1759488300,198.2495,198.2495,198.1845,198.188,41.46940774340893,47.340551647582245,,,
1759489200,198.188,198.2455,198.1585,198.2015,42.68012049647444,46.418095936888726,,,
1759490100,198.2015,198.2285,198.1495,198.1575,39.79111791174571,45.339279234009005,,,
1759491000,198.1575,198.1605,198.0385,198.0415,33.376719411142034,43.71723032232815,,,
1759491900,198.0415,198.0855,198.012,198.076,36.64770004048604,42.42976209224072,,,
1759492800,198.076,198.1525,198.0635,198.0975,38.66857328504365,41.63636472722987,,,
1759493700,198.0975,198.13,198.0755,198.1045,39.346954114403644,41.22176600567412,,,
1759494600,198.1045,198.131,198.0125,198.0765,37.55745562359127,40.83869936846287,,,
1759495500,198.0765,198.197,198.0755,198.193,48.12817053851647,41.32266960243591,,,
1759496400,198.193,198.286,198.1645,198.184,47.459748942347304,41.75024015846825,,,
1759497300,198.184,198.2605,198.1425,198.1945,48.36082589251079,41.90051002419732,,,
1759498200,198.1945,198.3155,198.1945,198.264,53.98604552852979,42.537580124646254,,,
1759499100,198.264,198.426,198.228,198.4105,63.10870729848954,44.008555443562436,,,
1759500000,198.4105,198.5805,198.198,198.5355,68.79371610418075,45.669661637919305,,,
1759500900,198.5355,198.556,198.4035,198.469,63.21276318689463,47.22275845531114,,,
1759501800,198.469,198.5335,198.4355,198.531,65.9835511355385,48.88728921524429,,,
1759502700,198.531,198.6675,198.514,198.6395,70.21190720541233,51.06020273622048,,,
1759503600,198.6395,198.6445,198.5595,198.6115,67.86737289194528,53.52382084199213,,,
1759504500,198.6115,198.6605,198.5755,198.645,69.19283997435892,55.848473694411624,,,
1759505400,198.645,198.668,198.5535,198.5775,63.50828168595288,57.622738580190855,,,
1759506300,198.5775,198.687,198.5655,198.6045,64.75558076307246,59.43764048366719,,,
1759507200,198.6045,198.7245,198.5955,198.7225,69.63969045236797,61.729228685722674,,,
1759508100,198.7225,198.7765,198.7065,198.748,70.58823767055956,63.333519195154324,,,
1759509000,198.748,198.8225,198.7425,198.8225,73.22064807038365,65.1735834185855,,,
1759509900,198.8225,198.8365,198.774,198.801,71.23904125793308,66.8077416589728,,,
1759510800,198.801,198.801,198.684,198.741,65.88059470931935,67.65735231474348,,,
1759511700,198.741,198.753,198.7095,198.7515,66.35749966387783,67.88940891227122,,,
1759512600,198.7515,198.7945,198.727,198.736,64.915042873875,67.61236082439224,,,
1759513500,198.736,198.744,198.6305,198.709,62.37163125540529,67.552279972143,,,
1759514400,198.709,198.7215,198.624,198.7005,61.55398152599615,67.23588214288998,,,
1759515300,198.7005,198.746,198.696,198.7375,63.7798423833448,66.77644894131373,,,
1759516200,198.7375,198.768,198.7125,198.754,64.75967842079953,66.55447076480333,,,
1759517100,198.754,198.851,198.7415,198.831,68.9773557347057,66.53907903339952,,,
1759518000,198.831,198.855,198.814,198.8185,67.56367696839389,66.82875012500244,,,
1759518900,198.8185,198.8635,198.8045,198.834,68.42776093065713,67.09104870840136,,,
1759519800,198.834,198.8695,198.824,198.8455,69.08577253299792,67.05148314273207,,,
1759520700,198.8455,198.852,198.8015,198.8205,65.87171256949094,66.71458849265574,,,
1759521600,198.8205,198.8215,198.7525,198.777,60.58971498947027,65.81237898687621,,,
1759522500,198.777,198.8155,198.756,198.7725,60.05324716597931,65.0133936945938,,,
1759523400,198.7725,198.8305,198.758,198.774,60.17981154971869,64.60619489747945,,,
1759524300,198.774,198.8385,198.728,198.8,62.40335630479089,64.3237560861161,,,
1759698000,198.8,200.954,198.8,200.8505,93.45299244707239,66.3621810556302,,,
1759698900,200.8505,201.0655,200.78,200.9085,93.61365429791532,68.5937541300952,,,
1759699800,200.9085,200.93,200.723,200.767,87.94359907635581,70.47872681226376,,,
1759700700,200.767,200.7735,200.4975,200.5155,78.80710274341624,71.55210255226886,,,
1759701600,200.5155,200.6765,200.237,200.3885,74.59282716071431,72.25447031940563,,,
1759702500,200.3885,200.5405,200.3615,200.422,74.97300952591118,72.68273130449174,,,
1759703400,200.422,200.6315,200.421,200.577,76.70955063412116,73.33600799490083,,,
1759704300,200.577,200.707,200.575,200.6215,77.19870832543913,73.96250423738526,,,
1759705200,200.6215,200.6215,200.476,200.5715,75.28543653445657,74.4053373803466,,,
1759706100,200.5715,200.7275,200.5175,200.711,76.99827324034372,75.20009171397894,,,
1759707000,200.711,200.892,200.687,200.8705,78.80682216940689,76.50131365540298,,,
1759707900,200.8705,201.013,200.8695,200.921,79.3601614394268,77.88037896064922,,,
1759708800,200.921,201.0845,200.779,200.896,78.27066021766188,79.17258243693088,,,
1759709700,200.896,201.161,200.896,201.1365,80.9763542539907,80.49922514758802,,,
1759710600,201.1365,201.3135,201.112,201.3035,82.59684383975778,79.72378596135125,,,
1759711500,201.3035,201.313,201.04,201.205,78.35714006799388,78.6340349449283,,,
1759712400,201.205,201.2725,201.1335,201.1685,76.78429558718972,77.83694183855928,,,
1759713300,201.1685,201.2825,201.084,201.2565,77.93429974788884,77.7745987674502,,,
1759714200,201.2565,201.434,201.152,201.4315,80.05064476394615,78.16444288196674,,,
1759715100,201.4315,201.502,201.4015,201.441,80.1618792684155,78.53507643500278,,,
1759716000,201.441,201.6135,201.4275,201.591,81.87988261154689,78.90438586196174,,,
1759716900,201.591,201.62,201.538,201.6095,82.08593740207284,79.25347365314987,,,
1759717800,201.6095,201.6885,201.608,201.681,82.89550116346042,79.79704969807872,,,
1759718700,201.681,201.696,201.63,201.648,81.07440317827641,80.08820183650248,,,
1759719600,201.648,201.759,201.6165,201.7495,82.35816069629678,80.34186887413749,,,
1759720500,201.7495,201.817,201.7225,201.814,83.14077775075296,80.61191289637506,,,
1759721400,201.814,201.8495,201.727,201.8285,83.31991939732067,80.97257426635068,,,
1759722300,201.8285,201.923,201.8245,201.866,83.7993646487437,81.17421786597588,,,
1759723200,201.866,201.8915,201.633,201.8645,83.69573384345188,81.25271000909689,,,
1759724100,201.8645,201.9765,201.783,201.9345,84.64974862400199,81.70218204881176,,,
1759725000,201.9345,202.1685,201.9305,202.1135,86.77997516910801,82.41615916180592,,,
1759725900,202.1135,202.1475,202.05,202.1275,86.9327160589637,83.05890318402557,,,
1759726800,202.1275,202.2105,202.0885,202.0885,84.02046131113305,83.34246150882463,,,
1759727700,202.0885,202.151,202.0155,202.133,84.65224870159054,83.66320218262284,,,
1759728600,202.133,202.252,202.035,202.045,78.0780473084493,83.39164251811587,,,
1759729500,202.045,202.0805,201.957,201.9995,74.84165403548928,82.87419370621704,,,
1759730400,201.9995,202.0385,201.859,201.924,69.68031165409863,81.93025159840548,,,
1759731300,201.924,201.955,201.763,201.8095,62.62654682392447,80.61254757309463,,,
1759732200,201.8095,201.9615,201.743,201.787,61.31306036271257,79.10932612069575,,,
1759733100,201.787,201.8305,201.647,201.6685,54.79486313750045,77.08461793403487,,,
1759734000,201.6685,201.9795,201.5225,201.9095,63.332523929722306,75.6569468292064,,,
1759734900,201.9095,201.9545,201.8055,201.8985,62.74998485879626,74.15341970135303,,,
1759735800,201.8985,202.15,201.623,201.77,56.24189777531686,72.19243141077195,,,
1759736700,201.77,201.888,201.6805,201.696,52.84298258763879,69.92051955103173,,,
1759737600,201.696,201.8345,201.56,201.639,50.32036199208042,67.31626146695832,,,
1759738500,201.639,201.7435,201.568,201.7255,53.91572932997679,64.9579052720307,,,
1759739400,201.7255,202.008,201.7215,201.972,62.29094492472346,63.405796958715726,,,
1759740300,201.972,202.094,201.9635,202.038,64.16861205238871,61.942680055201315,,,
1759741200,202.038,202.038,201.927,201.9415,59.50328636912102,60.61591141667786,,,
1759742100,201.9415,201.947,201.8275,201.947,59.68320056368226,59.53316474012022,,,
1759743000,201.947,202.085,201.947,202,61.460065759324706,58.94600431906493,,,
1759743900,202,202.125,201.969,202.0635,63.53374751248241,59.010804368247655,,,
1759744800,202.0635,202.0645,201.901,201.912,55.817204056665986,58.618243203530035,,,
1759745700,201.912,202.0085,201.8175,202.0085,59.21515073083033,58.933978031625024,,,
1759746600,202.0085,202.0855,201.9805,202.015,59.44141547062862,58.65604171311833,,,
1759747500,202.015,202.0255,201.7215,201.723,46.86354004787487,57.521295655195374,,,
1759748400,201.723,201.8605,201.678,201.8525,51.74073840864724,57.19978427186184,,,
1759749300,201.8525,201.9275,201.822,201.822,50.56359202046869,57.03697065992111,,,
1759750200,201.822,201.839,201.74,201.746,47.65423012767156,56.84653266960619,,,
1759751100,201.746,201.909,201.7415,201.875,52.63584783742021,56.75511256299501,,,
1759752000,201.875,201.8845,201.332,201.469,39.79847302959364,55.1485074276286,,,
1759752900,201.469,201.516,201.2885,201.453,39.39074792020105,53.378659989615194,,,
1759753800,201.453,201.48,201.3505,201.4015,38.03988231901515,51.84555970032192,,,
1759754700,201.4015,201.464,201.2465,201.273,34.830251318508616,50.070349039952376,,,
1759755600,201.273,201.451,201.249,201.4435,41.842072068777966,48.66906377634189,,,
1759756500,201.4435,201.5805,201.413,201.57,46.44599006477229,47.44850967293403,,,
1759757400,201.57,201.7605,201.557,201.671,49.85892366125095,47.02291821611867,,,
1759758300,201.671,201.841,201.6455,201.8315,54.78966187374389,46.70681186918392,,,
1759759200,201.8315,201.9335,201.7475,201.9285,57.50919664442224,46.56879623874061,,,
1759760100,201.9285,202.1405,201.9195,202.1275,62.493752849332964,47.685240010273326,,,
1759761000,202.1275,202.197,202.0935,202.112,61.88480668540558,48.40981631575607,,,
1759761900,202.112,202.205,202.0555,202.1465,62.75473886730858,49.28061251910178,,,
1759762800,202.1465,202.1995,202.1185,202.175,63.495944707085066,50.41216356048845,,,
1759763700,202.175,202.2595,202.1345,202.1995,64.15631326880357,51.23505394844441,,,
1759764600,202.1995,202.25,202.11,202.1485,61.655917164652514,52.796299958091474,,,
1759765500,202.1485,202.201,202.1255,202.161,62.04635102170926,54.41455732248492,,,
1759766400,202.161,202.177,202.064,202.117,59.74042805995811,55.96459630398084,,,
1759767300,202.117,202.201,202.116,202.1955,62.42358200153876,57.935548495625845,,,
1759768200,202.1955,202.246,202.1745,202.223,63.34520841369243,59.47148680597689,,,
1759769100,202.223,202.353,202.219,202.3495,67.31632740459766,60.96222518739298,,,
1759770000,202.3495,202.4135,202.317,202.352,67.39151512757454,62.214553149273236,,,
1759770900,202.352,202.4285,202.347,202.4275,69.66139714608268,63.27681995444029,,,
1759771800,202.4275,202.459,202.409,202.4295,69.72152481847432,64.14912910972973,,,
1759772700,202.4295,202.5675,202.4235,202.5415,72.95412878414209,64.89629881935896,,,
1759773600,202.5415,202.576,202.49,202.497,69.76703081846676,65.45931482886333,,,
1759774500,202.497,202.5555,202.491,202.5105,70.19246274067302,65.99058081981792,,,
1759775400,202.5105,202.576,202.5055,202.5635,71.8662624528042,66.58846065879786,,,
1759776300,202.5635,202.671,202.559,202.6435,74.21950874364107,67.30726033557197,,,
1759777200,202.6435,202.673,202.595,202.6315,73.23003306482151,68.13398289986975,,,
1759778100,202.6315,202.6325,202.5695,202.597,70.32713037643771,68.7254671394932,,,
1759779000,202.597,202.683,202.59,202.676,72.96948025790459,69.67039943934653,,,
1759779900,202.676,202.7,202.655,202.6605,71.62186569640313,70.3274197032654,,,
1759780800,202.6605,202.689,202.64,202.688,72.58910371253934,70.98769793889733,,,
1759781700,202.688,202.7455,202.6815,202.693,72.7708250789031,71.37730491563343,,,
1759782600,202.693,202.8245,202.692,202.8245,77.07535564413706,72.06900780967361,,,
1759783500,202.8245,202.826,202.736,202.7425,69.67825753859286,72.07021212342434,,,
1759784400,202.7425,202.7475,202.667,202.7035,66.41359519367816,71.8339314359389,,,
1759785300,202.7035,202.7115,202.5615,202.5765,57.041147240236064,70.69728989708847,,,
1759786200,202.5765,202.598,202.555,202.5645,56.233625287122834,69.73061807342104,,,
1759787100,202.5645,202.603,202.564,202.5845,57.318158040628234,68.81102488056071,,,
1759788000,202.5845,202.7005,202.5815,202.674,61.871493200364554,68.09711279110073,,,
1759788900,202.674,202.7395,202.653,202.724,64.17109009142449,67.37936860165668,,,
1759789800,202.724,202.7545,202.687,202.736,64.72102812997241,66.77158253488174,,,
1759790700,202.736,202.7395,202.6565,202.658,58.441858392759265,65.92263453604757,,,
1759791600,202.658,202.7105,202.587,202.71,61.148076319302625,65.07824854043314,,,
1759792500,202.71,202.7545,202.691,202.734,62.36616173563671,64.41712682894983,,,
1759793400,202.734,202.7895,202.694,202.7205,61.20377502297932,63.603889065409824,,,
1759794300,202.7205,202.763,202.695,202.757,63.200801222384754,62.92031593280137,,,
1759795200,202.757,202.985,202.7365,202.9765,72.40126648536648,62.58645242146061,,,
1759796100,202.9765,203.063,202.9,202.944,69.6255593369236,62.582688264198524,,,
1759797000,202.944,203.0185,202.8945,202.9005,65.97947336484216,62.551679562138816,,,
1759797900,202.9005,202.91,202.7845,202.899,65.85141439596364,63.1809843589765,,,
1759798800,202.899,202.9395,202.8165,202.821,59.39570162075756,63.40684695423612,,,
1759799700,202.821,202.8575,202.6985,202.7405,53.55984801098581,63.13839623783309,,,
1759800600,202.7405,202.753,202.6645,202.7495,54.10280673171558,62.583490061501024,,,
1759801500,202.7495,202.813,202.7355,202.795,56.84951439165222,62.06052036866015,,,
1759802400,202.795,202.8015,202.6255,202.7235,51.62150563388436,61.12484019036815,,,
1759803300,202.7235,202.776,202.707,202.757,53.76680027086099,60.79090746737541,,,
1759804200,202.757,202.7735,202.7265,202.7525,53.42409235056823,60.23919432675153,,,
1759805100,202.7525,202.8585,202.7525,202.8555,59.748267908810746,60.05220191054968,,,
1759806000,202.8555,202.8595,202.7275,202.7455,51.67799229182671,59.371788858324486,,,
1759806900,202.7455,202.7485,202.682,202.6875,47.99674632032754,58.28578493674898,,,
1759807800,202.6875,202.7445,202.6685,202.689,48.099715414477124,56.54995986025688,,,
1759808700,202.689,202.7285,202.6295,202.6305,44.40675459399113,54.748616664333134,,,
1759809600,202.6305,202.631,202.567,202.61,43.15632476764388,53.11839176453326,,,
1759810500,202.61,202.6595,202.573,202.589,41.8560978739645,51.40444058439045,,,
1759811400,202.589,202.651,202.531,202.6105,43.72544773020438,50.28513673506523,,,
1759812300,202.6105,202.649,202.579,202.6065,43.44558934622953,49.56268968758263,,,
1759813200,202.6065,202.652,202.5845,202.5855,41.92834420431486,48.69308522133972,,,
1759814100,202.5855,202.6225,202.5375,202.541,38.833478842834815,47.40622553928133,,,
1759815000,202.541,202.5735,202.469,202.5565,40.48142472522805,46.61050547437731,,,
1759815900,202.5565,202.622,202.4865,202.57,41.948424112078335,45.766335748749974,,,
1759816800,202.57,202.594,202.459,202.536,39.31985644751849,44.75889032710357,,,
1759817700,202.536,202.682,202.5005,202.6795,52.7712584466897,44.26053250838063,,,
1759818600,202.6795,202.7035,202.6295,202.6945,53.9211235004038,44.42075616613614,,,
1759819500,202.6945,202.7055,202.583,202.633,48.68723841171336,44.47007702980655,,,
1759820400,202.633,202.6705,202.344,202.369,33.60699320154542,43.434882586025715,,,
1759821300,202.369,202.3885,202.281,202.313,31.38623503484945,42.50484547465846,,,
1759822200,202.313,202.419,202.313,202.364,35.562401383128005,41.96242237576446,,,
1759823100,202.364,202.4075,202.328,202.392,37.800732577234804,41.67275342599805,,,
1759824000,202.392,202.4495,202.287,202.4495,42.23805802632024,41.56651130429204,,,
1759824900,202.4495,202.5085,202.3985,202.425,40.899202320450705,41.38462651673641,,,
1759825800,202.425,202.581,202.4175,202.563,50.43031632317769,41.99191023951233,,,
1759826700,202.563,202.678,202.5445,202.6205,53.77532773679599,43.05918516050956,,,
1759827600,202.6205,202.688,202.5815,202.659,55.92018684572798,44.161953883402404,,,
1759828500,202.659,202.666,202.551,202.5745,50.393325028436074,44.765161091713665,,,
1759829400,202.5745,202.601,202.5345,202.5585,49.39776994803739,45.485012056036446,,,
1759830300,202.5585,202.6735,202.5365,202.67,55.931485947423,45.71074259180311,,,
1759831200,202.67,202.6735,202.6155,202.648,54.43791928745572,45.74765657659253,,,
1759832100,202.648,202.6565,202.6115,202.6295,53.15255528833327,46.06660778206538,,,
1759833000,202.6295,202.6435,202.5845,202.5845,50.05648754108938,47.241571663461386,,,
1759833900,202.5845,202.6145,202.4115,202.421,40.76537578328955,47.91151028834996,,,
1759834800,202.421,202.495,202.38,202.419,40.66594174714438,48.2760488857797,,,
1759835700,202.419,202.4265,202.2315,202.257,33.531414583900926,47.97109760054157,,,
1759836600,202.257,202.26,202.1955,202.239,32.841960093398086,47.29994774818999,,,
1759837500,202.239,202.25,202.1175,202.2215,32.149837949443565,46.67499315026091,,,
1759838400,202.2215,202.3015,202.194,202.226,32.54351178529413,45.3973642546978,,,
1759839300,202.226,202.3095,202.16,202.3095,39.55202742655404,44.381414232537665,,,
1759840200,202.3095,202.366,202.2615,202.317,40.153479046356296,43.255220818296834,,,
1759841100,202.317,202.369,202.2235,202.334,41.57256315165147,42.6251663985265,,,
1759842000,202.334,202.37,202.212,202.3385,41.96485436550198,42.09424385691683,,,
1759842900,202.3385,202.412,202.3275,202.397,46.95133609881584,41.45280458201632,,,
1759843800,202.397,202.5325,202.3945,202.4645,52.068792102620684,41.283581211670956,,,
1759844700,202.4645,202.5355,202.412,202.5275,56.30549447928229,41.5087911538816,,,
1759845600,202.5275,202.7755,202.5055,202.5915,60.15825521958133,42.230345988059604,,,
1759846500,202.5915,202.7465,202.571,202.743,67.47035180783492,44.13784427552714,,,
1759847400,202.743,202.9415,202.743,202.896,72.88298849741562,46.43906190054651,,,
1759848300,202.896,203.0725,202.877,203.0515,77.06065826944197,49.548293592370875,,,
1759849200,203.0515,203.1015,202.934,202.985,71.95524751164075,52.34209983653106,,,
1759850100,202.985,203.2285,202.925,203.193,77.07196254314965,55.55082302179578,,,
1759851000,203.193,203.264,203.1025,203.1915,76.96291052444695,58.72363721744955,,,
1759851900,203.1915,203.2925,203.137,203.1855,76.49665455122192,61.362539154925834,,,
1759852800,203.1855,203.2655,203.152,203.2645,78.35592465787298,64.09128527003416,,,
1759853700,203.2645,203.315,203.215,203.2695,78.47200109306067,66.72695940870625,,,
1759854600,203.2695,203.5065,203.266,203.3745,80.80060942341089,69.50094191284259,,,
1759855500,203.3745,203.452,203.3715,203.4245,81.80962930188657,71.99081999877623,,,
1759856400,203.4245,203.595,203.4175,203.5755,84.46494780459508,74.30483112034584,,,
1759857300,203.5755,203.65,203.551,203.6485,85.56220054319319,76.39459583919661,,,
1759858200,203.6485,203.726,203.6295,203.703,86.33802889216781,78.26457967295278,,,
1759859100,203.703,203.704,203.642,203.6545,82.10951236551097,79.31023399850108,,,
1759860000,203.6545,203.7365,203.6285,203.719,83.28216301494425,80.05303217832454,,,
1759860900,203.719,203.973,203.6815,203.9325,86.44849736407971,80.72359211365581,,,
1759861800,203.9325,204.067,203.929,203.991,87.16577768234949,81.81005855442072,,,
1759862700,203.991,204.0635,203.88,203.9035,80.3179772774592,82.04191674972854,,,
1759863600,203.9035,203.9035,203.7615,203.792,72.50162178355477,81.72325326823623,,,
1759864500,203.792,203.8715,203.759,203.8275,73.38955805499464,81.50131780422,,,
1759865400,203.8275,203.898,203.7905,203.8785,74.65569757474638,81.23701586971096,,,
1759866300,203.8785,203.9085,203.855,203.879,74.66842311456352,80.96533172838973,,,
1759867200,203.879,204.041,203.8785,203.964,76.80097321537346,80.67964342781563,,,
1759868100,203.964,204.0465,203.9265,203.975,77.07000244552083,80.34109865236094,,,
1759869000,203.975,204.021,203.975,204.0095,77.93429084771282,79.87462315544077,,,
1759869900,204.0095,204.01,203.891,203.95,72.83535583069826,78.96556281883399,,,
1759870800,203.95,204.1475,203.95,204.0205,74.92845062344142,78.15059294249639,,,
1759871700,204.0205,204.061,203.928,203.9655,70.37282410388207,77.31225806666575,,,
1759872600,203.9655,203.993,203.9375,203.973,70.63501308092043,76.40889021423548,,,
1759873500,203.973,203.9815,203.907,203.981,70.93052484259924,75.3004636055583,,,
1759874400,203.981,203.998,203.7615,203.8305,58.9182331353097,73.28278185219833,,,
1759875300,203.8305,203.893,203.8025,203.878,61.154264244099686,71.91394520695836,,,
1759876200,203.878,203.936,203.852,203.891,61.767595039736406,71.14722901097133,,,
1759877100,203.891,203.8975,203.8245,203.8265,56.96209669321195,69.97383891370114,,,
1759878000,203.8265,203.9845,203.7935,203.984,64.27172530251136,69.23212660854149,,,
1759878900,203.984,204.1575,203.9525,203.9905,64.53940027358662,68.50862497704314,,,
1759879800,203.9905,204.077,203.95,204.024,65.95507736698804,67.7339181307299,,,
1759880700,204.024,204.106,204.0085,204.0695,67.83341785160064,67.07416208830703,,,
1759881600,204.0695,204.3495,204.0695,204.25,73.96908617595145,66.79093318318122,,,
1759882500,204.25,204.3395,204.25,204.304,75.47619969460435,66.97956488774594,,,
1759883400,204.304,204.368,204.1715,204.2655,72.26380408371853,66.78923299205145,,,
1759884300,204.2655,204.3955,204.1655,204.3315,74.28441759660689,67.06863252724608,,,
1759885200,204.3315,204.401,204.2465,204.3105,72.47522024610241,67.20007589618766,,,
1759886100,204.3105,204.429,204.2745,204.3775,74.6006692309565,67.4622290667846,,,
1759887000,204.3775,204.483,204.236,204.2665,65.56735062889402,67.93716603061205,,,
1759887900,204.2665,204.446,204.2145,204.446,71.56389294246831,68.68071093763838,,,
1759888800,204.446,204.473,204.346,204.3755,66.65406313290126,69.02974437286444,,,
1759889700,204.3755,204.436,204.3055,204.395,67.3218835233515,69.76972914644584,,,
1759890600,204.395,204.403,204.222,204.2285,56.85230621825444,69.2397706404275,,,
1759891500,204.2285,204.2935,204.1155,204.287,59.25017258005055,68.86196866231776,,,
1759892400,204.287,204.338,204.256,204.277,58.65015309381271,68.34018835709097,,,
1759893300,204.277,204.307,204.239,204.2495,56.94238549522108,67.56225747449243,,,
1759894200,204.2495,204.298,204.1955,204.2025,54.04589454243698,66.13917235781282,,,
1759895100,204.2025,204.2815,204.1955,204.2265,55.29637617264809,64.69775639195879,,,
1759896000,204.2265,204.248,204.1615,204.203,53.75394896182476,63.375623883252096,,,
1759896900,204.203,204.237,204.1545,204.1915,52.97520389991962,61.85353719063158,,,
1759897800,204.1915,204.214,204.013,204.047,44.29225219705081,59.84046804427074,,,
1759898700,204.047,204.13,203.981,204.074,46.07093394303106,57.80262980941893,,,
1759899600,204.074,204.096,203.9875,204.0095,42.57384888633219,56.16023682780737,,,
1759900500,204.0095,204.0095,203.9245,203.9425,39.24168326999086,53.85150756548756,,,
1759901400,203.9425,204.018,203.9135,203.956,40.2563399953404,51.96595591280464,,,
1759902300,203.956,204.105,203.9245,204.092,49.42023376119775,50.68726664407937,,,
1759903200,204.092,204.1745,203.9155,204.107,50.32525936001598,50.22104901134805,,,
1759904100,204.107,204.1755,204.0415,204.163,53.65899347526533,49.82167907529196,,,
1759905000,204.163,204.211,204.09,204.112,50.34523711589108,49.2284707911547,,,
1759905900,204.112,204.1515,204.0575,204.094,49.190595660243794,48.67477151722776,,,
1759906800,204.094,204.304,204.073,204.287,59.8288914101506,49.087842722064444,,,
1759907700,204.287,204.3995,204.258,204.385,63.95573134350798,49.70636809141157,,,
1759908600,204.385,204.473,204.337,204.434,65.8450785916923,50.57002020783069,,,
1759909500,204.434,204.672,204.399,204.672,73.19465791733741,52.01426692336053,,,
1759910400,204.672,204.7015,204.5445,204.6205,69.6995995745992,53.82907745032827,,,
1759911300,204.6205,204.63,204.4705,204.512,62.88657183252765,55.030194442435175,,,
1759912200,204.512,204.7205,204.5085,204.677,68.007990536886,56.84691884604616,,,
1759913100,204.677,204.839,204.646,204.808,71.38425392610108,59.14281675005403,,,
1759914000,204.808,204.981,204.7825,204.838,72.11015191144529,61.41808902977581,,,
1759914900,204.838,205.077,204.817,205.0545,76.7030862690272,63.36686420890648,,,
1759915800,205.0545,205.13,205.0075,205.0335,75.4059201079677,65.15833997661733,,,
1759916700,205.0335,205.085,204.9455,205.0305,75.21024013008069,66.69771473767557,,,
1759917600,205.0305,205.077,204.942,205.0295,75.14024352545438,68.46878662407293,,,
1759918500,205.0295,205.0845,204.9795,205.0595,75.8659096842181,70.37416619721395,,,
1759919400,205.0595,205.285,205.059,205.237,79.65076934491296,71.79001462112555,,,
1759920300,205.237,205.3265,204.7915,204.8515,58.27535710661442,71.38427360420458,,,
1759921200,204.8515,204.992,204.7895,204.8735,58.95236793458376,70.89193712869682,,,
1759922100,204.8735,204.882,204.636,204.6565,50.28540949720333,69.2555622415444,,,
1759923000,204.6565,204.755,204.6235,204.7095,52.13626643537605,68.0010384458856,,,
1759923900,204.7095,204.7815,204.6675,204.7205,52.531267367406244,67.26137384123408,,,
1759924800,204.7205,204.8675,204.686,204.781,54.74344701912569,66.31390644710834,,,
1759925700,204.781,204.7885,204.705,204.7235,52.2511173253165,64.94725383276658,,,
1759926600,204.7235,204.827,204.6275,204.735,52.71479195616001,63.56187097881762,,,
1759927500,204.735,204.7415,204.576,204.655,49.139913051950636,61.59307289188359,,,
1759928400,204.655,204.672,204.559,204.665,49.60001486320517,59.749793945829126,,,
1759929300,204.665,204.7985,204.622,204.734,52.774595104501174,58.14724787257344,,,
1759930200,204.734,204.819,204.6855,204.8015,55.71338001697918,56.75961476482521,,,
1759931100,204.8015,204.89,204.768,204.8425,57.445593507082634,55.443877895029814,,,
1759932000,204.8425,205.1025,204.8425,205.0345,64.45672858184687,54.35858926909653,,,
1759932900,205.0345,205.0525,204.9295,204.999,62.409317555973416,54.653872158336455,,,
1759933800,204.999,204.999,204.822,204.907,57.32723268355756,54.537791068977434,,,
1759934700,204.907,204.909,204.6355,204.691,47.539208496358675,54.34163385463139,,,
1759935600,204.691,204.787,204.6825,204.716,48.63239513038787,54.09135733284652,,,
1759936500,204.716,204.7425,204.653,204.672,46.78457573629775,53.68087935919591,,,
1759937400,204.672,204.7375,204.646,204.657,46.1409350061088,53.066414215409,,,
1759938300,204.657,204.691,204.4785,204.4785,39.22520959833473,52.1359922349103,,,
1759939200,204.4785,204.492,204.3935,204.3945,36.456057563402545,50.97465406399905,,,
1759940100,204.3945,204.403,204.3355,204.3605,35.36769742203555,49.99092437614797,,,
1759941000,204.3605,204.437,204.3185,204.431,39.40712101972247,49.262860530184916,,,
1759941900,204.431,204.518,204.4125,204.4975,43.02435210255268,48.566414601474314,,,
1759942800,204.4975,204.5205,204.451,204.495,42.92061749352303,47.65264584979887,,,
1759943700,204.495,204.514,204.451,204.493,42.831646431516866,46.60879248725846,,,
1759944600,204.493,204.503,204.449,204.472,41.85066859340608,44.99407391665555,,,
1759945500,204.472,204.563,204.472,204.559,47.241677471412785,43.91067105347265,,,
1759946400,204.559,204.5975,204.4415,204.4925,43.8920374379313,42.951014250213625,,,
1759947300,204.4925,204.55,204.4635,204.503,44.56045039292519,42.738245814254086,,,
1759948200,204.503,204.51,204.354,204.382,38.82102847823932,42.037433910529195,,,
1759949100,204.382,204.4895,204.376,204.4835,45.19755104972772,41.92407500434562,,,
1759950000,204.4835,204.558,204.445,204.5415,48.50071095145001,42.09263042901284,,,
1759950900,204.5415,204.569,204.5415,204.551,49.04248496251321,42.79386438359702,,,
1759951800,204.551,204.5965,204.5175,204.5945,51.555591649412555,43.87240253259774,,,
1759952700,204.5945,204.635,204.5845,204.6235,53.212232741615175,45.14701219828199,,,
1759953600,204.6235,204.688,204.6165,204.674,56.031916317096766,46.33449757666587,,,
1759954500,204.674,204.674,204.5985,204.6065,51.55920049174419,46.94412960446527,,,
1759955400,204.6065,204.6355,204.5795,204.6065,51.55920049174419,47.561171247195354,,,
1759956300,204.6065,204.701,204.5965,204.6725,55.58009759788028,48.471774901935596,,,
1759957200,204.6725,204.7555,204.5155,204.7085,57.64527231555269,49.59996088208892,,,
1759958100,204.7085,204.7195,204.6525,204.6605,54.03782123928359,50.085399722651125,,,
1759959000,204.6605,204.672,204.531,204.578,48.42821229418484,50.40941221238352,,,
1759959900,204.578,204.6515,204.5495,204.639,52.36566569278707,50.96692759094508,,,
1759960800,204.639,204.639,204.5535,204.5855,48.84343293800616,51.68281362378557,,,
1759961700,204.5855,204.586,204.5125,204.5565,46.99807592189447,51.811422543226044,,,
1759962600,204.5565,204.5625,204.4745,204.48,42.442689368474454,51.37870671587065,,,
1759963500,204.48,204.498,204.439,204.4915,43.331900505291216,50.97080782606908,,,
1759964400,204.4915,204.493,204.38,204.3965,38.09596988642163,50.00940627156972,,,
1759965300,204.3965,204.656,204.3945,204.6155,52.38075835197389,49.95001524373821,,,
1759966200,204.6155,204.6155,204.5365,204.567,49.648371392064355,49.494047749093035,,,
1759967100,204.567,204.6385,204.443,204.635,53.324661346058605,49.62015209582977,,,
1759968000,204.635,204.662,204.4055,204.572,49.70387573941903,49.487628899235126,,,
1759968900,204.572,204.5865,204.4585,204.546,48.247846423712716,48.963896672508874,,,
1759969800,204.546,204.6,204.4785,204.599,51.37484760117499,48.51600919291047,,,
1759970700,204.599,204.7755,204.5655,204.7755,60.035121674504715,48.94438779542626,,,
1759971600,204.7755,204.8805,204.7315,204.784,60.4008974199702,49.79957959012521,,,
1759972500,204.784,204.785,204.5605,204.566,48.21313382730252,49.502970171162026,,,
1759973400,204.566,204.616,204.404,204.427,42.34588111727621,49.03885932682417,,,
1759974300,204.427,204.626,204.394,204.527,47.31339961071835,49.06138244745445,,,
1759975200,204.527,204.5845,204.5255,204.566,49.15341000427541,49.54071963572595,,,
1759976100,204.566,204.636,204.544,204.615,51.44768866306997,50.120418789853,,,
1759977000,204.615,204.659,204.577,204.59,50.203050671097444,50.985210274472706,,,
1759977900,204.59,204.604,204.511,204.551,48.24233427578459,50.68960855474489,,,
1759978800,204.551,204.6155,204.529,204.597,50.68863371450785,50.763913006348005,,,
1759979700,204.597,204.6185,204.5375,204.5755,49.510757063078195,50.4914912718494,,,
1759980600,204.5755,204.61,204.55,204.591,50.40550483030702,50.541607635484255,,,
1759981500,204.591,204.6155,204.586,204.596,50.708958746568925,50.717401372831134,,,
1759982400,204.596,204.709,204.586,204.6495,53.95539224884699,50.90172599052198,,,
1759983300,204.6495,204.673,204.624,204.6575,54.438624855268124,50.50197621771937,,,
1759984200,204.6575,204.658,204.569,204.57,48.44942469991695,49.64829959485842,,,
1759985100,204.57,204.582,204.4895,204.5,44.25476802893957,49.36555918068964,,,
1759986000,204.5,204.6355,204.498,204.6085,51.29373609036727,50.00469167876758,,,
1759986900,204.6085,204.62,204.5495,204.5865,49.917380409398966,50.190690307244765,,,
1759987800,204.5865,204.6445,204.5485,204.5665,48.639622606956564,50.15399120743627,,,
1759988700,204.5665,204.6695,204.5065,204.6145,51.8267445235989,50.181066626045485,,,
1759989600,204.6145,204.781,204.5965,204.774,60.5803565769239,50.922302762175946,,,
1759990500,204.774,204.855,204.609,204.6215,51.0322018933189,51.121579020571254,,,
1759991400,204.6215,204.7215,204.5335,204.689,54.45401534215365,51.39053485111738,,,
1759992300,204.689,204.707,204.436,204.445,42.808757418451044,50.911820590786874,,,
1759993200,204.445,204.536,204.3745,204.382,40.40604939090752,50.19757377368692,,,
1759994100,204.382,204.473,204.357,204.3965,41.22372783956499,49.52005728032949,,,
1759995000,204.3965,204.5665,204.354,204.4785,45.75644916594277,48.93441848869348,,,
1759995900,204.4785,204.4855,204.3565,204.387,41.875737507536336,48.037069392426915,,,
1759996800,204.387,204.4395,204.339,204.3975,42.47863177838971,47.610584183746404,,,
1759997700,204.3975,204.4865,204.3265,204.3295,39.61296709347062,47.27902697407004,,,
1759998600,204.3295,204.3535,204.186,204.297,38.28365375293446,46.34973537853913,,,
1759999500,204.297,204.3165,204.1165,204.1705,33.56261439316367,45.18153780595088,,,
1760000400,204.1705,204.273,203.918,204.2575,39.12283556912453,44.5017673032486,,,
1760001300,204.2575,204.3435,204.23,204.2965,41.486917631123056,43.76320823950032,,,
1760002200,204.2965,204.364,204.218,204.223,38.45596427256159,42.18289450347444,,,
1760003100,204.223,204.2625,204.142,204.229,38.84871973398278,41.31264577780758,,,
1760004000,204.229,204.2965,204.169,204.247,40.08405436751851,40.28621999390507,,,
1760004900,204.247,204.3105,204.2135,204.2925,43.20722510741194,40.31468197168799,,,
1760005800,204.2925,204.3035,204.2355,204.25,41.05455784981557,40.361004004467134,,,
1760006700,204.25,204.3705,204.097,204.1105,34.90699527822713,39.909808821514424,,,
1760007600,204.1105,204.261,203.9975,204.227,42.63276717396626,39.686688679230386,,,
1760008500,204.227,204.2645,204.1825,204.246,43.80421688302855,39.82443720605126,,,
1760009400,204.246,204.31,204.2435,204.2755,45.659608576487095,40.05164983448679,,,
1760010300,204.2755,204.3975,204.274,204.365,50.950756426139584,40.86149192967743,,,
1760011200,204.365,204.393,204.281,204.32,48.39900855095054,41.58401727239286,,,
1760012100,204.32,204.346,204.255,204.2865,46.53072031963604,42.510310552855174,,,
1760013000,204.2865,204.5045,204.2795,204.439,55.039186771384315,43.64719278158801,,,
1760013900,204.439,204.525,204.389,204.4475,55.46457583048327,44.64559693868518,,,
1760014800,204.4475,204.5695,203.7605,204.0745,38.32748578945363,44.636419904177465,,,
1760015700,204.0745,204.2305,204.024,204.143,41.87905646620558,44.852872527907664,,,
1760016600,204.143,204.304,204.097,204.28,48.29257557181751,45.43919547107187,,,
1760017500,204.28,204.3785,204.213,204.3595,51.62827245906057,46.04069885333249,,,
1760018400,204.3595,204.402,204.2155,204.2535,47.2513272902453,46.483325241934615,,,
1760019300,204.2535,204.3285,204.1195,204.276,48.25414142389211,47.43669282376783,,,
1760020200,204.276,204.276,203.956,203.9765,37.919965777682414,47.100064152604695,,,
1760021100,203.9765,204.0605,203.8375,204.0395,40.79238118380627,46.88493303123168,,,
1760022000,204.0395,204.0815,203.8465,203.852,35.524154476847144,46.160972024114535,,,
1760022900,203.852,204.0165,203.6965,203.6965,31.85036992319604,44.79665870247572,,,
1760023800,203.6965,203.74,203.6035,203.634,30.485721676269918,43.517138211427095,,,
1760024700,203.634,203.7155,203.5815,203.6975,33.59859810317185,42.59341519596537,,,
1760025600,203.6975,203.7415,203.5785,203.6085,31.471413980451715,40.9100028537559,,,
1760026500,203.6085,203.613,203.5085,203.534,29.772208400115872,39.0748337515868,,,
1760027400,203.534,203.623,203.5135,203.5645,31.40507206119868,38.58037562814002,,,
1760028300,203.5645,203.5995,203.3815,203.4035,27.73869104320086,37.57034952649683,,,
1760029200,203.4035,203.518,203.3135,203.514,33.47878571294915,36.5122216794348,,,
1760030100,203.514,203.5325,203.3805,203.3835,30.406814943446847,34.996403285462385,,,
1760031000,203.3835,203.5545,203.352,203.553,38.322976717084465,34.358663958808044,,,
1760031900,203.553,203.5665,203.4655,203.5325,37.76349110061984,33.609331792860026,,,
1760032800,203.5325,203.5565,203.43,203.4925,36.63948199541292,33.51786866555506,,,
1760033700,203.4925,203.5025,203.4475,203.486,36.44962404215199,33.20767172686546,,,
1760034600,203.486,203.529,203.4535,203.4745,36.093275543191034,33.24832323160432,,,
1760035500,203.4745,203.48,203.4025,203.447,35.206877225287755,33.48807375318229,,,
1760036400,203.447,203.484,203.376,203.468,36.48955933253532,33.91691930005839,,,
1760037300,203.468,203.543,203.4595,203.523,39.84822408741277,34.3633211560756,,,
1760038200,203.523,203.6195,203.505,203.584,43.42195072481939,35.216930923530434,,,
1760039100,203.584,203.5865,203.5015,203.5285,41.03327660279789,36.021292938007726,,,
1760040000,203.5285,203.633,203.5275,203.6085,45.67253637632555,37.04039753194535,,,
1760040900,203.6085,203.615,203.539,203.565,43.66103791694302,38.177708022926936,,,
1760041800,203.565,203.655,203.565,203.653,48.593468424784994,39.257328216629496,,,
1760042700,203.653,203.684,203.6265,203.647,48.28308366119567,40.53420455361156,,,
1760043600,203.647,203.647,203.5385,203.5615,43.972797182953265,40.937763158316464,,,
1760044500,203.5615,203.713,203.5215,203.7095,51.9663052059489,41.952249880125684,,,
1760045400,203.7095,203.7165,203.6615,203.663,49.57320232436108,42.87608704647913,,,
1760046300,203.663,203.7175,203.6385,203.687,50.831743166202294,43.90338126962558,,,
1760047200,203.687,203.698,203.556,203.575,45.16655481325078,44.551472646058414,,,
1760048100,203.575,203.583,203.5365,203.5705,44.94979128844958,45.247395079141405,,,
1760049000,203.5705,203.586,203.553,203.585,45.85156040431903,45.91610944141167,,,
1760049900,203.585,203.5855,203.5365,203.538,43.37153721515399,46.167774664821756,,,
1760050800,203.538,203.7575,203.5375,203.717,53.65315884472938,46.89857524481533,,,
1760051700,203.717,203.733,203.566,203.5985,47.50410886308945,47.36077754912186,,,
1760052600,203.5985,203.6445,203.565,203.579,46.55849761610188,47.42406049482018,,,
1760053500,203.579,203.6285,203.5015,203.5705,46.12746509351378,47.60023386457523,,,
1760054400,203.5705,203.661,203.498,203.6535,50.90688834597597,47.76547814466029,,,
1760055300,203.6535,203.7115,203.5305,203.5955,47.72085111644861,47.72531867717836,,,
1760056200,203.5955,203.668,203.584,203.637,50.12605978993286,48.164837434819766,,,
1760057100,203.637,203.706,203.4955,203.5075,43.41393851605504,47.553954099827344,,,
1760058000,203.5075,203.5535,203.4025,203.4265,39.822073325446276,46.857444885619145,,,
1760058900,203.4265,203.481,203.3765,203.4735,42.78031613789552,46.282342955025804,,,
1760059800,203.4735,203.5015,203.439,203.446,41.49499447406159,46.02008864508372,,,
1760060700,203.446,203.589,203.435,203.5525,48.00965959550751,46.23865066701643,,,
1760061600,203.5525,203.6235,203.4775,203.5665,48.81650827548965,46.450432657814325,,,
1760062500,203.5665,203.5695,203.475,203.479,44.19958820726931,46.509579157251146,,,
1760063400,203.479,203.5685,203.4705,203.539,47.84235601522206,46.09452181228634,,,
1760064300,203.539,203.549,203.4825,203.502,45.85438470135627,45.97668437216253,,,
1760065200,203.502,203.5435,203.44,203.4645,43.86495117662186,45.78428819791396,,,
1760066100,203.4645,203.467,203.377,203.4435,42.746487946296305,45.542789830255565,,,
1760067000,203.4435,203.457,203.322,203.325,37.011591732548,44.550268643582136,,,
1760067900,203.325,203.3435,203.194,203.2265,33.04323874757381,43.50186776009108,,,
1760068800,203.2265,203.269,203.1855,203.228,33.160767384633616,42.29006115971256,,,
1760069700,203.228,203.276,203.2015,203.276,36.973257982081876,41.83001255014305,,,
1760070600,203.276,203.3475,203.2755,203.343,41.95055593865735,41.98204702251526,,,
1760071500,203.343,203.401,203.283,203.2925,39.423443332002584,41.742270393522915,,,
1760072400,203.2925,203.351,203.217,203.345,43.25080239688119,41.867685245152884,,,
1760073300,203.345,203.3805,203.323,203.354,43.90511573000089,41.57450354047385,,,
1760074200,203.354,203.4135,203.3275,203.3645,44.70611954967757,41.28090434577298,,,
1760075100,203.3645,203.417,203.341,203.3715,45.2672348929811,41.35716482332383,,,
1760076000,203.3715,203.424,203.2975,203.395,47.20423079731803,41.311584450616394,,,
1760076900,203.395,203.5065,203.3335,203.355,44.32854394483087,41.2025958251503,,,
1760077800,203.355,203.401,202.8445,203.0935,31.022823942328742,40.28530102270078,,,
1760078700,203.0935,203.102,202.666,202.814,23.056702645924787,38.878887786959965,,,
1760079600,202.814,203.021,202.767,202.9455,31.91491693969006,38.514839587470114,,,
1760080500,202.9455,203.221,202.8545,203.1605,43.390221804501536,39.25390980582209,,,
1760081400,203.1605,203.23,203.1195,203.1505,43.0269770769569,39.95863906955947,,,
1760082300,203.1505,203.357,203.1185,203.34,51.34023661934013,40.98485182936363,,,
1760083200,203.34,203.448,203.2025,203.266,48.37196915105209,41.44352420167753,,,
1760084100,203.266,203.274,203.055,203.0625,41.30038597422971,41.57759153326519,,,
1760085000,203.0625,203.2955,203.043,203.2915,50.13477330997947,42.06930374134364,,,
1760085900,203.2915,203.318,203.144,203.146,45.45392295781359,42.17993282904455,,,
1760086800,203.146,203.1965,203.0605,203.102,44.11263187439226,42.13754085223845,,,
1760087700,203.102,203.136,202.997,203.1145,44.61267113812331,42.09078629832004,,,
1760088600,203.1145,203.211,203.0875,203.141,45.72143572098653,41.98487236429636,,,
1760089500,203.141,203.147,203.001,203.0765,43.44195058277447,41.92154426700661,,,
1760090400,203.0765,203.085,202.947,203.042,42.22919367099063,42.72199924762532,,,
1760091300,203.042,203.0665,202.8855,202.899,37.54995221861107,43.75723135996005,,,
1760092200,202.899,202.9675,202.8545,202.856,36.24924736165674,44.06682639010053,,,
1760093100,202.856,202.865,202.5455,202.547,28.586213934309725,43.0093972565154,,,
1760094000,202.547,202.714,202.547,202.6965,35.67172276469377,42.484021948496604,,,
1760094900,202.6965,202.748,202.6435,202.703,35.96918706253834,41.386089837296474,,,
1760095800,202.703,202.7355,202.547,202.5535,32.27276447363879,40.23614664605266,,,
1760096700,202.5535,202.606,202.4965,202.576,33.382363890542265,39.670573640074984,,,
1760097600,202.576,202.6635,202.576,202.659,37.45324053266352,38.764749870266705,,,
1760098500,202.659,202.699,202.6175,202.6585,37.438398527349605,38.192212410947846,,,
1760099400,202.6585,202.6845,202.515,202.516,33.37863032185683,37.42549801433818,,,
1760100300,202.516,202.597,202.504,202.59,37.18779338488021,36.89514960339225,,,
1760101200,202.59,202.6365,202.5395,202.6025,37.8343837472971,36.33178874812871,,,
1760102100,202.6025,202.6245,202.547,202.6085,38.16342965312814,35.95475153886826,,,
1760103000,202.6085,202.644,202.5565,202.6265,39.20309520882624,35.73860164871366,,,
1760103900,202.6265,202.6935,202.568,202.6895,42.82633456772922,36.1154861022221,,,
1760104800,202.6895,202.7715,202.636,202.6905,42.88451990035865,36.5894341407008,,,
1760105700,202.6905,202.83,202.6185,202.7495,46.353453222768685,37.85852266130502,,,
1760106600,202.7495,202.919,202.722,202.916,54.71267258374094,39.21859050552267,,,
1760107500,202.916,202.989,202.7335,202.8175,49.7716932002595,40.204483801074176,,,
1760108400,202.8175,203.07,202.617,202.9115,54.037534868954914,41.759110257882476,,,
1760109300,202.9115,202.9445,202.5,202.513,38.93921701957196,42.156028338527456,,,
1760110200,202.513,202.551,202.2175,202.54,40.159191123783856,42.34931052360748,,,
1760111100,202.54,202.7325,202.5175,202.7225,47.757179838754276,43.08636633156495,,,
1760112000,202.7225,202.9355,202.658,202.845,52.14905152026376,44.427110702879745,,,
1760112900,202.845,203.1235,202.8305,203.0475,58.37806060869015,45.94070121886616,,,
1760113800,203.0475,203.094,202.8345,202.8675,51.90950306133227,46.94606688415439,,,
1760114700,202.8675,202.9065,202.698,202.7,46.721485737880634,47.557356604493854,,,
1760115600,202.7,202.731,202.436,202.5555,42.751879095800355,47.81084116784915,,,
1760116500,202.5555,202.597,202.3975,202.5745,43.43244265611184,47.854134602733616,,,
1760117400,202.5745,202.7705,202.5545,202.6745,47.00341451289333,48.148341360771816,,,
1760118300,202.6745,202.7655,202.611,202.6725,46.93959213334621,48.19020842581306,,,
1760119200,202.6725,202.712,202.5285,202.615,45.04584974326018,47.49972108006443,,,
1760120100,202.615,202.679,202.5955,202.603,44.64107415756931,47.13324829130085,,,
1760121000,202.603,202.6625,202.5,202.502,41.278955499872765,46.22192119350927,,,
1760121900,202.502,202.58,202.4505,202.49,40.884964248291276,46.36090313841779,,,
1760122800,202.49,202.5715,202.4715,202.4945,41.111951253163944,46.428957433373505,,,
1760123700,202.4945,202.5865,202.443,202.4525,39.5842212660116,45.8451746781776,,,
1760124600,202.4525,202.502,202.307,202.472,40.68627735878518,45.02640509521485,,,
1760125500,202.472,202.5225,202.353,202.377,37.132567413636664,43.50886986699674,,,
1760126400,202.377,202.487,202.3495,202.466,42.223920060648545,42.81704250980504,,,
1760127300,202.466,202.466,202.3475,202.4315,40.843091278268595,42.39715719126133,,,
1760128200,202.4315,202.4685,202.3925,202.4195,40.34882721999049,42.22551062870348,,,
1760129100,202.4195,202.4355,201.873,201.8985,25.768425935760675,40.9637951486784,,,
1760302800,201.8985,202.8255,201.8985,202.654,52.5468508491464,41.359754886982195,,,
1760303700,202.654,202.665,202.505,202.555,50.00140436718646,41.57845576082792,,,
1760304600,202.555,202.781,202.4855,202.735,54.332943937352894,42.24181963183454,,,
1760305500,202.735,202.7525,202.4845,202.4985,48.399964457487286,42.5103117961144,,,
1760306400,202.4985,203.1025,202.4985,202.947,57.80900539816193,43.6910296459922,,,
1760307300,202.947,203.0915,202.841,202.844,55.31444855110164,44.72170709619293,,,
1760308200,202.844,202.8775,202.6465,202.668,51.24522596101945,45.44551243246833,,,
1760309100,202.668,202.768,202.6645,202.717,52.297389152825986,46.353595852955074,,,
1760310000,202.717,202.7295,202.521,202.667,51.085883423365,47.09642485756792,,,
1760310900,202.667,202.702,202.582,202.6935,51.72419909153788,48.13868426313229,,,
1760311800,202.6935,202.7635,202.6185,202.7535,53.21293330216157,48.92361378038322,,,
1760312700,202.7535,202.822,202.677,202.7935,54.22636961954802,49.87956223333175,,,
1760313600,202.7935,202.8415,202.727,202.7955,54.27969506003177,50.874624221906124,,,
1760314500,202.7955,202.823,202.6525,202.7105,51.53199296184891,52.71487900948386,,,
1760315400,202.7105,202.796,202.6865,202.7355,52.29685832549297,52.69702240065147,,,
1760316300,202.7355,202.754,202.643,202.7235,51.873699913691446,52.83075779683039,,,
1760317200,202.7235,202.8985,202.7235,202.799,54.37508106699581,52.833767591804886,,,
1760318100,202.799,202.8425,202.751,202.803,54.50998084697765,53.27019733391135,,,
1760319000,202.803,202.936,202.7675,202.9175,58.309883116033454,53.30597431375931,,,
1760319900,202.9175,202.955,202.881,202.937,58.93895476923475,53.56486761505453,,,
1760320800,202.937,202.969,202.8825,202.9285,58.52440847843743,54.08480922344153,,,
1760321700,202.9285,202.931,202.8685,202.918,57.98188567674039,54.49084468943541,,,
1760322600,202.918,202.961,202.8965,202.908,57.43580219682971,54.94441031611147,,,
1760323500,202.908,202.941,202.867,202.8715,55.38539777323893,55.20592450766155,,,
1760324400,202.8715,202.9225,202.8375,202.915,57.34000162132373,55.500715101887415,,,
1760325300,202.915,202.9195,202.886,202.8905,55.85573804629177,55.61709856094054,,,
1760326200,202.8905,202.9355,202.863,202.913,56.95765872343779,55.80838167975526,,,
1760327100,202.913,202.9305,202.8675,202.883,54.986789290194544,56.05515284606565,,,
1760328000,202.883,202.9455,202.856,202.8825,54.95265995121332,56.24485296218854,,,
1760328900,202.8825,202.9125,202.8125,202.891,55.458793467057994,56.50093107314329,,,
1760329800,202.891,202.9105,202.856,202.89,55.37995932689273,56.57270809170736,,,
1760330700,202.89,202.949,202.8735,202.9035,56.283418565933495,56.69938221448992,,,
1760331600,202.9035,202.907,202.799,202.8545,52.155547661582155,56.259786824886255,,,
1760332500,202.8545,202.8575,202.7575,202.779,46.496986660495985,55.37107481711921,,,
1760333400,202.779,202.808,202.7175,202.7205,42.63700060710607,54.236259969166966,,,
1760334300,202.7205,202.7605,202.704,202.7295,43.415272740977734,53.19578761661249,,,
1760335200,202.7295,202.796,202.632,202.671,39.64964826487987,51.92534805004465,,,
1760336100,202.671,202.9125,202.653,202.908,56.21766591021018,51.984795774114026,,,
1760337000,202.908,202.9375,202.839,202.8775,54.15711915292583,51.75744702637132,,,
1760337900,202.8775,202.9725,202.8145,202.8255,50.742297854236156,51.39220129836735,,,
1760338800,202.8255,203.0165,202.746,202.9945,59.6476198612226,51.584341379637685,,,
1760339700,202.9945,203.1805,202.8905,203.1515,65.82834129991161,52.35873795176034,,,
1760340600,203.1515,203.2475,203.082,203.096,62.201339541509284,52.87650077963862,,,
1760341500,203.096,203.133,203.034,203.091,61.87060396460122,53.33448724374885,,,
1760342400,203.091,203.1565,203.017,203.0435,58.67855966313464,53.57010155348042,,,
1760343300,203.0435,203.0455,202.919,202.9625,53.600161526267975,53.37844033636146,,,
1760344200,202.9625,203.0155,202.837,202.8565,47.77325964167314,53.06541976351082,,,
1760345100,202.8565,203.0265,202.8485,203.0135,55.49111737947819,53.707857672009546,,,
1760346000,203.0135,203.095,203,203.017,55.64846694917838,54.637248125014715,,,
1760346900,203.017,203.0565,202.947,202.984,53.720114659567024,55.37330826205681,,,
1760347800,202.984,203.0385,202.916,203.0355,56.2670610828726,56.56026632048486,,,
1760348700,203.0355,203.087,202.9275,202.9555,51.523541645764745,56.224971730167326,,,
1760349600,202.9555,202.972,202.919,202.9425,50.77445888054935,55.98335313928329,,,
1760350500,202.9425,202.9635,202.87,202.9595,51.76210797622272,56.05619671942519,,,
1760351400,202.9595,203.035,202.936,202.9585,51.69640148939972,55.48825255000927,,,
1760352300,202.9585,202.9595,202.894,202.9455,50.793720383594774,54.414351055986636,,,
1760353200,202.9455,203.0945,202.857,202.9575,51.63326425147209,53.659488535269695,,,
1760354100,202.9575,202.998,202.819,202.8375,43.618694544411476,52.35578071954185,,,
1760355000,202.8375,202.871,202.761,202.843,44.04737846564881,51.310696348292865,,,
1760355900,202.843,202.849,202.7415,202.778,40.16102574314073,50.35075807806949,,,
1760356800,202.778,202.866,202.734,202.863,46.774533636627375,50.279420506280516,,,
1760357700,202.863,202.8915,202.8165,202.8385,45.22307684459717,49.5459890395033,,,
1760358600,202.8385,202.95,202.7835,202.923,51.231308020565265,49.2304776874595,,,
1760359500,202.923,202.964,202.849,202.96,53.62969181567942,49.224018912896106,,,
1760360400,202.96,203.0125,202.9265,202.989,55.47783169284129,49.16764538503673,,,
1760361300,202.989,203.0525,202.9125,202.9165,50.101676398087086,49.066083581631176,,,
1760362200,202.9165,202.94,202.7785,202.8495,45.69471007124878,48.70324438096685,,,
1760363100,202.8495,202.922,202.7935,202.913,50.16849483191682,48.589414870659276,,,
1760364000,202.913,203,202.864,202.99,55.00869399682154,48.82600719261798,,,
1760364900,202.99,203.0945,202.9795,202.9895,54.97135525894872,49.124409683714696,,,
1760365800,202.9895,203.1295,202.9875,203.1255,62.439507537217644,49.89628420412509,,,
1760366700,203.1255,203.1425,202.9355,203.064,57.77321744701539,50.90732155431108,,,
1760367600,203.064,203.0945,203.0055,203.0375,55.83684636512405,51.7494264042736,,,
1760368500,203.0375,203.095,202.991,203.0085,53.71509171523103,52.71757397370862,,,
1760369400,203.0085,203.0715,202.998,203.0715,57.49388335325622,53.48324181061067,,,
1760370300,203.0715,203.085,202.935,202.943,48.7511767719498,53.735248948278716,,,
1760371200,202.943,203.0205,202.9145,202.999,52.16498966562404,53.80194049435435,,,
1760372100,202.999,203.0135,202.9255,202.9785,50.830154127106084,53.60197351659911,,,
1760373000,202.9785,203.0035,202.9405,203.0015,52.30478098894629,53.37532703774947,,,
1760373900,203.0015,203.025,202.97,202.996,51.903911577002646,53.504058121957726,,,
1760374800,202.996,203.036,202.97,203.002,52.333103609418814,53.97822908896988,,,
1760375700,203.002,203.0465,202.996,203.0195,53.63274857201617,54.225675784691255,,,
1760376600,203.0195,203.0265,202.97,202.9815,50.41816223325978,53.89778065872256,,,
1760377500,202.9815,203.004,202.941,203.0025,52.12588049070264,53.694532460990686,,,
1760378400,203.0025,203.045,202.9955,203.0335,54.611130314663946,53.135362659379716,,,
1760379300,203.0335,203.093,203.029,203.078,57.98304679988406,53.1503504702989,,,
1760380200,203.078,203.1345,203.0555,203.1245,61.2246564843527,53.53519405024381,,,
1760381100,203.1245,203.132,203.0555,203.062,55.07434319744274,53.63228344183035,,,
1760382000,203.062,203.091,203.0475,203.0765,56.174292047699986,53.5380269200049,,,
1760382900,203.0765,203.1085,203.0755,203.0825,56.64729320682593,54.102035236781774,,,
1760383800,203.0825,203.093,203.0495,203.0645,54.73861375717264,54.28586552903524,,,
1760384700,203.0645,203.0965,203.0335,203.0645,54.73861375717264,54.56504121689714,,,
1760385600,203.0645,203.11,203.031,203.102,58.14598235992025,54.98226988625243,,,
1760386500,203.102,203.114,203.076,203.108,58.68194656406494,55.466415242471165,,,
1760387400,203.108,203.1085,203.0555,203.0565,52.470989227289955,55.47626421517624,,,
1760388300,203.0565,203.1135,203.0365,203.0405,50.67643124604183,55.26509869189236,,,
1760389200,203.0405,203.1205,202.8405,203.0375,50.328862026271835,55.25872010567894,,,
1760390100,203.0375,203.1075,202.98,202.9825,44.32646763361704,54.70161918731567,,,
1760391000,202.9825,203.0575,202.9825,203.033,50.1994044112002,54.38649590849684,,,
1760391900,203.033,203.0845,202.962,203.0295,49.807246992221344,53.8025102079495,,,
1760392800,203.0295,203.0395,202.963,202.982,44.70324147577783,52.622409135908434,,,
1760393700,202.982,203.0655,202.975,203.064,53.55214031419868,52.51368035853386,,,
1760394600,203.064,203.085,203.025,203.084,55.4257305609191,52.46021168090665,,,
1760395500,203.084,203.0995,203.035,203.093,56.280369334216985,52.43400283286316,,,
1760396400,203.093,203.0985,203.0425,203.0535,51.60387964330485,52.210093253301174,,,
1760397300,203.0535,203.0695,203.0235,203.0595,52.25288608342503,52.03254127660491,,,
1760398200,203.0595,203.0835,203.028,203.08,54.49808797139374,51.77197739171016,,,
1760399100,203.08,203.267,203.0215,203.2635,68.69038948382799,52.486866171693315,,,
1760400000,203.2635,203.302,203.195,203.2355,65.34136713495205,53.40617887938346,,,
1760400900,203.2355,203.39,203.2355,203.385,72.93019959697453,54.995733761592945,,,
1760401800,203.385,203.497,203.3685,203.3865,72.9940931519422,56.614678841997964,,,
1760402700,203.3865,203.429,203.3135,203.3355,67.18746697693966,58.24760736652102,,,
1760403600,203.3355,203.351,203.243,203.3505,67.99391153870008,59.51864358991386,,,
1760404500,203.3505,203.5185,203.323,203.4825,74.04036480396458,61.249580576466954,,,
1760405400,203.4825,203.4875,203.399,203.4295,68.44895238669304,62.945702784389475,,,
1760406300,203.4295,203.464,203.352,203.433,68.61749797925297,64.02179976046479,,,
1760407200,203.433,203.447,203.3705,203.429,68.16930083364991,64.93205477994555,,,
1760408100,203.429,203.4535,203.3705,203.3715,61.909192036671115,65.33411354440656,,,
1760409000,203.3715,203.465,203.36,203.4065,64.07196714949049,66.22469122341981,,,
1760409900,203.4065,203.412,203.31,203.3355,57.0014371120841,66.5638734397526,,,
1760410800,203.3355,203.3675,203.1985,203.224,48.036339522709554,66.1023199791323,,,
1760411700,203.224,203.266,203.224,203.2595,50.69520603129797,64.81694973252301,,,
1760412600,203.2595,203.2605,203.0145,203.0155,36.769187074980785,62.77607972823936,,,
1760413500,203.0155,203.08,202.9695,203.0475,39.13076755439942,60.36183458234113,,,
1760414400,203.0475,203.0555,202.6585,202.713,27.548327719759115,57.115708480042336,,,
1760415300,202.713,202.7815,202.6275,202.716,27.754865785000447,54.29909410918953,,,
1760416200,202.716,202.797,202.6685,202.726,28.48668203252565,51.477149144462786,,,
1760417100,202.726,202.77,202.637,202.766,31.476717096650617,48.43688859394036,,,
1760418000,202.766,202.77,202.6535,202.703,29.392284136261637,45.64712657605241,,,
1760418900,202.703,202.7865,202.6755,202.714,30.260670683032885,42.90735319775097,,,
1760419800,202.714,202.7205,202.449,202.548,25.219828127430347,39.83953371873529,,,
1760420700,202.548,202.55,202.383,202.4,21.742315691730454,36.970471122668094,,,
1760421600,202.4,202.4,202.0065,202.0755,16.402054592271753,33.56547736858105,,,
1760422500,202.0755,202.1205,201.7045,201.7835,13.248641441999226,30.440277677860696,,,
1760423400,201.7835,201.8625,201.6325,201.7235,12.707995728794472,27.916824549723906,,,
1760424300,201.7235,201.851,201.6865,201.722,12.694049194911045,25.202456204267694,,,
1760425200,201.722,201.738,201.3665,201.563,11.280797317523891,23.381856935877913,,,
1760426100,201.563,201.686,201.4525,201.4835,10.64278457419286,21.347001008720305,,,
1760427000,201.4835,201.6055,201.335,201.3925,9.949144400814774,20.089916485938566,,,
1760427900,201.3925,201.532,201.3705,201.4515,13.868686552526839,19.098046540761878,,,
1760428800,201.4515,201.812,201.423,201.7895,32.10161118131565,19.35625576567545,,,
1760429700,201.7895,201.8325,201.7165,201.813,33.16101361736901,19.476562660012473,,,
1760430600,201.813,201.8695,201.7005,201.7895,32.61301789243605,19.70661507116779,,,
1760431500,201.7895,201.8875,201.69,201.8875,37.26863253057712,20.207183774563806,,,
1760432400,201.8875,202.017,201.8155,202.003,42.325969724784585,21.42905103151768,,,
1760433300,202.003,202.023,201.907,201.9765,41.4993103248868,22.840264933885994,,,
1760434200,201.9765,201.99,201.7925,201.8405,37.45615351274235,24.344129142491035,,,
1760435100,201.8405,201.845,201.69,201.818,36.817070565489196,26.027588365597463,,,
1760436000,201.818,201.818,201.6225,201.667,32.77539788940781,27.4609742342127,,,
1760436900,201.667,201.714,201.5585,201.6085,31.3399930491706,28.79282736665981,,,
1760437800,201.6085,201.612,201.5145,201.543,29.768015173692476,30.113342927814706,,,
1760438700,201.543,201.6295,201.4705,201.554,30.399403522697867,31.524529995565064,,,
1760439600,201.554,201.7765,201.512,201.707,38.65962139818179,33.57527835251985,,,
1760440500,201.707,201.891,201.6935,201.779,42.1396691464715,35.594634252087324,,,
1760441400,201.779,201.8485,201.731,201.764,41.61002982121066,36.27380701207983,,,
1760442300,201.764,201.8165,201.711,201.81,43.937133113760666,37.04352983325066,,,
1760443200,201.81,201.8375,201.6175,201.7125,40.273374170024454,37.59069813879269,,,
1760444100,201.7125,201.734,201.5115,201.578,35.83426315285932,37.488243183241416,,,
1760445000,201.578,201.58,201.34,201.4165,31.36389846153014,36.70523809300896,,,
1760445900,201.4165,201.6455,201.4095,201.639,42.083714819872384,36.74698127122222,,,
1760446800,201.639,201.9245,201.631,201.891,51.35120319503015,37.739484819957056,,,
1760447700,201.891,201.984,201.8265,201.9515,53.28391589702105,38.91568805792362,,,
1760448600,201.9515,202.0865,201.693,201.7485,46.594944448876504,39.9027985264571,,,
1760449500,201.7485,201.909,201.6975,201.886,51.07501877647424,41.3124432212645,,,
1760450400,201.886,202.04,201.8715,201.9755,53.79222691982932,43.02845834598856,,,
1760451300,201.9755,202.1655,201.898,202.1445,58.481274174241456,45.034306249670244,,,
1760452200,202.1445,202.2035,202.063,202.0995,56.82763909421757,46.332021799387086,,,
1760453100,202.0995,202.1365,201.89,201.89,49.77160467935603,46.877160051735984,,,
1760454000,201.89,201.9475,201.815,201.881,49.48732994355846,47.439824346189404,,,
1760454900,201.881,201.918,201.8145,201.829,47.78896973151854,47.7149555331721,,,
1760455800,201.829,202.005,201.8065,201.9015,50.34753188836079,48.43453822733898,,,
1760456700,201.9015,202.183,201.9015,202.141,57.718669926163884,49.99771013971788,,,
1760457600,202.141,202.1825,202.0135,202.0685,55.05425554178109,51.68987850259295,,,
1760458500,202.0685,202.236,202.0195,202.1785,58.206592261935654,52.84151260559747,,,
1760459400,202.1785,202.195,202.0695,202.1,55.229600847561784,53.11854100934973,,,
1760460300,202.1,202.1805,202.0465,202.08,54.46528960534361,53.20292484565848,,,
1760461200,202.08,202.188,202.0285,202.183,57.71105486578744,53.996932732580696,,,
1760462100,202.183,202.292,202.173,202.2895,60.82081567120013,54.693061082203975,,,
1760463000,202.2895,202.293,202.187,202.2155,57.648648550606616,54.968519770116636,,,
1760463900,202.2155,202.278,202.1825,202.222,57.85657034535942,54.92389806805363,,,
1760464800,202.222,202.237,202.1645,202.2055,57.090355155273194,54.94266350098617,,,
1760465700,202.2055,202.249,202.178,202.236,58.19253505008492,55.5441585274668,,,
1760466600,202.236,202.317,202.235,202.317,61.05364314717299,56.37032375629641,,,
1760467500,202.317,202.3375,202.243,202.2655,58.32082348807965,57.122599024622204,,,
1760468400,202.2655,202.2935,202.2365,202.2575,57.887361929014496,57.66115831324032,,,
1760469300,202.2575,202.2765,202.212,202.228,56.22779524339302,57.55466726447098,,,
1760470200,202.228,202.228,202.007,202.0625,47.926476057045704,57.04554015841844,,,
1760471100,202.0625,202.161,202.027,202.1315,51.16371288559921,56.54247734582299,,,
1760472000,202.1315,202.1875,202.1175,202.119,50.55061536970093,56.20826409740436,,,
1760472900,202.119,202.13,202.0695,202.1005,49.603236024265726,55.86097455589879,,,
1760473800,202.1005,202.212,202.1005,202.1535,52.35795130772789,55.4786100160374,,,
1760474700,202.1535,202.257,202.1525,202.257,57.269933664997424,55.22497558702292,,,
1760475600,202.257,202.257,202.1085,202.2025,54.10651434867388,54.971966001170586,,,
1760476500,202.2025,202.2335,202.1595,202.189,53.32082851854725,54.647984442112566,,,
1760477400,202.189,202.21,202.13,202.1495,50.98783287343212,54.212089993409634,,,
1760478300,202.1495,202.163,202.1045,202.1115,48.77676917639131,53.539535288145814,,,
1760479200,202.1115,202.3015,202.1115,202.2145,54.53218958385487,53.07371717648023,,,
1760480100,202.2145,202.2225,202.169,202.2195,54.79770396151564,52.822065781725655,,,
1760481000,202.2195,202.2235,202.145,202.185,52.51876706983653,52.4385947203558,,,
1760481900,202.185,202.2335,202.164,202.196,53.187253100289176,52.22141313870553,,,
1760482800,202.196,202.252,202.168,202.205,53.76086030990583,52.63815487105268,,,
1760483700,202.205,202.227,202.132,202.212,54.23060926308231,52.85721889801575,,,
1760484600,202.212,202.239,202.194,202.1955,52.86724060345935,53.02269212899851,,,
1760485500,202.1955,202.217,202.091,202.0975,45.54365853917307,52.73272230863474,,,
1760486400,202.0975,202.305,201.998,202.283,57.535060059467966,53.1025157909019,,,
1760487300,202.283,202.2965,202.1345,202.1885,51.33357664058824,52.678490289158376,,,
1760488200,202.1885,202.24,201.97,201.995,41.47556785100779,51.77627982503937,,,
1760489100,201.995,202.1285,201.9305,202.016,42.7602868129778,51.021955417498695,,,
1760490000,202.016,202.0555,201.8195,201.876,36.93864697746753,50.01844213921551,,,
1760490900,201.876,201.9445,201.7925,201.933,40.491021316721785,49.42660300638197,,,
1760491800,201.933,201.9775,201.8425,201.9395,40.899874166843134,48.45286619088113,,,
1760492700,201.9395,201.9425,201.838,201.839,36.701286643110784,47.16026495385221,,,
1760493600,201.839,201.863,201.698,201.7625,33.85254768798701,45.82696356943439,,,
1760494500,201.7625,201.875,201.71,201.7835,35.33634358518263,44.55189860406963,,,
1760495400,201.7835,201.786,201.6545,201.6765,31.46360095835155,42.95923722181576,,,
1760496300,201.6765,201.6905,201.631,201.6535,30.685110209730865,41.277415860862085,,,
1760497200,201.6535,201.669,201.5975,201.647,30.455767582088754,39.67659635933561,,,
1760498100,201.647,201.734,201.634,201.719,36.14863543462254,39.00552328043915,,,
1760499000,201.719,201.821,201.718,201.7655,39.588150801841245,37.72360119060867,,,
1760499900,201.7655,201.8035,201.7345,201.79,41.37987686985407,37.01262263555622,,,
1760500800,201.79,201.802,201.7565,201.7755,40.612175460677655,36.95095175053264,,,
1760501700,201.7755,201.877,201.77,201.819,43.97052309682171,37.03739719937863,,,
1760502600,201.819,201.859,201.7845,201.8005,42.860448662513164,37.460383034024744,,,
1760503500,201.8005,201.9005,201.797,201.8975,49.98956626372559,38.1388505302393,,,
1760504400,201.8975,201.944,201.861,201.9,50.16215449187846,38.80044198202753,,,
1760505300,201.9,201.9595,201.8295,201.8315,45.52612217458941,39.43078737713314,,,
1760506200,201.8315,201.976,201.7945,201.918,51.608203685457894,40.699048519809644,,,
1760507100,201.918,202.013,201.8975,201.8985,50.24622421007661,41.764039993016354,,,
1760508000,201.8985,201.8985,201.683,201.7645,42.03642612232803,42.519241790443246,,,
1760508900,201.7645,201.911,201.733,201.855,48.19308688607512,43.76981155303927,,,
1760509800,201.855,201.935,201.808,201.8555,48.22580660162343,45.0391000544346,,,
1760510700,201.8555,201.861,201.7775,201.829,46.54784530659073,45.78190075957519,,,
1760511600,201.829,201.897,201.675,201.8715,49.57790421121345,46.49545457453034,,,
1760512500,201.8715,201.9695,201.812,201.8565,48.53221416869247,47.00633581016166,,,
1760513400,201.8565,201.9165,201.8065,201.8895,50.98172947166041,47.747018239517566,,,
1760514300,201.8895,201.987,201.8665,201.9165,52.95459023313566,48.38873732068286,,,
1760515200,201.9165,202.0695,201.89,202.0305,60.23229947912632,49.62958380758379,,,
1760516100,202.0305,202.1215,201.9295,201.9535,54.140189005957325,49.92605686060034,,,
1760517000,201.9535,201.957,201.8005,201.864,48.055996989115364,49.77561703897441,,,
1760517900,201.864,201.87,201.754,201.8135,44.98417575720499,49.7369065805898,,,
1760518800,201.8135,201.9225,201.787,201.8985,50.696800310842534,49.67180633954585,,,
1760519700,201.8985,202.036,201.8885,202.0265,57.80255123388874,50.211543984103855,,,
1760520600,202.0265,202.2165,202.018,202.1235,62.243475194423176,51.65490463211065,,,
1760521500,202.1235,202.169,202.043,202.057,57.75583907778054,52.33795836008961,,,
1760522400,202.057,202.266,202.024,202.248,65.4587990473047,53.56888639192399,,,
1760523300,202.248,202.254,202.1605,202.1675,60.455313744066245,54.562276994600815,,,
1760524200,202.1675,202.2195,202.134,202.2055,61.934453021653006,55.44488762391792,,,
1760525100,202.2055,202.3015,202.1815,202.297,65.30011962812506,56.64259515673454,,,
1760526000,202.297,202.318,202.2095,202.265,63.195663555238056,57.51501901984722,,,
1760526900,202.265,202.299,202.204,202.2155,59.975769228611185,58.01653180523833,,,
1760527800,202.2155,202.256,202.176,202.2035,59.18844788931443,57.941970977394625,,,
1760528700,202.2035,202.3185,202.201,202.28,62.562472364118875,58.54356264583474,,,
1760529600,202.28,202.445,202.2545,202.4305,68.1425022616575,59.97831302244489,,,
1760530500,202.4305,202.513,202.3255,202.34,62.14422036497395,61.20403049442839,,,
1760531400,202.34,202.43,202.3235,202.3735,63.42756580899361,62.113370887153465,,,
1760532300,202.3735,202.3915,202.284,202.373,63.39302259694846,62.51269027022916,,,
1760533200,202.373,202.443,202.326,202.3985,64.45619442004258,62.67074164348769,,,
1760534100,202.3985,202.417,202.2125,202.2175,52.74626280015271,62.31291476651427,,,
1760535000,202.2175,202.3745,202.202,202.255,54.58706304829488,61.53636219515642,,,
1760535900,202.255,202.293,202.0815,202.119,47.378565805991634,60.602308771008246,,,
1760536800,202.119,202.3535,202.0515,202.32,56.51777467249801,60.21540317464003,,,
1760537700,202.32,202.3375,202.1945,202.2035,50.99005565018474,59.193255747644294,,,
1760538600,202.2035,202.312,202.197,202.293,54.658942703866316,58.58348997254631,,,
1760539500,202.293,202.3975,202.245,202.349,56.83624641346019,58.35923834289266,,,
1760540400,202.349,202.4085,202.274,202.3295,55.83086013014174,58.119410645808905,,,
1760541300,202.3295,202.583,202.3145,202.583,64.59808843178526,58.26481179349936,,,
1760542200,202.583,202.598,202.3855,202.428,57.130964677987976,57.47827339466583,,,
1760543100,202.428,202.551,202.4045,202.5435,60.77000528209488,57.38011517446017,,,
1760544000,202.5435,202.647,202.4725,202.5545,61.108609254391425,57.21447542056002,,,
1760544900,202.5545,202.56,202.4495,202.5435,60.54582404287493,57.011104095269054,,,
1760545800,202.5435,202.5455,202.437,202.4445,55.58425269563808,56.3773939720973,,,
1760546700,202.4445,202.493,202.4205,202.4565,56.054343480892804,56.61368544929303,,,
1760547600,202.4565,202.4625,202.2145,202.228,46.058031935349014,56.00446894122547,,,
1760548500,202.228,202.355,202.198,202.341,50.73678560591456,56.2443417840771,,,
1760549400,202.341,202.3965,202.3105,202.3435,50.83838142003708,55.838670837472755,,,
1760550300,202.3435,202.4465,202.3055,202.4355,54.55281470198272,56.09315362688689,,,
1760551200,202.4355,202.468,202.337,202.4205,53.838568388931904,56.03455546153443,,,
1760552100,202.4205,202.4955,202.3895,202.456,55.32922001084061,55.926910718490184,,,
1760553000,202.456,202.5295,202.449,202.5155,57.78953290036598,56.06681591636334,,,
1760553900,202.5155,202.5485,202.491,202.528,58.30903402804363,55.6175977446675,,,
1760554800,202.528,202.55,202.432,202.4625,54.52236789225241,55.431269402829244,,,
1760555700,202.4625,202.5275,202.462,202.502,56.3627948068145,55.11646865459493,,,
1760556600,202.502,202.551,202.481,202.509,56.697237691394484,54.80137068580944,,,
1760557500,202.509,202.5865,202.461,202.5865,60.32294550581867,54.785450790305426,,,
1760558400,202.5865,202.7205,202.5725,202.679,64.17817008812224,55.39930203262571,,,
1760559300,202.679,202.68,202.604,202.617,59.971940263793805,55.6791303742615,,,
1760560200,202.617,202.619,202.4785,202.5085,53.3787339011987,56.20203765753648,,,
1760561100,202.5085,202.51,202.434,202.4345,49.39051668695783,56.10587559189671,,,
1760562000,202.4345,202.5,202.265,202.4685,51.1948151449316,56.131335143674896,,,
1760562900,202.4685,202.6115,202.4045,202.5535,55.46909261165198,56.196783565794135,,,
1760563800,202.5535,202.5615,202.4505,202.452,49.85432960726066,55.912195081389044,,,
1760564700,202.452,202.4605,202.351,202.3665,45.66142851127469,55.221638545705765,,,
1760565600,202.3665,202.454,202.3665,202.419,48.52423766162723,54.559831742938705,,,
1760566500,202.419,202.498,202.419,202.486,51.9998173631761,54.10917340973389,,,
1760567400,202.486,202.4925,202.205,202.216,40.21576960263896,53.08727353190436,,,
1760568300,202.216,202.2825,202.1335,202.2825,43.60555030789941,52.17604178198185,,,
1760569200,202.2825,202.349,202.228,202.326,45.77157904447171,51.39563759291593,,,
1760570100,202.326,202.4015,202.286,202.3695,47.92553753688855,50.51010845227807,,,
1760571000,202.3695,202.407,202.2965,202.3615,47.551461700042296,49.32248642455807,,,
1760571900,202.3615,202.397,202.2805,202.378,48.44526077034347,48.49915217502591,,,
1760572800,202.378,202.4725,202.1395,202.152,38.71373815995405,47.451652479222716,,,
1760573700,202.152,202.206,202.0305,202.0495,35.25476326146374,46.44195580597314,,,
1760574600,202.0495,202.204,201.9955,202.1435,40.504695135996386,45.67837580533491,,,
1760575500,202.1435,202.2855,202.141,202.2805,47.22174083436675,45.08927924981453,,,
1760576400,202.2805,202.389,202.274,202.3285,49.37818717504065,45.055269076084535,,,
1760577300,202.3285,202.433,202.281,202.312,48.642443782660834,45.268198738326404,,,
1760578200,202.312,202.4005,202.2345,202.2635,46.45148932837644,45.12014528595135,,,
1760579100,202.2635,202.412,202.2385,202.3445,50.46443301894805,45.010474975649345,,,
1760580000,202.3445,202.461,202.299,202.457,55.45724210018632,46.09915158261701,,,
1760580900,202.457,202.4825,202.3905,202.4585,55.52161458226581,46.95029903078604,,,
1760581800,202.4585,202.4685,202.388,202.415,53.123908985346354,47.47546545513423,,,
1760582700,202.415,202.516,202.412,202.5105,57.46663391771667,48.15697233947909,,,
1760583600,202.5105,202.5665,202.469,202.4795,55.66391632331647,48.73643338399869,,,
1760584500,202.4795,202.579,202.456,202.513,57.225497973318184,49.363593184211155,,,
1760585400,202.513,202.56,202.4975,202.518,57.466294638416414,50.703061504101335,,,
1760586300,202.518,202.5205,202.464,202.5,56.23888538125806,52.201927369800934,,,
1760587200,202.5,202.5705,202.466,202.5705,59.85551003944167,53.58412843433274,,,
1760588100,202.5705,202.5805,202.4925,202.5265,56.705661111586515,54.261551311277,,,
1760589000,202.5265,202.5515,202.512,202.524,56.5236542188153,54.77194181440376,,,
1760589900,202.524,202.6855,202.5085,202.6065,60.97510691355324,55.652846323753224,,,
1760590800,202.6065,202.7585,202.5935,202.7295,66.48478891404352,57.083796294158006,,,
1760591700,202.7295,202.8085,202.6575,202.7035,64.41454426828793,58.080232811968,,,
1760592600,202.7035,202.7845,202.7005,202.7845,67.78054299340732,58.960468590055214,,,
1760593500,202.7845,202.7875,202.668,202.674,59.51068074075903,59.245401887090445,,,
1760594400,202.674,202.753,202.602,202.6945,60.474177838472556,59.77042109088517,,,
1760595300,202.6945,202.7225,202.6185,202.6895,60.09853540031667,59.958414053928024,,,
1760596200,202.6895,202.8985,202.676,202.866,67.72083987816819,60.819622879274576,,,
1760597100,202.866,202.875,202.713,202.774,61.16227405715257,61.100821170977035,,,
1760598000,202.774,202.844,202.6185,202.639,53.04416651750819,60.78495487662644,,,
1760598900,202.639,202.738,202.624,202.703,56.02416574576554,60.76961775980555,,,
1760599800,202.703,202.721,202.603,202.6975,55.69703147342423,60.472583576518595,,,
1760600700,202.6975,203.1195,202.606,203.068,68.87972764271463,61.34215975731346,,,
1760601600,203.068,203.131,202.994,203.03,66.68793847856108,62.06818006158101,,,
1760602500,203.03,203.122,202.9715,203.094,68.50563458584318,62.606074895316006,,,
1760603400,203.094,203.146,203.0365,203.143,69.86157650676367,62.84727400908173,,,
1760604300,203.143,203.242,203.093,203.242,72.4430255528635,63.420736957979976,,,
1760605200,203.242,203.375,203.236,203.3405,74.75949601925721,63.91923360268355,,,
1760606100,203.3405,203.436,203.3105,203.3685,75.39273133731086,65.05366578815153,,,
1760607000,203.3685,203.3735,203.264,203.2785,69.36853916873237,65.68897731174152,,,
1760607900,203.2785,203.3455,203.2495,203.2775,69.3022780103123,66.34638749816978,,,
1760608800,203.2775,203.3585,203.215,203.3085,70.25094973831229,66.52710963103722,,,
1760609700,203.3085,203.3755,203.286,203.3035,69.87586447876748,67.14950894686686,,,
1760610600,203.3035,203.3055,203.1345,203.1685,60.48559226250793,67.68103935722398,,,
1760611500,203.1685,203.182,203.073,203.0925,55.92887987860323,67.67423322385524,,,
1760612400,203.0925,203.1255,203.0295,203.076,54.96080751987509,67.62164579860173,,,
1760613300,203.076,203.1905,203.0605,203.168,59.201214140511595,66.93032340558723,,,
1760614200,203.168,203.232,203.1025,203.1295,56.79154094443992,66.22343786743572,,,
1760615100,203.1295,203.3545,203.1275,203.277,63.00442549165793,65.8304943607082,,,
1760616000,203.277,203.3055,202.996,202.9965,48.671756955116756,64.31693582130484,,,
1760616900,202.9965,203.0685,202.9195,202.9215,45.679554710473575,62.40525933256271,,,
1760617800,202.9215,203.086,202.8455,203.074,52.12451663679351,60.788475090958165,,,
1760618700,203.074,203.199,203.005,203.192,56.43198101791634,59.434135782429976,,,
1760619600,203.192,203.2385,203.068,203.1905,56.36255965012234,58.505137245386415,,,
1760620500,203.1905,203.365,203.0565,203.0655,50.75876335151319,57.180600484043616,,,
1760621400,203.0655,203.14,202.9575,203.018,48.774265425268744,55.646551604540505,,,
1760622300,203.018,203.05,202.7935,202.7935,40.67921436256929,53.56107659624064,,,
1760623200,202.7935,202.7935,202.5185,202.5505,34.084952872616356,51.67531663981981,,,
1760624100,202.5505,202.761,202.5505,202.7005,40.49707241775919,50.57304467833095,,,
1760625000,202.7005,202.722,202.578,202.6225,38.40492632815577,49.39048173606528,,,
1760625900,202.6225,202.652,202.452,202.545,36.39314949376291,47.76133426129752,,,
1760626800,202.545,202.6485,202.528,202.5905,38.432258608558556,46.44995695159171,,,
1760627700,202.5905,202.598,202.4365,202.473,35.28629437957342,44.47009044358567,,,
1760628600,202.473,202.5085,202.376,202.4565,34.85482346965644,43.48316662319564,,,
1760629500,202.4565,202.4595,202.2745,202.355,32.24297845761667,42.52341117656301,,,
1760630400,202.355,202.5,202.3405,202.486,38.63442631315389,41.55983329630303,,,
1760631300,202.486,202.498,202.0745,202.0855,29.479079997779465,39.63462608057897,,,
1760632200,202.0855,202.0855,201.77,201.874,25.9780247084867,37.46430215617642,,,
1760633100,201.874,201.9445,201.7225,201.9375,28.715366340574974,35.889773798252264,,,
1760634000,201.9375,202.1355,201.8695,202.071,34.22264395298531,34.85037226451773,,,
1760634900,202.071,202.246,202.0495,202.1955,38.95891006612851,34.72749338620054,,,
1760635800,202.1955,202.236,202.052,202.111,37.01102709350112,34.93649868769231,,,
1760636700,202.111,202.113,201.9705,202.021,35.00360228311645,34.54410796378925,,,
1760637600,202.021,202.056,201.8535,201.8745,31.964432599704367,34.08407269747129,,,
1760638500,201.8745,201.879,201.759,201.8495,31.46241228363722,33.73187718246231,,,
1760639400,201.8495,202.0185,201.823,201.9905,37.43107168611431,33.66036383085915,,,
1760640300,201.9905,202.044,201.917,201.977,37.097954312761814,33.78976811180119,,,
1760641200,201.977,202.05,201.9265,201.9265,35.81396982125527,33.85827856548681,,,
1760642100,201.9265,201.9855,201.899,201.9735,37.965915750536396,34.26705980069537,,,
1760643000,201.9735,202.0205,201.8365,202.0165,39.94955348367702,34.360997455732736,,,
1760643900,202.0165,202.1035,201.972,202.0475,41.404261850154775,35.212796159473825,,,
1760644800,202.0475,202.1015,201.9935,202.0155,40.31849403115094,36.237115396806985,,,
1760645700,202.0155,202.0615,201.9985,202.018,40.44988008625756,37.075294950070024,,,
1760646600,202.018,202.081,202.006,202.0765,43.57987809105367,37.74366881707491,,,
1760647500,202.0765,202.158,202.0675,202.0865,44.120560547896616,38.112358137201205,,,
1760648400,202.0865,202.207,202.006,202.006,40.73625243317798,38.378445661463836,,,
1760649300,202.006,202.044,202.0035,202.044,42.960469730165606,38.94679333625306,,,
1760650200,202.044,202.0925,202.033,202.0875,45.48285571827414,39.912394987579475,,,
1760651100,202.0875,202.131,202.0625,202.0625,44.27116443122569,40.82730585526436,,,
1760652000,202.0625,202.179,202.0625,202.0945,46.24520521717271,41.456886821768535,,,
1760652900,202.0945,202.0985,202.0115,202.073,45.089557953577255,42.027715653255356,,,
1760653800,202.073,202.093,201.971,201.9825,40.50154175490813,42.36254221994484,,,
1760654700,201.9825,201.9985,201.9105,201.9105,37.25375422062085,42.311673539236594,,,
1760655600,201.9105,201.958,201.882,201.894,36.53079906682711,42.067476795175885,,,
1760656500,201.894,201.9055,201.7835,201.8065,32.88609393558272,41.4590362298493,,,
1760657400,201.8065,201.8125,201.736,201.753,30.858817735155114,40.78334506584961,,,
1760658300,201.753,201.8675,201.715,201.861,39.02977739601489,40.6819091594037,,,
1760659200,201.861,201.927,201.7485,201.8175,37.12663185608141,40.220962999762826,,,
1760660100,201.8175,201.953,201.7305,201.913,43.62576436323078,40.18562041514384,,,
1760661000,201.913,202,201.8885,201.992,48.37934213299757,40.73155539370238,,,
1760661900,201.992,202.018,201.8015,202.0165,49.79326460370937,41.21961217038408,,,
1760662800,202.0165,202.1405,201.9915,202.006,49.17164500706401,41.483097119583356,,,
1760663700,202.006,202.0965,201.989,202.077,53.407345855857024,42.135681507057015,,,
1760664600,202.077,202.123,202.015,202.0965,54.528132538475994,42.72731917286439,,,
1760665500,202.0965,202.117,201.985,202.004,48.56076440887763,42.97526249110013,,,
1760666400,202.004,202.0545,201.87,201.9535,45.62513838122292,43.341233678694046,,,
1760667300,201.9535,201.96,201.8165,201.8485,40.18553126111187,43.550646324443406,,,
1760668200,201.8485,201.8625,201.7715,201.8555,40.6931777858656,43.84795909008901,,,
1760669100,201.8555,201.9485,201.8545,201.9085,44.53168741941643,44.679787196077136,,,
1760670000,201.9085,201.9085,201.8085,201.8195,39.86557850431529,45.32312725101714,,,
1760670900,201.8195,201.916,201.8145,201.875,43.81891262057711,45.665208338485876,,,
1760671800,201.875,201.901,201.6425,201.6845,35.25221443535219,45.531321379862355,,,
1760672700,201.6845,201.7655,201.611,201.7455,39.34163792937171,45.22531234887242,,,
1760673600,201.7455,201.898,201.7285,201.881,47.30347504350468,45.14846469962293,,,
1760674500,201.881,201.9035,201.809,201.8745,46.984879664037074,44.94786577536062,,,
1760675400,201.8745,201.93,201.8195,201.859,46.186038990098545,44.734608202720224,,,
1760676300,201.859,201.9105,201.708,201.737,40.3682871897377,43.80324686942599,,,
1760677200,201.737,201.796,201.685,201.765,42.1687732379659,42.92043549081812,,,
1760678100,201.765,201.782,201.6985,201.7535,41.61303994884178,42.42416945795842,,,
1760679000,201.7535,201.767,201.6245,201.7015,39.10356977515376,41.95834312895348,,,
1760679900,201.7015,201.772,201.6765,201.696,38.83679790141288,41.86200503183212,,,
1760680800,201.696,201.8165,201.663,201.7935,45.8848500516361,42.23283876510145,,,
1760681700,201.7935,201.829,201.6375,201.673,39.78321916686146,41.89366246134752,,,
1760682600,201.673,201.752,201.531,201.564,35.22075552028656,41.56188939105975,,,
1760683500,201.564,201.5785,201.328,201.3405,28.103721514665793,40.43937574063751,,,
1760684400,201.3405,201.369,200.9155,201.0085,21.238322015138834,39.43838342490799,,,
1760685300,201.0085,201.08,200.684,201.011,21.394041893082274,38.15641227945874,,,
1760686200,201.011,201.154,200.946,201.095,26.642114782584684,36.680600832250164,,,
1760687100,201.095,201.2685,201.082,201.085,26.41600625145921,35.211395588494604,,,
1760688000,201.085,201.1415,200.86,200.878,22.213403113808013,33.49906445447385,,,
1760688900,200.878,201.044,200.829,201.0015,29.427289753689294,32.71756463761326,,,
1760689800,201.0015,201.129,200.9355,201.0225,30.605776980359522,31.891636333498514,,,
1760690700,201.0225,201.132,200.977,201.073,33.482390285294045,31.3108756432451,,,
1760691600,201.073,201.2905,201.042,201.268,43.26274112450978,31.607959311056245,,,
1760692500,201.268,201.3335,201.1735,201.2535,42.759279638062125,31.88813657795976,,,
1760693400,201.2535,201.324,201.113,201.1255,38.49996956095175,31.360645114339444,,,
1760694300,201.1255,201.1495,200.955,201.092,37.4485797826856,31.193885158326882,,,
1760695200,201.092,201.2245,201.0605,201.1955,42.65873718167283,31.725169562711617,,,
1760696100,201.1955,201.23,201.042,201.0975,39.31918250844706,32.52627391941028,,,
1760697000,201.0975,201.2985,201.079,201.245,46.15201323307153,34.305823292119754,,,
1760697900,201.245,201.4945,201.231,201.4225,53.009298098968536,36.564055878254486,,,
1760698800,201.4225,201.9335,201.374,201.921,66.07546307399328,39.38072361335519,,,
1760699700,201.921,201.989,201.7445,201.902,65.32983731415737,42.16028297497648,,,
1760700600,201.902,201.9765,201.7745,201.835,62.64526667783474,45.04827322954982,,,
1760701500,201.835,201.853,201.729,201.841,62.792719239324455,47.43151819280947,,,
1760702400,201.841,202.093,201.8285,201.9475,65.40322881764887,49.91705046690157,,,
1760703300,201.9475,202.1125,201.8885,201.911,63.75232664647924,52.079188778414796,,,
1760704200,201.911,201.971,201.774,201.788,58.402378027459406,53.16059141433978,,,
1760705100,201.788,201.813,201.651,201.7005,54.87451364953317,54.025965272301995,,,
1760706000,201.7005,201.7415,201.6315,201.662,53.347534650544624,55.08650563584434,,,
1760706900,201.662,201.6865,201.5975,201.607,51.15746445717642,56.065711684022254,,,
1760707800,201.607,201.804,201.424,201.463,45.850214545241236,56.293674352848576,,,
1760708700,201.463,201.6965,201.428,201.5435,49.03341600433024,56.987548173983086,,,
1760709600,201.5435,201.8625,201.5085,201.8195,58.122945395401665,57.84261475700667,,,
1760710500,201.8195,201.8595,201.6515,201.8085,57.681415546911296,58.17633743185973,,,
1760711400,201.8085,201.8695,201.63,201.7115,53.8002640631143,57.29953750251122,,,
1760712300,201.7115,201.7925,201.4145,201.453,45.09256988800121,55.85401840064293,,,
1760713200,201.453,201.527,201.3825,201.385,43.1156601134904,54.45904650318976,,,
1760714100,201.385,201.457,201.3065,201.3425,41.87985018005947,52.96527014181369,,,
1760715000,201.3425,201.556,201.3395,201.5335,48.96020015902237,51.79076809476894,,,
1760715900,201.5335,201.7955,201.523,201.787,56.52944368415429,51.274847883174296,,,
1760716800,201.787,201.8935,201.7445,201.888,59.13005620624878,51.326824895944966,,,
1760717700,201.888,202.0245,201.886,201.9575,60.86503249170543,51.75471909895727,,,
1760718600,201.9575,202.0145,201.8245,201.902,58.72126458907667,52.13855695170956,,,
1760719500,201.902,201.93,201.8015,201.8085,55.19425154643888,52.426898886656886,,,
1760720400,201.8085,201.818,201.719,201.786,54.3482851699554,53.033903931279326,,,
1760721300,201.786,201.8425,201.778,201.84,56.08784715361612,53.53779187051403,,,
1760722200,201.84,201.9055,201.8355,201.8385,56.02398567096669,53.38786617591153,,,
1760723100,201.8385,201.951,201.7965,201.9045,58.27512625534808,53.43027408365702,,,
1760724000,201.9045,201.999,201.8895,201.9945,61.19246004848602,53.958288082612135,,,
1760724900,201.9945,202.128,201.9805,202.066,63.382861458883035,55.264737480532276,,,
1760725800,202.066,202.238,202.0545,202.1975,67.06476768049859,56.97538802103286,,,
1760726700,202.1975,202.241,202.165,202.179,66.05842203013566,58.70242886746687,,,
1760727600,202.179,202.1925,202.124,202.164,65.20408007271035,59.86270600415886,,,
1760728500,202.164,202.192,202.1355,202.138,63.667040755667145,60.37253436640979,,,
1760729400,202.138,202.148,202.096,202.1075,61.82588009580336,60.56509321566368,,,
1760730300,202.1075,202.218,202.106,202.2155,65.61748646831637,60.90455421399303,,,
1760731200,202.2155,202.223,202.1375,202.1655,62.52139486136645,61.17599209058516,,,
1760732100,202.1655,202.2085,202.146,202.1835,63.19466929034228,61.74745050086397,,,
1760733000,202.1835,202.206,202.1195,202.184,63.21443754306392,62.38074709894316,,,
1760733900,202.184,202.268,202.126,202.217,64.56711032412434,62.986408753979454,,,
1760907600,202.217,202.217,202.0345,202.0405,53.281881793110934,62.79054419127548,,,
1760908500,202.0405,202.1395,202.0335,202.099,56.02533399073448,62.629844743803076,,,
1760909400,202.099,202.1025,201.988,202.101,56.120205422512846,62.26754084194785,,,
1760910300,202.101,202.1195,201.8655,201.9965,50.044954972829935,61.314833235801196,,,
1760911200,201.9965,202.5535,201.9955,202.541,68.92281831823895,61.447551138496934,,,
1760912100,202.541,202.605,202.505,202.5235,68.03296640437613,61.58859002237126,,,
1760913000,202.5235,202.556,202.4235,202.5125,67.44353353975922,61.74855098430332,,,
1760913900,202.5125,202.5505,202.4655,202.5275,67.85255366415674,62.04751619205257,,,
1760914800,202.5275,202.661,202.4855,202.655,71.16829983067218,62.714831887400344,,,
1760915700,202.655,202.6855,202.5445,202.566,66.04730428543598,62.74553316005174,,,
1760916600,202.566,202.6695,202.549,202.585,66.59984535301697,63.036851052312485,,,
1760917500,202.585,202.6325,202.528,202.6115,67.39678903447249,63.337002462607494,,,
1760918400,202.6115,202.6865,202.478,202.534,62.686034615993194,63.299259396388166,,,
1760919300,202.534,202.568,202.4325,202.524,62.08304855405295,63.121826412811636,,,
1760920200,202.524,202.605,202.487,202.582,64.23208031449815,63.90398345005358,,,
1760921100,202.582,202.7705,202.515,202.7345,69.17848786917384,64.84349444137067,,,
1760922000,202.7345,203,202.7065,202.997,75.46749697576725,66.2254438380317,,,
1760922900,202.997,203.113,202.9745,203.0015,75.55956421418352,68.04791592669982,,,
1760923800,203.0015,203.0015,202.8165,202.8215,65.04436284367387,67.7708833928023,,,
1760924700,202.8215,202.84,202.735,202.793,63.536680974336704,67.44972014779948,,,
1760925600,202.793,202.874,202.686,202.735,60.465028169865434,66.95125547852136,,,
1760926500,202.735,202.7755,202.7105,202.7275,60.06067970700835,66.39469305301077,,,
1760927400,202.7275,202.7865,202.7265,202.7285,60.098993822522296,65.60402833814291,,,
1760928300,202.7285,202.7835,202.676,202.7015,58.46810045447892,65.06265663593169,,,
1760929200,202.7015,202.731,202.6845,202.719,59.24015826787504,64.5369647012787,,,
1760930100,202.719,202.7245,202.664,202.695,57.65716457282934,63.841277239732754,,,
1760931000,202.695,202.7,202.602,202.635,53.78753570394468,63.20567017458644,,,
1760931900,202.635,202.694,202.468,202.5775,50.30325302478718,62.364256208210314,,,
1760932800,202.5775,202.6345,202.484,202.499,45.9289878703485,61.05689246219963,,,
1760933700,202.499,202.501,202.396,202.4055,41.32009147276407,59.06700700531321,,,
1760934600,202.4055,202.409,202.276,202.3275,37.90303805910138,56.3838313684085,,,
1760935500,202.3275,202.4885,202.2925,202.3435,39.01709821583578,53.77365522566938,,,
1760936400,202.3435,202.4035,202.3135,202.3485,39.383086190312774,51.940706893286446,,,
1760937300,202.3485,202.387,202.2945,202.3175,37.865750505160456,50.107069002630986,,,
1760938200,202.3175,202.3935,202.265,202.381,42.732891178337105,48.8404877889504,,,
1760939100,202.381,202.508,202.3765,202.485,49.68455071620884,48.09933571817901,,,
1760940000,202.485,202.4855,202.2745,202.3155,40.95799325147797,46.73212139167585,,,
1760940900,202.3155,202.3665,202.221,202.232,37.46683121678478,45.23203073184055,,,
1760941800,202.232,202.2595,202.1145,202.186,35.66335834893562,43.54797359477345,,,
1760942700,202.186,202.293,202.1,202.178,35.34471564421506,41.95422724272957,,,
1760943600,202.178,202.2595,202.1,202.2355,39.52693010583118,40.93561255715004,,,
1760944500,202.2355,202.398,202.2355,202.3875,48.93107690437581,40.837599977120654,,,
1760945400,202.3875,202.418,202.354,202.354,47.189322070246895,40.92762384854196,,,
1760946300,202.354,202.425,202.215,202.241,41.78610449123872,40.96091049271873,,,
1760947200,202.241,202.307,202.196,202.2885,44.65482559213423,41.44318103079251,,,
1760948100,202.2885,202.3935,202.263,202.3795,49.762488748653944,42.2107089259938,,,
1760949000,202.3795,202.4455,202.304,202.323,46.87026658058667,42.74550752529908,,,
1760949900,202.323,202.3925,202.1835,202.201,41.28982386212764,42.99008419365388,,,
1760950800,202.201,202.201,201.835,202.0395,35.29847564839636,42.459054512943815,,,
1760951700,202.0395,202.2685,202.0305,202.2265,45.211858194692766,42.13957647569267,,,
1760952600,202.2265,202.349,202.176,202.349,50.55624589944644,42.825165950547564,,,
1760953500,202.349,202.452,202.3125,202.402,52.70577799902159,43.913662149278764,,,
1760954400,202.402,202.514,202.328,202.3415,50.03188776440301,44.939985678955004,,,
1760955300,202.3415,202.3415,202.1985,202.2475,46.11713093896211,45.709443914294084,,,
1760956200,202.2475,202.314,202.22,202.224,45.16566981577921,46.11221103643323,,,
1760957100,202.224,202.2435,202.09,202.116,40.98108132003309,45.544354208980174,,,
1760958000,202.116,202.1995,202.017,202.131,41.78777872506665,45.15852968432444,,,
1760958900,202.131,202.2045,202.0985,202.1955,45.25301429052152,45.406166098558934,,,
1760959800,202.1955,202.2145,202.0575,202.1675,44.02775464707545,45.36137531676902,,,
1760960700,202.1675,202.1955,202.0985,202.121,41.99422819822181,44.806499563166724,,,
1760961600,202.121,202.215,202.0795,202.197,46.355320378599274,44.7697176915962,,,
1760962500,202.197,202.2,202.1015,202.1135,42.56853791545534,44.86105440969104,,,
1760963400,202.1135,202.23,202.0525,202.2075,47.743825033545974,45.75000793720172,,,
1760964300,202.2075,202.3345,202.203,202.2875,51.730443732458696,46.215621189899295,,,
1760965200,202.2875,202.3015,202.1975,202.225,48.610330402220015,46.07662722581169,,,
1760966100,202.225,202.272,202.182,202.1885,46.83376670264042,45.65719784749875,,,
1760967000,202.1885,202.315,202.1715,202.209,47.98360855283023,45.51089218952926,,,
1760967900,202.209,202.2445,202.0825,202.0985,42.631488838293166,45.26191775376719,,,
1760968800,202.0985,202.1485,202.0395,202.1335,44.734200952573474,45.2310985492525,,,
1760969700,202.1335,202.1375,202.022,202.0535,41.03219108337157,45.23474924663382,,,
1760970600,202.0535,202.0745,201.896,201.9705,37.55932193691791,44.932716618908906,,,
1760971500,201.9705,202.067,201.8985,202.0395,41.95743123330464,44.6973178291077,,,
1760972400,202.0395,202.072,201.9495,202.0195,41.05476424913379,44.48496137211187,,,
1760973300,202.0195,202.0925,201.981,202.079,44.85570343586801,44.689352460515174,,,
1760974200,202.079,202.119,202.0325,202.0695,44.36381969570909,44.547102411737306,,,
1760975100,202.0695,202.151,202.0375,202.0925,45.91031346144694,44.78580066502242,,,
1760976000,202.0925,202.112,201.9555,201.9825,40.16066496161795,44.24414637417043,,,
1760976900,201.9825,202.1005,201.977,202.0895,47.10063042973381,43.91344542397578,,,
1760977800,202.0895,202.1255,202.0625,202.1165,48.71688446420658,43.921056428403396,,,
1760978700,202.1165,202.1765,202.111,202.1465,50.52564647338836,44.18476212631396,,,
1760979600,202.1465,202.189,202.1235,202.1845,52.796695223158,44.52855403133738,,,
1760980500,202.1845,202.1995,202.1015,202.191,53.1924956502006,45.28291166075934,,,
1760981400,202.191,202.2075,202.1405,202.1475,50.161173289870085,45.670552541994816,,,
1760982300,202.1475,202.1735,202.0765,202.08,45.79960489627126,46.01108210005908,,,
1760983200,202.08,202.1065,202.05,202.105,47.61634061047951,46.72944057674204,,,
1760984100,202.105,202.1375,202.089,202.0975,47.10621927399372,47.097211151076976,,,
1760985000,202.0975,202.1065,202.0655,202.068,45.061342982538555,47.38339534632018,,,
1760985900,202.068,202.105,202.056,202.067,44.990046533497775,47.39299128186516,,,
1760986800,202.067,202.0885,202.0205,202.0595,44.422356449376544,47.39717247855568,,,
1760987700,202.0595,202.0785,202.0305,202.0625,44.722815613269475,47.312351203685864,,,
1760988600,202.0625,202.0775,202.0485,202.07,45.51582872285095,47.694862900916796,,,
1760989500,202.07,202.0755,202.019,202.032,42.211577549008155,47.34564483800783,,,
1760990400,202.032,202.1375,202.0165,202.115,50.64030888280393,47.48303229647907,,,
1760991300,202.115,202.1395,202.0385,202.054,45.39938591431038,47.1168708279735,,,
1760992200,202.054,202.0785,202.038,202.078,47.69308593932414,46.75232730769965,,,
1760993100,202.078,202.11,202.0645,202.0835,48.229814791863525,46.39785010353272,,,
1760994000,202.0835,202.1905,201.9795,202.113,51.12657551594517,46.46680740539522,,,
1760994900,202.113,202.1445,201.9985,202.1025,50.05304262782052,46.77062438622017,,,
1760995800,202.1025,202.1175,202.046,202.082,47.93669977335375,46.79350718356833,,,
1760996700,202.082,202.083,202.023,202.0345,43.36174574706378,46.526044788787615,,,
1760997600,202.0345,202.0915,202.019,202.089,49.33627013340095,46.831396728134926,,,
1760998500,202.089,202.133,202.0335,202.05,45.62716018808098,46.87690484631945,,,
1760999400,202.05,202.1025,202.0125,202.067,47.48065630930112,47.095354836314065,,,
1761000300,202.067,202.0955,202.045,202.0455,45.37401267518081,47.141868912164874,,,
1761001200,202.0455,202.1205,202.0255,202.1195,53.088874586586726,47.68280075957457,,,
1761002100,202.1195,202.1205,202.03,202.092,50.248735231097,48.25688345115235,,,
1761003000,202.092,202.1305,202.092,202.123,53.28281162533761,48.44563364704761,,,
1761003900,202.123,202.1725,202.055,202.1705,57.55424152599081,49.3138376193105,,,
1761004800,202.1705,202.1885,201.8195,201.9545,39.7541033537473,48.74676743462643,,,
1761005700,201.9545,202.1145,201.9355,202.059,48.11470533499399,48.73854533056432,,,
1761006600,202.059,202.073,201.9505,201.9625,42.27974224071907,48.106628668048174,,,
1761007500,201.9625,202.1075,201.866,202.0975,51.19642053218408,48.18829851835985,,,
1761008400,202.0975,202.128,201.911,202.0015,45.78044165364551,48.03428008123784,,,
1761009300,202.0015,202.062,201.9135,202.062,49.41247339310084,48.46647491309763,,,
1761010200,202.062,202.1975,202.0075,202.188,56.020129860905705,48.94389346506226,,,
1761011100,202.188,202.348,202.179,202.3235,61.798875638482635,50.0990159972338,,,
1761012000,202.3235,202.4185,202.2915,202.319,61.50981962960559,51.10109909154126,,,
1761012900,202.319,202.3745,202.2935,202.3505,62.82076502016895,52.34729568761184,,,
1761013800,202.3505,202.387,202.305,202.336,61.77770675380202,52.96792655669865,,,
1761014700,202.336,202.427,202.3335,202.399,64.53311306873158,53.98823925938684,,,
1761015600,202.399,202.402,202.3495,202.3655,61.97469084321037,54.609087774949174,,,
1761016500,202.3655,202.4035,202.3295,202.3615,61.66035385789619,54.90238151294242,,,
1761017400,202.3615,202.3715,202.292,202.334,59.42866088999892,56.307707051246105,,,
1761018300,202.334,202.3425,202.241,202.299,56.61988277878454,56.915219725802565,,,
1761019200,202.299,202.312,202.2515,202.2895,55.84831898915623,57.884403779262364,,,
1761020100,202.2895,202.383,202.267,202.361,60.23986868372606,58.53036436151536,,,
1761021000,202.361,202.497,202.3595,202.4525,65.03309065558918,59.90555357593991,,,
1761021900,202.4525,202.529,202.069,202.3285,55.303060773892554,60.326309817425035,,,
1761022800,202.3285,202.5245,202.0975,202.5105,63.85178047043533,60.88571343239143,,,
1761023700,202.5105,202.7125,202.5105,202.5755,66.32868901215267,61.20927153051072,,,
1761024600,202.5755,202.7,202.545,202.601,67.27601775677326,61.62114282530841,,,
1761025500,202.601,202.679,202.537,202.6555,69.26622198526974,62.081532608529905,,,
1761026400,202.6555,202.7935,202.636,202.7135,71.26885169525876,62.75947153291967,,,
1761027300,202.7135,202.828,202.7085,202.7465,72.37192887432238,63.31938694760472,,,
1761028200,202.7465,202.761,202.517,202.5205,56.40132306729091,62.921289249324765,,,
1761029100,202.5205,202.664,202.4815,202.538,57.189129627609496,62.60191609001857,,,
1761030000,202.538,202.541,202.2925,202.2945,45.003716380286676,61.57156291075341,,,
1761030900,202.2945,202.399,202.2585,202.3375,47.14543992447695,60.89481699258858,,,
1761031800,202.3375,202.384,202.243,202.383,49.39130088745176,60.43360141389541,,,
1761032700,202.383,202.4755,202.277,202.4385,52.06678999812964,59.849810079209945,,,
1761033600,202.4385,202.4545,202.2535,202.281,44.824646219086766,58.406349762316914,,,
1761034500,202.281,202.594,202.237,202.5845,57.18354701622434,58.54067020819776,,,
1761035400,202.5845,202.841,202.5635,202.813,63.764402311093,58.53442891110188,,,
1761036300,202.813,202.927,202.7645,202.8565,64.87133456381139,58.430332164791785,,,
1761037200,202.8565,203.038,202.8445,202.998,68.26716751312497,58.501128575959775,,,
1761038100,202.998,203.059,202.937,203.049,69.41477854895709,58.51173975908029,,,
1761039000,203.049,203.2355,203.049,203.113,70.83995471912274,58.48110426078487,,,
1761039900,203.113,203.1865,203.0765,203.1745,72.18139721768993,58.46749485673969,,,
1761040800,203.1745,203.2595,203.1345,203.2405,73.58574826594364,59.694953799500595,,,
1761041700,203.2405,203.264,203.0855,203.1675,69.411888641396,60.56800801477107,,,
1761042600,203.1675,203.29,203.1485,203.228,70.8857832723961,62.41672707849317,,,
1761043500,203.228,203.3455,203.159,203.3235,73.09002748279794,64.26991190408752,,,
1761044400,203.3235,203.353,203.2035,203.328,73.193017789125,65.97003453992133,,,
1761045300,203.328,203.4435,203.3095,203.416,75.19251445534371,67.62187200115089,,,
1761046200,203.416,203.42,203.203,203.206,63.09750409585351,68.92707613520567,,,
1761047100,203.206,203.3915,203.1625,203.3765,67.64766761802748,69.67451332104875,,,
1761048000,203.3765,203.4405,203.29,203.33,65.28344913515036,69.78301666562427,,,
1761048900,203.33,203.4405,203.313,203.3505,65.85009262355857,69.85292795560622,,,
1761049800,203.3505,203.49,203.3505,203.4685,68.98784132505565,69.90440465645841,,,
1761050700,203.4685,203.531,203.3925,203.5165,70.1878007389684,69.9596205271735,,,
1761051600,203.5165,203.5275,203.206,203.2765,58.085752780737316,69.04860610300311,,,
1761052500,203.2765,203.287,203.04,203.247,56.78958451573164,67.9491909100061,,,
1761053400,203.247,203.2555,202.9175,202.9795,46.62869984751308,66.02368745154676,,,
1761054300,202.9795,202.989,202.786,202.7895,41.01533135041778,63.99536193076261,,,
1761055200,202.7895,202.8195,202.58,202.7875,40.959434764871624,61.857765608796576,,,
1761056100,202.7875,202.996,202.767,202.908,45.7560217332887,59.90533662668878,,,
1761057000,202.908,203.0105,202.8645,202.922,46.30186342448116,57.98453988635708,,,
1761057900,202.922,203.1175,202.873,203.093,52.578707181820356,56.36926793824826,,,
1761058800,203.093,203.2955,203.0605,203.2325,56.99505509774671,55.93337872409778,,,
1761059700,203.2325,203.238,203.097,203.1855,55.13209845954632,55.03940949849198,,,
1761060600,203.1855,203.2165,203.071,203.1635,54.23841835120537,54.25047872821019,,,
1761061500,203.1635,203.2785,203.123,203.146,53.49557797093594,53.368013395880006,,,
1761062400,203.146,203.294,203.13,203.1945,55.32187656188835,52.391873055653775,,,
1761063300,203.1945,203.2145,203.148,203.1965,55.3996602694772,51.33557730783297,,,
1761064200,203.1965,203.276,203.183,203.253,57.64313244169447,51.30396156932991,,,
1761065100,203.253,203.2675,203.0545,203.083,49.56449108686108,50.787883467267726,,,
1761066000,203.083,203.1385,202.977,203.1235,51.31504820105998,51.12262263537822,,,
1761066900,203.1235,203.13,203.052,203.1195,51.12630386595537,51.844834957916625,,,
1761067800,203.1195,203.148,203.0885,203.0985,50.08475717404785,52.49664370142921,,,
1761068700,203.0985,203.174,203.0785,203.159,53.05212285598351,53.017793781621684,,,
1761069600,203.159,203.1885,203.132,203.1615,53.17599559791131,53.50880322258099,,,
1761070500,203.1615,203.1735,203.1335,203.1555,52.815815504475836,53.5257395313421,,,
1761071400,203.1555,203.1855,203.1225,203.1385,51.74635151611175,53.15083213265389,,,
1761072300,203.1385,203.177,203.1195,203.151,52.50785127397705,52.96338590511322,,,
1761073200,203.151,203.187,203.1465,203.168,53.580756265505286,52.91641004184894,,,
1761074100,203.168,203.205,203.161,203.1745,54.00858049742029,52.95305307945496,,,
1761075000,203.1745,203.1755,203.1395,203.1565,52.56381284051465,52.75604852792827,,,
1761075900,203.1565,203.1755,203.1295,203.1405,51.251392129281015,52.4597436607714,,,
1761076800,203.1405,203.1585,203.0235,203.0395,43.81451950833929,51.471985594103174,,,
1761077700,203.0395,203.0675,203.035,203.0495,44.670579319508306,51.1224204678637,,,
1761078600,203.0495,203.083,203.005,203.044,44.27105132240671,50.619277833674175,,,
1761079500,203.044,203.144,203.032,203.141,52.363169548355614,50.70762538241705,,,
1761080400,203.141,203.2435,203.1395,203.1835,55.41770828714082,51.088550461923695,,,
1761081300,203.1835,203.2075,203.034,203.1115,49.61364470148474,50.84294487945949,,,
1761082200,203.1115,203.13,203.053,203.0725,46.757057005536055,50.3844492657184,,,
1761083100,203.0725,203.1075,203.064,203.081,47.466990573922395,50.00239034210744,,,
1761084000,203.081,203.082,203.021,203.035,44.04429033705004,49.45224311503161,,,
1761084900,203.035,203.0665,203.031,203.053,45.69443072592686,48.96557021874231,,,
1761085800,203.053,203.086,203.053,203.0765,47.856438339325415,48.55669036687232,,,
1761086700,203.0765,203.129,203.0715,203.1175,51.485427996893925,48.37646518826329,,,
1761087600,203.1175,203.128,203.0905,203.1145,51.20461563004638,48.27937967322983,,,
1761088500,203.1145,203.1385,203.1045,203.114,51.154537339365156,48.27246147395014,,,
1761089400,203.114,203.13,203.0765,203.082,47.92411611223198,48.5660040885139,,,
1761090300,203.082,203.084,202.9755,202.9915,40.193500050483124,48.24621271215496,,,
1761091200,202.9915,203.001,202.831,202.846,31.418540910793126,47.32817625418256,,,
1761092100,202.846,202.846,202.7465,202.777,28.266890137233702,45.607013439102424,,,
1761093000,202.777,202.845,202.7495,202.832,33.95406342424626,44.07389594889567,,,
1761093900,202.832,202.864,202.746,202.749,30.078514118125,42.6785294786557,,,
1761094800,202.749,202.7925,202.64,202.777,32.8625262832616,41.686062998493234,,,
1761095700,202.777,202.859,202.7495,202.8415,38.89788502416148,41.073984030653165,,,
1761096600,202.8415,202.866,202.772,202.824,37.902326087099325,40.63527229851383,,,
1761097500,202.824,202.9085,202.817,202.901,44.618791399757576,40.558440918073174,,,
1761098400,202.901,202.9925,202.899,202.9915,51.2875899424322,40.80352317543794,,,
1761099300,202.9915,203.02,202.822,202.8415,42.214173867451535,40.14129073762063,,,
1761100200,202.8415,202.8585,202.763,202.826,41.3991412490073,39.44089971040355,,,
1761101100,202.826,202.884,202.8245,202.83,41.71190007225826,38.76642561989592,,,
1761102000,202.83,202.917,202.8275,202.8895,46.30281034294344,38.65061806494674,,,
1761102900,202.8895,202.936,202.877,202.9065,47.57334836539151,39.177750087440195,,,
1761103800,202.9065,202.958,202.904,202.922,48.763716224951835,40.41669118130868,,,
1761104700,202.922,203.05,202.9065,203.0165,55.41096507239334,42.35555367667722,,,
1761105600,203.0165,203.138,202.998,203.107,60.67303057215985,44.26405133009962,,,
1761106500,203.107,203.123,203.049,203.0505,56.21288908779386,46.130792399361674,,,
1761107400,203.0505,203.1025,203.008,203.0855,58.259857562167745,47.94488749071211,,,
1761108300,203.0855,203.119,203.0355,203.0445,55.0153468389537,49.09613476319726,,,
1761109200,203.0445,203.121,203.0305,203.084,57.47258206631166,50.49401019028386,,,
1761110100,203.084,203.118,203.072,203.112,59.17495478145241,51.53373614611921,,,
1761111000,203.112,203.1805,203.105,203.167,62.362089907810535,52.32477185793194,,,
1761111900,203.167,203.26,203.167,203.243,66.2795352051784,54.04372623919816,,,
1761112800,203.243,203.2635,202.629,202.7145,37.24700523721841,53.747145095498944,,,
1761113700,202.7145,202.7165,202.5365,202.5365,32.14056118250237,53.06347803194495,,,
1761114600,202.5365,202.5365,202.2455,202.3065,26.991313773016984,51.684085419807346,,,
1761115500,202.3065,202.408,202.26,202.3415,28.859130936153036,50.34735560343317,,,
1761116400,202.3415,202.3485,202.0835,202.259,27.099233255339612,48.79989253417516,,,
1761117300,202.259,202.3195,202.2025,202.272,27.84592120714973,46.83096082951489,,,
1761118200,202.272,202.426,202.2475,202.366,33.17571666294671,44.86686697885682,,,
1761119100,202.366,202.4135,202.2595,202.2675,30.623065989095807,43.03902247180696,,,
1761120000,202.2675,202.344,202.079,202.084,26.528006543500396,40.772461684759286,,,
1761120900,202.084,202.169,202.039,202.1405,29.64752791621565,38.96047461884943,,,
1761121800,202.1405,202.1685,202.001,202.0215,27.043135712337218,36.78694273642269,,,
1761122700,202.0215,202.1265,201.9895,202.061,29.264353014479482,34.650471181638906,,,
1761123600,202.061,202.1695,202.022,202.128,32.99101756002017,32.552537442511024,,,
1761124500,202.128,202.177,202.0635,202.1685,35.2129709290091,30.33349713707036,,,
1761125400,202.1685,202.216,202.143,202.1715,35.383891223804355,30.20041756468364,,,
1761126300,202.1715,202.241,202.1715,202.2045,37.342099035177355,30.57195598273185,,,
1761127200,202.2045,202.2065,202.0525,202.0975,33.76866037899684,31.05605216887327,,,
1761128100,202.0975,202.157,201.9635,201.9695,30.062504824986632,31.142007446647092,,,
1761129000,201.9695,202.0615,201.9245,202.048,34.78936353120959,31.691302466352095,,,
1761129900,202.048,202.1345,202.041,202.116,38.65704901606282,32.463525881274464,,,
1761130800,202.116,202.1415,202.0445,202.1175,38.74335738936852,32.86121450459031,,,
1761131700,202.1175,202.187,202.0505,202.1665,41.63237249061076,33.6475935404128,,,
1761132600,202.1665,202.252,202.074,202.1665,41.63237249061077,34.726476822349255,,,
1761133500,202.1665,202.369,202.1275,202.305,49.447909155429386,36.14078976800737,,,
1761134400,202.305,202.519,202.282,202.4175,54.748313116778135,38.11973101118173,,,
1761135300,202.4175,202.437,202.3315,202.3555,51.540964002623525,39.710917510334866,,,
1761136200,202.3555,202.3915,202.2535,202.2635,47.12888315802638,40.720765053049604,,,
1761137100,202.2635,202.5575,202.2025,202.428,54.61070141280228,42.1063172304634,,,
1761138000,202.428,202.5095,202.3365,202.4845,56.86832840340017,43.640919886148815,,,
1761138900,202.4845,202.654,202.418,202.6505,62.73327741838343,45.45457548494925,,,
1761139800,202.6505,202.7035,202.535,202.675,63.52167541903624,47.57979084495207,,,
1761140700,202.675,202.7925,202.5745,202.7555,66.06219498139544,50.151197284695556,,,
1761141600,202.7555,202.887,202.7455,202.7725,66.59135166929995,52.42276786598773,,,
1761142500,202.7725,202.8625,202.761,202.7855,67.01489468889585,54.44832827119008,,,
1761143400,202.7855,202.9365,202.7295,202.8965,70.45865699862891,56.71370681470869,,,
1761144300,202.8965,202.9125,202.758,202.8405,66.67651428000227,58.5025740853795,,,
1761145200,202.8405,202.9695,202.8145,202.8435,66.77939382049856,60.298789894657205,,,
1761146100,202.8435,202.945,202.7905,202.891,68.4407483765099,61.65542126759153,,,
1761147000,202.891,202.98,202.8295,202.9645,70.8684575892092,62.806860158479466,,,
1761147900,202.9645,203.0555,202.9355,202.9535,70.00057375405578,64.1254037121532,,,
1761148800,202.9535,202.9955,202.9115,202.917,67.0656707425754,65.54945996819241,,,
1761149700,202.917,202.99,202.863,202.884,64.43527205315348,66.25121501393178,,,
1761150600,202.884,202.954,202.5875,202.918,65.91844033263226,66.8976515803055,,,
1761151500,202.918,203.0095,202.8245,202.9295,66.42841244018663,67.1615897961486,,,
1761152400,202.9295,202.963,202.7705,202.7755,54.63799279653882,66.52704103739877,,,
1761153300,202.7755,202.7885,202.601,202.731,51.77812671593183,65.50675044700851,,,
1761154200,202.731,202.776,202.5755,202.5925,44.05004413914351,63.896657051997344,,,
1761155100,202.5925,202.6865,202.5305,202.6045,44.81852818529904,62.31120230174043,,,
1761156000,202.6045,202.71,202.5995,202.6635,48.559590753358634,60.74698328422112,,,
1761156900,202.6635,202.782,202.6365,202.762,54.14846655525836,59.8521227324537,,,
1761157800,202.762,202.8555,202.742,202.855,58.709862519178344,59.27572763950225,,,
1761158700,202.855,202.8795,202.782,202.847,58.17374175279202,58.5423700235224,,,
1761159600,202.847,202.922,202.7955,202.919,61.574662056375374,57.87852748546285,,,
1761160500,202.919,203.0035,202.9135,202.9745,64.0043087658313,57.45022284344681,,,
1761161400,202.9745,203.0325,202.9735,203.0095,65.48640163579842,57.33741790724845,,,
1761162300,203.0095,203.028,202.9595,202.9975,64.50573563769399,57.34245102042991,,,
1761163200,202.9975,203.054,202.98,203.024,65.7263532110426,57.32873051174494,,,
1761164100,203.024,203.036,202.978,202.992,62.91283653920644,57.07761794738922,,,
1761165000,202.992,203.0195,202.9385,202.985,62.284742925065764,57.623814385141145,,,
1761165900,202.985,202.999,202.941,202.9815,61.95170548033598,58.350498582598576,,,
1761166800,202.9815,203.1105,202.876,203.0095,63.6272729618431,59.74887206993427,,,
1761167700,203.0095,203.0135,202.896,202.9055,54.097847728223094,60.411680608714555,,,
1761168600,202.9055,202.9105,202.8815,202.8985,53.516864703332104,60.76577160514123,,,
1761169500,202.8985,202.959,202.8685,202.8825,52.13854801415276,60.62220599506225,,,
1761170400,202.8825,202.9075,202.8245,202.8485,49.23659749182634,59.94554420739426,,,
1761171300,202.8485,202.893,202.8215,202.891,52.77492799324472,59.55991465314088,,,
1761172200,202.891,202.897,202.8595,202.887,52.404696272681214,58.90491709716273,,,
1761173100,202.887,202.9355,202.88,202.885,52.20748423084859,58.062286773235385,,,
1761174000,202.885,202.9385,202.8705,202.9165,55.07506662016809,57.31861998640465,,,
1761174900,202.9165,202.933,202.882,202.923,55.666190561053284,56.68722390950173,,,
1761175800,202.923,202.9285,202.8775,202.9055,53.620539017364045,55.822522895667554,,,
1761176700,202.9055,202.9405,202.842,202.911,54.1903184298724,55.19948588785798,,,
1761177600,202.911,203.098,202.88,203.0265,64.15051582151634,55.3327553804616,,,
1761178500,203.0265,203.134,203.0205,203.106,69.12637543523465,55.8452318058115,,,
1761179400,203.106,203.172,203.096,203.121,69.97321825338068,56.2985136123499,,,
1761180300,203.121,203.1355,203.0475,203.055,61.92469134235694,56.85757387050232,,,
1761181200,203.055,203.2155,203.0235,203.1925,69.73500684445983,58.016012594868585,,,
1761182100,203.1925,203.3705,203.1925,203.3395,75.51712411993388,59.685910888138665,,,
1761183000,203.3395,203.396,203.301,203.301,71.65588870589568,61.287288832000755,,,
1761183900,203.301,203.3425,203.255,203.318,72.32868488054692,62.68398575252234,,,
1761184800,203.318,203.3465,203.2755,203.289,69.30645087165396,63.89125393816325,,,
1761185700,203.289,203.3255,203.2685,203.3035,69.98184336123661,65.16085101890526,,,
1761186600,203.3035,203.3525,203.2995,203.3395,71.64979880421049,66.34476046062257,,,
1761187500,203.3395,203.39,203.326,203.3395,71.64979880421048,67.48644676370523,,,
1761188400,203.3395,203.386,203.332,203.365,72.88739432697118,68.86265071439145,,,
1761189300,203.365,203.3755,203.317,203.3215,67.47604046918588,69.8116308600567,,,
1761190200,203.3215,203.34,203.229,203.247,59.34922726980141,69.46868167779135,,,
1761191100,203.247,203.321,203.238,203.293,62.36339470907835,68.98561162592304,,,
1761192000,203.293,203.3795,203.287,203.34,65.20243848702108,68.64484164261164,,,
1761192900,203.34,203.355,203.292,203.2995,60.93680833892176,68.5742785709377,,,
1761193800,203.2995,203.337,203.274,203.3215,62.376696069339935,68.04868494414342,,,
1761194700,203.3215,203.349,203.2925,203.3035,60.41452538787449,66.96992789185346,,,
1761195600,203.3035,203.3205,203.2585,203.2635,56.18486112369308,65.8648544931247,,,
1761196500,203.2635,203.3,203.245,203.257,55.5048229408129,64.66315006885797,,,
1761197400,203.257,203.2775,203.209,203.211,50.81718808317543,63.34248844110952,,,
1761198300,203.211,203.4005,203.203,203.384,63.35261219806836,62.868971929454645,,,
1761199200,203.384,203.458,203.354,203.446,66.63470540828882,62.5107509726031,,,
1761200100,203.446,203.5345,203.446,203.5295,70.47040703608441,62.42650870345124,,,
1761201000,203.5295,203.654,203.5275,203.5965,73.138791545956,62.44446564766444,,,
1761201900,203.5965,203.774,203.591,203.771,78.57021911789458,63.23690697971506,,,
1761202800,203.771,203.779,203.689,203.7075,72.80134791224731,64.19777273988976,,,
1761203700,203.7075,203.7085,203.4385,203.495,57.56831752727038,63.855267226903486,,,
1761204600,203.495,203.5765,203.489,203.525,58.876545646926296,63.40341773832528,,,
1761205500,203.525,203.601,203.4955,203.599,61.989627245457385,63.478619088792115,,,
1761206400,203.599,203.651,203.552,203.65,64.01164979260545,63.59540149759679,,,
1761207300,203.65,203.679,203.6045,203.6545,64.19265165673397,63.86526765965818,,,
1761208200,203.6545,203.7395,203.6115,203.684,65.42047072081563,64.52495405945265,,,
1761209100,203.684,203.744,203.644,203.728,67.22561573540021,65.36215354478031,,,
1761210000,203.728,203.792,203.6975,203.7405,67.74083040819215,66.57098513942437,,,
1761210900,203.7405,203.745,203.639,203.6585,60.96976898180944,66.40078205254873,,,
1761211800,203.6585,203.774,203.6535,203.7335,64.4680696572664,66.24602235604712,,,
1761212700,203.7335,203.7665,203.665,203.667,59.38551988623747,65.45424470248663,,,
1761213600,203.667,203.7205,203.649,203.7195,61.93683561092169,64.65410499284133,,,
1761214500,203.7195,203.781,203.7055,203.7515,63.44418902396194,63.573674271846144,,,
1761215400,203.7515,203.766,203.6985,203.7325,61.87732948437396,62.79338724128376,,,
1761216300,203.7325,203.7575,203.6945,203.7535,62.965982354816354,63.178934728965615,,,
1761217200,203.7535,203.759,203.6625,203.7295,60.82808485279343,63.318330386527556,,,
1761218100,203.7295,203.796,203.729,203.755,62.2930130850132,63.34000080363869,,,
1761219000,203.755,203.7775,203.6995,203.701,57.39776414679594,62.86758040036658,,,
1761219900,203.701,203.742,203.5905,203.604,49.823622813350376,61.84122119726775,,,
1761220800,203.604,203.6255,203.5765,203.604,49.823622813350376,60.72716063244881,,,
1761221700,203.604,203.632,203.483,203.5115,43.47834299119519,59.03092686500559,,,
1761222600,203.5115,203.5995,203.4565,203.5415,45.88544116511338,57.469827633357106,,,
1761223500,203.5415,203.563,203.4755,203.5335,45.33103510380792,56.352775213499854,,,
1761224400,203.5335,203.611,203.4985,203.611,51.45075991678215,55.422967374893844,,,
1761225300,203.611,203.6505,203.573,203.6005,50.62392438521766,54.797139124821,,,
1761226200,203.6005,203.641,203.5285,203.618,52.00821623776531,54.0879520267384,,,
1761227100,203.618,203.675,203.43,203.488,42.48046620460459,52.59054325392715,,,
1761228000,203.488,203.5695,203.436,203.4875,42.44825628906198,51.20275231140487,,,
1761228900,203.4875,203.5575,203.43,203.513,44.74913768113522,49.901549120427646,,,
1761229800,203.513,203.5695,203.4605,203.4675,41.5566298929936,48.525016623299095,,,
1761230700,203.4675,203.4725,203.2865,203.316,33.09125101748009,46.43917647561816,,,
1761231600,203.316,203.3425,203.216,203.2365,29.675097257970876,44.458985983559224,,,
1761232500,203.2365,203.467,203.2365,203.4465,45.639268152579255,44.16010350778986,,,
1761233400,203.4465,203.498,203.3775,203.431,44.83034659152468,43.8034409205166,,,
1761234300,203.431,203.4885,203.4015,203.447,45.896370891945985,43.97615719914166,,,
1761235200,203.447,203.552,203.442,203.53,51.167663745173776,44.35345881200312,,,
1761236100,203.53,203.5415,203.3685,203.3845,43.218367379691585,44.20255397456624,,,
1761237000,203.3845,203.4215,203.3635,203.4075,44.681399336093726,43.719028218802784,,,
1761237900,203.4075,203.4115,203.302,203.311,40.02201007366426,42.96174862512039,,,
1761238800,203.311,203.3555,203.2145,203.287,38.934567832910474,42.02791659620219,,,
1761239700,203.287,203.3445,203.2425,203.3325,42.14408642545649,42.00388946912018,,,
1761240600,203.3325,203.4495,203.3285,203.3545,43.68529785075381,42.0922495806696,,,
1761241500,203.3545,203.3705,203.2395,203.2395,37.988549691862204,41.609350438578666,,,
1761242400,203.2395,203.311,203.218,203.31,42.904104766707775,41.70559864384397,,,
1761243300,203.31,203.3405,203.2495,203.2545,40.2023806554433,42.21353647512706,,,
1761244200,203.2545,203.273,203.24,203.2665,41.066507073344326,43.0272086047966,,,
1761245100,203.2665,203.268,203.2115,203.2225,38.84965522146504,42.54223625257415,,,
1761246000,203.2225,203.2555,203.2115,203.2415,40.34715132611951,42.22200801933092,,,
1761246900,203.2415,203.2695,203.238,203.262,41.997584021284055,41.94352324285507,,,
1761247800,203.262,203.2865,203.2455,203.2585,41.785021775413064,41.27333453072931,,,
1761248700,203.2585,203.281,203.2175,203.2745,43.20030846188102,41.27204460802856,,,
1761249600,203.2745,203.309,203.245,203.3035,45.77356697581637,41.350056582294464,,,
1761250500,203.3035,203.3045,203.2445,203.256,42.38634466308366,41.51893762439585,,,
1761251400,203.256,203.327,203.252,203.324,48.286127077749526,42.186906141884364,,,
1761252300,203.324,203.3695,203.306,203.306,46.91655480836108,42.527796740663256,,,
1761253200,203.306,203.3585,203.2725,203.3035,46.71835541803669,42.74444370975489,,,
1761254100,203.3035,203.374,203.298,203.35,50.87529563057159,43.66492556251984,,,
1761255000,203.35,203.3575,203.3105,203.3225,48.467016258660315,44.0622763833736,,,
1761255900,203.3225,203.362,203.3065,203.3115,47.49846159142539,44.58342502165802,,,
1761256800,203.3115,203.3435,203.272,203.318,48.157737424347054,45.08994147530108,,,
1761257700,203.318,203.349,203.3125,203.317,48.05775355967856,45.74766278517347,,,
1761258600,203.317,203.349,203.283,203.346,51.22063333085996,46.524340071226355,,,
1761259500,203.346,203.376,203.318,203.346,51.22063333085996,47.18312930762464,,,
1761260400,203.346,203.3955,203.3295,203.387,55.648786993699844,48.17339825178798,,,
1761261300,203.387,203.4065,203.3795,203.392,56.17132240124927,49.09989924745714,,,
1761262200,203.392,203.427,203.339,203.3435,50.0156871354215,49.402907830286075,,,
1761263100,203.3435,203.4245,203.3375,203.382,54.297267244708706,50.25368801468786,,,
1761264000,203.382,203.385,203.2965,203.3305,48.33314439311414,50.257046394356756,,,
1761264900,203.3305,203.3965,203.313,203.332,48.51054520984823,50.370902851605855,,,
1761265800,203.332,203.38,203.2715,203.364,52.27524776172994,50.76782373329822,,,
1761266700,203.364,203.4995,203.348,203.483,63.084637562463406,51.63991958557621,,,
1761267600,203.483,203.5675,203.483,203.553,67.71666991936642,53.014894847055224,,,
1761268500,203.553,203.6735,203.528,203.639,72.31312919399406,54.787371104381556,,,
1761269400,203.639,203.691,203.636,203.6805,74.2205767889819,56.64900248756976,,,
1761270300,203.6805,203.688,203.6245,203.681,74.24360024358757,58.51942010784897,,,
1761271200,203.681,203.721,203.6515,203.6745,73.3267721843812,60.098430025957626,,,
1761272100,203.6745,203.728,203.6745,203.7,74.64937386492413,61.7719114926765,,,
1761273000,203.7,203.729,203.5135,203.554,57.17021036118084,61.88058459035371,,,
1761273900,203.554,203.638,203.547,203.627,61.965617965729834,62.294462844959476,,,
1761274800,203.627,203.656,203.6205,203.6555,63.6755743223672,63.270169072598456,,,
1761275700,203.6555,203.6875,203.65,203.6515,63.245800292520144,63.909350004584994,,,
1761276600,203.6515,203.6525,203.5765,203.604,58.22050520063016,64.6155900622647,,,
1761277500,203.604,203.6045,203.5135,203.5755,55.37736611153389,65.10607726952796,,,
1761278400,203.5755,203.6805,203.566,203.6615,61.48885276395033,65.76419191254371,,,
1761279300,203.6615,203.6905,203.643,203.647,59.99683417026021,65.54363452738633,,,
1761280200,203.647,203.674,203.642,203.6655,61.28751052838807,65.08440885660217,,,
1761281100,203.6655,203.6805,203.632,203.664,61.11533263640503,64.2845662453458,,,
1761282000,203.664,203.7955,203.661,203.6995,63.713528696697686,63.53406281018265,,,
1761282900,203.6995,203.767,203.684,203.724,65.43029665539362,62.90454112531159,,,
1761283800,203.724,203.7265,203.563,203.6295,54.68361288131055,61.57288688937797,,,
1761284700,203.6295,203.7375,203.628,203.7185,61.15469610531418,60.60898133512012,,,
1761285600,203.7185,203.8695,203.7185,203.7645,64.01489960813622,61.09788770990264,,,
1761286500,203.7645,203.9125,203.734,203.8805,70.01141814342026,61.67258772259481,,,
1761287400,203.8805,203.947,203.8355,203.88,69.95730456820075,62.121282740154356,,,
1761288300,203.88,203.936,203.849,203.8765,69.55204805847838,62.571729009151376,,,
1761289200,203.8765,203.8875,203.6655,203.674,51.10577675321385,62.063534120050214,,,
1761290100,203.674,203.726,203.532,203.56,44.0266622348774,61.25276955743188,,,
1761291000,203.56,203.741,203.56,203.6655,50.81651743932469,60.4904598913872,,,
1761291900,203.6655,203.679,203.4985,203.5095,42.58955948340501,59.247083128040394,,,
1761292800,203.5095,203.5185,203.427,203.4675,40.6800356661981,57.775120637883965,,,
1761293700,203.4675,203.546,203.4505,203.4925,42.33730194080813,56.433832731055624,,,
1761294600,203.4925,203.79,203.4925,203.6985,53.79277850028473,55.72520771702612,,,
1761295500,203.6985,203.827,203.679,203.741,55.746110401073345,55.033480127431815,,,
1761296400,203.741,203.771,203.612,203.63,49.82220804771931,54.686236925032446,,,
1761297300,203.63,203.7875,203.608,203.714,53.82142393015955,54.16243176966426,,,
1761298200,203.714,203.736,203.66,203.681,52.06578555773018,53.30892362320668,,,
1761299100,203.681,203.7805,203.68,203.7715,56.27790048251112,52.327958075998886,,,
1761300000,203.7715,203.8125,203.704,203.707,52.72205603042521,51.096868894729205,,,
1761300900,203.707,203.729,203.672,203.7015,52.417916911168525,49.873002384207076,,,
1761301800,203.7015,203.7555,203.697,203.711,52.92308227422609,50.002809921422234,,,
1761302700,203.711,203.75,203.665,203.7305,54.00257403697213,50.71537505014328,,,
1761303600,203.7305,203.7425,203.607,203.6385,48.36746251550065,50.54044255558443,,,
1761304500,203.6385,203.683,203.5885,203.5905,45.68869571348745,50.761809429161744,,,
1761305400,203.5905,203.5905,203.4995,203.5025,41.18520796344026,50.797893164679046,,,
1761306300,203.5025,203.538,203.447,203.497,40.91376761741029,50.69621214157919,,,
1761307200,203.497,203.553,203.414,203.479,39.98496306544549,49.70993961051925,,,
1761308100,203.479,203.5965,203.461,203.4905,40.90794661615937,48.650070768739674,,,
1761309000,203.4905,203.675,203.347,203.4785,40.21297325584748,47.96369685503454,,,
1761309900,203.4785,203.752,203.4375,203.752,57.80689715719824,48.248373514108735,,,
1761310800,203.752,203.9315,203.752,203.9315,65.07171626534156,49.17736856465241,,,
1761311700,203.9315,203.988,203.8805,203.914,63.9162614038574,49.722965773320006,,,
1761312600,203.914,203.9825,203.78,203.8085,57.309529823579325,50.05064247283102,,,
1761313500,203.8085,203.9645,203.8085,203.8475,58.99681959240082,50.52056409291904,,,
1761314400,203.8475,203.867,203.5915,203.636,47.93261276049734,50.16410198479556,,,
1761315300,203.636,203.6765,203.4405,203.4535,40.81898595503358,49.22241712179995,,,
1761316200,203.4535,203.4665,203.3385,203.3455,37.29187022922627,48.43130338706606,,,
1761317100,203.3455,203.3765,203.0915,203.1895,32.873259058728294,47.51591505458326,,,
1761318000,203.1895,203.279,203.1135,203.2555,36.31150266993555,47.16779324790435,,,
1761318900,203.2555,203.3,203.18,203.249,36.11530831220128,46.825046154675135,,,
1761319800,203.249,203.3085,203.1985,203.269,37.23896517881882,46.62890344848751,,,
1761320700,203.269,203.2735,203.156,203.1975,34.877187098878366,46.19813491153887,,,
1761321600,203.1975,203.2145,203.1605,203.2045,35.30975764344767,45.847905224938884,,,
1761322500,203.2045,203.216,203.151,203.178,34.37876430805079,44.174467164285495,,,
1761323400,203.178,203.199,203.1215,203.1565,33.604609251919385,41.92681666332677,,,
1761324300,203.1565,203.2125,203.1485,203.2085,37.28311739947853,40.024449234442564,,,
1761325200,203.2085,203.277,203.2035,203.245,39.804128187004004,38.77406340325861,,,
1761326100,203.245,203.306,203.2195,203.298,43.36412449662344,37.65744232498879,,,
1761327000,203.298,203.313,203.258,203.294,43.15668106774104,37.31630434693478,,,
1761327900,203.294,203.294,203.248,203.2795,42.365503140408094,37.42676986017581,,,
1761328800,203.2795,203.3695,203.2595,203.3685,48.59481071451541,38.23412275198218,,,
1761329700,203.3685,203.3885,203.3495,203.385,49.68066312257724,39.43465161368567,,,
1761330600,203.385,203.3925,203.351,203.3775,49.172216202220575,40.35327400884889,,,
1761331500,203.3775,203.4025,203.356,203.376,49.064063734800655,41.278185110463134,,,
1761332400,203.376,203.3895,203.3045,203.3055,44.149092588318595,41.771765639713124,,,
1761333300,203.3055,203.3715,203.305,203.3605,48.48471837877683,42.74373215970587,,,
1761334200,203.3605,203.408,203.3565,203.3885,50.58770545751023,43.83501414642462,,,
1761335100,203.3885,203.4485,203.365,203.443,54.482644807710784,45.27100561068605,,,
1761336000,203.443,203.4635,203.43,203.4445,54.588743160168555,46.76987231841813,,,
1761336900,203.4445,203.447,203.4065,203.4325,53.51407516452763,47.92922644449306,,,
1761337800,203.4325,203.488,203.3945,203.456,55.367167127155874,49.040872083075335,,,
1761338700,203.456,203.537,203.4525,203.478,57.09164208945179,50.02140905399165,,,
1761512400,203.478,203.694,203.478,203.6455,67.41456668506976,51.754115169515124,,,
1761513300,203.6455,203.6535,203.617,203.623,65.1472643554086,53.38138382772945,,,
1761514200,203.623,203.744,203.623,203.7095,69.4071151832772,54.86797700406958,,,
1761515100,203.7095,203.9125,203.6665,203.895,76.14168400234618,56.75804992405307,,,
1761516000,203.895,204.0025,203.7555,203.8675,73.55654356884605,58.49978759309774,,,
1761516900,203.8675,203.958,203.8085,203.901,74.6841336662379,60.329792588200405,,,
1761517800,203.901,203.9945,203.901,203.945,76.12420318848613,62.613729059640946,,,
1761518700,203.945,203.995,203.933,203.944,76.01836529236674,64.58041812489736,,,
1761519600,203.944,204.04,203.911,204.003,77.96493297686399,66.53593437627978,,,
1761520500,204.003,204.064,203.982,204.008,78.12696559075268,68.22481443221135,,,
1761521400,204.008,204.012,203.878,203.918,68.37990346776294,69.20989731132524,,,
1761522300,203.918,203.9395,203.864,203.92,68.47403029081266,70.27846553463131,,,
1761523200,203.92,203.9695,203.7655,203.953,70.05783640688088,71.32779905461167,,,
1761524100,203.953,203.963,203.8535,203.8705,61.71101800993773,71.65775447750352,,,
1761525000,203.8705,203.9095,203.7655,203.7705,53.40526432689007,70.65709002334783,,,
1761525900,203.7705,203.8095,203.685,203.711,49.16516988533875,69.51551184691426,,,
1761526800,203.711,203.857,203.6105,203.614,43.1504398419802,67.64003503682163,,,
1761527700,203.614,203.717,203.576,203.6625,46.663896255783044,65.53447876920998,,,
1761528600,203.6625,203.712,203.604,203.6665,46.955071378241065,63.634373612738194,,,
1761529500,203.6665,203.7,203.6145,203.6975,49.26667156858077,61.818840605762674,,,
1761530400,203.6975,203.7695,203.682,203.752,53.133466790572115,60.17664514876882,,,
1761531300,203.752,203.8545,203.7405,203.807,56.71863576515435,58.798093039682215,,,
1761532200,203.807,203.843,203.755,203.7755,54.163094956569786,57.097961752518344,,,
1761533100,203.7755,203.841,203.7725,203.821,57.1652867551691,55.60069897854809,,,
1761534000,203.821,203.86,203.7995,203.8535,59.219890987409926,54.94641237280859,,,
1761534900,203.8535,203.8645,203.817,203.8275,56.86977916799954,54.11753729260765,,,
1761535800,203.8275,203.871,203.819,203.8385,57.6357711939675,53.23024692025668,,,
1761536700,203.8385,203.8845,203.8235,203.884,60.74160691702221,53.16100327076273,,,
1761537600,203.884,203.934,203.837,203.8525,57.59358924903298,53.460169336630074,,,
1761538500,203.8525,203.8615,203.7955,203.812,53.73741369120696,53.78675817990637,,,
1761539400,203.812,203.912,203.8055,203.8665,57.82926621907591,54.835245778270355,,,
1761540300,203.8665,203.922,203.8665,203.9215,61.52747655768114,55.89693008554879,,,
1761541200,203.9215,204.03,203.9215,204.0135,66.77605268855959,57.31271446485728,,,
1761542100,204.0135,204.07,204,204.0685,69.45855414624859,58.754991791833554,,,
1761543000,204.0685,204.086,204.0105,204.0145,63.995286482875095,59.53083605556947,,,
1761543900,204.0145,204.0265,203.9375,203.9755,60.30599669330056,59.78707612186564,,,
1761544800,203.9755,204.051,203.9665,203.9695,59.73544081786684,60.185100826244,,,
1761545700,203.9695,204.0045,203.902,203.9225,55.32021582787814,60.053310045723215,,,
1761546600,203.9225,203.95,203.766,203.826,47.54919498678925,59.219688902821744,,,
1761547500,203.826,203.9035,203.811,203.8245,47.437645913656944,58.54596509894013,,,
1761548400,203.8245,203.847,203.5995,203.6385,36.12157134849689,57.00923653854937,,,
1761549300,203.6385,203.711,203.5615,203.6825,39.78113775986044,55.51206017018067,,,
1761550200,203.6825,203.7245,203.6075,203.6775,39.504175609224006,54.2199591959086,,,
1761551100,203.6775,203.7655,203.64,203.7515,45.5466425627421,53.63490411530397,,,
1761552000,203.7515,203.791,203.572,203.6375,39.072044199850154,52.29510254250213,,,
1761552900,203.6375,203.722,203.6275,203.6935,43.33343360275108,50.99552804572141,,,
1761553800,203.6935,203.704,203.5405,203.6645,41.70663273219675,49.20485519169549,,,
1761554700,203.6645,203.7075,203.6225,203.66,41.44661702671079,47.20400254029993,,,
1761555600,203.66,203.68,203.5485,203.644,40.48027675547909,45.524358988343074,,,
1761556500,203.644,203.7795,203.6285,203.6775,43.45303634215403,44.320576106118324,,,
1761557400,203.6775,203.758,203.674,203.748,49.20301002532592,43.56825962093682,,,
1761558300,203.748,203.8535,203.7115,203.8505,56.17972661678773,43.629653248716075,,,
1761559200,203.8505,203.92,203.8245,203.91,59.64463801638585,44.493613465115835,,,
1761560100,203.91,203.9185,203.8675,203.9175,60.07319696660109,45.396152826040414,,,
1761561000,203.9175,203.94,203.865,203.892,57.82472987638949,46.946378435175596,,,
1761561900,203.892,203.9485,203.8315,203.872,56.05267711367885,48.10863124616263,,,
1761562800,203.872,203.8825,203.7625,203.804,50.39762387873405,48.88673469398477,,,
1761563700,203.804,203.8225,203.6485,203.7565,46.842537697393645,48.97929863217417,,,
1761564600,203.7565,203.853,203.7165,203.836,52.83883061280265,49.962640518813636,,,
1761565500,203.836,203.8545,203.7335,203.74,46.07934450145332,50.15877701157808,,,
1761566400,203.74,203.7775,203.6525,203.77,48.30493015898408,50.63008397063432,,,
1761567300,203.77,203.8535,203.759,203.7985,50.399447468476815,51.26957185933189,,,
1761568200,203.7985,203.962,203.776,203.947,59.5873854155692,52.634365335052614,,,
1761569100,203.947,204.06,203.9235,204.0115,62.809776666711166,54.01698964394955,,,
1761570000,204.0115,204.095,203.9675,203.9895,61.02247128919775,54.861236877083265,,,
1761570900,203.9895,204.079,203.9705,204.069,64.90847238338881,55.48471871755476,,,
1761571800,204.069,204.2085,204.0345,204.197,70.0805978748188,56.230144421728546,,,
1761572700,204.197,204.247,204.123,204.168,67.6478695347181,56.77119246230833,,,
1761573600,204.168,204.2275,204.0775,204.093,61.68414826350755,57.04686520424533,,,
1761574500,204.093,204.104,203.968,204.026,56.86155977532822,57.10464253722029,,,
1761575400,204.026,204.0735,204.012,204.0625,58.75345447016307,57.701487579465216,,,
1761576300,204.0625,204.1095,203.969,203.9705,52.50319688689705,58.105820378715464,,,
1761577200,203.9705,203.9755,203.871,203.871,46.71502960072691,57.66840602071005,,,
1761578100,203.871,204.037,203.8555,204.0125,54.4120620457143,58.263600131014414,,,
1761579000,204.0125,204.11,203.964,204.101,58.4542517173718,58.98855167089925,,,
1761579900,204.101,204.124,203.9445,204.051,55.462159777883336,59.350173978714,,,
1761580800,204.051,204.0575,203.9435,203.999,52.45495259317778,58.84071449140033,,,
1761581700,203.999,204.0465,203.9825,204.0465,54.86252197747458,58.273053442169136,,,
1761582600,204.0465,204.0815,203.9915,204.0425,54.61173178950116,57.815143477905096,,,
1761583500,204.0425,204.0435,203.9735,204.021,53.203929603454455,56.97910470790978,,,
1761584400,204.021,204.0705,204.001,204.0585,55.365188921506935,55.9280040683875,,,
1761585300,204.0585,204.1185,204.031,204.105,57.958091976274964,55.23587709992727,,,
1761586200,204.105,204.1695,204.1005,204.159,60.80558247397508,55.173122400674956,,,
1761587100,204.159,204.16,204.0775,204.088,55.48449078308339,55.07476032980032,,,
1761588000,204.088,204.105,204.019,204.041,52.22634074291638,54.60853792071128,,,
1761588900,204.041,204.044,203.9415,203.9635,47.29460697196774,54.23649578393061,,,
1761589800,203.9635,203.979,203.856,203.876,42.423702335098966,53.929972407814326,,,
1761590700,203.876,203.8985,203.7435,203.831,40.134396140797996,52.91013912889173,,,
1761591600,203.831,203.876,203.7975,203.799,38.541645752102156,51.48781013137248,,,
1761592500,203.799,203.817,203.783,203.8055,39.0705853180852,50.31698338424403,,,
1761593400,203.8055,203.899,203.8055,203.8865,45.379271988032116,49.81157762673363,,,
1761594300,203.8865,203.9105,203.86,203.901,46.44821262935784,49.21055553043958,,,
1761595200,203.901,203.9215,203.8405,203.8685,44.353041256247664,48.47779192092147,,,
1761596100,203.8685,203.8845,203.8515,203.8735,44.765831752796934,47.875070645874494,,,
1761597000,203.8735,203.937,203.8735,203.936,49.780637847130286,47.47617414056189,,,
1761597900,203.936,203.9655,203.852,203.877,45.574132770611826,46.59160562587166,,,
1761598800,203.877,203.881,203.86,203.8775,45.61607332801676,45.50664068687463,,,
1761599700,203.8775,203.905,203.872,203.9035,47.8658487840399,44.96245197265724,,,
1761600600,203.9035,203.909,203.874,203.8815,46.127015344559766,44.52678587277463,,,
1761601500,203.8815,203.899,203.88,203.8905,46.97563330903433,44.50400203970796,,,
1761602400,203.8905,203.8905,203.734,203.7875,39.33838207950792,44.28362202145146,,,
1761603300,203.7875,203.8255,203.7735,203.792,39.79888137157566,44.259656680792716,,,
1761604200,203.792,203.7975,203.7525,203.782,39.08874962937342,44.298735529169235,,,
1761605100,203.782,203.819,203.7485,203.7525,36.99183552497193,44.15025340108972,,,
1761606000,203.7525,203.7915,203.7445,203.7625,38.202058897291536,43.637595323179674,,,
1761606900,203.7625,203.8235,203.762,203.815,44.255655880974466,43.48098412686658,,,
1761607800,203.815,203.8195,203.7205,203.729,37.73479001020107,43.00825189500612,,,
1761608700,203.729,203.7505,203.674,203.7105,36.48924528439565,42.41706714726316,,,
1761609600,203.7105,203.7135,203.5645,203.584,29.35427420930847,40.95804117313304,,,
1761610500,203.584,203.6395,203.5635,203.579,29.111968818955063,39.78217231944326,,,
1761611400,203.579,203.5975,203.502,203.5585,28.088240302683076,38.530184246205145,,,
1761612300,203.5585,203.68,203.484,203.587,31.684949295491975,37.37440571130886,,,
1761613200,203.587,203.595,203.3995,203.427,24.328340315967978,35.817357494980875,,,
1761614100,203.427,203.545,203.397,203.51,33.01663266320898,34.82028602027907,,,
1761615000,203.51,203.516,203.384,203.418,29.03696500245718,34.08447051477545,,,
1761615900,203.418,203.506,203.401,203.491,35.66356472895413,33.789090754588194,,,
1761616800,203.491,203.5605,203.435,203.538,39.57583539020263,33.82388259464743,,,
1761617700,203.538,203.5695,203.4785,203.5545,40.933779362844156,34.1054500116383,,,
1761618600,203.5545,203.587,203.5255,203.5475,40.51775823708125,34.27085710733756,,,
1761619500,203.5475,203.55,203.4755,203.5185,38.76022142125868,33.87832607450073,,,
1761620400,203.5185,203.5345,203.475,203.5025,37.78635215978814,33.882009085185516,,,
1761621300,203.5025,203.541,203.49,203.5145,39.02378271250833,34.06304747290785,,,
1761622200,203.5145,203.5755,203.495,203.526,40.250295851907936,34.84133473309352,,,
1761623100,203.526,203.5335,203.2605,203.3805,31.591902017928874,35.01847281873451,,,
1761624000,203.3805,203.5,203.352,203.483,41.1896164990558,35.954285404189704,,,
1761624900,203.483,203.4835,203.324,203.346,34.269021961592756,36.1388620231969,,,
1761625800,203.346,203.3855,203.153,203.163,27.598543006203073,36.37244792964226,,,
1761626700,203.163,203.187,202.9615,203.0035,23.335110008617264,35.680910597171426,,,
1761627600,203.0035,203.1045,202.9695,203.0585,27.49451161002135,35.570735354854584,,,
1761628500,203.0585,203.07,202.8565,202.9085,23.715487615562992,34.71730127532665,,,
1761629400,202.9085,202.982,202.854,202.962,27.54086253483699,33.85766035708624,,,
1761630300,202.962,203.0775,202.947,202.9955,29.910945460656592,33.07031507835856,,,
1761631200,202.9955,203.084,202.91,202.988,29.676905436536998,32.29596844974826,,,
1761632100,202.988,203.119,202.9115,203.117,38.57896067008132,32.28302125323559,,,
1761633000,203.117,203.178,202.9955,203.023,35.09290397677947,32.0906320973064,,,
1761633900,203.023,203.0385,202.9695,202.985,33.764633885767225,31.71497860968203,,,
1761634800,202.985,203.3225,202.985,203.1465,43.54476963510537,31.950298165624705,,,
1761635700,203.1465,203.2205,203.1045,203.119,42.39679364337766,32.722076138871046,,,
1761636600,203.119,203.1315,202.9525,202.972,36.81034265837497,32.4092708645367,,,
1761637500,202.972,202.976,202.866,202.904,34.54289155796316,32.42883297856316,,,
1761638400,202.904,202.904,202.655,202.7015,28.84472356282849,32.51784587546497,,,
1761639300,202.7015,202.7525,202.4805,202.484,24.2228262615197,32.58125417924372,,,
1761640200,202.484,202.548,202.052,202.0815,18.359888783698395,31.928781120220656,,,
1761641100,202.0815,202.223,202.0545,202.214,24.811614352643716,32.00707588715499,,,
1761642000,202.214,202.2945,202.124,202.2225,25.219883130382385,31.841291643979662,,,
1761642900,202.2225,202.3195,202.1735,202.311,29.511516410467053,31.812760997537556,,,
1761643800,202.311,202.3505,202.2075,202.3025,29.337368623044554,31.78850836800238,,,
1761644700,202.3025,202.398,202.29,202.3145,29.965693523888206,31.173275000417156,,,
1761645600,202.3145,202.3395,202.246,202.3145,29.965693523888206,30.807045682353493,,,
1761646500,202.3145,202.394,202.287,202.3395,31.438689980106687,30.640906831949167,,,
1761647400,202.3395,202.386,202.2545,202.3695,33.25290666657472,29.90577376276841,,,
1761648300,202.3695,202.387,202.282,202.362,33.01768282777178,29.235837275939417,,,
1761649200,202.362,202.407,202.3085,202.317,31.574491156033034,28.861847882914994,,,
1761650100,202.317,202.4105,202.2525,202.2625,29.871534377305366,28.52817951286801,,,
1761651000,202.2625,202.401,202.2395,202.32,33.92090367911506,28.890763806888483,,,
1761651900,202.32,202.35,202.2965,202.335,34.97571966109605,29.65882762114393,,,
1761652800,202.335,202.451,202.3205,202.3395,35.309345813832564,30.869503123296372,,,
1761653700,202.3395,202.351,202.2315,202.276,32.755390963365045,31.436915738347896,,,
1761654600,202.276,202.3665,202.2435,202.3395,37.614865836330544,32.32227164591562,,,
1761655500,202.3395,202.3515,202.045,202.096,28.9695089603822,32.283556828052426,,,
1761656400,202.096,202.2265,202.062,202.163,33.498635798785685,32.580790197748215,,,
1761657300,202.163,202.183,202.0125,202.0155,29.099590406301573,32.51892568934917,,,
1761658200,202.0155,202.033,201.8665,201.897,26.13070482977652,32.24499792548405,,,
1761659100,201.897,201.898,201.7145,201.76,23.185533420053346,31.655486742623093,,,
1761660000,201.76,201.8685,201.697,201.7105,22.211429530346578,30.866809804321083,,,
1761660900,201.7105,201.8725,201.6845,201.716,22.60053587589553,30.122727879187067,,,
1761661800,201.716,201.799,201.678,201.7235,23.164946497541067,29.52204611786621,,,
1761662700,201.7235,201.8815,201.675,201.7875,27.990534140600673,29.38768895810159,,,
1761663600,201.7875,201.806,201.6945,201.7655,27.35454786930468,28.918663543115134,,,
1761664500,201.7655,201.867,201.761,201.8635,34.49460523700584,28.88429822710869,,,
1761665400,201.8635,201.8755,201.6715,201.7745,31.469555668441018,28.610027502437863,,,
1761666300,201.7745,202.016,201.7145,202.005,44.93753826833591,29.480180881364355,,,
1761667200,202.005,202.095,202.0035,202.0235,45.85723555957408,30.06892157588175,,,
1761668100,202.0235,202.1225,201.994,202.1165,50.34706754556343,31.59589004625184,,,
1761669000,202.1165,202.2655,202.086,202.135,51.21375109569936,32.86125542460282,,,
1761669900,202.135,202.2235,202.096,202.1545,52.161601606814585,34.50854193892518,,,
1761670800,202.1545,202.1755,202.0385,202.063,47.498318102600805,36.03480002984119,,,
1761671700,202.063,202.0945,201.984,201.994,44.283230043537955,37.5417783600901,,,
1761672600,201.994,202.0655,201.963,202.0625,48.043190516215724,39.38690414479503,,,
1761673500,202.0625,202.079,202.021,202.045,47.167457001240315,41.1416842251768,,,
1761674400,202.045,202.0715,202.0005,202.0085,45.31223817188424,42.72363363048703,,,
1761675300,202.0085,202.06,202.0025,202.042,47.35875563132829,44.107078022681854,,,
1761676200,202.042,202.044,201.9745,202.017,45.97602801066533,45.437183747064765,,,
1761677100,202.017,202.033,201.952,201.9905,44.493101647687595,46.151362062113456,,,
1761678000,201.9905,202.0065,201.9335,201.9515,42.329227982679534,46.92705294170192,,,
1761678900,201.9515,201.954,201.8715,201.8735,38.31566346357829,46.454061884219236,,,
1761679800,201.8735,201.8735,201.796,201.809,35.33226554654381,45.702278311859935,,,
1761680700,201.809,201.8545,201.7645,201.8285,36.93112215407657,44.743996498182305,,,
1761681600,201.8285,201.9265,201.8115,201.9265,44.37452841409095,44.25548059235313,,,
1761682500,201.9265,201.934,201.893,201.9045,43.1435407733008,43.61133338995929,,,
1761683400,201.9045,201.943,201.903,201.9375,45.58212340236277,43.47446233994229,,,
1761684300,201.9375,201.9555,201.8415,201.874,41.86149050278097,43.30148094417393,,,
1761685200,201.874,201.9325,201.838,201.8415,40.05922356404642,42.73119759044756,,,
1761686100,201.8415,201.9435,201.8355,201.915,45.747881162136686,42.62979931622586,,,
1761687000,201.915,201.915,201.8795,201.883,43.79894161303427,42.521706704879435,,,
1761687900,201.883,201.987,201.8745,201.898,44.982138595623844,42.351948345186265,,,
1761688800,201.898,201.9655,201.8735,201.9565,49.45173305345557,42.60021299109985,,,
1761689700,201.9565,201.9645,201.9165,201.9455,48.65138095232601,42.89723294143117,,,
1761690600,201.9455,201.958,201.922,201.949,48.93457658595738,43.369043555951016,,,
1761691500,201.949,201.974,201.935,201.957,49.61854355507113,44.17639213391478,,,
1761692400,201.957,201.974,201.866,201.874,43.15964007561714,44.73549031456288,,,
1761693300,201.874,201.978,201.872,201.9515,49.738605575838314,45.65031055897443,,,
1761694200,201.9515,201.9735,201.8925,201.8935,45.49463870961447,45.73031843722612,,,
1761695100,201.8935,201.9595,201.474,201.4915,27.793421392890835,44.63388133862541,,,
1761696000,201.4915,201.506,201.2445,201.4515,26.681014001668885,43.283802095718706,,,
1761696900,201.4515,201.6275,201.447,201.599,36.73627456251025,42.91771524284222,,,
1761697800,201.599,201.6585,201.5205,201.5535,35.13551092011929,42.56602148256171,,,
1761698700,201.5535,201.5615,201.1415,201.255,26.864938448401475,41.217239860152056,,,
1761699600,201.255,201.377,201.155,201.312,30.24169997098052,40.24886545714821,,,
1761700500,201.312,201.3945,201.1775,201.324,30.96436848772089,39.24759616372658,,,
1761701400,201.324,201.518,201.321,201.4985,40.60092355599934,38.61539548533684,,,
1761702300,201.4985,201.503,201.3635,201.4765,39.84575738841845,37.98642237362916,,,
1761703200,201.4765,201.629,201.474,201.617,46.668078684735995,37.82452966639905,,,
1761704100,201.617,201.719,201.564,201.702,50.33769031967236,37.875897292442005,,,
1761705000,201.702,201.721,201.5955,201.6135,46.7322478190941,38.131083559833215,,,
1761705900,201.6135,201.6575,201.5495,201.587,45.67724771277932,37.840986569614714,,,
1761706800,201.587,201.589,201.482,201.5115,42.71831106226772,37.64267745194709,,,
1761707700,201.5115,201.5275,201.4515,201.474,41.287687740324586,38.606553619620925,,,
1761708600,201.474,201.4795,201.3745,201.453,40.47031431344636,39.59150364189075,,,
1761709500,201.453,201.512,201.411,201.5105,43.753737464336325,40.09275099202118,,,
1761710400,201.5105,201.558,201.448,201.464,41.74833203264451,40.56509535720155,,,
1761711300,201.464,201.5325,201.401,201.521,45.0717818636053,41.86558417257326,,,
1761712200,201.521,201.577,201.481,201.511,44.59112076171055,42.890542800482535,,,
1761713100,201.511,201.557,201.499,201.519,45.09556866134672,43.89991424145581,,,
1761714000,201.519,201.5485,201.4825,201.524,45.42996069282523,44.2448454655148,,,
1761714900,201.524,201.802,201.524,201.7985,59.877491457491175,45.67568361330571,,,
1761715800,201.7985,201.9615,201.7935,201.9055,63.89064024690704,46.90586658203222,,,
1761716700,201.9055,201.9255,201.62,201.6625,51.333163280579065,46.97697179352555,,,
1761717600,201.6625,201.7595,201.588,201.682,52.14598730529479,47.36366747111132,,,
1761718500,201.682,201.734,201.5455,201.562,46.94932944069693,47.45453045167686,,,
1761719400,201.562,201.6085,201.476,201.484,43.88775623499549,47.538062249728846,,,
1761720300,201.484,201.4895,201.214,201.2375,35.91665774711787,47.15441725021408,,,
1761721200,201.2375,201.3175,201.1335,201.283,38.14969416021898,46.988658667840696,,,
1761722100,201.283,201.333,200.997,201.057,32.156002115323105,46.16024900005404,,,
1761723000,201.057,201.2235,201.006,201.176,37.70576498697294,45.871494211077504,,,
1761723900,201.176,201.211,201.0935,201.1495,36.98029907574501,45.29353115480177,,,
1761724800,201.1495,201.251,201.111,201.1735,38.14110984595413,44.83281608939059,,,
1761725700,201.1735,201.3075,201.154,201.211,40.000777856543586,44.46890246047609,,,
1761726600,201.211,201.2655,201.166,201.23,40.96909968106322,44.15026953106451,,,
1761727500,201.23,201.257,201.146,201.2175,40.50593666323872,42.766587045760765,,,
1761728400,201.2175,201.2475,201.142,201.173,38.823247132695315,40.976058966174215,,,
1761729300,201.173,201.28,201.1665,201.248,43.112559212416905,40.38887296130549,,,
1761730200,201.248,201.341,201.2405,201.304,46.148613680690396,39.960489130976605,,,
1761731100,201.304,201.3915,201.248,201.257,44.02494622957724,39.75160461589662,,,
1761732000,201.257,201.3815,201.21,201.3815,50.5204094180183,40.2253655575411,,,
1761732900,201.3815,201.401,201.2655,201.2915,46.33460516985478,40.96950465916517,,,
1761733800,201.2915,201.302,201.211,201.274,45.54442254533369,41.49769954381622,,,
1761734700,201.274,201.333,201.1965,201.2425,44.08698615727806,42.34991268967014,,,
1761735600,201.2425,201.332,201.222,201.314,48.14336848828134,43.09545579690646,,,
1761736500,201.314,201.4315,201.2555,201.391,52.16789540845705,44.18028410638589,,,
1761737400,201.391,201.395,201.2265,201.329,48.87851440833686,44.947241575127514,,,
1761738300,201.329,201.366,201.2005,201.231,44.1407876371078,45.24295655945353,,,
1761739200,201.231,201.288,201.15,201.25,45.24883315447083,45.548651807554066,,,
1761740100,201.25,201.292,201.0295,201.0625,37.37065409808678,45.32470305290036,,,
1761741000,201.0625,201.115,200.962,201.0115,35.55722766151773,45.091415947816245,,,
1761741900,201.0115,201.0365,200.9105,201.0135,35.689022637731824,44.56116333533874,,,
1761742800,201.0135,201.056,200.9,200.9095,32.02163989696405,43.55209377935829,,,
1761743700,200.9095,200.947,200.759,200.764,27.728609092642984,42.38806969814869,,,
1761744600,200.764,200.8675,200.6435,200.7275,26.759413177087055,40.690855680939315,,,
1761745500,200.7275,200.83,200.5705,200.7385,27.580938372087473,39.351308052527365,,,
1761746400,200.7385,200.9,200.7165,200.8795,37.29076906518808,38.761761375374114,,,
1761747300,200.8795,201.0445,200.8425,201.021,45.22752683837141,38.84322856688078,,,
1761748200,201.021,201.1375,200.963,200.974,43.26863288239352,38.49503316646023,,,
1761749100,200.974,201.131,200.969,201.107,49.88358290905383,38.331867987931425,,,
1761750000,201.107,201.1625,201.0325,201.1195,50.468145424067586,38.445413060483624,,,
1761750900,201.1195,201.2275,201.0855,201.154,52.12783838224442,39.01591668513624,,,
1761751800,201.154,201.268,201.15,201.238,55.99416306214014,39.783440249969765,,,
1761752700,201.238,201.3515,201.1355,201.1555,51.58741337697814,40.79892305560486,,,
1761753600,201.1555,201.4625,201.1505,201.403,61.401537894068454,42.64494521507277,,,
1761754500,201.403,201.403,201.245,201.2755,55.19418717931342,44.03817125375718,,,
1761755400,201.2755,201.3205,201.26,201.283,55.479305240958546,45.71371877832821,,,
1761756300,201.283,201.3325,201.2495,201.2615,54.41041216158045,47.61956185468089,,,
1761757200,201.2615,201.3145,201.1785,201.1935,51.05970344359097,49.35529687371688,,,
1761758100,201.1935,201.2785,201.189,201.2615,54.10352162458354,51.24976710603802,,,
1761759000,201.2615,201.366,201.2125,201.3465,57.64926845258198,52.70394563370902,,,
1761759900,201.3465,201.4315,201.328,201.4145,60.29215972143259,53.77999083964196,,,
1761760800,201.4145,201.4695,201.241,201.4235,60.642239510204426,55.02096274162846,,,
1761761700,201.4235,201.4265,201.336,201.3955,58.9023424918176,55.66515985468301,,,
1761762600,201.3955,201.5665,201.006,201.0895,44.03343763162063,55.205537869508234,,,
1761763500,201.0895,201.395,201.0665,201.1335,46.138853738654674,54.77775325210896,,,
1761764400,201.1335,201.2605,201.059,201.1065,45.01965492314156,53.99385981360906,,,
1761765300,201.1065,201.337,201.0715,201.3055,53.89632334072788,54.1587819538769,,,
1761766200,201.3055,201.506,201.274,201.5005,60.6078119690958,54.10208724495028,,,
1761767100,201.5005,201.629,201.4275,201.629,64.29631034431983,54.7522388995936,,,
1761768000,201.629,201.662,201.4185,201.4845,57.748046192339174,54.91429182469222,,,
1761768900,201.4845,201.5935,201.4755,201.552,59.80729121153223,55.299783185403065,,,
1761769800,201.552,201.5595,201.416,201.4825,56.740929463143,55.7055850439425,,,
1761770700,201.4825,201.561,201.4135,201.5225,58.073284498088064,55.98913953490711,,,
1761771600,201.5225,201.6,201.332,201.4845,56.29928318282085,55.89271201563846,,,
1761772500,201.4845,201.5325,201.219,201.426,53.58546049974526,55.413662071232224,,,
1761773400,201.426,201.526,201.305,201.343,49.90951659073355,54.647039005555726,,,
1761774300,201.343,201.51,201.33,201.459,54.59730617698349,54.33953641163901,,,
1761775200,201.459,201.491,201.436,201.4735,55.16218080034874,55.13444663797673,,,
1761776100,201.4735,201.501,201.4525,201.4835,55.57270334532323,55.80829303845305,,,
1761777000,201.4835,201.5355,201.483,201.52,57.116054716763315,56.67232159514032,,,
1761777900,201.52,201.5235,201.4615,201.464,54.01567708670827,56.68084686271035,,,
1761778800,201.464,201.4965,201.4125,201.4945,55.434574341292304,56.31132988929581,,,
1761779700,201.4945,201.53,201.464,201.5195,56.61623623737044,55.76275316737086,,,
1761780600,201.5195,201.5315,201.3885,201.434,51.57914200568455,55.32211715403838,,,
1761781500,201.434,201.545,201.4,201.516,55.6541158018145,55.02546176762997,,,
1761782400,201.516,201.7045,201.481,201.507,55.10595970302874,54.908678213336096,,,
1761783300,201.507,201.555,201.3675,201.396,48.73100005864401,54.241372181947234,,,
1761784200,201.396,201.6295,201.396,201.507,54.41071260981081,54.106474283875094,,,
1761785100,201.507,201.708,201.4225,201.536,55.78875924901785,54.263852765965986,,,
1761786000,201.536,201.5905,201.331,201.4535,51.06024561014813,54.34604769592416,,,
1761786900,201.4535,201.4825,201.348,201.392,47.807291521949,53.86104664913599,,,
1761787800,201.392,201.4015,201.297,201.381,47.22773683609511,53.294300651689305,,,
1761788700,201.381,201.4585,201.338,201.4515,51.30237612040186,52.989277278480635,,,
1761789600,201.4515,201.459,201.297,201.315,44.18829361914317,52.06586577150777,,,
1761790500,201.315,201.387,201.309,201.36,46.80707839335291,51.55096586483953,,,
1761791400,201.36,201.386,201.3,201.3085,44.24820074455655,50.75193917935841,,,
1761792300,201.3085,201.3095,201.132,201.1525,37.551415765151745,49.39016628848564,,,
1761793200,201.1525,201.1745,200.995,201.033,33.383400489945274,48.09047046593283,,,
1761794100,201.033,201.9085,201.0315,201.8695,63.73088385763548,48.66738246992004,,,
1761795000,201.8695,202.1075,201.8645,201.9705,65.7591496909794,49.42832461191652,,,
1761795900,201.9705,202.06,201.924,201.951,65.00332444879668,50.590633496927424,,,
1761796800,201.951,202.018,201.558,201.709,56.347554362103956,50.72897933637694,,,
1761797700,201.709,201.85,201.6035,201.6835,55.508787274086,50.70898133816752,,,
1761798600,201.6835,202.089,201.6835,201.8965,60.76277123626617,51.40201888289024,,,
1761799500,201.8965,201.9785,201.797,201.905,60.96089581138876,52.34156204642165,,,
1761800400,201.905,201.938,201.744,201.891,60.4197519293873,53.28384883879966,,,
1761801300,201.891,202.091,201.858,202.0675,64.67692471225578,54.2391737382178,,,
1761802200,202.0675,202.106,201.9855,202.0525,64.04644800445422,55.65761333716859,,,
1761803100,202.0525,202.1705,202.0405,202.1685,66.74613392710734,57.08183158957962,,,
1761804000,202.1685,202.252,202.0415,202.1205,64.58505126277271,58.53446376945221,,,
1761804900,202.1205,202.178,202.065,202.1175,64.44460940667007,60.4554061724178,,,
1761805800,202.1175,202.627,201.9235,202.614,74.37573790454715,63.383430273460796,,,
1761806700,202.614,202.655,202.4415,202.443,67.39381965169596,63.64506854446511,,,
1761807600,202.443,202.5585,202.334,202.4355,67.0963162161829,63.7405804391225,,,
1761808500,202.4355,202.635,202.413,202.4345,67.05381329157936,63.8870439278927,,,
1761809400,202.4345,202.6035,202.421,202.5505,69.46978927291045,64.82434642152172,,,
1761810300,202.5505,202.561,202.4085,202.459,65.39610710680897,65.53058355243051,,,
1761811200,202.459,202.794,202.459,202.7845,71.74384286222276,66.31494581142742,,,
1761812100,202.7845,202.9885,202.741,202.9655,74.54059741858022,67.28492449765538,,,
1761813000,202.9655,203.0315,202.8835,203,75.04756409034682,68.32976822343821,,,
1761813900,203,203.125,202.9295,203.065,76.0165593079261,69.13974212312894,,,
1761814800,203.065,203.1545,202.894,202.959,71.16321149664269,69.64808237257097,,,
1761815700,202.959,202.9675,202.7715,202.912,69.057867592587,69.81320620581953,,,
1761816600,202.912,202.935,202.6425,202.668,59.256626284555324,69.43260442166114,,,
1761817500,202.668,202.8445,202.633,202.818,62.75614750932574,69.31200000042226,,,
1761818400,202.818,202.898,202.756,202.86,63.69639907147455,68.5491900837742,,,
1761819300,202.86,202.9325,202.7985,202.855,63.490901659029035,68.27041022715515,,,
1761820200,202.855,202.9155,202.802,202.8695,63.85508607083519,68.03889378820175,,,
1761821100,202.8695,202.8795,202.811,202.8635,63.572495649057764,67.79022824230734,,,
1761822000,202.8635,202.98,202.8255,202.8925,64.39271910468217,67.42758037314817,,,
1761822900,202.8925,202.9675,202.853,202.9365,65.65626115796749,67.44616280537379,,,
1761823800,202.9365,203.065,202.9365,203.02,67.97852073809027,67.17721122507861,,,
1761824700,203.02,203.198,202.9455,203.1015,70.10342991941357,66.86027068942386,,,
1761825600,203.1015,203.266,203.0375,203.096,69.76696593540932,66.48308510692831,,,
1761826500,203.096,203.1095,202.96,202.9755,62.67006853897317,65.5297643377174,,,
1761827400,202.9755,203.0125,202.7265,202.771,52.8454205824866,64.22135070099195,,,
1761828300,202.771,202.7845,202.583,202.7015,49.977872129613104,62.8584938822081,,,
1761829200,202.7015,202.729,202.554,202.599,46.01234001949918,61.91247343470409,,,
1761830100,202.599,202.7625,202.527,202.7495,52.030776922561216,61.146375535649476,,,
1761831000,202.7495,202.8565,202.5375,202.7135,50.57831664822704,60.20936964827466,,,
1761831900,202.7135,203.042,202.705,202.8775,56.53144427731735,59.712265549580955,,,
1761832800,202.8775,202.991,202.783,202.9145,57.767441822100515,59.27743381752849,,,
1761833700,202.9145,203.112,202.875,203.0835,62.94954030322647,59.23293700711196,,,
1761834600,203.0835,203.16,202.9025,202.933,56.321748184074245,58.65643908421139,,,
1761835500,202.933,203.0065,202.8575,203.003,58.509850082219536,58.145981150229396,,,
1761836400,203.003,203.098,202.9315,202.978,57.403812999316294,57.39064488317411,,,
1761837300,202.978,203.0025,202.8415,202.85,51.985347657409235,56.09649615017381,,,
1761838200,202.85,202.8605,202.6485,202.689,46.09200432804109,54.40542746393322,,,
1761839100,202.689,202.753,202.6065,202.6795,45.76234039947409,53.19773259682615,,,
1761840000,202.6795,202.7125,202.572,202.576,42.21943406294548,52.43873355971607,,,
1761840900,202.576,202.644,202.511,202.579,42.35873387930477,51.894509398979764,,,
1761841800,202.579,202.783,202.574,202.781,50.93595994895861,52.24619653679829,,,
1761842700,202.781,202.7835,202.726,202.729,48.91797254237838,52.02385336678524,,,
1761843600,202.729,202.729,202.5735,202.611,44.599888630521534,51.596822794091985,,,
1761844500,202.611,202.767,202.5475,202.751,50.21492421574318,51.14564278969384,,,
1761845400,202.751,202.831,202.698,202.733,49.51997756341017,50.55653819978738,,,
1761846300,202.733,202.7945,202.682,202.6885,47.760203105561146,49.47158554281129,,,
1761847200,202.6885,202.7615,202.67,202.671,47.05206497557401,48.8094653136327,,,
1761848100,202.671,202.7445,202.6505,202.714,49.05101723664145,48.1338343960914,,,
1761849000,202.714,202.728,202.62,202.6635,46.81563439055459,47.37753592403699,,,
1761849900,202.6635,202.6965,202.548,202.5765,43.16593104182894,46.747577594352684,,,
1761850800,202.5765,202.589,202.5015,202.5135,40.692031793821364,46.361865270479846,,,
1761851700,202.5135,202.55,202.4465,202.4745,39.19450427149123,45.89273411848107,,,
1761852600,202.4745,202.5225,202.4645,202.4885,40.04744963405169,45.737592373560084,,,
1761853500,202.4885,202.5325,202.455,202.527,42.438706873732386,45.74330473030492,,,
1761854400,202.527,202.5905,202.494,202.5905,46.246907084646395,45.40837238285405,,,
1761855300,202.5905,202.633,202.569,202.6235,48.16613998686595,45.3546700574603,,,
1761856200,202.6235,202.683,202.5895,202.68,51.36774548125973,45.8380884039416,,,
1761857100,202.68,202.749,202.665,202.718,53.450275233709064,46.06918490522487,,,
1761858000,202.718,202.7195,202.627,202.6555,49.681964755197534,46.08075541892397,,,
1761858900,202.6555,202.6895,202.6475,202.6735,50.7586866175524,46.29493281263763,,,
1761859800,202.6735,202.726,202.6735,202.716,53.299664946171774,46.74118995339462,,,
1761860700,202.716,202.7225,202.6635,202.6665,50.05955834509293,46.8132286039983,,,
1761861600,202.6665,202.71,202.598,202.6195,47.129952684465145,46.83567991070618,,,
1761862500,202.6195,202.639,202.5955,202.6275,47.69109701191076,47.158906051426314,,,
1761863400,202.6275,202.7225,202.622,202.69,51.979234220052724,47.96513479615713,,,
1761864300,202.69,202.7345,202.689,202.71,53.2985775661819,48.97256860292075,,,
1761865200,202.71,202.7315,202.659,202.661,49.696095820327244,49.66175761622615,,,
1761866100,202.661,202.751,202.661,202.718,53.62301647971018,50.460636873795984,,,
1761867000,202.718,202.718,202.496,202.498,40.48620397879117,50.04915808052061,,,
1761867900,202.498,202.536,202.459,202.527,42.48638555486011,49.643461335377346,,,
1761868800,202.527,202.5605,202.4475,202.5245,42.35423308419578,48.99963902130134,,,
1761869700,202.5245,202.5775,202.5085,202.548,44.113944673763704,48.33275826701953,,,
1761870600,202.548,202.5775,202.4725,202.5015,41.419619831845964,47.74259077249442,,,
1761871500,202.5015,202.6985,202.4965,202.5155,42.55716767876637,47.156767991152556,,,
1761872400,202.5155,202.5645,202.262,202.317,32.824484953080514,45.69425513450318,,,
1761873300,202.317,202.3585,202.189,202.342,34.84549503474874,44.60753632662146,,,
1761874200,202.342,202.401,202.216,202.2345,30.584491639546258,43.42571768055581,,,
1761875100,202.2345,202.3705,202.2315,202.342,38.66203483985382,42.78078466826604,,,
1761876000,202.342,202.4165,202.3385,202.3565,39.68160422134936,41.9023825255015,,,
1761876900,202.3565,202.361,202.2735,202.2885,36.608384716251756,40.710225893363635,,,
1761877800,202.2885,202.322,202.2685,202.298,37.33852174111642,39.82754203056286,,,
1761878700,202.298,202.4065,202.2815,202.4055,45.05112359413128,39.21526396730722,,,
1761879600,202.4055,202.4435,202.388,202.441,47.35552253898908,39.70592957874993,,,
1761880500,202.441,202.4755,202.429,202.4445,47.588893360877414,40.070394422036884,,,
1761881400,202.4445,202.5505,202.436,202.5425,53.76867075773928,40.88571139871856,,,
1761882300,202.5425,202.614,202.528,202.5895,56.422472950241385,41.76489198989554,,,
1761883200,202.5895,202.6095,202.472,202.51,51.08117281545942,42.4550029172965,,,
1761884100,202.51,202.6135,202.4975,202.5235,51.91364182595114,43.12332249923827,,,
1761885000,202.5235,202.5615,202.5005,202.511,51.04742462509847,44.42496104723955,,,
1761885900,202.511,202.553,202.4915,202.532,52.48191680714245,45.68470545955339,,,
1761886800,202.532,202.5505,202.4675,202.4945,49.68216331285558,47.048824864789765,,,
1761887700,202.4945,202.5695,202.4595,202.4965,49.835867897273914,47.84695579746263,,,
1761888600,202.4965,202.5025,202.3785,202.45,46.29502374830746,48.31934290653106,,,
1761889500,202.45,202.4595,202.318,202.3975,42.61369179805612,48.748293412374224,,,
1761890400,202.3975,202.5485,202.3815,202.459,47.84562192771409,49.49880056855977,,,
1761891300,202.459,202.658,202.4255,202.65,60.0327387299599,50.568915935404675,,,
1761892200,202.65,202.7695,202.5725,202.735,64.05790506159693,51.76194325844809,,,
1761893100,202.735,202.741,202.595,202.6565,58.22573919252428,52.521717960708585,,,
1761894000,202.6565,202.8165,202.567,202.578,53.02655469059237,52.46870967019809,,,
1761894900,202.578,202.6785,202.518,202.635,56.092397108465754,52.44513282435697,,,
1761895800,202.635,202.7945,202.552,202.7905,63.15706641905054,53.3076966531849,,,
1761896700,202.7905,202.882,202.731,202.8465,65.32108004207691,54.26537081147962,,,
1761897600,202.8465,202.874,202.687,202.873,66.32895107499488,55.356908415043655,,,
1761898500,202.873,202.922,202.7695,202.871,66.17264110710653,56.33481729361251,,,
1761899400,202.871,202.8875,202.79,202.8115,61.52724584156332,57.180894617091646,,,
1761900300,202.8115,202.82,202.692,202.6975,53.74265343488476,57.45995072692098,,,
1761901200,202.6975,202.774,202.679,202.712,54.53066901061702,58.04821110280023,,,
1761902100,202.712,202.75,202.5935,202.61,48.29766924318778,58.45420949173821,,,
1761903000,202.61,202.6455,202.4805,202.487,42.055084860775544,58.040599701242606,,,
1761903900,202.487,202.6115,202.4725,202.5945,48.33975833117786,57.20538681561531,,,
1761904800,202.5945,202.6295,202.5475,202.609,49.14102887675811,56.13989565955541,,,
1761905700,202.609,202.624,202.5005,202.577,47.393950785028835,55.36619648759144,,,
1761906600,202.577,202.58,202.436,202.4525,41.24940459524414,54.52497148078085,,,
1761907500,202.4525,202.492,202.352,202.3855,38.366629985279346,53.25884525769611,,,
1761908400,202.3855,202.4565,202.334,202.4305,41.33224562682783,51.69992948682306,,,
1761909300,202.4305,202.486,202.389,202.398,39.8412133808817,49.8799390110234,,,
1761910200,202.398,202.4415,202.191,202.2855,35.11853596786219,47.65062364622821,,,
1761911100,202.2855,202.403,202.259,202.3185,37.46037530393694,45.59974751743038,,,
1761912000,202.3185,202.3435,202.13,202.137,30.86236447158531,43.40939884814623,,,
1761912900,202.137,202.2525,202.125,202.1575,32.31250881396845,41.8786742323665,,,
1761913800,202.1575,202.1575,201.8705,201.9735,26.86568556459268,39.902603986221905,,,
1761914700,201.9735,202.1275,201.9735,202.023,30.271006582300885,38.614985224729985,,,
1761915600,202.023,202.1465,201.9945,202.136,37.433091836502776,38.28484286585336,,,
1761916500,202.136,202.1525,201.977,201.9885,32.71020426993398,37.16844614719309,,,
1761917400,201.9885,202.0925,201.93,202.013,34.19534387063973,36.100897218184635,,,
1761918300,202.013,202.0775,201.976,202.0545,36.74216863136419,35.34005563578001,,,
1761919200,202.0545,202.066,201.906,201.9125,32.15619064817756,34.690540353846686,,,
1761920100,201.9125,202.0265,201.851,201.9405,33.9079355701478,34.3720621813373,,,
1761921000,201.9405,202.1175,201.896,202.108,43.33389316474789,34.51503700547444,,,
1761921900,202.108,202.135,201.9855,202.0505,41.16355809539862,34.6094901993685,,,
1761922800,202.0505,202.09,201.962,202.07,42.220435932211856,35.11676876825063,,,
1761923700,202.07,202.105,201.9885,202.0525,41.49996862497077,35.405311148324465,,,
1761924600,202.0525,202.1945,202.0455,202.1645,47.656282909104064,36.604876751004376,,,
1761925500,202.1645,202.428,202.003,202.388,57.31073350613189,38.390464229016054,,,
1761926400,202.388,202.4425,202.32,202.4025,57.8538538016895,40.60390481738011,,,
1761927300,202.4025,202.4735,202.3395,202.4405,59.31473456652958,42.678456816253586,,,
1761928200,202.4405,202.4685,202.33,202.39,56.51133542098311,44.04118850085933,,,
1761929100,202.39,202.3905,202.2925,202.328,53.18766274750608,45.503864106400194,,,
1761930000,202.328,202.36,202.3095,202.358,54.57968776397715,46.95988867021,,,
1761930900,202.358,202.3785,202.3095,202.3605,54.70057566454457,48.242632029722884,,,
1761931800,202.3605,202.4035,202.294,202.344,53.68499538546745,49.78040379667217,,,
1761932700,202.344,202.4515,202.3415,202.352,54.129672652384585,51.22481358826052,,,
1761933600,202.352,202.4015,202.31,202.3525,54.15929634496712,51.99805667256188,,,
1761934500,202.3525,202.439,202.3275,202.4295,58.594105433897845,53.24309576816897,,,
1761935400,202.4295,202.4565,202.3805,202.4185,57.7347992114784,54.35126457383087,,,
1761936300,202.4185,202.4845,202.3805,202.466,60.43322390003124,55.703639950620904,,,
1761937200,202.466,202.4965,202.426,202.4595,59.869922935761224,56.57604280966784,,,
1761938100,202.4595,202.4995,202.445,202.488,61.56170730432415,56.879683795253,,,
1761939000,202.488,202.549,202.482,202.545,64.7614004678387,57.37307998569223,,,
1761939900,202.545,202.5545,202.447,202.448,56.189434002783116,57.14984423113891,,,
1761940800,202.448,202.545,202.437,202.5225,60.51251100537232,57.43564248716671,,,
1761941700,202.5225,202.542,202.4475,202.494,58.14862344079484,57.789996822401626,,,
1761942600,202.494,202.5285,202.456,202.5285,60.176670938801216,58.18978133488906,,,
1761943500,202.5285,202.5945,202.4835,202.532,60.386394094708486,58.59591122275791,,,
1762120800,202.532,202.532,202.3435,202.349,46.57519875987845,58.08806860664441,,,
1762121700,202.349,202.3915,202.3145,202.3555,47.03853800437943,57.58155898892976,,,
1762122600,202.3555,202.3835,202.294,202.354,46.937371319103036,57.065707201368035,,,
1762123500,202.354,202.485,202.3525,202.468,54.87979492187824,56.800399307652356,,,
1762124400,202.468,202.55,202.3645,202.507,57.237923649044305,56.764908196049916,,,
1762125300,202.507,202.581,202.5065,202.5335,58.813073159839114,56.64918314317905,,,
1762126200,202.5335,202.6305,202.5085,202.588,61.91976336542637,56.795600316726556,,,
1762127100,202.588,202.623,202.506,202.5335,57.267825193918135,56.488894451697554,,,
1762128000,202.5335,202.557,202.4895,202.506,55.021572956384965,55.79319248659372,,,
1762128900,202.506,202.5175,202.4345,202.464,51.68707058339636,55.471595099494664,,,
1762129800,202.464,202.513,202.4585,202.4695,52.09648533819874,54.870450408982265,,,
1762130700,202.4695,202.552,202.4675,202.5155,55.49354335300318,54.68080183128286,,,
1762131600,202.5155,202.517,202.4245,202.433,48.808396857451314,53.86878225404358,,,
1762132500,202.433,202.4665,202.405,202.423,48.0527524433259,52.98780785037339,,,
1762133400,202.423,202.438,202.4065,202.4075,46.84221904711251,53.00688072803297,,,
1762134300,202.4075,202.46,202.4075,202.4315,48.98520289157625,53.145928219975595,,,
1762135200,202.4315,202.473,202.395,202.4625,51.69406962797769,53.485692384895216,,,
1762136100,202.4625,202.474,202.434,202.4445,50.03279387602368,53.139478024477036,,,
1762137000,202.4445,202.4735,202.418,202.4655,51.972012891469994,52.763341541793146,,,
1762137900,202.4655,202.473,202.428,202.4445,49.88697640040902,52.125763201833855,,,
1762138800,202.4445,202.4585,202.406,202.408,46.40245352335515,51.017383927400196,,,
1762139700,202.408,202.42,202.3815,202.409,46.512683259535336,50.24915950351571,,,
1762140600,202.409,202.4595,202.4005,202.4325,49.15887642760768,49.8303954657459,,,
1762141500,202.4325,202.4395,202.4135,202.4315,49.047676119962,49.64186728978631,,,
1762142400,202.4315,202.4605,202.412,202.4285,48.69182687560827,49.398677399601276,,,
1762143300,202.4285,202.4695,202.421,202.4635,52.978094736092366,49.21900249839336,,,
1762144200,202.4635,202.488,202.443,202.463,52.91009332461826,49.51198081747672,,,
1762145100,202.463,202.4805,202.4355,202.4725,54.115208725078084,49.94501340903044,,,
1762146000,202.4725,202.546,202.4705,202.5115,58.77905701116103,50.79764469217677,,,
1762146900,202.5115,202.5685,202.508,202.557,63.44704394091948,51.83063333855843,,,
1762147800,202.557,202.585,202.519,202.547,61.79085752681464,52.551832474189645,,,
1762148700,202.547,202.5845,202.5155,202.5555,62.68254657693833,53.45538623854069,,,
1762149600,202.5555,202.6465,202.5505,202.6375,69.96467168943565,54.74057615268109,,,
1762150500,202.6375,202.734,202.6225,202.73,75.72039938323545,56.58582065145441,,,
1762151400,202.73,202.7655,202.685,202.69,69.51657934171612,58.23682963848019,,,
1762152300,202.69,202.732,202.658,202.706,70.55576061095876,59.954192306439005,,,
1762153200,202.706,202.765,202.6685,202.7475,73.11575090694151,61.665397626391425,,,
1762154100,202.7475,202.7905,202.6945,202.6995,65.97127047759977,62.87422579479412,,,
1762155000,202.6995,202.7285,202.5945,202.602,54.35322470188822,63.27861135381411,,,
1762155900,202.602,202.625,202.4725,202.473,43.4503445524994,62.598057769271755,,,
1762156800,202.473,202.518,202.4045,202.484,44.473181417102516,61.9954212044492,,,
1762157700,202.484,202.4935,202.394,202.394,38.35973008280212,60.87002987285806,,,
1762158600,202.394,202.414,202.205,202.205,29.262588089611185,58.76171066417593,,,
1762159500,202.205,202.257,202.111,202.246,32.97594639836505,56.58520369685061,,,
1762160400,202.246,202.275,202.207,202.246,32.97594639836505,54.52699575910422,,,
1762161300,202.246,202.4055,202.2285,202.404,45.71269484781113,53.314863492737985,,,
1762162200,202.404,202.4505,202.3395,202.3415,42.28923437742109,51.3380465418798,,,
1762163100,202.3415,202.3865,202.31,202.3475,42.73263025011178,48.98177731808524,,,
1762164000,202.3475,202.4295,202.266,202.4185,47.839645196250665,47.43342487912343,,,
1762164900,202.4185,202.528,202.3945,202.4505,50.00372777638437,45.96542253379668,,,
1762165800,202.4505,202.458,202.3765,202.451,50.03860745995433,44.31705514472617,,,
1762166700,202.451,202.453,202.372,202.4255,48.1920403922769,43.04711013863168,,,
1762167600,202.4255,202.525,202.4035,202.5105,54.252316452685434,43.039902406545764,,,
1762168500,202.5105,202.539,202.424,202.4415,49.219112319906884,43.451957247074866,,,
1762169400,202.4415,202.4415,202.3005,202.3025,40.97260216804112,43.20191587214191,,,
1762170300,202.3025,202.4125,202.2995,202.3665,45.50032843978093,43.71195861192611,,,
1762171200,202.3665,202.546,202.358,202.5035,53.68936063488329,45.45672807944554,,,
1762172100,202.5035,202.521,202.465,202.4875,52.693542144714826,46.86512777561338,,,
1762173000,202.4875,202.572,202.4615,202.5715,57.18354528326265,48.5942419816775,,,
1762173900,202.5715,202.6685,202.5605,202.6035,58.788276733979046,49.52821211640378,,,
1762174800,202.6035,202.6045,202.517,202.584,57.37704239738013,50.605912689258,,,
1762175700,202.584,202.622,202.454,202.4635,49.4735569296456,51.08740745208184,,,
1762176600,202.4635,202.5545,202.4625,202.482,50.59865059089541,51.28447926598504,,,
1762177500,202.482,202.517,202.4245,202.4785,50.37013068909718,51.310650902607385,,,
1762178400,202.4785,202.5,202.389,202.4155,46.315351174402714,51.04470402506798,,,
1762179300,202.4155,202.4515,202.371,202.378,44.04264664870539,50.74831875767001,,,
1762180200,202.378,202.3795,202.1765,202.2005,35.230388340550064,49.3896096068032,,,
1762181100,202.2005,202.2055,202.0505,202.095,31.23063336504559,48.10471825288454,,,
1762182000,202.095,202.3185,201.9615,202.271,42.881041248173496,48.241035330036844,,,
1762182900,202.271,202.3645,202.0865,202.097,36.3284351624396,47.585900095941035,,,
1762183800,202.097,202.407,202.05,202.3835,49.9028672727115,47.31543628435734,,,
1762184700,202.3835,202.6455,202.345,202.5835,56.82305820703185,47.61040171737998,,,
1762185600,202.5835,202.684,202.5165,202.543,55.16136842423842,47.465960513163964,,,
1762186500,202.543,202.6595,202.542,202.6345,58.139734513424685,47.41963606883865,,,
1762187400,202.6345,202.6855,202.6165,202.6285,57.86828990697083,47.45472517666655,,,
1762188300,202.6285,202.686,202.5435,202.651,58.64797795029263,48.110040963855624,,,
1762189200,202.651,202.657,202.5975,202.6375,57.9549697015047,48.63549232889914,,,
1762190100,202.6375,202.805,202.6335,202.6855,59.774979744572626,49.3072672614331,,,
1762191000,202.6855,202.698,202.588,202.598,55.0932235103912,49.93425814257513,,,
1762191900,202.598,202.657,202.5865,202.6385,56.780554205279415,50.84410868233043,,,
1762192800,202.6385,202.6775,202.583,202.601,54.72998431068916,52.23693696591179,,,
1762193700,202.601,202.6125,202.534,202.5905,54.140409123084346,53.87334952005741,,,
1762194600,202.5905,202.639,202.576,202.584,53.75436552452468,54.65001553979679,,,
1762195500,202.584,202.5955,202.536,202.5535,51.88486048007481,55.76118877677073,,,
1762196400,202.5535,202.624,202.522,202.622,55.61816622984363,56.16942441656589,,,
1762197300,202.622,202.6625,202.583,202.65,57.083994995803884,56.18806275862103,,,
1762198200,202.65,202.6985,202.58,202.611,54.38945896355913,56.13292636857251,,,
1762199100,202.611,202.6245,202.553,202.5705,51.66225216680685,55.670249058099806,,,
1762200000,202.5705,202.6395,202.5705,202.6075,53.934773291322465,55.38928358555349,,,
1762200900,202.6075,202.6385,202.6045,202.6205,54.73989836819709,55.11013504397524,,,
1762201800,202.6205,202.6225,202.582,202.5915,52.534075847060315,54.722928340086355,,,
1762202700,202.5915,202.61,202.557,202.5985,53.02612410804577,54.24086722319158,,,
1762203600,202.5985,202.6015,202.5525,202.5615,50.07148398786729,53.882171543011296,,,
1762204500,202.5615,202.608,202.547,202.567,50.51290430874882,53.43448226468769,,,
1762205400,202.567,202.623,202.567,202.6085,53.82982633848049,53.37018526667278,,,
1762206300,202.6085,202.6575,202.582,202.647,56.72751954601167,53.55497886831045,,,
1762207200,202.647,202.7395,202.647,202.717,61.463259698465635,54.10561416644909,,,
1762208100,202.717,202.775,202.62,202.7045,60.19635791775631,54.699292554854914,,,
1762209000,202.7045,202.7045,202.6545,202.67,56.72126040595741,54.778084996005894,,,
1762209900,202.67,202.6715,202.5745,202.6185,51.90430143261127,54.40810688434929,,,
1762210800,202.6185,202.6185,202.565,202.5845,48.94883644538145,54.01949099019373,,,
1762211700,202.5845,202.5855,202.5415,202.556,46.55581270539926,53.65474531437891,,,
1762212600,202.556,202.623,202.548,202.5485,45.91959786220035,53.08223278372733,,,
1762213500,202.5485,202.5715,202.531,202.5495,46.025509055155474,52.45977640422435,,,
1762214400,202.5495,202.6275,202.522,202.5375,44.889421288317315,51.91372965002843,,,
1762215300,202.5375,202.547,202.429,202.4525,37.776370976353846,50.824461569193296,,,
1762216200,202.4525,202.481,202.3745,202.4655,39.35902916639204,50.0592862248022,,,
1762217100,202.4655,202.591,202.4535,202.565,49.8690212432067,50.01329457726348,,,
1762218000,202.565,202.6275,202.508,202.6065,53.48973936489172,49.98900265057857,,,
1762218900,202.6065,202.6795,202.577,202.6575,57.54760353788504,50.047580078569524,,,
1762219800,202.6575,202.6585,202.523,202.5455,47.70433921888102,49.06480004431348,,,
1762220700,202.5455,202.581,202.5085,202.554,48.42533693685956,48.22401283139228,,,
1762221600,202.554,202.5675,202.478,202.481,42.94877913128032,47.240264168915346,,,
1762222500,202.481,202.486,202.414,202.4245,39.24901484120979,46.33631512667238,,,
1762223400,202.4245,202.454,202.33,202.339,34.41728940686191,45.29834748106384,,,
1762224300,202.339,202.3615,202.2385,202.2395,29.81705572640068,44.10272198256395,,,
1762225200,202.2395,202.3325,202.2215,202.313,36.562326929028664,43.434345487337396,,,
1762226100,202.313,202.421,202.295,202.415,44.52987179828855,43.32751425470405,,,
1762227000,202.415,202.421,202.2735,202.3165,39.38547873151014,42.9343755006464,,,
1762227900,202.3165,202.3245,202.2755,202.2805,37.67247689608076,42.9269544949126,,,
1762228800,202.2805,202.2835,202.2345,202.253,36.371129162004266,42.71353306602776,,,
1762229700,202.253,202.287,202.133,202.145,31.734740068845824,41.41822726785913,,,
1762230600,202.145,202.1825,201.9905,202.028,27.62617112874021,39.570829536705446,,,
1762231500,202.028,202.1995,202.026,202.1875,39.18526880654974,38.25923419875293,,,
1762232400,202.1875,202.204,201.9375,201.9385,30.890705071202248,37.05826033106159,,,
1762233300,201.9385,201.9715,201.851,201.851,28.599702272822853,35.642143569344675,,,
1762234200,201.851,201.851,201.7275,201.768,26.585524693545736,34.47333968093507,,,
1762235100,201.768,201.809,201.689,201.718,25.423927684412007,33.48583345544951,,,
1762236000,201.718,201.7755,201.5165,201.5815,22.529816367290948,32.6367282383373,,,
1762236900,201.5815,201.674,201.4515,201.5415,21.748522581401303,32.06040444226591,,,
1762237800,201.5415,201.61,201.4445,201.5765,24.224674383194596,31.179143546134913,,,
1762238700,201.5765,201.669,201.525,201.6185,27.20162963621989,29.941411963130005,,,
1762239600,201.6185,201.6185,201.4085,201.5085,24.488138841769157,28.877316256719933,,,
1762240500,201.5085,201.6045,201.419,201.546,27.155924486133955,28.126133941723733,,,
1762241400,201.546,201.546,201.297,201.3595,22.835064018645795,27.159272145769556,,,
1762242300,201.3595,201.569,201.324,201.517,32.589842210809834,27.220350870195563,,,
1762243200,201.517,201.5415,201.107,201.1875,25.365473326523755,27.058872455751523,,,
1762244100,201.1875,201.2825,200.993,201.276,29.862646052722667,26.392970830478163,,,
1762245000,201.276,201.474,201.2055,201.335,32.77101670119137,26.527278804048816,,,
1762245900,201.335,201.3755,201.111,201.1575,28.88973658936655,26.54799554094479,,,
1762246800,201.1575,201.246,201.0465,201.063,27.052715780358767,26.581366332860007,,,
1762247700,201.063,201.143,200.7545,200.7545,22.1099847310295,26.344656121904116,,,
1762248600,200.7545,200.836,200.598,200.601,20.13838543916131,26.17383962703771,,,
1762249500,200.601,200.6355,200.389,200.495,18.8859611769809,25.969370955293392,,,
1762250400,200.495,200.495,200.3205,200.475,18.650282092578166,25.571200077392223,,,
1762251300,200.475,200.6095,200.459,200.588,24.391274817252665,25.37046044746599,,,
1762252200,200.588,200.7995,200.5715,200.752,31.902522110105195,25.900059252347138,,,
1762253100,200.752,200.8375,200.7435,200.765,32.47517021866604,26.280005376099428,,,
1762254000,200.765,200.7985,200.531,200.538,28.040954790232533,26.65185471692705,,,
1762254900,200.538,200.647,200.522,200.608,31.16234652843717,26.549890739614714,,,
1762255800,200.608,200.6205,200.5085,200.584,30.671110434903042,26.928864818784664,,,
1762256700,200.584,200.6675,200.4835,200.5435,29.816926391231505,26.925599128678154,,,
1762257600,200.5435,200.6255,200.476,200.544,29.842903644315328,26.716448196044148,,,
1762258500,200.544,200.5925,200.4075,200.5005,28.84267271541023,26.713086490761555,,,
1762259400,200.5005,200.613,200.4825,200.5495,31.62278365027983,27.03951991004163,,,
1762260300,200.5495,200.668,200.493,200.6145,35.23745144313595,27.97719610376352,,,
1762261200,200.6145,200.618,200.4755,200.4935,31.86091167874612,28.814519406591007,,,
1762262100,200.4935,200.533,200.3595,200.373,28.89178881127539,29.529221380469185,,,
1762263000,200.373,200.4305,200.3375,200.4015,30.540498276137683,30.378522536437725,,,
1762263900,200.4015,200.408,200.2545,200.29,27.822579577278916,30.623615733582458,,,
1762264800,200.29,200.423,200.2505,200.29,27.822579577278916,30.33219126695201,,,
1762265700,200.29,200.4025,200.146,200.1725,25.093286043135848,29.804913825842707,,,
1762266600,200.1725,200.225,200.052,200.101,23.577612934260713,29.486103693273293,,,
1762267500,200.101,200.26,200.0105,200.2595,33.20870976546132,29.632272495917874,,,
1762268400,200.2595,200.376,200.247,200.314,36.186667271698525,30.02624084140327,,,
1762269300,200.314,200.342,200.216,200.2325,33.76241424095535,30.308061402097827,,,
1762270200,200.2325,200.3395,200.1255,200.3285,38.95052898739238,30.958606069460476,,,
1762271100,200.3285,200.3285,200.0635,200.108,32.628893277086604,31.229050395294504,,,
1762272000,200.108,200.19,200.044,200.0525,31.2539338993259,31.20270398451208,,,
1762272900,200.0525,200.174,200.0325,200.167,37.13918154423079,31.338541848875998,,,
1762273800,200.167,200.315,200.136,200.2615,41.58405406380739,32.033052019237516,,,
1762274700,200.2615,200.3405,200.217,200.2795,42.41923787437071,32.99929838088718,,,
1762275600,200.2795,200.317,200.15,200.1955,39.57562849232131,33.644664824900296,,,
1762276500,200.1955,200.2005,200.1185,200.148,38.023395257049934,34.373294516312505,,,
1762277400,200.148,200.168,200.057,200.092,36.21973978354777,34.97309167390314,,,
1762278300,200.092,200.18,200.077,200.1125,37.39056744694212,35.85146891703216,,,
1762279200,200.1125,200.1125,199.978,200.034,34.759225672718,36.650155541207674,,,
1762280100,200.034,200.067,199.972,200.0475,35.59860691785728,36.82086248066453,,,
1762281000,200.0475,200.098,199.947,200.04,35.32667816282367,36.759434687173474,,,
1762281900,200.04,200.055,199.9575,199.9895,33.472606721851236,36.73873415009461,,,
1762282800,199.9895,200.083,199.9885,200.0255,36.04931167264513,36.531504341898376,,,
1762283700,200.0255,200.091,200.018,200.021,35.862330709520506,36.76246415850079,,,
1762284600,200.021,200.0275,199.899,199.9255,32.06164656371345,36.820157920242764,,,
1762285500,199.9255,199.9555,199.879,199.952,34.14721572125329,36.60644607574437,,,
1762286400,199.952,200.0515,199.9225,200.047,41.12478991570228,36.573641493736865,,,
1762287300,200.047,200.087,200.0275,200.072,42.84117488048072,36.60377985131614,,,
1762288200,200.072,200.153,200.0395,200.125,46.40816112897112,37.091817896791135,,,
1762289100,200.125,200.144,199.9915,200.0075,40.39030314316172,37.260882745799115,,,
1762290000,200.0075,200.0715,199.9985,200.039,42.54140009203172,37.71242991069083,,,
1762290900,200.039,200.059,199.964,199.9725,39.31583129847042,37.84994875722856,,,
1762291800,199.9725,200.095,199.9725,200.095,47.250233287991115,38.742163586890925,,,
1762292700,200.095,200.1015,200.065,200.098,47.43150672600118,39.58737071604406,,,
1762293600,200.098,200.1845,200.098,200.1205,48.85120158865769,40.55340810360364,,,
1762294500,200.1205,200.2,200.096,200.1285,49.37471655448421,41.68927309164884,,,
1762295400,200.1285,200.1365,200.086,200.1105,48.17983145978512,42.555738790730274,,,
1762296300,200.1105,200.191,200.109,200.1695,52.25818303504062,43.726871099696,,,
1762297200,200.1695,200.173,200.059,200.105,47.826704186928126,44.85294664421133,,,
1762298100,200.105,200.1325,200.0925,200.1055,47.8636130170381,45.83268930819596,,,
1762299000,200.1055,200.1125,200.0685,200.0805,46.10728260132839,46.18858164288354,,,
1762299900,200.0805,200.0815,199.925,199.945,37.97391983839734,45.84092056844901,,,
1762300800,199.945,200.1845,199.88,199.993,41.88482083829703,45.517824833400866,,,
1762301700,199.993,200.071,199.8865,199.8955,36.80799043686814,45.2619453543799,,,
1762302600,199.8955,199.896,199.642,199.6435,27.522505833015728,44.18916719302161,,,
1762303500,199.6435,199.751,199.485,199.503,23.902087426455083,43.08818548787765,,,
1762304400,199.503,199.5445,199.282,199.3085,19.983192430150055,41.14053971231758,,,
1762305300,199.3085,199.3085,199.0715,199.217,18.450607214536703,39.07047546149869,,,
1762306200,199.217,199.415,199.19,199.251,20.878864926156794,37.072451414177195,,,
1762307100,199.251,199.4855,199.216,199.356,28.008246542280233,35.546274984734055,,,
1762308000,199.356,199.4235,199.2655,199.4035,31.035667972888547,34.321691878527155,,,
1762308900,199.4035,199.416,199.3185,199.391,30.670151347706295,32.77968961514613,,,
1762309800,199.391,199.535,199.3655,199.526,39.022761799986874,32.15083658750748,,,
1762310700,199.526,199.6105,199.5075,199.5535,40.59285088845902,31.631496435466115,,,
1762311600,199.5535,199.6735,199.5535,199.651,45.91057180139907,31.617445664042595,,,
1762312500,199.651,199.651,199.564,199.6495,45.84258458644969,32.17949314604634,,,
1762313400,199.6495,199.787,199.6175,199.787,52.74995710996991,32.955574308308684,,,
1762314300,199.787,199.916,199.7665,199.876,56.60775164889567,34.36984296631065,,,
1762315200,199.876,199.916,199.808,199.8275,54.01940125201029,36.26247835338169,,,
1762316100,199.8275,199.8705,199.759,199.8505,55.068623915682764,38.488659531183664,,,
1762317000,199.8505,199.9245,199.812,199.881,56.48661214322018,41.09604665354582,,,
1762317900,199.881,199.939,199.868,199.9255,58.54237123168201,43.9597440833419,,,
1762318800,199.9255,200.017,199.9015,200.0095,62.17508546086303,46.90947412153521,,,
1762319700,200.0095,200.07,199.968,200.036,63.26857791549208,49.42806921962177,,,
1762320600,200.036,200.083,200.0235,200.0345,63.157278902226196,51.722470000288745,,,
1762321500,200.0345,200.037,199.8455,199.9155,54.90530352290099,53.45355229851693,,,
1762322400,199.9155,199.9935,199.8325,199.9625,57.27944698788771,54.75760124050986,,,
1762323300,199.9625,200.1975,199.9625,200.1555,65.34737122754089,56.52578126473004,,,
1762324200,200.1555,200.278,200.101,200.2615,68.82919079714222,58.162825478711696,,,
1762325100,200.2615,200.284,200.1975,200.2015,64.85676815966923,59.52098144822738,,,
1762326000,200.2015,200.208,199.9555,200.0115,54.19090059365381,59.623905982776236,,,
1762326900,200.0115,200.1235,199.9715,199.9735,52.337090930642134,59.318858788615266,,,
1762327800,199.9735,200.0055,199.8745,199.977,52.49827321315398,59.210206785839816,,,
1762328700,199.977,200.138,199.9685,200.0465,55.70177192943942,59.25543164396528,,,
1762329600,200.0465,200.4405,199.9965,200.388,67.35255156985237,60.03157017443901,,,
1762330500,200.388,200.408,200.1695,200.2215,59.18009692993163,60.077122010028276,,,
1762331400,200.2215,200.344,200.2145,200.2285,59.40312501499334,59.879124835323296,,,
1762332300,200.2285,200.301,200.1745,200.2435,59.908619589637006,59.63912781204793,,,
1762333200,200.2435,200.382,200.2285,200.3375,63.01642660876456,59.62906693394353,,,
1762334100,200.3375,200.3545,200.1995,200.2165,56.90178351951052,59.77167264798707,,,
1762335000,200.2165,200.3105,200.1395,200.2805,59.159097431403495,59.90593339395248,,,
1762335900,200.2805,200.4115,200.2595,200.402,63.1093918236732,59.74607772224765,,,
1762336800,200.402,200.467,200.31,200.329,59.39236241783819,59.07201855229736,,,
1762337700,200.329,200.373,200.285,200.3185,58.85540545281295,58.643349787521906,,,
1762338600,200.3185,200.3425,200.243,200.243,55.00461120025897,58.70147197370799,,,
1762339500,200.243,200.255,200.0905,200.103,48.64840040729406,58.43799407918313,,,
1762340400,200.103,200.1265,199.9885,200.0155,45.13762837861369,57.91223373385883,,,
1762341300,200.0155,200.107,200.002,200.1025,49.07293516129093,57.43874539327679,,,
1762342200,200.1025,200.1795,200.092,200.1535,51.279182457744206,56.29064759955478,,,
1762343100,200.1535,200.247,200.1335,200.243,54.96625083020465,55.98965859243142,,,
1762344000,200.243,200.3285,200.204,200.3195,57.899045443200755,55.882224337303384,,,
1762344900,200.3195,200.4175,200.301,200.389,60.42088622576504,55.91881481131252,,,
1762345800,200.389,200.488,200.3655,200.4865,63.70540792309158,55.968027762335886,,,
1762346700,200.4865,200.5545,200.461,200.471,62.812991988696666,56.39025693870633,,,
1762347600,200.471,200.546,200.4375,200.485,63.31289468874693,56.68695674280228,,,
1762348500,200.485,200.62,200.477,200.6065,67.40777473367594,56.99398409351676,,,
1762349400,200.6065,200.7315,200.555,200.7075,70.36858084710772,57.77799969560744,,,
1762350300,200.7075,200.714,200.5585,200.5735,62.28427925938636,58.022919253219825,,,
1762351200,200.5735,200.6015,200.5175,200.5535,61.15498924249822,58.46223197052264,,,
1762352100,200.5535,200.6175,200.5345,200.5915,62.544558664417096,59.454814703174286,,,
1762353000,200.5915,200.6685,200.546,200.6015,62.920465619647125,60.72501736324811,,,
1762353900,200.6015,200.671,200.5235,200.641,64.43865315897477,61.822568648796945,,,
1762354800,200.641,200.9835,200.641,200.9085,72.61581139775669,63.34661357308356,,,
1762355700,200.9085,201.1705,200.9005,201.1355,77.37107754936164,64.94695833873763,,,
1762356600,201.1355,201.1885,201.085,201.171,78.01407157994004,66.38374591993329,,,
1762357500,201.171,201.2415,201.14,201.2355,79.17206306484658,67.7231156941534,,,
1762358400,201.2355,201.243,201.0565,201.0705,69.13982670057834,68.11128846397388,,,
1762359300,201.0705,201.1805,201.0235,201.131,70.61036422658317,68.66824362382292,,,
1762360200,201.131,201.193,201.116,201.154,71.17275480671898,69.22966220367807,,,
1762361100,201.154,201.1645,201.074,201.0995,67.85911444591109,69.26190075455202,,,
1762362000,201.0995,201.106,201.013,201.032,63.89152433512335,68.79925386083885,,,
1762362900,201.032,201.0715,200.9675,200.985,61.207999818142895,68.72237675789289,,,
1762363800,200.985,201.0045,200.93,200.9725,60.48043107357272,68.67419403154106,,,
1762364700,200.9725,200.977,200.872,200.9,56.30030598092065,68.22817598271989,,,
1762365600,200.9,200.9245,200.856,200.881,55.22310801697664,67.67836472538627,,,
1762366500,200.881,200.9555,200.8335,200.947,58.21393481997984,67.23374198688664,,,
1762367400,200.947,200.992,200.94,200.975,59.4513418658638,66.29342273460858,,,
1762368300,200.975,201.072,200.9235,201.0625,63.12614713718022,65.27592770516705,,,
1762369200,201.0625,201.063,200.971,201.0195,60.23702155599361,64.0061384177423,,,
1762370100,201.0195,201.06,201.0095,201.0545,61.770711682634875,62.763184747584326,,,
1762371000,201.0545,201.0845,201.023,201.03,60.025386314436545,62.11215329143135,,,
1762371900,201.03,201.0735,201.0095,201.0425,60.63649183211085,61.399733834683325,,,
1762372800,201.0425,201.0985,201.0425,201.0735,62.180617790583014,60.75743833353075,,,
1762373700,201.0735,201.148,201.072,201.1275,64.77290160918304,60.53699455947875,,,
1762374600,201.1275,201.13,201.0705,201.107,63.00725627361258,60.47383255508512,,,
1762375500,201.107,201.151,201.0725,201.138,64.57962982778648,60.71466327005966,,,
1762376400,201.138,201.1655,201.0945,201.1655,65.96179981527723,61.10618960875284,,,
1762377300,201.1655,201.1765,201.128,201.158,65.21437935680689,61.742909135601856,,,
1762378200,201.158,201.179,201.1205,201.1635,65.52290358665374,62.478608819150224,,,
1762379100,201.1635,201.178,201.1135,201.115,60.432807037226965,62.63709969181074,,,
1762380000,201.115,201.115,201.056,201.102,59.1073648767883,62.61252990687677,,,
1762380900,201.102,201.142,201.097,201.142,61.8779148199458,62.52337045564574,,,
1762381800,201.142,201.142,201.0415,201.1015,57.6211238397313,62.33652061876986,,,
1762382700,201.1015,201.1065,201.0555,201.0565,53.23868234047451,61.72708995147269,,,
1762383600,201.0565,201.0675,200.9635,201.001,48.35404458197702,60.89342268486844,,,
1762384500,201.001,201.0125,200.9655,201.0105,49.21300448490842,60.07745930292541,,,
1762385400,201.0105,201.1065,200.9975,201.1005,56.58057397291161,59.677456173091734,,,
1762386300,201.1005,201.127,201.06,201.124,58.282346951149684,59.213845126089346,,,
1762387200,201.124,201.175,200.9195,200.94,43.805328425411865,57.84227885121787,,,
1762388100,200.94,200.9585,200.831,200.8835,40.48025920212298,56.12089523509905,,,
1762389000,200.8835,201.023,200.8485,201.011,49.74979540650957,54.96289492018707,,,
1762389900,201.011,201.041,200.9295,200.9755,47.53022124086061,53.69974076904805,,,
1762390800,200.9755,201.0055,200.867,200.937,45.176227087572165,52.24640673339936,,,
1762391700,200.937,201.057,200.9325,200.9895,48.893264577594614,51.42215370056848,,,
1762392600,200.9895,201.095,200.9835,201.0935,55.35123681634433,51.153858839108196,,,
1762393500,201.0935,201.102,201.001,201.0075,49.752584768251694,50.28776383541577,,,
1762394400,201.0075,201.0075,200.899,200.935,45.5681060384841,49.42683399246953,,,
1762395300,200.935,201.029,200.934,201.013,50.401331083265795,49.224166045526054,,,
1762396200,201.013,201.113,201.012,201.0985,55.10697084768702,49.70651792164819,,,
1762397100,201.0985,201.102,201.028,201.052,52.2060175178912,49.920304566861255,,,
1762398000,201.052,201.126,200.9985,201.018,50.12811015365119,49.45941429405694,,,
1762398900,201.018,201.0755,201.003,201.051,52.120062297317126,49.01925110449747,,,
1762399800,201.051,201.067,200.968,201.0265,50.50714275750618,49.4979521282185,,,
1762400700,201.0265,201.0545,201,201.008,49.26732713082907,50.1255998374118,,,
1762401600,201.008,201.0605,200.997,201.044,51.7494432223227,50.268431824255586,,,
1762402500,201.044,201.1205,201.042,201.113,56.17518166638901,50.88592899750761,,,
1762403400,201.113,201.1405,201.0915,201.133,57.39503936544888,51.758701303070225,,,
1762404300,201.133,201.17,201.079,201.102,54.84670747014825,52.18394722396692,,,
1762405200,201.102,201.16,201.012,201.014,48.2918781229658,51.67970731729702,,,
1762406100,201.014,201.021,200.9765,200.9905,46.68723358370721,51.46075366125813,,,
1762407000,200.9905,201.0145,200.932,200.934,42.98874108173605,51.2765133072047,,,
1762407900,200.934,200.989,200.8925,200.981,46.76659321807662,51.0168891739769,,,
1762408800,200.981,201.0375,200.948,201.0235,49.993500832517896,50.65164131575053,,,
1762409700,201.0235,201.067,200.983,200.9855,47.23636542935702,50.29666616656953,,,
1762410600,200.9855,201.0955,200.976,201.0415,51.48284451680355,50.3934329067947,,,
1762411500,201.0415,201.0725,201.012,201.015,49.45449592132855,50.2030353085098,,,
1762412400,201.015,201.0685,200.957,201.0635,53.09669791895029,50.38800353432723,,,
1762413300,201.0635,201.198,201.05,201.133,57.79044825699827,50.99679790048218,,,
1762414200,201.133,201.133,200.905,200.963,45.73432585440157,50.567146659916375,,,
1762415100,200.963,201.0295,200.9235,200.997,48.06779995952884,49.988047966569226,,,
1762416000,200.997,200.999,200.7795,200.8475,39.93595925293234,48.74097081567519,,,
1762416900,200.8475,200.879,200.7815,200.843,39.71814834985715,47.66035944994011,,,
1762417800,200.843,200.8815,200.804,200.8815,42.60245677155327,47.2539722105535,,,
1762418700,200.8815,200.9625,200.831,200.9315,46.20252681166729,47.21935029826493,,,
1762419600,200.9315,201.071,200.918,201.041,53.13509549479522,47.94408989919772,,,
1762420500,201.041,201.1365,201.036,201.1235,57.571346079589375,48.71585796073435,,,
1762421400,201.1235,201.1495,200.9975,201.141,58.46940588822623,49.3212797504278,,,
1762422300,201.141,201.152,201.034,201.0715,53.61574129983391,49.77694945546187,,,
1762423200,201.0715,201.183,201.042,201.182,59.38813763988351,50.34161324996758,,,
1762424100,201.182,201.1995,201.1095,201.1205,55.26583581987314,50.756708957006474,,,
1762425000,201.1205,201.2055,201.096,201.202,59.297871588534946,51.19964993340538,,,
1762425900,201.202,201.2105,201.0705,201.0835,51.96400375272297,50.78347532595715,,,
1762426800,201.0835,201.1255,201.0325,201.0675,51.04600508886979,51.16288098556202,,,
1762427700,201.0675,201.1935,201.0675,201.1535,55.58758523429382,51.70000850518809,,,
1762428600,201.1535,201.1955,201.0875,201.0905,51.79664240970532,52.5472001592433,,,
1762429500,201.0905,201.2035,201.0905,201.162,55.50538786442757,53.67486012456976,,,
1762430400,201.162,201.226,200.655,200.813,39.52137418522992,53.45478279697523,,,
1762431300,200.813,201.0015,200.809,200.975,47.131961445006034,53.52117098507085,,,
1762432200,200.975,201.131,200.9275,201.022,49.13195603041244,53.235232451900664,,,
1762433100,201.022,201.288,201.022,201.2275,56.82302168968409,53.18178070976456,,,
1762434000,201.2275,201.2565,201.1025,201.1545,53.71602314029823,52.84225337062685,,,
1762434900,201.1545,201.185,201.102,201.1375,52.98938803702475,52.79751385185477,,,
1762435800,201.1375,201.3415,201.0585,201.2645,57.60344137957181,52.67003554754678,,,
1762436700,201.2645,201.3835,201.197,201.215,55.32421164622314,52.67420524942893,,,
1762437600,201.215,201.245,201.05,201.161,52.86670252292856,52.21483603045704,,,
1762438500,201.161,201.162,200.955,200.998,46.196117688742376,51.80284416874414,,,
1762439400,200.998,201.0865,200.888,200.888,42.31574495758374,51.179254159366565,,,
1762440300,200.888,200.9875,200.705,200.7185,37.1389675446695,49.86149575296482,,,
1762441200,200.7185,200.7865,200.5215,200.6585,35.48412079521515,48.6963156376441,,,
1762442100,200.6585,201.0145,200.6255,200.878,45.118465076965634,47.95439258139682,,,
1762443000,200.878,200.88,200.5265,200.545,36.2695160297152,47.72211699886005,,,
1762443900,200.545,200.6755,200.405,200.522,35.74801213002718,46.90897776207585,,,
1762444800,200.522,200.6735,200.5185,200.6365,40.346490349988784,46.281444499188446,,,
1762445700,200.6365,200.7005,200.5385,200.668,41.58511813628558,45.19302281680284,,,
1762446600,200.668,200.668,200.543,200.6035,39.76443857178466,44.19648106190901,,,
1762447500,200.6035,200.696,200.4745,200.487,36.64377679680023,43.02893740189297,,,
1762448400,200.487,200.676,200.4845,200.5035,37.3931811057977,41.58534738233767,,,
1762449300,200.5035,200.5425,200.3045,200.388,34.33187244964432,40.08589458258204,,,
1762450200,200.388,200.66,200.376,200.6585,45.57062314165627,39.5647460553483,,,
1762451100,200.6585,200.8705,200.654,200.7925,50.1244192563958,39.845339024466405,,,
1762452000,200.7925,200.875,200.7535,200.857,52.19756502218549,40.551183314795104,,,
1762452900,200.857,201.0345,200.8045,200.995,56.37562918208024,41.92523057461017,,,
1762453800,200.995,201.158,200.9905,201.1475,60.4857472662366,43.71106103682598,,,
1762454700,201.1475,201.176,201.0605,201.106,58.86052708598077,44.69263689461278,,,
1762455600,201.106,201.182,201.0565,201.1685,60.57847192244615,46.4289908869507,,,
1762456500,201.1685,201.193,201.1385,201.182,60.95772061370262,48.22968435007038,,,
1762457400,201.182,201.2065,201.0675,201.099,57.30740523334804,49.44117827031032,,,
1762458300,201.099,201.1455,201.0115,201.112,57.73431834183383,50.59469257070662,,,
1762459200,201.112,201.185,201.0835,201.184,60.11328852163874,52.04818185283906,,,
1762460100,201.184,201.185,201.0825,201.0975,56.032803682839365,53.433112344699,,,
1762461000,201.0975,201.164,201.0955,201.108,56.41951882508443,54.79213646750519,,,
1762461900,201.108,201.108,200.955,201.023,52.40142724427109,56.08281895283567,,,
1762462800,201.023,201.08,200.9875,201.012,51.88643260523997,56.53394820023451,,,
1762463700,201.012,201.0485,200.9935,201.033,52.83934013402194,56.72787112006495,,,
1762464600,201.033,201.12,201.0015,201.077,54.85674976016436,56.91781288706344,,,
1762465500,201.077,201.1245,201.047,201.0815,55.068444559832955,56.824442556902916,,,
1762466400,201.0815,201.1065,200.9565,200.974,49.14009271814744,56.01403866061083,,,
1762467300,200.974,201.029,200.9525,200.971,48.981617354857306,55.308402251244864,,,
1762468200,200.971,201.0835,200.971,201.0635,53.91649561188092,54.832546800490206,,,
1762469100,201.0635,201.0675,200.959,201.011,50.90676575572386,54.11462145349172,,,
1762470000,201.011,201.0635,200.9525,200.9655,48.38583522262567,53.47736645272584,,,
1762470900,200.9655,200.968,200.866,200.8665,43.355073160991104,52.45027751123707,,,
1762471800,200.8665,200.9785,200.829,200.89,44.82163938673069,51.358016858743646,,,
1762472700,200.89,201.0175,200.89,200.9845,50.38459770241982,50.95457357442796,,,
1762473600,200.9845,201.131,200.85,200.9035,46.0948901036264,50.21710009432381,,,
1762474500,200.9035,201.0415,200.8995,201.0035,51.57624614682352,50.158158587363275,,,
1762475400,201.0035,201.2475,201.003,201.2465,61.753687401264685,50.86296250136504,,,
1762476300,201.2465,201.255,201.122,201.1305,55.731962812826104,51.06957840699391,,,
1762477200,201.1305,201.24,201.057,201.2295,59.373073263933414,51.39217294297741,,,
1762478100,201.2295,201.2435,201.097,201.097,53.08029690360012,51.25016239610363,,,
1762479000,201.097,201.145,200.9235,201.023,49.89940672537627,51.3043991109057,,,
1762479900,201.023,201.0705,200.9645,200.9895,48.4829537117262,51.26878027925347,,,
1762480800,200.9895,201.0195,200.9115,200.938,46.30675645744735,50.72522748250822,,,
1762481700,200.938,200.9405,200.809,200.834,42.188494145533674,50.102493796066064,,,
1762482600,200.834,200.955,200.819,200.9215,46.4995759590347,49.967760991523846,,,
1762483500,200.9215,200.994,200.9065,200.9565,48.164683962645476,50.31130462021344,,,
1762484400,200.9565,200.9915,200.8645,200.876,44.71742071579201,50.30386042943211,,,
1762485300,200.876,200.888,200.801,200.859,44.001198213363054,49.847903323070916,,,
1762486200,200.859,200.859,200.765,200.775,40.54555047388772,49.451521920946725,,,
1762487100,200.775,200.843,200.7205,200.7975,41.86261890940517,48.75769140398828,,,
1762488000,200.7975,200.8085,200.7105,200.7815,41.16427935100394,47.28701940039822,,,
1762488900,200.7815,200.9175,200.7815,200.846,45.13747931395473,46.530270579050274,,,
1762489800,200.846,200.8715,200.7765,200.8675,46.43596176784891,45.606191186472806,,,
1762490700,200.8675,200.8675,200.8085,200.841,45.021559450471564,45.03056708267791,,,
1762491600,200.841,201.01,200.84,200.958,51.976549968627374,45.17893445719585,,,
1762492500,200.958,201.01,200.954,200.9595,52.060281625355834,45.434457879597964,,,
1762493400,200.9595,201.114,200.958,201.088,58.70307303188707,46.31990906348652,,,
1762494300,201.088,201.204,201.0675,201.188,62.999826649190155,47.80643281374769,,,
1762495200,201.188,201.3075,201.188,201.2425,65.12926468271947,49.13712486543945,,,
1762496100,201.2425,201.334,201.2285,201.316,67.81915294216398,50.54101550683364,,,
1762497000,201.316,201.364,201.2735,201.322,68.03591536693598,52.20662226762964,,,
1762497900,201.322,201.3595,201.279,201.308,66.90352286667505,53.84250260000907,,,
1762498800,201.308,201.355,201.2615,201.277,64.3495142020232,55.54278572344731,,,
1762499700,201.277,201.332,201.2375,201.274,64.09451519403031,57.13077831520625,,,
1762500600,201.274,201.34,201.2495,201.312,65.93587026321617,58.90017766607855,,,
1762501500,201.312,201.3785,201.2415,201.3285,66.73362116997717,60.44275922722301,,,
1762502400,201.3285,201.388,201.2535,201.331,66.86025795598778,61.90163752637579,,,
1762503300,201.331,201.3385,201.1175,201.139,50.85019956091738,62.3179689628362,,,
1762504200,201.139,201.1725,200.971,200.972,41.53417924820613,61.57208533994897,,,
1762505100,200.972,201.1745,200.971,201.145,51.45592911055931,61.528917303177785,,,
1762506000,201.145,201.1815,201.0725,201.175,52.947116762182624,61.11777756962747,,,
1762506900,201.175,201.1775,201.027,201.039,46.04225444799495,59.906522412399234,,,
1762507800,201.039,201.107,200.98,200.997,44.128327993574075,58.40645550603171,,,
1762508700,200.997,201.069,200.983,201.042,46.68551107180559,56.89690965814897,,,
1762509600,201.042,201.135,200.99,200.991,44.21556388363034,55.19545598077,,,
1762510500,200.991,201.0205,200.849,200.9675,43.08444456978923,53.49409324527816,,,
1762511400,200.9675,201.048,200.9325,200.979,43.84156146110452,52.02923947806968,,,
1762512300,200.979,201.0435,200.9625,201.04,47.80759128184822,50.865887770056666,,,
1762513200,201.04,201.051,200.7975,200.7995,36.77918060607096,48.783267080260586,,,
1762514100,200.7995,200.9085,200.7415,200.797,36.6844462198186,46.636897440963544,,,
1762515000,200.797,200.8415,200.719,200.7685,35.55995433481402,44.401161468022565,,,
1762515900,200.7685,200.977,200.75,200.9185,45.09864011234121,43.99033579312426,,,
1762516800,200.9185,200.9905,200.8785,200.9575,47.28356623559283,44.40100629222331,,,
1762517700,200.9575,201.0045,200.921,200.957,47.25759961726646,44.101125614130964,,,
1762518600,200.957,201.047,200.8275,200.829,41.043549760645874,43.25087082830691,,,
1762519500,200.829,200.8465,200.6565,200.7945,39.53460183314439,42.78603849867473,,,
1762520400,200.7945,200.934,200.743,200.9175,47.01391728881739,42.99215201976353,,,
1762521300,200.9175,201.144,200.911,201.144,57.451249812202974,43.761133358363345,,,
1762522200,201.144,201.272,201.0935,201.2585,61.57218137979301,45.000891750946394,,,
1762523100,201.2585,201.4,201.2585,201.3725,65.18735880847804,46.57967133942417,,,
1762524000,201.3725,201.5385,201.337,201.521,69.24609181921394,48.3942806507177,,,
1762524900,201.521,201.6285,201.4325,201.5745,70.57701283819436,50.020667904742425,,,
1762525800,201.5745,201.5815,201.1405,201.368,59.81668992355574,51.66620428456276,,,
1762526700,201.368,201.615,201.3585,201.614,66.39058438227309,53.78807129616665,,,
1762527600,201.614,201.8025,201.497,201.652,67.28103481888202,56.05386275931437,,,
1762528500,201.652,201.703,201.484,201.537,61.93327648327605,57.256336785809715,,,
1762529400,201.537,201.63,201.3455,201.3645,54.88606724073641,57.799372571891396,,,
1762530300,201.3645,201.5045,201.2855,201.3985,55.94999842769721,58.420258201207886,,,
1762531200,201.3985,201.538,201.3855,201.469,58.1537097257848,59.64241248443209,,,
1762532100,201.469,201.6035,201.4245,201.5545,60.720200533034976,61.155669534424284,,,
1762533000,201.5545,201.595,201.4465,201.571,61.21457250997837,62.1700020502215,,,
1762533900,201.571,201.5995,201.455,201.47,56.5248602868335,62.10383136983796,,,
1762534800,201.47,201.513,201.4085,201.506,57.766829606877415,61.83202052891543,,,
1762535700,201.506,201.672,201.4995,201.6455,62.26532134824027,61.62330356746987,,,
1762536600,201.6455,201.6575,201.5275,201.583,59.22174009789401,60.90727844451845,,,
1762537500,201.583,201.6805,201.501,201.6385,61.042799273151076,60.2262631898725,,,
1762538400,201.6385,201.693,201.591,201.6315,60.67476083226618,60.2875539690661,,,
1762539300,201.6315,201.7375,201.6085,201.712,63.40712040817454,60.07444939948764,,,
1762540200,201.712,201.807,201.6815,201.7855,65.74724070605969,59.96489267714317,,,
1762541100,201.7855,201.822,201.647,201.807,66.42365201269556,60.28563378638743,,,
1762542000,201.807,201.8825,201.759,201.843,67.5781721582764,61.19221270906885,,,
1762542900,201.843,201.879,201.815,201.864,68.263701128883,62.0717629020107,,,
1762543800,201.864,202.083,201.863,202.034,73.20322565937724,63.14672832583873,,,
1762544700,202.034,202.0805,201.9655,202.054,73.72142451085251,64.07538718139713,,,
1762545600,202.054,202.098,201.882,201.9625,67.30845290281968,64.51066435231436,,,
1762546500,201.9625,201.9925,201.866,201.9305,65.1732052806997,65.12840328044767,,,
1762547400,201.9305,202.0005,201.905,201.94,65.522882944744,65.68240709029529,,,
1762548300,201.94,201.97,201.8735,201.9675,66.5692738776743,65.98983227096915,,,
1762549200,201.9675,202.016,201.9365,201.9645,66.33275581703975,66.49776196519385,,,
1762550100,201.9645,201.988,201.903,201.9325,63.73164402376264,66.68982230452323,,,
1762551000,201.9325,201.965,201.8835,201.8955,60.764638692933,66.69624215171372,,,
1762551900,201.8955,202.0095,201.8175,201.959,63.87313374752094,66.72952881880988,,,
1762725600,201.959,202.392,201.959,202.319,75.65100904421622,67.43694084296393,,,
1762726500,202.319,202.3555,202.283,202.312,75.1380569077885,68.05939833547056,,,
1762727400,202.312,202.312,201.945,202.1455,64.01891422440399,67.80516562590824,,,
1762728300,202.1455,202.2215,202.1455,202.2205,66.4288696842785,67.67410623700793,,,
1762729200,202.2205,202.356,202.1695,202.228,66.66928606293132,67.20739626583322,,,
1762730100,202.228,202.2455,202.185,202.2225,66.29434699631767,66.67689072908072,,,
1762731000,202.2225,202.2245,202.1275,202.1545,61.676045157047604,66.27457589009701,,,
1762731900,202.1545,202.1985,202.0645,202.1455,61.06965856679468,65.98146541053237,,,
1762732800,202.1455,202.161,201.8175,202.1485,61.20657470063381,65.6731576788102,,,
1762733700,202.1485,202.2675,202.1245,202.1585,61.690233780188805,65.32465481470409,,,
1762734600,202.1585,202.2685,202.127,202.167,62.12251459946818,65.02392329916327,,,
1762735500,202.167,202.2765,202.1305,202.2435,65.85664787187326,65.17570928831404,,,
1762736400,202.2435,202.3115,202.1995,202.275,67.28674721168481,65.6415741825106,,,
1762737300,202.275,202.38,202.2715,202.3215,69.329024557125,66.03128066891088,,,
1762738200,202.3215,202.3225,202.221,202.2315,61.34625998966592,65.00951287930015,,,
1762739100,202.2315,202.309,202.207,202.3075,65.01010150959567,64.28608749371494,,,
1762740000,202.3075,202.3075,202.232,202.277,62.45174724571959,64.17414699523749,,,
1762740900,202.277,202.3455,202.2695,202.288,63.01702156003264,63.93044355779136,,,
1762741800,202.288,202.344,202.278,202.3145,64.40719690943942,63.76886576111337,,,
1762742700,202.3145,202.365,202.314,202.348,66.1399584581876,63.75783800838979,,,
1762743600,202.348,202.425,202.347,202.4075,69.02434797850934,64.28271678135134,,,
1762744500,202.4075,202.4425,202.4035,202.4285,69.99583061621982,64.92030049916742,,,
1762745400,202.4285,202.46,202.3435,202.3585,62.912830630252785,65.04217592271164,,,
1762746300,202.3585,202.3995,202.338,202.38,64.1139758513385,65.21530035636519,,,
1762747200,202.38,202.4235,202.338,202.392,64.79922967443389,65.4064942902913,,,
1762748100,202.392,202.394,202.3265,202.3395,59.45057089968661,64.94891736370656,,,
1762749000,202.3395,202.3465,202.2805,202.333,58.80340406408892,64.3429642817354,,,
1762749900,202.333,202.4075,202.3175,202.388,62.52115614677953,63.856687966710744,,,
1762750800,202.388,202.586,202.3705,202.5755,71.84827274464885,64.6068317349238,,,
1762751700,202.5755,202.6145,202.4935,202.5575,70.04608106866289,64.96654456057146,,,
1762752600,202.5575,202.5845,202.543,202.556,69.88875691625259,65.4977595370381,,,
1762753500,202.556,202.561,202.4765,202.515,65.55471812983333,65.67902357773815,,,
1762754400,202.515,202.5675,202.4795,202.554,67.61218371023553,65.90795120636645,,,
1762755300,202.554,202.6175,202.4995,202.511,63.13445475285916,65.69327237027156,,,
1762756200,202.511,202.5645,202.4675,202.4905,61.058355876008946,65.12427293437868,,,
1762757100,202.4905,202.548,202.388,202.4165,54.137746799677615,63.99155266176852,,,
1762758000,202.4165,202.678,202.4165,202.674,67.81022744480745,64.341366719951,,,
1762758900,202.674,202.724,202.5855,202.646,65.52278711717756,64.44199609608236,,,
1762759800,202.646,202.747,202.6315,202.715,68.35565562984888,64.69602652146915,,,
1762760700,202.715,202.75,202.6625,202.681,65.49972122683727,65.1281086876942,,,
1762761600,202.681,202.748,202.579,202.6405,62.167761130232975,65.36841990670449,,,
1762762500,202.6405,202.9295,202.6165,202.92,72.54693263409132,66.08454679865532,,,
1762763400,202.92,203.0815,202.8865,203.035,75.5224916238157,66.3469910043101,,,
1762764300,203.035,203.1325,202.999,203.1065,77.17868569569714,66.85646276338397,,,
1762765200,203.1065,203.173,203.064,203.0855,75.56156331087801,67.26166322014294,,,
1762766100,203.0855,203.168,203.035,203.083,75.35912776610805,67.96197819416255,,,
1762767000,203.083,203.2075,203.0415,203.176,77.74745160546375,68.68592590096458,,,
1762767900,203.176,203.2055,203.077,203.082,70.32764168804741,69.19972496776373,,,
1762768800,203.082,203.089,202.9485,202.9865,63.67858240816639,69.38688400577499,,,
1762769700,202.9865,203.019,202.9205,202.9485,61.19919292995764,69.8912730150807,,,
1762770600,202.9485,202.96,202.8275,202.839,54.60178397685784,68.94781276737002,,,
1762771500,202.839,202.907,202.836,202.8785,56.42659086016118,68.29808446329741,,,
1762772400,202.8785,202.936,202.8445,202.8645,55.57395218152059,67.38510564555968,,,
1762773300,202.8645,202.9635,202.823,202.9615,60.075380934854024,66.99765276756088,,,
1762774200,202.9615,203.0305,202.93,203.023,62.65876759739645,67.03272465807257,,,
1762775100,203.023,203.097,203.015,203.084,65.07284528779135,66.49886127619399,,,
1762776000,203.084,203.1555,203.0795,203.1535,67.63977392618403,65.93581001207744,,,
1762776900,203.1535,203.1685,203.0845,203.0875,62.91127911254136,64.91670954185203,,,
1762777800,203.0875,203.203,203.067,203.1705,66.11899499235722,64.24224037624337,,,
1762778700,203.1705,203.1965,203.1265,203.1445,64.24456019585666,63.44834269265399,,,
1762779600,203.1445,203.195,203.132,203.177,65.55892374030564,62.57773355942842,,,
1762780500,203.177,203.2385,203.1115,203.1445,63.06243948893191,62.05879054520587,,,
1762781400,203.1445,203.16,202.8965,202.9255,49.40884120004525,61.03952331605437,,,
1762782300,202.9255,202.978,202.8955,202.9725,51.819766112321524,60.36956425765179,,,
1762783200,202.9725,202.977,202.842,202.86,46.15052356651512,59.76590279977017,,,
1762784100,202.86,202.9325,202.801,202.826,44.563723753556694,58.91855514929842,,,
1762785000,202.826,202.883,202.6785,202.7005,39.20527040538097,57.749363593859876,,,
1762785900,202.7005,202.945,202.7005,202.8655,48.049719370296835,56.89038776782007,,,
1762786800,202.8655,202.9475,202.7685,202.775,44.247453759953316,55.575293922288424,,,
1762787700,202.775,202.7915,202.648,202.6675,40.180140560332426,53.79724358461278,,,
1762788600,202.6675,202.757,202.6325,202.64,39.18775902768392,51.76495680614848,,,
1762789500,202.64,202.6895,202.512,202.5165,35.0062610043732,49.77174122699362,,,
1762790400,202.5165,202.6455,202.5045,202.6115,40.28473249443976,47.92643676285665,,,
1762791300,202.6115,202.659,202.5355,202.5805,39.16689524720203,46.13517498080989,,,
1762792200,202.5805,202.6545,202.4705,202.5545,38.20925368819783,44.181627119945055,,,
1762793100,202.5545,202.6015,202.515,202.5985,40.845207439578424,42.594681973562665,,,
1762794000,202.5985,202.71,202.573,202.642,43.41521997260063,42.16656617160233,,,
1762794900,202.642,202.7385,202.629,202.7135,47.45604057198619,41.85487149014981,,,
1762795800,202.7135,202.828,202.703,202.8145,52.604818317916205,42.31589254382131,,,
1762796700,202.8145,202.937,202.8135,202.89,56.070198235504584,43.13778357824617,,,
1762797600,202.89,202.9705,202.854,202.929,57.787171200925386,44.46506220649934,,,
1762798500,202.929,202.969,202.896,202.936,58.10368898368113,45.18320289316965,,,
1762799400,202.936,202.992,202.936,202.9845,60.323497059637354,46.33149170028993,,,
1762800300,202.9845,202.992,202.939,202.961,58.70059266844931,47.65438113658399,,,
1762801200,202.961,202.9975,202.934,202.993,60.26811033822749,49.16012051590854,,,
1762802100,202.993,203.005,202.953,202.979,59.20929252690377,50.88890848180358,,,
1762803000,202.979,203.0355,202.956,202.969,58.41979577829148,52.184270144935844,,,
1762803900,202.969,203.079,202.965,203.0445,62.486813502601684,53.84997859175011,,,
1762804800,203.0445,203.0855,203.0435,203.0655,63.554611393875724,55.66036128501282,,,
1762805700,203.0655,203.077,203.023,203.048,61.971538836610016,57.16938495622936,,,
1762806600,203.048,203.109,203.0305,203.062,62.770481913506956,58.5519036662941,,,
1762807500,203.062,203.085,203.0145,203.035,60.14605406156304,59.458333201263876,,,
1762808400,203.035,203.0805,203.0185,203.072,62.46222367983537,60.1624335842581,,,
1762809300,203.072,203.091,203.0525,203.065,61.73127767224449,60.5667964011681,,,
1762810200,203.065,203.099,203.048,203.095,63.692265535457075,60.988588853634646,,,
1762811100,203.095,203.1155,203.065,203.091,63.2270467320894,61.354542978520946,,,
1762812000,203.091,203.091,202.9485,202.966,50.75162536073657,60.670837857170895,,,
1762812900,202.966,203.0095,202.966,202.983,52.13485812912668,60.20185681864784,,,
1762813800,202.983,203.059,202.9745,203.041,56.61233546274799,59.94073004182787,,,
1762814700,203.041,203.049,202.956,202.956,49.329560256196196,59.235034879634476,,,
1762815600,202.956,203.0745,202.956,203.0535,56.27757109347931,59.08201883071932,,,
1762816500,203.0535,203.0595,203.0125,203.0135,53.062897841942,58.40888199781505,,,
1762817400,203.0135,203.0205,202.9605,203.014,53.098962236025166,57.66204991511144,,,
1762818300,203.014,203.0725,202.997,203.052,55.87391767389738,57.226505546346246,,,
1762819200,203.052,203.1255,203.007,203.0975,59.0018028640741,56.95731418567248,,,
1762820100,203.0975,203.1165,203.0285,203.1155,60.203637196336075,56.96142726672769,,,
1762821000,203.1155,203.1775,203.064,203.12,60.515263268322386,56.822358665905334,,,
1762821900,203.12,203.1655,203.055,203.15,62.61690682901994,56.885617891389295,,,
1762822800,203.15,203.2325,203.1485,203.1825,64.80259048902347,56.964926816644045,,,
1762823700,203.1825,203.279,203.1625,203.22,67.18653813685867,57.24774763127043,,,
1762824600,203.22,203.232,203.1685,203.206,65.40546600452218,58.294450534397974,,,
1762825500,203.206,203.239,203.141,203.168,60.70175394180662,58.90637166387511,,,
1762826400,203.168,203.2515,203.097,203.2365,65.51607485604053,59.54235304911028,,,
1762827300,203.2365,203.279,203.1825,203.1965,60.82975387883172,60.36379545072712,,,
1762828200,203.1965,203.2335,203.1615,203.1885,59.90681054372656,60.62302684003049,,,
1762829100,203.1885,203.2205,203.157,203.201,60.9049370857441,61.183172500302064,,,
1762830000,203.201,203.201,203.1405,203.161,56.09260826248546,61.39700435933495,,,
1762830900,203.161,203.161,203.0845,203.096,49.278647557796035,60.92591363675627,,,
1762831800,203.096,203.1395,203.086,203.1,49.68372104998286,60.260336364321184,,,
1762832700,203.1,203.17,203.098,203.1415,53.80568613290244,59.80333985979022,,,
1762833600,203.1415,203.237,203.125,203.1885,58.00191990262411,59.62381533366891,,,
1762834500,203.1885,203.225,203.1745,203.196,58.64745737946299,59.340283230129124,,,
1762835400,203.196,203.2235,203.1875,203.212,60.0579341839732,59.00137920833982,,,
1762836300,203.212,203.226,203.122,203.1565,53.27046456536125,58.00737395323286,,,
1762837200,203.1565,203.1585,203.0805,203.1145,48.77783112488709,56.819685747544646,,,
1762838100,203.1145,203.121,203.045,203.0695,44.45214384954201,55.65899931238289,,,
1762839000,203.0695,203.1015,203.0315,203.033,41.25628366075597,53.92615708414827,,,
1762839900,203.033,203.0335,202.9285,202.9345,34.12597706294659,52.01874445444219,,,
1762840800,202.9345,203.0685,202.9085,203.059,46.67165209825338,51.073375994051254,,,
1762841700,203.059,203.123,203.0235,203.122,51.68593996997727,50.41487620006791,,,
1762842600,203.122,203.145,202.983,202.988,42.526659881561685,49.445879887144784,,,
1762843500,202.988,202.988,202.8115,202.825,34.51437438119247,48.39128894595881,,,
1762844400,202.825,202.8685,202.3295,202.496,24.48640257115703,46.591480483185535,,,
1762845300,202.496,202.604,202.488,202.5805,30.103524731035364,44.89846895448075,,,
1762846200,202.5805,202.5995,202.3925,202.509,28.192541182319687,42.769227617316155,,,
1762847100,202.509,202.511,202.347,202.388,25.269105882948537,40.385059653279406,,,
1762848000,202.388,202.5485,202.388,202.5095,32.804017498557684,38.43835131860686,,,
1762848900,202.5095,202.5885,202.4875,202.5715,36.33179114199653,37.228446074080814,,,
1762849800,202.5715,202.675,202.5505,202.5825,36.964102557106706,36.38460831923936,,,
1762850700,202.5825,202.629,202.542,202.596,37.780795143546904,35.90808341166829,,,
1762851600,202.596,202.6295,202.482,202.5675,36.699784519373,35.58261918728378,,,
1762852500,202.5675,202.655,202.5675,202.609,39.41803901701793,35.960623612574594,,,
1762853400,202.609,202.666,202.5795,202.6405,41.47247323346364,35.589253693661036,,,
1762854300,202.6405,202.676,202.6075,202.634,41.16227751774818,34.83756351850182,,,
1762855200,202.634,202.662,202.529,202.607,39.829624275611984,34.64491811807684,,,
1762856100,202.607,202.678,202.5635,202.661,43.75191840406058,35.30474269113885,,,
1762857000,202.661,202.674,202.626,202.646,42.91506499123248,36.62107572114424,,,
1762857900,202.646,202.676,202.615,202.6565,43.72647274296645,37.594143436282174,,,
1762858800,202.6565,202.68,202.578,202.6105,40.978414052476815,38.50742006986483,,,
1762859700,202.6105,202.7485,202.5935,202.745,50.72883799051229,40.32597236326224,,,
1762860600,202.745,202.7815,202.7045,202.721,49.16796175140292,41.49482552417975,,,
1762861500,202.721,202.8595,202.7105,202.821,55.334721675151066,42.85217770511936,,,
1762862400,202.821,202.86,202.7105,202.8225,55.42208220081119,44.17060482252683,,,
1762863300,202.8225,202.8335,202.7675,202.798,53.57877597278569,45.299032024615315,,,
1762864200,202.798,202.8405,202.7615,202.8265,55.43558123357793,46.63730321848709,,,
1762865100,202.8265,202.8265,202.619,202.646,43.55355709709229,46.93269736706384,,,
1762866000,202.646,202.7285,202.6305,202.715,48.13045118811919,47.4082672209678,,,
1762866900,202.715,202.717,202.491,202.566,40.49466209476177,47.360580405040196,,,
1762867800,202.566,202.6405,202.4625,202.539,39.278609726112435,47.32122222293309,,,
1762868700,202.539,202.636,202.458,202.546,39.78349073364042,47.03776310361736,,,
1762869600,202.546,202.6435,202.5215,202.5965,43.43737593024028,47.07507102783221,,,
1762870500,202.5965,202.6575,202.498,202.6465,46.87457770075467,47.29993566767423,,,
1762871400,202.6465,202.7985,202.639,202.7835,54.95221211021681,48.298064100369935,,,
1762872300,202.7835,202.999,202.7835,202.982,63.59039496568241,49.21674674145351,,,
1762873200,202.982,203.043,202.778,202.789,52.95737040525205,49.48741878815702,,,
1762874100,202.789,202.875,202.6925,202.708,49.23633815888247,49.0518199655664,,,
1762875000,202.708,202.7905,202.68,202.7525,51.262436455484384,48.754702412328776,,,
1762875900,202.7525,202.898,202.73,202.83,54.656710967169616,48.83169776907049,,,
1762876800,202.83,202.899,202.829,202.8595,55.91527771893167,48.865961803738614,,,
1762877700,202.8595,202.938,202.807,202.8225,53.89470840323939,49.6046154684634,,,
1762878600,202.8225,202.8725,202.772,202.8485,55.1219595874103,50.104008925555625,,,
1762879500,202.8485,202.864,202.755,202.862,55.780140299128135,51.19582879729608,,,
1762880400,202.862,202.9455,202.82,202.9345,59.237620597169716,52.62147243094302,,,
1762881300,202.9345,203.0495,202.911,202.9655,60.65422575930634,54.112239218490586,,,
1762882200,202.9655,202.994,202.9065,202.9285,58.06066736788809,55.15676003546543,,,
1762883100,202.9285,203.015,202.919,202.979,60.54070690715592,56.13291212163695,,,
1762884000,202.979,203.0335,202.947,203.005,61.79339288235116,56.62156789107512,,,
1762884900,203.005,203.0295,202.9695,203.011,62.09246849762286,56.514573143356586,,,
1762885800,203.011,203.063,203.0095,203.031,63.12855523917213,57.24108634577944,,,
1762886700,203.031,203.0605,203.0015,203.041,63.66332941991284,58.27158572156733,,,
1762887600,203.041,203.063,203.002,203.0065,60.40811686591607,58.92484860802674,,,
1762888500,203.0065,203.017,202.9595,202.9875,58.63012403049299,59.208663826835554,,,
1762889400,202.9875,203.004,202.9455,202.9465,54.87661906242953,59.13447392279969,,,
1762890300,202.9465,202.9735,202.906,202.9285,53.26439098733982,59.08945125023543,,,
1762891200,202.9285,202.99,202.9225,202.9375,53.99221296381444,59.008755062835725,,,
1762892100,202.9375,202.9545,202.9065,202.917,52.00555532386174,58.73914185031669,,,
1762893000,202.917,202.946,202.9045,202.9235,52.60108645591621,58.265103697370016,,,
1762893900,202.9235,202.9235,202.8445,202.8515,45.81900535200372,57.2054450968484,,,
1762894800,202.8515,202.877,202.842,202.8705,47.73410954162553,56.46783382354393,,,
1762895700,202.8705,202.8715,202.803,202.8325,44.35716525449362,55.31186656263947,,,
1762896600,202.8325,202.8655,202.826,202.8415,45.34340218568957,54.13686722716365,,,
1762897500,202.8415,202.843,202.681,202.7215,36.14447206352351,52.28343891044227,,,
1762898400,202.7215,202.865,202.7215,202.864,49.298585781064034,51.29558394914883,,,
1762899300,202.864,202.864,202.6965,202.7095,39.740077784947275,49.586780260937005,,,
1762900200,202.7095,202.7135,202.647,202.6995,39.21015763368198,48.07264031577741,,,
1762901100,202.6995,202.7025,202.609,202.6455,36.388379399051765,46.48394427067448,,,
1762902000,202.6455,202.704,202.604,202.6545,37.19956526353964,45.22129757075378,,,
1762902900,202.6545,202.699,202.647,202.685,39.992319796574314,44.27329248569909,,,
1762903800,202.685,202.723,202.637,202.6645,38.74514838032238,43.18421644402108,,,
1762904700,202.6645,202.7475,202.6505,202.6535,38.05929109777908,42.18805471358661,,,
1762905600,202.6535,202.7535,202.6095,202.6105,35.41978426017805,40.96081884246246,,,
1762906500,202.6105,202.743,202.608,202.7205,45.77923341146517,40.95797798956685,,,
1762907400,202.7205,202.7975,202.7175,202.7625,49.13431697003747,41.05799280588199,,,
1762908300,202.7625,202.803,202.728,202.769,49.65354169127827,41.436305408509455,,,
1762909200,202.769,202.8645,202.719,202.8285,54.25660711581632,42.07296290351851,,,
1762910100,202.8285,202.844,202.7285,202.7495,47.98372672369043,42.918623950673286,,,
1762911000,202.7495,202.789,202.7235,202.7725,49.803321913610176,42.95467653156944,,,
1762911900,202.7725,202.824,202.749,202.7625,49.00072970182077,43.616151668488975,,,
1762912800,202.7625,202.8425,202.759,202.833,54.56035314469668,44.71259420499003,,,
1762913700,202.833,202.9335,202.809,202.9205,60.33926178012071,46.423371517923535,,,
1762914600,202.9205,202.9205,202.8425,202.858,54.9623510047867,47.69214192801261,,,
1762915500,202.858,202.8615,202.777,202.7915,49.87021080195182,48.39770557125386,,,
1762916400,202.7915,202.8045,202.7745,202.794,50.05754109779299,49.20573362250176,,,
1762917300,202.794,202.794,202.6925,202.7535,46.99379774535552,49.84391266875722,,,
1762918200,202.7535,202.806,202.7465,202.7665,48.092019431274046,50.749072323835506,,,
1762919100,202.7665,202.8275,202.757,202.8105,51.73681607392416,51.17461394258258,,,
1762920000,202.8105,202.8795,202.786,202.854,55.093925700558266,51.60030028047692,,,
1762920900,202.854,203.0125,202.8035,202.946,61.23534477942839,52.4275719296305,,,
1762921800,202.946,203.106,202.925,203.0625,67.32865676171562,53.36128976148045,,,
1762922700,203.0625,203.1835,203.0515,203.175,71.91896528378012,55.07094965862971,,,
1762923600,203.175,203.266,203.159,203.237,74.08033067443714,56.805021712974494,,,
1762924500,203.237,203.261,203.054,203.157,66.92266670683784,58.08516007047571,,,
1762925400,203.157,203.2005,203.0745,203.1715,67.53494274741622,59.011916470669966,,,
1762926300,203.1715,203.1825,203.0705,203.1045,61.83893872587663,59.119036252509666,,,
1762927200,203.1045,203.238,203.1,203.204,66.37461433948644,59.93419791927393,,,
1762928100,203.204,203.214,203.0775,203.1355,60.9993602644971,60.7291371665986,,,
1762929000,203.1355,203.2275,203.113,203.2275,65.08863049841253,61.802786409499994,,,
1762929900,203.2275,203.2375,203.141,203.172,60.9376595878228,62.7987765411048,,,
1762930800,203.172,203.2345,203.128,203.18,61.3205779734438,63.7436735798312,,,
1762931700,203.18,203.211,203.136,203.191,61.87400018035867,64.46775815886225,,,
1762932600,203.191,203.2565,203.1545,203.239,64.27598420301703,65.12361948046644,,,
1762933500,203.239,203.3015,203.2105,203.257,65.16235136606377,65.4041199509404,,,
1762934400,203.257,203.551,203.257,203.545,75.59571156454832,65.99462386542845,,,
1762935300,203.545,203.572,203.383,203.4835,70.72475633624987,65.90932322631915,,,
1762936200,203.4835,203.5105,203.3525,203.4495,68.11182509975843,65.48300139955639,,,
1762937100,203.4495,203.462,202.9875,202.9975,44.548598219290476,63.884853650445855,,,
1762938000,202.9975,203.184,202.9525,203.041,46.467980069491865,62.380070602022684,,,
1762938900,203.041,203.292,203.0395,203.267,55.153256284913084,61.902521856239574,,,
1762939800,203.267,203.319,203.25,203.2675,55.17058551702977,61.10223408320696,,,
1762940700,203.2675,203.289,203.085,203.094,48.209244798032316,60.18865440703091,,,
1762941600,203.094,203.15,203.0135,203.0905,48.07745553755265,58.973570481255194,,,
1762942500,203.0905,203.1315,203.0295,203.061,46.91336977642488,57.97183549472677,,,
1762943400,203.061,203.2065,203.0525,203.1925,52.441292527492635,57.33760082001597,,,
1762944300,203.1925,203.288,203.1585,203.2675,55.30021535047694,56.86804476073871,,,
1762945200,203.2675,203.2845,203.159,203.1635,50.74487014633637,55.90153661383295,,,
1762946100,203.1635,203.2995,203.1365,203.279,55.16231355703602,55.1872481989024,,,
1762947000,203.279,203.318,203.2125,203.2185,52.50595810797262,53.53798009486127,,,
1762947900,203.2185,203.4055,203.2145,203.3755,58.13944923397099,52.63902958755563,,,
1762948800,203.3755,203.4115,203.1265,203.1945,50.67652674401531,51.39365113357398,,,
1762949700,203.1945,203.2145,203.0455,203.082,46.66688592844732,51.54495739851376,,,
1762950600,203.082,203.082,202.854,202.969,42.98768668084762,51.29636501361059,,,
1762951500,202.969,203.0805,202.95,203.0775,47.28516153698391,50.734358245901376,,,
1762952400,203.0775,203.1155,202.9975,203.058,46.6052242782497,50.12254672884565,,,
1762953300,203.058,203.074,202.9795,203.058,46.6052242782497,50.007973834575466,,,
1762954200,203.058,203.1085,202.957,202.9865,43.91961234303173,49.710985034966825,,,
1762955100,202.9865,203.07,202.969,203.054,47.023286250220096,49.718836211666485,,,
1762956000,203.054,203.074,202.845,202.848,39.78645488559913,48.81491923724552,,,
1762956900,202.848,202.888,202.775,202.888,41.66382910380864,47.84089164819778,,,
1762957800,202.888,202.9485,202.8235,202.9455,44.34988623295887,47.384107082956525,,,
1762958700,202.9455,202.9565,202.8,202.864,41.43752287062545,46.403764891070054,,,
1762959600,202.864,202.9985,202.851,202.968,46.28493114211054,45.95940582207991,,,
1762960500,202.968,203.0555,202.947,203.027,48.870550743151654,45.29734164416424,,,
1762961400,203.027,203.1045,202.954,203.0995,51.93245173838236,45.387050572333315,,,
1762962300,203.0995,203.225,203.0995,203.1815,55.20025639190946,45.996577034009185,,,
1762963200,203.1815,203.267,203.117,203.1645,54.374935903973835,46.8099519785182,,,
1762964100,203.1645,203.254,203.136,203.1975,55.75776432854156,47.41513789220089,,,
1762965000,203.1975,203.2515,203.1605,203.177,54.64966943289706,47.98974111753284,,,
1762965900,203.177,203.192,203.0385,203.0575,48.58791184349072,48.1313616579072,,,
1762966800,203.0575,203.088,202.9455,203.0635,48.894423745945076,48.48670532954386,,,
1762967700,203.0635,203.0865,202.988,203.0535,48.376754621135724,48.58338164175212,,,
1762968600,203.0535,203.1415,203.0405,203.1005,51.002481546689225,49.38452640325856,,,
1762969500,203.1005,203.156,203.0445,203.1295,52.60435254175963,50.1659923631122,,,
1762970400,203.1295,203.1915,203.1095,203.1775,55.21423740764326,50.94201744701822,,,
1762971300,203.1775,203.2045,203.1465,203.1625,54.209635313120536,51.85431119291074,,,
1762972200,203.1625,203.2435,203.1545,203.2215,57.48619730855772,52.65440163337126,,,
1762973100,203.2215,203.273,203.2135,203.2605,59.54680083463828,53.41699092562029,,,
1762974000,203.2605,203.272,203.1455,203.1485,51.7843149973357,53.406409729831246,,,
1762974900,203.1485,203.1765,203.0615,203.0745,47.38873782755876,52.848444118091905,,,
1762975800,203.0745,203.107,203.0485,203.081,47.80781066096734,52.37936374359145,,,
1762976700,203.081,203.157,203.0785,203.144,51.81410278794302,52.097673633548695,,,
1762977600,203.144,203.17,203.127,203.1685,53.31491204019638,52.00233381978435,,,
1762978500,203.1685,203.2025,203.152,203.1785,53.945429165987356,52.38501362853411,,,
1762979400,203.1785,203.1925,203.1285,203.1905,54.73545768421379,52.80223033841044,,,
1762980300,203.1905,203.213,203.1795,203.2125,56.218279514448135,53.36233925936132,,,
1762981200,203.2125,203.2535,203.1785,203.2355,57.77562132688375,53.84613495794664,,,
1762982100,203.2355,203.2915,203.204,203.2225,56.55119376585882,54.128052188239444,,,
1762983000,203.2225,203.252,203.2065,203.2425,58.02503315983799,54.32882331339621,,,
1762983900,203.2425,203.331,203.204,203.289,61.31102985261148,54.8360657805027,,,
1762984800,203.289,203.2945,203.1945,203.2495,57.213658683880595,54.81659873588291,,,
1762985700,203.2495,203.277,203.216,203.277,59.255204452100244,54.795770422844484,,,
1762986600,203.277,203.277,203.176,203.184,50.48256431359195,54.70278823114851,,,
1762987500,203.184,203.192,203.1475,203.1545,48.052362667916064,54.75019000545974,,,
1762988400,203.1545,203.207,203.12,203.193,51.3443459085521,55.002799666001515,,,
1762989300,203.193,203.194,203.1305,203.165,48.9164570878408,54.79582497313707,,,
1762990200,203.165,203.175,203.122,203.1235,45.48352630931523,54.236440278074134,,,
1762991100,203.1235,203.16,203.0665,203.098,43.465035138559315,53.487840704686406,,,
1762992000,203.098,203.2385,203.089,203.195,52.16190277835727,53.30401535426809,,,
1762992900,203.195,203.2285,203.0865,203.1245,46.556254629657104,52.613870719640154,,,
1762993800,203.1245,203.194,203.0565,203.1395,47.84062885497657,51.90422840021821,,,
1762994700,203.1395,203.2695,203.0885,203.2505,56.22446142334432,51.880890375752884,,,
1762995600,203.2505,203.3255,203.2105,203.272,57.64456354298335,51.85371397454899,,,
1762996500,203.272,203.291,203.136,203.142,47.59133528029196,50.87373579081187,,,
1762997400,203.142,203.2475,203.141,203.186,50.72374721680909,50.41017068602105,,,
1762998300,203.186,203.194,203.0365,203.0725,43.500993312269344,49.28486989031885,,,
1762999200,203.0725,203.074,202.9925,203.0275,41.007781917911856,48.60809971919884,,,
1763000100,203.0275,203.0815,203.0015,203.04,42.002165375981455,48.17594276977494,,,
1763001000,203.04,203.0865,202.997,203.052,42.99556440630411,47.57960123390007,,,
1763001900,203.052,203.058,202.9705,202.991,39.3096565496082,46.89340119545489,,,
1763002800,202.991,203.054,202.9755,203.035,43.09887135454305,46.723068698685445,,,
1763003700,203.035,203.085,203,203.0755,46.41520512173259,46.93379512605497,,,
1763004600,203.0755,203.099,203.042,203.074,46.30755608877129,46.515627505370254,,,
1763005500,203.074,203.1395,203.0575,203.1105,49.38383283920787,46.71759737748102,,,
1763006400,203.1105,203.1105,203.0045,203.0345,43.76157697657653,46.426236529023875,,,
1763007300,203.0345,203.181,203.0335,203.1665,53.63487543199039,46.24126610107003,,,
1763008200,203.1665,203.201,203.1465,203.195,55.45332007494441,46.084748710495816,,,
1763009100,203.195,203.201,203.1615,203.1775,54.05149370263027,46.54618859780569,,,
1763010000,203.1775,203.271,203.1745,203.2445,58.38860336133527,47.0936783224147,,,
1763010900,203.2445,203.277,203.2235,203.259,59.28431584026774,48.22105850298602,,,
1763011800,203.259,203.2785,203.231,203.2755,60.3307477436124,49.60127034767891,,,
1763012700,203.2755,203.317,203.2445,203.2615,58.94643083404722,50.811575023255045,,,
1763013600,203.2615,203.298,203.215,203.263,59.05483534250206,51.958665804412036,,,
1763014500,203.263,203.3015,203.229,203.2745,59.928457714165944,53.43143731616617,,,
1763015400,203.2745,203.3145,203.2595,203.271,59.51227640204878,54.603823390988,,,
1763016300,203.271,203.289,203.237,203.242,56.03963898957944,55.291282952977056,,,
1763017200,203.242,203.242,202.975,203.168,48.295426083614885,55.43327366689446,,,
1763018100,203.168,203.2775,203.1635,203.23,54.02765194957095,55.76497503192039,,,
1763019000,203.23,203.436,203.2225,203.434,66.99384379171616,57.424422661573274,,,
1763019900,203.434,203.459,203.3095,203.3105,56.588318286686075,57.63538286548011,,,
1763020800,203.3105,203.4325,203.2675,203.389,60.76029814654272,58.01445272773714,,,
1763021700,203.389,203.436,203.2555,203.264,52.16365929312805,57.87960741277269,,,
1763022600,203.264,203.2825,203.0305,203.0605,41.79596415979452,56.694418898376924,,,
1763023500,203.0605,203.544,203.043,203.47,59.31817132956913,56.69683714761273,,,
1763024400,203.47,203.502,203.2495,203.2865,51.79364701571054,56.08704423847689,,,
1763025300,203.2865,203.3355,203.1,203.129,46.35806818440922,55.18787547778846,,,
1763026200,203.129,203.1925,203.0395,203.1645,47.690611776210766,54.37614522305337,,,
1763027100,203.1645,203.3285,203.148,203.298,52.47210146494792,53.84354834810922,,,
1763028000,203.298,203.398,203.28,203.361,54.58197207628914,53.4913837534121,,,
1763028900,203.361,203.4255,203.272,203.4245,56.66989659958479,53.536402154126776,,,
1763029800,203.4245,203.5275,203.383,203.3955,55.41693438124387,54.045081318243135,,,
1763030700,203.3955,203.4885,203.3425,203.4775,58.229215463247904,54.34519299779149,,,
1763031600,203.4775,203.57,203.4315,203.5545,60.73398179527885,53.89805999804597,,,
1763032500,203.5545,203.5925,203.4785,203.543,60.15381937949099,54.15273864753203,,,
1763033400,203.543,203.578,203.4875,203.4995,57.90073222374798,53.94848393876098,,,
1763034300,203.4995,203.506,203.372,203.453,55.507341565225154,54.18731838676791,,,
1763035200,203.453,203.556,203.4135,203.542,59.00058560295506,55.41621991842224,,,
1763036100,203.542,203.6395,203.524,203.6385,62.443655759714964,55.639468806289806,,,
1763037000,203.6385,203.825,203.6025,203.82,67.90328126912752,56.79015696724816,,,
1763037900,203.82,203.8285,203.7105,203.7905,66.21832813894692,58.20874696400085,,,
1763038800,203.7905,203.7975,203.623,203.707,61.561847004234124,59.19954948028823,,,
1763039700,203.707,203.812,203.699,203.812,64.90398902156775,60.08754144861822,,,
1763040600,203.812,203.8155,203.584,203.6515,56.77739976635496,60.24435771219435,,,
1763041500,203.6515,203.6875,203.612,203.6565,56.95820332023582,60.264951049383704,,,
1763042400,203.6565,203.808,203.6345,203.7805,61.28361310147383,60.68399952940013,,,
1763043300,203.7805,203.786,203.627,203.6465,54.86686740497856,60.443831810952325,,,
1763044200,203.6465,203.6465,203.4235,203.427,46.31257977523116,59.41373166666322,,,
1763045100,203.427,203.558,203.3845,203.5125,49.608290242064385,58.66047958541845,,,
1763046000,203.5125,203.6155,203.373,203.6155,53.325459683394214,58.333674403964615,,,
1763046900,203.6155,203.701,203.563,203.622,53.558280800027255,58.19445577787905,,,
1763047800,203.622,203.644,203.4925,203.495,48.470855439908256,57.44233219480428,,,
1763048700,203.495,203.5305,203.3725,203.5185,49.42811430069819,56.51265066201736,,,
1763049600,203.5185,203.6175,203.445,203.6055,52.915429100416205,55.442089792823694,,,
1763050500,203.6055,203.711,203.56,203.6955,56.27453993031333,54.73181920649273,,,
1763051400,203.6955,203.81,203.659,203.7095,56.79094523131515,54.39104050842708,,,
1763052300,203.7095,204.01,203.6725,203.997,65.73936271671812,54.45071005808068,,,
1763053200,203.997,204.0735,203.835,203.8535,59.154346235669266,54.62049194874599,,,
1763054100,203.8535,203.949,203.8085,203.8285,58.0631453102166,54.69941637660177,,,
1763055000,203.8285,203.87,203.744,203.803,56.909980558449256,54.387014052100014,,,
1763055900,203.803,203.9315,203.789,203.8785,59.47619237557295,54.71625154999962,,,
1763056800,203.8785,203.943,203.826,203.9325,61.2535672116676,55.783464938316506,,,
1763057700,203.9325,203.943,203.7745,203.7975,54.784373259743205,56.15318515386499,,,
1763058600,203.7975,203.8275,203.6725,203.736,52.0856231014567,56.06462539801231,,,
1763059500,203.736,203.7905,203.666,203.7815,53.89518414928953,56.088689922959624,,,
1763060400,203.7815,203.802,203.658,203.667,48.8911901820372,56.11871383311168,,,
1763061300,203.667,203.8395,203.6515,203.8345,55.41301241044117,56.546206555236175,,,
1763062200,203.8345,203.847,203.7225,203.7725,52.73076507123424,56.53301626743747,,,
1763063100,203.7725,203.7955,203.725,203.7505,51.773114593141436,56.2114858862109,,,
1763064000,203.7505,203.794,203.7245,203.7845,53.18806263385777,55.95413712924966,,,
1763064900,203.7845,203.8195,203.7615,203.8185,54.621843591136475,55.16002862027954,,,
1763065800,203.8185,203.8655,203.7935,203.8005,53.68438425107689,54.76931704995151,,,
1763066700,203.8005,203.819,203.721,203.7645,51.770638300736785,54.3198522635601,,,
1763067600,203.7645,203.858,203.7615,203.853,55.92980855934764,54.249839977909986,,,
1763068500,203.853,203.867,203.813,203.814,53.73081171606083,53.83945564508769,,,
1763069400,203.814,203.843,203.7955,203.808,53.383070514839105,53.27727730959994,,,
1763070300,203.808,203.89,203.766,203.8825,57.0960278292945,53.442395493139315,,,
1763071200,203.8825,204.0735,203.8825,203.997,62.09323050317561,54.15722459326209,,,
1763072100,203.997,203.998,203.903,203.957,59.486552138982525,54.55660802109731,,,
1763073000,203.957,203.957,203.7795,203.7835,49.733953583570425,54.61680540692112,,,
1763073900,203.7835,203.7915,203.426,203.4535,37.23115567827392,53.318101354623444,,,
1763074800,203.4535,203.7205,203.176,203.219,31.224145368023684,51.781914232965555,,,
1763075700,203.219,203.287,203.13,203.2565,33.08348313672093,50.44694055750694,,,
1763076600,203.2565,203.4145,203.2355,203.357,37.926831291713235,49.356852604496616,,,
1763077500,203.357,203.4345,203.322,203.386,39.29227235141288,48.26188323023065,,,
1763078400,203.386,203.5505,203.3655,203.5435,46.21246137081953,47.728174453069414,,,
1763079300,203.5435,203.5465,203.422,203.4375,42.68577273604363,47.079255484162765,,,
1763080200,203.4375,203.459,203.207,203.2505,37.28058088862964,45.74716779339719,,,
1763081100,203.2505,203.2825,203.1605,203.2735,38.31519189949733,44.646052092214084,,,
1763082000,203.2735,203.344,203.188,203.196,36.151196682602915,43.415203961340076,,,
1763082900,203.196,203.254,203.0585,203.0645,32.76929397354188,41.6775801145006,,,
1763083800,203.0645,203.164,203.046,203.056,32.5572800403137,39.56786936715333,,,
1763084700,203.056,203.1575,203.041,203.128,36.31588506611668,37.91282171909148,,,
1763085600,203.128,203.203,203.12,203.18,38.96164224990028,37.143370909543606,,,
1763086500,203.18,203.259,203.17,203.2045,40.22175512903183,37.35698515602632,,,
1763087400,203.2045,203.238,203.1375,203.1575,38.57645408920745,37.8821500646823,,,
1763088300,203.1575,203.1585,203.071,203.094,36.409453329937236,38.11971936419774,,,
1763089200,203.094,203.094,203.0055,203.0275,34.240221693746435,37.85639010720011,,,
1763090100,203.0275,203.183,203.024,203.165,41.94244725626661,38.045688314689656,,,
1763091000,203.165,203.167,203.0325,203.0365,37.519624926153746,37.42477142578497,,,
1763091900,203.0365,203.2075,203.0355,203.154,43.39725981923848,37.47559193172746,,,
1763092800,203.154,203.1695,203.0875,203.137,42.770360744934344,37.86771906432064,,,
1763093700,203.137,203.17,203.089,203.089,40.97071960905904,38.057399615003625,,,
1763094600,203.089,203.1445,203.0675,203.0965,41.385722501658044,38.4312943163647,,,
1763095500,203.0965,203.1005,202.978,202.978,36.963882844639755,38.73090780715741,,,
1763096400,202.978,203.05,202.934,202.971,36.71433576187334,39.02784035869739,,,
1763097300,202.971,203.091,202.9415,203.0895,43.64979759686612,39.55169125375092,,,
1763098200,203.0895,203.1365,203.048,203.109,44.72332442895362,39.96323998082615,,,
1763099100,203.109,203.116,203.0245,203.1145,45.04135305796439,40.30749697574991,,,
1763100000,203.1145,203.2105,203.051,203.21,50.379725045747236,41.1505877583599,,,
1763100900,203.21,203.2775,203.1735,203.277,53.77231273613837,42.390792001659975,,,
1763101800,203.277,203.3,203.181,203.277,53.77231273613838,43.78594136183083,,,
1763102700,203.277,203.3275,203.159,203.221,50.43002604920486,44.39219698989785,,,
1763103600,203.221,203.277,203.1895,203.217,50.190054751315515,45.29722769169511,,,
1763104500,203.217,203.2215,202.8745,202.9135,36.13851775719251,44.778746115834686,,,
1763105400,202.9135,203.398,202.907,203.263,52.59686987747224,45.480639625301684,,,
1763106300,203.263,203.4335,203.263,203.351,55.693137744675006,46.53224092070282,,,
1763107200,203.351,203.4375,202.971,202.9735,42.783209367157696,46.63206141109565,,,
1763108100,202.9735,202.9735,202.6415,202.847,39.480551333739605,46.81182344603135,,,
1763109000,202.847,203.9665,202.846,203.83,63.232592331239594,48.70598462955751,,,
1763109900,203.83,203.876,203.3865,203.4875,55.115972783580084,49.52499714289422,,,
1763110800,203.4875,203.8265,203.4685,203.5765,56.67234511132143,50.37849862020621,,,
1763111700,203.5765,203.669,203.444,203.444,53.687606647550425,50.996088162319495,,,
1763112600,203.444,203.544,203.3805,203.4275,53.31107172606924,51.20547006805679,,,
1763113500,203.4275,203.553,203.329,203.501,54.830785613682494,51.281075273595654,,,
1763114400,203.501,203.5715,203.451,203.5415,55.68670785309488,51.417817781949694,,,
1763115300,203.5415,203.587,203.336,203.373,51.32875923628289,51.48201300959813,,,
1763116200,203.373,203.416,203.3,203.31,49.760770334889514,51.451349836996265,,,
1763117100,203.31,203.4125,203.31,203.369,51.262331787509986,52.531622267733226,,,
1763118000,203.369,203.373,203.0945,203.0945,44.585521848528956,51.95938312280871,,,
1763118900,203.0945,203.1725,203.007,203.165,46.512404142484364,51.30361643693794,,,
1763119800,203.165,203.225,203.1365,203.2035,47.584292820708434,51.64655096933443,,,
1763120700,203.2035,203.2445,203.1385,203.194,47.332234422618626,52.20738547568293,,,
1763121600,203.194,203.213,203.0475,203.096,44.70167279018149,50.88374836560735,,,
1763122500,203.096,203.1255,202.861,202.9315,40.620702658085584,49.848371928072034,,,
1763123400,202.9315,202.9545,202.71,202.836,38.42737979174762,48.54516011953105,,,
1763124300,202.836,203.0355,202.725,202.73,36.0975709428916,47.2887289977697,,,
1763125200,202.73,202.7885,202.494,202.58,33.0444235219381,45.8411112689032,,,
1763126100,202.58,202.5865,202.3945,202.4345,30.361834049501,44.093329014318805,,,
1763127000,202.4345,202.4925,202.3455,202.419,30.0816706641084,42.264397786534055,,,
1763127900,202.419,202.9015,202.416,202.891,46.32429257949054,41.906935882477455,,,
1763128800,202.891,202.913,202.7335,202.8535,45.421474446748256,41.59698617618165,,,
1763129700,202.8535,203.1225,202.8315,202.919,47.351539165866704,41.31764384606428,,,
1763130600,202.919,203.078,202.8115,203.0215,50.31270465377818,41.72672833215351,,,
1763131500,203.0215,203.15,202.9795,203.1065,52.68909614507588,42.167920618052904,,,
1763132400,203.1065,203.121,202.812,202.871,46.109228520329744,42.06255888231157,,,
1763133300,202.871,203.0415,202.7715,202.937,48.06663307660979,42.115015929025226,,,
1763134200,202.937,202.978,202.6715,202.77,43.73771376306169,42.04616171280238,,,
1763135100,202.77,202.9615,202.7585,202.9085,47.92634240091751,42.56799312300467,,,
1763136000,202.9085,203.2455,202.8205,203.2365,56.235953622122516,43.840034110888595,,,
1763136900,203.2365,203.397,203.206,203.384,59.37541013318604,45.50273691019534,,,
1763137800,203.384,203.4105,203.324,203.371,58.973866614482766,47.35483998823424,,,
1763138700,203.371,203.5055,203.273,203.4345,60.38322101810592,49.49922477170602,,,
1763139600,203.4345,203.5745,203.384,203.5095,62.04180476708584,51.78209149334727,,,
1763140500,203.5095,203.593,203.4545,203.581,63.60609164463975,53.016505712286495,,,
1763141400,203.581,203.61,203.4815,203.502,60.63288683935658,54.10303516890138,,,
1763142300,203.502,203.5495,203.428,203.53,61.32295973762817,55.100993781170054,,,
1763143200,203.53,203.5785,203.279,203.5675,62.27669760766126,55.95556470644742,,,
1763144100,203.5675,203.5695,203.4295,203.487,58.91798403441717,56.400485269971796,,,
1763145000,203.487,203.535,203.3935,203.4045,55.607989047592866,57.078968164776306,,,
1763145900,203.4045,203.4715,203.3705,203.4385,56.687925243392726,57.69477474811794,,,
1763146800,203.4385,203.479,203.3615,203.3905,54.66603373961345,58.47536903215736,,,
1763147700,203.3905,203.4335,203.3645,203.3925,54.73847232072494,58.961949740715035,,,
1763148600,203.3925,203.476,203.3335,203.44,56.5156368215403,58.98192711210202,,,
1763149500,203.44,203.5065,203.3925,203.4775,57.920366353640425,58.87799541356305,,,
1763150400,203.4775,203.4865,203.3935,203.436,55.77310011353174,58.64936923492369,,,
1763151300,203.436,203.4645,203.399,203.4445,56.13182349967352,58.34569798360708,,,
1763152200,203.4445,203.5025,203.429,203.472,57.33746530360957,58.00967373621592,,,
1763153100,203.472,203.52,203.46,203.4925,58.25843075497079,57.62769795838243,,,
1763154000,203.4925,203.565,203.4755,203.565,61.42960158486558,57.68460615449021,,,
1763154900,203.565,203.6035,203.5565,203.5645,61.39495979951422,57.6897490160535,,,
1763155800,203.5645,203.6135,203.4965,203.608,63.332318146903816,57.76515048314225,,,
1763156700,203.608,203.618,203.52,203.54,58.39861687892327,57.72805282917841,,,
1763330400,203.54,203.54,203.4055,203.4905,55.03747433857572,57.68730177853433,,,
1763331300,203.4905,203.5215,203.3365,203.467,53.46423403006079,57.45703812043919,,,
1763332200,203.467,203.4955,203.4355,203.446,52.0328688234384,57.26895491214098,,,
1763333100,203.446,203.54,203.4185,203.493,54.94048368008028,57.283384294952064,,,
1763334000,203.493,203.546,203.387,203.4785,53.85585548222753,57.093399913572576,,,
1763334900,203.4785,203.508,203.4525,203.4905,54.65371792949606,56.86006788327655,,,
1763335800,203.4905,203.5045,203.433,203.4535,51.686213961445816,56.568147443841845,,,
1763336700,203.4535,203.4755,203.3645,203.4315,49.949576953083096,56.126558404799674,,,
1763337600,203.4315,203.471,203.22,203.2655,39.23687868157441,54.833659360368586,,,
1763338500,203.2655,203.297,203.141,203.289,41.16076125789336,53.61239725343449,,,
1763339400,203.289,203.4035,203.279,203.354,46.23177048251666,52.52683788898099,,,
1763340300,203.354,203.4615,203.34,203.4425,52.26412479737089,51.87463538882789,,,
1763341200,203.4425,203.4795,203.349,203.467,53.809112096457746,51.19440638522461,,,
1763342100,203.467,203.5335,203.437,203.4795,54.6161792844396,50.92423227133292,,,
1763343000,203.4795,203.512,203.3535,203.38,47.5014554339311,50.38594520671545,,,
1763343900,203.38,203.4345,203.3525,203.362,46.32576379715998,49.876054475793964,,,
1763344800,203.362,203.435,203.3315,203.424,50.839219166983256,49.79079378604717,,,
1763345700,203.424,203.444,203.37,203.371,47.186393639390985,49.23693021171221,,,
1763346600,203.371,203.454,203.3535,203.451,52.7097204360648,49.155063422700586,,,
1763347500,203.451,203.474,203.4265,203.452,52.77620342120592,49.020955243537,,,
1763348400,203.452,203.54,203.4425,203.4535,52.88320503139477,49.10645460567622,,,
1763349300,203.4535,203.4665,203.3935,203.4015,48.75864341740873,49.02138792455662,,,
1763350200,203.4015,203.418,203.3095,203.379,47.04873885151293,49.57937793669509,,,
1763351100,203.379,203.442,203.361,203.3765,46.85213509177661,49.98590463911531,,,
1763352000,203.3765,203.4025,203.336,203.3575,45.30272481541623,49.91954423432243,,,
1763352900,203.3575,203.377,203.314,203.3245,42.66371653631252,49.233800787103974,,,
1763353800,203.3245,203.386,203.2845,203.3725,47.458114325648026,48.780158089188994,,,
1763354700,203.3725,203.3895,203.346,203.3605,46.413223419803835,48.19423267028644,,,
1763355600,203.3605,203.421,203.3595,203.387,49.079483921059726,48.306948990795625,,,
1763356500,203.387,203.39,203.3175,203.3555,46.1406310872031,48.29372522579871,,,
1763357400,203.3555,203.3595,203.2895,203.329,43.76631862129439,47.78851804396379,,,
1763358300,203.329,203.376,203.304,203.3135,42.39224112593003,47.44607857871658,,,
1763359200,203.3135,203.419,203.3005,203.3785,49.545983497965615,47.22009736885235,,,
1763360100,203.3785,203.4075,203.33,203.3495,46.75625851609681,46.7901013042017,,,
1763361000,203.3495,203.409,203.3425,203.397,51.56662299749021,46.696059730351365,,,
1763361900,203.397,203.412,203.3175,203.3885,50.68416965303811,46.83359731861061,,,
1763362800,203.3885,203.5925,203.3865,203.5665,64.4168021417579,48.07417326791382,,,
1763363700,203.5665,203.86,203.5605,203.7815,73.87849400969459,50.004627476336545,,,
1763364600,203.7815,203.847,203.7295,203.7335,69.43917996008052,51.728659986669705,,,
1763365500,203.7335,203.852,203.713,203.815,72.4646288767699,53.857296582416666,,,
1763366400,203.815,203.9075,203.7445,203.8225,72.73215364545105,55.66258510525974,,,
1763367300,203.8225,203.8235,203.6625,203.693,61.60287030352317,56.74755988266826,,,
1763368200,203.693,203.872,203.691,203.751,64.24197819435176,57.830595187903405,,,
1763369100,203.751,203.753,203.6195,203.6855,59.28621970723008,58.76956580361962,,,
1763370000,203.6855,203.7055,203.58,203.667,57.92700699020375,59.78104354425601,,,
1763370900,203.667,203.7925,203.657,203.778,63.355490432772555,61.278418494744756,,,
1763371800,203.778,203.8345,203.701,203.813,64.89361317019876,62.37467775704713,,,
1763372700,203.813,203.8265,203.7195,203.7275,58.440373228563296,63.20925737936616,,,
1763373600,203.7275,203.783,203.672,203.6925,55.98599293375798,63.524926660528145,,,
1763374500,203.6925,203.7305,203.648,203.708,56.85027449765772,63.96536272085812,,,
1763375400,203.708,203.852,203.682,203.8045,61.87032148781694,63.783471245576614,,,
1763376300,203.8045,203.8305,203.625,203.683,53.44023966020138,62.323595934898535,,,
1763377200,203.683,203.8545,203.621,203.7995,59.183047960605464,61.591015077793166,,,
1763378100,203.7995,203.865,203.741,203.796,58.94780964661965,60.62552798992529,,,
1763379000,203.796,203.924,203.794,203.855,61.710659399530876,59.838278400930996,,,
1763379900,203.855,204.0325,203.854,204.0265,68.37361961747209,60.321903351927304,,,
1763380800,204.0265,204.068,203.97,204.03,68.49411478305882,60.625627393977815,,,
1763381700,204.03,204.117,204.0015,204.064,69.70174321908573,61.369593359110354,,,
1763382600,204.064,204.217,204.0235,204.1945,73.8455830888628,62.506634509014575,,,
1763383500,204.1945,204.2045,204.0685,204.0875,65.88851635340237,62.687564931916704,,,
1763384400,204.0875,204.2545,204.0875,204.1295,67.37457140429768,62.86477623435234,,,
1763385300,204.1295,204.227,204.115,204.1775,69.03486138803606,63.62152538860039,,,
1763386200,204.1775,204.214,204.0235,204.0245,58.76868801151113,63.82028932272562,,,
1763387100,204.0245,204.1075,204.018,204.04,59.42695591646161,64.00433799549732,,,
1763388000,204.04,204.1095,203.9965,204.07,60.733639444481334,63.92314642097335,,,
1763388900,204.07,204.144,204.021,204.036,58.436642463220444,64.28003233547473,,,
1763389800,204.036,204.1015,203.9695,204.0425,58.75778088287036,64.2496561156365,,,
1763390700,204.0425,204.151,204.032,204.0995,61.56246138020915,64.43641695375004,,,
1763391600,204.0995,204.4285,204.079,204.4125,72.58684932850231,65.21328766296229,,,
1763392500,204.4125,204.4665,204.2985,204.4415,73.34952896566867,65.56870975926203,,,
1763393400,204.4415,204.476,204.3465,204.468,74.05974424484293,65.96625472081804,,,
1763394300,204.468,204.5185,204.365,204.509,75.16258834299109,66.35631508681129,,,
1763395200,204.509,204.509,204.25,204.259,58.75852048967174,65.27866775829764,,,
1763396100,204.259,204.3755,204.21,204.3745,62.79814571931489,65.05792699871996,,,
1763397000,204.3745,204.4715,204.3705,204.4175,64.20391336694581,64.83145142462341,,,
1763397900,204.4175,204.521,204.408,204.521,67.39735089275194,64.71448638924598,,,
1763398800,204.521,204.529,204.461,204.4685,64.26547713981708,65.10711418412497,,,
1763399700,204.4685,204.5095,204.3845,204.4665,64.14319377614183,65.44398831695928,,,
1763400600,204.4665,204.4705,204.4,204.428,61.7090085284746,65.51365753724451,,,
1763401500,204.428,204.428,204.3355,204.349,56.93449058150485,65.40636097426481,,,
1763402400,204.349,204.3745,204.279,204.323,55.41485960146568,65.1675808827359,,,
1763403300,204.323,204.3265,204.254,204.274,52.567219370778616,64.52506359634802,,,
1763404200,204.274,204.333,204.263,204.3265,55.22224723612852,63.284734875464174,,,
1763405100,204.3265,204.3375,204.1535,204.1695,46.7879393689849,61.38747847570106,,,
1763406000,204.1695,204.195,204.0875,204.1895,47.880019842109924,59.517498161220125,,,
1763406900,204.1895,204.221,204.1275,204.1585,46.29408107950091,57.45546192811368,,,
1763407800,204.1585,204.1695,204.0235,204.1095,43.823181662023636,56.3886520118531,,,
1763408700,204.1095,204.1685,204.0525,204.0925,42.96634984665112,54.97209516380569,,,
1763409600,204.0925,204.1185,204.042,204.072,41.90240228402271,53.37913008645405,,,
1763410500,204.072,204.139,204.0645,204.1235,45.550163449437605,51.81861669764588,,,
1763411400,204.1235,204.187,204.088,204.1835,49.526306589455935,50.76581880119151,,,
1763412300,204.1835,204.228,204.1535,204.194,50.21150626675102,49.77069826480645,,,
1763413200,204.194,204.229,204.1885,204.221,52.01540857427736,49.07829826807807,,,
1763414100,204.221,204.237,204.205,204.2315,52.732633950365404,48.77816565156811,,,
1763415000,204.2315,204.2665,204.2195,204.2515,54.1387624021119,48.68701585161427,,,
1763415900,204.2515,204.2595,204.208,204.232,52.498915788827155,48.682137024332015,,,
1763416800,204.232,204.3055,204.1585,204.3055,57.69977387642365,48.85910321292452,,,
1763417700,204.3055,204.3115,204.2255,204.237,51.98691562388959,49.23045865970342,,,
1763418600,204.237,204.2555,204.2,204.2015,49.26461017248623,49.32935796901602,,,
1763419500,204.2015,204.215,204.16,204.1925,48.57020715906797,49.49193840327081,,,
1763420400,204.1925,204.2545,204.1385,204.201,49.29710008948511,49.88293257666091,,,
1763421300,204.201,204.228,204.1745,204.2185,50.83770619377928,50.4451723157415,,,
1763422200,204.2185,204.267,204.1735,204.231,51.960535199748605,51.1636103811505,,,
1763423100,204.231,204.283,204.188,204.2775,55.987562126896506,51.90913885811185,,,
1763424000,204.2775,204.301,204.131,204.133,43.722032771351046,51.49454787110436,,,
1763424900,204.133,204.142,204.057,204.101,41.551110905366095,50.87594820243401,,,
1763425800,204.101,204.146,204.0605,204.0645,39.16251858821152,49.95788463200074,,,
1763426700,204.0645,204.219,204.0645,204.1435,46.351040562748885,49.50205653288527,,,
1763427600,204.1435,204.217,204.089,204.1905,50.12669288241032,49.21548013862087,,,
1763428500,204.1905,204.247,204.126,204.151,47.12500180984428,48.8316291401221,,,
1763429400,204.151,204.203,204.083,204.112,44.30406895019915,47.8747930739632,,,
1763430300,204.112,204.1585,204.089,204.109,44.085454921537746,47.31040302379521,,,
1763431200,204.109,204.2025,204.082,204.1525,48.085593117448475,47.22618751986395,,,
1763432100,204.1525,204.1685,204.076,204.0995,43.95919413253992,46.89682944654051,,,
1763433000,204.0995,204.158,204.094,204.1475,48.28735177567244,46.82470456698246,,,
1763433900,204.1475,204.204,204.1225,204.125,46.47539532493394,46.51311093349351,,,
1763434800,204.125,204.127,204.043,204.047,40.76462623632864,45.71340315039208,,,
1763435700,204.047,204.108,204.047,204.062,42.23463646951029,44.731051317721644,,,
1763436600,204.062,204.096,204.045,204.0765,43.689394779111964,44.72872003256172,,,
1763437500,204.0765,204.099,204.021,204.0465,41.368117452254715,44.71564907162519,,,
1763438400,204.0465,204.0575,203.883,203.889,31.81192415186551,44.19060661188619,,,
1763439300,203.889,203.893,203.705,203.7855,27.342055126364855,42.83282193785875,,,
1763440200,203.7855,203.96,203.7855,203.944,41.011370558345924,42.18172748613987,,,
1763441100,203.944,204.0915,203.882,204.0915,50.368968732426225,42.413439409181436,,,
1763442000,204.0915,204.1325,204.008,204.131,52.5402270793351,43.00173641840543,,,
1763442900,204.131,204.1595,204.076,204.097,50.49259285741526,43.45938912811096,,,
1763443800,204.097,204.1135,204.032,204.064,48.51622780141899,43.490148748394574,,,
1763444700,204.064,204.146,204.064,204.1075,51.22632563222951,44.00922956980097,,,
1763445600,204.1075,204.1665,204.086,204.1325,52.76523074254656,44.32907806743484,,,
1763446500,204.1325,204.165,204.044,204.077,49.064152021425045,44.51398926004135,,,
1763447400,204.077,204.077,203.843,203.9115,40.04410552209446,44.4625234947389,,,
1763448300,203.9115,204.0825,203.897,204.046,48.35391150053068,44.89961456838322,,,
1763449200,204.046,204.0835,203.865,203.966,44.41112585938979,44.95116678840306,,,
1763450100,203.966,204.02,203.832,203.918,42.188328813413555,45.00975331420012,,,
1763451000,203.918,204.0485,203.884,203.991,46.56831931861141,46.06378154039625,,,
1763451900,203.991,204.0225,203.78,203.8295,39.447756755052204,46.92847451387392,,,
1763452800,203.8295,204.2095,203.813,204.107,52.80207669572215,47.77066780940079,,,
1763453700,204.107,204.1825,204.05,204.1435,54.231857261090305,48.04658841859108,,,
1763454600,204.1435,204.303,204.1245,204.2505,58.22687793375828,48.452777765335604,,,
1763455500,204.2505,204.2505,204.0625,204.0915,51.09026810889206,48.4954688547268,,,
1763456400,204.0915,204.197,204.008,204.137,52.87043546123555,48.80648368757084,,,
1763457300,204.137,204.2755,204.133,204.2125,55.74858248573673,49.129502034249924,,,
1763458200,204.2125,204.259,204.077,204.218,55.959577138789285,49.35766963398155,,,
1763459100,204.218,204.2215,204.1435,204.1765,53.8723011370126,49.70110885652351,,,
1763460000,204.1765,204.232,204.1495,204.171,53.587025696586174,50.66846029755863,,,
1763460900,204.171,204.1985,204.062,204.178,53.92146518686678,51.0661427037255,,,
1763461800,204.178,204.257,204.167,204.1895,54.50150745754769,51.78688424645106,,,
1763462700,204.1895,204.3605,204.157,204.352,61.81597754183077,53.18885915562372,,,
1763463600,204.352,204.363,204.2165,204.2505,55.783584405376516,53.847092376106936,,,
1763464500,204.2505,204.2855,204.21,204.261,56.25912143182896,55.04790413873385,,,
1763465400,204.261,204.3,204.192,204.2615,56.28323237703132,55.29655811597022,,,
1763466300,204.2615,204.3005,204.193,204.246,55.26620474429084,55.370440079055975,,,
1763467200,204.246,204.275,204.1245,204.195,51.94050490120824,54.92141343387383,,,
1763468100,204.195,204.2755,204.1835,204.2255,53.73360055540419,55.110222894338975,,,
1763469000,204.2255,204.264,204.1585,204.169,50.01118630274977,54.905990811589994,,,
1763469900,204.169,204.1795,204.076,204.115,46.68257159967414,54.258418605442664,,,
1763470800,204.115,204.2285,203.912,203.964,38.888185406586146,53.039033481713865,,,
1763471700,203.964,204.038,203.9135,203.967,39.10572215041153,51.984277839813785,,,
1763472600,203.967,204.0875,203.899,204.0025,41.748183819325945,51.13864627715235,,,
1763473500,204.0025,204.1975,203.984,204.1115,49.057772965273756,50.7912396898957,,,
1763474400,204.1115,204.207,204.07,204.1575,51.806238754374725,50.598720496811914,,,
1763475300,204.1575,204.274,204.1545,204.2705,57.82579659662315,50.31370757215423,,,
1763476200,204.2705,204.4835,204.211,204.3365,60.8978225987137,50.67901030024974,,,
1763477100,204.3365,204.405,204.199,204.2545,55.489717611722845,50.62405288452788,,,
1763478000,204.2545,204.284,203.991,204.1035,47.18060519268946,49.97386522850346,,,
1763478900,204.1035,204.3455,204.0445,204.315,56.912758083803475,50.09147618132579,,,
1763479800,204.315,204.337,204.1835,204.197,51.24015665545491,50.04145130662913,,,
1763480700,204.197,204.206,203.9975,204.0955,46.90905808228018,49.55398398712027,,,
1763481600,204.0955,204.241,204.0525,204.166,50.066171901645816,49.557911529898554,,,
1763482500,204.166,204.312,204.0855,204.27,54.376291291116196,50.10746293643013,,,
1763483400,204.27,204.3625,204.261,204.344,57.20672523835684,51.4159300672709,,,
1763484300,204.344,204.4085,204.301,204.4045,59.423131190262716,52.86717357011741,,,
1763485200,204.4045,204.461,204.369,204.41,59.62784526971545,54.14429224514522,,,
1763486100,204.41,204.492,204.3575,204.3645,57.06302259341433,54.71609579001241,,,
1763487000,204.3645,204.5525,204.348,204.5375,63.49292846889993,55.55085934104993,,,
1763487900,204.5375,204.5995,204.5025,204.594,65.31953532281457,56.08612639292075,,,
1763488800,204.594,204.707,204.569,204.681,67.97653722735828,56.59174886639537,,,
1763489700,204.681,204.7095,204.6325,204.699,68.51401703107804,57.522055967777874,,,
1763490600,204.699,204.746,204.6645,204.674,66.83615026414921,58.92602347288215,,,
1763491500,204.674,204.716,204.628,204.648,65.05189888219014,59.50739067276691,,,
1763492400,204.648,204.68,204.5605,204.61,62.4287427792049,60.30657539589191,,,
1763493300,204.61,204.632,204.5605,204.567,59.50469199099145,61.206263532228434,,,
1763494200,204.567,204.663,204.551,204.6065,61.297969086778,62.00853475973788,,,
1763495100,204.6065,204.673,204.5765,204.597,60.60286942738699,62.453290340900075,,,
1763496000,204.597,204.598,204.546,204.562,57.99365027557907,62.50949927213024,,,
1763496900,204.562,204.5835,204.5085,204.5525,57.27286398907704,62.35590875775983,,,
1763497800,204.5525,204.5765,204.494,204.513,54.25352283119075,61.972028583579494,,,
1763498700,204.513,204.52,204.449,204.4685,50.992052882008025,61.53838788990762,,,
1763499600,204.4685,204.503,204.4275,204.497,52.94314540568896,60.78483195682112,,,
1763500500,204.497,204.498,204.4365,204.448,49.30844543163057,59.64118267887941,,,
1763501400,204.448,204.4605,204.408,204.441,48.793093597639015,58.27093670532803,,,
1763502300,204.441,204.5225,204.4225,204.4305,47.98298045407837,56.8044340926852,,,
1763503200,204.4305,204.528,204.4265,204.48,52.02675559309278,55.74662018760973,,,
1763504100,204.48,204.504,204.4065,204.44,48.73006634399538,54.580775006310105,,,
1763505000,204.44,204.4665,204.394,204.4365,48.440828201387525,53.58163825075172,,,
1763505900,204.4365,204.525,204.4355,204.507,54.32209035733597,53.21145241977633,,,
1763506800,204.507,204.509,204.4235,204.464,50.53568760628256,52.44271802831237,,,
1763507700,204.464,204.5055,204.4325,204.4795,51.838839976547476,51.81671592468098,,,
1763508600,204.4795,204.522,204.473,204.521,55.239034399002456,51.61995764778265,,,
1763509500,204.521,204.555,204.4845,204.4855,51.86575396727572,51.23373550336827,,,
1763510400,204.4855,204.5085,204.3435,204.384,43.65691423261239,50.4768348891841,,,
1763511300,204.384,204.397,204.317,204.335,40.33775896448117,49.715813895075044,,,
1763512200,204.335,204.383,204.302,204.309,38.65826353235329,48.69546518983678,,,
1763513100,204.309,204.3275,204.2305,204.307,38.52538483036904,47.92524657546095,,,
1763514000,204.307,204.325,204.224,204.277,36.49878772859859,47.04708187052949,,,
1763514900,204.277,204.3565,204.2555,204.3035,39.52504129802898,46.4429433593831,,,
1763515800,204.3035,204.342,204.2565,204.288,38.373124867648215,45.467684021851355,,,
1763516700,204.288,204.3085,204.1675,204.212,33.25539530510396,44.36235037621625,,,
1763517600,204.212,204.251,204.0915,204.0955,27.25484706371975,42.84906600923997,,,
1763518500,204.0955,204.15,204.068,204.122,30.334156607919837,41.13564216999597,,,
1763519400,204.122,204.1905,204.0995,204.1035,29.39856575323769,39.625847751921334,,,
1763520300,204.1035,204.1525,204.067,204.097,29.05943473247801,37.99874737734495,,,
1763521200,204.097,204.1165,204.009,204.0165,25.184673810157662,35.852007335284604,,,
1763522100,204.0165,204.1325,203.9895,204.061,30.686705701684446,34.339218173456665,,,
1763523000,204.061,204.1165,204.0425,204.069,31.65973042784252,33.48227647311595,,,
1763523900,204.069,204.071,204.0125,204.0575,30.98633511923309,32.8143176270268,,,
1763524800,204.0575,204.141,204.0575,204.131,39.79959309362541,32.895841167117666,,,
1763525700,204.131,204.2225,204.1265,204.1935,46.10258422575837,33.43706969535977,,,
1763526600,204.1935,204.203,204.147,204.149,42.67648024096417,33.87833344624302,,,
1763527500,204.149,204.1615,204.0665,204.097,39.026712293449926,33.842738517344515,,,
1763528400,204.097,204.1445,204.0775,204.116,41.01178692923285,34.031214378886276,,,
1763529300,204.116,204.1735,204.101,204.136,43.111326724627645,34.73520948028082,,,
1763530200,204.136,204.17,204.0695,204.1145,41.40521652907217,35.745950156377425,,,
1763531100,204.1145,204.257,204.0835,204.256,54.24036519176861,37.45353648379519,,,
1763532000,204.256,204.2935,204.211,204.244,53.17653701083339,39.151963002194876,,,
1763532900,204.244,204.3375,204.236,204.296,57.102843286345944,41.15506361318545,,,
1763533800,204.296,204.338,204.2615,204.332,59.62688617714062,43.61522163939851,,,
1763534700,204.332,204.4925,204.2705,204.454,66.7639508060718,46.19216771828332,,,
1763535600,204.454,204.5185,204.209,204.4045,61.97670304773604,48.35766576256144,,,
1763536500,204.4045,204.427,204.334,204.363,58.20830793362843,50.3020923921611,,,
1763537400,204.363,204.4105,204.2345,204.398,60.39545325930887,51.7732252611385,,,
1763538300,204.398,204.4145,204.31,204.387,59.34427626493383,52.71906040679388,,,
1763539200,204.387,204.4585,204.292,204.3485,55.69078818470058,53.648653831346486,,,
1763540100,204.3485,204.476,204.2815,204.467,63.200353630370515,55.37534249826938,,,
1763541000,204.467,204.48,204.317,204.368,54.83841120157758,56.362958517722575,,,
1763541900,204.368,204.368,204.1955,204.265,47.758539104880086,56.69490225916918,,,
1763542800,204.265,204.381,204.193,204.3775,54.64595840518042,57.64066953603406,,,
1763543700,204.3775,204.394,204.292,204.338,52.051175611272974,57.484298851712936,,,
1763544600,204.338,204.565,204.2515,204.5315,61.65634499319913,58.08999942188192,,,
1763545500,204.5315,204.747,204.524,204.7215,68.35884352658104,58.89399943904157,,,
1763546400,204.7215,204.726,204.5085,204.6085,61.47613610438013,59.026088719558686,,,
1763547300,204.6085,204.6905,204.589,204.684,64.07852364370751,58.83427249367552,,,
1763548200,204.684,204.901,204.6505,204.858,69.23635260020279,59.35281889028029,,,
1763549100,204.858,204.9065,204.5675,204.759,63.637530049821514,59.74062047000837,,,
1763550000,204.759,204.95,204.7525,204.908,67.85122171277473,60.273175359541646,,,
1763550900,204.908,204.9605,204.8605,204.9085,67.86467909036422,60.881775561358104,,,
1763551800,204.9085,204.934,204.797,204.826,63.16628010649651,61.41573927005782,,,
1763552700,204.826,204.927,204.7495,204.927,66.24711940719556,61.633365396973886,,,
1763553600,204.927,204.952,204.8735,204.911,65.3151097386334,62.38170100676359,,,
1763554500,204.911,204.9765,204.886,204.933,66.02293596348449,63.68630078237819,,,
1763555400,204.933,205.0195,204.9095,205.0175,68.66775829948534,64.68785791768569,,,
1763556300,205.0175,205.0175,204.899,204.9685,65.48449059513044,65.64738041653266,,,
1763557200,204.9685,204.9805,204.792,204.8685,59.42953162999614,65.48832231916101,,,
1763558100,204.8685,204.9165,204.7785,204.8665,59.31141101870715,64.84207714002716,,,
1763559000,204.8665,204.936,204.8405,204.888,60.22659683014279,64.75282433472448,,,
1763559900,204.888,205.047,204.869,205.029,65.67871786523804,64.86712392197667,,,
1763560800,205.029,205.1505,204.99,204.994,63.35704376852789,64.44717329114275,,,
1763561700,204.994,205.092,204.969,204.9765,62.17362763627959,64.3426088330326,,,
1763562600,204.9765,205.1875,204.9465,205.1055,67.0581970956666,64.28596421752488,,,
1763563500,205.1055,205.3235,205.096,205.3205,73.25662139899167,64.67110295385541,,,
1763564400,205.3205,205.3715,205.253,205.2725,70.08594212345702,65.16536452649545,,,
1763565300,205.2725,205.359,205.16,205.1895,64.85844837678559,65.06617373860902,,,
1763566200,205.1895,205.2375,204.741,204.819,47.74071293874117,63.81085968147386,,,
1763567100,204.819,204.879,204.6585,204.7085,44.01001552570251,62.23850822163229,,,
1763568000,204.7085,204.7875,204.593,204.733,45.035599233201545,60.550496859754865,,,
1763568900,204.733,204.8745,204.733,204.8735,50.621504228300935,59.488854976409904,,,
1763569800,204.8735,204.8785,204.7145,204.7455,46.03176507381808,58.531871650968604,,,
1763570700,204.7455,204.889,204.74,204.809,48.525189193285506,57.76142723486707,,,
1763571600,204.809,204.9005,204.7815,204.8695,50.85491271918863,57.092021226941775,,,
1763572500,204.8695,204.8985,204.7795,204.854,50.22770132947206,55.98837718867277,,,
1763573400,204.854,204.8855,204.723,204.8475,49.94948769925671,55.03069461229626,,,
1763574300,204.8475,204.8775,204.774,204.849,50.01829092310974,54.16245627564127,,,
1763575200,204.849,204.981,204.839,204.973,55.468159342044565,53.33459643609684,,,
1763576100,204.973,205.0245,204.939,204.957,54.64027292864826,52.00485725964374,,,
1763577000,204.957,205.071,204.944,205.0045,56.706181980559585,51.049160106579635,,,
1763577900,205.0045,205.0045,204.8475,204.879,50.20062228922386,50.00217252889666,,,
1763578800,204.879,204.9425,204.7815,204.823,47.57769276950575,49.990528231094125,,,
1763579700,204.823,204.8525,204.7405,204.7795,45.58524156584437,50.103044376818545,,,
1763580600,204.7795,204.841,204.7415,204.821,47.82989625528562,50.30263702125312,,,
1763581500,204.821,204.881,204.8,204.8565,49.73984451310447,50.23966132731051,,,
1763582400,204.8565,204.9035,204.821,204.877,50.858656520081446,50.584439287757895,,,
1763583300,204.877,204.961,204.877,204.9165,53.028343509962276,50.90609316752052,,,
1763584200,204.9165,204.934,204.867,204.8935,51.5997358914742,50.95929482268378,,,
1763585100,204.8935,204.907,204.802,204.833,47.94105360915188,50.795962842660906,,,
1763586000,204.833,204.909,204.8155,204.9035,52.19479271538352,50.95634177238425,,,
1763586900,204.9035,205.0065,204.842,204.9555,55.10845327208156,51.31992479731081,,,
1763587800,204.9555,205.224,204.9545,205.224,66.47167022141005,52.10588986012262,,,
1763588700,205.224,205.298,205.209,205.2415,67.05697046769056,52.992796827197076,,,
1763589600,205.2415,205.254,205.094,205.137,60.28886916574058,53.248703054710006,,,
1763590500,205.137,205.181,205.137,205.1675,61.509936958512476,54.05651124537347,,,
1763591400,205.1675,205.1705,205.086,205.095,57.021558631203455,54.731073092637594,,,
1763592300,205.095,205.128,205.091,205.1135,57.866430468679255,55.608300871411515,,,
1763593200,205.1135,205.1765,205.0195,205.0785,55.63803160455504,56.16602482493075,,,
1763594100,205.0785,205.0965,205.0105,205.096,56.53922579060484,56.65169491618078,,,
1763595000,205.096,205.162,205.07,205.088,55.979375071039904,57.017460526963525,,,
1763595900,205.088,205.1195,205.0305,205.046,53.01155923012767,57.01626164983248,,,
1763596800,205.046,205.057,204.8185,204.851,41.90368156999461,56.32368634115537,,,
1763597700,204.851,205.147,204.809,205.135,56.27405679000296,56.91890085407331,,,
1763598600,205.135,205.1555,205.0265,205.1365,56.33549035041895,57.214664970861556,,,
1763599500,205.1365,205.1675,205.0095,205.0585,52.226409416187494,57.00880469544055,,,
1763600400,205.0585,205.0945,204.992,205.0185,50.204080883968444,55.84683402848043,,,
1763601300,205.0185,205.1425,204.972,205.097,53.971009089597,54.912122501473746,,,
1763602200,205.097,205.2725,205.005,205.2605,60.648162966854585,54.93778634441047,,,
1763603100,205.2605,205.394,205.2275,205.379,64.65062273312358,55.16212104259698,,,
1763604000,205.379,205.408,205.2245,205.315,61.03968064183362,55.449129757641984,,,
1763604900,205.315,205.3765,205.256,205.329,61.54565208663176,55.711931301781455,,,
1763605800,205.329,205.3445,205.2605,205.31,60.39922843111018,56.05201678939254,,,
1763606700,205.31,205.3595,205.2875,205.331,61.25819834354022,56.38908625745935,,,
1763607600,205.331,205.4375,205.328,205.3665,62.72992877033143,56.8712686645516,,,
1763608500,205.3665,205.37,205.277,205.3445,61.17886768794057,57.454647840109665,,,
1763609400,205.3445,205.371,205.2265,205.2545,55.16913951330604,58.4021805503462,,,
1763610300,205.2545,205.378,205.1865,205.377,60.81183467074068,58.72630754182747,,,
1763611200,205.377,205.3815,205.2575,205.339,58.35801731734769,58.870773753750946,,,
1763612100,205.339,205.398,205.2895,205.3755,60.02649465631625,59.42792269947443,,,
1763613000,205.3755,205.521,205.3485,205.518,65.78956809378514,60.5411717858899,,,
1763613900,205.518,205.577,205.4775,205.541,66.6259196738365,61.445093970478446,,,
1763614800,205.541,205.7215,205.5325,205.6095,69.0525447801756,62.04540695714423,,,
1763615700,205.6095,205.6755,205.58,205.6135,69.19340591056198,62.3698914698184,,,
1763616600,205.6135,205.6575,205.531,205.6075,68.68836639911103,62.91622616676678,,,
1763617500,205.6075,205.6755,205.5255,205.6625,70.79285183275812,63.57674043434724,,,
1763618400,205.6625,205.802,205.626,205.7695,74.39797630869707,64.57665099703202,,,
1763619300,205.7695,205.876,205.741,205.8005,75.34739236838821,65.58302199880687,,,
1763620200,205.8005,205.937,205.8005,205.9295,78.86048774905015,66.73520478300108,,,
1763621100,205.9295,206.05,205.901,206.049,81.49170320190677,68.18612160542723,,,
1763622000,206.049,206.049,205.905,205.9675,74.66583697211121,69.57874285248474,,,
1763622900,205.9675,205.977,205.841,205.914,70.49173155058136,70.27016405818765,,,
1763623800,205.914,205.9335,205.747,205.783,61.435217360971706,70.48996406130365,,,
1763624700,205.783,205.828,205.6515,205.789,61.678065597691436,70.60793341425902,,,
1763625600,205.789,205.882,205.449,205.473,45.44637295781075,69.1548480474037,,,
1763626500,205.473,205.65,205.458,205.552,49.05591049543488,67.89984739180359,,,
1763627400,205.552,205.5675,205.368,205.401,43.175592912631956,66.05149368697904,,,
1763628300,205.401,205.412,205.3025,205.323,40.47651807804782,64.00028741322804,,,
1763629200,205.323,205.4975,205.323,205.423,45.20586097880073,62.32296559749158,,,
1763630100,205.423,205.5175,205.381,205.486,48.00851770494957,60.69551315979096,,,
1763631000,205.486,205.534,205.4,205.4275,45.672426029842974,58.64368813987282,,,
1763631900,205.4275,205.5805,205.354,205.5765,52.06972426913255,56.980997561354556,,,
1763632800,205.5765,205.7335,205.553,205.702,56.69518130650612,55.397761386887126,,,
1763633700,205.702,205.8045,205.702,205.78,59.32262378210612,53.81425571404423,,,
1763634600,205.78,205.82,205.7445,205.795,59.82741077488205,52.75436812852786,,,
1763635500,205.795,205.844,205.746,205.751,57.5705653301634,51.831427684212294,,,
1763636400,205.751,205.824,205.712,205.772,58.377577830997296,51.61302486064269,,,
1763637300,205.772,205.804,205.6235,205.756,57.480522776766655,51.31320037343378,,,
1763638200,205.756,205.783,205.704,205.778,58.42649215453892,52.24035174462865,,,
1763639100,205.778,205.8215,205.7465,205.786,58.78557150695027,52.935327531165456,,,
1763640000,205.786,205.955,205.77,205.9375,64.95816808948986,54.49122575808388,,,
1763640900,205.9375,205.9505,205.8465,205.8895,61.800102847392296,56.014338955894196,,,
1763641800,205.8895,206,205.8895,205.961,64.56376168795401,57.39704614940515,,,
1763642700,205.961,206.022,205.907,205.912,61.29114820092967,58.34580547054659,,,
1763643600,205.912,206.011,205.853,205.9665,63.50680689275816,59.619689817897665,,,
1763644500,205.9665,205.9875,205.8195,205.8635,56.88036557346425,59.96330705392136,,,
1763645400,205.8635,206.1605,205.6835,206.137,66.7895801831353,60.68433554510916,,,
1763646300,206.137,206.465,206.1235,206.352,72.19837136188733,61.604031800807824,,,
1763647200,206.352,206.483,206.33,206.395,73.14055920145879,62.55497097413473,,,
1763648100,206.395,206.614,206.3705,206.5915,76.97987409689607,63.941350171758494,,,
1763649000,206.5915,206.799,206.5285,206.793,80.11827243290871,65.49425692903789,,,
1763649900,206.793,206.86,206.607,206.6745,73.75042187838284,66.65639257915333,,,
1763650800,206.6745,206.8165,206.64,206.768,75.41107444961884,67.8695770288019,,,
1763651700,206.768,206.818,206.64,206.7455,74.19465139237599,68.97022559204659,,,
1763652600,206.7455,206.751,206.564,206.6435,68.77834095951329,69.24309508276255,,,
1763653500,206.6435,206.6475,206.4445,206.48,61.08102153373044,69.19173213178671,,,
1763654400,206.48,206.4895,206.125,206.153,49.217314670078046,68.09555734479555,,,
1763655300,206.153,206.292,206.035,206.1815,50.126527414576465,67.29808443148463,,,
1763656200,206.1815,206.2175,206.073,206.092,47.26466161840704,66.1379311976024,,,
1763657100,206.092,206.207,205.843,205.86,40.76722014270991,64.9869922382628,,,
1763658000,205.86,206.063,205.689,205.7845,38.89341037089805,62.99440868024585,,,
1763658900,205.7845,205.8885,205.6525,205.862,41.84813804641442,60.826534871997794,,,
1763659800,205.862,205.926,205.6705,205.724,38.297084702818736,58.33771526495207,,,
1763660700,205.724,205.892,205.682,205.847,42.944280309448494,55.90660142299153,,,
1763661600,205.847,206.1675,205.822,206.1615,52.74453816842885,53.9513346898144,,,
1763662500,206.1615,206.21,206.038,206.089,50.58737736843119,52.29683151053213,,,
1763663400,206.089,206.144,205.948,205.96,46.91103124502635,50.26111413877553,,,
1763664300,205.96,205.984,205.7985,205.888,44.9476324562777,48.17204135762565,,,
1763665200,205.888,206.051,205.837,206.045,49.87422327585285,46.8217472373642,,,
1763666100,206.045,206.1515,206.008,206.123,52.16456283073416,46.184857330007326,,,
1763667000,206.123,206.183,206.07,206.0925,51.17980975600256,46.32503555043049,,,
1763667900,206.0925,206.178,206.0125,206.1765,53.768352120923126,46.58516588659812,,,
1763668800,206.1765,206.2155,206.1095,206.1415,52.51882903115916,46.960463558937555,,,
1763669700,206.1415,206.2225,206.1275,206.1715,53.51597599178904,47.87108897672893,,,
1763670600,206.1715,206.1845,206.0775,206.1055,50.97944475917945,48.73437714732046,,,
1763671500,206.1055,206.1105,205.927,205.9535,45.616944878965356,49.00357763535981,,,
1763672400,205.9535,205.9655,205.8245,205.9265,44.71713445598727,49.46215261772899,,,
1763673300,205.9265,205.944,205.8815,205.9105,44.1612214906546,49.54907698781515,,,
1763674200,205.9105,205.93,205.8765,205.8765,42.93960605655634,48.84872469410997,,,
1763675100,205.8765,205.8825,205.8165,205.882,43.21326446249507,48.32200234368596,,,
1763676000,205.882,205.975,205.8395,205.867,42.61301804856727,48.01500140108173,,,
1763676900,205.867,205.947,205.867,205.9305,46.03066143042498,48.092360613520825,,,
1763677800,205.9305,205.9305,205.8385,205.867,43.25639381480447,47.619658509160224,,,
1763678700,205.867,205.892,205.821,205.8585,42.88380966082028,46.95674756845209,,,
1763679600,205.8585,205.8805,205.645,205.703,36.66237167138355,45.919787705265016,,,
1763680500,205.703,205.813,205.703,205.801,42.33982697653351,45.10346448066576,,,
1763681400,205.801,205.865,205.589,205.8225,43.53564033800469,44.461808145440436,,,
1763682300,205.8225,205.9375,205.7105,205.918,48.63167592691213,44.1129295693778,,,
1763683200,205.918,206.023,205.8965,205.928,49.1492077742246,43.98219835616674,,,
1763684100,205.928,206.019,205.866,205.979,51.81547762116803,44.42495069489549,,,
1763685000,205.979,206.0025,205.86,205.8645,45.98573353809969,44.51556491504639,,,
1763685900,205.8645,205.938,205.76,205.8435,44.986041449726905,44.57448062640869,,,
1763686800,205.8435,205.91,205.74,205.822,43.933018045149595,44.64543862559393,,,
1763687700,205.822,205.9865,205.804,205.986,52.9752704003216,45.34272476401011,,,
1763688600,205.986,205.994,205.8045,205.8815,47.69671549013273,45.705846009836215,,,
1763689500,205.8815,206.049,205.8705,206.026,54.454760659356,46.30756738333129,,,
1763690400,206.026,206.055,205.934,205.955,50.96993247068271,46.85853443017974,,,
1763691300,205.955,205.974,205.8545,205.858,46.58382995424761,47.12282159399597,,,
1763692200,205.858,205.9275,205.813,205.895,48.40757990600734,47.96176503932624,,,
1763693100,205.895,205.899,205.8005,205.8185,44.98755453203947,48.150888436148094,,,
1763694000,205.8185,205.889,205.8,205.878,48.06116198373694,48.47413998227182,,,
1763694900,205.878,205.913,205.85,205.9005,49.216633314041886,48.51592265278109,,,
1763695800,205.9005,205.972,205.883,205.955,52.00203865528885,48.719696287142824,,,
1763696700,205.955,206.011,205.859,205.86,47.14760735405169,48.386276982348804,,,
1763697600,205.86,205.861,205.618,205.739,41.79583705032485,48.08699866179346,,,
1763698500,205.739,205.7895,205.7085,205.757,42.835367091456355,47.93337906477414,,,
1763699400,205.757,205.776,205.676,205.77,43.61857057299359,47.91091853104871,,,
1763700300,205.77,205.8815,205.751,205.869,49.31382623145898,47.649386804701386,,,
1763701200,205.869,205.9075,205.8225,205.874,49.5907795773182,47.78467709664319,,,
1763702100,205.874,205.9615,205.827,205.8865,50.32159788548178,47.48945118422362,,,
1763703000,205.8865,205.9115,205.7835,205.8095,45.90651225152027,47.127778311426304,,,
1763703900,205.8095,205.889,205.7555,205.8005,45.40506474581242,47.04358079653807,,,
1763704800,205.8005,205.8595,205.684,205.691,39.72021419700634,46.42305467446657,,,
1763705700,205.691,205.8025,205.636,205.724,42.07403050697943,46.2149458155337,,,
1763706600,205.724,205.788,205.6765,205.73,42.51356025488718,45.81868854918729,,,
1763707500,205.73,205.797,205.6985,205.752,44.18586445048785,45.45934791607629,,,
1763708400,205.752,205.7525,205.391,205.605,36.53750789190221,44.35473857583439,,,
1763709300,205.605,205.715,205.4705,205.541,33.794785880400084,43.4009656134307,,,
1763710200,205.541,205.565,205.148,205.148,22.58391483747927,42.0286854553703,,,
1763711100,205.148,205.1795,204.8745,205.0245,20.30441658472239,40.41933184774644,,,
1763712000,205.0245,205.1845,204.8235,205.1725,29.489316006519005,39.41009937871254,,,
1763712900,205.1725,205.217,204.976,205.0805,27.377099733846052,37.84319034316876,,,
1763713800,205.0805,205.325,204.9975,205.297,38.53443143801739,37.05345119036156,,,
1763714700,205.297,205.6215,205.2895,205.535,47.99349537896518,36.887158154181805,,,
1763715600,205.535,205.5595,205.296,205.3645,42.90010752509821,36.67241495943737,,,
1763716500,205.3645,205.417,205.1715,205.2525,39.90424559075546,36.27949930550473,,,
1763717400,205.2525,205.2525,204.8585,204.8735,31.80915939909147,35.71442396279652,,,
1763718300,204.8735,204.9595,204.717,204.756,29.791368468887114,34.83709096007564,,,
1763719200,204.756,204.756,204.382,204.475,25.607779316031795,33.62953517872883,,,
1763720100,204.475,204.5365,204.415,204.472,25.566500286697206,32.29958059560092,,,
1763721000,204.472,204.6965,204.462,204.621,31.474737990337815,31.937954174060614,,,
1763721900,204.621,204.8445,204.6175,204.839,39.09230983676802,32.31634874237261,,,
1763722800,204.839,205.001,204.7425,204.9765,43.368479831638886,33.80096052766972,,,
1763723700,204.9765,204.9995,204.7225,204.769,38.92694346306927,35.131141018980216,,,
1763724600,204.769,204.8445,204.716,204.7865,39.48979297397385,35.84546080236985,,,
1763725500,204.7865,204.7865,204.4975,204.62,36.08256700919821,36.467279893466426,,,
1763726400,204.62,204.674,204.5125,204.605,35.7830269852214,36.270751003981005,,,
1763727300,204.605,204.681,204.529,204.576,35.17505489964293,35.355148112600844,,,
1763728200,204.576,204.987,204.5565,204.931,47.03785401617566,35.650701433392086,,,
1763729100,204.931,205.2085,204.898,205.1705,53.25311719305542,36.604192262127796,,,
1763730000,205.1705,205.245,205.051,205.116,51.76443799419895,38.02956930463547,,,
1763730900,205.116,205.281,205.105,205.2165,54.30139590864473,39.780285550332444,,,
1763731800,205.2165,205.2565,205.1465,205.176,53.089601265903404,41.74327283246613,,,
1763732700,205.176,205.2695,205.1025,205.179,53.17296278679452,43.71516301104451,,,
1763733600,205.179,205.2025,205.0115,205.145,52.04417836436832,45.184408752046686,,,
1763734500,205.145,205.145,204.941,205.054,49.04330912272474,45.89519441532931,,,
1763735400,205.054,205.33,205.0115,205.1665,52.6761843563827,46.56003045281101,,,
1763736300,205.1665,205.203,205.0205,205.121,51.08973407739723,47.42880121097729,,,
1763737200,205.121,205.161,204.619,204.7785,41.064165340981695,47.54125638004928,,,
1763738100,204.7785,204.852,204.5165,204.6555,38.16750008057512,47.69018017086192,,,
1763739000,204.6555,204.7775,204.296,204.5725,36.3063737663353,47.727562083798624,,,
1763739900,204.5725,204.8495,204.458,204.827,45.13988254860971,48.43933548729626,,,
1763740800,204.827,204.91,204.617,204.8545,46.01118839591151,48.36600222870596,,,
1763741700,204.8545,205.1195,204.792,205.1005,53.17549533580176,48.36045781033071,,,
1763742600,205.1005,205.1085,204.861,204.969,49.4016249559263,48.19168545045409,,,
1763743500,204.969,205.0765,204.8665,205.0755,52.35104964831743,48.05237500328785,,,
1763744400,205.0755,205.213,205.0755,205.1145,53.42178770929429,48.0761026063872,,,
1763745300,205.1145,205.2385,205.058,205.131,53.893842976716364,48.12759404852448,,,
1763746200,205.131,205.14,205.0165,205.1025,52.896639658493626,48.18848414096199,,,
1763747100,205.1025,205.1475,205.0275,205.079,52.041567788307844,48.402645474217934,,,
1763748000,205.079,205.103,204.9165,204.918,46.496150509144606,47.9612144851295,,,
1763748900,204.918,204.996,204.881,204.995,49.27979878745825,47.831933392991,,,
1763749800,204.995,205.0865,204.9715,205.053,51.333700271342785,48.56547160230251,,,
1763750700,205.053,205.197,204.9845,205.0595,51.57039013412086,49.522820891841484,,,
1763751600,205.0595,205.083,204.9705,205.015,49.78520616217812,50.48559463440169,,,
1763752500,205.015,205.1075,205.0105,205.054,51.37390378790386,50.93088186577984,,,
1763753400,205.054,205.056,204.8495,204.8535,43.716382197034974,50.76696713728865,,,
1763754300,204.8535,204.896,204.8065,204.8355,43.09534327701701,50.04695627594689,,,
1763755200,204.8355,204.9215,204.8265,204.9025,46.16123407056043,49.81549978413505,,,
1763756100,204.9025,204.9445,204.85,204.8565,44.39279901821657,49.24705331055641,,,
1763757000,204.8565,204.9755,204.8345,204.916,47.20993442920995,48.803349504836106,,,
1763757900,204.916,204.965,204.838,204.957,49.12265997944762,48.4625507193169,,,
1763758800,204.957,205.0465,204.953,205.0185,51.93584142313679,48.39392227393427,,,
1763759700,205.0185,205.0305,204.963,204.99,50.54116636426931,48.286750743645804,,,
1763760600,204.99,205.033,204.93,205.0165,51.836290764296294,48.668189333299495,,,
1763761500,205.0165,205.0375,204.818,204.844,43.79665354968779,48.276536102030185,,,
1763935200,204.844,205.0005,204.844,204.982,50.421429640856225,48.21137391413828,,,
1763936100,204.982,205.0255,204.9555,205.017,51.96780563297761,48.239760735485184,,,
1763937000,205.017,205.2275,204.9955,205.0275,52.44699263058222,48.42988834037119,,,
1763937900,205.0275,205.0665,204.9975,205.0085,51.44680836104684,48.43509580988141,,,
1763938800,205.0085,205.126,204.977,205.078,54.839424939757386,49.229598862933,,,
1763939700,205.078,205.1275,205.041,205.0975,55.77318891118393,50.1351592653735,,,
1763940600,205.0975,205.187,205.093,205.166,58.98164796408818,51.0509031149112,,,
1763941500,205.166,205.222,205.165,205.202,60.59939415976262,52.20851705359306,,,
1763942400,205.202,205.2375,205.076,205.103,54.2615474449147,52.71220369757197,,,
1763943300,205.103,205.1985,205.0845,205.173,57.63538552915498,53.32025552255107,,,
1763944200,205.173,205.1965,205.1495,205.1875,58.321209284973236,53.77635322696796,,,
1763945100,205.1875,205.2145,205.1515,205.1545,56.09550259972974,54.173091529500844,,,
1763946000,205.1545,205.1655,205.0925,205.1155,53.49709681358863,54.291720533021724,,,
1763946900,205.1155,205.1975,205.0945,205.149,55.40784001924638,55.12109099513306,,,
1763947800,205.149,205.149,205.049,205.0905,51.43350799908505,55.19338230643512,,,
1763948700,205.0905,205.154,205.0735,205.1295,53.81207193908014,55.325115614013875,,,
1763949600,205.1295,205.2075,205.1245,205.1825,56.90122194994253,55.64327485111104,,,
1763950500,205.1825,205.241,205.1515,205.2285,59.436977977191404,56.21400125226422,,,
1763951400,205.2285,205.2335,205.121,205.126,52.08349122567462,56.01714884411545,,,
1763952300,205.126,205.1985,205.118,205.197,56.1320726366454,56.04278339593412,,,
1763953200,205.197,205.2,205.115,205.169,54.187599328104604,55.70035135050672,,,
1763954100,205.169,205.1985,205.1275,205.1355,51.872347329747356,55.07699086264849,,,
1763955000,205.1355,205.1855,205.101,205.1855,54.96518162924328,55.12725044724339,,,
1763955900,205.1855,205.212,205.156,205.171,53.88374170273877,54.859275888213666,,,
1763956800,205.171,205.2075,205.138,205.1505,52.31654212549749,54.430371091108256,,,
1763957700,205.1505,205.154,205.108,205.1185,49.87786011975804,53.98625377111028,,,
1763958600,205.1185,205.141,205.1075,205.1335,51.030173673523095,53.81004497539131,,,
1763959500,205.1335,205.142,205.0775,205.1065,48.85301718776477,53.341843344571195,,,
1763960400,205.1065,205.1965,205.0705,205.135,51.21883109899411,53.326509280278984,,,
1763961300,205.135,205.1725,205.0995,205.1635,53.53348136624931,53.30660995364821,,,
1763962200,205.1635,205.1635,205.111,205.132,50.67162154614815,52.86163849623432,,,
1763963100,205.132,205.183,205.129,205.1605,53.11385077800582,52.40998655343536,,,
1763964000,205.1605,205.312,205.149,205.259,60.409396188725395,53.00469405079612,,,
1763964900,205.259,205.3335,205.2525,205.2675,60.97373198779407,53.350526861592456,,,
1763965800,205.2675,205.3285,205.2595,205.3035,63.356133861397886,54.00542218539912,,,
1763966700,205.3035,205.3485,205.2915,205.306,63.52266799291648,54.837587947054054,,,
1763967600,205.306,205.3175,205.2145,205.2555,57.80758133164347,55.04061649722549,,,
1763968500,205.2555,205.3485,205.229,205.3425,63.842900381105196,55.75198497425167,,,
1763969400,205.3425,205.344,205.2625,205.29,58.41290624995377,56.18743955456997,,,
1763970300,205.29,205.404,205.275,205.309,59.7472308560646,56.8923946071633,,,
1763971200,205.309,205.417,205.19,205.401,65.51664080598317,57.927142259481876,,,
1763972100,205.401,205.4435,205.2975,205.339,59.34361386557275,58.67647059361102,,,
1763973000,205.339,205.436,205.2905,205.3785,61.81226937521187,59.433144756198,,,
1763973900,205.3785,205.5175,205.363,205.471,66.88342008250939,60.38671180735944,,,
1763974800,205.471,205.4795,205.371,205.42,61.99516757289459,61.19553652355561,,,
1763975700,205.42,205.462,205.123,205.186,45.54678354700834,60.65503172134151,,,
1763976600,205.186,205.259,205.125,205.202,46.59024118935997,59.667949221386834,,,
1763977500,205.202,205.265,205.181,205.1845,45.561856857945045,58.56710099782618,,,
1763978400,205.1845,205.2985,205.1445,205.2905,52.41352786452801,57.785486283764044,,,
1763979300,205.2905,205.345,205.1405,205.1685,45.34031990351526,56.4867471345211,,,
1763980200,205.1685,205.268,205.1485,205.217,48.32579485061361,55.8094766715904,,,
1763981100,205.217,205.286,205.1705,205.198,47.23729613272931,54.62336208242069,,,
1763982000,205.198,205.216,205.159,205.191,46.81888894018725,53.79521798886594,,,
1763982900,205.191,205.2275,205.148,205.2275,49.338710893334266,53.05175227724235,,,
1763983800,205.2275,205.2685,205.1765,205.251,50.95013532386897,52.01128759994848,,,
1763984700,205.251,205.417,205.2395,205.3185,55.34388433942563,51.72559263379511,,,
1763985600,205.3185,205.372,205.285,205.3585,57.758655951404705,51.43604881780889,,,
1763986500,205.3585,205.5405,205.353,205.5085,65.32988451490606,51.32508199155151,,,
1763987400,205.5085,205.6075,205.5085,205.5715,67.92982791077785,51.748986301400315,,,
1763988300,205.5715,205.683,205.5715,205.6655,71.37864939927508,53.59411957656223,,,
1763989200,205.6655,205.913,205.6655,205.8325,76.26264301462417,55.713576849795395,,,
1763990100,205.8325,205.872,205.7545,205.852,76.76129742558996,57.94210831891288,,,
1763991000,205.852,205.861,205.721,205.7265,67.00532783228344,58.98437974518113,,,
1763991900,205.7265,205.7945,205.6265,205.6475,61.69021527352462,60.15222941446751,,,
1763992800,205.6475,205.673,205.5625,205.6425,61.3584696172285,61.08313475494,,,
1763993700,205.6425,205.6595,205.474,205.5975,58.31881098456912,61.87467153007141,,,
1763994600,205.5975,205.6905,205.527,205.5445,54.87101673621131,62.449823515501706,,,
1763995500,205.5445,205.625,205.454,205.6125,58.27905558816475,63.08841956513246,,,
1763996400,205.6125,205.7555,205.6125,205.663,60.65535813376409,63.78164976583925,,,
1763997300,205.663,205.682,205.488,205.504,50.83739644933484,63.45975777368991,,,
1763998200,205.504,205.506,205.3385,205.343,43.21039493897909,62.420596272802364,,,
1763999100,205.343,205.4065,205.2195,205.3715,44.78944646001876,60.9534221260247,,,
1764000000,205.3715,205.5395,205.37,205.5015,51.4242778855707,59.77445426708134,,,
1764000900,205.5015,205.5605,205.4775,205.518,52.209290339018956,58.405214334205894,,,
1764001800,205.518,205.6405,205.4865,205.6075,56.3316669847532,56.98157318921511,,,
1764002700,205.6075,205.617,205.4845,205.52,51.641654108209146,55.18731295225934,,,
1764003600,205.52,205.535,205.37,205.442,47.81958555185075,53.81690278937129,,,
1764004500,205.442,205.4715,205.3995,205.414,46.4894352697888,52.73113278910444,,,
1764005400,205.414,205.5375,205.3775,205.533,52.53259417166231,52.10071311442114,,,
1764006300,205.533,205.577,205.479,205.534,52.58105759240939,51.69087358640973,,,
1764007200,205.534,205.6025,205.4985,205.599,55.7439828848735,51.753228311314174,,,
1764008100,205.599,205.6055,205.5165,205.5495,52.852761927111594,51.36563590695323,,,
1764009000,205.5495,205.5865,205.526,205.5535,53.06460935735811,50.82343956578138,,,
1764009900,205.5535,205.669,205.523,205.642,57.60364342835166,51.30674292142544,,,
1764010800,205.642,205.6805,205.6,205.6435,57.67834990763483,52.34016827632941,,,
1764011700,205.6435,205.68,205.5755,205.5915,54.11818800376349,53.00650695802546,,,
1764012600,205.5915,205.6095,205.571,205.59,54.01461637261171,53.19153113567125,,,
1764013500,205.59,205.608,205.4405,205.4715,46.451375644046294,52.78025151460177,,,
1764014400,205.4715,205.5805,205.4715,205.562,51.981331373265924,52.46951325663839,,,
1764015300,205.562,205.6045,205.562,205.5915,53.66120343391457,52.61376677990307,,,
1764016200,205.5915,205.5925,205.5625,205.5785,52.78484580947229,52.968428226876036,,,
1764017100,205.5785,205.5945,205.5585,205.593,53.69324070104648,53.48298575768015,,,
1764018000,205.593,205.6525,205.586,205.646,56.95330129512654,53.79875055221331,,,
1764018900,205.646,205.662,205.6165,205.657,57.62017250295676,54.158687331538125,,,
1764019800,205.657,205.664,205.6255,205.641,56.25503776523053,54.195191251563635,,,
1764020700,205.641,205.66,205.6145,205.6145,53.97418308298341,54.27529276269733,,,
1764021600,205.6145,205.675,205.5895,205.633,55.33565200506215,54.4375100946762,,,
1764022500,205.633,205.662,205.6005,205.6545,56.93017486559389,54.38940519733636,,,
1764023400,205.6545,205.656,205.618,205.646,56.07780921576264,54.27508086220263,,,
1764024300,205.646,205.6595,205.5885,205.6325,54.67760169881352,54.31503898327763,,,
1764025200,205.6325,205.6945,205.6015,205.6915,59.4436963078289,54.70283040722171,,,
1764026100,205.6915,205.701,205.6645,205.7,60.094771540555236,55.67735868554378,,,
1764027000,205.7,205.715,205.6595,205.7015,60.216148610412006,56.2655599167685,,,
1764027900,205.7015,205.7115,205.628,205.644,53.498603904390094,56.25394566465961,,,
1764028800,205.644,205.644,205.5155,205.5175,42.31464308822913,55.50607404171367,,,
1764029700,205.5175,205.672,205.5065,205.6545,53.62239413511766,55.501013572718755,,,
1764030600,205.6545,205.698,205.599,205.669,54.63596575659076,55.335489605680486,,,
1764031500,205.669,205.6905,205.362,205.3905,37.62673879469481,53.90738719794749,,,
1764032400,205.3905,205.527,205.3165,205.406,38.769266127890184,52.658403509566035,,,
1764033300,205.406,205.4715,205.3405,205.4335,40.839805158245305,51.72023365779903,,,
1764034200,205.4335,205.4485,205.3235,205.372,37.76426043846593,50.46513426018502,,,
1764035100,205.372,205.41,205.325,205.3395,36.212276778507935,48.985284396821726,,,
1764036000,205.3395,205.3965,205.3025,205.355,37.53085156433803,47.660501707434264,,,
1764036900,205.355,205.382,205.3225,205.332,36.33073703057548,46.350011373988686,,,
1764037800,205.332,205.4115,205.327,205.402,42.37067774985601,45.13051004841919,,,
1764038700,205.402,205.468,205.358,205.4425,45.58691354502301,44.09423447730975,,,
1764039600,205.4425,205.452,205.37,205.3925,42.43801211617848,42.82436758486449,,,
1764040500,205.3925,205.4135,205.3625,205.372,41.18199713144989,41.944609958225904,,,
1764041400,205.372,205.4185,205.3445,205.373,41.27330457305172,41.87022863571324,,,
1764042300,205.373,205.416,205.35,205.379,41.85652512166456,41.029809420466584,,,
1764043200,205.379,205.422,205.3695,205.419,45.726253477178375,40.39340140050856,,,
1764044100,205.419,205.443,205.3645,205.376,42.455088871821026,40.738283548874726,,,
1764045000,205.376,205.4235,205.348,205.3875,43.616806337327795,41.084536420977415,,,
1764045900,205.3875,205.394,205.35,205.382,43.167952873113414,41.250832686325126,,,
1764046800,205.382,205.4705,205.3725,205.4605,50.929724575617676,42.19122298183596,,,
1764047700,205.4605,205.47,205.2465,205.2555,36.796459933754626,42.232950350067874,,,
1764048600,205.2555,205.321,205.2485,205.306,41.13041438594624,42.49006198018275,,,
1764049500,205.306,205.3555,205.299,205.352,44.84074386122553,43.097919610943464,,,
1764050400,205.352,205.4315,205.327,205.356,45.164390436785155,43.297470517152696,,,
1764051300,205.356,205.4305,205.355,205.395,48.346683181235825,43.494596919739315,,,
1764052200,205.395,205.4345,205.3355,205.3355,44.13816888118471,43.61603668866833,,,
1764053100,205.3355,205.366,205.272,205.317,42.88808760633293,43.73790029401713,,,
1764054000,205.317,205.46,205.317,205.4025,49.94408500456369,44.35724175341083,,,
1764054900,205.4025,205.4505,205.323,205.3795,48.218287272511624,44.811653335614196,,,
1764055800,205.3795,205.5575,205.342,205.507,57.073488948178785,45.622170154971364,,,
1764056700,205.507,205.5665,205.4265,205.514,57.50317481640511,46.69703343672738,,,
1764057600,205.514,205.6185,205.395,205.4385,51.51378555461541,47.26110338081935,,,
1764058500,205.4385,205.5275,205.417,205.4985,55.48216955129942,48.14069028640407,,,
1764059400,205.4985,205.6,205.2675,205.2685,41.4703537220298,47.46502093971922,,,
1764060300,205.2685,205.308,205.1235,205.157,36.63951620539269,47.45381067340765,,,
1764061200,205.157,205.1865,205.0075,205.1865,38.6749384451641,47.278419534780355,,,
1764062100,205.1865,205.207,205.1045,205.1455,36.90067983174546,46.7112721041032,,,
1764063000,205.1455,205.1925,205.088,205.1675,38.53024700177304,46.23740471588805,,,
1764063900,205.1675,205.304,205.095,205.302,47.46320775109344,46.17429932802073,,,
1764064800,205.302,205.32,205.197,205.2595,45.226652010942075,46.252048123003405,,,
1764065700,205.2595,205.3355,205.211,205.228,43.58723925635332,46.30198752657629,,,
1764066600,205.228,205.293,205.202,205.241,44.481672082567904,45.91181517500515,,,
1764067500,205.241,205.349,205.2155,205.286,47.579958621121435,45.866220271334434,,,
1764068400,205.286,205.3735,205.2475,205.3715,52.95228092872845,45.57184826994512,,,
1764069300,205.3715,205.381,205.2055,205.208,43.72399816097975,44.58762136598616,,,
1764070200,205.208,205.3105,205.1955,205.3055,49.388444283924485,44.43581127522253,,,
1764071100,205.3055,205.3055,205.088,205.1325,41.42158572639898,43.43148385915821,,,
1764072000,205.1325,205.156,205.034,205.095,39.918426381217316,43.32063190624303,,,
1764072900,205.095,205.2265,205.0925,205.204,46.047182541820774,43.99260807313075,,,
1764073800,205.204,205.564,205.153,205.353,53.091332519419296,45.022350507006124,,,
1764074700,205.353,205.4565,205.24,205.3,50.56251541065652,45.99819590549977,,,
1764075600,205.3,205.38,205.2155,205.2735,49.29813155319568,46.767330516315674,,,
1764076500,205.2735,205.433,205.2515,205.377,54.12339170385542,47.243057941512966,,,
1764077400,205.377,205.506,205.279,205.3305,51.74091763653415,47.70836262905526,,,
1764078300,205.3305,205.438,205.285,205.3955,54.74009340296372,48.50499506809886,,,
1764079200,205.3955,205.5445,205.355,205.49,58.75349945921676,49.524411309288055,,,
1764080100,205.49,205.6605,205.452,205.6305,63.88160640537002,50.688814722448676,,,
1764081000,205.6305,205.889,205.577,205.6745,65.33512515447534,51.57330359571631,,,
1764081900,205.6745,205.6945,205.42,205.661,64.47775590888894,53.05571486342411,,,
1764082800,205.661,205.673,205.5165,205.565,58.5897902934676,53.71295386410576,,,
1764083700,205.565,205.792,205.5535,205.7355,64.74706421730332,55.379059470598925,,,
1764084600,205.7355,205.7985,205.5895,205.76,65.53997266885006,57.209169919715556,,,
1764085500,205.76,205.7915,205.5935,205.7545,65.1855184339484,58.576193912010375,,,
1764086400,205.7545,205.832,205.689,205.777,65.99571805192289,59.497935735760635,,,
1764087300,205.777,205.861,205.7415,205.86,68.87340759163544,60.80585660583056,,,
1764088200,205.86,205.873,205.782,205.859,68.79786499972113,62.19869470915381,,,
1764089100,205.859,205.926,205.8445,205.889,69.86570761071977,63.323145845358404,,,
1764090000,205.889,205.9525,205.732,205.796,62.701809702207115,64.1060667071922,,,
1764090900,205.796,205.8115,205.634,205.68,55.11107316157197,64.1325652613785,,,
1764091800,205.68,205.8485,205.6705,205.8345,61.75250887225817,64.34678021945288,,,
1764092700,205.8345,205.8695,205.784,205.804,59.86936525388947,64.0601915657757,,,
1764093600,205.804,205.915,205.798,205.8925,63.36079268717205,63.919167818111184,,,
1764094500,205.8925,205.9265,205.859,205.925,64.57951908481564,63.92643661639166,,,
1764095400,205.925,205.9975,205.8735,205.988,66.87937458264807,64.51854977990456,,,
1764096300,205.988,205.9905,205.8705,205.8955,60.652362805885986,64.22607110766046,,,
1764097200,205.8955,205.9545,205.892,205.9175,61.56887080668594,63.94242097464873,,,
1764098100,205.9175,205.9225,205.8795,205.898,60.229733353440096,63.588436326041005,,,
1764099000,205.898,205.9305,205.8115,205.8295,55.65068600923332,62.849505465848885,,,
1764099900,205.8295,205.902,205.812,205.8785,58.1043939183715,62.08029020347289,,,
1764100800,205.8785,205.946,205.8775,205.9345,60.77537831121047,61.507255440007846,,,
1764101700,205.9345,205.9585,205.656,205.6565,45.3265117256776,59.754455733933405,,,
1764102600,205.6565,205.6995,205.4975,205.505,39.44235408063676,58.09306604667838,,,
1764103500,205.505,205.5255,205.4045,205.4595,37.85301723519795,56.86034776622309,,,
1764104400,205.4595,205.5145,205.4515,205.5085,40.62765744319577,55.35142980700435,,,
1764105300,205.5085,205.571,205.45,205.541,42.462544115548226,54.10808543997997,,,
1764106200,205.541,205.5435,205.4785,205.4975,40.65164696098748,52.48600360239537,,,
1764107100,205.4975,205.52,205.427,205.45,38.71029919913804,50.638202181989826,,,
1764108000,205.45,205.5895,205.427,205.4405,38.31618495267927,48.59797435127776,,,
1764108900,205.4405,205.5955,205.394,205.4305,37.879009967980934,46.97130629142741,,,
1764109800,205.4305,205.613,205.3785,205.403,36.64090735674656,45.19073747357459,,,
1764110700,205.403,205.4755,205.403,205.4525,40.41614100995049,43.77548087761105,,,
1764111600,205.4525,205.6075,205.425,205.5965,49.789066393846305,43.35679376222627,,,
1764112500,205.5965,205.616,205.566,205.572,48.39421401038081,42.663209483084074,,,
1764113400,205.572,205.602,205.5235,205.5425,46.697802068116296,41.65766832286306,,,
1764114300,205.5425,205.583,205.509,205.531,46.020550226000054,41.70724250145752,,,
1764115200,205.531,205.662,205.506,205.623,52.016038099132096,42.605362788492904,,,
1764116100,205.623,205.703,205.621,205.684,55.541962936301445,43.8688589100003,,,
1764117000,205.684,205.715,205.6035,205.704,56.66627737922166,45.01447461971643,,,
1764117900,205.704,205.785,205.64,205.7705,60.26453412541285,46.28604533470676,,,
1764118800,205.7705,205.866,205.688,205.8415,63.72762238516358,47.93432929357648,,,
1764119700,205.8415,205.981,205.817,205.952,68.35076304749175,50.0515052827446,,,
1764120600,205.952,205.953,205.491,205.599,47.51568310021177,50.708612293282634,,,
1764121500,205.599,205.662,205.4005,205.5165,44.129975728610106,51.15510984761329,,,
1764122400,205.5165,205.622,205.4475,205.5505,45.842668064946494,51.812378469627575,,,
1764123300,205.5505,205.568,205.3635,205.3735,39.11951513192641,51.719762335483,,,
1764124200,205.3735,205.4695,205.347,205.468,43.85392377818066,51.295823577221164,,,
1764125100,205.468,205.528,205.4095,205.5255,46.57626527460294,51.16597009609418,,,
1764126000,205.5255,205.5915,205.468,205.5765,48.94100043145751,51.32619855061855,,,
1764126900,205.5765,205.692,205.574,205.671,53.08488249822207,51.830793712920126,,,
1764127800,205.671,205.674,205.5215,205.652,52.16814093423116,51.84165820114149,,,
1764128700,205.652,205.735,205.6485,205.706,54.569454401655854,51.77219330580966,,,
1764129600,205.706,205.833,205.705,205.832,59.65859119907274,51.985930007227594,,,
1764130500,205.832,205.909,205.798,205.905,62.29397528295225,52.13089008990898,,,
1764131400,205.905,205.918,205.8055,205.871,60.31756370196321,51.88731446968039,,,
1764132300,205.871,205.8725,205.778,205.781,55.314684050523745,50.95616596989696,,,
1764133200,205.781,205.9675,205.7715,205.946,61.602568554394395,51.96237207376715,,,
1764134100,205.946,205.983,205.8645,205.9,59.10552359024989,53.03205406388428,,,
1764135000,205.9,205.9545,205.831,205.9385,60.54696034639359,54.08236065541621,,,
1764135900,205.9385,205.955,205.85,205.942,60.682637684037374,55.622583694852715,,,
1764136800,205.942,206.0325,205.908,206.015,63.50190671036643,57.02601104715169,,,
1764137700,206.015,206.0565,205.958,205.968,60.49426544861705,58.02015391672412,,,
1764138600,205.968,206.039,205.951,205.9955,61.63911240844719,58.92716191508054,,,
1764139500,205.9955,206.1025,205.9955,206.0205,62.69743481283313,59.613772794695606,,,
1764140400,206.0205,206.091,205.968,205.9795,59.784399523805334,60.15779126537948,,,
1764141300,205.9795,206.069,205.9795,206.0155,61.47686912416878,60.65117803127326,,,
1764142200,206.0155,206.1215,206.0095,206.103,65.29942011238725,61.0540943822243,,,
1764143100,206.103,206.1305,205.921,206.1005,65.10065794319256,61.254571715098606,,,
1764144000,206.1005,206.155,206.005,206.1395,66.79847806693837,61.71749416973968,,,
1764144900,206.1395,206.2605,206.0955,206.1595,67.66717475226116,62.5998149341495,,,
1764145800,206.1595,206.185,206.048,206.1645,67.89334213105016,63.04915590391062,,,
1764146700,206.1645,206.1965,206.0365,206.1025,62.09322339946512,63.26256303314028,,,
1764147600,206.1025,206.153,206.053,206.056,58.085278702884914,63.08672863003252,,,
1764148500,206.056,206.067,205.9625,206.0505,57.61160215001226,62.86736894903073,,,
1764149400,206.0505,206.1015,206.0275,206.073,59.08167275386759,62.55163795213796,,,
1764150300,206.073,206.1475,206.0465,206.1175,61.89629776391978,62.65178311751672,,,
1764151200,206.1175,206.1215,205.912,205.942,47.90182542819553,61.670548333213034,,,
1764152100,205.942,206.025,205.93,205.945,48.11776852197544,60.62914359815177,,,
1764153000,205.945,205.9745,205.802,205.9735,50.2283733901162,59.946570302888254,,,
1764153900,205.9735,206.012,205.9285,205.955,48.83947390356145,59.04389921570202,,,
1764154800,205.955,205.9745,205.8465,205.9165,45.98941847824989,57.66461338469221,,,
1764155700,205.9165,205.9675,205.851,205.8645,42.391216744731885,56.04251044194502,,,
1764156600,205.8645,206.4535,205.8595,206.275,65.40332643181702,55.94285675372207,,,
1764157500,206.275,206.39,205.9995,206.123,56.416810073645195,55.13925927667806,,,
1764158400,206.123,206.1525,205.51,205.6345,38.23439924911357,53.02076335653974,,,
1764159300,205.6345,205.88,205.551,205.8065,44.96053606843823,51.7969999757521,,,
1764160200,205.8065,206.0785,205.745,206.0675,53.27550104320027,51.45344442863177,,,
1764161100,206.0675,206.3735,206.0475,206.304,59.27870538678106,51.57252323125811,,,
1764162000,206.304,206.4285,206.2315,206.404,61.52942154320246,51.74736243049632,,,
1764162900,206.404,206.7755,206.404,206.7355,67.86938075186339,52.17401121534939,,,
1764163800,206.7355,206.878,206.6265,206.674,65.70597067141213,53.44573587557915,,,
1764164700,206.674,206.791,206.5555,206.681,65.83944492131957,54.71156990410373,,,
1764165600,206.681,206.718,206.527,206.7,66.22371021409508,55.85409396295937,,,
1764166500,206.7,206.8155,206.6905,206.711,66.45894778794673,57.112627811844035,,,
1764167400,206.711,206.781,206.63,206.6615,64.28909988880847,58.41974791259821,,,
1764168300,206.6615,206.731,206.5455,206.702,65.28770473618572,60.0552113405592,,,
1764169200,206.702,206.8535,206.6555,206.829,68.28286587808012,60.26089272957798,,,
1764170100,206.829,207.071,206.7135,206.855,68.87497383465151,61.15076156964987,,,
1764171000,206.855,206.8975,206.745,206.868,69.18473541198911,63.36149986699812,,,
1764171900,206.868,207.049,206.833,206.8755,69.37410455418431,65.10532618740855,,,
1764172800,206.8755,207.0695,206.859,206.88,69.49523322554298,66.26387848614732,,,
1764173700,206.88,206.9325,206.83,206.875,69.16788887326804,66.97024873518211,,,
1764174600,206.875,206.899,206.778,206.8505,67.4903511811643,67.39602942360796,,,
1764175500,206.8505,206.884,206.7735,206.8315,66.15045000169988,67.27324865573914,,,
1764176400,206.8315,206.8715,206.801,206.826,65.74355902006323,67.27593353778563,,,
1764177300,206.826,206.877,206.779,206.8475,66.60821888362071,67.33084596366429,,,
1764178200,206.8475,206.903,206.8135,206.8975,68.59357230166017,67.5001218270618,,,
1764179100,206.8975,206.93,206.7925,206.865,65.85281471153479,67.45682660731809,,,
1764180000,206.865,206.9175,206.789,206.907,67.65164431763763,67.69700835223446,,,
1764180900,206.907,206.991,206.865,206.9505,69.44685602651504,67.99409058725799,,,
1764181800,206.9505,206.995,206.8935,206.977,70.5201770443528,68.15389852770603,,,
1764182700,206.977,207.075,206.9525,207.069,73.94258442203193,68.51587071251892,,,
1764183600,207.069,207.115,207.0435,207.083,74.42907909923609,68.89046669017942,,,
1764184500,207.083,207.101,207.0495,207.07,73.06494885380931,69.15409842586692,,,
1764185400,207.07,207.0915,207.0255,207.0805,73.48761036014778,69.43926822119583,,,
1764186300,207.0805,207.084,207.006,207.062,71.36282987864426,69.59604972157985,,,
1764187200,207.062,207.12,207.052,207.1085,73.44142817953599,70.02112665003497,,,
1764188100,207.1085,207.139,207.0935,207.1105,73.53041982720153,70.54826735185652,,,
1764189000,207.1105,207.1255,207.0785,207.084,70.17514269808171,70.86480904314355,,,
1764189900,207.084,207.0915,207.026,207.079,69.53046109945794,71.07354062998907,,,
1764190800,207.079,207.126,207.0765,207.0875,70.03444641162318,71.17646020927214,,,
1764191700,207.0875,207.1235,207.072,207.11,71.3837598489405,71.57152771908684,,,
1764192600,207.11,207.1675,207.062,207.0885,68.22250974077423,71.61230382073946,,,
1764193500,207.0885,207.224,207.076,207.19,74.06236494749407,71.94198302938081,,,
1764194400,207.19,207.1955,207.134,207.144,67.96626134708964,71.75956047957631,,,
1764195300,207.144,207.162,207.1165,207.141,67.57560685354701,71.30477636754166,,,
1764196200,207.141,207.142,207.1095,207.114,64.0096810771652,70.56053365167946,,,
1764197100,207.114,207.1165,207.087,207.0895,60.870775971812655,69.68952130296542,,,
1764198000,207.0895,207.1325,207.025,207.026,53.542178255075505,68.26484758117454,,,
1764198900,207.026,207.028,206.9545,206.9635,47.48266046508689,66.55912119449187,,,
1764199800,206.9635,207.027,206.9505,207.0055,51.458333564644555,64.98890015057104,,,
1764200700,207.0055,207.06,206.912,206.912,43.55372669434957,62.847707783938766,,,
1764201600,206.912,206.938,206.767,206.767,34.66145991979437,60.31101615691824,,,
1764202500,206.767,206.8345,206.7405,206.752,33.89060191909107,57.76531192974918,,,
1764203400,206.752,206.8005,206.732,206.7945,38.09166326929465,55.48368456244,,,
1764204300,206.7945,206.7945,206.526,206.7215,34.08504220153725,52.81949044476835,,,
1764205200,206.7215,206.731,206.603,206.621,29.486689902198293,50.05264617058435,,,
1764206100,206.621,206.636,206.5355,206.5675,27.369871658124808,46.71746807848655,,,
1764207000,206.5675,206.973,206.435,206.973,54.2047543141913,45.73450329042238,,,
1764207900,206.973,206.994,206.838,206.88,49.67191268465393,44.4556679926443,,,
1764208800,206.88,206.8995,206.769,206.886,49.962636473053294,43.45230766377916,,,
1764209700,206.886,207.059,206.878,206.969,53.92745968872261,42.956356500701304,,,
1764210600,206.969,207.042,206.941,206.954,53.108446571263556,42.9253756661433,,,
1764211500,206.954,206.956,206.854,206.88,49.14320614226078,43.04398607165573,,,
1764212400,206.88,206.938,206.8265,206.8525,47.717374894945,42.77677473810576,,,
1764213300,206.8525,206.8655,206.813,206.813,45.66779989112422,42.9277799664468,,,
1764214200,206.813,206.869,206.774,206.847,47.74823761613475,43.86254980189968,,,
1764215100,206.847,206.922,206.816,206.8995,50.876152136757945,45.07580338887589,,,
1764216000,206.8995,206.94,206.853,206.874,49.331454735407355,45.87864563645537,,,
1764216900,206.874,207.0015,206.8505,206.945,53.55940424790614,47.26967149691029,,,
1764217800,206.945,206.965,206.7695,206.843,47.43558798589781,48.55173564574597,,,
1764218700,206.843,206.9145,206.796,206.819,46.09996835196722,49.88959969530614,,,
1764219600,206.819,206.843,206.707,206.707,40.38527403189592,48.90249396085647,,,
1764220500,206.707,206.7505,206.6545,206.744,42.90336422741359,48.41902621391073,,,
1764221400,206.744,206.863,206.705,206.788,45.83347692972917,48.12408624653044,,,
1764222300,206.788,206.846,206.69,206.8245,48.2079214027899,47.715547797535244,,,
1764223200,206.8245,206.903,206.7845,206.8955,52.56394101790384,47.676654543723835,,,
1764224100,206.8955,206.9645,206.8485,206.9095,53.39628226927099,47.980445695653145,,,
1764225000,206.9095,207,206.8435,206.8795,51.31829473559962,48.2376542556999,,,
1764225900,206.8795,206.9215,206.754,206.779,45.00033115996002,48.189977917759606,,,
1764226800,206.779,206.9015,206.765,206.8995,52.54428602502997,48.532552804109265,,,
1764227700,206.8995,206.9015,206.807,206.874,50.95158406570833,48.53794079903429,,,
1764228600,206.874,206.8745,206.7355,206.784,45.687819427232824,48.27768113416469,,,
1764229500,206.784,206.8425,206.6735,206.678,40.39470533495469,47.3373454975253,,,
1764230400,206.678,206.7335,206.5745,206.6065,37.259055713687054,46.61045033522453,,,
1764231300,206.6065,206.704,206.5985,206.617,38.01994761846287,46.03330599711707,,,
1764232200,206.617,206.6605,206.5205,206.5925,36.89558152295166,45.7840422464782,,,
1764233100,206.5925,206.77,206.5905,206.7095,45.22613863427377,45.949954704111065,,,
1764234000,206.7095,206.7385,206.53,206.534,37.27683250825099,45.338765816862626,,,
1764234900,206.534,206.6355,206.5005,206.62,42.600981409174956,44.938270103032984,,,
1764235800,206.62,206.6525,206.514,206.567,40.32901489327987,44.064346808416985,,,
1764236700,206.567,206.6655,206.562,206.609,42.926625092522656,43.31651415293497,,,
1764237600,206.609,206.6515,206.5535,206.644,45.07249829679564,42.870385835877535,,,
1764238500,206.644,206.693,206.594,206.6255,44.12805975415591,42.80808073546296,,,
1764239400,206.6255,206.738,206.6085,206.692,48.320036545469875,42.506348629780085,,,
1764240300,206.692,206.739,206.6535,206.676,47.39858289576171,42.25256283192676,,,
1764241200,206.676,206.7345,206.6605,206.664,46.67959877025072,42.323404213570896,,,
1764242100,206.664,206.707,206.6305,206.707,49.628182458440776,42.982938293819906,,,
1764243000,206.707,206.7525,206.6735,206.7525,52.61422287557476,44.079735948240454,,,
1764243900,206.7525,206.8375,206.752,206.798,55.45779627863244,45.325296566824,,,
1764244800,206.798,206.814,206.7315,206.7945,55.183470401682634,46.63157434387621,,,
1764245700,206.7945,206.8265,206.776,206.8015,55.65591893671858,47.3765586511937,,,
1764246600,206.8015,206.8845,206.801,206.874,60.3214080968336,49.02259976466388,,,
1764247500,206.874,206.9675,206.872,206.9395,64.00592473849477,50.55152428818671,,,
1764248400,206.9395,206.955,206.8655,206.925,62.61965942209134,52.143713183101816,,,
1764249300,206.925,207.01,206.8485,206.962,64.71946802749574,53.700344821314175,,,
1764250200,206.962,207.0725,206.962,206.997,66.62912371982286,55.24010378010183,,,
1764251100,206.997,207.018,206.914,206.951,61.88780148311057,56.50865676074146,,,
1764252000,206.951,206.9755,206.9005,206.9015,57.17305023337292,57.141014881305956,,,
1764252900,206.9015,206.9085,206.87,206.8965,56.70314491021962,57.80562645376723,,,
1764253800,206.8965,206.938,206.8525,206.9,56.96975436733731,58.54063756784485,,,
1764254700,206.9,206.9345,206.8805,206.886,55.49765044339357,58.95988528105577,,,
1764255600,206.886,206.932,206.863,206.9125,57.72447330843009,59.32490316911686,,,
1764256500,206.9125,206.999,206.881,206.9935,63.703036858949886,59.913848924853816,,,
1764257400,206.9935,207.013,206.943,207.004,64.40574771183253,60.57258301843596,,,
1764258300,207.004,207.155,206.942,207.126,71.34692094716362,61.693368876324875,,,
1764259200,207.126,207.1965,207.0775,207.181,73.82506299419457,62.6579156547078,,,
1764260100,207.181,207.1875,207.081,207.127,67.63960691775345,62.91746438179771,,,
1764261000,207.127,207.138,206.975,206.9785,54.19260898927905,62.3155322080254,,,
1764261900,206.9785,206.979,206.9255,206.967,53.30875831036183,61.50048151394441,,,
1764262800,206.967,207.0325,206.9275,206.948,51.80542754144937,60.44164607263202,,,
1764263700,206.948,206.952,206.8945,206.921,49.662159792127916,59.56838595184754,,,
1764264600,206.921,206.986,206.8845,206.8925,47.431497713546186,58.872560771859916,,,
1764265500,206.8925,206.9575,206.8755,206.9505,52.14262533239839,58.54680937344411,,,
1764266400,206.9505,206.9625,206.918,206.93,50.422599200745104,58.079155432973245,,,
1764267300,206.93,206.98,206.9245,206.98,54.37571092108597,57.999016895665555,,,
1764268200,206.98,206.999,206.9745,206.9785,54.235994041858724,57.749839805196174,,,
1764269100,206.9785,206.9825,206.9255,206.9415,50.77060934949753,56.82609498309243,,,
1764270000,206.9415,206.969,206.9405,206.9525,51.7575005871384,55.922648759899985,,,
1764270900,206.9525,206.971,206.946,206.9625,52.68609407363698,54.58973255464809,,,
1764271800,206.9625,206.9765,206.953,206.963,52.735082042021205,53.083305343778555,,,
1764272700,206.963,206.971,206.937,206.946,50.808871410623965,51.88110995041217,,,
1764273600,206.946,206.949,206.9215,206.9245,48.40100308555463,51.467423814431854,,,
1764274500,206.9245,206.9315,206.912,206.9205,47.94575351102438,51.08435204305061,,,
1764275400,206.9205,206.9285,206.8705,206.898,45.36119209961034,50.624049511490675,,,
1764276300,206.898,206.922,206.8905,206.921,48.42196761975622,50.53546435632126,,,
1764277200,206.921,206.936,206.895,206.9125,47.36594732511747,50.53078218571921,,,
1764278100,206.9125,206.938,206.887,206.937,50.703137477032364,50.42796162462163,,,
1764279000,206.937,206.938,206.911,206.9145,47.71130964810231,50.23429808514715,,,
1764279900,206.9145,206.9735,206.904,206.9615,53.83875317596422,50.19594396049559,,,
1764280800,206.9615,206.967,206.867,206.871,43.31354513205596,49.415769038366825,,,
1764281700,206.871,206.997,206.856,206.955,52.57998251249753,49.54500997858111,,,
1764282600,206.955,206.955,206.8835,206.8895,46.2334501510862,49.150434947434526,,,
1764283500,206.8895,206.918,206.8085,206.854,43.19062310644875,48.4721870212068,,,
1764284400,206.854,206.934,206.8055,206.8615,44.028738187368035,47.850305317303004,,,
1764285300,206.8615,206.872,206.842,206.8635,44.26487626036226,47.38287709228431,,,
1764286200,206.8635,206.9585,206.82,206.9305,51.62744606057405,47.6133373047857,,,
1764287100,206.9305,206.9615,206.9215,206.934,51.984276469723525,47.90180323040706,,,
1764288000,206.934,206.9885,206.845,206.86,44.508531685850755,47.84089891513852,,,
1764288900,206.86,206.9915,206.837,206.9685,54.77736353799376,48.294855766441195,,,
1764289800,206.9685,207.0185,206.9175,207.01,57.9803170763392,49.053025034385605,,,
1764290700,207.01,207.2025,207.006,207.0825,62.92110424181711,49.92573694615595,,,
1764291600,207.0825,207.118,206.9905,207.053,59.83799373030523,50.791928666313304,,,
1764292500,207.053,207.072,206.9535,206.9945,54.16951836158553,50.81555475100054,,,
1764293400,206.9945,207.0535,206.9485,206.967,51.69059945551866,51.41391577410502,,,
1764294300,206.967,206.9695,206.897,206.937,49.0533612342679,51.16201425423147,,,
1764295200,206.937,206.965,206.869,206.8755,44.08752846440012,51.00873413375389,,,
1764296100,206.8755,206.9205,206.832,206.8515,42.28838725662982,50.944288715909686,,,
1764297000,206.8515,206.874,206.621,206.794,38.25996193053022,50.5322332689927,,,
1764297900,206.794,206.885,206.725,206.857,44.498415727765185,50.54891465952147,,,
1764298800,206.857,206.93,206.713,206.902,48.5012140468069,50.32561237282382,,,
1764299700,206.902,206.9845,206.8325,206.932,51.03648477643282,50.2579129661602,,,
1764300600,206.932,206.97,206.8215,206.885,47.12251806514969,50.44462627896727,,,
1764301500,206.885,206.947,206.7745,206.8825,46.91641331020859,49.88312983412546,,,
1764302400,206.8825,206.9155,206.793,206.844,43.74336207053547,48.86620447656806,,,
1764303300,206.844,206.8985,206.723,206.778,38.88785928353572,47.149544122405096,,,
1764304200,206.778,206.845,206.7765,206.817,42.91978917357376,45.94110093978143,,,
1764305100,206.817,206.8495,206.761,206.8215,43.38393849427648,45.17070237783078,,,
1764306000,206.8215,206.947,206.8205,206.867,47.98915085024142,44.90631319173955,,,
1764306900,206.867,206.9855,206.84,206.8675,48.03916920289809,44.83387090378456,,,
1764307800,206.8675,206.913,206.781,206.861,47.40097805140087,45.07054587428462,,,
1764308700,206.861,206.982,206.859,206.903,51.851947683969186,45.75365733338028,,,
1764309600,206.903,206.9665,206.8455,206.9105,52.62292545945592,46.77958329973212,,,
1764310500,206.9105,206.949,206.826,206.849,46.103680919275085,46.89424509912568,,,
1764311400,206.849,206.8785,206.7425,206.7505,37.986621095431836,46.14320274545604,,,
1764312300,206.7505,206.819,206.6765,206.687,33.84916597063078,44.91553711647017,,,
1764313200,206.687,206.733,206.662,206.7015,35.57475615953814,44.09069698035506,,,
1764314100,206.7015,206.726,206.6595,206.6915,34.89863052080932,43.232283923969405,,,
1764315000,206.6915,206.751,206.6355,206.647,31.9853563359798,42.392426371501145,,,
1764315900,206.647,206.683,206.4765,206.5305,25.89162978411099,41.46412426439938,,,
1764316800,206.5305,206.6095,206.472,206.5555,29.016885692182896,40.47105973001431,,,
1764317700,206.5555,206.585,206.4935,206.509,26.75667899042388,39.28339833688199,,,
1764318600,206.509,206.592,206.458,206.5255,28.87378560313266,37.918015104945646,,,
1764319500,206.5255,206.547,206.4,206.437,24.742686912047617,36.253980655599186,,,
1764320400,206.437,206.611,206.3535,206.534,35.61580832395103,35.4121828179242,,,
1764321300,206.534,206.627,206.4785,206.5455,36.78196607572411,34.3357555601924,,,
1764322200,206.5455,206.7125,206.4515,206.65,46.30015315189099,33.88412896679491,,,
1764323100,206.65,206.6945,206.472,206.472,36.28009825270036,33.182444490611005,,,
1764324000,206.472,206.557,206.3935,206.5145,39.63900300650953,33.3004717699737,,,
1764324900,206.5145,206.5935,206.4075,206.527,40.6302762549073,33.78483679027916,,,
1764325800,206.527,206.549,206.378,206.4435,36.337368111700016,33.839309072576434,,,
1764326700,206.4435,206.475,206.362,206.3955,34.106478184385736,33.78272676283189,,,
1764327600,206.3955,206.447,206.3385,206.432,37.260758242312704,34.159541184712815,,,
1764328500,206.432,206.449,206.3135,206.3265,32.42870786692583,34.62647533348531,,,
1764329400,206.3265,206.408,206.2575,206.3625,35.50238431624841,35.08972523520427,,,
1764330300,206.3625,206.4135,206.164,206.22,29.736312081839756,35.3025561703054,,,
1764331200,206.22,206.3755,206.1955,206.3515,39.50115406454081,36.06165391754884,,,
1764332100,206.3515,206.371,206.2605,206.351,39.47868805568317,37.11422542780853,,,
1764333000,206.351,206.3525,206.2525,206.279,36.278925628814974,37.16159094958452,,,
1764333900,206.279,206.401,206.2785,206.3505,41.36163312850114,37.48871002478288,,,
1764334800,206.3505,206.376,206.275,206.2865,38.40840550725897,36.925013764452025,,,
1764335700,206.2865,206.3975,206.284,206.35,42.77425848970414,37.38888235280944,,,
1764336600,206.35,206.4785,206.323,206.4495,48.88796857752257,38.04952275073894,,,
1764337500,206.4495,206.4495,206.2915,206.343,43.52765833725411,38.256478613763704,,,
1764338400,206.343,206.414,206.3235,206.4135,47.62179852318098,39.06250935744091,,,
1764339300,206.4135,206.6835,206.4135,206.6015,56.64773239152118,40.67259894366487,,,
1764340200,206.6015,206.767,206.5735,206.745,62.026696873610824,42.44159456018617,,,
1764341100,206.745,206.8095,206.679,206.7205,60.64323222832675,44.45691772885767,,,
1764342000,206.7205,206.7385,206.5085,206.6065,54.54671933316769,45.817227372923334,,,
1764342900,206.6065,206.667,206.462,206.467,48.165686876138885,47.133611286801845,,,
1764343800,206.467,206.648,206.372,206.585,53.15746414631135,48.109062006928305,,,
1764344700,206.585,206.838,206.507,206.765,59.55582860771679,49.543143474930716,,,
1764345600,206.765,206.8885,206.665,206.8515,62.22606144286081,51.39651031879112,,,
1764346500,206.8515,206.8905,206.671,206.729,56.53354762043579,52.480218496786456,,,
1764347400,206.729,206.8595,206.7225,206.7765,58.13290958995868,53.88911164555073,,,
1764348300,206.7765,206.8115,206.7105,206.7145,55.27402625532364,54.78195220023783,,,
1764349200,206.7145,206.8015,206.7065,206.76,56.94734509724223,55.35762195164638,,,
1764350100,206.76,206.788,206.669,206.6835,53.33440256808445,56.058103682419976,,,
1764351000,206.6835,206.722,206.637,206.687,53.47982126164993,56.4765338780249,,,
1764351900,206.687,206.7805,206.6735,206.7795,57.26963914350146,56.52095578888064,,,
1764352800,206.7795,206.804,206.663,206.6715,51.94836587010766,55.80107500291613,,,
1764353700,206.6715,206.682,206.6485,206.669,51.82831670157148,55.17143817957647,,,
1764354600,206.669,206.692,206.609,206.67,51.87622289318033,54.98068843386308,,,
1764355500,206.67,206.715,206.6215,206.6875,52.76157888387182,55.30896643441543,,,
1764356400,206.6875,206.7605,206.68,206.71,53.93501199543356,55.364505566495595,,,
1764357300,206.71,206.756,206.6995,206.7135,54.125909671039764,54.976654213875804,,,
1764358200,206.7135,206.722,206.6485,206.674,51.5304894713653,54.212684787340415,,,
1764359100,206.674,206.7985,206.67,206.7955,58.17419857934583,54.329874141548274,,,
1764360000,206.7955,206.807,206.72,206.7345,54.160344040771186,54.046119459463455,,,
1764360900,206.7345,206.772,206.716,206.7635,55.72438690282677,54.078288077142254,,,
1764361800,206.7635,206.783,206.7125,206.7485,54.685055844264326,53.91669598764383,,,
1764362700,206.7485,206.798,206.7165,206.78,56.51910535797682,54.144174758350424,,,
1764363600,206.78,206.8225,206.701,206.717,51.9872011369949,54.03755903516078,,,
1764364500,206.717,206.8035,206.7115,206.78,55.803626411376776,53.93284384000902,,,
1764365400,206.78,206.78,206.695,206.696,50.08690113036998,53.7998820728849,,,
1764366300,206.696,206.774,206.694,206.754,53.61994893146902,53.92785580359186,,,
1764540000,206.754,206.754,206.429,206.541,41.89241559986128,53.21472671121194,,,
1764540900,206.541,206.66,206.4865,206.6135,46.20525438663509,52.746417818552175,,,
1764541800,206.6135,206.6345,206.545,206.5595,43.609001556346215,52.00884564433164,,,
1764542700,206.5595,206.5895,206.552,206.5645,43.92319693419405,51.28008044884267,,,
1764543600,206.5645,206.76,206.479,206.7425,53.79344895975355,51.44172041229898,,,
1764544500,206.7425,206.759,206.5375,206.546,44.48484926221459,50.463909746789604,,,
1764545400,206.546,206.6715,206.535,206.6085,47.591273170708156,49.99469039892795,,,
1764546300,206.6085,206.616,206.3785,206.416,40.14099150256577,48.881590727480734,,,
1764547200,206.416,206.4315,206.2725,206.3825,38.9968655765075,47.76100570835525,,,
1764548100,206.3825,206.393,206.1885,206.201,33.43628371519745,46.112232733871004,,,
1764549000,206.201,206.255,206.163,206.206,33.71668038176823,44.8071955370691,,,
1764549900,206.206,206.323,206.125,206.247,36.09393604639952,43.3993605109993,,,
1764550800,206.247,206.388,205.903,206.121,32.26423885659739,42.12631320572983,,,
1764551700,206.121,206.1995,206.016,206.12,32.23500594424084,40.59881727807067,,,
1764552600,206.12,206.2985,206.0945,206.1685,35.296980858277095,40.12771479652894,,,
1764553500,206.1685,206.202,205.9485,206.0345,31.113881669726737,39.04975960246406,,,
1764554400,206.0345,206.0515,205.844,205.8495,26.45282598327573,37.824318490101874,,,
1764555300,205.8495,205.8645,205.71,205.8355,26.13376545815342,36.55364481324183,,,
1764556200,205.8355,205.873,205.673,205.677,22.78331076928383,34.338634942494004,,,
1764557100,205.677,205.708,205.5835,205.6915,23.746441618908335,32.857320110829264,,,
1764558000,205.6915,205.7655,205.5895,205.5925,21.751563056106775,31.011626531214883,,,
1764558900,205.5925,205.705,205.5755,205.701,28.81011243369872,30.20227802629581,,,
1764559800,205.701,205.702,205.597,205.611,26.661666026464047,29.321192344149857,,,
1764560700,205.611,205.724,205.5835,205.687,31.319347151876585,29.169982589626937,,,
1764561600,205.687,205.6955,205.613,205.649,30.283721857819643,28.924771266487756,,,
1764562500,205.649,205.6905,205.6225,205.659,30.930975285155,28.55598835497029,,,
1764563400,205.659,205.759,205.6185,205.758,37.15186415733908,28.90510444788041,,,
1764564300,205.758,205.8405,205.7425,205.7485,36.80925478529066,29.2318365079554,,,
1764565200,205.7485,205.763,205.6725,205.6955,34.87687223599558,29.201828749221004,,,
1764566100,205.6955,205.721,205.6025,205.693,34.784111152155106,29.463987997965894,,,
1764567000,205.693,205.819,205.6575,205.7705,40.10253678232018,30.438967340754782,,,
1764567900,205.7705,205.8195,205.687,205.715,37.72959141753744,31.267240623567925,,,
1764568800,205.715,205.823,205.711,205.808,43.73732816833935,32.76395615207189,,,
1764569700,205.808,205.8165,205.663,205.6925,38.73862753447121,33.8348265746121,,,
1764570600,205.6925,205.6985,205.5605,205.638,36.61229569858741,34.89630747764643,,,
1764571500,205.638,205.686,205.5945,205.5945,34.962730113603726,35.335780169068215,,,
1764572400,205.5945,205.6835,205.562,205.6085,35.96272761157225,36.00014171086166,,,
1764573300,205.6085,205.65,205.541,205.587,35.070904574994486,36.268110098227226,,,
1764574200,205.587,205.6305,205.47,205.5005,31.668288238156947,36.367007696822746,,,
1764575100,205.5005,205.5985,205.347,205.395,28.088805140629688,36.163995543642365,,,
1764576000,205.395,205.4955,205.291,205.4475,32.195975580344296,35.81000350242845,,,
1764576900,205.4475,205.488,205.285,205.29,27.180524567983852,35.12223705833511,,,
1764577800,205.29,205.5285,205.2515,205.4745,39.14066092254442,35.426793393088595,,,
1764578700,205.4745,205.6025,205.371,205.4145,37.01170235718553,35.58590705059077,,,
1764579600,205.4145,205.57,205.403,205.5145,42.61414411805628,35.765307574571914,,,
1764580500,205.5145,205.597,205.481,205.482,41.32759705304764,36.02230797710836,,,
1764581400,205.482,205.5385,205.436,205.519,43.421824713238756,35.999772016029745,,,
1764582300,205.519,205.5415,205.404,205.4905,42.1731372687618,36.24509413990764,,,
1764583200,205.4905,205.4905,205.3335,205.4,38.39712984027875,36.3725822928856,,,
1764584100,205.4,205.404,205.2455,205.2665,33.61571279949038,36.27636677044893,,,
1764585000,205.2665,205.343,205.262,205.3125,36.54772846310267,36.31815254555824,,,
1764585900,205.3125,205.389,205.2635,205.377,40.51502650940709,36.70701839801628,,,
1764586800,205.377,205.404,205.311,205.381,40.76238690412348,37.35659687415676,,,
1764587700,205.381,205.476,205.326,205.3415,39.03610713164467,38.13854701637211,,,
1764588600,205.3415,205.407,205.309,205.339,38.923751753592406,38.6191024573184,,,
1764589500,205.339,205.34,205.213,205.2645,35.63240632808409,39.222808297325564,,,
1764590400,205.2645,205.378,205.2485,205.3545,42.01166653810277,39.4278801270083,,,
1764591300,205.3545,205.4405,205.311,205.3165,40.20009338410822,39.65562234321707,,,
1764592200,205.3165,205.4235,205.2995,205.357,43.02018434364513,39.68462521647341,,,
1764593100,205.357,205.4345,205.332,205.3685,43.83019921925489,39.863382514059644,,,
1764594000,205.3685,205.4145,205.3085,205.3785,44.5681345298816,39.94526178667699,,,
1764594900,205.3785,205.386,205.2755,205.28,39.11683516648305,39.72695449365708,,,
1764595800,205.28,205.391,205.265,205.293,40.15718498512534,39.85267271828898,,,
1764596700,205.293,205.473,205.292,205.4195,49.24559254650043,40.96909270021826,,,
1764597600,205.4195,205.5065,205.315,205.4155,48.992221455748435,41.85798505683582,,,
1764598500,205.4155,205.4265,205.3145,205.377,46.511730688136055,42.286321069602174,,,
1764599400,205.377,205.45,205.203,205.3295,43.580055665420986,42.48758312398057,,,
1764600300,205.3295,205.443,205.273,205.3845,47.69136783757539,43.10581603154704,,,
1764601200,205.3845,205.5725,205.312,205.5195,56.13976818591166,44.33553149099841,,,
1764602100,205.5195,205.5385,205.4195,205.4245,50.017684962102564,45.36305139342831,,,
1764603000,205.4245,205.4365,205.3115,205.383,47.576876419285874,45.76056638494139,,,
1764603900,205.383,205.562,205.342,205.535,56.038648737596596,46.89189176733341,,,
1764604800,205.535,205.637,205.383,205.391,48.11504223031743,47.25581018781001,,,
1764605700,205.391,205.428,205.33,205.342,45.74478693320737,47.392566453092336,,,
1764606600,205.342,205.5065,205.341,205.4725,52.46152774931181,47.9563802544802,,,
1764607500,205.4725,205.4865,205.3875,205.4025,48.96020191098221,48.65947787908728,,,
1764608400,205.4025,205.4985,205.3945,205.441,50.901134384228186,49.42690283616606,,,
1764609300,205.441,205.4675,205.396,205.451,51.417909544843894,49.582068336047726,,,
1764610200,205.451,205.492,205.418,205.478,52.86056619415867,49.85837867450561,,,
1764611100,205.478,205.514,205.424,205.4495,51.13446489936522,50.18857397530769,,,
1764612000,205.4495,205.534,205.423,205.486,53.24036733242715,50.8785962372367,,,
1764612900,205.486,205.487,205.3805,205.4125,48.689922737380606,50.94992158722278,,,
1764613800,205.4125,205.485,205.409,205.4725,52.27583547237775,50.67392639339893,,,
1764614700,205.4725,205.5165,205.466,205.494,53.52912044775736,50.92474321380285,,,
1764615600,205.494,205.4955,205.4315,205.449,50.53764634025211,51.136226779586146,,,
1764616500,205.449,205.461,205.4055,205.4195,48.619423187905255,50.60628209746534,,,
1764617400,205.4195,205.429,205.381,205.384,46.33996896151087,50.479491149693445,,,
1764618300,205.384,205.4845,205.384,205.431,49.702176040553724,50.76216180021818,,,
1764619200,205.431,205.4345,205.387,205.4105,48.28118243743046,50.46356570651237,,,
1764620100,205.4105,205.433,205.389,205.428,49.60572759677656,50.50967468406911,,,
1764621000,205.428,205.473,205.4145,205.4415,50.65559985409676,50.492136503345435,,,
1764621900,205.4415,205.473,205.3785,205.396,47.09447232079251,50.18331955877034,,,
1764622800,205.396,205.423,205.378,205.3785,45.76194573730388,49.67627524042357,,,
1764623700,205.3785,205.442,205.356,205.423,49.66231588204432,49.57112173918636,,,
1764624600,205.423,205.4675,205.419,205.4675,53.280453056322436,49.57398500517888,,,
1764625500,205.4675,205.487,205.4125,205.4155,48.86087271741531,49.5861957180385,,,
1764626400,205.4155,205.5075,205.404,205.4255,49.724547915112886,49.403960892519585,,,
1764627300,205.4255,205.43,205.401,205.418,49.05538818204038,49.084408587825514,,,
1764628200,205.418,205.418,205.3945,205.395,46.96795831136764,48.829430871476625,,,
1764629100,205.395,205.399,205.3365,205.3485,42.98545197952998,48.42700435659267,,,
1764630000,205.3485,205.414,205.339,205.388,47.08961445534841,48.48055046329536,,,
1764630900,205.388,205.437,205.381,205.407,48.991661378353086,48.42979941599531,,,
1764631800,205.407,205.456,205.406,205.4545,53.49282643775258,48.80205970173261,,,
1764632700,205.4545,205.5055,205.4465,205.4805,55.79238899356723,49.243964087217655,,,
1764633600,205.4805,205.4835,205.396,205.4405,51.56788317193772,49.309127181349155,,,
1764634500,205.4405,205.591,205.4385,205.5195,58.28582710685492,50.108509666067896,,,
1764635400,205.5195,205.5465,205.468,205.543,60.06054963473768,51.12983851588459,,,
1764636300,205.543,205.604,205.506,205.5475,60.40791342954137,51.897381197848674,,,
1764637200,205.5475,205.7025,205.5465,205.676,68.7626376561139,53.0032515264052,,,
1764638100,205.676,205.678,205.557,205.5795,58.738333832920965,53.70878446322704,,,
1764639000,205.5795,205.636,205.5555,205.608,60.56671557156779,54.48322501011667,,,
1764639900,205.608,205.6375,205.5895,205.6215,61.43837931927115,55.36772437706173,,,
1764640800,205.6215,205.6235,205.5575,205.569,56.232614683660216,56.0294855465112,,,
1764641700,205.569,205.6575,205.569,205.6445,61.30974903865528,57.338363907877294,,,
1764642600,205.6445,205.7425,205.6305,205.7425,66.70819975903396,58.73969142956913,,,
1764643500,205.7425,205.778,205.7135,205.7185,64.34052500047434,59.83603883114922,,,
1764644400,205.7185,205.7625,205.7025,205.711,63.581064271343585,60.55662724783429,,,
1764645300,205.711,205.7205,205.633,205.635,56.32562437963966,60.59471548969661,,,
1764646200,205.635,205.6715,205.6125,205.6605,58.05514568821664,61.05809138371653,,,
1764647100,205.6605,205.7085,205.601,205.703,60.83864043478417,61.24043519285434,,,
1764648000,205.703,205.7295,205.654,205.6875,59.293228487764665,61.185626539499125,,,
1764648900,205.6875,205.7525,205.6785,205.739,62.6848699715446,61.34826629249936,,,
1764649800,205.739,205.7705,205.715,205.716,60.26970054117723,60.74162792714674,,,
1764650700,205.716,205.7255,205.6755,205.6965,58.221558104320515,60.70471537510385,,,
1764651600,205.6965,205.767,205.688,205.7505,62.06600235306578,60.811807288067996,,,
1764652500,205.7505,205.7655,205.7035,205.713,58.069745086882236,60.57119055718307,,,
1764653400,205.713,205.733,205.6705,205.6775,54.49273596591991,60.44691350591591,,,
1764654300,205.6775,205.745,205.6775,205.6865,55.24540934669347,60.013746385061495,,,
1764655200,205.6865,205.788,205.6785,205.7545,60.5540070032605,59.574161188220536,,,
1764656100,205.7545,205.8,205.715,205.786,62.75776682635273,59.46110703292614,,,
1764657000,205.786,205.8265,205.755,205.7955,63.42148719668893,59.44970867045081,,,
1764657900,205.7955,205.872,205.7745,205.8115,64.56684279706295,60.03836712883818,,,
1764658800,205.8115,205.9515,205.798,205.9515,72.6397089063921,61.08012164442214,,,
1764659700,205.9515,205.9605,205.8555,205.8685,63.41514899467349,61.26415797012852,,,
1764660600,205.8685,205.915,205.79,205.798,56.81531941550928,61.08716446496743,,,
1764661500,205.798,205.864,205.725,205.85,60.112729295004165,60.903440130928814,,,
1764662400,205.85,205.9245,205.7965,205.866,61.09702891160955,60.96253501453113,,,
1764663300,205.866,206.0985,205.831,206.0945,71.79979735675963,61.9324092468482,,,
1764664200,206.0945,206.133,206.0295,206.074,69.94072693575573,62.49488957418321,,,
1764665100,206.074,206.1125,206.0275,206.1015,71.02456909914721,63.42023414648786,,,
1764666000,206.1015,206.239,206.051,206.23,75.4745632092802,64.91893609244217,,,
1764666900,206.23,206.2595,206.131,206.22,74.51547715644804,66.29536950742462,,,
1764667800,206.22,206.2425,206.0555,206.094,63.55645379161351,66.50982999230698,,,
1764668700,206.094,206.154,205.9955,206.0445,59.833488174675416,66.3009529457586,,,
1764669600,206.0445,206.0455,205.7465,205.832,47.08288214710994,65.13390972793152,,,
1764670500,205.832,205.8395,205.685,205.7325,42.51440515932538,63.55873561095028,,,
1764671400,205.7325,205.8275,205.7325,205.8,46.31970326515944,61.67873520800509,,,
1764672300,205.8,205.9035,205.7705,205.8975,51.3311829258756,60.815594774519525,,,
1764673200,205.8975,205.908,205.8285,205.8355,48.24664616513207,60.20354668520687,,,
1764674100,205.8355,205.889,205.7935,205.8855,50.813592444679955,59.53932262446943,,,
1764675000,205.8855,205.895,205.7345,205.83,47.969454090252626,58.60163870865822,,,
1764675900,205.83,205.8755,205.777,205.8,46.45580986084215,56.79135388752126,,,
1764676800,205.8,205.869,205.7635,205.8395,48.748908197745955,55.277652549092,,,
1764677700,205.8395,206.0045,205.828,205.9905,56.430593393137805,54.23522571294847,,,
1764678600,205.9905,206.022,205.9335,205.972,55.33627729724249,52.79677671923149,,,
1764679500,205.972,206.101,205.9505,206.075,59.988525780281286,51.75913733521957,,,
1764680400,206.075,206.1215,206.028,206.0435,57.99883641964564,51.36216466579329,,,
1764681300,206.0435,206.086,205.9745,205.9755,53.84680997998058,50.93454479474366,,,
1764682200,205.9755,206.0245,205.939,205.968,53.39280501637414,51.38525357111968,,,
1764683100,205.968,206.012,205.933,205.9905,54.62871721181914,52.25056157486923,,,
1764684000,205.9905,206.1365,205.969,206.129,61.411985884564714,53.3285817619696,,,
1764684900,206.129,206.1775,206.1025,206.1075,59.91449820835592,53.9416757107182,,,
1764685800,206.1075,206.1435,205.9585,205.987,52.22771841401649,54.226038014209955,,,
1764686700,205.987,206.067,205.9555,206.028,54.372677397554156,54.48025836798668,,,
1764687600,206.028,206.199,206.0205,206.138,59.61214659429164,55.311879261132326,,,
1764688500,206.138,206.1715,205.8125,205.822,43.98589479534185,55.13545675645373,,,
1764689400,205.822,205.9965,205.7955,205.9835,51.048375774764224,55.29970444052646,,,
1764690300,205.9835,206.0305,205.7695,205.7715,43.325915929714476,54.36365605028193,,,
1764691200,205.7715,205.862,205.611,205.6255,38.955306176469406,53.193586684512425,,,
1764692100,205.6255,205.6575,205.483,205.542,36.67653419691374,51.52844442855761,,,
1764693000,205.542,205.601,205.4925,205.5555,37.31498866932583,50.051026732106195,,,
1764693900,205.5555,205.684,205.5535,205.5645,37.7654836949593,48.90236056889039,,,
1764694800,205.5645,205.7175,205.555,205.7035,44.41022642195869,48.26074781214642,,,
1764695700,205.7035,205.8775,205.6945,205.823,49.411037135389066,47.8880563781157,,,
1764696600,205.823,205.8455,205.7375,205.7405,46.313451071711555,46.80958960576904,,,
1764697500,205.7405,205.7855,205.7095,205.7565,47.00730197931675,45.88764701798054,,,
1764698400,205.7565,205.854,205.6865,205.8225,49.88457282964676,45.720279476239845,,,
1764699300,205.8225,205.8525,205.7925,205.8315,50.2810062887673,45.42801725418364,,,
1764700200,205.8315,205.856,205.761,205.788,48.29257468790866,44.61947640372772,,,
1764701100,205.788,205.9015,205.765,205.875,52.351151627014644,45.2169947488472,,,
1764702000,205.875,205.9345,205.8695,205.888,52.94548613129219,45.35250263145633,,,
1764702900,205.888,205.9005,205.8355,205.851,50.995837629824806,45.90035418146421,,,
1764703800,205.851,205.88,205.815,205.8505,50.96852381259011,46.75844115547284,,,
1764704700,205.8505,205.947,205.85,205.94,55.557194109073656,48.107059720627106,,,
1764705600,205.94,205.944,205.8755,205.895,52.877665957858646,49.218679526950886,,,
1764706500,205.895,205.9075,205.8765,205.89,52.57425356906881,50.276448803672984,,,
1764707400,205.89,205.908,205.86,205.864,50.937487624382904,50.74268174670329,,,
1764708300,205.864,205.8975,205.836,205.883,52.11080614933916,50.93552239055687,,,
1764709200,205.883,205.9075,205.8625,205.8895,52.52905853608516,51.37949435229785,,,
1764710100,205.8895,205.8955,205.849,205.8655,50.76604047382087,51.64797567333385,,,
1764711000,205.8655,205.967,205.864,205.952,56.44055869091253,52.11626037770998,,,
1764711900,205.952,206.018,205.9445,205.949,56.1986342077185,52.538948086206496,,,
1764712800,205.949,206.0175,205.8045,205.8195,46.861064359475385,52.43669734846126,,,
1764713700,205.8195,205.9145,205.755,205.797,45.4481313640704,51.94362447253667,,,
1764714600,205.797,205.989,205.797,205.9575,55.70742671910468,52.14090594309471,,,
1764715500,205.9575,205.96,205.878,205.907,52.37014620720495,52.239070841479005,,,
1764716400,205.907,205.9985,205.907,205.9425,54.43656221468397,52.4867878702,,,
1764717300,205.9425,205.977,205.94,205.9575,55.31865114841845,52.46974908729605,,,
1764718200,205.9575,205.993,205.9245,205.9895,57.221334526029096,52.78001112787966,,,
1764719100,205.9895,206.01,205.916,205.917,51.835643272641995,52.727253249563454,,,
1764720000,205.917,205.937,205.8125,205.8825,49.450471404024924,52.62103780525217,,,
1764720900,205.8825,205.8845,205.8025,205.8445,46.89111409024095,52.24820265817373,,,
1764721800,205.8445,205.9625,205.7885,205.96,54.58495657885603,52.39505251837165,,,
1764722700,205.96,205.999,205.913,205.966,54.95006697488998,52.6939115541623,,,
1764723600,205.966,206.0125,205.86,205.861,47.71992320137682,52.071009019195465,,,
1764724500,205.861,205.884,205.8045,205.845,46.71132938404116,51.393344388932796,,,
1764725400,205.845,205.9155,205.823,205.825,45.419070564990754,51.2903448321839,,,
1764726300,205.825,205.9025,205.8135,205.8855,49.93141895498874,51.61057966010663,,,
1764727200,205.8855,206.0015,205.88,205.994,56.82511229244095,51.690414343916366,,,
1764728100,205.994,206.061,205.9885,206.0405,59.40481187266735,52.19289046287797,,,
1764729000,206.0405,206.0745,206.009,206.0595,60.444796386007056,52.622050046543905,,,
1764729900,206.0595,206.0665,205.986,206.0055,56.04986849346089,52.67427985690408,,,
1764730800,206.0055,206.0285,205.9795,206.009,56.271797174309235,52.60645576035266,,,
1764731700,206.009,206.034,205.98,205.9965,55.199742446985034,52.84674855852002,,,
1764732600,205.9965,206.0345,205.976,205.9895,54.57273228562943,53.212624335777484,,,
1764733500,205.9895,205.994,205.892,205.9175,48.47367622614447,53.325664488342014,,,
1764734400,205.9175,206.0215,205.914,205.994,54.31575013980096,53.306435456980935,,,
1764735300,205.994,206.018,205.981,205.998,54.60556705141806,53.28182831959009,,,
1764736200,205.998,206.024,205.961,206.002,54.91359316402416,53.79566188835061,,,
1764737100,206.002,206.0235,205.966,205.9695,51.83591126499801,54.16170345127609,,,
1764738000,205.9695,206.063,205.9465,206.031,56.77304560420218,54.972701668362625,,,
1764738900,206.031,206.1115,206.028,206.071,59.66880357930393,55.668229141527995,,,
1764739800,206.071,206.072,206.0155,206.0285,55.420716763901346,55.56791517520374,,,
1764740700,206.0285,206.097,206.0275,206.088,59.74198414420502,55.591998908885,,,
1764741600,206.088,206.091,206.014,206.047,55.732933564952525,55.25543727880968,,,
1764742500,206.047,206.082,205.939,205.941,46.959117734962284,54.606097938916925,,,
1764743400,205.941,205.989,205.911,205.952,47.87614996692569,54.00640885267524,,,
1764744300,205.952,206.0705,205.9335,206.068,56.430819541740625,54.094342930872074,,,
1764745200,206.068,206.1225,206.017,206.085,57.53087771942465,54.30563903328601,,,
1764746100,206.085,206.183,206.085,206.1515,61.6137802767845,55.24421789404602,,,
1764747000,206.1515,206.21,206.059,206.077,55.21004802155599,55.30809631417138,,,
1764747900,206.077,206.197,206.075,206.174,60.90713619814536,55.75820839608047,,,
1764748800,206.174,206.2475,206.15,206.1885,61.69155468967856,56.24234850505578,,,
1764749700,206.1885,206.2625,206.0985,206.129,56.666823298382816,56.58741365029755,,,
1764750600,206.129,206.318,206.112,206.297,65.26857238342367,57.1942369916705,,,
1764751500,206.297,206.4785,206.255,206.4145,69.7859686254989,57.916891637827284,,,
1764752400,206.4145,206.437,206.301,206.363,65.74940831354925,58.65465531994499,,,
1764753300,206.363,206.4945,206.3585,206.4755,69.85177984553034,59.37678358432537,,,
1764754200,206.4755,206.6855,206.4755,206.583,73.1599704654525,60.621571934361086,,,
1764755100,206.583,206.6915,206.568,206.6465,74.91125883434488,62.618153441459846,,,
1764756000,206.6465,206.7025,206.5845,206.698,76.26395782521931,64.64585400276653,,,
1764756900,206.698,206.7455,206.603,206.603,68.88572142994563,65.53548985192404,,,
1764757800,206.603,206.6765,206.5765,206.6195,69.4387522434968,66.38605231792918,,,
1764758700,206.6195,206.6605,206.515,206.596,67.59594942459722,66.81335011420153,,,
1764759600,206.596,206.597,206.446,206.5775,66.10856496698327,67.59181561030347,,,
1764760500,206.5775,206.6365,206.548,206.622,67.93620417769742,68.09389189455719,,,
1764761400,206.622,206.6745,206.559,206.564,63.15578159880461,68.19847953092334,,,
1764762300,206.564,206.6635,206.513,206.6505,66.89693886267507,68.92920207122992,,,
1764763200,206.6505,206.67,206.595,206.64,66.0205962423565,68.9829180611537,,,
1764764100,206.64,206.703,206.6035,206.6765,67.60906759532386,68.8274251304269,,,
1764765000,206.6765,206.727,206.6325,206.69,68.20117473347248,69.00255130327857,,,
1764765900,206.69,206.725,206.6605,206.6895,68.15148426572102,68.88110161900647,,,
1764766800,206.6895,206.8125,206.665,206.7505,70.9338443750758,68.722092612551,,,
1764767700,206.7505,206.84,206.671,206.813,73.48936364002029,68.62052867009923,,,
1764768600,206.813,206.889,206.788,206.8395,74.51258114382952,68.49543033571425,,,
1764769500,206.8395,206.896,206.775,206.794,69.54906637223263,68.54281211730617,,,
1764770400,206.794,206.817,206.4605,206.621,54.644332499417416,67.48606784987193,,,
1764771300,206.621,206.758,206.589,206.758,61.65283634452529,67.06155977272394,,,
1764772200,206.758,206.8625,206.7175,206.859,65.84324044137239,67.04260802089459,,,
1764773100,206.859,206.936,206.7725,206.863,66.00169445063172,66.9044287546756,,,
1764774000,206.863,207.091,206.7955,206.8665,66.1496673715816,67.1182777384454,,,
1764774900,206.8665,206.94,206.7905,206.865,66.01705348330515,67.05542878277612,,,
1764775800,206.865,207.0035,206.8315,206.8955,67.4461355161626,67.1572530166194,,,
1764776700,206.8955,207.0225,206.8275,206.9255,68.83441684692284,67.24477796316219,,,
1764777600,206.9255,207.034,206.881,206.985,71.43620116865503,67.47585127996095,,,
1764778500,206.985,207.0175,206.82,206.82,57.18031444357369,66.6921962926647,,,
1764779400,206.82,206.944,206.7365,206.772,53.815761615436905,65.46947609554765,,,
1764780300,206.772,206.875,206.758,206.8705,59.130260914292805,64.44382590085283,,,
1764781200,206.8705,206.9015,206.8115,206.8805,59.638056695993136,63.38135986886452,,,
1764782100,206.8805,206.99,206.853,206.978,64.29599239597779,63.006140299132035,,,
1764783000,206.978,207.0285,206.9415,206.9785,64.31873351096209,63.69716894281379,,,
1764783900,206.9785,207.0865,206.969,206.98,64.39200722731694,63.89282400587034,,,
1764784800,206.98,207.039,206.959,206.996,65.21262888617247,63.847780323356055,,,
1764785700,206.996,207.013,206.921,206.9965,65.23958858864955,63.79334419035733,,,
1764786600,206.9965,207.14,206.99,207.123,71.29975204431713,64.16120738126702,,,
1764787500,207.123,207.125,207.044,207.0635,65.51418541722006,64.1252882336895,,,
1764788400,207.0635,207.085,207.0325,207.0635,65.51418541722006,63.987291798050755,,,
1764789300,207.0635,207.0915,207.0475,207.0775,66.26126541069993,63.80349526689197,,,
1764790200,207.0775,207.1155,207.0575,207.1065,67.81656363727606,63.54494972893634,,,
1764791100,207.1065,207.147,207.0805,207.14,69.56210822956216,64.42936357079266,,,
1764792000,207.14,207.174,207.1075,207.1585,70.51323258573068,65.62204006867077,,,
1764792900,207.1585,207.176,207.122,207.168,71.01412642323979,66.47088760502413,,,
1764793800,207.168,207.224,207.159,207.223,73.79005565809786,67.48174467374591,,,
1764794700,207.223,207.259,207.184,207.209,71.90243117502035,68.02506172939181,,,
1764795600,207.209,207.3335,207.204,207.305,76.36687010422513,68.88564291462488,,,
1764796500,207.305,207.305,207.25,207.287,73.99290581737344,69.5714213853432,,,
1764797400,207.287,207.347,207.24,207.255,69.83653732237536,69.90170055935769,,,
1764798300,207.255,207.3135,207.238,207.2985,72.12850353178801,70.39376591243901,,,
1764799200,207.2985,207.341,207.215,207.215,62.33689420456267,69.75356178102797,,,
1764800100,207.215,207.234,207.174,207.198,60.53511465197401,69.39791386922468,,,
1764801000,207.198,207.217,207.1815,207.2155,61.76041750826011,69.12978759001325,,,
1764801900,207.2155,207.24,207.1845,207.2165,61.83334031696015,68.8135072261747,,,
1764802800,207.2165,207.235,207.1785,207.2255,62.52598055281975,68.43560843442782,,,
1764803700,207.2255,207.258,207.1855,207.191,58.16815238007663,67.62175444517885,,,
1764804600,207.191,207.203,207.059,207.0945,48.075096892233766,66.01903046707193,,,
1764805500,207.0945,207.101,206.977,207.042,43.638741939417145,64.06364586108461,,,
1764806400,207.042,207.043,206.8855,207.002,40.567133769862686,61.69058001192494,,,
1764807300,207.002,207.0835,206.963,207.083,48.47597860291914,60.01726197106057,,,
1764808200,207.083,207.094,207.0025,207.07,47.38609451272611,57.94720657166778,,,
1764809100,207.07,207.103,206.927,206.9315,37.66913345830167,55.35265140316265,,,
1764810000,206.9315,207.0515,206.905,207.0215,45.49123276587886,53.613701077698614,,,
1764810900,207.0215,207.1785,206.9965,207.1685,55.347741288285675,52.415075203162736,,,
1764811800,207.1685,207.251,207.145,207.167,55.23797900570286,51.908009831815605,,,
1764812700,207.167,207.18,207.099,207.1265,52.2264163585164,51.314531382282915,,,
1764813600,207.1265,207.2275,207.116,207.1595,54.4075901436076,50.78932942766488,,,
1764814500,207.1595,207.237,207.148,207.203,57.18270928635416,50.457141496907305,,,
1764815400,207.203,207.267,207.182,207.1895,56.042625542143774,49.99404471043045,,,
1764816300,207.1895,207.2895,207.149,207.2735,61.223160779922864,50.212259596133755,,,
1764817200,207.2735,207.3125,207.235,207.246,58.78076407240404,50.976950109003056,,,
1764818100,207.246,207.325,207.2415,207.3085,62.447436052806246,52.32042825995943,,,
1764819000,207.3085,207.331,207.2115,207.2135,54.51005844394082,53.316351450965,,,
1764819900,207.2135,207.2135,207.147,207.171,51.36465189228038,53.52268525734796,,,
1764820800,207.171,207.177,207.134,207.171,51.36465189228038,53.80686792731611,,,
1764821700,207.171,207.181,207.103,207.11,46.8632970377899,54.46359389727956,,,
1764822600,207.11,207.244,207.102,207.233,55.35856378348163,55.16840325567976,,,
1764823500,207.233,207.274,207.2225,207.263,57.15766809499668,55.2976837418734,,,
1764824400,207.263,207.3605,207.2555,207.3515,62.020349827283226,55.78213880055771,,,
1764825300,207.3515,207.361,207.327,207.341,61.133776461097455,56.41837880788493,,,
1764826200,207.341,207.346,207.0515,207.152,47.869189492693216,55.95135018996247,,,
1764827100,207.152,207.152,206.997,207.0425,42.16143957527574,54.87840235345687,,,
1764828000,207.0425,207.186,207.0105,207.1765,50.01589602558719,54.44792167370283,,,
1764828900,207.1765,207.199,207.1385,207.1845,50.448534399201925,53.67830550365134,,,
1764829800,207.1845,207.2905,207.1605,207.1775,50.04039679834577,53.05399355550431,,,
1764830700,207.1775,207.198,207.0795,207.13,47.24712198534297,51.968256836399796,,,
1764831600,207.13,207.2105,207.09,207.136,47.6446759570676,51.4778723730517,,,
1764832500,207.136,207.1515,207.047,207.047,42.52526065458756,50.84648728464507,,,
1764833400,207.047,207.099,207.02,207.022,41.18652204109741,50.119478009560574,,,
1764834300,207.022,207.088,206.955,207.0425,42.77732181885564,49.82762263677955,,,
1764835200,207.0425,207.061,206.569,206.722,29.39204580143719,47.9728713523478,,,
1764836100,206.722,206.8425,206.6985,206.782,33.58198328647123,46.288893866024544,,,
1764837000,206.782,206.905,206.699,206.87,39.27374271025157,44.664136214808,,,
1764837900,206.87,206.8875,206.7515,206.802,36.659431518512655,42.91596871890909,,,
1764838800,206.802,206.864,206.6815,206.712,33.48261160314293,41.888356012512645,,,
1764839700,206.712,206.7245,206.6475,206.7065,33.29273945403533,41.254877432424045,,,
1764840600,206.7065,206.7065,206.5825,206.682,32.41103522853449,39.997387375491705,,,
1764841500,206.682,206.7325,206.581,206.6195,30.212852756379007,38.551981543861494,,,
1764842400,206.6195,206.665,206.526,206.553,28.034212565927405,36.9801112415459,,,
1764843300,206.553,206.687,206.536,206.684,37.582671550126456,36.28979335331615,,,
1764844200,206.684,206.7425,206.6205,206.65,36.23875357797743,35.47508461195256,,,
1764845100,206.65,206.6515,206.4725,206.506,31.157046233470155,34.66306929615846,,,
1764846000,206.506,206.522,206.354,206.401,28.06649421847294,33.72592445168529,,,
1764846900,206.401,206.497,206.387,206.475,33.102829470318724,33.03488928393265,,,
1764847800,206.475,206.573,206.454,206.5675,38.86478067494673,33.711513203469046,,,
1764848700,206.5675,206.586,206.452,206.4605,35.09877856947956,33.81985572368392,,,
1764849600,206.4605,206.5075,206.3705,206.442,34.47673176787801,33.477212084942956,,,
1764850500,206.442,206.502,206.406,206.477,36.76023842094754,33.48441257797403,,,
1764851400,206.477,206.5445,206.4165,206.475,36.68156984688964,33.71290959538451,,,
1764852300,206.475,206.4995,206.405,206.4705,36.49233903127416,33.94145242233013,,,
1764853200,206.4705,206.533,206.4495,206.483,37.45750353831723,34.30191444445747,,,
1764854100,206.483,206.5545,206.4175,206.5145,39.934829552071015,34.99634135843547,,,
1764855000,206.5145,206.6265,206.4545,206.4905,38.677773095622165,35.7565956819851,,,
1764855900,206.4905,206.643,206.4365,206.545,43.060894800038746,36.14789734269312,,,
1764856800,206.545,206.64,206.499,206.6345,49.45075689567049,37.09161186538548,,,
1764857700,206.6345,206.694,206.566,206.6315,49.251239432356286,38.38405423673449,,,
1764858600,206.6315,206.925,206.595,206.9145,64.00493451004462,40.951085686132494,,,
1764859500,206.9145,206.945,206.819,206.923,64.34026316796755,43.18233095025027,,,
1764860400,206.923,206.9585,206.766,206.936,64.87915520532448,45.040500559562965,,,
1764861300,206.936,207.022,206.849,206.884,60.91378367591226,46.88442949573673,,,
1764862200,206.884,206.925,206.8295,206.8625,59.29997152053618,48.65751804949803,,,
1764863100,206.8625,206.88,206.717,206.794,54.35865261071374,49.91454763448133,,,
1764864000,206.794,206.8445,206.7135,206.73,50.15366107660931,50.87683986517559,,,
1764864900,206.73,206.73,206.6255,206.64,44.89427964535653,51.47697848046719,,,
1764865800,206.64,206.8015,206.636,206.776,52.92735296513082,52.581967725239586,,,
1764866700,206.776,206.8755,206.775,206.839,56.118541241736914,53.7379471316443,,,
1764867600,206.839,206.853,206.7935,206.801,53.75151930957535,54.81464328978381,,,
1764868500,206.801,206.8105,206.716,206.719,48.95317193787001,55.23552022820032,,,
1764869400,206.719,206.793,206.6955,206.753,50.909961233352924,55.339749109463355,,,
1764870300,206.753,206.775,206.7095,206.7365,49.9100690258327,55.386808366140244,,,
1764871200,206.7365,206.7565,206.67,206.714,48.51089115588612,54.28009098370035,,,
1764872100,206.714,206.779,206.713,206.7575,51.350475537193894,53.352249010073656,,,
1764873000,206.7575,206.8245,206.7565,206.8155,54.920276992870264,52.640900566326934,,,
1764873900,206.8155,206.845,206.797,206.806,54.21850936402642,52.16266668690651,,,
1764874800,206.806,206.825,206.755,206.758,50.693842020226704,51.54794315117012,,,
1764875700,206.758,206.767,206.6965,206.749,50.03701962731576,51.239255080927414,,,
1764876600,206.749,206.8475,206.741,206.827,55.427157245383135,51.61593337869697,,,
1764877500,206.827,206.8365,206.7525,206.798,53.13208452903769,52.20434801324562,,,
1764878400,206.798,206.804,206.7385,206.7655,50.60323952334887,52.0383399102612,,,
1764879300,206.7655,206.776,206.699,206.719,47.1457402944768,51.39742555688547,,,
1764880200,206.719,206.757,206.71,206.757,50.14365671285877,51.13972108569143,,,
1764881100,206.757,206.77,206.711,206.7355,48.468562596398684,51.10510613272919,,,
1764882000,206.7355,206.77,206.721,206.753,49.93460040451552,51.035437502097956,,,
1764882900,206.753,206.759,206.682,206.75,49.67370444559603,51.018554317795335,,,
1764883800,206.75,206.7565,206.7455,206.752,49.861778170127934,51.115046247384036,,,
1764884700,206.752,206.7765,206.702,206.702,45.303606954625344,50.683127062914856,,,
1764885600,206.702,206.711,206.586,206.5905,37.14812984177361,49.413687980693666,,,
1764886500,206.5905,206.618,206.5425,206.548,34.591955604552965,48.011791283588416,,,
1764887400,206.548,206.6765,206.53,206.6065,40.64612028651005,47.29409687403722,,,
1764888300,206.6065,206.6275,206.6015,206.604,40.47370931468444,46.61100328027784,,,
1764889200,206.604,206.7255,206.604,206.7255,51.28809529029321,46.31535599777142,,,
1764890100,206.7255,206.737,206.7015,206.7105,50.078489300384085,46.09724205286759,,,
1764891000,206.7105,206.736,206.643,206.645,45.078888991242074,45.70264558628853,,,
1764891900,206.645,206.6955,206.634,206.673,47.4921788031456,45.7273911940506,,,
1764892800,206.673,206.81,206.652,206.769,54.82202426418209,46.061560304859405,,,
1764893700,206.769,206.804,206.707,206.707,49.970383433890696,46.168833221823114,,,
1764894600,206.707,206.788,206.6755,206.733,51.89306603053383,46.308723623681566,,,
1764895500,206.733,206.782,206.555,206.5815,41.8101506678147,45.74704121098291,,,
1764896400,206.5815,206.638,206.531,206.601,43.33627040378732,45.28093351338715,,,
1764897300,206.601,206.711,206.574,206.6915,49.90303493560368,45.609464083457034,,,
1764898200,206.6915,206.7515,206.667,206.683,49.324849580877434,46.47922977910731,,,
1764899100,206.683,206.6995,206.6115,206.685,49.47318940732903,47.542175050734166,,,
1764900000,206.685,206.721,206.675,206.706,51.09207421347741,48.28831461694613,,,
1764900900,206.706,206.7705,206.69,206.7625,55.24670919807979,49.343528894331506,,,
1764901800,206.7625,206.773,206.704,206.744,53.63995300717387,49.511518731251556,,,
1764902700,206.744,206.7655,206.703,206.72,51.54555607221785,49.616309214953965,,,
1764903600,206.72,206.7255,206.683,206.703,50.05469295875241,49.97172378406185,,,
1764904500,206.703,206.7605,206.703,206.7445,53.584065464623336,50.40685854559597,,,
1764905400,206.7445,206.7745,206.705,206.734,52.5718294459477,50.246130344293526,,,
1764906300,206.734,206.791,206.721,206.734,52.5718294459477,50.431947916583304,,,
1764907200,206.734,206.7635,206.704,206.7335,52.51704005929187,50.47651749006603,,,
1764908100,206.7335,206.7515,206.453,206.5815,39.1569250852349,50.287001377024616,,,
1764909000,206.5815,206.699,206.543,206.636,44.599007310215946,50.37719687034094,,,
1764909900,206.636,206.644,206.5625,206.611,42.71175672470934,49.863534140991355,,,
1764910800,206.611,206.613,206.528,206.566,39.47380371210804,49.159888007507824,,,
1764911700,206.566,206.5895,206.416,206.428,31.569813696414172,47.88107545672819,,,
1764912600,206.428,206.4285,206.2415,206.3545,28.317548209823244,46.25432359932432,,,
1764913500,206.3545,206.3545,206.2405,206.3155,26.743239369170695,44.21836146868797,,,
1764914400,206.3155,206.445,206.2855,206.421,36.95412674947499,43.02651673599519,,,
1764915300,206.421,206.443,206.302,206.311,31.953154706400625,41.627059495579665,,,
1764916200,206.311,206.3605,206.2225,206.282,30.770872143256142,40.24964372304422,,,
1764917100,206.282,206.3765,206.282,206.338,35.71713803646436,38.973434621032865,,,
1764918000,206.338,206.463,206.304,206.34,35.89330264125634,37.78211127784063,,,
1764918900,206.34,206.433,206.231,206.2675,32.42442899488026,36.34301124562152,,,
1764919800,206.2675,206.4075,206.1955,206.315,36.738198181062856,35.2159511114623,,,
1764920700,206.315,206.502,206.2855,206.476,48.6934101194258,35.89712861390451,,,
1764921600,206.476,206.6985,206.3955,206.6955,59.8372024506528,36.98557112393571,,,
1764922500,206.6955,206.7705,206.6455,206.7035,60.17670047111418,38.23306710582177,,,
1764923400,206.7035,206.7975,206.649,206.6675,57.80858525428489,39.5426943588344,,,
1764924300,206.6675,206.7895,206.6655,206.736,60.956989629644845,41.64177835406516,,,
1764925200,206.736,206.831,206.6985,206.8005,63.70352205459507,44.169347914406,,,
1764926100,206.8005,206.8605,206.7655,206.843,65.42921897661691,46.93263217208073,,,
1764927000,206.843,206.861,206.7455,206.754,59.09310989159771,48.51398811080379,,,
1764927900,206.754,206.8085,206.7275,206.752,58.95494559677425,50.44268746011619,,,
1764928800,206.752,206.9,206.734,206.9,65.4015625646631,52.91630820450241,,,
1764929700,206.9,206.9675,206.816,206.8335,60.78210105481513,54.70666270581317,,,
1764930600,206.8335,206.8895,206.7765,206.815,59.522539357079836,56.39446532837199,,,
1764931500,206.815,206.949,206.811,206.922,64.14987634169819,58.660568710287556,,,
1764932400,206.922,206.9415,206.856,206.89,61.871834250963936,60.4558284295662,,,
1764933300,206.89,206.891,206.8235,206.8705,60.46279384231082,61.29649869548656,,,
1764934200,206.8705,206.9235,206.8395,206.919,62.735866383899776,61.503546119289915,,,
1764935100,206.919,206.9785,206.884,206.968,64.92961508109354,61.843040020002725,,,
1764936000,206.968,207.0375,206.949,206.99,65.9002552491626,62.42101644820828,,,
1764936900,206.99,207.112,206.9645,207.052,68.54262673892458,62.962847670299695,,,
1764937800,207.052,207.0995,207.002,207.0795,69.66543651227454,63.38869870299108,,,
1764938700,207.0795,207.135,207.0365,207.134,71.81270164875856,63.8446617510012,,,
1764939600,207.134,207.1875,207.0835,207.102,68.73610202648034,64.53344690349282,,,
1764940500,207.102,207.186,207.06,207.087,67.28101746950833,65.12816632297383,,,
1764941400,207.087,207.2545,207.087,207.178,71.25640308619249,65.54636921736878,,,
1764942300,207.178,207.22,207.1395,207.201,72.1765590347973,66.36025907308179,,,
1764943200,207.201,207.2775,207.12,207.1605,68.04576720124764,66.96906106195092,,,
1764944100,207.1605,207.2385,207.1275,207.2095,70.26323155650397,67.4057292915799,,,
1764945000,207.2095,207.2935,207.194,207.2215,70.79769165131644,68.04329053446223,,,
1764945900,207.2215,207.2485,207.08,207.1835,66.70892354850503,68.48944265633325,,,
1764946800,207.1835,207.26,207.1175,207.161,64.33954226314182,68.60399093342197,,,
1764947700,207.161,207.2615,207.1265,207.2325,68.20434239898377,68.83790002755698,,,
1764948600,207.2325,207.298,207.1325,207.1535,60.41357250628362,68.44599411735133,,,
1764949500,207.1535,207.2625,207.1105,207.1525,60.31964674304124,67.85863840335968,,,
1764950400,207.1525,207.1685,207.03,207.0935,54.89672490056269,66.80373043109455,,,
1764951300,207.0935,207.155,207.062,207.064,52.36191850673403,65.4143887780928,,,
1764952200,207.064,207.076,206.878,206.899,40.9676587628285,63.43092854497481,,,
1764953100,206.899,206.9785,206.8785,206.902,41.21811742113469,61.56929282723383,,,
1764954000,206.902,206.9875,206.845,206.956,45.68517561422341,59.74277657923604,,,
1764954900,206.956,206.991,206.918,206.942,44.73598361446424,57.78273547778368,,,
1764955800,206.942,206.9795,206.914,206.951,45.51962615980865,56.17372540339518,,,
1764956700,206.951,207.018,206.9275,207.014,50.78091145642719,54.782131110532546,,,
1764957600,207.014,207.127,206.9965,207.089,56.20338804931465,53.7396808532467,,,
1764958500,207.089,207.115,207.023,207.083,55.67494452261415,52.951539494254504,,,
1764959400,207.083,207.0955,207.043,207.0605,53.63824664934858,52.187161236126414,,,
1764960300,207.0605,207.0755,207.034,207.054,53.03465656082924,51.103612247686804,,,
1764961200,207.054,207.077,207,207.07,54.39506913596106,50.67371914980662,,,
1764962100,207.07,207.0925,207.0395,207.0625,53.611144740072525,50.19454043530886,,,
1764963000,207.0625,207.079,207.0045,207.02,49.277294934702645,49.79315258060457,,,
1764963900,207.02,207.1055,206.9935,207.0655,53.6017148176604,49.88170945995646,,,
1764964800,207.0655,207.094,206.973,206.99,46.51508841408524,50.277954435046226,,,
1764965700,206.99,207.009,206.9675,206.996,47.11349273745137,50.69905267192598,,,
1764966600,206.996,207.021,206.967,207.017,49.25353316856038,50.95393535437863,,,
1764967500,207.017,207.0865,206.968,207.0655,53.893805771558036,51.60806550845676,,,
1764968400,207.0655,207.1205,207.064,207.083,55.475834854214085,52.31922327234286,,,
1764969300,207.083,207.134,207.065,207.067,53.662844496554506,52.52507563235195,,,
1764970200,207.067,207.1215,207.028,207.072,54.16693125464931,52.37961443273299,,,
1764971100,207.072,207.1635,207.0455,207.116,58.45052982100644,52.577870525475305,,,
1765144800,207.116,207.116,206.783,206.8455,36.107993896215234,51.32570961453722,,,
1765145700,206.8455,206.901,206.8025,206.9,41.00127905755456,50.46618265001759,,,
1765146600,206.9,206.9,206.858,206.8875,40.24005800086214,49.45511042608196,,,
1765147500,206.8875,206.9245,206.8805,206.9155,42.80176083736453,48.68301157588853,,,
1765148400,206.9155,206.977,206.874,206.893,41.27077770870898,48.111117488317554,,,
1765149300,206.893,206.933,206.8865,206.9255,44.366288545858964,47.451444183188876,,,
1765150200,206.9255,206.9985,206.907,206.984,49.52360302862644,47.666338084227526,,,
1765151100,206.984,207.048,206.9615,206.9725,48.57040321787812,47.77040311854373,,,
1765152000,206.9725,206.98,206.7615,206.835,38.923763122335565,47.03256240095624,,,
1765152900,206.835,206.902,206.8125,206.8615,41.341789508800154,46.13598981075925,,,
1765153800,206.8615,206.8615,206.749,206.81,38.178400960210936,44.90045881833045,,,
1765154700,206.81,206.8905,206.754,206.7665,35.69398123345955,43.616968585252245,,,
1765155600,206.7665,206.8555,206.701,206.7075,32.59573812525812,42.07616907601001,,,
1765156500,206.7075,206.728,206.635,206.693,31.863726890930565,40.177111723861735,,,
1765157400,206.693,206.7095,206.6095,206.6135,28.13327815540542,39.60748917094674,,,
1765158300,206.6135,206.6825,206.6105,206.6175,28.586304604322564,38.72070528143017,,,
1765159200,206.6175,206.7465,206.598,206.728,39.86393155106492,38.693839106444656,,,
1765160100,206.728,206.795,206.7085,206.763,42.937732180049686,38.703551345207885,,,
1765161000,206.763,206.795,206.754,206.762,42.870308273956155,38.81780352843982,,,
1765161900,206.762,206.798,206.723,206.796,45.97645174597584,38.932815185591025,,,
1765162800,206.796,206.8175,206.7625,206.792,45.66190915882859,38.65697990917689,,,
1765163700,206.792,206.8185,206.7715,206.808,47.21744174586617,38.56033980403318,,,
1765164600,206.808,206.848,206.784,206.848,50.99442387081884,39.42252985749627,,,
1765165500,206.848,206.8745,206.841,206.8635,52.41536989661734,40.2134998851975,,,
1765166400,206.8635,206.9005,206.832,206.9005,55.71626012966528,41.466204111587096,,,
1765167300,206.9005,206.908,206.8555,206.8885,54.39826549411714,42.80222441591978,,,
1765168200,206.8885,206.924,206.873,206.882,53.65783949296,44.30666022789848,,,
1765169100,206.882,206.9095,206.8735,206.878,53.17814896461929,45.82911894744768,,,
1765170000,206.878,206.9515,206.878,206.9445,59.638313808842426,48.07947863697889,,,
1765170900,206.9445,207.0305,206.937,206.999,64.01977020685376,50.61044046573112,,,
1765171800,206.999,207.048,206.9955,207.012,64.99588266790016,52.405579831219356,,,
1765172700,207.012,207.102,206.984,206.995,62.60406160064705,53.81031764697631,,,
1765173600,206.995,207.1065,206.91,206.9135,52.60879144915457,54.50592358806191,,,
1765174500,206.9135,207.0165,206.9055,207.014,60.89911925058272,55.57182840981954,,,
1765175400,207.014,207.016,206.883,206.9355,53.08728982188212,56.10221274289479,,,
1765176300,206.9355,206.973,206.885,206.9335,52.901101910221655,56.50818846892019,,,
1765177200,206.9335,207.014,206.902,206.909,50.561707591002666,56.47728016321903,,,
1765178100,206.909,206.949,206.877,206.9405,53.414180974338485,56.548623811627685,,,
1765179000,206.9405,206.996,206.876,206.9405,53.414180974338485,56.3841895862472,,,
1765179900,206.9405,207.02,206.939,207.005,59.02806164529475,56.71488931133131,,,
1765180800,207.005,207.089,206.951,206.991,57.410887799308355,56.9829641903562,,,
1765181700,206.991,207.0965,206.966,207.0725,63.65360651857161,57.73121115849564,,,
1765182600,207.0725,207.1395,207.0275,207.1175,66.56756140764364,58.22615741555285,,,
1765183500,207.1175,207.125,207.032,207.101,64.52486092622914,58.26223532407966,,,
1765184400,207.101,207.1905,207.091,207.146,67.45779482737618,58.43808619261365,,,
1765185300,207.146,207.186,207.0185,207.035,55.310469515857484,57.91711532941441,,,
1765186200,207.035,207.0885,207.0065,207.0235,54.22109711577483,58.032280019887274,,,
1765187100,207.0235,207.0845,207.0065,207.05,56.354351704713444,57.7076537666109,,,
1765188000,207.05,207.126,207.049,207.125,61.782368136668616,58.32873078909565,,,
1765188900,207.125,207.1945,207.1095,207.17,64.6250725066079,59.166157260266104,,,
1765189800,207.17,207.17,207.089,207.0975,57.23814780065338,59.64304584666973,,,
1765190700,207.0975,207.1675,207.0875,207.1255,59.17882301638818,60.05480599253042,,,
1765191600,207.1255,207.2105,207.1005,207.164,61.74935213761419,60.650175361335826,,,
1765192500,207.164,207.2155,207.1345,207.1405,59.29494561142226,60.66923850177351,,,
1765193400,207.1405,207.1505,207.063,207.149,59.91556537405708,60.848144042826995,,,
1765194300,207.149,207.2305,207.116,207.204,63.76529667752898,60.856121911323946,,,
1765195200,207.204,207.25,207.1465,207.1825,61.287382922648554,60.47896630525287,,,
1765196100,207.1825,207.2615,207.1775,207.2225,64.08377880607242,60.44746043952739,,,
1765197000,207.2225,207.2995,207.205,207.283,67.86478507884433,60.476531171775115,,,
1765197900,207.283,207.3195,207.1965,207.208,59.502203264972685,60.77594072528335,,,
1765198800,207.208,207.2845,207.172,207.2275,60.85288700683543,61.24964000321624,,,
1765199700,207.2275,207.2935,207.199,207.2305,61.06801658836832,61.58633035204873,,,
1765200600,207.2305,207.3135,207.2175,207.277,64.33922042964667,61.76896265869002,,,
1765201500,207.277,207.3285,207.241,207.294,65.48114676569327,61.83011082005326,,,
1765202400,207.294,207.445,207.291,207.411,72.10234485926009,62.8918391813823,,,
1765203300,207.411,207.431,207.2375,207.3615,66.307437627284,63.40102593930344,,,
1765204200,207.3615,207.5785,207.3195,207.552,74.72611067000832,64.32793726304588,,,
1765205100,207.552,207.67,207.53,207.6635,78.16506272798969,65.67580277137212,,,
1765206000,207.6635,207.704,207.5255,207.5715,69.73375852818185,66.37710228238103,,,
1765206900,207.5715,207.574,207.4365,207.496,63.664658446394434,66.36991383729999,,,
1765207800,207.496,207.607,207.4575,207.603,67.9252163392656,66.84404479562978,,,
1765208700,207.603,207.649,207.4715,207.4765,59.10193097398569,66.4881985219093,,,
1765209600,207.4765,207.5795,207.4155,207.5735,63.06394242057544,66.1452811891758,,,
1765210500,207.5735,207.635,207.537,207.601,64.12502734436409,66.47548290913234,,,
1765211400,207.601,207.724,207.5625,207.71,68.04366460370777,66.98910988033751,,,
1765212300,207.71,207.71,207.581,207.639,63.2010043758604,67.14146615087266,,,
1765213200,207.639,207.651,207.5245,207.528,56.438311988874254,66.57711554796033,,,
1765214100,207.528,207.5455,207.4575,207.482,53.865964530900555,65.74745967404657,,,
1765215000,207.482,207.523,207.428,207.5155,55.45815661187334,64.55858908494751,,,
1765215900,207.5155,207.5605,207.448,207.5215,55.75270177715754,63.80467938136706,,,
1765216800,207.5215,207.5525,207.4975,207.545,56.9533730876808,62.53519812548653,,,
1765217700,207.545,207.5615,207.49,207.507,54.38353801668016,60.83651778896442,,,
1765218600,207.507,207.593,207.492,207.578,58.18040240865783,60.01127806614128,,,
1765219500,207.578,207.582,207.513,207.531,54.921509100188146,59.38676739855511,,,
1765220400,207.531,207.563,207.517,207.548,55.88406217257417,58.526684958077155,,,
1765221300,207.548,207.584,207.528,207.584,57.93257868831789,58.443159794815166,,,
1765222200,207.584,207.676,207.583,207.6755,62.67642359794927,58.415479878913295,,,
1765223100,207.6755,207.7865,207.6525,207.779,67.18428360085422,58.633998182948304,,,
1765224000,207.779,207.791,207.7215,207.7485,64.70421379095242,58.39546598203721,,,
1765224900,207.7485,207.7665,207.737,207.738,63.83064007674803,58.440439960672045,,,
1765225800,207.738,207.772,207.724,207.759,64.8526937826732,59.04146723165769,,,
1765226700,207.759,207.795,207.7525,207.782,65.98634490484065,59.90720868693912,,,
1765227600,207.782,207.7965,207.755,207.793,66.54216563002142,60.698923616806844,,,
1765228500,207.793,207.798,207.706,207.7345,60.8474543452482,61.06283451452761,,,
1765229400,207.7345,207.8095,207.7235,207.7935,64.17722859487328,61.57882419361278,,,
1765230300,207.7935,207.7945,207.705,207.706,56.502497693773925,61.730178456262344,,,
1765231200,207.706,207.747,207.644,207.6705,53.69683246940936,61.40992346060174,,,
1765232100,207.6705,207.7,207.648,207.648,51.93655868429646,61.19671271660947,,,
1765233000,207.648,207.6935,207.6325,207.6885,54.80831308307568,61.11987349593101,,,
1765233900,207.6885,207.733,207.6755,207.677,53.82488402759041,60.82646673445047,,,
1765234800,207.677,207.7775,207.6575,207.769,60.00722322883852,60.63580956522827,,,
1765235700,207.769,207.8045,207.7085,207.711,55.007018462489235,59.766004912487915,,,
1765236600,207.711,207.7855,207.689,207.7845,59.60109172788961,59.40149619369772,,,
1765237500,207.7845,207.7885,207.6775,207.695,52.563017939592285,58.59666604104374,,,
1765238400,207.695,207.717,207.6045,207.6195,47.47050594036251,57.3550811951644,,,
1765239300,207.6195,207.762,207.599,207.724,54.09917426481337,56.505997578019596,,,
1765240200,207.724,207.74,207.6875,207.7175,53.64571336504056,55.58482241623525,,,
1765241100,207.7175,207.842,207.685,207.84,60.385031252686794,55.55179219533801,,,
1765242000,207.84,207.852,207.7185,207.7575,54.62505766619243,54.8694942718608,,,
1765242900,207.7575,207.7895,207.6925,207.701,51.03471366496688,54.47893826980316,,,
1765243800,207.701,207.7385,207.6755,207.7015,51.06536622385613,54.29097639512078,,,
1765244700,207.7015,207.72,207.6635,207.7195,52.22485783052441,54.31156919127993,,,
1765245600,207.7195,207.747,207.654,207.734,53.18712737183841,54.19577021190583,,,
1765246500,207.734,207.777,207.7215,207.729,52.79225960133896,54.12201132431644,,,
1765247400,207.729,207.78,207.697,207.778,56.222370440759526,53.85166469659651,,,
1765248300,207.778,207.786,207.735,207.746,53.48900295039455,53.743235017161176,,,
1765249200,207.746,207.778,207.734,207.7655,54.92705345530407,53.40937514054792,,,
1765250100,207.7655,207.785,207.75,207.779,55.942648826332956,53.65077734674369,,,
1765251000,207.779,207.78,207.685,207.6885,48.115722153106475,53.69686421908254,,,
1765251900,207.6885,207.7195,207.6715,207.687,47.99586074179099,53.26091325315237,,,
1765252800,207.687,207.758,207.675,207.723,51.141632815963916,53.08205035678975,,,
1765253700,207.723,207.7805,207.722,207.7795,55.673559057219336,52.74551662854207,,,
1765254600,207.7795,207.89,207.7785,207.8845,62.613883505251394,53.31614704561771,,,
1765255500,207.8845,207.9025,207.859,207.859,60.1507196476434,53.967290330094606,,,
1765256400,207.859,208.0795,207.856,207.9975,67.60484931648499,55.148681979568096,,,
1765257300,207.9975,208.015,207.8635,207.8655,56.71581263496343,55.46946446559945,,,
1765258200,207.8655,207.9445,207.8525,207.9325,60.21832910957083,55.97169316115177,,,
1765259100,207.9325,208.024,207.874,208.0205,64.3039969934361,56.79396011773014,,,
1765260000,208.0205,208.053,207.964,208.041,65.2006150508003,57.435263304161616,,,
1765260900,208.041,208.1015,208.0245,208.0565,65.8980907900424,58.32162672127932,,,
1765261800,208.0565,208.0885,208.019,208.0265,63.25549910369893,58.916515696164666,,,
1765262700,208.0265,208.0285,207.927,207.966,58.18783056848408,59.07688582060404,,,
1765263600,207.966,208.096,207.9415,208.0045,60.36398606627085,59.95176181440149,,,
1765264500,208.0045,208.0815,208,208.033,61.94301614555938,60.94798720038495,,,
1765265400,208.033,208.098,208.0015,208.098,65.33493624875422,61.96179458844141,,,
1765266300,208.098,208.226,208.0755,208.178,68.99737996507324,62.913496081859535,,,
1765267200,208.178,208.3665,208.177,208.272,72.65337235663507,63.63060242838693,,,
1765268100,208.272,208.505,208.2295,208.4985,79.06089372131878,64.98132914793517,,,
1765269000,208.4985,208.645,208.483,208.6385,81.88605836468292,66.00141550852075,,,
1765269900,208.6385,208.719,208.5865,208.6155,79.97693127066684,67.66292398249956,,,
1765270800,208.6155,208.6155,208.4755,208.4835,69.9039633114204,68.35475499691738,,,
1765271700,208.4835,208.488,208.3015,208.3645,62.28753163354342,68.21072175692505,,,
1765272600,208.3645,208.412,208.2095,208.355,61.70948483617668,67.96135531302336,,,
1765273500,208.355,208.378,208.2575,208.3275,59.97439670693064,67.53823430708681,,,
1765274400,208.3275,208.4275,208.302,208.4095,63.28900081813423,67.54062728668933,,,
1765275300,208.4095,208.4375,208.2595,208.2645,54.667860927504144,67.28920088376219,,,
1765276200,208.2645,208.2875,208.0675,208.084,46.22635400145631,66.27937002198972,,,
1765277100,208.084,208.1955,208.055,208.162,49.831486361966064,65.41426075173307,,,
1765278000,208.162,208.172,208.028,208.086,46.55631518688908,64.07293067588556,,,
1765278900,208.086,208.167,208.068,208.155,49.78331111192838,62.70049718637521,,,
1765279800,208.155,208.1845,208.0635,208.0635,45.83127714002969,60.784633242331964,,,
1765280700,208.0635,208.2205,208.053,208.1825,51.251405147656094,58.798241201356056,,,
1765281600,208.1825,208.2655,208.1475,208.218,52.76967157121915,56.71849928753721,,,
1765282500,208.218,208.24,208.144,208.162,50.11797539901074,54.58571672527605,,,
1765283400,208.162,208.185,208.124,208.168,50.40553013812461,53.19297149861207,,,
1765284300,208.168,208.2735,208.149,208.267,55.01366997754412,52.67340995175498,,,
1765285200,208.267,208.3625,208.2365,208.3405,58.12458634266208,52.41734577364679,,,
1765286100,208.3405,208.3875,208.315,208.3635,59.078232653075716,52.35333405551429,,,
1765287000,208.3635,208.377,208.183,208.1905,49.87725962710617,51.395352541869435,,,
1765287900,208.1905,208.2705,208.1505,208.1665,48.74311263941185,50.972156235577124,,,
1765288800,208.1665,208.2415,208.149,208.205,50.68051345009761,51.29031048190864,,,
1765289700,208.205,208.292,208.146,208.251,52.967919290030665,51.514341405341824,,,
1765290600,208.251,208.337,208.21,208.3135,55.95681180260012,52.18580544932119,,,
1765291500,208.3135,208.33,208.1885,208.2835,54.17706786555035,52.49964521743704,,,
1765292400,208.2835,208.447,208.216,208.434,60.89633559096048,53.575720821074945,,,
1765293300,208.434,208.5625,208.395,208.4885,63.011529232458734,54.41572968427514,,,
1765294200,208.4885,208.5945,208.4355,208.53,64.58256495099586,55.25950778283062,,,
1765295100,208.53,208.627,208.469,208.5835,66.55473643138465,56.4335621422859,,,
1765296000,208.5835,208.7875,208.571,208.771,72.36304779024766,58.00195626029468,,,
1765296900,208.771,208.9285,208.757,208.911,75.74951682763985,59.48308817815867,,,
1765297800,208.911,208.948,208.8365,208.854,71.8872663626404,60.46613675101427,,,
1765298700,208.854,208.9185,208.849,208.9005,73.0925676084147,61.46716067639562,,,
1765299600,208.9005,208.939,208.825,208.8975,72.87548403334512,63.109890991126974,,,
1765300500,208.8975,208.901,208.727,208.762,63.67657791482054,64.17656708222759,,,
1765301400,208.762,208.7775,208.688,208.702,60.06126535161228,64.84662078947865,,,
1765302300,208.702,208.7075,208.629,208.6655,57.90736199539957,65.19943812557644,,,
1765303200,208.6655,208.67,208.5865,208.624,55.47155973852386,65.16477726385669,,,
1765304100,208.624,208.6565,208.5595,208.653,56.83785893230365,65.35483376862479,,,
1765305000,208.653,208.7195,208.607,208.6395,55.97679223927686,65.0034378149331,,,
1765305900,208.6395,208.714,208.6255,208.694,58.69715290984758,64.69526807760373,,,
1765306800,208.694,208.729,208.66,208.712,59.585419974243166,64.33832915069283,,,
1765307700,208.712,208.7175,208.6695,208.717,59.84376419362429,63.8589739908528,,,
1765308600,208.717,208.728,208.6,208.615,52.47450429123878,62.4383637409236,,,
1765309500,208.615,208.6415,208.59,208.6185,52.68978861893278,60.791240297444524,,,
1765310400,208.6185,208.705,208.6185,208.663,55.452800884743475,59.61734990616617,,,
1765311300,208.663,208.702,208.654,208.6765,56.28686289481252,58.41694242662316,,,
1765312200,208.6765,208.7095,208.639,208.697,57.585526859287015,57.32480262847614,,,
1765313100,208.697,208.701,208.6245,208.678,55.927117743942965,56.77126975912774,,,
1765314000,208.678,208.74,208.678,208.6865,56.530254008801876,56.519054663212714,,,
1765314900,208.6865,208.712,208.6705,208.7075,58.05741300656882,56.52977259258194,,,
1765315800,208.7075,208.7605,208.696,208.7485,60.94245005766086,56.920550472520304,,,
1765316700,208.7485,208.783,208.6225,208.628,50.046651204051265,56.43546420621657,,,
1765317600,208.628,208.6425,208.527,208.5355,43.602187081257384,55.5515638377866,,,
1765318500,208.5355,208.635,208.5355,208.6055,48.95861459432484,54.85595395810641,,,
1765319400,208.6055,208.6945,208.5985,208.6425,51.57653935415404,54.28389105667147,,,
1765320300,208.6425,208.665,208.593,208.601,48.56760671131101,53.478451236506245,,,
1765321200,208.601,208.7045,208.5785,208.6325,50.90866511818715,53.366605581288276,,,
1765322100,208.6325,208.6395,208.6215,208.6255,50.360092402660584,53.20019870869739,,,
1765323000,208.6255,208.6615,208.614,208.6415,51.64274993411201,52.928052212223726,,,
1765323900,208.6415,208.675,208.6035,208.6045,48.52047447821298,52.37331018246662,,,
1765324800,208.6045,208.656,208.572,208.6165,49.58507142583969,51.801849080077524,,,
1765325700,208.6165,208.724,208.5985,208.724,57.97036385921491,51.94779523116837,,,
1765326600,208.724,208.724,208.601,208.625,49.761810209150184,51.464334959764685,,,
1765327500,208.625,208.668,208.479,208.494,41.40670262394083,50.27499850386268,,,
1765328400,208.494,208.5135,208.399,208.486,40.95447136807764,48.84728574032103,,,
1765329300,208.486,208.487,208.4,208.447,38.73353379080208,48.03920592508894,,,
1765330200,208.447,208.475,208.4105,208.442,38.445679538128,47.67088395772255,,,
1765331100,208.442,208.4625,208.372,208.4025,36.15945352420444,46.75665816699967,,,
1765332000,208.4025,208.404,208.31,208.377,34.72387303180287,45.55289628683173,,,
1765332900,208.377,208.454,208.368,208.44,40.9602875752745,45.00951634854341,,,
1765333800,208.44,208.442,208.3365,208.3395,35.18528861229153,43.88641802669372,,,
1765334700,208.3395,208.4475,208.3375,208.347,35.91147660550247,42.854374041182425,,,
1765335600,208.347,208.3985,208.34,208.3905,40.10319236578107,42.03011992915878,,,
1765336500,208.3905,208.391,208.2985,208.2985,34.90364439757387,41.057489209113136,,,
1765337400,208.2985,208.3165,208.2605,208.274,33.65233477394591,39.919436591120714,,,
1765338300,208.274,208.323,208.24,208.3145,37.63271422494105,38.466747331529724,,,
1765339200,208.3145,208.375,208.3145,208.358,41.679750709824326,37.88945736729215,,,
1765340100,208.358,208.4145,208.345,208.4035,45.65229125173844,38.19271369784913,,,
1765341000,208.4035,208.443,208.394,208.409,46.12996590063758,38.56239187874627,,,
1765341900,208.409,208.41,208.367,208.3965,45.15851115164587,39.02131883309225,,,
1765342800,208.3965,208.4155,208.37,208.373,43.31184389858162,39.368902001696085,,,
1765343700,208.373,208.4515,208.355,208.4375,49.42494944426436,40.31643742455751,,,
1765344600,208.4375,208.4935,208.4155,208.4755,52.66366465917151,41.5978511122267,,,
1765345500,208.4755,208.559,208.4755,208.531,56.99525052433674,42.74320560858829,,,
1765346400,208.531,208.5745,208.5265,208.569,59.71348720248151,44.495219793601855,,,
1765347300,208.569,208.6395,208.5635,208.6035,62.0582981600221,46.36284990463897,,,
1765348200,208.6035,208.628,208.56,208.5905,60.62637826258277,47.82879175441052,,,
1765349100,208.5905,208.6205,208.574,208.589,60.453049886341915,49.653749289322526,,,
1765350000,208.589,208.7185,208.563,208.6855,66.99124561398469,52.03510006361103,,,
1765350900,208.6855,208.7485,208.6775,208.7165,68.77706568879823,54.25969659674369,,,
1765351800,208.7165,208.784,208.7125,208.759,71.0865765095544,56.36018415386726,,,
1765352700,208.759,208.759,208.6565,208.723,66.59318435578356,57.855962232727634,,,
1765353600,208.723,208.746,208.637,208.6965,63.415503867584604,59.090643516080995,,,
1765354500,208.6965,208.7225,208.633,208.635,56.65842667090698,59.912066053171074,,,
1765355400,208.635,208.721,208.5915,208.6685,59.20813978916625,61.0475157596414,,,
1765356300,208.6685,208.7225,208.6265,208.6685,59.20813978916626,61.74631506999153,,,
1765357200,208.6685,208.6995,208.627,208.6725,59.5377654852078,62.237322271851276,,,
1765358100,208.6725,208.7465,208.629,208.743,64.9184779593756,62.803267088639764,,,
1765359000,208.743,208.813,208.7345,208.7625,66.25515810728612,63.2705292961258,,,
1765359900,208.7625,208.874,208.7625,208.7785,67.35427882083975,63.64881362904135,,,
1765360800,208.7785,208.7885,208.6735,208.744,62.618165038391304,63.79108411302768,,,
1765361700,208.744,208.7675,208.7015,208.7015,57.27524796572577,63.564098261555095,,,
1765362600,208.7015,208.7155,208.6235,208.649,51.43668311038791,62.45305808272675,,,
1765363500,208.649,208.7215,208.608,208.709,56.85036671200225,61.60115101295561,,,
1765364400,208.709,208.755,208.5415,208.6195,48.21597157608763,59.967536374850845,,,
1765365300,208.6195,208.6635,208.5765,208.5775,44.77894092463979,58.40937612976915,,,
1765366200,208.5775,208.596,208.5185,208.555,43.01013102815998,56.95184949838167,,,
1765367100,208.555,208.621,208.5075,208.5905,46.594586131031065,56.23300374553339,,,
1765368000,208.5905,208.6565,208.557,208.6455,51.666720710944574,55.69433095423184,,,
1765368900,208.6455,208.6695,208.5995,208.654,52.41883096703795,55.20938032407982,,,
1765369800,208.654,208.6925,208.6305,208.659,52.88328846966804,54.73406053725555,,,
1765370700,208.659,208.668,208.6005,208.657,52.6618507161639,53.85858716274043,,,
1765371600,208.657,208.657,208.5365,208.5395,41.63233312196867,52.09981394950347,,,
1765372500,208.5395,208.5865,208.4825,208.543,42.02186187969957,50.29035559656488,,,
1765373400,208.543,208.6175,208.508,208.5805,46.167218682909066,49.11528799974472,,,
1765374300,208.5805,208.7155,208.5805,208.69,56.048976033820246,49.02769714746576,,,
1765375200,208.69,208.7465,208.6025,208.607,48.74490114434207,48.835427007033914,,,
1765376100,208.607,208.7725,208.607,208.74,58.15509115311952,48.92862160997087,,,
1765377000,208.74,208.7515,208.647,208.664,52.25161674803289,49.216881979395524,,,
1765377900,208.664,208.6825,208.529,208.6135,48.713047392654694,49.49788958425374,,,
1765378800,208.6135,208.622,208.4495,208.5245,43.16496746359528,49.508949329641965,,,
1765379700,208.5245,208.5255,208.3655,208.4,36.84344519478002,48.812439262766894,,,
1765380600,208.4,208.4565,208.3495,208.434,39.45133407169947,47.93991164567796,,,
1765381500,208.434,208.5205,208.3985,208.4455,40.34854651433961,47.077748470485226,,,
1765382400,208.4455,208.467,208.3375,208.4445,40.29263474716199,46.17841606173479,,,
1765383300,208.4445,208.5555,208.443,208.448,40.602871681851006,45.31706041642673,,,
1765384200,208.448,208.463,208.3995,208.463,41.99393499344681,45.34288912153231,,,
1765385100,208.463,208.599,208.4475,208.525,47.47006129086062,45.73204622232953,,,
1765386000,208.525,208.5875,208.482,208.5855,52.21111938874193,46.16375341560331,,,
1765386900,208.5855,208.586,208.479,208.492,45.392541550791655,45.40257952395841,,,
1765387800,208.492,208.5445,208.481,208.5435,49.31862468339124,45.443559776747634,,,
1765388700,208.5435,208.6215,208.5345,208.602,53.41575613786216,45.1050358470864,,,
1765389600,208.602,208.6415,208.5905,208.5945,52.82613851815977,45.14607311638117,,,
1765390500,208.5945,208.6595,208.5915,208.648,56.5136331746443,45.70325781509471,,,
1765391400,208.648,208.6685,208.597,208.6685,57.87251068694645,46.753796616762656,,,
1765392300,208.6685,208.6725,208.531,208.601,52.099584057359976,47.843520821232644,,,
1765393200,208.601,208.7765,208.4075,208.773,62.393786019477844,49.482267388931106,,,
1765394100,208.773,208.813,208.696,208.785,62.9913631536322,51.09961143459486,,,
1765395000,208.785,208.877,208.6765,208.817,64.60650697268099,52.83631659356051,,,
1765395900,208.817,208.886,208.765,208.8425,65.88423411893993,54.64212819620972,,,
1765396800,208.8425,208.871,208.5485,208.582,47.15578222064115,55.01083156958074,,,
1765397700,208.582,208.7205,208.5625,208.661,51.644954016965016,55.30903819287391,,,
1765398600,208.661,208.745,208.604,208.7065,54.06530621158817,55.441480108791495,,,
1765399500,208.7065,208.752,208.686,208.717,54.629685594577964,56.10127611191909,,,
1765400400,208.717,208.771,208.702,208.7705,57.4952918692586,56.68532376805247,,,
1765401300,208.7705,208.84,208.761,208.8325,60.60094618526154,57.198551628581,,,
1765402200,208.8325,208.886,208.794,208.863,62.06919926177855,57.8587702531252,,,
1765403100,208.863,208.8975,208.7565,208.78,55.95782489000441,57.8190696613652,,,
1765404000,208.78,208.808,208.6485,208.716,51.728426650251684,57.380206515887004,,,
1765404900,208.716,208.754,208.628,208.6295,46.601698193937686,56.98750038278541,,,
1765405800,208.6295,208.715,208.6205,208.709,51.37187298287287,56.200220880170775,,,
1765406700,208.709,208.785,208.7015,208.7675,54.58673954237955,55.59989062222416,,,
1765407600,208.7675,208.813,208.686,208.6865,49.688447522499395,54.53431494721119,,,
1765408500,208.6865,208.6865,208.491,208.5585,43.105770270512615,52.907281815180674,,,
1765409400,208.5585,208.5615,208.3775,208.39,36.29008221102987,52.13116038592272,,,
1765410300,208.39,208.5905,208.387,208.532,44.285089356796135,51.60545576733923,,,
1765411200,208.532,208.558,208.339,208.431,40.401551299901584,50.62947327364733,,,
1765412100,208.431,208.431,208.3255,208.3825,38.648835501261026,49.487983981267554,,,
1765413000,208.3825,208.458,208.3155,208.418,40.67747278205849,48.28671118932469,,,
1765413900,208.418,208.562,208.403,208.434,41.61452272727514,46.93053808518281,,,
1765414800,208.434,208.485,208.366,208.418,40.91846207988185,45.419771143618746,,,
1765415700,208.418,208.4345,208.311,208.333,37.3447816495836,44.09026805501726,,,
1765416600,208.333,208.414,208.2585,208.405,41.96817549470092,43.39310725819222,,,
1765417500,208.405,208.439,208.339,208.383,40.97327602387076,42.99107710318743,,,
1765418400,208.383,208.4065,208.221,208.2535,35.62037333345522,41.86596998537188,,,
1765419300,208.2535,208.261,208.121,208.122,31.167581157737658,40.19317295789747,,,
1765420200,208.122,208.22,208.032,208.215,37.15131204988561,39.2976632812822,,,
1765421100,208.215,208.283,208.1445,208.281,41.06679006025521,39.15202183769238,,,
1765422000,208.281,208.299,208.078,208.093,34.477699826847456,39.02256595310792,,,
1765422900,208.093,208.219,208.085,208.216,41.132599338990076,38.797388094693204,,,
1765423800,208.216,208.242,208.096,208.153,38.950447625585255,38.69373783224205,,,
1765424700,208.153,208.196,208.1005,208.122,37.88538219959334,38.6392054535515,,,
1765425600,208.122,208.194,208.03,208.169,40.54004437632004,38.6293891388559,,,
1765426500,208.169,208.206,208.157,208.1845,41.42907364942505,38.61614277615232,,,
1765427400,208.1845,208.21,208.142,208.2035,42.562756701969576,38.73359239201573,,,
1765428300,208.2035,208.358,208.1875,208.352,50.609346624849074,39.681061318820404,,,
1765429200,208.352,208.43,208.3495,208.413,53.49163492502948,40.50416556384387,,,
1765430100,208.413,208.455,208.372,208.3765,51.553007438488905,41.25986066488802,,,
1765431000,208.3765,208.4575,208.3595,208.436,54.450992842234946,42.60490491551514,,,
1765431900,208.436,208.5595,208.436,208.529,58.61771467402807,44.565628738107314,,,
1765432800,208.529,208.6245,208.524,208.556,59.768378934664966,46.18113351559156,,,
1765433700,208.556,208.641,208.537,208.5415,58.82243354984442,47.449393764847926,,,
1765434600,208.5415,208.6065,208.494,208.575,60.38250014963642,49.29973664504713,,,
1765435500,208.575,208.612,208.47,208.514,56.206695024897186,50.37645776546908,,,
1765436400,208.514,208.611,208.5075,208.521,56.577797514935156,51.63555418613692,,,
1765437300,208.521,208.6095,208.4765,208.605,60.86360709834447,53.276855964619145,,,
1765438200,208.605,208.6095,208.495,208.515,54.6408046181332,54.28405312474866,,,
1765439100,208.515,208.655,208.488,208.617,59.673093692196026,55.58719741351802,,,
1765440000,208.617,208.637,208.4905,208.537,54.5603729996167,56.4441700062071,,,
1765440900,208.537,208.612,208.481,208.505,52.618345493339056,56.58766992538496,,,
1765441800,208.505,208.5115,208.3915,208.4055,47.014713273064224,56.125032664530295,,,
1765442700,208.4055,208.4605,208.332,208.369,45.11659521794864,55.6652889344917,,,
1765443600,208.369,208.461,208.33,208.4045,47.34330293640071,55.15759679836068,,,
1765444500,208.4045,208.4535,208.368,208.384,46.178186749502785,54.26905908946602,,,
1765445400,208.384,208.401,208.214,208.2465,39.208347775308766,52.8004854352263,,,
1765446300,208.2465,208.4485,208.23,208.4215,49.62883246984311,52.14379964379764,,,
1765447200,208.4215,208.4255,208.3275,208.413,49.18780365604197,51.34417846568375,,,
1765448100,208.413,208.503,208.3915,208.422,49.6975223360557,50.87923755933793,,,
1765449000,208.422,208.552,208.4065,208.548,56.305942888978706,50.85981937176961,,,
1765449900,208.548,208.605,208.5175,208.524,54.82840280696605,50.42873335095687,,,
1765450800,208.524,208.538,208.423,208.423,49.000883014098335,50.025881807811516,,,
1765451700,208.423,208.505,208.392,208.465,51.31805711123024,49.42909348059967,,,
1765452600,208.465,208.4935,208.4015,208.4865,52.507637070919905,49.282469485692765,,,
1765453500,208.4865,208.5935,208.482,208.508,53.72537361970183,49.361542923290095,,,
1765454400,208.508,208.5255,208.4105,208.45,50.00076671547443,49.57483245489083,,,
1765455300,208.45,208.457,208.3945,208.4185,48.0523455669669,49.78452890839213,,,
1765456200,208.4185,208.4205,208.2375,208.246,39.07297525689688,49.193791216999,,,
1765457100,208.246,208.327,208.2325,208.317,43.733503037100554,49.01917095182743,,,
1765458000,208.317,208.3735,208.1995,208.2615,41.08770704826595,49.15341089989579,,,
1765458900,208.2615,208.3345,208.247,208.2615,41.08770704826595,48.54333051264028,,,
1765459800,208.2615,208.2815,208.1025,208.1955,37.9234601506452,47.73873454796909,,,
1765460700,208.1955,208.282,208.177,208.201,38.34954703542159,46.928164883638075,,,
1765461600,208.201,208.231,208.128,208.223,40.120050438225896,45.7720297085843,,,
1765462500,208.223,208.223,208.093,208.1105,34.64143417137922,44.330103377470955,,,
1765463400,208.1105,208.1765,208.0495,208.1635,38.87618530794733,43.60691068417446,,,
1765464300,208.1635,208.2165,207.93,207.9505,30.361983550579367,42.110048286985105,,,
1765465200,207.9505,208.266,207.907,208.251,47.7483809439709,41.77010142077446,,,
1765466100,208.251,208.2745,208.139,208.1645,44.318312840991545,41.098168508009444,,,
1765467000,208.1645,208.2735,208.141,208.2135,46.65604092252517,40.85925952279878,,,
1765467900,208.2135,208.4745,208.0775,208.4625,56.62237289701284,41.47140433208778,,,
1765468800,208.4625,208.4745,208.2875,208.318,50.702252471253686,42.302066990256115,,,
1765469700,208.318,208.454,208.29,208.33,51.158946758084824,42.83245582746928,,,
1765470600,208.33,208.4245,208.289,208.4185,54.506263561477155,43.79092414984152,,,
1765471500,208.4185,208.432,208.292,208.298,49.528904424848726,44.39386681959743,,,
1765472400,208.298,208.336,208.228,208.239,47.25361197875704,45.06030623589113,,,
1765473300,208.239,208.3765,208.2125,208.347,51.633653370933594,46.009170974142,,,
1765474200,208.347,208.412,208.3205,208.402,53.74039383975762,46.98205264567998,,,
1765475100,208.402,208.4675,208.3305,208.3505,51.47924502540461,48.18475342096751,,,
1765476000,208.3505,208.385,208.32,208.341,51.05252152815326,49.05449172241079,,,
1765476900,208.341,208.449,208.336,208.4435,55.352772722658436,50.83954809184501,,,
1765477800,208.4435,208.49,208.435,208.475,56.61425719818677,51.472824967146146,,,
1765478700,208.475,208.478,208.374,208.397,52.64751457397373,52.06776794807344,,,
1765479600,208.397,208.4745,208.3895,208.4275,54.00461621696257,52.5926661833904,,,
1765480500,208.4275,208.4785,208.402,208.4175,53.463597093458844,52.367039340279405,,,
1765481400,208.4175,208.435,208.397,208.411,53.09128851921783,52.53768477227685,,,
1765482300,208.411,208.416,208.292,208.3475,49.46713432573958,52.41684102710933,,,
1765483200,208.3475,208.3655,208.2985,208.3495,49.5838673892249,52.06524130051987,,,
1765484100,208.3495,208.3725,208.304,208.332,48.52753422095958,51.99371485738494,,,
1765485000,208.332,208.341,208.2845,208.31,47.16712599538862,51.987537287144335,,,
1765485900,208.31,208.396,208.279,208.396,52.7440873323774,52.06685399867604,,,
1765486800,208.396,208.439,208.363,208.386,52.05598927152731,51.94653938665959,,,
1765487700,208.386,208.4165,208.367,208.38,51.620840703086614,51.95665336363687,,,
1765488600,208.38,208.422,208.3565,208.3595,50.08047930803324,51.88722177648544,,,
1765489500,208.3595,208.3775,208.248,208.307,46.27236986834932,51.23862157260622,,,
1765490400,208.307,208.3475,208.2795,208.3105,46.564090786511265,50.52075254320083,,,
1765491300,208.3105,208.3245,208.27,208.2865,44.76904473229215,49.95800469736643,,,
1765492200,208.2865,208.347,208.2865,208.2975,45.80034962935357,49.37198565539436,,,
1765493100,208.2975,208.3265,208.2805,208.2845,44.737165847176314,48.74866913780274,,,
1765494000,208.2845,208.301,208.195,208.2705,43.564322835651694,48.0681715889766,,,
1765494900,208.2705,208.3005,208.244,208.248,41.673417865154185,47.51147755607764,,,
1765495800,208.248,208.373,208.248,208.3475,51.664836836512166,47.660118230883874,,,
1765496700,208.3475,208.3485,208.2595,208.275,45.542998303822,47.446937093945465,,,
1765497600,208.275,208.398,208.228,208.3485,51.780917780481346,47.77649365002352,,,
1765498500,208.3485,208.506,208.3385,208.4985,61.4787561832807,48.400398567945196,,,
1765499400,208.4985,208.5665,208.461,208.53,63.15463585960902,49.19315903852246,,,
1765500300,208.53,208.5755,208.4285,208.5275,62.92067133124837,50.000289797676864,,,
1765501200,208.5275,208.5945,208.457,208.486,59.01243270481449,50.63828646887553,,,
1765502100,208.486,208.534,208.454,208.4745,57.93847006193741,51.471579339846095,,,
1765503000,208.4745,208.4745,208.384,208.408,52.04058487493347,51.8627574890191,,,
1765503900,208.408,208.5125,208.39,208.471,56.55284588239891,52.70445757116959,,,
1765504800,208.471,208.5485,208.4625,208.5305,60.34733901797634,53.743528241785505,,,
1765505700,208.5305,208.563,208.5085,208.519,59.269901241119385,54.78158076992429,,,
1765506600,208.519,208.52,208.466,208.496,57.0750988479587,55.74663619937479,,,
1765507500,208.496,208.5325,208.4595,208.4665,54.2978017989374,56.64837790893074,,,
1765508400,208.4665,208.503,208.4625,208.492,56.27830478115347,56.97791133354797,,,
1765509300,208.492,208.508,208.425,208.461,53.25682376716795,57.52889886664411,,,
1765510200,208.461,208.5345,208.444,208.5305,58.62060212317816,58.01744774826532,,,
1765511100,208.5305,208.5515,208.5095,208.5115,56.704905581756826,57.67645841958504,,,
1765512000,208.5115,208.5475,208.5045,208.521,57.453581960101374,57.269240283905916,,,
1765512900,208.521,208.582,208.5165,208.539,58.90366255774619,56.98231108579862,,,
1765513800,208.539,208.568,208.5125,208.561,60.668110338928365,57.10057377394961,,,
1765514700,208.561,208.5965,208.5215,208.524,56.290804669035914,56.982883388742366,,,
1765515600,208.524,208.569,208.517,208.5585,59.24366930434151,57.49738941941437,,,
1765516500,208.5585,208.602,208.5395,208.5955,62.193546768117024,57.90029662553709,,,
1765517400,208.5955,208.5985,208.526,208.531,54.753684107700636,57.50074984623168,,,
1765518300,208.531,208.6265,208.53,208.623,61.777204354922844,57.67984292578907,,,
1765519200,208.623,208.6535,208.5805,208.6225,61.72112896048694,58.011702219541085,,,
1765520100,208.6225,208.713,208.617,208.7105,67.34009441694334,58.94329454939861,,,
1765521000,208.7105,208.7235,208.5755,208.603,56.44074754352921,58.954897603854015,,,
1765521900,208.603,208.641,208.506,208.5125,49.21839042824875,58.6664380796455,,,
1765522800,208.5125,208.5125,208.2305,208.3325,38.63019954378459,57.23855218111739,,,
1765523700,208.3325,208.451,208.2565,208.412,44.32684862450111,56.354405255599126,,,
1765524600,208.412,208.43,208.252,208.2615,37.27317720882544,54.91294777336513,,,
1765525500,208.2615,208.3625,208.227,208.3305,41.84249544169611,53.69429297936155,,,
1765526400,208.3305,208.4295,208.257,208.414,46.88490530458678,52.70977833405144,,,
1765527300,208.414,208.4515,208.3335,208.4315,47.90436479813302,52.11074691470123,,,
1765528200,208.4315,208.4825,208.3125,208.3325,42.889235350982005,50.94257306088984,,,
1765529100,208.3325,208.543,208.3245,208.486,51.387210761048586,50.170691917527805,,,
1765530000,208.486,208.5075,208.3905,208.489,51.538981340512514,49.941070291300086,,,
1765530900,208.489,208.532,208.447,208.4955,51.889453983144044,49.2348024076016,,,
1765531800,208.4955,208.569,208.459,208.523,53.42416378152283,48.64216203767559,,,
1765532700,208.523,208.671,208.5025,208.627,58.77947623565692,48.03068931044085,,,
1765533600,208.627,208.678,208.5515,208.6075,57.44574604172575,48.10247491745489,,,
1765534500,208.6075,208.6095,208.498,208.5095,51.16267897050721,48.24135267047335,,,
1765535400,208.5095,208.5595,208.5075,208.521,51.82850443360806,49.184088734032166,,,
1765536300,208.521,208.569,208.4895,208.5545,53.804298965737104,49.861049472691874,,,
1765537200,208.5545,208.6205,208.5505,208.569,54.67093411109136,51.103746394282304,,,
1765538100,208.569,208.5725,208.5155,208.5435,52.79513843738758,51.88607803683169,,,
1765539000,208.5435,208.5545,208.4865,208.536,52.22754881608659,52.26769543051025,,,
1765539900,208.536,208.586,208.531,208.537,52.30118165631669,52.581753777523375,,,
1765540800,208.537,208.5735,208.378,208.5395,52.49830037550491,53.268115564989294,,,
1765541700,208.5395,208.5425,208.483,208.514,50.21864050154782,53.184646260739235,,,
1765542600,208.514,208.635,208.497,208.633,59.13635187003036,53.72731558427623,,,
1765543500,208.633,208.714,208.6095,208.6715,61.53699873338626,54.41642592357925,,,
1765544400,208.6715,208.749,208.6545,208.6965,63.054794015732206,55.10432808316563,,,
1765545300,208.6965,208.701,208.623,208.637,57.26308890861624,54.99601470266273,,,
1765546200,208.637,208.673,208.601,208.6465,57.9275618996838,55.030430121088294,,,
1765547100,208.6465,208.658,208.5075,208.6275,56.050542743977076,55.37956324776472,,,
1765548000,208.6275,208.667,208.5255,208.5715,50.82337905216833,55.30776857766188,,,
1765548900,208.5715,208.622,208.5375,208.5995,53.17474960141106,55.262800765924304,,,
1765549800,208.5995,208.647,208.563,208.594,52.642290191072185,55.11789762878008,,,
1765550700,208.594,208.624,208.425,208.489,43.65504163250391,54.46503357128838,,,
1765551600,208.489,208.518,208.3675,208.3675,35.996822240605084,53.305695958753994,,,
1765552500,208.3675,208.4545,208.2435,208.281,31.729277412857144,51.83627422707831,,,
1765553400,208.281,208.5485,208.264,208.5105,49.00370956251957,51.58666059757935,,,
1765554300,208.5105,208.5135,208.1525,208.1835,35.2987364834152,50.52095316771274,,,
1765555200,208.1835,208.209,207.968,208.016,30.580821417174448,48.48127242108017,,,
1765556100,208.016,208.0835,207.9125,208.044,32.211890603199606,46.386621840352554,,,
1765557000,208.044,208.044,207.8835,208.032,31.86632320166194,44.15887392506182,,,
1765557900,208.032,208.037,207.9415,207.9915,30.670423426641904,42.25939781920651,,,
1765558800,207.9915,208.171,207.9775,208.1635,40.826943622789045,41.037925085142604,,,
1765559700,208.1635,208.252,208.1615,208.168,41.07018096332747,39.967899243667624,,,
1765560600,208.168,208.343,208.1575,208.298,47.75195536294016,39.74851183729419,,,
1765561500,208.298,208.3665,208.2925,208.3305,49.29967445789328,39.47172075561434,,,
1765562400,208.3305,208.4105,208.3145,208.3505,50.2758342660914,39.3026881895443,,,
1765563300,208.3505,208.389,208.271,208.2745,46.603854400678834,39.51331767298536,,,
1765564200,208.2745,208.281,208.2285,208.2435,45.155145797969695,40.16748364136855,,,
1765565100,208.2435,208.264,208.1465,208.1475,40.91362690926568,40.82350860539773,,,
1765566000,208.1475,208.197,208.134,208.1725,42.43019656486189,40.353971962707895,,,
1765566900,208.1725,208.281,208.162,208.279,48.49502466315357,41.29656397554635,,,
1765567800,208.279,208.3075,208.2665,208.2885,49.011035264549,42.613007821787384,,,
1765568700,208.2885,208.387,208.268,208.377,53.667920958713275,44.14558141860979,,,
1765569600,208.377,208.4175,208.3025,208.3115,50.02625513695045,45.44271941398755,,,
1765570500,208.3115,208.3605,208.305,208.3225,50.632106354509695,46.868553908835246,,,
1765571400,208.3225,208.37,208.282,208.3525,52.3295168996135,47.69016628575128,,,
1765572300,208.3525,208.438,208.2875,208.353,52.358917577998064,48.49650461537061,,,
1765573200,208.353,208.377,208.3005,208.323,50.3523069641161,48.68224401545461,,,
1765574100,208.323,208.354,208.289,208.2915,48.2608847932838,48.60804475369679,,,
1765575000,208.2915,208.339,208.2605,208.2965,48.62564950143795,48.4901744133644,,,
1765575900,208.2965,208.386,208.2885,208.368,53.65714743418351,48.993981058614736,,,
1765749600,208.368,208.5525,208.368,208.5315,62.66236414573859,50.244496654883946,,,
1765750500,208.5315,208.536,208.3955,208.4475,56.57939115447123,51.363479815255765,,,
1765751400,208.4475,208.4765,208.304,208.3525,50.59714687844344,51.94683340908302,,,
1765752300,208.3525,208.39,208.3295,208.3735,51.810095244621536,52.183624164902156,,,
1765753200,208.3735,208.3895,208.228,208.2585,45.25709498379194,51.91548557341951,,,
1765754100,208.2585,208.308,208.2575,208.3015,47.91007992137792,51.50421121360984,,,
1765755000,208.3015,208.3545,208.3015,208.337,50.06179352502024,51.50674966990054,,,
1765755900,208.337,208.388,208.2785,208.3545,51.13340470228091,51.542556694741336,,,
1765756800,208.3545,208.42,208.349,208.3945,53.58510989383298,51.632241908614155,,,
1765757700,208.3945,208.402,208.311,208.311,48.153875133700375,51.33188173402146,,,
1765758600,208.311,208.364,208.2855,208.3605,51.30484063159101,51.399919853126804,,,
1765759500,208.3605,208.4455,208.335,208.3665,51.68811700273259,51.644722153801716,,,
1765760400,208.3665,208.3695,208.184,208.195,41.607344562795085,51.143414658184376,,,
1765761300,208.195,208.262,208.1505,208.174,40.56410311803556,50.20819720703095,,,
1765762200,208.174,208.262,208.159,208.24,45.213510789376464,48.961850538719375,,,
1765763100,208.24,208.242,208.1005,208.105,38.56771185934167,47.675302017638685,,,
1765764000,208.105,208.1465,207.962,207.975,33.46639635970013,46.451676980585596,,,
1765764900,207.975,207.976,207.8635,207.9105,31.25731825789363,44.983621481533596,,,
1765765800,207.9105,207.965,207.745,207.768,27.014631224406585,43.680588355863215,,,
1765766700,207.768,207.8205,207.74,207.7835,28.156919566817294,42.26964833053746,,,
1765767600,207.7835,207.794,207.609,207.6325,24.18566361588158,40.42135333702755,,,
1765768500,207.6325,207.6895,207.5935,207.655,25.863558420815266,38.616364316922855,,,
1765769400,207.655,207.657,207.5665,207.5685,23.692632599899554,36.481187367356185,,,
1765770300,207.5685,207.6535,207.567,207.596,25.82430089251457,34.88621777870005,,,
1765771200,207.596,207.596,207.469,207.474,22.783515863209104,32.848980295244196,,,
1765772100,207.474,207.4925,207.3605,207.4185,21.54089477337746,30.695607278861694,,,
1765773000,207.4185,207.43,207.324,207.352,20.12458498940856,29.161124452191228,,,
1765773900,207.352,207.4215,207.3225,207.3935,23.504766527204822,27.942600409989037,,,
1765774800,207.3935,207.3935,207.2975,207.338,22.154503168634918,26.295528437078925,,,
1765775700,207.338,207.3535,207.224,207.231,19.793674632963814,24.954525778051934,,,
1765776600,207.231,207.259,207.16,207.226,19.688095752213627,23.970361448945756,,,
1765777500,207.226,207.294,207.191,207.192,18.947967710922,23.091122124162066,,,
1765778400,207.192,207.2675,207.125,207.23,22.45659607608286,22.765548184996085,,,
1765779300,207.23,207.263,207.124,207.1415,20.257228374595613,22.201284528408824,,,
1765780200,207.1415,207.3415,207.0955,207.3245,34.53486934614958,22.940513509142253,,,
1765781100,207.3245,207.3645,207.243,207.291,33.35743636317484,23.475790505025085,,,
1765782000,207.291,207.4445,207.2905,207.395,40.176481258705024,24.653208266368328,,,
1765782900,207.395,207.446,207.3155,207.436,42.66712040819303,25.856266803202505,,,
1765783800,207.436,207.4445,207.34,207.444,43.16434266124299,27.312040145919212,,,
1765784700,207.444,207.5005,207.4195,207.494,46.29902593134023,29.0804780857737,,,
1765785600,207.494,207.5365,207.33,207.3805,40.79823996057744,30.55716772657147,,,
1765786500,207.3805,207.5075,207.334,207.482,46.8766904149065,32.22659086140731,,,
1765787400,207.482,207.4885,207.3795,207.446,45.10768193726419,33.86610363059511,,,
1765788300,207.446,207.507,207.3655,207.4485,45.26216567695667,35.68528156230889,,,
1765789200,207.4485,207.4605,207.3435,207.3865,42.09793348342337,37.2859842573953,,,
1765790100,207.3865,207.4725,207.343,207.4475,46.09109052472473,39.224778744095495,,,
1765791000,207.4475,207.464,207.3545,207.4265,44.942013876362296,40.830880015544025,,,
1765791900,207.4265,207.498,207.4165,207.467,47.6525070281066,42.787685633651954,,,
1765792800,207.467,207.5485,207.4205,207.5385,52.13275570530138,44.04467751644851,,,
1765793700,207.5385,207.571,207.4695,207.5085,50.19169984637262,45.24712490810549,,,
1765794600,207.5085,207.5625,207.4825,207.528,51.4568820072051,46.052867818712635,,,
1765795500,207.528,207.544,207.4805,207.5055,49.88242260499394,46.56824654705556,,,
1765796400,207.5055,207.5595,207.486,207.5285,51.5155514934918,47.164761463644766,,,
1765797300,207.5285,207.573,207.4975,207.5095,50.06421456164287,47.43370350866638,,,
1765798200,207.5095,207.5155,207.4495,207.5055,49.74646628529825,48.07286253186073,,,
1765799100,207.5055,207.513,207.3045,207.3405,38.805459981287896,47.49634607231654,,,
1765800000,207.3405,207.5375,207.3255,207.5375,52.295696321429844,48.009775671185515,,,
1765800900,207.5375,207.586,207.52,207.5805,54.64592494283298,48.68004419017667,,,
1765801800,207.5805,207.645,207.5005,207.643,57.89307474363488,49.808268565906076,,,
1765802700,207.643,207.663,207.558,207.6515,58.33002583946091,50.682478231244374,,,
1765803600,207.6515,207.6905,207.5915,207.6335,56.981523746754554,51.54244322198667,,,
1765804500,207.6335,207.6525,207.5585,207.609,55.11386058855378,52.075397047732906,,,
1765805400,207.609,207.67,207.525,207.65,57.617400609051,52.46715739800073,,,
1765806300,207.65,207.7385,207.6165,207.713,61.19861928165,53.25336592909197,,,
1765807200,207.713,207.7405,207.6535,207.6825,58.61632455952103,53.76475468282882,,,
1765808100,207.6825,207.7275,207.5965,207.605,52.548775073394985,53.95520843057175,,,
1765809000,207.605,207.641,207.4845,207.499,45.59666459440198,53.53243079492248,,,
1765809900,207.499,207.575,207.4775,207.532,47.90726062102164,53.378362656306685,,,
1765810800,207.532,207.5985,207.4015,207.5205,47.15563653114006,53.19330338815252,,,
1765811700,207.5205,207.554,207.367,207.5125,46.60782020044063,53.75061483237772,,,
1765812600,207.5125,207.61,207.397,207.5005,45.74927818835112,53.28301353715782,,,
1765813500,207.5005,207.832,207.492,207.8295,64.86076279438855,54.01264481226893,,,
1765814400,207.8295,207.887,207.735,207.773,60.89344764382702,54.22695716228265,,,
1765815300,207.773,207.883,207.761,207.7855,61.455176786224726,54.45018222990864,,,
1765816200,207.7855,207.809,207.698,207.7395,58.14520830550386,54.53330255553359,,,
1765817100,207.7395,207.7875,207.7185,207.775,59.93848758924179,54.87791876986845,,,
1765818000,207.775,207.806,207.7045,207.709,55.202990060237674,54.70546087352464,,,
1765818900,207.709,207.753,207.6895,207.7345,56.6287382188254,54.379040797608596,,,
1765819800,207.7345,207.76,207.6665,207.6705,52.14318680210525,53.91667381493604,,,
1765820700,207.6705,207.694,207.566,207.6135,48.461432783953335,53.624720794261634,,,
1765821600,207.6135,207.7005,207.592,207.671,52.13315388239635,54.09161288626124,,,
1765822500,207.671,207.6765,207.577,207.602,47.73806108233774,54.07952720492666,,,
1765823400,207.602,207.6555,207.565,207.586,46.753763981917935,54.05082202283937,,,
1765824300,207.586,207.6565,207.575,207.652,51.22160369424026,54.3803779866822,,,
1765825200,207.652,207.669,207.6175,207.6475,50.907952056765865,54.74885469156896,,,
1765826100,207.6475,207.6825,207.6405,207.6705,52.50864829339475,53.86656079864083,,,
1765827000,207.6705,207.685,207.615,207.625,49.09805226434393,53.024032557249186,,,
1765827900,207.625,207.626,207.5465,207.605,47.63346615461608,52.03676751213428,,,
1765828800,207.605,207.637,207.5815,207.6225,49.06518620259809,51.38819450478387,,,
1765829700,207.6225,207.647,207.597,207.609,47.97549328175264,50.533694911391784,,,
1765830600,207.609,207.6225,207.5795,207.599,47.140324672704004,49.95779024085367,,,
1765831500,207.599,207.6505,207.594,207.635,50.482293676308565,49.51875848781675,,,
1765832400,207.635,207.654,207.601,207.636,50.57576965563792,49.40680012021194,,,
1765833300,207.636,207.637,207.546,207.556,43.50098443862324,49.052482381259786,,,
1765834200,207.556,207.6005,207.556,207.593,47.181060989758336,48.69876146035707,,,
1765835100,207.593,207.654,207.568,207.6405,51.544561849744696,48.97065437231471,,,
1765836000,207.6405,207.659,207.4605,207.4975,40.65547338248055,48.535062186640616,,,
1765836900,207.4975,207.6045,207.4975,207.5365,44.1225129150871,48.027984273843956,,,
1765837800,207.5365,207.62,207.525,207.601,49.388800208480326,47.91947342753785,,,
1765838700,207.601,207.6425,207.5795,207.616,50.5558747787786,47.779989605065275,,,
1765839600,207.616,207.633,207.475,207.519,43.560513862804406,47.38445114781245,,,
1765840500,207.519,207.5295,207.4965,207.4965,42.105157787500424,46.98957197873276,,,
1765841400,207.4965,207.517,207.4375,207.4785,40.927112346550544,46.408280989015076,,,
1765842300,207.4785,207.4795,207.3835,207.426,37.62092335230601,45.66866885119747,,,
1765843200,207.426,207.434,207.0815,207.157,26.021681773410677,44.160194358390804,,,
1765844100,207.157,207.2815,207.1175,207.2795,35.73841090000282,43.107059874368964,,,
1765845000,207.2795,207.3505,207.2295,207.319,38.54153941958467,42.247472000365164,,,
1765845900,207.319,207.395,207.239,207.243,35.346750135248314,41.66502669298124,,,
1765846800,207.243,207.3165,207.1535,207.268,37.19110883273707,40.95145868176543,,,
1765847700,207.268,207.32,207.243,207.315,40.6206274505194,40.171177653249345,,,
1765848600,207.315,207.322,207.0375,207.092,31.759685042562197,39.535764200398035,,,
1765849500,207.092,207.1495,206.9965,207.022,29.578524407246988,38.49690787840945,,,
1765850400,207.022,207.0695,206.974,206.991,28.640445082632823,37.01488251227749,,,
1765851300,206.991,207.112,206.98,207.0945,35.944783744249065,35.97123315266823,,,
1765852200,207.0945,207.1035,206.979,207.012,33.04151645131515,35.21987619470472,,,
1765853100,207.012,207.0225,206.902,206.93,30.41219602811219,34.384664640462695,,,
1765854000,206.93,206.94,206.8495,206.8665,28.519544397618702,33.49840978696757,,,
1765854900,206.8665,207.022,206.8585,207.019,38.429591896086535,33.55617182580904,,,
1765855800,207.019,207.029,206.901,206.977,36.91178137446369,34.33403608302711,,,
1765856700,206.977,207.069,206.964,207.0205,39.57374499324663,34.60798851825881,,,
1765857600,207.0205,207.0495,206.9595,207.04,40.780035830401026,34.7678811190314,,,
1765858500,207.04,207.057,206.96,206.9675,37.76171025284236,34.94037827028812,,,
1765859400,206.9675,207,206.9245,206.928,36.19007508754939,34.86887585991757,,,
1765860300,206.928,206.996,206.91,206.961,38.49323705669277,34.71691940321567,,,
1765861200,206.961,206.966,206.7855,206.792,32.102725795617346,34.74142231414818,,,
1765862100,206.792,206.8535,206.7815,206.8435,35.61080487260942,35.1722994902455,,,
1765863000,206.8435,206.867,206.7765,206.847,35.85337445954811,35.68750873145374,,,
1765863900,206.847,206.928,206.833,206.9055,39.92694793911671,35.971949031087135,,,
1765864800,206.9055,206.9685,206.8545,206.9615,43.61807091592021,36.72741720713036,,,
1765865700,206.9615,206.9705,206.904,206.9385,42.464021433991086,37.58826187897885,,,
1765866600,206.9385,207.0115,206.913,206.939,42.499638275568884,38.58684001311815,,,
1765867500,206.939,206.9905,206.9305,206.978,45.34181073512604,39.0805699301924,,,
1765868400,206.978,207.2055,206.978,207.1155,53.97876958262824,40.299640516489866,,,
1765869300,207.1155,207.1255,206.979,207.0795,51.676362907770894,41.16411322467017,,,
1765870200,207.0795,207.202,207.0315,207.043,49.37674056273715,41.77816356269417,,,
1765871100,207.043,207.209,207.043,207.1655,56.390816222592306,43.10881398910488,,,
1765872000,207.1655,207.4155,207.157,207.264,61.062498012732114,44.885415626617934,,,
1765872900,207.264,207.385,207.2245,207.34,64.24517118528789,46.72483949294617,,,
1765873800,207.34,207.3555,207.1505,207.3055,61.7766410448084,48.844404867888386,,,
1765874700,207.3055,207.4375,207.2985,207.4175,66.30321868696548,51.0367201403424,,,
1765875600,207.4175,207.531,207.372,207.527,70.03897525181982,53.47854876836181,,,
1765876500,207.527,207.527,207.433,207.482,66.7632267909875,55.39542582920973,,,
1765877400,207.482,207.7455,207.482,207.6775,72.7303979374203,57.474877759316875,,,
1765878300,207.6775,207.726,207.623,207.646,70.53308950082916,59.47981119266245,,,
1765879200,207.646,207.678,207.527,207.612,68.14015280764474,61.31127651638216,,,
1765880100,207.612,207.7025,207.579,207.7025,70.96393033220066,63.1414279161732,,,
1765881000,207.7025,207.908,207.6695,207.8575,75.04369308817897,64.64606530942682,,,
1765881900,207.8575,207.9405,207.8265,207.8865,75.73076800742248,66.36423710225907,,,
1765882800,207.8865,207.908,207.7895,207.82,70.90975718338669,67.90230971801975,,,
1765883700,207.82,207.8245,207.7465,207.8045,69.79448318439319,68.85971450100553,,,
1765884600,207.8045,207.864,207.7685,207.8545,71.35936386347474,69.59520491891571,,,
1765885500,207.8545,207.9425,207.7645,207.9365,73.76030884457018,70.27485760886445,,,
1765886400,207.9365,207.9435,207.8665,207.8665,68.48256353637274,70.75385207254762,,,
1765887300,207.8665,207.9625,207.8565,207.869,68.56906225864007,70.91569804195295,,,
1765888200,207.869,207.869,207.7715,207.782,62.17417670226205,70.35392671698453,,,
1765889100,207.782,207.7845,207.673,207.7465,59.72643848487121,69.85129898083338,,,
1765890000,207.7465,207.8,207.71,207.7515,59.9655032839518,68.9395207912999,,,
1765890900,207.7515,207.9295,207.705,207.8155,62.993582893057784,68.40098460503052,,,
1765891800,207.8155,207.9365,207.6925,207.718,56.03954801752596,67.5366556914506,,,
1765892700,207.718,207.839,207.6275,207.719,56.093084957650106,66.47445245041128,,,
1765893600,207.719,207.8665,207.632,207.8465,62.383318185311694,65.57013995734933,,,
1765894500,207.8465,208.004,207.814,207.927,65.72231277210659,64.85525029768391,,,
1765895400,207.927,207.991,207.7545,207.771,55.45036022230929,63.75100765760696,,,
1765896300,207.771,207.969,207.731,207.831,58.15901350601623,62.91990268058003,,,
1765897200,207.831,207.8665,207.576,207.6515,48.63250523451759,61.29655563565452,,,
1765898100,207.6515,207.6515,207.1995,207.279,35.600322581099505,58.57084233112091,,,
1765899000,207.279,207.4025,207.198,207.3855,40.50884658549756,56.57271969177268,,,
1765899900,207.3855,207.648,207.372,207.6455,50.4401382589281,55.27779654893612,,,
1765900800,207.6455,207.828,207.641,207.824,55.885026011979534,54.82857149963022,,,
1765901700,207.824,207.8915,207.755,207.867,57.10754241240227,54.64150749445387,,,
1765902600,207.867,207.9375,207.765,207.8705,57.211481807592335,54.444791674713905,,,
1765903500,207.8705,207.898,207.779,207.858,56.683182389931524,53.99404878163346,,,
1765904400,207.858,207.965,207.81,207.884,57.56101149929858,54.10272474461721,,,
1765905300,207.884,207.898,207.7565,207.7935,53.49710566260549,53.91729765211403,,,
1765906200,207.7935,207.8365,207.6935,207.728,50.706757083710194,53.08325757342821,,,
1765907100,207.728,207.7575,207.6315,207.6415,47.20507768259559,51.760597924177425,,,
1765908000,207.6415,207.6695,207.546,207.625,46.54478858402373,51.12448566429988,,,
1765908900,207.625,207.625,207.543,207.557,43.82416350254756,50.10056780690926,,,
1765909800,207.557,207.6675,207.5495,207.6665,48.99434570541147,50.12641355483025,,,
1765910700,207.6665,207.746,207.662,207.7415,52.23685369767447,51.31473720601418,,,
1765911600,207.7415,207.746,207.5745,207.592,45.964254152869216,51.70440917511216,,,
1765912500,207.592,207.6105,207.53,207.5925,45.98761439854459,51.38637175651333,,,
1765913400,207.5925,207.732,207.5795,207.7055,51.12964730264334,51.046701848703606,,,
1765914300,207.7055,207.7095,207.583,207.651,48.720539031700454,50.447630178653476,,,
1765915200,207.651,207.7145,207.614,207.6245,47.54741353436922,49.75733958770896,,,
1765916100,207.6245,207.654,207.597,207.6335,48.0053156545118,49.137491963750406,,,
1765917000,207.6335,207.8305,207.632,207.8245,56.65367240235978,49.07268202825478,,,
1765917900,207.8245,207.882,207.7635,207.812,55.99722118909723,49.251261708718474,,,
1765918800,207.812,207.847,207.6955,207.715,51.05357945732819,49.276034735405474,,,
1765919700,207.715,207.727,207.6685,207.717,51.14934160549984,49.557767872755775,,,
1765920600,207.717,207.7445,207.6775,207.7335,51.98397881822794,49.94628146091322,,,
1765921500,207.7335,207.75,207.63,207.689,49.526306306183095,50.35357737545861,,,
1765922400,207.689,207.6995,207.6165,207.652,47.51485155051678,50.247899221537565,,,
1765923300,207.652,207.7425,207.652,207.726,51.736730232001285,50.212176116846614,,,
1765924200,207.726,207.753,207.6805,207.71,50.78550783935471,50.55655138016702,,,
1765925100,207.71,207.761,207.6625,207.679,48.909216858006005,50.765237270128544,,,
1765926000,207.679,207.7765,207.659,207.769,54.199687750596716,50.98452587355378,,,
1765926900,207.769,207.798,207.7455,207.786,55.14452780871315,51.44338221476898,,,
1765927800,207.786,207.793,207.757,207.7905,55.40677270132187,52.00476501240845,,,
1765928700,207.7905,207.829,207.754,207.7935,55.59316794339793,52.54675446161461,,,
1765929600,207.7935,207.87,207.6995,207.853,59.232797807331586,52.73097770482689,,,
1765930500,207.853,207.8845,207.8135,207.8155,56.11134282958011,52.739129250575665,,,
1765931400,207.8155,207.821,207.607,207.63,43.81192636232481,52.22186831521828,,,
1765932300,207.63,207.67,207.443,207.464,36.17104061402918,51.15198967297038,,,
1765933200,207.464,207.577,207.4215,207.505,39.00071555875871,50.224613725865424,,,
1765934100,207.505,207.5495,207.414,207.5195,40.013555307559024,49.545131511677994,,,
1765935000,207.5195,207.6175,207.519,207.585,44.49679577128952,49.32955609887604,,,
1765935900,207.585,207.67,207.58,207.647,48.42600165353378,49.09307548612836,,,
1765936800,207.647,207.753,207.647,207.6875,50.872577725630755,49.099294763719506,,,
1765937700,207.6875,207.756,207.648,207.756,54.77990363448532,49.51862953346803,,,
1765938600,207.756,207.779,207.7115,207.776,55.88317914002716,49.638878918427345,,,
1765939500,207.776,207.8685,207.766,207.849,59.74384594960671,49.96740164277689,,,
1765940400,207.849,207.8635,207.7315,207.757,53.401352592233785,49.82415734927059,,,
1765941300,207.757,207.7885,207.695,207.7385,52.20125551628208,49.58187789019088,,,
1765942200,207.7385,207.743,207.69,207.698,49.574667787105504,48.892011460174736,,,
1765943100,207.698,207.7585,207.666,207.7015,49.80970057579598,48.44189415633302,,,
1765944000,207.7015,207.792,207.6635,207.764,53.93841827546938,49.16521500727192,,,
1765944900,207.764,207.8105,207.704,207.764,53.93841827546938,50.434313411660504,,,
1765945800,207.764,207.822,207.733,207.798,56.21104569975977,51.663622707446294,,,
1765946700,207.798,207.8435,207.769,207.803,56.55055323483303,52.84483684510872,,,
1765947600,207.803,207.807,207.72,207.7285,50.29352812457111,53.258889156057414,,,
1765948500,207.7285,207.756,207.6665,207.6745,46.29510895552325,53.10668253477094,,,
1765949400,207.6745,207.6895,207.55,207.6235,42.83170845416942,52.53233472966656,,,
1765950300,207.6235,207.701,207.572,207.647,44.8780337612426,51.825058310149224,,,
1765951200,207.647,207.8135,207.637,207.8135,56.70318000781565,51.883629800705535,,,
1765952100,207.8135,207.9075,207.738,207.9075,61.69883159387764,52.02327163243917,,,
1765953000,207.9075,207.977,207.8975,207.9295,62.781207051915175,52.69326123670213,,,
1765953900,207.9295,207.9965,207.791,207.831,55.25256588765351,52.91121197751438,,,
1765954800,207.831,207.845,207.2675,207.4995,38.51348142679036,52.12112723749187,,,
1765955700,207.4995,207.5,207.27,207.4165,35.60498026284054,51.10650435799505,,,
1765956600,207.4165,207.419,207.095,207.27,31.135504501860325,49.477724802737264,,,
1765957500,207.27,207.2995,207.107,207.174,28.60179179427844,47.66796576836648,,,
1765958400,207.174,207.203,207.057,207.1945,29.913398935731152,45.78956242807873,,,
1765959300,207.1945,207.259,207.1515,207.195,29.947200965431776,43.88932298026435,,,
1765960200,207.195,207.259,207.1295,207.1815,29.533044498180246,42.406431292665005,,,
1765961100,207.1815,207.2615,207.1435,207.255,34.818369349311354,41.58666417793559,,,
1765962000,207.255,207.3345,207.209,207.317,38.97626867919423,41.31127562258022,,,
1765962900,207.317,207.35,207.252,207.302,38.33907042002823,40.844206812493475,,,
1765963800,207.302,207.3245,207.211,207.2375,35.640861045909475,39.3397554580716,,,
1765964700,207.2375,207.3545,207.2035,207.258,37.15472050895771,37.58660466629161,,,
1765965600,207.258,207.273,207.2085,207.255,37.0174951296966,35.74633952899028,,,
1765966500,207.255,207.2575,207.149,207.2,34.501636388331804,34.26413027903873,,,
1765967400,207.2,207.3145,207.1825,207.2905,41.54198063380787,34.48045165096856,,,
1765968300,207.2905,207.3175,207.2215,207.311,43.03565697900126,35.01121427355147,,,
1765969200,207.311,207.3485,207.2365,207.2545,40.00195513833619,35.644532176156886,,,
1765970100,207.2545,207.3345,207.2515,207.3065,43.92019089564909,36.738703540540506,,,
1765971000,207.3065,207.3355,207.254,207.3165,44.66854457611411,37.792642514853576,,,
1765971900,207.3165,207.325,207.2435,207.3045,43.911288987038844,38.7900773735398,,,
1765972800,207.3045,207.4135,207.271,207.4135,51.889578350840395,40.38697264872981,,,
1765973700,207.4135,207.4175,207.3565,207.375,49.22610292324179,41.416096475439126,,,
1765974600,207.375,207.4345,207.3445,207.4335,53.1603532021685,42.429245369937284,,,
1765975500,207.4335,207.513,207.4325,207.4925,56.79634430049621,43.747622075685,,,
1765976400,207.4925,207.6495,207.478,207.584,61.75473394639276,45.61289871143381,,,
1765977300,207.584,207.66,207.4595,207.654,65.05859760293507,47.60603278957505,,,
1765978200,207.654,207.6705,207.466,207.4895,53.3869517756894,48.77527969286025,,,
1765979100,207.4895,207.636,207.4705,207.606,58.99724031073313,50.52496568731749,,,
1765980000,207.606,207.7205,207.584,207.6855,62.32926121501021,52.00977144311766,,,
1765980900,207.6855,207.805,207.6835,207.7355,64.29450849696265,53.52826083725773,,,
1765981800,207.7355,207.7805,207.6865,207.7805,66.01302147673262,55.38619414714319,,,
1765982700,207.7805,207.8145,207.6775,207.776,65.67262359343937,56.9399393398425,,,
1765983600,207.776,207.98,207.689,207.9315,71.19928728454597,58.834992390444775,,,
1765984500,207.9315,208.071,207.903,207.9985,73.20129319578558,60.9271355482124,,,
1765985400,207.9985,208.14,207.9845,208.0225,73.90114281965697,62.49939015312787,,,
1765986300,208.0225,208.2625,207.93,208.232,79.04544819710227,64.62934338697504,,,
1765987200,208.232,208.3665,208.2025,208.2115,77.43699561354498,66.36338927350194,,,
1765988100,208.2115,208.3865,208.1545,208.321,79.80128230298634,68.00659913082265,,,
1765989000,208.321,208.324,208.201,208.2595,75.04496881858404,68.95590162169346,,,
1765989900,208.2595,208.3495,208.226,208.3445,77.07841954548523,69.81446033187561,,,
1765990800,208.3445,208.3805,208.3035,208.3415,76.84043302876691,71.48970899280972,,,
1765991700,208.3415,208.368,208.292,208.3055,73.8920546116851,72.55362430002057,,,
1765992600,208.3055,208.3575,208.265,208.283,72.03175825189436,73.24665980265515,,,
1765993500,208.283,208.288,208.181,208.2135,66.4654492913142,73.4017270022517,,,
1765994400,208.2135,208.297,208.212,208.217,66.60540396629722,73.44404003722059,,,
1765995300,208.217,208.2525,208.186,208.235,67.35986363156299,73.56455718280085,,,
1765996200,208.235,208.2765,208.16,208.207,64.90347002339274,73.11485594986134,,,
1765997100,208.207,208.286,208.182,208.19,63.39197536119162,72.41419039024747,,,
1765998000,208.19,208.209,208.1435,208.206,64.23616217201109,71.72383462970134,,,
1765998900,208.206,208.2355,208.1915,208.218,64.89010199022141,70.712738472067,,,
1765999800,208.218,208.268,208.202,208.224,65.23241458875174,69.84098268458176,,,
1766000700,208.224,208.248,208.1505,208.2015,62.76125449332356,68.62383784103443,,,
1766001600,208.2015,208.2305,208.173,208.226,64.3451421940797,67.8595645107127,,,
1766002500,208.226,208.316,208.2235,208.2925,68.28785551467216,67.23166707994032,,,
1766003400,208.2925,208.348,208.2915,208.3365,70.60407314982594,66.78621280287311,,,
1766004300,208.3365,208.41,208.2915,208.304,66.72728073451907,66.2744432402184,,,
1766005200,208.304,208.348,208.299,208.333,68.39490866704891,66.0146682698723,,,
1766006100,208.333,208.3365,208.285,208.312,65.82220781286007,65.96872244998272,,,
1766007000,208.312,208.3495,208.2295,208.23,56.83257252551531,65.27066306135544,,,
1766007900,208.23,208.3215,208.2255,208.2585,58.93194479079493,64.66866885844344,,,
1766008800,208.2585,208.2585,208.185,208.2145,54.5232735893521,63.927226256011956,,,
1766009700,208.2145,208.255,208.1485,208.183,51.55004340573178,63.0813739734791,,,
1766010600,208.183,208.207,208.1785,208.179,51.16846558389149,62.14796707432771,,,
1766011500,208.179,208.2015,208.135,208.1735,50.61369994111947,61.12822407082042,,,
1766012400,208.1735,208.1945,208.0985,208.182,51.48906207128688,60.14655603385865,,,
1766013300,208.182,208.195,208.126,208.13,46.105129512088226,58.95683282091328,,,
1766014200,208.13,208.135,208.038,208.0395,38.55004337235235,57.11432576221846,,,
1766015100,208.0395,208.065,207.9265,207.945,32.55169489257099,54.56174286063981,,,
1766016000,207.945,208.0045,207.8735,207.953,33.495110935284245,51.911102702458265,,,
1766016900,207.953,208.0165,207.891,207.893,30.095144737443277,49.29452155980999,,,
1766017800,207.893,207.9885,207.871,207.9595,37.64935715479258,47.09841073750597,,,
1766018700,207.9595,208.015,207.936,207.9765,39.45072641936302,45.21473349511333,,,
1766019600,207.9765,208.0315,207.93,208.0105,42.99778394531349,44.2265343108132,,,
1766020500,208.0105,208.1145,208.0065,208.0635,48.10159877912193,43.45293816712227,,,
1766021400,208.0635,208.1855,208.0195,208.1845,57.46517949302319,43.663074303098774,,,
1766022300,208.1845,208.203,208.09,208.18,57.05291338583262,44.05613644453455,,,
1766023200,208.18,208.2385,208.1145,208.188,57.634807818882976,44.51801803274822,,,
1766024100,208.188,208.2315,208.138,208.208,59.1258300957747,45.12602732950931,,,
1766025000,208.208,208.263,208.176,208.2185,59.923293859773224,45.72847245725834,,,
1766025900,208.2185,208.266,208.198,208.265,63.334931162199794,46.959172575123446,,,
1766026800,208.265,208.279,208.1695,208.202,56.33747061345719,48.229703092345225,,,
1766027700,208.202,208.237,208.1825,208.2045,56.54265508371517,49.94334310599838,,,
1766028600,208.2045,208.239,208.131,208.138,49.8341061855989,51.11041419530657,,,
1766029500,208.138,208.1825,208.113,208.173,52.99512019563911,52.74612672803484,,,
1766030400,208.173,208.2005,208.113,208.114,47.555289912069945,53.45369335355465,,,
1766031300,208.114,208.138,208.1035,208.1365,49.676742848874,54.18412309851973,,,
1766032200,208.1365,208.171,208.1155,208.1685,52.61267522239423,54.870901046882636,,,
1766033100,208.1685,208.2175,208.1535,208.1985,55.24863942679748,55.38140395028803,,,
1766034000,208.1985,208.281,208.1875,208.278,61.37955271034887,55.66100203723987,,,
1766034900,208.278,208.291,208.21,208.252,58.55422971245448,55.76823891771285,,,
1766035800,208.252,208.349,208.2445,208.308,62.55245364788755,56.119499334070326,,,
1766036700,208.308,208.416,208.2975,208.316,63.10009817660024,56.403375625557864,,,
1766037600,208.316,208.364,208.259,208.362,66.16420757043053,56.849155176319094,,,
1766038500,208.362,208.3895,208.305,208.33,62.289232898859005,56.77446244322333,,,
1766039400,208.33,208.3965,208.3165,208.3935,66.4839872223321,57.499213629571535,,,
1766040300,208.3935,208.421,208.361,208.403,67.07407111869054,58.25145763206977,,,
1766041200,208.403,208.526,208.38,208.4305,68.78719207271887,59.60524948114976,,,
1766042100,208.4305,208.561,208.429,208.4635,70.7536624514278,60.873716785134675,,,
1766043000,208.4635,208.4835,208.4205,208.4655,70.87343150839158,62.53929832772907,,,
1766043900,208.4655,208.4715,208.29,208.412,63.3945980206206,63.51914512571097,,,
1766044800,208.412,208.4575,208.347,208.353,56.334542909825764,63.784992817670364,,,
1766045700,208.353,208.4185,208.281,208.332,54.02817746308573,63.697816963119536,,,
1766046600,208.332,208.406,208.2645,208.3015,50.776683813727146,62.940469184789414,,,
1766047500,208.3015,208.303,208.1365,208.2155,42.93121245017,61.82453938034052,,,
1766048400,208.2155,208.219,208.095,208.1395,37.42761472819665,60.029908028934024,,,
1766049300,208.1395,208.143,207.9775,208.041,31.747130846289338,57.79041036248325,,,
1766050200,208.041,208.1475,208.04,208.141,41.460898030076905,56.02588825245799,,,
1766051100,208.141,208.171,208.0885,208.15,42.25740624375548,54.59504349137916,,,
1766052000,208.15,208.155,208.0995,208.115,39.979222418297034,52.70184600537665,,,
1766052900,208.115,208.169,208.0865,208.1525,43.49423278585134,51.01757183874529,,,
1766053800,208.1525,208.1525,208.098,208.142,42.73949329157616,49.157021925806525,,,
1766054700,208.142,208.177,208.0925,208.1115,40.538934598778404,46.9988270791887,,,
1766055600,208.1115,208.15,208.0315,208.081,38.40920907804174,44.67995404844943,,,
1766056500,208.081,208.1275,208.076,208.102,40.71847941969018,43.06023129124011,,,
1766057400,208.102,208.1075,208.024,208.05,37.017359431594805,41.68043247136647,,,
1766058300,208.05,208.091,207.985,208.033,35.869478255082015,40.383382527937634,,,
1766059200,208.033,208.612,207.8935,208.3935,62.456413840880145,41.21764895844858,,,
1766060100,208.3935,208.496,208.3635,208.3665,60.43554048019404,42.46795810345029,,,
1766061000,208.3665,208.678,208.363,208.543,67.775778157804,44.635684062707966,,,
1766061900,208.543,208.7425,208.531,208.729,73.38053873241421,47.60949891171689,,,
1766062800,208.729,208.8255,208.634,208.74,73.6721833033037,49.910305002661666,,,
1766063700,208.74,208.8605,208.7075,208.82,75.7528270687953,52.30283506159308,,,
1766064600,208.82,208.9195,208.7025,208.793,73.6376758719318,54.707010308281276,,,
1766065500,208.793,208.997,208.7715,208.9245,77.00525522272123,57.1006547680577,,,
1766066400,208.9245,209.0185,208.6885,208.6995,62.3330889444374,58.50019731469064,,,
1766067300,208.6995,208.7185,208.5485,208.5515,54.920465094277915,59.527449492940605,,,
1766068200,208.5515,208.601,208.348,208.388,48.11339748928433,60.220605808029354,,,
1766069100,208.388,208.599,208.3725,208.599,55.73783623703823,61.2934170092685,,,
1766070000,208.599,208.6185,208.349,208.4345,49.61649164635031,62.19335502460818,,,
1766070900,208.4345,208.485,208.31,208.471,50.90487972212007,63.267312272253754,,,
1766071800,208.471,208.5235,208.336,208.447,49.99950767873255,62.37753326067179,,,
1766072700,208.447,208.489,208.318,208.3205,45.41463327671537,61.30461131756617,,,
1766073600,208.3205,208.444,208.249,208.249,43.01375955688534,59.53589570321484,,,
1766074500,208.249,208.352,208.1915,208.1925,41.16194912155774,57.234567873867945,,,
1766075400,208.1925,208.2915,208.1455,208.2525,43.922921062415945,55.10962057094739,,,
1766076300,208.2525,208.26,208.1515,208.1955,41.91087140490003,52.6923380235263,,,
1766077200,208.1955,208.2155,208.102,208.166,40.86745674228776,50.35160808569458,,,
1766078100,208.166,208.205,208.132,208.152,40.353995708119434,47.73366097750874,,,
1766079000,208.152,208.2575,208.1385,208.2465,45.3456349368167,46.52027140553583,,,
1766079900,208.2465,208.306,208.1945,208.2685,46.46880198186976,45.91658118322096,,,
1766080800,208.2685,208.2865,208.162,208.191,43.10801325521048,45.55905373792997,,,
1766081700,208.191,208.304,208.191,208.293,48.39772202602341,45.03475986571463,,,
1766082600,208.293,208.357,208.288,208.339,50.6272372148698,45.10695597775174,,,
1766083500,208.339,208.38,208.2565,208.258,46.79336438155063,44.813276310568206,,,
1766084400,208.258,208.322,208.255,208.283,48.0997242017976,44.677577490787144,,,
1766085300,208.283,208.2975,208.2435,208.2465,46.31189071751086,44.741667307986816,,,
1766086200,208.2465,208.2605,208.197,208.212,44.62355218139201,44.85665249545158,,,
1766087100,208.212,208.238,208.142,208.179,43.008448791609275,44.98854532902669,,,
1766088000,208.179,208.243,208.1755,208.2125,45.177695888957054,45.07817210235106,,,
1766088900,208.2125,208.2415,208.206,208.2385,46.86801164701599,45.43225354821648,,,
1766089800,208.2385,208.2815,208.2245,208.2575,48.12670327035256,45.950771157363974,,,
1766090700,208.2575,208.268,208.1775,208.181,43.64362233240382,46.18574448767,,,
1766091600,208.181,208.2575,208.178,208.211,45.77676732184192,46.21653965802894,,,
1766092500,208.211,208.2245,208.165,208.18,43.92652228462409,46.034948251082824,,,
1766093400,208.18,208.192,208.1505,208.1705,43.348289531490956,46.05211084224571,,,
1766094300,208.1705,208.191,208.138,208.138,41.34324128148811,45.548219360493185,,,
1766095200,208.138,208.1645,208.0275,208.0355,35.730029532403876,44.4841330974599,,,
1766096100,208.0355,208.1865,208.0185,208.168,45.946629312759235,44.42365202111766,,,
1766097000,208.168,208.1875,208.144,208.1475,44.7610749996048,44.18517707810389,,,
1766097900,208.1475,208.175,208.128,208.1565,45.42683889668674,44.121959090902166,,,
1766098800,208.1565,208.241,208.151,208.224,50.268074754405966,44.525139274688875,,,
1766099700,208.224,208.262,208.177,208.1825,47.479318152640865,44.84448708619113,,,
1766100600,208.1825,208.2055,208.1255,208.2055,49.16263478950312,45.12912557908727,,,
1766101500,208.2055,208.308,208.2015,208.2215,50.35467431038981,45.3781729121854,,,
1766102400,208.2215,208.3395,208.2155,208.3125,56.58930147572418,45.98264421256909,,,
1766103300,208.3125,208.326,208.257,208.293,54.99548945734711,46.79349186435075,,,
1766104200,208.293,208.411,208.2635,208.343,58.243010826815976,47.68393782899175,,,
1766105100,208.343,208.5015,208.337,208.471,65.17172423330135,49.20145225389727,,,
1766106000,208.471,208.501,208.3695,208.4545,63.70431605143831,50.65545414817922,,,
1766106900,208.4545,208.482,208.418,208.4485,63.14751508559241,52.21290227704382,,,
1766107800,208.4485,208.4705,208.351,208.3545,55.0321365295218,53.59162420540938,,,
1766108700,208.3545,208.4465,208.345,208.427,59.36926270930375,54.550383733733995,,,
1766109600,208.427,208.4445,208.3735,208.401,57.237208356808836,55.441536116391426,,,
1766110500,208.401,208.4015,208.3585,208.39,56.315760863238815,56.21931625685943,,,
1766111400,208.39,208.437,208.378,208.4115,57.74753546247784,56.75356345029313,,,
1766112300,208.4115,208.519,208.3975,208.4975,62.974984433723705,57.86039675608476,,,
1766113200,208.4975,208.5435,208.4725,208.5025,63.25958648932886,58.867321877500885,,,
1766114100,208.5025,208.8545,208.221,208.765,74.38973290376293,60.584111777027566,,,
1766115000,208.765,208.8305,208.6685,208.8005,75.47192422165786,61.93287054459426,,,
1766115900,208.8005,208.8195,208.533,208.533,56.20061823052609,62.0189511712499,,,
1766116800,208.533,208.579,208.371,208.561,57.42604852778474,61.9605967213191,,,
1766117700,208.561,208.6035,208.503,208.58,58.279060190142175,61.46826357537916,,,
1766118600,208.58,208.6325,208.532,208.629,60.47830575345833,61.23783426838059,,,
1766119500,208.629,208.7055,208.629,208.6965,63.34477880033357,61.25192453371924,,,
1766120400,208.6965,208.7255,208.6045,208.619,58.131549573465996,61.47331117971525,,,
1766121300,208.619,208.6265,208.543,208.544,53.53942223979566,61.056894003321815,,,
1766122200,208.544,208.5745,208.4875,208.57,54.87036867032503,60.887834025715826,,,
1766123100,208.57,208.6545,208.508,208.6535,58.93861613606962,61.07518083091802,,,
1766124000,208.6535,208.698,208.635,208.6895,60.58819327737309,61.27808496055339,,,
1766124900,208.6895,208.739,208.6325,208.635,56.863815475205655,60.84157289208782,,,
1766125800,208.635,209.174,208.533,209.0845,72.0979938105755,61.4728877007483,,,
1766126700,209.0845,209.1415,208.782,208.7955,57.931957768775256,60.297332333963475,,,
1766127600,208.7955,209.137,208.72,209.127,66.14826191790105,59.6313564551237,,,
1766128500,209.127,209.2345,208.985,209.014,61.72288736399589,60.02580425037154,,,
1766129400,209.014,209.225,208.9885,209.22,66.16664281601115,60.65013241381629,,,
1766130300,209.22,209.4905,209.2095,209.479,70.76251754106275,61.54180793888205,,,
1766131200,209.479,209.7635,209.465,209.6615,73.49466522157266,62.47154790089022,,,
1766132100,209.6615,209.7805,209.6485,209.754,74.78100449068762,63.288421164486934,,,
1766133000,209.754,209.8225,209.7035,209.798,75.39276395413759,64.52136504882061,,,
1766133900,209.798,209.9275,209.75,209.8835,76.58156428070296,66.16723233745685,,,
1766134800,209.8835,209.948,209.772,209.9305,77.23270366906064,67.76454198022368,,,
1766135700,209.9305,210.0865,209.9255,210.081,79.22469238298402,69.21354742643186,,,
1766136600,210.081,210.207,210.081,210.1625,80.23328482608343,70.61676825133974,,,
1766137500,210.1625,210.3865,210.1235,210.358,82.43603230493633,72.44335516774906,,,
1766138400,210.358,210.439,210.2795,210.368,82.54319236695297,73.1894407789189,,,
1766139300,210.368,210.4975,210.3455,210.4725,83.66478743431182,75.02750004074292,,,
1766140200,210.4725,210.5925,210.4085,210.501,83.96733265657238,76.30029080779089,,,
1766141100,210.501,210.5995,210.4955,210.5155,84.12839506141202,77.90068421474918,,,
1766142000,210.5155,210.523,210.373,210.471,81.42491962275567,78.99056112951665,,,
1766142900,210.471,210.472,210.316,210.3525,74.55430523341235,79.26140310754161,,,
1766143800,210.3525,210.3835,210.303,210.323,72.9050636421155,79.21928870900896,,,
1766144700,210.323,210.4055,210.294,210.3745,73.98692866336657,79.16256900705744,,,
1766145600,210.3745,210.423,210.341,210.3585,73.01154845187558,78.99248218546731,,,
1766146500,210.3585,210.3775,210.297,210.349,72.40123461107659,78.69388720906544,,,
1766147400,210.349,210.4225,210.3295,210.4025,73.73288113383812,78.44389988512096,,,
1766148300,210.4025,210.403,210.208,210.285,66.18027807204936,77.51215600576847,,,
1766149200,210.285,210.2885,210.17,210.2405,63.5263087134853,76.31880056915432,,,
1766150100,210.2405,210.2985,210.1775,210.279,64.84002410266582,75.0619428404207,,,
1766151000,210.279,210.3985,210.241,210.34,66.87575932034859,73.94284047994896,,,
1766151900,210.34,210.3915,210.2795,210.377,68.08288615993959,72.82984753177952,,,
1766152800,210.377,210.4985,210.039,210.141,54.45220879887709,70.721624399087,,,
1766153700,210.141,210.381,210.0855,210.3455,61.62229633763358,69.11404591881711,,,
1766154600,210.3455,210.48,210.2875,210.468,65.16030536282024,67.95228775739317,,,
1766155500,210.468,210.5145,210.3485,210.481,65.52354605011186,67.30723353001456,,,
1766156400,210.481,210.5785,210.387,210.4765,65.26986576725452,66.76186225323877,,,
1766157300,210.4765,210.478,210.258,210.289,55.609155416540055,65.44916416417973,,,
1766158200,210.289,210.529,210.2705,210.4,59.43682686750697,64.47954119386769,,,
1766159100,210.4,210.4585,210.2805,210.4145,59.9229725728679,63.588236762567064,,,
1766160000,210.4145,210.5785,210.3525,210.5625,64.58808715897602,62.93503719293405,,,
1766160900,210.5625,210.6445,210.5595,210.5985,65.63593170191818,62.896155309353254,,,
1766161800,210.5985,210.6505,210.5515,210.5925,65.2891772082626,63.02207448755163,,,
1766162700,210.5925,210.615,210.507,210.6005,65.55050567168487,63.072823171052995,,,
1766163600,210.6005,210.7995,210.59,210.7485,70.04380064956881,63.29911183742586,,,
1766164500,210.7485,210.8,210.576,210.7395,69.45057028476532,63.3968035606277,,,
1766165400,210.7395,210.767,210.709,210.7245,68.41062459849559,64.39383326060046,,,
1766166300,210.7245,210.7275,210.57,210.609,60.85444060173282,64.33898642232182,,,
1766167200,210.609,210.712,210.594,210.711,64.57564706094291,64.29722511504488,,,
1766168100,210.711,210.7865,210.6995,210.7665,66.44477452426412,64.3630271489129,,,
1766169000,210.7665,210.817,210.756,210.812,67.93834600519867,64.55363288019463,,,
1766169900,210.812,210.875,210.7935,210.863,69.57315220399697,65.55106122215582,,,
1766170800,210.863,210.884,210.8025,210.879,70.08844472353091,66.31189106901469,,,
1766171700,210.879,210.9405,210.873,210.9295,71.71656011780962,67.15429017936766,,,
1766172600,210.9295,210.9725,210.8925,210.914,70.44906462918388,67.57293142723965,,,
1766173500,210.914,210.968,210.8905,210.9435,71.48210992315151,67.99051558589917,,,
1766174400,210.9435,210.961,210.899,210.929,70.1833969293499,68.340102708834,,,
1766175300,210.929,210.966,210.9135,210.9655,71.58299603468448,68.77099487761969,,,
1766176200,210.9655,210.9675,210.9175,210.923,67.60378256914385,68.59670787187504,,,
1766177100,210.923,210.9365,210.862,210.897,65.21538548035136,68.29419467155977,,,
1766178000,210.897,210.9365,210.877,210.9045,65.5930053823419,68.0929361561202,,,
1766178900,210.9045,211.027,210.8985,210.9805,69.23741751470308,68.69172022133237,,,
1766179800,210.9805,211.0305,210.954,210.9785,69.03020261541113,69.00990276093724,,,
1766180700,210.9785,211.06,210.9325,211.054,72.38955225322587,69.43452974157736,,,
1766354400,211.054,211.054,211.054,211.054,72.38955225322587,69.75247304500787,,,
1766355300,211.054,211.054,210.942,210.986,65.02222445104746,69.42740677694006,,,
1766356200,210.986,210.986,210.755,210.801,50.08713592745953,67.99874186293496,,,
1766357100,210.801,210.8035,210.6225,210.7285,45.66083637245679,66.13761873826691,,,
1766358000,210.7285,210.894,210.7195,210.872,54.27422856482286,64.98227330509827,,,
1766358900,210.872,210.959,210.841,210.9335,57.39143844226927,63.97579677074953,,,
1766359800,210.9335,210.98,210.8895,210.9665,59.006336963936256,63.17743534464855,,,
1766360700,210.9665,211.006,210.881,210.89,53.90579850754371,61.91477837842422,,,
1766361600,210.89,210.958,210.84,210.8685,52.53144508779468,60.83818284404213,,,
1766362500,210.8685,210.9715,210.8035,210.9585,57.42481674963365,60.281713648990866,,,
1766363400,210.9585,211.0295,210.8875,210.888,52.83052656937576,59.37010801949329,,,
1766364300,210.888,211.031,210.8805,210.9655,56.91161744093179,58.48969372850962,,,
1766365200,210.9655,211.026,210.7745,210.8285,48.86335598444588,57.04920468344068,,,
1766366100,210.8285,210.935,210.798,210.818,48.299591105046154,55.32849317285642,,,
1766367000,210.818,210.8835,210.7965,210.818,48.299591105046154,53.607781662272146,,,
1766367900,210.818,210.8235,210.644,210.711,42.50387508320788,51.999328135997885,,,
1766368800,210.711,210.7625,210.67,210.67,40.498536387364204,51.31442816884823,,,
1766369700,210.67,210.7115,210.63,210.69,41.93761623630901,51.048483873409104,,,
1766370600,210.69,210.812,210.6885,210.811,49.84152038975031,50.73186186090392,,,
1766371500,210.811,210.8435,210.773,210.83,50.970172460890254,50.273200005091134,,,
1766372400,210.83,210.9135,210.8255,210.9055,55.27670330794846,50.006797601092,,,
1766373300,210.9055,210.9145,210.8575,210.9135,55.72051372231973,50.13642011643315,,,
1766374200,210.9135,210.9305,210.7625,210.7675,46.62670249635033,49.71465278847284,,,
1766375100,210.7675,210.78,210.682,210.721,44.155003793061205,48.76680900586052,,,
1766376000,210.721,210.8035,210.709,210.776,47.68734013553652,48.39943854630057,,,
1766376900,210.776,210.8015,210.759,210.785,48.2640202356729,47.78175303163922,,,
1766377800,210.785,210.797,210.742,210.7495,46.105047473760955,47.584730995161735,,,
1766378700,210.7495,210.813,210.726,210.783,48.448551370115766,47.59537101409528,,,
1766379600,210.783,210.885,210.757,210.772,47.71487598764769,47.55360564856682,,,
1766380500,210.772,210.8195,210.7525,210.814,50.77972095677273,48.144737496678594,,,
1766381400,210.814,210.835,210.7605,210.78,48.310898854973146,48.70276338722209,,,
1766382300,210.78,210.828,210.7575,210.8225,51.48602540491959,49.38479261355142,,,
1766383200,210.8225,210.869,210.7745,210.823,51.52375279901097,49.50495207135574,,,
1766384100,210.823,210.831,210.688,210.769,47.250082973122566,49.23923139365805,,,
1766385000,210.769,210.826,210.754,210.7685,47.2110350510009,48.66311223244752,,,
1766385900,210.7685,210.872,210.7415,210.752,45.86403914525183,47.95907833408552,,,
1766386800,210.752,210.8915,210.7325,210.8865,56.70731085137264,48.679121788015685,,,
1766387700,210.8865,211.071,210.853,211.0385,65.1923709038989,50.18179086736124,,,
1766388600,211.0385,211.1605,211.022,211.129,69.07828825335947,51.70971573292002,,,
1766389500,211.129,211.369,211.104,211.2565,73.55720300526434,53.516371645033686,,,
1766390400,211.2565,211.2615,211.113,211.181,67.33726321355726,55.03295848359057,,,
1766391300,211.181,211.288,211.1475,211.165,66.06237279654061,56.29108858547806,,,
1766392200,211.165,211.346,211.13,211.2965,70.93322255741663,57.94954191189013,,,
1766393100,211.2965,211.4275,211.2965,211.4275,74.8116309150419,59.66610690890935,,,
1766394000,211.4275,211.4625,211.2665,211.3405,68.2942455546218,61.09348881602711,,,
1766394900,211.3405,211.3405,211.1955,211.3135,66.36204054136954,62.156061325773535,,,
1766395800,211.3135,211.3265,211.2435,211.2815,64.04915883630804,63.05073318558048,,,
1766396700,211.2815,211.3845,211.2695,211.3765,67.6534507414921,64.50811659760687,,,
1766397600,211.3765,211.435,211.349,211.4065,68.71995027008788,66.0444676846845,,,
1766398500,211.4065,211.461,211.371,211.4035,68.47680775729505,67.6596654426876,,,
1766399400,211.4035,211.5025,211.3755,211.4385,69.81849245281504,68.5961784142192,,,
1766400300,211.4385,211.532,211.4005,211.4655,70.84923598932642,69.00024020603544,,,
1766401200,211.4655,211.48,211.386,211.4535,69.70975931350192,69.04534528175991,,,
1766402100,211.4535,211.4985,211.3925,211.423,66.77036859200592,68.56057139509859,,,
1766403000,211.423,211.522,211.421,211.522,71.03907429080311,68.82498647204473,,,
1766403900,211.522,211.5605,211.4575,211.5435,71.88379915100282,69.2408026402206,,,
1766404800,211.5435,211.593,211.4265,211.4325,61.85305420664002,68.59221918659368,,,
1766405700,211.4325,211.481,211.3935,211.4685,63.6258519919318,67.79323497780011,,,
1766406600,211.4685,211.4855,211.359,211.4205,59.64567997290873,67.17548029339203,,,
1766407500,211.4205,211.445,211.379,211.4425,60.85437730642109,66.78207577661,,,
1766408400,211.4425,211.4425,210.8525,211.176,43.75686443004702,65.33262617616279,,,
1766409300,211.176,211.3855,211.1535,211.329,52.080814149509386,64.22029499102116,,,
1766410200,211.329,211.329,210.9815,211.1105,42.42431953676021,62.34203565292633,,,
1766411100,211.1105,211.2625,211.079,211.2285,48.028617961483874,60.88145066751125,,,
1766412000,211.2285,211.2315,211.1105,211.1365,44.3998887640146,59.06583611831122,,,
1766412900,211.1365,211.172,211.068,211.068,41.86371138586545,56.99544150377829,,,
1766413800,211.068,211.2435,211.0535,211.0785,42.40677728656494,55.045228501854226,,,
1766414700,211.0785,211.2565,211.0665,211.193,48.10018058506106,53.71164364421531,,,
1766415600,211.193,211.304,211.1135,211.2165,49.209933784612346,52.152419322344535,,,
1766416500,211.2165,211.294,211.143,211.2395,50.32938394452831,50.61281823616779,,,
1766417400,211.2395,211.2645,211.177,211.199,48.310196405674624,49.64547125038455,,,
1766418300,211.199,211.249,211.118,211.1965,48.18169532241084,48.54231720256162,,,
1766419200,211.1965,211.2955,211.1315,211.1325,44.889840337875945,47.488328657202146,,,
1766420100,211.1325,211.17,211.083,211.1345,45.01626376833716,46.357034833053284,,,
1766421000,211.1345,211.1615,211.074,211.1165,44.0371298397308,46.37705379088784,,,
1766421900,211.1165,211.1785,211.03,211.173,47.86997448495398,46.07627952913389,,,
1766422800,211.173,211.328,211.173,211.247,52.4622488276615,46.79327447848398,,,
1766423700,211.247,211.25,211.1435,211.248,52.52311487073892,47.114309972002204,,,
1766424600,211.248,211.2625,211.178,211.2475,52.48692872862677,47.69195568376022,,,
1766425500,211.2475,211.317,211.2375,211.286,55.05467296973736,48.63416722546536,,,
1766426400,211.286,211.299,211.2115,211.2585,52.85731697996408,49.38063434642243,,,
1766427300,211.2585,211.293,211.24,211.2625,53.15022128807776,49.74135153949506,,,
1766428200,211.2625,211.327,211.249,211.322,57.39107861465127,50.32571902735498,,,
1766429100,211.322,211.344,211.274,211.2815,53.81989866501582,50.575041507389805,,,
1766430000,211.2815,211.336,211.278,211.328,57.11913550422909,51.204251443000835,,,
1766430900,211.328,211.346,211.281,211.288,53.5734520206466,51.58937692144626,,,
1766431800,211.288,211.291,211.217,211.237,49.365803836239024,51.90908859990076,,,
1766432700,211.237,211.248,211.1455,211.167,44.23094451901731,51.85299436780649,,,
1766433600,211.167,211.2535,211.167,211.231,49.411980744633816,52.23691228958528,,,
1766434500,211.231,211.2635,211.203,211.22,48.57666923159483,52.287390485773905,,,
1766435400,211.22,211.297,211.216,211.281,53.292169091841934,52.34667050464394,,,
1766436300,211.281,211.299,211.259,211.275,52.77949793252738,52.36498358048597,,,
1766437200,211.275,211.3115,211.2595,211.2895,53.932866506423515,52.468264850328595,,,
1766438100,211.2895,211.3325,211.2865,211.3325,57.26630962863334,52.62623889739259,,,
1766439000,211.3325,211.386,211.3325,211.3795,60.620488864416956,53.18075117485351,,,
1766439900,211.3795,211.4235,211.369,211.4165,63.07743842084985,53.88983811290866,,,
1766440800,211.4165,211.4305,211.1785,211.3345,54.902002537779175,53.712046964560656,,,
1766441700,211.3345,211.401,211.1995,211.3325,54.71572954620884,53.776034884645874,,,
1766442600,211.3325,211.3685,211.293,211.3245,53.92756447346702,53.54806552530573,,,
1766443500,211.3245,211.3555,211.3045,211.3555,56.54003133477905,53.759964047743765,,,
1766444400,211.3555,211.387,211.2855,211.3085,51.74896549539998,53.93018988054097,,,
1766445300,211.3085,211.3085,211.1945,211.2075,43.26463891916125,53.861168051979824,,,
1766446200,211.2075,211.2205,211.168,211.176,41.00654132292319,53.260779521857636,,,
1766447100,211.176,211.295,211.153,211.288,50.83259372298186,53.42191698552814,,,
1766448000,211.288,211.309,211.131,211.218,45.708289693217004,52.88021131419778,,,
1766448900,211.218,211.2585,211.1955,211.208,45.01023327266846,52.325263838493576,,,
1766449800,211.208,211.2295,211.136,211.1545,41.37007452722285,51.427921554264955,,,
1766450700,211.1545,211.17,210.927,210.9385,30.607401019432146,49.52371379646487,,,
1766451600,210.9385,210.974,210.8675,210.9095,29.4978355249676,47.300667129361344,,,
1766452500,210.9095,210.9525,210.839,210.8875,28.649338253496737,44.841517117407555,,,
1766453400,210.8875,210.9595,210.8865,210.905,30.365216935211777,43.08888957436703,,,
1766454300,210.905,210.918,210.7925,210.809,26.58784629555771,41.079755056463384,,,
1766455200,210.809,210.879,210.7065,210.869,32.2597000979538,39.53205045821243,,,
1766456100,210.869,210.887,210.7365,210.762,28.09149461983297,37.50001212143057,,,
1766457000,210.762,210.763,210.6705,210.675,25.23630639280202,35.60625075695929,,,
1766457900,210.675,210.7855,210.6725,210.7505,31.721954216729074,34.78177327821413,,,
1766458800,210.7505,210.7695,210.6495,210.7535,31.974472899660256,34.13662553369535,,,
1766459700,210.7535,210.7725,210.657,210.698,29.780172633510134,32.63288117016166,,,
1766460600,210.698,210.728,210.633,210.6885,29.408144662588597,31.468585096545343,,,
1766461500,210.6885,210.765,210.628,210.629,27.122755151782556,30.190908087910632,,,
1766462400,210.629,210.629,210.3905,210.4075,20.67985341343237,28.71303515121132,,,
1766463300,210.4075,210.4985,210.378,210.464,25.53874760259248,28.35098847857991,,,
1766464200,210.464,210.501,210.394,210.4385,24.80035349779969,28.015454048067912,,,
1766465100,210.4385,210.465,210.344,210.35,22.38172103979042,27.567767104231745,,,
1766466000,210.35,210.4645,210.296,210.3385,22.080380328973263,26.975993060929,,,
1766466900,210.3385,210.367,210.3155,210.331,21.873541749863236,26.639257021950822,,,
1766467800,210.331,210.4395,210.3195,210.425,30.64288893915682,26.523770510608184,,,
1766468700,210.425,210.498,210.3925,210.3925,29.413590417399277,26.618205924720062,,,
1766469600,210.3925,210.4875,210.3695,210.4435,33.89518189182115,27.236697031792858,,,
1766470500,210.4435,210.475,210.3745,210.448,34.2916050829336,27.42024352223604,,,
1766471400,210.448,210.531,210.425,210.4305,33.45146576631187,27.525743012711157,,,
1766472300,210.4305,210.4745,210.336,210.404,32.16630579387994,27.696181095594714,,,
1766473200,210.404,210.522,210.4035,210.5145,42.147161907667815,28.606110898814656,,,
1766474100,210.5145,210.5325,210.376,210.451,38.62962288151459,29.428030022366947,,,
1766475000,210.451,210.529,210.393,210.4115,36.58424863856301,30.56405825273342,,,
1766475900,210.4115,210.694,210.377,210.673,53.963001176367236,32.59436207943162,,,
1766476800,210.673,210.816,210.599,210.781,58.96468232275598,35.03467128121421,,,
1766477700,210.781,210.7995,210.6615,210.682,53.253176321330784,37.23977522989566,,,
1766478600,210.682,210.7655,210.666,210.6815,53.22513522812248,39.464400579834894,,,
1766479500,210.6815,210.7055,210.592,210.646,51.1651381355982,41.55665746453025,,,
1766480400,210.646,210.646,210.309,210.51,44.12012500586259,42.51931718358066,,,
1766481300,210.51,210.5205,210.321,210.478,42.632663036425164,43.46353665636822,,,
1766482200,210.478,210.5845,210.4715,210.534,46.05989616134552,44.33244481847711,,,
1766483100,210.534,210.6635,210.451,210.5935,49.51123297423707,45.41956109642735,,,
1766484000,210.5935,210.6285,210.563,210.598,49.772986867272614,46.585384032210264,,,
1766484900,210.598,210.6625,210.573,210.605,50.20545129932696,47.87389442545648,,,
1766485800,210.605,210.654,210.542,210.556,47.14535776430693,48.23090841521641,,,
1766486700,210.556,210.685,210.444,210.683,54.830039127884596,49.38808100424285,,,
1766487600,210.683,210.717,210.6125,210.6265,51.259402336367714,50.43630626837175,,,
1766488500,210.6265,210.6445,210.5335,210.542,46.393359916496216,49.89561760695239,,,
1766489400,210.542,210.664,210.522,210.5795,48.71989958318695,49.16384741126889,,,
1766490300,210.5795,210.672,210.558,210.5705,48.179456829213905,48.801438876117686,,,
1766491200,210.5705,210.6525,210.545,210.635,52.266146831156696,48.732939704905846,,,
1766492100,210.635,210.6395,210.583,210.6295,51.890357835563265,48.78474111204621,,,
1766493000,210.6295,210.6365,210.516,210.5305,45.54287922768919,48.886366413605245,,,
1766493900,210.5305,210.661,210.5,210.6175,51.19308983593613,49.497825470713174,,,
1766494800,210.6175,210.7175,210.599,210.623,51.53543359276861,49.8889352872434,,,
1766495700,210.623,210.733,210.566,210.707,56.54833124549944,50.391585163762144,,,
1766496600,210.707,210.984,210.694,210.914,65.90685444972121,51.54400427679418,,,
1766497500,210.914,211.034,210.91,210.9215,66.19097919240227,52.685827697728136,,,
1766498400,210.9215,211.079,210.911,211.013,69.52750515878421,54.28455251161937,,,
1766499300,211.013,211.063,210.994,211.0525,70.86425084330735,55.42985334843528,,,
1766500200,211.0525,211.162,211.0015,211.0215,68.33083328026171,56.649241272999134,,,
1766501100,211.0215,211.0435,210.8105,210.846,56.10262403425199,57.34276013855312,,,
1766502000,210.846,210.865,210.758,210.8345,55.40296800860124,57.820122168939854,,,
1766502900,210.8345,210.8885,210.711,210.7155,48.64285076869138,57.85322173604539,,,
1766503800,210.7155,210.7315,210.5795,210.6405,44.92249833190216,57.328675414670066,,,
1766504700,210.6405,210.8355,210.609,210.8155,53.80133314486714,57.465173651048914,,,
1766505600,210.8155,210.8165,210.713,210.758,50.89799956643511,57.84768224667362,,,
1766506500,210.758,210.7925,210.719,210.7775,51.84702633348224,57.894391996498335,,,
1766507400,210.7775,210.8105,210.7395,210.7825,52.102655725088646,57.93490786309263,,,
1766508300,210.7825,210.7915,210.7275,210.7615,50.88092184000504,57.53009290555731,,,
1766509200,210.7615,210.7665,210.6325,210.644,44.58183043996683,56.006876904860576,,,
1766510100,210.644,210.644,210.5615,210.59,42.00791295060496,54.27951503044648,,,
1766511000,210.59,210.598,210.542,210.5495,40.136283676325505,52.180142067413726,,,
1766511900,210.5495,210.566,210.5165,210.528,39.13934062870712,49.91407705208513,,,
1766512800,210.528,210.5815,210.527,210.561,41.539583879565974,48.00041638060686,,,
1766513700,210.561,210.6555,210.555,210.6345,46.591828775926835,47.32107386215506,,,
1766514600,210.6345,210.696,210.627,210.684,49.74197322091767,46.91671709160624,,,
1766515500,210.684,210.7225,210.6805,210.694,50.378724996110705,47.04070810785048,,,
1766516400,210.694,210.7835,210.6745,210.745,53.607010591971175,47.66103041214111,,,
1766517300,210.745,210.7855,210.745,210.7525,54.080140444395134,47.680945219250255,,,
1766518200,210.7525,210.7535,210.727,210.7465,53.609118297126344,47.87459655715677,,,
1766519100,210.7465,210.7885,210.737,210.7655,54.9472888892116,48.09604388256601,,,
1766520000,210.7655,210.864,210.738,210.864,61.196399257991146,48.74559699205905,,,
1766520900,210.864,210.8675,210.83,210.8395,59.00412844618386,49.32582603535753,,,
1766521800,210.8395,210.894,210.8355,210.873,61.05834463388583,50.50271990635174,,,
1766522700,210.873,210.95,210.8705,210.937,64.69773350633412,52.12342137461808,,,
1766523600,210.937,210.9855,210.937,210.978,66.8360355959844,54.030546511736574,,,
1766524500,210.978,211.043,210.971,211.043,69.94423219904749,56.230895909618035,,,
1766525400,211.043,211.151,211.0135,211.142,73.9489649994538,58.54585170389573,,,
1766526300,211.142,211.2245,211.1225,211.14,73.73521792927944,60.484665214849485,,,
1766527200,211.14,211.2065,210.8835,210.886,52.844399925404,60.7062671223128,,,
1766528100,210.886,211.1005,210.869,210.997,58.39229438877003,61.27866493607417,,,
1766529000,210.997,211.102,210.997,211.0585,61.12152924725454,61.81541626859441,,,
1766529900,211.0585,211.073,211.028,211.034,59.44857433081609,62.1988758319102,,,
1766530800,211.034,211.066,210.881,210.914,51.948540514024494,62.080263133117214,,,
1766531700,210.914,210.932,210.8905,210.908,51.59802315700396,61.84102986653096,,,
1766532600,210.908,211.11,210.876,211.095,60.53554853474247,61.793826243441764,,,
1766533500,211.095,211.095,210.942,210.964,53.133723539402936,61.37451160724312,,,
1766534400,210.964,210.964,210.7495,210.9355,51.653967029269445,60.702770349770525,,,
1766535300,210.9355,211.038,210.889,211.006,54.99305944929295,60.00957934569616,,,
1766536200,211.006,211.0085,210.8405,210.8545,47.41449535926476,58.62232647164475,,,
1766537100,210.8545,210.9665,210.7345,210.7475,42.91612343431109,56.69174727416358,,,
1766538000,210.7475,210.932,210.7145,210.9135,50.72641710622102,55.032993853218386,,,
1766538900,210.9135,210.9245,210.6355,210.651,41.140576884651516,52.70480520717353,,,
1766539800,210.651,210.6645,210.5145,210.541,37.907821216307255,51.63790672795233,,,
1766540700,210.541,210.6345,210.4815,210.5155,37.178487318651364,50.12263479437242,,,
1766541600,210.5155,210.5705,210.44,210.556,39.17993383736807,48.55537797938054,,,
1766542500,210.556,210.6075,210.5295,210.546,38.85080549106481,47.08410877654116,,,
1766543400,210.546,210.595,210.501,210.5685,40.07066068801001,46.23568878896871,,,
1766544300,210.5685,210.604,210.5365,210.6025,41.95501819352271,45.546902720148616,,,
1766545200,210.6025,210.6445,210.5905,210.6085,42.29981089579504,44.24435003165237,,,
1766546100,210.6085,210.6745,210.5825,210.6695,45.823271576583416,43.72217489145097,,,
1766547000,210.6695,210.73,210.642,210.72,48.62050220186821,43.50549883235088,,,
1766547900,210.72,210.7775,210.718,210.754,50.47453035122728,43.18274675391762,,,
1766548800,210.754,210.7965,210.691,210.7915,52.510004680206755,43.54671170541348,,,
1766549700,210.7915,210.797,210.66,210.693,47.04105727021765,43.84134983654966,,,
1766550600,210.693,210.713,210.535,210.548,40.3747149063063,43.10194253655575,,,
1766551500,210.548,210.564,210.504,210.523,39.339580012267206,42.973299902814006,,,
1766552400,210.523,210.5315,210.4155,210.474,37.31996115178308,42.93130989820514,,,
1766553300,210.474,210.5165,210.4405,210.4835,37.98469953959946,42.98889648541573,,,
1766554200,210.4835,210.553,210.4815,210.5515,42.67135642481933,43.23828381309081,,,
1766555100,210.5515,210.617,210.543,210.5555,42.9445041283516,43.530690858611294,,,
1766556000,210.5555,210.5555,210.421,210.4315,37.051016315904114,43.31500197488945,,,
1766556900,210.4315,210.476,210.406,210.457,38.90776858856249,43.09734128882086,,,
1766557800,210.457,210.548,210.4205,210.548,45.12794062401223,43.29935055512208,,,
1766558700,210.548,210.58,210.4535,210.4935,42.34707730647187,43.05105096439983,,,
1766559600,210.4935,210.577,210.455,210.5065,43.245469962783076,42.667120090179466,,,
1766560500,210.5065,210.59,210.429,210.4725,41.427230764265346,42.02088440539647,,,
1766561400,210.4725,210.547,210.4415,210.4905,42.79841783005008,41.32719963038528,,,
1766562300,210.4905,210.5285,210.4305,210.462,41.15560902566767,40.906810470060286,,,
1766563200,210.462,210.6145,210.405,210.567,48.932919861336956,41.518110823991044,,,
1766564100,210.567,210.583,210.4485,210.51,45.42320076972118,41.95265516380919,,,
1766565000,210.51,210.588,210.452,210.502,44.936047178505746,42.49666130857509,,,
1766565900,210.502,210.5485,210.482,210.5365,47.548565451782224,43.17979458801672,,,
1766566800,210.5365,210.596,210.4475,210.5885,51.29913769530418,43.79606467876564,,,
1766567700,210.5885,210.6865,210.5485,210.6765,56.91401422023491,44.793886828185876,,,
1766568600,210.6765,210.7055,210.606,210.651,54.93743542081756,46.07148819282255,,,
1766569500,210.651,210.6605,210.5935,210.6425,54.260969545897474,47.16814540406076,,,
1766570400,210.6425,210.68,210.588,210.639,53.966300875519515,47.799456850597,,,
1766571300,210.639,210.7545,210.639,210.667,56.0237960366354,48.776365331322964,,,
1766572200,210.667,210.7245,210.6505,210.669,56.174472959669316,49.69986554538627,,,
1766573100,210.669,210.727,210.6405,210.701,58.61761750009348,50.92775031223113,,,
1766574000,210.701,210.7045,210.6215,210.66,54.43078870110118,51.75863394587764,,,
1766574900,210.66,210.672,210.594,210.61,49.76277166237519,52.37343127707103,,,
1766575800,210.61,210.6695,210.605,210.6235,50.98503545201871,52.52001096211973,,,
1766576700,210.6235,210.6705,210.619,210.649,53.296462277678955,53.082386784116714,,,
1766577600,210.649,210.649,210.5645,210.6075,49.22777541489731,53.38893880100182,,,
1766578500,210.6075,210.6335,210.5395,210.563,45.239625432545395,53.22401451391348,,,
1766579400,210.563,210.6455,210.5595,210.6025,49.17562537474068,53.07233506244466,,,
1766580300,210.6025,210.6385,210.547,210.6375,52.437793216202074,52.752604990728024,,,
1766581200,210.6375,210.692,210.5725,210.656,54.11428015861595,52.69380818628506,,,
1766582100,210.656,210.6875,210.5785,210.615,49.91507834565961,52.38338738626807,,,
1766583000,210.615,210.688,210.6,210.635,51.87681213618174,52.23413819060109,,,
1766583900,210.635,210.6845,210.6055,210.615,49.777157569723066,51.787949728678775,,,
1766584800,210.615,210.6755,210.611,210.643,52.66560281934464,51.53731614722701,,,
1766585700,210.643,210.7055,210.514,210.541,42.97036042322107,50.419654927450416,,,
1766586600,210.541,210.5595,210.331,210.336,30.72721145483105,48.72654226700255,,,
1766587500,210.336,210.3665,210.057,210.135,23.620859492721266,46.859262826312985,,,
1766588400,210.135,210.244,210.0545,210.1965,29.029234481253354,45.29099132840117,,,
1766589300,210.1965,210.367,210.1925,210.3525,40.53216113650961,44.37925553260335,,,
1766590200,210.3525,210.473,210.321,210.3985,43.44309547508379,43.96606410833096,,,
1766591100,210.3985,210.494,210.314,210.384,42.73301327696715,43.78702038293252,,,
1766592000,210.384,210.3845,210.2975,210.3615,41.5968327910812,43.24567805552827,,,
1766592900,210.3615,210.4145,210.326,210.3885,43.53688998434866,42.609899253253026,,,
1766593800,210.3885,210.4825,210.3475,210.3665,42.30378249848511,41.766292277529395,,,
1766594700,210.3665,210.3725,210.2885,210.3295,40.23954203070708,41.07518254074707,,,
1766595600,210.3295,210.437,210.325,210.423,47.24503920183996,40.74434161686552,,,
1766596500,210.423,210.4605,210.4055,210.456,49.495354558839296,40.724212830373816,,,
1766597400,210.456,210.5465,210.4535,210.516,53.38845469441704,40.775845107164706,,,
1766598300,210.516,210.565,210.421,210.4385,48.2182167754007,41.150691989463255,,,
1766599200,210.4385,210.491,210.423,210.447,48.80381890994689,42.44187823625724,,,
1766600100,210.447,210.4705,210.408,210.466,50.16062442412881,44.33757573135779,,,
1766601000,210.466,210.5615,210.4445,210.496,52.309750838205126,46.000469756854336,,,
1766601900,210.496,210.499,210.4805,210.49,51.82838888884364,46.80734316773534,,,
1766602800,210.49,210.499,210.452,210.488,51.65774608135109,47.394103925325865,,,
1766603700,210.488,210.493,210.462,210.4655,49.676192649619644,47.89004530908675,,,
1766604600,210.4655,210.469,210.299,210.3605,41.64740851604208,47.89365786086967,,,
1766605500,210.3605,210.3765,210.3495,210.3765,43.15508603535253,47.86638615022709,,,
1766606400,210.3765,210.398,210.3565,210.3565,41.704556699137704,47.823584307416574,,,
1766607300,210.3565,210.4375,210.3565,210.428,48.383990977008416,48.405330660723806,,,
1766608200,210.428,210.456,210.4205,210.453,50.51882316443259,48.63917237233757,,,
1766609100,210.453,210.4665,210.432,210.457,50.86896171428668,48.73728716915524,,,
1766610000,210.457,210.4705,210.425,210.4555,50.72400797540574,48.546969546368715,,,
1766610900,210.4555,210.4675,210.446,210.4605,51.22295616737719,48.76159378865275,,,
1766611800,210.4605,210.47,210.374,210.432,48.22547716536113,48.72028366403948,,,
1766612700,210.432,210.432,210.432,210.432,48.22547716536113,48.58205885984179,,,
1766700000,210.432,210.9415,210.432,210.8145,72.90499564855145,50.05314777486653,,,
1766700900,210.8145,210.836,210.7975,210.8115,72.61264280710756,51.537737340456815,,,
1766701800,210.8115,210.842,210.791,210.794,70.8283800237177,52.907068336340146,,,
1766702700,210.794,210.8185,210.698,210.749,66.31582122414599,54.0956132345206,,,
1766703600,210.749,210.749,210.43,210.456,45.83808903631302,54.394947557397096,,,
1766704500,210.456,210.5105,210.367,210.3755,42.000713371976396,54.31249236715594,,,
1766705400,210.3755,210.6715,210.372,210.6355,55.080598393410305,55.267923916746845,,,
1766706300,210.6355,210.9055,210.6255,210.8725,63.222458714757146,56.32781446944318,,,
1766707200,210.8725,211.099,210.8705,211.0185,67.1701872767948,57.5171976203262,,,
1766708100,211.0185,211.137,210.9995,211.1095,69.37662116428629,58.83917329532618,,,
1766709000,211.1095,211.1745,211.1085,211.151,70.3551271646583,60.24139609455849,,,
1766709900,211.151,211.421,211.151,211.3125,73.8561080492132,61.858049800403926,,,
1766710800,211.3125,211.3625,211.2125,211.3105,73.73996713511724,63.68051336967222,,,
1766711700,211.3105,211.3125,211.1525,211.1905,66.93838445120143,65.01714960437509,,,
1766712600,211.1905,211.2545,211.148,211.2415,68.27758878543247,64.68662054272374,,,
1766713500,211.2415,211.2835,211.1765,211.1835,65.05046459895718,64.1464649564273,,,
1766714400,211.1835,211.208,211.0835,211.107,60.95798758569389,63.441436925139875,,,
1766715300,211.107,211.2015,211.0965,211.1615,62.755681027079184,63.18714119677795,,,
1766716200,211.1615,211.25,211.0975,211.249,65.50213245789209,64.59171572689075,,,
1766717100,211.249,211.2525,211.1505,211.1695,61.094004076455924,65.95552220578215,,,
1766718000,211.1695,211.178,211.072,211.1215,58.532728226045364,66.20210290811322,,,
1766718900,211.1215,211.1505,211.0305,211.0535,55.01401810748668,65.61578572187962,,,
1766719800,211.0535,211.0585,210.997,211.0115,52.898797900055804,64.59640076639826,,,
1766720700,211.0115,211.0205,210.7545,210.766,42.59059769198962,62.683113375519916,,,
1766721600,210.766,210.818,210.6935,210.7645,42.53605724164533,60.69603695244757,,,
1766722500,210.7645,210.8845,210.7635,210.8805,48.07391709446125,58.854451884251,,,
1766723400,210.8805,210.922,210.7535,210.8165,45.47027780956885,56.83518836099755,,,
1766724300,210.8165,210.8585,210.808,210.827,45.98712552902581,55.33866986655643,,,
1766725200,210.827,210.8295,210.7005,210.705,41.11132421544769,53.3982223972718,,,
1766726100,210.705,210.8465,210.6975,210.756,43.79411352020715,51.87991160593251,,,
1766727000,210.756,210.8305,210.7535,210.8075,46.44724243485837,50.84342980944426,,,
1766727900,210.8075,210.8275,210.7625,210.7905,45.68070091140116,49.623788372610115,,,
1766728800,210.7905,210.8095,210.63,210.7885,45.58538462105501,48.20116352712175,,,
1766729700,210.7885,210.86,210.7885,210.859,49.57919935554937,47.37867747562843,,,
1766730600,210.859,210.9085,210.7605,210.8065,46.82314486090665,46.54227866383281,,,
1766731500,210.8065,210.8935,210.7925,210.814,47.274064580300205,45.98942484046235,,,
1766732400,210.814,210.8515,210.704,210.7305,42.91133312842969,45.27603449963192,,,
1766733300,210.7305,210.7825,210.6585,210.6615,39.65463993759161,45.06632323146062,,,
1766734200,210.6615,210.889,210.6515,210.8185,49.11724476980406,45.53640805490054,,,
1766735100,210.8185,210.9125,210.7885,210.84,50.267335335987006,45.693080786438095,,,
1766736000,210.84,210.8725,210.762,210.8495,50.796543894710425,46.0735283639482,,,
1766736900,210.8495,210.9265,210.805,210.9155,54.42496089917674,46.67623089038756,,,
1766737800,210.9155,210.9255,210.8405,210.9155,54.42496089917674,47.62720493922535,,,
1766738700,210.9155,211.02,210.868,210.974,57.636372847076906,48.61593774828747,,,
1766739600,210.974,211.0745,210.963,210.9995,58.99280486172219,49.51204935020632,,,
1766740500,210.9995,211.03,210.9655,210.9735,56.98918560917692,50.3197982571903,,,
1766741400,210.9735,210.9775,210.9335,210.9605,55.96567445443656,51.061247531003275,,,
1766742300,210.9605,211.0165,210.953,210.9955,58.14516571328367,51.67310227084143,,,
1766743200,210.9955,211.01,210.9305,210.9885,57.53184621371118,52.43800951032747,,,
1766744100,210.9885,211.0285,210.9625,211.0135,59.18758603975157,53.28897532885971,,,
1766745000,211.0135,211.0535,211.002,211.024,59.89482008127347,54.50208153977712,,,
1766745900,211.024,211.0285,210.9505,210.9605,53.820625200202656,55.51393762996363,,,
1766746800,210.9605,211.0145,210.95,210.9905,56.08646930368461,56.01173938238367,,,
1766747700,210.9905,211.0405,210.99,211.0005,56.846552106383626,56.481683437412,,,
1766748600,211.0005,211.023,210.9725,211.0225,58.54648311540107,57.03525052460419,,,
1766749500,211.0225,211.0575,210.986,211.0575,61.16733816859834,57.51684890099144,,,
1766750400,211.0575,211.1275,211.0475,211.102,64.26118244679185,58.21943615439252,,,
1766751300,211.102,211.1065,211.059,211.0685,60.36233029443958,58.414147400632714,,,
1766752200,211.0685,211.097,211.048,211.06,59.37792961063388,58.441656311269256,,,
1766753100,211.06,211.122,211.06,211.112,63.31901627278732,58.893787072955725,,,
1766754000,211.112,211.1585,211.0365,211.1505,65.95278475394767,59.607152094349374,,,
1766754900,211.1505,211.222,211.099,211.2165,69.93776178949915,60.44948038550762,,,
1766755800,211.2165,211.3855,211.1865,211.3475,75.95371289951487,61.76532800592218,,,
1766756700,211.3475,211.367,211.296,211.3045,70.93572249855725,62.60448061012257,,,
1766757600,211.3045,211.337,211.284,211.2985,70.23841712558976,63.34330897043088,,,
1766758500,211.2985,211.391,211.2925,211.309,70.7797503334462,64.55467505137685,,,
1766759400,211.309,211.3385,211.232,211.3385,72.30395670822564,65.71306700884406,,,
1766760300,211.3385,211.509,211.32,211.4585,77.45556776986024,67.18513955623526,,,
1766761200,211.4585,211.47,211.328,211.4345,74.47201897702575,68.3226778320656,,,
1766762100,211.4345,211.495,211.396,211.453,75.26301171507636,69.32951165681403,,,
1766763000,211.453,211.477,211.351,211.3775,66.24210742200309,69.47100629790053,,,
1766763900,211.3775,211.4175,211.265,211.286,57.281424360807705,69.2509415883554,,,
1766764800,211.286,211.286,211.172,211.2575,54.79510348303428,68.92359686495543,,,
1766765700,211.2575,211.2715,211.16,211.238,53.09691045151894,68.19344644915056,,,
1766766600,211.238,211.266,211.222,211.2375,53.05150969114696,67.27192680180765,,,
1766767500,211.2375,211.277,211.218,211.265,55.31462486255513,66.22741702131165,,,
1766768400,211.265,211.3145,211.2015,211.207,49.85600917238554,64.36329532651669,,,
1766769300,211.207,211.336,211.171,211.336,59.44250827857308,63.54235145366068,,,
1766770200,211.336,211.3465,211.2445,211.263,53.23962048734077,62.32815169378575,,,
1766771100,211.263,211.334,211.2545,211.2925,55.27090496048336,61.2203770242884,,,
1766772000,211.2925,211.31,211.234,211.3085,56.37774157635939,60.0827902291551,,,
1766772900,211.3085,211.331,211.257,211.278,53.65224377817716,58.38255280117773,,,
1766773800,211.278,211.2785,211.1725,211.207,47.852771823529,56.4811780044994,,,
1766774700,211.207,211.301,211.2045,211.2695,52.69974278437205,54.86951593802051,,,
1766775600,211.2695,211.3085,211.24,211.248,50.94550607258119,53.77690155591895,,,
1766776500,211.248,211.306,211.2325,211.295,54.510318456258766,53.578965419879744,,,
1766777400,211.295,211.308,211.261,211.2755,52.796042687982045,53.43617536309029,,,
1766778300,211.2755,211.296,211.252,211.2885,53.83830524533428,53.48913213407711,,,
1766779200,211.2885,211.312,211.245,211.294,54.29807169087308,53.57817227691469,,,
1766780100,211.294,211.3255,211.278,211.324,56.82411078178542,53.68599269971685,,,
1766781000,211.324,211.3775,211.309,211.311,55.39526624908255,54.08165391948092,,,
1766781900,211.311,211.352,211.2735,211.3205,56.26080799944452,53.85438961382888,,,
1766782800,211.3205,211.412,211.3205,211.396,62.4903745194095,54.51515775897665,,,
1766783700,211.396,211.4065,211.3595,211.4065,63.27378658505313,55.08679216073163,,,
1766784600,211.4065,211.4275,211.266,211.329,54.26503338312427,54.93588443264341,,,
1766785500,211.329,211.384,211.302,211.335,54.80156887475556,55.01797908239901,,,
1766959200,211.335,211.3765,211.2625,211.3175,52.853971427983645,55.37520762557434,,,
1766960100,211.3175,211.38,211.2405,211.38,58.52336229715735,55.79118044791615,,,
1766961000,211.38,211.391,211.281,211.2995,50.15721931364525,55.734874250849295,,,
1766961900,211.2995,211.3325,211.1755,211.2795,48.30945346381779,55.29195532281779,,,
1766962800,211.2795,211.2795,211.088,211.1685,39.59185269353731,54.348798894643174,,,
1766963700,211.1685,211.205,211.1125,211.1155,36.23005610045404,53.09106681286602,,,
1766964600,211.1155,211.2725,211.1085,211.23,46.74971877604765,52.55189874752134,,,
1766965500,211.23,211.251,211.17,211.214,45.61728098498248,51.75141090489256,,,
1766966400,211.214,211.215,210.7185,210.822,27.83025587144762,49.782481592204356,,,
1766967300,210.822,210.96,210.8015,210.873,31.568753961013343,48.01876344660213,,,
1766968200,210.873,210.896,210.787,210.8135,29.639687914778023,45.6722858319856,,,
1766969100,210.8135,211.142,210.785,211.1,46.57006545390487,44.47916289404644,,,
1766970000,211.1,211.2075,211.0875,211.094,46.31869944495794,43.91156761274884,,,
1766970900,211.094,211.1455,211.0325,211.0535,44.569939481162024,43.18073694177787,,,
1766971800,211.0535,211.14,211.0035,211.1185,47.96547631271096,42.831558719258396,,,
1766972700,211.1185,211.171,211.093,211.1655,50.3345920865862,42.24664656136046,,,
1766973600,211.1655,211.3125,211.1545,211.2875,55.94204564755518,42.65984844235402,,,
1766974500,211.2875,211.351,211.228,211.2795,55.49954294740174,43.173426262610015,,,
1766975400,211.2795,211.3215,211.2165,211.228,52.614294231657965,44.103600658190054,,,
1766976300,211.228,211.3255,211.217,211.2995,56.031849477015,45.51801447080156,,,
1766977200,211.2995,211.2995,211.2085,211.2185,51.50034906890589,45.85734520600572,,,
1766978100,211.2185,211.2485,211.1685,211.199,50.44270459226021,46.20201832081126,,,
1766979000,211.199,211.265,211.177,211.265,53.893991519213806,48.063713724223135,,,
1766979900,211.265,211.2665,211.185,211.2225,51.41108746360745,49.48102326012271,,,
1766980800,211.2225,211.264,211.162,211.167,48.28283979080163,50.81267696555297,,,
1766981700,211.167,211.1915,211.0405,211.041,42.03014195109066,50.48839671535195,,,
1766982600,211.041,211.0735,211,211.032,41.615582082752404,50.1524597609087,,,
1766983500,211.032,211.0375,210.967,211.0175,40.91538036793664,49.891419824249745,,,
1766984400,211.0175,211.0225,210.84,210.8705,34.56576540809125,48.93429761677691,,,
1766985300,210.8705,210.901,210.821,210.8895,35.949348664243644,47.906780229466726,,,
1766986200,210.8895,210.932,210.8505,210.858,34.6415548356599,46.38531660004564,,,
1766987100,210.858,210.902,210.8295,210.884,36.68882934432534,45.04169419982589,,,
1766988000,210.884,210.902,210.8115,210.846,34.964967611198816,43.78102801265023,,,
1766988900,210.846,210.85,210.759,210.812,33.45052935040357,42.16807657503513,,,
1766989800,210.812,210.8915,210.805,210.8715,38.47288781345774,41.23754362821741,,,
1766990700,210.8715,210.889,210.7465,210.804,35.22510562471935,40.15057227339306,,,
1766991600,210.804,210.807,210.6235,210.7375,32.329535235432644,38.610253967408696,,,
1766992500,210.7375,210.8145,210.622,210.64,28.615463699431785,36.98199512711044,,,
1766993400,210.64,210.651,210.5395,210.582,26.653827585301627,35.43706568386043,,,
1766994300,210.582,210.619,210.4715,210.4845,23.71121688998113,34.12857103663832,,,
1766995200,210.4845,210.682,210.441,210.666,37.53603615472545,33.83717489892211,,,
1766996100,210.666,210.7855,210.666,210.7265,41.35126714305474,33.868309668573396,,,
1766997000,210.7265,210.826,210.72,210.74,42.19963644235538,34.41358617102083,,,
1766997900,210.74,210.876,210.6565,210.7525,43.021497251438035,34.91873964153472,,,
1766998800,210.7525,210.794,210.682,210.7685,44.11682335952407,35.59554453609645,,,
1766999700,210.7685,210.87,210.7195,210.817,47.416621205386164,36.36181538331508,,,
1767000600,210.817,210.926,210.711,210.7645,44.36290630969653,37.03309671892206,,,
1767001500,210.7645,210.8965,210.7415,210.89,52.27533607684162,38.37772577081049,,,
1767002400,210.89,210.9755,210.861,210.974,56.712710434154815,39.68057024371742,,,
1767003300,210.974,211.087,210.95,211.014,58.682771816140985,41.356117828818974,,,
1767004200,211.014,211.0585,210.9335,211.016,58.783776670513895,43.24570650275335,,,
1767005100,211.016,211.106,210.9935,211.0145,58.66793686202595,45.392311728652935,,,
1767006000,211.0145,211.041,210.913,210.925,52.07409487228222,47.2080451062944,,,
1767006900,210.925,210.981,210.9135,210.9545,53.91275774119701,49.36529802423839,,,
1767007800,210.9545,211.1835,210.946,211.162,64.29037853183593,51.27632247974629,,,
1767008700,211.162,211.177,210.968,210.978,52.91253301083616,52.102127184587815,,,
1767009600,210.978,210.992,210.7725,210.774,43.682231387020586,52.20802682349248,,,
1767010500,210.774,210.7745,210.6215,210.6315,38.6148759814256,51.89326816134873,,,
1767011400,210.6315,210.771,210.6135,210.7325,43.60813611716153,51.85693335832283,,,
1767012300,210.7325,210.8465,210.7085,210.781,45.8845306420606,51.747498318085285,,,
1767013200,210.781,210.7825,210.72,210.7545,44.81991957932072,51.78014212305845,,,
1767014100,210.7545,210.855,210.752,210.7945,46.825441328084025,51.390863926718616,,,
1767015000,210.7945,210.8395,210.694,210.7975,46.98108155589912,50.695747578271785,,,
1767015900,210.7975,210.852,210.7305,210.8185,48.12567987785911,49.94166958268022,,,
1767016800,210.8185,210.825,210.5825,210.8215,48.29740003100128,49.19264267985789,,,
1767017700,210.8215,210.8365,210.667,210.74,44.03290847079056,48.147283509055356,,,
1767018600,210.74,210.809,210.648,210.717,42.88217376886761,47.49071771595431,,,
1767019500,210.717,210.8655,210.6915,210.813,48.88646607093239,47.13169688236398,,,
1767020400,210.813,210.8875,210.679,210.72,44.05497166773669,45.686310677785464,,,
1767021300,210.72,210.7605,210.66,210.7365,45.09182077600213,45.12768837529732,,,
1767022200,210.7365,210.83,210.7035,210.7385,45.22433803061795,45.23783884983999,,,
1767023100,210.7385,210.859,210.4825,210.5235,35.34804558330785,45.00449382140301,,,
1767024000,210.5235,210.6065,210.481,210.539,36.42594822345272,44.49148040042381,,,
1767024900,210.539,210.5905,210.464,210.5315,36.11221088776492,43.79345756083126,,,
1767025800,210.5315,210.564,210.4615,210.5635,38.54436153399757,43.34520341473675,,,
1767026700,210.5635,210.684,210.5545,210.647,44.4834063662209,43.17791520317509,,,
1767027600,210.647,210.663,210.557,210.5685,40.518972668961425,42.716335996965256,,,
1767028500,210.5685,210.6745,210.5615,210.581,41.4143364354751,42.23695432250925,,,
1767029400,210.581,210.622,210.565,210.5755,41.1210294590086,41.72435642450977,,,
1767030300,210.5755,210.6495,210.558,210.627,45.04569480011457,41.796698305175774,,,
1767031200,210.627,210.679,210.62,210.6755,48.52549113625104,42.19979240284602,,,
1767032100,210.6755,210.7465,210.6575,210.7345,52.468506943347506,42.45565246516139,,,
1767033000,210.7345,210.794,210.727,210.762,54.22844483062294,43.18232911965327,,,
1767033900,210.762,210.787,210.7025,210.757,53.838118586380205,43.80706467753742,,,
1767034800,210.757,210.8065,210.751,210.7935,56.310337023602294,44.59892174846487,,,
1767035700,210.7935,210.84,210.7665,210.8325,58.84644160680473,46.277378607286074,,,
1767036600,210.8325,210.8485,210.785,210.7885,54.969552167788265,47.601921746167186,,,
1767037500,210.7885,210.792,210.724,210.756,52.23228251885419,48.75335543410214,,,
1767038400,210.756,210.7785,210.7145,210.717,49.07426102780749,49.50549111223141,,,
1767039300,210.717,210.7485,210.712,210.7345,50.519915920776434,49.93667036612823,,,
1767040200,210.7345,210.775,210.732,210.752,51.98770758395007,50.75586571719885,,,
1767041100,210.752,210.7725,210.723,210.7725,53.71964104224379,51.63481604625376,,,
1767042000,210.7725,210.826,210.7575,210.807,56.55966401298586,52.73757565725214,,,
1767042900,210.807,210.899,210.7995,210.8315,58.506960396153104,53.699094628397745,,,
1767043800,210.8315,210.856,210.798,210.819,57.10056353645951,54.311599799841204,,,
1767044700,210.819,210.8885,210.796,210.886,62.32778585435196,55.015834007770096,,,
1767045600,210.886,210.886,210.7355,210.7855,52.07731310190428,54.86218174143305,,,
1767046500,210.7855,210.8675,210.717,210.7375,48.015641634965306,54.4462905306177,,,
1767047400,210.7375,210.844,210.7375,210.803,53.36114766810309,54.23563414808204,,,
1767048300,210.803,210.8035,210.686,210.719,46.725373637857494,53.36984357887152,,,
1767049200,210.719,210.769,210.6635,210.712,46.20966702157543,52.74413749699918,,,
1767050100,210.712,210.8975,210.712,210.895,58.96164597173802,53.22480631506231,,,
1767051000,210.895,210.8955,210.7905,210.832,54.19808791493476,53.590793949857115,,,
1767051900,210.832,210.842,210.735,210.7355,47.82450299583755,53.39826445521862,,,
1767052800,210.7355,210.8945,210.646,210.8465,54.458662933520074,53.57476126590219,,,
1767053700,210.8465,210.8785,210.7445,210.8235,52.9561262219951,53.520224493027285,,,
1767054600,210.8235,210.898,210.789,210.8705,55.64900141453795,53.45517716456673,,,
1767055500,210.8705,211.071,210.8455,210.994,61.831598005644075,53.69265127953037,,,
1767056400,210.994,211.0305,210.936,210.9715,60.18548548059467,53.913002846968595,,,
1767057300,210.9715,211.031,210.9615,210.9785,60.537478527833194,53.78512375221725,,,
1767058200,210.9785,211.062,210.9535,211.031,63.167559409890494,54.5772842027877,,,
1767059100,211.031,211.063,210.9945,211.0385,63.5413867513944,55.68626599681835,,,
1767060000,211.0385,211.0825,210.967,211.0735,65.31078852205168,56.53981177210034,,,
1767060900,211.0735,211.0875,211.02,211.066,64.5874322799875,57.81567310368106,,,
1767061800,211.066,211.067,211.013,211.0295,61.04398120564269,58.87526697397158,,,
1767062700,211.0295,211.097,211.0245,211.0565,62.675269375322,59.14052578851329,,,
1767063600,211.0565,211.0785,211.0265,211.073,63.676308298324706,59.81754153018399,,,
1767064500,211.073,211.0935,211.061,211.075,63.803031814040736,60.958865017198505,,,
1767065400,211.075,211.0755,211.026,211.0595,61.997812447379495,61.497375696759896,,,
1767066300,211.0595,211.0595,211.009,211.0445,60.22203578246094,62.016369236793174,,,
1767067200,211.0445,211.089,211.031,211.0675,62.01844778631088,62.47132969191981,,,
1767068100,211.0675,211.0695,211.0125,211.0185,56.195804119220654,62.068772985746705,,,
1767069000,211.0185,211.021,210.918,210.932,47.68474684933004,61.17586308351351,,,
1767069900,210.932,210.933,210.833,210.874,42.9838423637382,59.922031928935304,,,
1767070800,210.874,210.9425,210.799,210.9345,48.66842518779004,58.88637948449956,,,
1767071700,210.9345,210.993,210.903,210.9125,46.839625837584826,57.69339656208458,,,
1767072600,210.9125,210.9615,210.8765,210.911,46.710744860638066,56.364822014840755,,,
1767073500,210.911,210.9375,210.8495,210.8905,44.89272486984962,54.95805719983091,,,
1767074400,210.8905,210.95,210.8625,210.9065,46.63839254607249,53.92908658129018,,,
1767075300,210.9065,210.9365,210.8345,210.843,41.07692977074909,52.3863480381064,,,
1767076200,210.843,210.9615,210.841,210.892,46.389474098954565,51.15157416672282,,,
1767077100,210.892,210.9605,210.8265,210.8975,46.96745167339051,49.949032728104946,,,
1767078000,210.8975,210.8975,210.7315,210.747,35.64346537267133,48.06657936562579,,,
1767078900,210.747,210.799,210.736,210.743,35.39917650750208,46.293517988843014,,,
1767079800,210.743,210.743,210.61,210.63,29.291587600299252,43.95588511841362,,,
1767080700,210.63,210.714,210.5725,210.6675,33.39834605972946,42.32749525702139,,,
1767081600,210.6675,210.749,210.546,210.6725,33.94919134065982,41.34638414925923,,,
1767082500,210.6725,210.688,210.595,210.6095,30.523599652916644,40.456366812771975,,,
1767083400,210.6095,210.7775,210.5965,210.7315,42.60194178120191,40.02304656944425,,,
1767084300,210.7315,210.7425,210.6385,210.717,41.674611517894746,39.65411697518067,,,
1767085200,210.717,210.7825,210.6365,210.6365,36.875552057226614,38.95160320350842,,,
1767086100,210.6365,210.774,210.6305,210.7595,46.931349744391675,39.09721926597571,,,
1767087000,210.7595,210.7925,210.715,210.7315,45.167417897555396,38.99214964822449,,,
1767087900,210.7315,210.7675,210.6885,210.7245,44.71494130876766,39.25200761522582,,,
1767088800,210.7245,210.7425,210.665,210.7065,43.50796493722768,39.04618553224533,,,
1767089700,210.7065,210.736,210.6825,210.732,45.74235702758709,38.958678771830805,,,
1767090600,210.732,210.762,210.673,210.7065,43.873569948753044,39.54654338440806,,,
1767091500,210.7065,210.738,210.646,210.7335,46.37185684706865,40.330306265805675,,,
1767092400,210.7335,210.7625,210.651,210.7495,47.853159474680226,41.656132828261455,,,
1767093300,210.7495,210.7525,210.6405,210.642,39.8823116018309,42.11927322412585,,,
1767094200,210.642,210.647,210.5145,210.553,34.7252170066312,42.174703628838095,,,
1767095100,210.553,210.6395,210.508,210.5265,33.3427134231262,42.37606889813878,,,
1767096000,210.5265,210.588,210.48,210.5875,39.33042527335662,42.142389147578406,,,
1767096900,210.5875,210.6395,210.568,210.6225,42.52083600303761,42.20283375366004,,,
1767097800,210.6225,210.687,210.6085,210.614,41.94396240005228,42.56486306386187,,,
1767098700,210.614,210.6185,210.434,210.4865,34.404077278470865,41.670057887724674,,,
1767099600,210.4865,210.6425,210.472,210.64,46.80256797076469,41.78685432152533,,,
1767100500,210.64,210.762,210.64,210.684,49.735374445789404,42.145456688455454,,,
1767101400,210.684,210.692,210.575,210.6125,45.35918578034353,42.277686748678015,,,
1767102300,210.6125,210.7785,210.5755,210.6745,49.50799613035756,42.54666097030447,,,
1767103200,210.6745,210.682,210.5035,210.5945,44.782988901370395,42.611619466920004,,,
1767104100,210.5945,210.676,210.567,210.575,43.688469983902166,42.41994897669383,,,
1767105000,210.575,210.725,210.562,210.5755,43.726448203379846,42.125183885886656,,,
1767105900,210.5755,210.673,210.5055,210.6005,45.6984363306521,42.540621366516746,,,
1767106800,210.6005,210.67,210.4615,210.4735,38.34689265064388,42.79931248394622,,,
1767107700,210.4735,210.5475,210.46,210.53,42.75869585756717,43.471882657834854,,,
1767108600,210.53,210.7305,210.4675,210.7295,55.002772801944936,44.591336052734015,,,
1767109500,210.7295,210.774,210.5595,210.6325,49.46278723617778,45.087189712244026,,,
1767110400,210.6325,210.6635,210.48,210.4865,42.520697347325694,45.1283850656207,,,
1767111300,210.4865,210.5775,210.4655,210.549,46.01376149678871,45.957648224071974,,,
1767112200,210.549,210.668,210.5175,210.62,49.749676185252284,46.16815595367824,,,
1767113100,210.62,210.691,210.586,210.592,48.32928293821265,46.06772084599418,,,
1767114000,210.592,210.685,210.5715,210.589,48.17059341920776,46.268535677341625,,,
1767114900,210.589,210.7325,210.586,210.6595,52.14707459268284,46.45704128179342,,,
1767115800,210.6595,210.685,210.5675,210.5705,47.22159093998155,46.631227141694225,,,
1767116700,210.5705,210.6065,210.555,210.5815,47.876885633345395,46.93039968808302,,,
1767117600,210.5815,210.6395,210.5565,210.627,50.60859881259589,47.42198187445559,,,
1767118500,210.627,210.6725,210.6115,210.6535,52.180512932124365,47.88498734598932,,,
1767119400,210.6535,210.684,210.633,210.661,52.63991192869423,48.90591729442149,,,
1767120300,210.661,210.6985,210.634,210.645,51.50316843063623,49.53052247821215,,,
1767121200,210.645,210.7015,210.631,210.642,51.279565435598336,49.26457909490167,,,
1767122100,210.642,210.71,210.64,210.6585,52.50101454026306,49.48159533090776,,,
1767123000,210.6585,210.6955,210.6335,210.682,54.25987026116102,50.320107681896005,,,
1767123900,210.682,210.756,210.6635,210.7365,58.13193080039114,51.1856912035819,,,
1767124800,210.7365,210.7435,210.6325,210.6455,50.45207059302302,51.23586223270837,,,
1767125700,210.6455,210.698,210.6445,210.6945,53.97777236742116,51.639325763366124,,,
1767126600,210.6945,210.7035,210.6515,210.6545,50.799933982105905,51.827135803573135,,,
1767127500,210.6545,210.7035,210.63,210.6605,51.26343184505523,51.764018464456875,,,
1767128400,210.6605,210.696,210.6345,210.6755,52.46897814315665,52.13883183611223,,,
1767129300,210.6755,210.6865,210.637,210.642,49.52271439926731,52.256391033678085,,,
1767130200,210.642,210.685,210.638,210.663,51.3663089586476,52.3105131869675,,,
1767131100,210.663,210.6905,210.633,210.634,48.72000263474651,52.06333388001193,,,
1767132000,210.634,210.6915,210.5375,210.5505,42.00913523640356,51.30399268770545,,,
1767132900,210.5505,210.584,210.5305,210.56,42.97159894528581,50.69459486732328,,,
1767133800,210.56,210.6055,210.5575,210.592,46.2100474478543,50.33248643962728,,,
1767134700,210.592,210.6265,210.571,210.5775,44.964058998026445,49.79413247232467,,,
1767135600,210.5775,210.597,210.527,210.5765,44.87419392251739,49.123727019564406,,,
1767136500,210.5765,210.616,210.5615,210.6045,48.007541023386445,48.40055632120693,,,
1767137400,210.6045,210.6715,210.596,210.657,53.36049425462763,48.608300868464404,,,
1767138300,210.657,210.684,210.6175,210.6175,49.25185370940696,48.27073525003481,,,
1767139200,210.6175,210.6205,210.501,210.592,46.74931215607615,47.98140511960411,,,
1767140100,210.592,210.648,210.5765,210.5885,46.40081688423915,47.63407547954582,,,
1767141000,210.5885,210.636,210.587,210.599,47.661338266029844,47.290672631179625,,,
1767141900,210.599,210.612,210.4995,210.561,43.65958228075947,46.87187747985764,,,
1767142800,210.561,210.6005,210.522,210.5975,48.16181661433178,46.64298516954936,,,
1767143700,210.5975,210.6155,210.533,210.5535,43.635050925067745,46.279774333143735,,,
1767144600,210.5535,210.6105,210.5525,210.587,47.66805659651724,46.68398300172328,,,
1767145500,210.587,210.605,210.5605,210.5785,46.75395003940667,46.95415093701763,,,
1767146400,210.5785,210.626,210.5785,210.605,49.9747954636517,47.223061509574585,,,
1767147300,210.605,210.6345,210.5905,210.609,50.46189828883593,47.615764316060975,,,
1767148200,210.609,210.643,210.593,210.642,54.40625073285917,48.29662551679968,,,
1767149100,210.642,210.688,210.634,210.646,54.87526040283753,48.78717690104618,,,
1767150000,210.646,210.653,210.621,210.646,54.87526040283753,48.89537448306118,,,
1767150900,210.646,210.6715,210.6205,210.656,56.182144241151335,49.39039523532863,,,
1767151800,210.656,210.674,210.6515,210.6655,57.443101981260014,50.15423736569891,,,
1767152700,210.6655,210.7065,210.649,210.704,62.191631627075544,51.28215270447294,,,
1767153600,210.704,210.7275,210.701,210.719,63.88254568254806,52.440810377081384,,,
1767154500,210.719,210.777,210.7135,210.7315,65.27622843751433,53.98485653113529,,,
1767155400,210.7315,210.737,210.705,210.7235,63.585137105408954,55.08652228049795,,,
1767156300,210.7235,210.796,210.719,210.776,69.2205623221316,56.91405880885966,,,
1767157200,210.776,210.806,210.749,210.789,70.44043575124672,58.540657319911766,,,
1767158100,210.789,210.834,210.78,210.8155,72.80639911135637,60.40154653933674,,,
1767159000,210.8155,210.8365,210.7555,210.7735,64.05546745938268,61.4073088247461,,,
1767159900,210.7735,210.8015,210.743,210.7875,65.54220940972158,62.48447390480936,,,
1767160800,210.7875,210.8045,210.7345,210.7435,57.49342554579921,62.704986391447946,,,
1767161700,210.7435,210.764,210.7145,210.7435,57.49342554579921,62.89199818737377,,,
1767162600,210.7435,210.78,210.736,210.768,60.61665947032219,63.30209812076554,,,
1767163500,210.768,210.8015,210.755,210.7675,60.51892939218302,63.61186848869637,,,
1767164400,210.7675,210.785,210.7115,210.714,51.03712650569377,63.15429881187021,,,
1767165300,210.714,210.755,210.69,210.723,52.388528940608985,62.454077191408324,,,
1767166200,210.723,210.743,210.7045,210.719,51.7054726778462,61.584286262501045,,,
1767167100,210.719,210.7645,210.6895,210.691,47.07822178577189,60.284428644519444,,,
1767168000,210.691,210.834,210.667,210.6745,44.5481832899315,58.92464622912819,,,
1767168900,210.6745,210.7,210.4895,210.551,31.08331509816385,56.200557141701914,,,
1767169800,210.551,210.5555,210.3295,210.4445,24.270603338971966,52.902711969396584,,,
1767170700,210.4445,210.4465,210.263,210.3015,18.429679132055384,49.01866054230366,,,
1767171600,210.3015,210.353,210.2685,210.303,18.65083273282704,45.77547234754968,,,
1767172500,210.303,210.4425,210.2765,210.3995,31.514909319129217,43.34495091250737,,,
1767173400,210.3995,210.4585,210.3775,210.406,32.29158353716194,41.54481934046185,,,
1767174300,210.406,210.57,210.406,210.4735,39.91242038147717,40.28903325729599,,,
1767175200,210.4735,210.5145,210.4235,210.494,42.045854733336476,38.96254720465414,,,
1767176100,210.494,210.5335,210.4495,210.4575,39.3658365260596,37.45161199993105,,,
1767177000,210.4575,210.4705,210.388,210.427,37.23031976892011,36.465411518732935,,,
1767177900,210.427,210.5445,210.405,210.524,47.0654344880247,36.08519048640549,,,
1767178800,210.524,210.6275,210.524,210.6265,55.07571151115086,36.32592183164154,,,
1767179700,210.6265,210.719,210.615,210.6915,59.283490299516934,37.19772672548047,,,
1767180600,210.6915,210.783,210.6905,210.777,64.05298108570591,38.59092656803579,,,
1767181500,210.777,210.8045,210.6705,210.724,59.407435607807145,40.61407803301031,,,
1767182400,210.724,210.7645,210.5875,210.672,55.17896716752899,42.821818306478676,,,
1767183300,210.672,210.807,210.6655,210.7355,59.01532289505142,45.72079286097839,,,
1767184200,210.7355,210.8945,210.7355,210.8835,66.26323777421683,49.12167893536337,,,
1767185100,210.8835,210.9375,210.8705,210.8965,66.8183186628699,51.64335103134486,,,
1767186000,210.8965,210.9835,210.894,210.958,69.3846272269124,54.29285415204131,,,
1767186900,210.958,211.0985,210.9575,211.004,71.18006703722133,56.52625748459446,,,
1767187800,211.004,211.049,210.9195,210.9255,64.25484521358746,58.112613947469534,,,
1767188700,210.9255,210.987,210.8675,210.9805,66.69942777163567,60.06501332215354,,,
1767189600,210.9805,211.0875,210.9535,211.0325,68.86728118907207,62.32479628073582,,,
1767190500,211.0325,211.0705,210.9815,210.9905,65.17664811745371,63.61845439712361,,,
1767191400,210.9905,211.0135,210.857,210.8685,55.81902774065436,63.67154841351671,,,
1767192300,210.8685,210.9125,210.79,210.8155,52.30566606401311,63.17313239669501,,,
1767193200,210.8155,210.818,210.4765,210.51,37.61061607380225,61.28439203870189,,,
1767194100,210.51,210.5235,210.351,210.491,36.9159698434007,59.67785876981572,,,
1767195000,210.491,210.71,210.478,210.6935,47.949914328597174,59.161497852749164,,,
1767195900,210.6935,210.895,210.5775,210.8325,53.909271221310675,58.79677987605339,,,
1767196800,210.8325,210.958,210.7125,210.955,58.42676664540003,58.237031938280765,,,
1767197700,210.955,211.026,210.8995,211.0175,60.55121598431354,57.78938174695531,,,
1767198600,211.0175,211.0175,210.838,210.852,52.84967607994738,56.608313807886375,,,
1767199500,210.852,210.8645,210.727,210.8465,52.61019347436951,55.281894267682674,,,
1767200400,210.8465,210.86,210.7155,210.785,49.8879651728949,54.25568855049035,,,
1767201300,210.785,210.8985,210.7725,210.8905,54.26026850581639,53.36717717436041,,,
1767202200,210.8905,210.942,210.8785,210.881,53.80502172216452,52.29130149815273,,,
1767203100,210.881,210.9695,210.841,210.969,57.37278216649849,51.73388250165591,,,
1767204000,210.969,211.073,210.961,211.0625,60.83396212699959,52.092092100680574,,,
1767204900,211.0625,211.0815,210.9985,211.049,60.07548701726068,52.647079311626825,,,
1767205800,211.049,211.0895,211.024,211.0545,60.2926967232324,54.267227929443266,,,
1767206700,211.0545,211.0705,211.029,211.067,60.81448837797207,55.97426496762694,,,
1767207600,211.067,211.089,211.0335,211.0405,59.04308954182683,56.766634625714765,,,
1767208500,211.0405,211.0405,210.963,210.969,54.43586599551467,56.80424853815792,,,
1767209400,210.969,210.9825,210.9315,210.9365,52.433066511599485,56.37612710002931,,,
1767210300,210.9365,211.0005,210.8315,210.9855,55.11443460369753,55.98778557284245,,,
1767211200,210.9855,211.114,210.969,211.114,61.27884221492429,56.58986886819794,,,
1767212100,211.114,211.132,211.0695,211.1005,60.341249400431465,57.142087148630935,,,
1767213000,211.1005,211.157,211.0945,211.141,62.20932442011437,58.022184237718044,,,
1767213900,211.141,211.178,211.049,211.1435,62.327289054772685,58.598399991214926,,,
1767214800,211.1435,211.194,211.1245,211.175,63.85813997383687,59.316479866334376,,,
1767215700,211.175,211.1935,211.1575,211.1745,63.81381332926419,59.77655352081765,,,
1767216600,211.1745,211.2235,211.1745,211.22,66.1186262478096,60.15402952944694,,,
1767217500,211.22,211.22,211.0925,211.1,55.98985553581053,59.86219870934336,,,
1767304800,211.1,211.1,211.1,211.1,55.98985553581053,59.55485291024179,,,
1767305700,211.1,211.1,211.1,211.1,55.98985553581053,59.21023627865883,,,
1767306600,211.1,211.15,211.084,211.1,55.98985553581053,58.99214813537195,,,
1767307500,211.1,211.19,211.075,211.18,61.3052170515737,59.48281606794759,,,
1767308400,211.18,211.3545,211.122,211.2855,66.97058422176241,60.52121019010209,,,
1767309300,211.2855,211.321,211.262,211.293,67.33670896017647,61.39422978699344,,,
1767310200,211.293,211.296,211.224,211.26,63.97635493170989,61.58690926676384,,,
1767311100,211.26,211.281,211.173,211.173,56.03679498700497,61.27944823723338,,,
1767312000,211.173,211.229,211.1015,211.157,54.69251344566229,60.74253316762965,,,
1767312900,211.157,211.2015,211.1535,211.1835,56.551606979234656,60.32998444794838,,,
1767313800,211.1835,211.196,211.1255,211.1485,53.43308795970933,59.58533787551069,,,
1767314700,211.1485,211.1495,211.043,211.077,47.65202750109837,58.43092460207027,,,
1767315600,211.077,211.149,211.0275,211.1195,51.04267389105771,57.35407086230227,,,
1767316500,211.1195,211.158,211.093,211.1375,52.44750526784792,57.10104584316209,,,
1767317400,211.1375,211.2215,211.1375,211.2185,58.252879620514996,57.262690420640986,,,
1767318300,211.2185,211.28,211.1975,211.266,61.24115760647234,57.63778342568826,,,
1767319200,211.266,211.292,211.245,211.2745,61.768539673171645,58.05054657835691,,,
1767320100,211.2745,211.2825,211.2475,211.2495,59.21641189140185,57.901346209773216,,,
1767321000,211.2495,211.252,211.207,211.231,57.32875105792111,57.2126438409274,,,
1767321900,211.231,211.3455,211.231,211.338,64.39772470994492,57.002716394482285,,,
1767322800,211.338,211.3655,211.307,211.359,65.6021302824719,57.118843205251004,,,
1767323700,211.359,211.374,211.3255,211.3275,62.20289265070561,57.559278752658194,,,
1767324600,211.3275,211.3535,211.3055,211.34,63.02172386064841,58.154222353728635,,,
1767325500,211.34,211.3805,211.336,211.3605,64.3844361699599,58.713710153066145,,,
1767326400,211.3605,211.4165,211.3605,211.398,66.79502306163651,59.66813408891809,,,
1767327300,211.398,211.4315,211.3795,211.3945,66.34368287619307,61.00325232999628,,,
1767328200,211.3945,211.439,211.394,211.412,67.52525526199204,62.180579570777304,,,
1767329100,211.412,211.419,211.3545,211.3785,62.96798309531022,62.9320422727389,,,
1767330000,211.3785,211.402,211.36,211.372,62.09233430614315,63.20628903599805,,,
1767330900,211.372,211.4315,211.372,211.4135,65.40058455331584,63.503390960772585,,,
1767331800,211.4135,211.44,211.3765,211.381,60.9169576662239,63.44256367456203,,,
1767332700,211.381,211.4105,211.326,211.3815,60.96129958817183,63.5671985100456,,,
1767333600,211.3815,211.398,211.3125,211.317,52.66106805885602,63.23379258154095,,,
1767334500,211.317,211.368,211.278,211.339,54.9158647241154,62.55651686826741,,,
1767335400,211.339,211.42,211.32,211.4035,60.80959666061915,62.21419303813507,,,
1767336300,211.4035,211.4455,211.386,211.389,58.94407722118357,61.98142050745493,,,
1767337200,211.389,211.423,211.321,211.322,51.13753161947214,61.1325496330852,,,
1767338100,211.322,211.355,211.2625,211.2635,45.47446033493392,59.781837073440485,,,
1767339000,211.2635,211.2635,211.114,211.179,38.79195307369921,57.781617788587816,,,
1767339900,211.179,211.2455,211.0735,211.205,41.634011820493264,56.01664128460925,,,
1767340800,211.205,211.396,211.1435,211.372,55.82292899586417,55.180760837028686,,,
1767341700,211.372,211.372,211.1795,211.2305,45.6880859561499,53.946482469945806,,,
1767342600,211.2305,211.2305,211.109,211.116,39.44709983765607,52.328965722196735,,,
1767343500,211.116,211.133,211.0395,211.0595,36.77742014448938,50.28445397870913,,,
1767344400,211.0595,211.1515,211.018,211.0855,38.82904943886605,48.70674624818357,,,
1767345300,211.0855,211.1115,211.028,211.1065,40.50829317546974,47.24581721870485,,,
1767346200,211.1065,211.1265,210.9855,211.0825,39.184384088660714,46.28319693511947,,,
1767347100,211.0825,211.1595,211.0825,211.129,43.0668347263361,45.436837649563806,,,
1767348000,211.129,211.165,211.064,211.0765,39.96471478776826,43.94791751578874,,,
1767348900,211.0765,211.108,210.91,210.92,32.459022013854906,42.05612785812241,,,
1767349800,210.92,210.962,210.8825,210.953,35.22168551921935,40.91928170810435,,,
1767350700,210.953,210.9875,210.909,210.954,35.30803936882096,40.19310878195343,,,
1767351600,210.954,210.9785,210.8505,210.8625,31.2085361215032,39.65143614251085,,,
1767352500,210.8625,210.934,210.758,210.777,27.943633630367756,38.67355198607332,,,
1767353400,210.777,210.9255,210.77,210.9085,38.58538007997108,37.44229849208095,,,
1767354300,210.9085,210.955,210.835,210.911,38.77051999484084,36.94818663770173,,,
1767355200,210.911,211.0365,210.8845,211.0365,47.35091904764556,37.51274515270098,,,
1767356100,211.0365,211.063,210.941,210.941,42.47330633239769,37.919594166123,,,
1767357000,210.941,211.025,210.8885,211.023,47.47629394670924,38.5372544881118,,,
1767357900,211.023,211.0495,210.9915,211.0165,47.12642236145163,39.00997800139623,,,
1767358800,211.0165,211.0335,210.94,210.9435,43.26976883461241,39.30179119753563,,,
1767359700,210.9435,211.1055,210.924,211.0385,49.106791903943815,39.73321671022189,,,
1767360600,211.0385,211.1185,210.9725,211.08,51.45651653418765,40.554059692108986,,,
1767361500,211.08,211.2055,211.0645,211.1615,55.774890542596225,42.21947887273337,,,
1767362400,211.1615,211.177,211.106,211.127,53.60114092326657,43.5322971158796,,,
1767363300,211.127,211.229,211.078,211.18,56.41163594107673,45.039696871040725,,,
1767364200,211.18,211.203,211.0345,211.139,53.70171664522788,46.64635262273534,,,
1767365100,211.139,211.226,211.1265,211.196,56.808170757295855,48.708105274658784,,,
1767366000,211.196,211.28,211.04,211.1995,56.99896131268095,50.023361076995194,,,
1767366900,211.1995,211.234,211.0475,211.176,55.234743834987434,51.199377065577096,,,
1767367800,211.176,211.3745,211.1595,211.358,64.41979926632129,52.41858279548251,,,
1767368700,211.358,211.4415,211.2395,211.3475,63.60891054598062,53.92826881073843,,,
1767369600,211.3475,211.363,211.2425,211.3365,62.71822638373969,55.016978270526316,,,
1767370500,211.3365,211.4005,211.287,211.3185,61.207876424843846,56.02279641791148,,,
1767371400,211.3185,211.408,211.2575,211.2735,57.48109804383036,57.03789136142705,,,
1767372300,211.2735,211.292,211.2125,211.2305,54.09188406444609,57.3939693728915,,,
1767373200,211.2305,211.2405,211.143,211.2235,53.5384649991614,57.54267997753248,,,
1767374100,211.2235,211.2625,211.182,211.221,53.32861500340163,57.367946010447156,,,
1767375000,211.221,211.2305,211.1055,211.108,44.784057013288944,56.73815430259161,,,
1767375900,211.108,211.124,211.0415,211.0615,41.81498689192555,55.69553651336652,,,
1767376800,211.0615,211.0945,211.042,211.0695,42.52102437437121,54.89691563687676,,,
1767377700,211.0695,211.1445,211.0545,211.107,45.838683754181154,54.11338085094,,,
1767378600,211.107,211.1265,211.048,211.0945,44.90819358191058,53.2497545844564,,,
1767379500,211.0945,211.1105,211.005,211.048,41.53082949761774,52.270903560358555,,,
1767380400,211.048,211.1145,211.012,211.0975,46.17170430969297,50.96746820631368,,,
1767381300,211.0975,211.1105,211.0805,211.104,46.769191807106594,49.76463115353697,,,
1767382200,211.104,211.1245,211.067,211.09,45.59527480528481,48.541563183647334,,,
1767383100,211.09,211.1115,211.0405,211.0505,42.36431566319103,47.19559455781498,,,
1767384000,211.0505,211.085,211.034,211.042,41.679861438464705,46.06693480028887,,,
1767384900,211.042,211.1085,211.041,211.0985,47.72557644765552,45.61219854194668,,,
1767385800,211.0985,211.1115,211.045,211.052,43.70956623160814,44.91013434426431,,,
1767386700,211.052,211.1065,211.042,211.1035,48.843856121127764,44.589794424101896,,,
1767387600,211.1035,211.131,211.088,211.1115,49.612693300994835,44.93469701608088,,,
1767388500,211.1115,211.1295,211.096,211.108,49.26385216995154,45.466758821654174,,,
1767389400,211.108,211.183,211.095,211.149,53.39759721033391,46.243656881365794,,,
1767390300,211.149,211.1535,211.062,211.071,45.75923299953267,46.23798182746233,,,
1767564000,211.071,211.071,210.8955,211.02,41.57188880196446,45.999674343180466,,,
1767564900,211.02,211.049,210.966,210.9985,39.913696690571,45.88416485696285,,,
1767565800,210.9985,211.0225,210.9255,210.9345,35.388629527937255,45.11394522969458,,,
1767566700,210.9345,210.9895,210.8455,210.8495,30.45090442294766,43.948353273683225,,,
1767567600,210.8495,210.9995,210.8025,210.908,36.96924838057149,43.33220852906085,,,
1767568500,210.908,210.9695,210.8915,210.953,41.510397736569644,43.271214391445035,,,
1767569400,210.953,211.0185,210.8905,210.9645,42.647592787038135,43.340338059200285,,,
1767570300,210.9645,211.0155,210.9285,210.975,43.72346279644463,43.05447279839951,,,
1767571200,210.975,211.244,210.923,211.221,61.80245148521568,44.34682174508577,,,
1767572100,211.221,211.274,211.2175,211.245,63.049623764192596,45.361519433876104,,,
1767573000,211.245,211.294,211.2325,211.279,64.80289943251636,46.44653415755622,,,
1767573900,211.279,211.3375,211.2305,211.2605,63.049854984297966,47.43124864429525,,,
1767574800,211.2605,211.2845,211.159,211.175,55.56810568383734,47.58628496383121,,,
1767575700,211.175,211.2695,211.118,211.2685,61.016076641544636,48.67605950968921,,,
1767576600,211.2685,211.2725,211.083,211.1085,49.77000820899287,49.26163946733409,,,
1767577500,211.1085,211.122,211.011,211.036,45.66301717891537,49.672305216501556,,,
1767578400,211.036,211.118,210.967,210.973,42.389591397836064,50.17237392149432,,,
1767579300,210.973,211.088,210.918,211.0715,48.59440384933429,51.468338166236215,,,
1767580200,211.0715,211.121,210.997,211.027,46.174816286343315,52.1258787309342,,,
1767581100,211.027,211.0755,210.997,211.0695,48.79700562211863,52.646350722759124,,,
1767582000,211.0695,211.1765,211.031,211.032,46.638039474314965,52.931382628993184,,,
1767582900,211.032,211.0545,210.913,210.941,41.804447808066485,52.79431012982332,,,
1767583800,210.941,210.942,210.869,210.89,39.34342677990189,51.190094079443774,,,
1767584700,210.89,210.957,210.888,210.9445,43.19211278178931,49.771700437843535,,,
1767585600,210.9445,211.041,210.9435,211.031,48.75026598422355,48.62508376296548,,,
1767586500,211.031,211.0625,211.02,211.053,50.0878450211967,47.699225908458246,,,
1767587400,211.053,211.1045,211.039,211.103,53.08475588007431,47.52184377961803,,,
1767588300,211.103,211.172,211.0965,211.1605,56.33198879876325,47.18726607656221,,,
1767589200,211.1605,211.175,211.0725,211.0855,51.34042085507455,47.29943840842519,,,
1767590100,211.0855,211.105,211.0475,211.0945,51.891318965088196,47.74431710743753,,,
1767591000,211.0945,211.0955,211.0055,211.03,47.721484914722176,48.12516664435797,,,
1767591900,211.03,211.1125,211.019,211.0655,50.098286048375016,48.232586801432305,,,
1767592800,211.0655,211.131,210.968,211.0305,47.791310878370346,48.34805070086281,,,
1767593700,211.0305,211.0655,210.9985,210.999,45.749418611852015,48.13036591441519,,,
1767594600,210.999,211.0095,210.926,210.995,45.483668480679746,48.047910843441244,,,
1767595500,210.995,211.07,210.9495,210.9825,44.61156095794421,48.24841892557537,,,
1767596400,210.9825,210.983,210.8465,210.847,36.45225969843385,48.041906991184796,,,
1767597300,210.847,210.9355,210.8455,210.8955,40.63736010584334,47.85942465718865,,,
1767598200,210.8955,210.903,210.7915,210.8475,37.97201415826944,47.089549526763356,,,
1767599100,210.8475,210.8915,210.7215,210.7295,32.35401428716747,45.82284733147556,,,
1767600000,210.7295,210.7685,210.6125,210.749,34.08945694404069,44.46604026461601,,,
1767600900,210.749,210.763,210.5755,210.5765,27.394215070135672,42.399056426856895,,,
1767601800,210.5765,210.706,210.546,210.6025,29.637359557664695,40.8488377627562,,,
1767602700,210.6025,210.628,210.525,210.561,28.14280152267824,39.15251508829834,,,
1767603600,210.561,210.6145,210.518,210.57,28.979247011758474,37.813783809515215,,,
1767604500,210.57,210.6895,210.5655,210.654,36.41835069029591,36.836645569652426,,,
1767605400,210.654,210.777,210.6345,210.7715,45.08359310917837,36.643237157567285,,,
1767606300,210.7715,210.968,210.7715,210.9525,55.21000015076676,37.31899298177547,,,
1767607200,210.9525,210.9955,210.8515,210.9535,55.25908689389538,38.01723715414802,,,
1767608100,210.9535,210.9915,210.88,210.8855,51.1537025059287,38.484532979004065,,,
1767609000,210.8855,210.8895,210.784,210.862,49.77736279978252,39.43632605767182,,,
1767609900,210.862,210.9125,210.776,210.841,48.52100181682775,39.99944332274214,,,
1767610800,210.841,210.8465,210.715,210.774,44.64900876154184,40.47637150869017,,,
1767611700,210.774,210.9075,210.774,210.852,49.68312200128765,41.714164916841604,,,
1767612600,210.852,210.928,210.827,210.9175,53.50710170684722,43.10113954275636,,,
1767613500,210.9175,210.947,210.78,210.8075,47.04136683023557,44.50450752562063,,,
1767614400,210.8075,210.828,210.7205,210.828,48.29532242873733,45.837219159268685,,,
1767615300,210.828,210.925,210.806,210.871,50.92042032348106,47.4641919307546,,,
1767616200,210.871,210.9105,210.803,210.8735,51.07594323118335,49.04252737499923,,,
1767617100,210.8735,210.932,210.7445,210.7815,45.377379066372505,49.68245797329041,,,
1767618000,210.7815,210.8965,210.7815,210.7955,46.35817239897073,49.77349935113273,,,
1767618900,210.7955,210.8265,210.712,210.759,44.133223056926944,48.982300987287026,,,
1767619800,210.759,210.7965,210.7285,210.7675,44.79767252014095,48.235057103447424,,,
1767620700,210.7675,211.0185,210.7625,210.9765,58.01895598376032,48.725432351863965,,,
1767621600,210.9765,211.0335,210.9225,210.9845,58.42937845368059,49.343433469999546,,,
1767622500,210.9845,211.025,210.8885,211.023,60.43410136933158,50.19436915232125,,,
1767623400,211.023,211.116,210.9415,211.0715,62.863687537942326,51.49541763634986,,,
1767624300,211.0715,211.2275,211.0625,211.175,67.45631570717424,52.76493147248461,,,
1767625200,211.175,211.2045,211.069,211.194,68.23298624963294,53.816780368397886,,,
1767626100,211.194,211.2655,211.163,211.255,70.65442586635456,55.503427442406384,,,
1767627000,211.255,211.266,211.1,211.2335,68.6676772553473,56.958595644307096,,,
1767627900,211.2335,211.507,211.218,211.4255,75.33718333855197,58.702650145383586,,,
1767628800,211.4255,211.467,211.3265,211.39,72.27385120498155,60.21678642922632,,,
1767629700,211.39,211.4975,211.348,211.4205,73.27914104159058,62.20976942745618,,,
1767630600,211.4205,211.4395,211.3435,211.3715,68.95360773650425,63.82372909442286,,,
1767631500,211.3715,211.465,211.362,211.4335,71.26488734264308,65.76170511483116,,,
1767632400,211.4335,211.5725,211.412,211.512,73.91295393624706,67.84136807312446,,,
1767633300,211.512,211.5895,211.5085,211.5595,75.39077730893206,69.08221245349387,,,
1767634200,211.5595,211.5725,211.4695,211.5435,73.87270422677526,70.18530715157205,,,
1767635100,211.5435,211.582,211.5195,211.555,74.2736768485004,71.17384825722696,,,
1767636000,211.555,211.579,211.521,211.5685,74.76331270754731,72.02382148362732,,,
1767636900,211.5685,211.5905,211.513,211.526,70.2315457572771,72.22205220149182,,,
1767637800,211.526,211.535,211.441,211.4465,62.58897053892473,71.81890822215551,,,
1767638700,211.4465,211.5,211.4355,211.47,63.84154283817507,71.3322737201427,,,
1767639600,211.47,211.474,211.3475,211.42,59.292794706533094,70.66263925237024,,,
1767640500,211.42,211.5035,211.419,211.4925,63.36844199230953,69.80772915621007,,,
1767641400,211.4925,211.5325,211.469,211.526,65.10687002648689,69.29580192917473,,,
1767642300,211.526,211.6035,211.507,211.589,68.16648223557986,68.93061201445968,,,
1767643200,211.589,211.615,211.5445,211.569,66.18247349512822,68.73267385436141,,,
1767644100,211.569,211.624,211.569,211.6105,68.24762401677329,68.5171550453707,,,
1767645000,211.6105,211.6815,211.596,211.6735,71.12989839257877,68.3183653636801,,,
1767645900,211.6735,211.7435,211.6595,211.7355,73.66357795862183,68.19499398151508,,,
1767646800,211.7355,211.8235,211.711,211.821,76.70034808231922,68.39696854262537,,,
1767647700,211.821,211.843,211.789,211.796,74.01301309078889,68.37834970278884,,,
1767648600,211.796,211.818,211.775,211.779,72.16151316203607,68.19250687810946,,,
1767649500,211.779,211.8185,211.749,211.749,68.88654534159986,68.0964354198468,,,
1767650400,211.749,211.7645,211.681,211.6885,62.705967481748026,68.10479234433419,,,
1767651300,211.6885,211.7925,211.6885,211.79,67.90814170892824,68.39526369224511,,,
1767652200,211.79,211.849,211.7875,211.8245,69.46715752570783,69.12200389361475,,,
1767653100,211.8245,211.9625,211.821,211.961,74.7033630354405,69.93164111098123,,,
1767654000,211.961,211.979,211.8675,211.886,67.82115317495952,70.12551847872928,,,
1767654900,211.886,211.915,211.8515,211.902,68.48812186776934,70.14849273817138,,,
1767655800,211.902,211.945,211.878,211.929,69.63199967102642,70.39488746502126,,,
1767656700,211.929,211.9905,211.924,211.9365,69.95822161032947,70.51707300741812,,,
1767657600,211.9365,212.1255,211.9145,212.105,76.15558505131938,70.8760506258996,,,
1767658500,212.105,212.1385,212.0685,212.112,76.37363752035957,71.06962630888086,,,
1767659400,212.112,212.156,212.0235,212.045,69.79466585305317,70.57636329250472,,,
1767660300,212.045,212.1455,211.853,211.8845,57.10444039900225,69.36860810023424,,,
1767661200,211.8845,212.0435,211.8705,211.989,61.954789857133576,68.63955643559835,,,
1767662100,211.989,212.0845,211.97,211.995,62.21894218881479,68.16329906754228,,,
1767663000,211.995,212.0515,211.9745,212.034,63.970062594804745,68.25359157561776,,,
1767663900,212.034,212.036,211.919,211.934,56.71175959032962,67.45384999571785,,,
1767664800,211.934,211.965,211.865,211.899,54.385828750171534,66.3766122260367,,,
1767665700,211.899,211.9515,211.8535,211.933,56.2624377903453,65.05940327995846,,,
1767666600,211.933,211.941,211.8235,211.827,49.43413755166015,63.74604502115136,,,
1767667500,211.827,211.9135,211.8175,211.9015,53.68835210051323,62.6889186092045,,,
1767668400,211.9015,211.9865,211.865,211.9825,57.841353334860635,61.846729585192655,,,
1767669300,211.9825,212.0105,211.9265,212.004,58.89502272187536,61.05650109316023,,,
1767670200,212.004,212.044,211.964,212.026,59.99676920613833,59.90229996136158,,,
1767671100,212.026,212.032,211.967,212.0045,58.3507527000883,58.61495104562791,,,
1767672000,212.0045,212.0315,211.8895,211.899,50.96229216563416,57.269781496526555,,,
1767672900,211.899,211.9345,211.87,211.9225,52.40787401568959,56.93431246914708,,,
1767673800,211.9225,212.0245,211.896,212.0165,57.77045212993687,56.635431202918745,,,
1767674700,212.0165,212.0485,211.951,211.9905,55.894433016914604,56.18368054778302,,,
1767675600,211.9905,211.998,211.9485,211.972,54.537343377925346,55.50991488943449,,,
1767676500,211.972,211.976,211.89,211.9055,49.85184476208474,55.01992097313128,,,
1767677400,211.9055,211.934,211.858,211.908,50.02566961298565,54.70848103476086,,,
1767678300,211.908,211.9565,211.886,211.9545,53.270176303454754,54.494748071411536,,,
1767679200,211.9545,212.0445,211.939,212.0165,57.255011082435566,55.05338189503835,,,
1767680100,212.0165,212.0315,211.9545,212.0115,56.83410211530856,55.27807832466659,,,
1767681000,212.0115,212.0895,211.9945,212.022,57.5400268005905,55.25655500079015,,,
1767681900,212.022,212.024,211.948,211.964,52.438595752856294,54.79538164586022,,,
1767682800,211.964,212.0175,211.8845,211.8855,46.4376641846667,53.82687414432653,,,
1767683700,211.8855,211.967,211.838,211.8805,46.07598188873022,52.95010480065809,,,
1767684600,211.8805,211.9145,211.799,211.8075,41.04910637339566,52.242020101212475,,,
1767685500,211.8075,211.8555,211.787,211.844,44.32007843149601,51.66432041662722,,,
1767686400,211.844,211.9625,211.7795,211.841,44.103471529692854,50.6881075166098,,,
1767687300,211.841,211.98,211.8245,211.867,46.54196468268033,50.02007406416449,,,
1767688200,211.867,211.958,211.828,211.8885,48.54112129694381,49.59177248695153,,,
1767689100,211.8885,211.9525,211.8635,211.88,47.78036003240596,49.44380929197447,,,
1767690000,211.88,211.8955,211.7,211.722,36.36989230396873,48.46839662704469,,,
1767690900,211.722,211.839,211.714,211.825,45.50611399396388,47.91382074779534,,,
1767691800,211.825,211.8985,211.7395,211.808,44.373647198765134,46.99372332753317,,,
1767692700,211.808,211.8395,211.6725,211.6735,36.6107711807146,45.54919968934787,,,
1767693600,211.6735,211.7015,211.559,211.5785,32.31109975817145,43.747133472032225,,,
1767694500,211.5785,211.6675,211.534,211.653,38.41898136961416,42.74573244465779,,,
1767695400,211.653,211.739,211.598,211.739,44.630150527964595,42.616624326321926,,,
1767696300,211.739,211.779,211.7,211.718,43.47698555947405,42.43098173137505,,,
1767697200,211.718,211.7645,211.6505,211.7165,43.39074395392916,42.59824155855602,,,
1767698100,211.7165,211.7225,211.5445,211.5945,36.96779827877317,42.07307869050438,,,
1767699000,211.5945,211.6315,211.561,211.5685,35.75315236690264,41.47662732173365,,,
1767699900,211.5685,211.587,211.488,211.5345,34.17195464208238,40.59305517597665,,,
1767700800,211.5345,211.5385,211.438,211.4955,32.40179944695073,39.44024647240572,,,
1767701700,211.4955,211.5405,211.457,211.4755,31.500621173632837,38.27740798249336,,,
1767702600,211.4755,211.4985,211.3795,211.4325,29.594808294600426,37.79347341039562,,,
1767703500,211.4325,211.4865,211.3805,211.456,32.0155842620501,36.82986414383034,,,
1767704400,211.456,211.507,211.3705,211.392,29.082782771534852,35.73765954188533,,,
1767705300,211.392,211.476,211.3165,211.4255,32.565001943568774,35.448676024946344,,,
1767706200,211.4255,211.489,211.4055,211.421,32.33531626342938,35.45040577532191,,,
1767707100,211.421,211.4785,211.41,211.472,37.69851119323712,35.39894361986641,,,
1767708000,211.472,211.5815,211.4285,211.4775,38.26678497271899,34.94441750877744,,,
1767708900,211.4775,211.5245,211.422,211.4535,36.693937026011845,34.45991404210157,,,
1767709800,211.4535,211.598,211.449,211.5785,48.55428488387768,34.82873839424075,,,
1767710700,211.5785,211.6375,211.5305,211.548,46.276127917066816,35.4936190826903,,,
1767711600,211.548,211.6245,211.528,211.607,51.059772666401926,36.586949104083104,,,
1767712500,211.607,211.6185,211.406,211.48,42.32377677055661,37.169222113259835,,,
1767713400,211.48,211.4955,211.3835,211.476,42.07957665779285,37.86049191403426,,,
1767714300,211.476,211.524,211.3955,211.498,43.99359678628369,38.7528473149379,,,
1767715200,211.498,211.5385,211.4425,211.475,42.41551552950891,39.66861211743136,,,
1767716100,211.475,211.553,211.457,211.524,46.79427588276286,40.72423294748228,,,
1767717000,211.524,211.527,211.424,211.462,42.400875248599185,41.67552526727258,,,
1767717900,211.462,211.5275,211.431,211.4735,43.46121581417252,42.45382625803,,,
1767718800,211.4735,211.588,211.4595,211.5635,51.05513513291249,43.790956177278794,,,
1767719700,211.5635,211.6465,211.529,211.6425,56.56936603395221,45.13887438018702,,,
1767720600,211.6425,211.6915,211.628,211.6895,59.49325332651639,46.65505069117255,,,
1767721500,211.6895,211.726,211.66,211.6955,59.86472760646923,48.31010716120522,,,
1767722400,211.6955,211.747,211.6475,211.6625,56.780489553564806,48.897693209040014,,,
1767723300,211.6625,211.692,211.608,211.6645,56.92533323211021,49.65835073154311,,,
1767724200,211.6645,211.673,211.5865,211.629,53.49811897611324,49.83251832509392,,,
1767725100,211.629,211.6575,211.568,211.569,48.21461588368023,50.2532925474599,,,
1767726000,211.569,211.5795,211.4545,211.479,41.58094723580405,50.217676160174975,,,
1767726900,211.479,211.484,211.433,211.442,39.19350400391511,49.8748123900058,,,
1767727800,211.442,211.478,211.43,211.475,42.371635545510465,49.871678105434476,,,
1767728700,211.475,211.4945,211.4325,211.459,41.24600843810598,49.47537328795899,,,
1767729600,211.459,211.4645,211.421,211.44,39.89078712597646,49.296081279200216,,,
1767730500,211.44,211.482,211.439,211.45,40.98975947077296,49.11954868324311,,,
1767731400,211.45,211.4935,211.4485,211.46,42.12919544371582,48.4819815625862,,,
1767732300,211.46,211.4685,211.3985,211.459,42.04177193418202,47.444296269745465,,,
1767733200,211.459,211.491,211.4485,211.459,42.04177193418202,46.197761884578725,,,
1767734100,211.459,211.507,211.454,211.4995,47.18922075412444,45.29236853798266,,,
1767735000,211.4995,211.5115,211.4675,211.4915,46.31421503306952,44.54477750080442,,,
1767735900,211.4915,211.552,211.4865,211.4905,46.198897751206104,43.77860353788271,,,
1767736800,211.4905,211.5395,211.444,211.492,46.4144258609949,43.272625458231396,,,
1767737700,211.492,211.504,211.373,211.427,39.1040278684351,42.62186917142817,,,
1767738600,211.427,211.483,211.4215,211.482,46.74705936944048,42.99087718097364,,,
1767739500,211.482,211.4835,211.4395,211.477,46.17962003798903,43.48988546912177,,,
1767740400,211.477,211.5445,211.469,211.496,48.72660004016217,43.94381150445404,,,
1767741300,211.496,211.5345,211.496,211.5315,53.18447712213996,44.796559267599314,,,
1767742200,211.5315,211.568,211.5175,211.5385,54.03313995291123,45.806727326666085,,,
1767743100,211.5385,211.547,211.4835,211.496,48.307365575908236,46.329413477032894,,,
1767744000,211.496,211.6795,211.4455,211.6275,61.796835164755855,47.7342448856786,,,
1767744900,211.6275,211.6275,211.5115,211.568,54.82537550376305,48.64735942636296,,,
1767745800,211.568,211.569,211.3945,211.417,41.90516237815592,48.63760160093252,,,
1767746700,211.417,211.517,211.4105,211.499,48.941941908271176,48.762795969085865,,,
1767747600,211.499,211.5765,211.417,211.5505,52.808119058015585,49.22664625658201,,,
1767748500,211.5505,211.618,211.517,211.613,57.0578257620748,50.002283971644054,,,
1767749400,211.613,211.687,211.5615,211.687,61.48071691702875,51.078447618503624,,,
1767750300,211.687,211.727,211.6495,211.666,59.60453986364158,52.54276990387552,,,
1767751200,211.666,211.756,211.6455,211.704,61.87194208043239,53.62311866894636,,,
1767752100,211.704,211.716,211.668,211.6955,61.046518407240434,54.68503998103574,,,
1767753000,211.6955,211.736,211.682,211.716,62.35105307226709,55.658215197614666,,,
1767753900,211.716,211.7425,211.6265,211.6305,54.19850141538291,55.73064550427488,,,
1767754800,211.6305,211.639,211.584,211.6325,54.34886749838758,55.7531974718089,,,
1767755700,211.6325,211.6595,211.6025,211.6035,51.698530594846936,55.99542354459023,,,
1767756600,211.6035,211.624,211.533,211.5795,49.54520291273489,55.120306955160174,,,
1767757500,211.5795,211.6055,211.5535,211.584,49.96600997235917,54.77320941720275,,,
1767758400,211.584,211.585,211.519,211.52,44.30625373150487,54.94471594244196,,,
1767759300,211.52,211.5315,211.4505,211.491,41.98552007245711,54.44782866845524,,,
1767760200,211.491,211.521,211.465,211.47,40.337818126568955,53.55709288763762,,,
1767761100,211.47,211.472,211.3885,211.4125,36.15403533811026,52.06396500021158,,,
1767762000,211.4125,211.415,211.2585,211.341,31.744898755612596,49.93997798868186,,,
1767762900,211.341,211.3795,211.2405,211.246,27.02840338183961,47.61311109712459,,,
1767763800,211.246,211.321,211.2025,211.271,29.97681695510741,45.33488787388708,,,
1767764700,211.271,211.3035,211.233,211.258,29.313546063208065,43.06824699217049,,,
1767765600,211.258,211.2735,211.1485,211.185,25.85415287438184,40.4613255494644,,,
1767766500,211.185,211.228,211.1605,211.1755,25.433500700707498,38.4066826412733,,,
1767767400,211.1755,211.2125,211.164,211.2015,28.84565510696173,36.58502461331432,,,
1767768300,211.2015,211.359,211.131,211.275,37.54612986405545,35.5741388468292,,,
1767769200,211.275,211.3185,211.212,211.282,38.31967131448067,34.77231516123962,,,
1767770100,211.282,211.3095,211.195,211.2165,34.067659384570206,33.63671869068326,,,
1767771000,211.2165,211.2535,211.0945,211.134,29.610878138170918,32.58704900544513,,,
1767771900,211.134,211.24,211.061,211.138,30.08842809999672,31.737256721697953,,,
1767772800,211.138,211.1595,211.0255,211.0715,26.82951736353644,30.77237809576706,,,
1767773700,211.0715,211.1175,211.046,211.099,30.196537125204202,30.34684250913091,,,
1767774600,211.099,211.32,211.096,211.175,38.604859004301346,30.836839669751537,,,
1767775500,211.175,211.2675,211.1425,211.2555,46.021693485231026,32.193503248565214,,,
1767776400,211.2555,211.3075,211.1505,211.1645,40.12119573373278,32.91810173275273,,,
1767777300,211.1645,211.189,211.114,211.1605,39.87916229958014,33.672788606779314,,,
1767778200,211.1605,211.1755,211.072,211.117,37.24759953060076,34.48660622508066,,,
1767779100,211.117,211.1665,211.0805,211.144,39.89860982744964,35.51982830556224,,,
1767780000,211.144,211.215,211.1305,211.207,45.666418827904906,36.72131142848675,,,
1767780900,211.207,211.2845,211.182,211.2605,50.05028495894658,37.614465363836125,,,
1767781800,211.2605,211.283,211.223,211.27,50.80925883187843,38.50657875793596,,,
1767782700,211.27,211.3105,211.2165,211.28,51.64221337952311,39.761904043289746,,,
1767783600,211.28,211.3145,211.2695,211.2975,53.137705797988346,41.4423917332767,,,
1767784500,211.2975,211.4265,211.2765,211.3595,58.08355191283762,43.44204343419391,,,
1767785400,211.3595,211.3915,211.3115,211.351,57.19236857946218,45.61081852104575,,,
1767786300,211.351,211.3555,211.301,211.3025,52.26482072378307,47.18712449237281,,,
1767787200,211.3025,211.3035,211.199,211.2145,44.7337950450924,47.62490563814361,,,
1767788100,211.2145,211.2385,211.1285,211.1535,40.389268119420215,47.222589540585695,,,
1767789000,211.1535,211.2015,211.1225,211.166,41.640063931198625,47.33108012611897,,,
1767789900,211.166,211.2035,211.147,211.1615,41.3040618933883,47.43285866853383,,,
1767790800,211.1615,211.171,211.0655,211.0955,36.63487418824525,47.38909257265129,,,
1767791700,211.0955,211.1605,211.004,211.0765,35.39442830759377,47.06736532123302,,,
1767792600,211.0765,211.13,210.978,211.126,40.99942831958536,46.73400885635305,,,
1767793500,211.126,211.126,211.022,211.083,37.921627231860484,45.867676161561185,,,
1767794400,211.083,211.119,210.9855,211.0735,37.25619914622964,44.89960046972913,,,
1767795300,211.0735,211.0955,210.9835,211.0835,38.47994699502499,43.95943858512212,,,
1767796200,211.0835,211.2345,211.035,211.216,51.87374505696008,43.86915567504867,,,
1767797100,211.216,211.2525,211.0975,211.1865,49.30022944383308,43.241775498691204,,,
1767798000,211.1865,211.2895,211.1185,211.2155,51.830195824891334,42.858763159079004,,,
1767798900,211.2155,211.23,211.082,211.229,53.00583261852347,42.91169258013189,,,
1767799800,211.229,211.3515,211.173,211.2205,52.142926532947975,43.440916257835866,,,
1767800700,211.2205,211.2405,211.119,211.2155,51.61067712139858,44.242445472262894,,,
1767801600,211.2155,211.2815,211.141,211.1735,47.24787019931524,44.64300306284265,,,
1767802500,211.1735,211.258,211.159,211.1935,49.43967407264543,45.22411821850388,,,
1767803400,211.1935,211.1945,211.0775,211.0925,40.327208273281435,45.487856367435036,,,
1767804300,211.0925,211.1715,211.0815,211.1435,45.763303174276714,46.22849028648382,,,
1767805200,211.1435,211.149,211.0435,211.074,40.36656027056446,46.18328542583947,,,
1767806100,211.074,211.076,210.987,210.987,34.829483657780315,45.96241802769089,,,
1767807000,210.987,211.0625,210.9365,211.0605,42.06030695689983,46.3055685855959,,,
1767807900,211.0605,211.0835,211.015,211.0195,39.432053852233075,46.37357621825362,,,
1767808800,211.0195,211.02,210.963,211.013,39.015808362244094,45.45515216863105,,,
1767809700,211.013,211.0415,210.998,211.0025,38.31225270880966,44.67029668755794,,,
1767810600,211.0025,211.088,210.992,211.055,43.771915550023444,44.0947052393531,,,
1767811500,211.055,211.088,211.032,211.062,44.47751659586404,43.485539809163136,,,
1767812400,211.062,211.073,210.9895,210.9955,39.416969743686344,42.57654289564446,,,
1767813300,210.9955,211.031,210.972,211.0305,43.08723686559265,41.96772573451546,,,
1767814200,211.0305,211.079,211.0295,211.0675,46.75928941385903,41.93282710698287,,,
1767815100,211.0675,211.08,211.0455,211.0465,44.985217207587894,41.61465161662162,,,
1767816000,211.0465,211.091,211.0335,211.07,47.390683627925284,42.11918557052474,,,
1767816900,211.07,211.1015,211.0565,211.0845,48.87603515443777,42.34152356910768,,,
1767817800,211.0845,211.091,211.062,211.081,48.51993551905823,42.92390751542866,,,
1767818700,211.081,211.0945,211.0475,211.063,46.63800048472304,43.767373003067426,,,
1767819600,211.063,211.081,211.0535,211.079,48.54836292432055,44.230805572168904,,,
1767820500,211.079,211.0855,211.04,211.051,45.47986671278177,44.66279220506525,,,
1767821400,211.051,211.0585,210.9975,211.0165,41.96070274969974,44.87314180416922,,,
1767822300,211.0165,211.0195,210.9535,210.9675,37.52006296686224,44.816556822601555,,,
1767823200,210.9675,211,210.9515,210.9955,41.34029136372659,44.642869380723205,,,
1767824100,210.9955,211.004,210.948,210.969,38.91513464586636,44.2455563842948,,,
1767825000,210.969,211,210.8755,211,43.11886663856189,44.509977591071625,,,
1767825900,211,211.0035,210.895,210.904,35.07005040834932,43.93732141555425,,,
1767826800,210.904,210.906,210.83,210.856,31.867021651401018,42.8735880039501,,,
1767827700,210.856,210.8945,210.8535,210.8895,36.24361678435667,42.2491879737193,,,
1767828600,210.8895,210.9495,210.8895,210.9165,39.61061764460989,41.69346897491106,,,
1767829500,210.9165,210.949,210.8935,210.8955,37.93268932857251,40.91180141592069,,,
1767830400,210.8955,211.0215,210.8685,210.9945,48.91837308219544,40.94026124185906,,,
1767831300,210.9945,211.0185,210.9265,210.9405,44.311330718497956,40.77407054427156,,,
1767832200,210.9405,211.0255,210.9305,210.9995,49.866774803589195,40.86824282136217,,,
1767833100,210.9995,211.025,210.9495,211.009,50.719257283314214,41.242485004971634,,,
1767834000,211.009,211.026,210.938,210.97,47.17293348508668,41.61478720035642,,,
1767834900,210.97,211.0755,210.9575,211.0505,54.27911202057907,42.81186213276476,,,
1767835800,211.0505,211.153,211.015,211.15,61.222498325669555,44.23201977290355,,,
1767836700,211.15,211.1615,211.0965,211.1405,60.281207506056056,45.75816783434567,,,
1767837600,211.1405,211.1475,211.07,211.1095,57.19116475196618,46.763331985303125,,,
1767838500,211.1095,211.149,211.08,211.093,55.55870824731559,48.22680754522929,,,
1767839400,211.093,211.112,211.065,211.0865,54.89396887179188,49.87158948954293,,,
1767840300,211.0865,211.093,211.0435,211.051,51.28495210992447,50.945970584226345,,,
1767841200,211.051,211.0525,210.9855,210.9895,45.681725196281164,51.37962112363143,,,
1767842100,210.9895,210.9905,210.873,210.921,40.38865357347491,51.55504714112447,,,
1767843000,210.921,211.008,210.907,210.9995,47.84648595835793,51.47848377513607,,,
1767843900,210.9995,211.0105,210.947,210.9965,47.60138806106831,51.713487871033955,,,
1767844800,210.9965,211.006,210.902,210.9655,45.0342031941142,51.36830418464289,,,
1767845700,210.9655,210.9775,210.9105,210.9105,40.82720034601401,50.661728689121446,,,
1767846600,210.9105,210.961,210.868,210.954,45.188475202665586,50.51998166894851,,,
1767847500,210.954,210.9565,210.8875,210.911,41.9008798027277,49.635822224816266,,,
1767848400,210.911,210.9155,210.789,210.794,34.53796868475992,47.729784393322724,,,
1767849300,210.794,210.885,210.787,210.8525,40.196547394077875,46.295165813895714,,,
1767850200,210.8525,210.9075,210.82,210.832,38.926709576234614,44.990561872772034,,,
1767851100,210.832,210.8735,210.8135,210.85,40.69816791617456,43.92909470626195,,,
1767852000,210.85,210.8515,210.675,210.69,31.85370063790525,42.283361260984336,,,
1767852900,210.69,210.691,210.575,210.663,30.643483178207347,40.80897062300454,,,
1767853800,210.663,210.757,210.639,210.731,37.12276387783144,40.19761624311527,,,
1767854700,210.731,210.7755,210.678,210.7585,39.580988699808735,40.13992589499627,,,
1767855600,210.7585,210.7585,210.6595,210.732,38.03772358896734,39.43930001146837,,,
1767856500,210.732,210.8155,210.6495,210.656,33.94945762014494,38.464162122830984,,,
1767857400,210.656,210.7145,210.5865,210.62,32.184844011972785,37.546350752678016,,,
1767858300,210.62,210.6925,210.3845,210.3845,23.558343860349083,36.31286100370195,,,
1767859200,210.3845,210.4455,210.312,210.4375,28.221170199279683,35.100910646317246,,,
1767860100,210.4375,210.52,210.3735,210.4475,29.099938892809433,34.186557724180226,,,
1767861000,210.4475,210.6175,210.43,210.6155,41.95652282655381,34.71645444859407,,,
1767861900,210.6155,210.631,210.5115,210.5925,40.86401819553884,34.76413093441271,,,
1767862800,210.5925,210.625,210.55,210.617,42.57922227188623,35.02502469838783,,,
1767863700,210.617,210.652,210.585,210.595,41.4175342576095,35.076408008490326,,,
1767864600,210.595,210.6225,210.5365,210.5675,39.9502769711759,35.654734889438224,,,
1767865500,210.5675,210.6525,210.547,210.6395,45.40370621614557,36.70903653500523,,,
1767866400,210.6395,210.743,210.6385,210.7285,51.292141465074266,37.721134934094,,,
1767867300,210.7285,210.745,210.6255,210.661,47.13953755097927,38.26103128060619,,,
1767868200,210.661,210.6685,210.6125,210.6345,45.57939244195656,38.79972191296257,,,
1767869100,210.6345,210.703,210.6175,210.694,49.61179893244153,39.918460578126606,,,
1767870000,210.694,210.762,210.681,210.7565,53.50870798096048,41.441593718768594,,,
1767870900,210.7565,210.81,210.727,210.7605,53.75520909905074,43.59851266439013,,,
1767871800,210.7605,210.804,210.75,210.7945,55.895786653699844,45.575270982563,,,
1767872700,210.7945,210.8315,210.752,210.7565,52.94599961982883,47.27856103449296,,,
1767873600,210.7565,210.8145,210.728,210.729,50.854421506495584,47.914125225917374,,,
1767874500,210.729,210.7515,210.688,210.707,49.18059893431215,48.508166707258326,,,
1767875400,210.707,210.709,210.6,210.6225,43.287282797076166,48.558742459057605,,,
1767876300,210.6225,210.702,210.5915,210.611,42.54016190899724,48.63893014844245,,,
1767877200,210.611,210.646,210.5725,210.626,43.90025777628552,48.9210716345217,,,
1767878100,210.626,210.697,210.603,210.6485,45.96633014895744,48.961259058293976,,,
1767879000,210.6485,210.708,210.602,210.67,47.93936497529815,48.721775023309974,,,
1767879900,210.67,210.7015,210.517,210.6985,50.51867016905886,48.96314163888708,,,
1767880800,210.6985,210.7635,210.658,210.692,49.91131122573722,49.272564409157134,,,
1767881700,210.692,210.796,210.6905,210.743,54.53039853688849,49.623892952331914,,,
1767882600,210.743,210.9555,210.7125,210.8895,64.62275623651124,50.41775354201411,,,
1767883500,210.8895,210.913,210.7545,210.9,65.21863035800843,51.23656934622537,,,
1767884400,210.9,210.9605,210.7965,210.9305,66.95952327819057,52.02683624797471,,,
1767885300,210.9305,211.0275,210.9115,210.9905,70.12717726027225,53.254063222292096,,,
1767886200,210.9905,211.0495,210.9315,210.945,65.03521864933921,54.26697730392378,,,
1767887100,210.945,210.9475,210.8105,210.8405,55.13363403520412,54.69219409684464,,,
1767888000,210.8405,210.8915,210.824,210.8475,55.6210497824974,55.573177452946155,,,
1767888900,210.8475,210.8625,210.779,210.795,51.1342518168705,56.18704101779424,,,
1767889800,210.795,210.821,210.7385,210.7415,46.975632810859445,56.40671066312096,,,
1767890700,210.7415,210.8095,210.7195,210.7195,45.34259158240149,56.36215790836696,,,
1767891600,210.7195,210.726,210.651,210.675,42.15067824937359,55.94868028508664,,,
1767892500,210.675,210.6815,210.571,210.6185,38.44974434748738,55.086614154974384,,,
1767893400,210.6185,210.676,210.616,210.6545,41.94732497109768,54.517757993928704,,,
1767894300,210.6545,210.724,210.627,210.6905,45.295045661286046,53.85808993138568,,,
1767895200,210.6905,210.7125,210.617,210.6875,45.06183986683339,52.46088161926583,,,
1767896100,210.6875,210.6885,210.6315,210.661,42.957864634519034,50.87082692473087,,,
1767897000,210.661,210.7,210.6415,210.649,42.001514960958175,49.08811204492856,,,
1767897900,210.649,210.667,210.572,210.598,38.11757177081141,46.80171165282422,,,
1767898800,210.598,210.641,210.553,210.639,42.70454739328923,45.2066637059635,,,
1767899700,210.639,210.694,210.6085,210.687,47.601439192030725,44.66864978859398,,,
1767900600,210.687,210.738,210.683,210.7295,51.54989643310778,44.377853120780436,,,
1767901500,210.7295,210.83,210.7275,210.822,58.82272242133003,44.927029592527546,,,
1767902400,210.822,210.8875,210.804,210.872,62.13172400907568,46.009607535257274,,,
1767903300,210.872,210.8855,210.845,210.8515,60.00270890131986,47.05675877232288,,,
1767904200,210.8515,210.901,210.838,210.8945,62.8762441234852,48.537156334759416,,,
1767905100,210.8945,210.938,210.8765,210.892,62.594678522461756,50.261794490114724,,,
1767906000,210.892,210.951,210.8885,210.915,64.18375769135693,51.85011111299038,,,
1767906900,210.915,210.9255,210.8485,210.8535,57.18779538738751,52.699593236283356,,,
1767907800,210.8535,210.891,210.825,210.891,60.04741360860149,53.769991360695364,,,
1767908700,210.891,210.9105,210.806,210.81,51.97226470176076,54.41387707978406,,,
1767909600,210.81,210.816,210.6225,210.753,47.16547656507617,54.782731480078205,,,
1767910500,210.753,210.872,210.7195,210.7205,44.630862683115964,55.24796654524281,,,
1767911400,210.7205,210.748,210.6405,210.7465,47.08091079887229,55.56056393135589,,,
1767912300,210.7465,210.781,210.734,210.7555,47.93966263643878,55.584722748813604,,,
1767913200,210.7555,210.8535,210.749,210.8525,56.19113146486505,55.91623953679626,,,
1767914100,210.8525,210.855,210.807,210.835,54.512439915966354,55.60836221498458,,,
1767915000,210.835,210.835,210.798,210.8285,53.86871585701197,55.01814734698002,,,
1767915900,210.8285,210.845,210.7665,210.7665,48.04122968657192,54.16375597449803,,,
1767916800,210.7665,210.8665,210.7665,210.828,53.4236564569856,53.488571141176635,,,
1767917700,210.828,210.8745,210.8085,210.866,56.427160961357096,53.0480341725263,,,
1767918600,210.866,210.9235,210.8575,210.9235,60.57052266701583,52.78994595650194,,,
1767919500,210.9235,210.9695,210.8585,210.9005,58.18706144888126,52.86132210375149,,,
1767920400,210.9005,210.99,210.882,210.982,63.646057068205515,53.118368065151785,,,
1767921300,210.982,211.0505,210.9615,211.012,65.43496263549187,54.07998934613257,,,
1767922200,211.012,211.0145,210.9035,210.941,58.142840757242084,54.864086788430136,,,
1767923100,210.941,211.0425,210.9255,211.035,63.881699728900266,56.23914657741472,,,
1767924000,211.035,211.119,211.02,211.081,66.3155817088377,57.61305164241223,,,
1767924900,211.081,211.098,211.049,211.0505,63.27116074379127,58.70815865008027,,,
1767925800,211.0505,211.194,211.0245,211.15,68.37227447541956,59.5782402936913,,,
1767926700,211.15,211.1935,211.1335,211.136,66.96304208595012,60.46756902011872,,,
1767927600,211.136,211.205,211.117,211.187,69.4345405299191,61.579413639612085,,,
1767928500,211.187,211.214,211.1675,211.201,70.09589403142343,63.15474680710148,,,
1767929400,211.201,211.239,211.18,211.2385,71.85271366049858,64.47110803592383,,,
1767930300,211.2385,211.2805,211.2195,211.2745,73.46440229393667,65.6880538453938,,,
1767931200,211.2745,211.31,211.257,211.2775,73.60006202622236,66.61873522819427,,,
1767932100,211.2775,211.3115,211.225,211.257,70.93149281502748,67.52905175434758,,,
1767933000,211.257,211.297,211.2495,211.258,70.98675491950505,68.05338731515468,,,
1767933900,211.258,211.271,211.212,211.225,66.49426119877569,68.12905149824637,,,
1767934800,211.225,211.384,211.224,211.343,73.05971916081978,69.19454281278765,,,
1767935700,211.343,211.344,211.2915,211.3195,70.11315517754241,69.63964677340495,,,
1767936600,211.3195,211.373,211.297,211.3025,67.9773203648583,69.75834239169212,,,
1767937500,211.3025,211.3625,211.298,211.3615,71.25061082737444,70.32830311194807,,,
1767938400,211.3615,211.3985,211.31,211.343,68.87332011429785,70.36409208615366,,,
1767939300,211.343,211.394,211.292,211.3295,67.11357093054357,70.37484414648176,,,
1767940200,211.3295,211.3925,211.3005,211.3645,69.30339421547163,70.36547655259267,,,
1767941100,211.3645,211.4085,211.345,211.3585,68.4617888744581,70.24875475566657,,,
1767942000,211.3585,211.407,211.2895,211.3015,60.89604935380423,69.46613587661697,,,
1767942900,211.3015,211.3505,211.252,211.289,59.34715120916466,68.45776079913325,,,
1767943800,211.289,211.419,211.279,211.411,67.92276428024707,68.05223953156359,,,
1767944700,211.411,211.508,211.403,211.4845,71.78443419176082,68.11316391561596,,,
1767945600,211.4845,211.607,211.453,211.563,75.2161685348371,68.41526488813967,,,
1767946500,211.563,211.6025,211.454,211.4715,65.25371597590066,68.32665451507718,,,
1767947400,211.4715,211.4835,211.377,211.4595,64.05544254285496,67.68349189950825,,,
1767948300,211.4595,211.508,211.424,211.4845,65.47774916515642,67.35239147005211,,,
1767949200,211.4845,211.5455,211.4465,211.5155,67.21036789023651,67.29760915043627,,,
1767950100,211.5155,211.5205,211.445,211.4665,61.92035862744213,66.63116256472681,,,
1767951000,211.4665,211.4975,211.418,211.436,58.817139103720926,65.91286392111417,,,
1767951900,211.436,211.5075,211.4055,211.493,62.59043918759443,65.58978308233209,,,
1767952800,211.493,211.54,211.4475,211.473,60.495983403067996,64.96068231001755,,,
1767953700,211.473,211.4895,211.361,211.377,51.57472639298333,63.75446356134078,,,
1767954600,211.377,211.4155,211.322,211.328,47.70753210377669,62.81242661491024,,,
1767955500,211.328,211.439,211.3195,211.3915,52.661321278400116,62.334867334141336,,,
1767956400,211.3915,211.4085,211.3535,211.361,50.20137949045942,61.06905413487079,,,
1767957300,211.361,211.409,211.315,211.406,53.6421353609286,59.77317564695421,,,
1767958200,211.406,211.423,211.311,211.357,49.621671299392304,57.94499727299386,,,
1767959100,211.357,211.37,211.297,211.3625,50.07399385544422,56.86073140724697,,,
1767960000,211.3625,211.374,211.312,211.36,49.85487782653396,55.846405356081185,,,
1767960900,211.36,211.4745,211.36,211.4645,58.10697927709516,55.319921792648245,,,
1767961800,211.4645,211.5495,211.456,211.4955,60.19943001901326,54.81914051613229,,,
1767962700,211.4955,211.5615,211.49,211.5575,64.06526002138703,54.97234775855693,,,
1767963600,211.5575,211.569,211.443,211.5345,61.67214621218331,55.176276837732814,,,
1767964500,211.5345,211.593,211.487,211.503,58.451775499044885,54.88065800283642,,,
1767965400,211.503,211.7385,211.228,211.635,66.37537205411587,55.30061433505413,,,
1767966300,211.635,211.682,211.519,211.5955,62.532269919011654,56.08329601548472,,,
1767967200,211.5955,212,211.4985,211.966,76.35894207120677,58.12982529887258,,,
1767968100,211.966,211.972,211.794,211.8645,68.86171553505997,59.28699631720543,,,
1767969000,211.8645,212.001,211.8475,211.852,67.97654193522379,60.55665077754575,,,
1767969900,211.852,211.937,211.805,211.8315,66.46754355040733,61.47275136250851,,,
1767970800,211.8315,211.893,211.726,211.839,66.75828384743537,62.69679511594016,,,
1767971700,211.839,212.016,211.8245,211.9925,72.09169557965609,64.269488096241,,,
1767972600,211.9925,212.036,211.809,211.8255,60.68420504777607,65.04301146918688,,,
1767973500,211.8255,211.8885,211.781,211.832,60.94325439287696,65.24560254888557,,,
1767974400,211.832,211.9205,211.8065,211.896,63.49380149907831,65.48091479746165,,,
1767975300,211.896,211.981,211.8605,211.916,64.27885167045932,65.49617134382395,,,
1767976200,211.916,212.064,211.9105,212.035,68.60492586744766,65.99136989062855,,,
1767977100,212.035,212.044,211.9595,211.9895,65.34627018119154,66.48383379649617,,,
1767978000,211.9895,211.991,211.8195,211.824,55.095219556081766,65.67810861806517,,,
1767978900,211.824,211.8415,211.7395,211.789,53.194707077073154,65.01113984364099,,,
1767979800,211.789,211.838,211.752,211.81,54.215209344574745,63.42944464888156,,,
1767980700,211.81,211.851,211.7715,211.8385,55.62913681628835,62.484260454683586,,,
1767981600,211.8385,211.8545,211.7435,211.7905,52.678470380866614,61.39154105794379,,,
1767982500,211.7905,211.818,211.749,211.7805,52.05894852339597,60.362355698871546,,,
1767983400,211.7805,211.7955,211.7165,211.717,48.183844751469174,59.03561004915968,,,
1767984300,211.717,211.755,211.6645,211.698,47.05519273814642,57.247288417623274,,,
1767985200,211.698,211.713,211.6375,211.6985,47.09031600183852,56.27629634291345,,,
1767986100,211.6985,211.711,211.6605,211.669,45.18569253718573,55.15075621036408,,,
1767987000,211.669,211.695,211.648,211.6845,46.41211061478102,53.930635432914265,,,
1767987900,211.6845,211.707,211.669,211.674,45.66671527883466,52.601197119226796,,,
1767988800,211.674,211.7325,211.672,211.689,46.97682516496013,51.05633278333483,,,
1767989700,211.689,211.709,211.6745,211.683,46.49389716302031,49.70973471060831,,,
1767990600,211.683,211.7025,211.649,211.6995,48.074761502006034,49.20827342103148,,,
1767991500,211.6995,211.6995,211.638,211.671,45.570275896228864,48.66367119382831,,,
1767992400,211.671,211.7265,211.6685,211.682,46.72390523627991,48.12857804323583,,,
1767993300,211.682,211.6885,211.623,211.635,42.57202929382062,47.1959275059167,,,
1767994200,211.635,211.6825,211.625,211.628,41.97379903212838,46.43130812386397,,,
1767995100,211.628,211.685,211.5945,211.63,42.223609751164545,45.728783925847445,,,
1768168800,211.63,211.897,211.63,211.7275,52.87482599263695,46.06385401450228,,,
1768169700,211.7275,211.8485,211.726,211.8255,60.71433780224611,47.03950723336654,,,
1768170600,211.8255,211.8605,211.798,211.8125,59.304954921534204,47.91198144191624,,,
1768171500,211.8125,211.8705,211.7285,211.7285,51.057533647102744,48.33139866405317,,,
1768172400,211.7285,211.8115,211.6275,211.7545,53.22579848103122,48.818090654499606,,,
1768173300,211.7545,211.8295,211.7515,211.8175,58.07281064923679,49.70424032381404,,,
1768174200,211.8175,211.8725,211.787,211.8125,57.562980937102296,50.460394307538486,,,
1768175100,211.8125,211.857,211.7935,211.81,57.29214762176651,51.23169791173465,,,
1768176000,211.81,211.8785,211.781,211.829,58.87578135847947,52.00319933005418,,,
1768176900,211.829,211.9025,211.7595,211.761,51.513564444762444,52.42771994066372,,,
1768177800,211.761,211.848,211.7055,211.7345,48.94493573524559,52.586364976304125,,,
1768178700,211.7345,211.776,211.6795,211.701,45.83359704587678,52.81933410145099,,,
1768179600,211.701,211.8005,211.651,211.7495,50.71797933965889,53.44391840913174,,,
1768180500,211.7495,211.815,211.712,211.798,55.08014982014513,54.362242699773205,,,
1768181400,211.798,211.8615,211.7825,211.811,56.19928268109146,54.599703891805675,,,
1768182300,211.811,211.834,211.7495,211.816,56.64666334797378,54.309155716500506,,,
1768183200,211.816,211.8665,211.795,211.834,58.29801622976244,54.23723152423109,,,
1768184100,211.834,211.942,211.8135,211.9355,66.13203610606965,55.313981699871604,,,
1768185000,211.9355,212.0845,211.9265,212.08,73.7052942101941,56.77680282338325,,,
1768185900,212.08,212.177,212.0355,212.151,76.48737634663563,58.09212894462602,,,
1768186800,212.151,212.1515,212.0805,212.1055,71.282367426201,59.072085122418784,,,
1768187700,212.1055,212.1865,212.103,212.157,73.48201334632354,60.22850410274429,,,
1768188600,212.157,212.2055,212.136,212.146,72.20976983938574,61.18093185138044,,,
1768189500,212.146,212.2465,212.1395,212.206,74.7751998919761,62.84247724046713,,,
1768190400,212.206,212.3,212.206,212.2635,76.96939230742177,64.84422413847972,,,
1768191300,212.2635,212.2805,212.2075,212.227,72.64934612946479,66.75963478730743,,,
1768192200,212.227,212.232,212.1745,212.1995,69.48498659460462,68.10013530551784,,,
1768193100,212.1995,212.274,212.191,212.2435,71.61529811391144,69.28121732650115,,,
1768194000,212.2435,212.284,212.194,212.273,72.97740331999323,70.47965451499412,,,
1768194900,212.273,212.3215,212.24,212.3135,74.76760700317499,71.77400763322278,,,
1768195800,212.3135,212.3755,212.313,212.315,74.83410501581933,72.95515683222685,,,
1768196700,212.315,212.329,212.251,212.2605,67.83862983222932,73.0770563840954,,,
1768197600,212.2605,212.2955,212.213,212.285,69.23109382637102,72.75747064239376,,,
1768198500,212.285,212.301,212.22,212.238,63.54700356827779,71.83315830108248,,,
1768199400,212.238,212.3165,212.2275,212.307,67.73517971290795,71.57978775013297,,,
1768200300,212.307,212.3855,212.279,212.3535,70.21846876937663,71.34667742320819,,,
1768201200,212.3535,212.396,212.2665,212.272,61.311511187782514,70.5682303766651,,,
1768202100,212.272,212.306,212.2175,212.2375,57.959913167724494,69.36713846778999,,,
1768203000,212.2375,212.246,212.117,212.128,48.8351404961234,67.35754905269724,,,
1768203900,212.128,212.219,212.0985,212.214,54.84750248204009,66.0859887921669,,,
1768204800,212.214,212.3215,212.136,212.255,57.416617672154466,65.22396244056333,,,
1768205700,212.255,212.3305,212.2305,212.237,55.91249248386537,64.1023334669886,,,
1768206600,212.237,212.247,212.131,212.2345,55.69426520154893,62.86782360138544,,,
1768207500,212.2345,212.3265,212.2155,212.325,61.545419178162895,61.92338161388458,,,
1768208400,212.325,212.41,212.2755,212.392,65.20864608139792,61.23584883285447,,,
1768209300,212.392,212.446,212.3575,212.44,67.59062295068168,61.21813405560108,,,
1768210200,212.44,212.482,212.3935,212.4195,65.52721441185795,60.95357124027872,,,
1768211100,212.4195,212.444,212.3775,212.4295,66.07133649137924,61.13388073478596,,,
1768212000,212.4295,212.5145,212.3885,212.5,69.7021622428777,61.274379486926655,,,
1768212900,212.5,212.5245,212.4145,212.5215,70.730848215017,61.31097801875812,,,
1768213800,212.5215,212.604,212.5025,212.5995,74.15873017783329,62.22863651804746,,,
1768214700,212.5995,212.645,212.558,212.645,75.92965267968697,63.512189340330494,,,
1768215600,212.645,212.645,212.5515,212.6205,73.02755621425713,65.2402190344829,,,
1768216500,212.6205,212.681,212.616,212.6555,74.52549096776508,66.64578964060613,,,
1768217400,212.6555,212.656,212.52,212.525,60.936754636983146,66.89722799523675,,,
1768218300,212.525,212.541,212.435,212.523,60.75392242408752,67.24304441953832,,,
1768219200,212.523,212.684,212.5085,212.632,66.63026767097897,68.02418745306905,,,
1768220100,212.632,212.635,212.5375,212.571,61.1152296127933,67.99345962697122,,,
1768221000,212.571,212.6485,212.5535,212.635,64.44078330353362,67.93861228569519,,,
1768221900,212.635,212.6765,212.56,212.5615,58.276662449168526,67.27332939272996,,,
1768222800,212.5615,212.643,212.5395,212.596,60.201074722902455,66.89289084351886,,,
1768223700,212.596,212.6765,212.5925,212.645,62.82376016894144,66.66092110620187,,,
1768224600,212.645,212.6885,212.638,212.6675,63.9969944401199,66.25340912029058,,,
1768225500,212.6675,212.7985,212.644,212.7985,69.94429240124302,66.19722656216388,,,
1768226400,212.7985,212.82,212.699,212.7215,63.32294799819483,65.42324212076115,,,
1768227300,212.7215,212.7665,212.667,212.736,64.01381065451187,64.57211054753434,,,
1768228200,212.736,212.841,212.73,212.7645,65.39360756005283,64.02682850080545,,,
1768229100,212.7645,212.8205,212.746,212.8005,67.10913220757617,63.49708858936339,,,
1768230000,212.8005,212.8435,212.7295,212.7515,62.56305464307455,63.61325287551278,,,
1768230900,212.7515,212.777,212.6895,212.749,62.33105447238728,63.725905164677044,,,
1768231800,212.749,212.8405,212.728,212.8125,65.80012607909704,63.66660933668548,,,
1768232700,212.8125,212.8915,212.7595,212.875,68.84167546925383,64.21849832643265,,,
1768233600,212.875,212.9155,212.823,212.884,69.2655554561327,64.56312490876117,,,
1768234500,212.884,212.9535,212.844,212.9455,72.06244023270976,65.54782332187125,,,
1768235400,212.9455,213.018,212.907,212.916,68.82695553901617,66.16395766587938,,,
1768236300,212.916,212.985,212.9045,212.946,70.28794472584181,66.69711370565797,,,
1768237200,212.946,213.0005,212.87,212.93,68.44549327996309,67.01486362278963,,,
1768238100,212.93,212.9335,212.801,212.8215,57.448194372848164,66.12228519218999,,,
1768239000,212.8215,212.8655,212.753,212.8535,59.51427839669595,65.8502373635115,,,
1768239900,212.8535,212.86,212.817,212.853,59.465693511199326,65.52537185327489,,,
1768240800,212.853,212.853,212.7405,212.767,51.654751427845184,64.54402498668863,,,
1768241700,212.767,212.814,212.75,212.789,53.34309852680482,63.56073686663353,,,
1768242600,212.789,212.838,212.786,212.807,54.735922146920245,63.001655974051076,,,
1768243500,212.807,212.856,212.8045,212.835,56.891734651410644,62.613133129695605,,,
1768244400,212.835,212.8755,212.8095,212.8745,59.80045640920196,62.18458529613167,,,
1768245300,212.8745,212.902,212.855,212.886,60.633286146128036,61.59827177305125,,,
1768246200,212.886,212.903,212.86,212.8765,59.53598683565594,60.903302585874336,,,
1768247100,212.8765,212.964,212.875,212.9495,64.80657911479358,60.3850267917375,,,
1768248000,212.9495,212.969,212.9305,212.934,62.93220223254408,59.96397298413235,,,
1768248900,212.934,212.966,212.932,212.966,65.17180866926367,59.59853469437677,,,
1768249800,212.966,213.0015,212.965,212.968,65.31287000458663,59.374775888992744,,,
1768250700,212.968,213.003,212.966,212.975,65.834446790758,59.97379391884345,,,
1768251600,212.975,213.013,212.939,212.965,64.345917023326,60.31891096360273,,,
1768252500,212.965,213.0085,212.9475,212.991,66.46873291330368,60.81912806375304,,,
1768253400,212.991,212.9985,212.96,212.986,65.65911626190865,61.81943983761472,,,
1768254300,212.986,213.0115,212.9705,212.9825,65.06170937541283,62.656483469658156,,,
1768255200,212.9825,212.9825,212.7905,212.8595,48.396496502585755,62.20366735220569,,,
1768256100,212.8595,212.92,212.8555,212.881,50.770226226180085,61.7664167504035,,,
1768257000,212.881,212.936,212.878,212.9305,55.81017147676782,61.48139639808678,,,
1768257900,212.9305,212.957,212.8735,212.879,50.06718413883433,60.72667482613723,,,
1768258800,212.879,212.9785,212.879,212.9575,57.28281402160405,60.56573391084781,,,
1768259700,212.9575,212.977,212.681,212.8365,46.200400977846954,59.236721186780194,,,
1768260600,212.8365,212.864,212.7845,212.804,43.75195713948857,57.86670368013337,,,
1768261500,212.804,212.804,212.6875,212.734,38.96245788340301,55.99460719542905,,,
1768262400,212.734,212.8595,212.725,212.8595,49.61238826091529,54.873144213738236,,,
1768263300,212.8595,212.943,212.859,212.8695,50.35568160107249,53.7675181287607,,,
1768264200,212.8695,212.9975,212.8455,212.9905,58.3598900255293,53.339944771775215,,,
1768265100,212.9905,213.185,212.9515,213.1435,65.85625516731271,53.29619636134729,,,
1768266000,213.1435,213.2515,213.1395,213.195,67.94793568711626,53.45968346314783,,,
1768266900,213.195,213.399,213.191,213.3855,74.23545243011043,54.11495082419766,,,
1768267800,213.3855,213.448,213.3835,213.429,75.42112327465324,56.04528130791677,,,
1768268700,213.429,213.4965,213.428,213.484,76.870451943551,57.909583144871824,,,
1768269600,213.484,213.526,213.3835,213.3845,68.94943997843819,58.84810232356257,,,
1768270500,213.3845,213.636,213.3525,213.612,75.23336785958487,60.64568687504475,,,
1768271400,213.612,213.7555,213.609,213.735,77.84408509864295,62.11434909483325,,,
1768272300,213.735,213.8115,213.735,213.7735,78.60433939800875,64.4289161248448,,,
1768273200,213.7735,213.878,213.7575,213.8275,79.65864563524337,66.99367958882729,,,
1768274100,213.8275,213.8805,213.8035,213.8665,80.40947738351437,69.95418098169239,,,
1768275000,213.8665,213.9365,213.85,213.907,81.18611143689269,72.20944692283364,,,
1768275900,213.907,213.945,213.8595,213.927,81.574572624321,74.43936771020853,,,
1768276800,213.927,213.9995,213.922,213.9915,82.80746028141802,76.18562272848628,,,
1768277700,213.9915,214.0595,213.7415,213.857,71.98999887338476,76.62374727892002,,,
1768278600,213.857,213.939,213.817,213.898,73.14180394119863,76.99473786849732,,,
1768279500,213.898,214.027,213.856,213.862,70.40421737324334,76.72107822157827,,,
1768280400,213.862,213.986,213.842,213.9145,72.0473287288492,76.48009289687798,,,
1768281300,213.9145,213.9695,213.8685,213.9695,73.6949749168745,76.25327310925822,,,
1768282200,213.9695,213.9735,213.8815,213.948,71.91056833814635,76.4647822778088,,,
1768283100,213.948,213.983,213.8815,213.919,69.46724883729297,76.05291663335937,,,
1768284000,213.919,214.045,213.9175,214.0055,72.47172854541023,75.66917687955704,,,
1768284900,214.0055,214.084,213.956,214.075,74.63170032358639,75.38541694566972,,,
1768285800,214.075,214.076,213.9985,214.012,69.32187920984526,74.64707648671272,,,
1768286700,214.012,214.044,213.866,213.8985,60.913537194021956,73.2545093303204,,,
1768287600,213.8985,213.961,213.8545,213.9575,63.3988207858266,71.98398856952997,,,
1768288500,213.9575,213.997,213.865,213.909,60.0203327030518,70.44440000372502,,,
1768289400,213.909,213.942,213.855,213.9255,60.785946648828286,68.87143474425433,,,
1768290300,213.9255,214.07,213.9135,214.052,66.13964003934689,68.45355197039449,,,
1768291200,214.052,214.0995,213.967,214.0605,66.47088322810612,67.97705763374502,,,
1768292100,214.0605,214.0895,214.0145,214.0515,65.73759040531334,67.64372713603574,,,
1768293000,214.0515,214.142,214.0405,214.14,69.32156284346121,67.44902957279375,,,
1768293900,214.14,214.296,214.1025,214.1865,71.03591835168042,67.25909696099417,,,
1768294800,214.1865,214.2915,214.128,214.2155,72.08366384877546,67.2714609260391,,,
1768295700,214.2155,214.2155,214.1385,214.195,70.15180480584856,67.32035778093592,,,
1768296600,214.195,214.2155,214.129,214.146,65.62458037882098,66.8312757690367,,,
1768297500,214.146,214.2065,214.1355,214.1995,68.04906343784319,66.36108742005503,,,
1768298400,214.1995,214.2705,214.173,214.1935,67.47429665208608,66.22911723735795,,,
1768299300,214.1935,214.218,214.0675,214.073,57.05205206540973,65.95329687102851,,,
1768300200,214.073,214.123,214.009,214.0435,54.8196184391077,65.34049670340572,,,
1768301100,214.0435,214.0705,213.935,213.937,47.58103701570026,64.45197558288062,,,
1768302000,213.937,214.046,213.9045,214.025,53.0926203272796,63.90245227419857,,,
1768302900,214.025,214.1095,214.0185,214.083,56.35023607332386,63.20320913376835,,,
1768303800,214.083,214.0875,214.0035,214.041,53.45519594181816,62.27351718474778,,,
1768304700,214.041,214.06,213.975,214.0235,52.25064832221464,61.310164178812165,,,
1768305600,214.0235,214.043,213.9785,214,50.60167570483137,59.973029383195744,,,
1768306500,214,214.0505,214,214.0265,52.42499730515715,58.643677879872655,,,
1768307400,214.0265,214.0455,213.9325,213.9535,47.25102646225196,56.869918066549545,,,
1768308300,213.9535,213.9595,213.867,213.89,43.25222735979488,54.94851967754572,,,
1768309200,213.89,213.89,213.777,213.814,38.99831329025857,53.04664345693412,,,
1768310100,213.814,213.8495,213.772,213.8255,39.960558615349306,51.04032168389883,,,
1768311000,213.8255,214.0905,213.8115,213.97,50.521751488877634,49.82942560081251,,,
1768311900,213.97,214.11,213.944,214.095,57.48821712761679,49.860580248113024,,,
1768312800,214.095,214.146,213.9535,214.075,56.1265492580911,49.95393244946899,,,
1768313700,214.075,214.084,213.9295,213.963,49.11125217282305,50.063233532120606,,,
1768314600,213.963,214.066,213.8555,213.8635,43.86568575929564,49.404166777264614,,,
1768315500,213.8635,213.9175,213.8145,213.875,44.602170201803105,48.56501921501313,,,
1768316400,213.875,213.975,213.762,213.8865,45.373995965944545,47.987790645307875,,,
1768317300,213.8865,213.899,213.6775,213.709,36.84193177325223,46.887168034667695,,,
1768318200,213.709,213.7925,213.61,213.725,37.974139700951824,45.98520117724773,,,
1768319100,213.725,213.788,213.538,213.6315,34.12434166490199,44.67801148865807,,,
1768320000,213.6315,213.7115,213.587,213.6835,37.895293068747385,44.00974481769346,,,
1768320900,213.6835,213.783,213.654,213.759,42.99739317850826,43.99154237617298,,,
1768321800,213.759,213.8315,213.7325,213.758,42.947066797815374,44.27359619814133,,,
1768322700,213.758,213.7665,213.6635,213.6975,39.90400926742689,44.269556959004014,,,
1768323600,213.6975,213.769,213.6565,213.7245,41.883128485165024,43.652512458738826,,,
1768324500,213.7245,213.7275,213.631,213.688,39.96692773619285,42.40099178792283,,,
1768325400,213.688,213.7005,213.526,213.526,32.79526484019749,40.734471472359004,,,
1768326300,213.526,213.6455,213.503,213.6305,40.244061715072476,40.10110072537682,,,
1768327200,213.6305,213.6355,213.501,213.5965,38.73957479275547,39.73494994205253,,,
1768328100,213.5965,213.6585,213.589,213.6525,42.54915255764678,39.58830582461279,,,
1768329000,213.6525,213.7225,213.6405,213.7165,46.63367042909998,39.67828257198103,,,
1768329900,213.7165,213.7635,213.7045,213.7495,48.66048838727331,40.52246518726825,,,
1768330800,213.7495,213.7525,213.6605,213.6615,43.87508258077833,40.94396110725586,,,
1768331700,213.6615,213.7195,213.6615,213.6975,46.205762203745884,41.80691971717329,,,
1768332600,213.6975,213.76,213.689,213.7205,47.700063069031074,42.50726043147927,,,
1768333500,213.7205,213.8045,213.7005,213.7715,50.95346446588762,43.07555123772064,,,
1768334400,213.7715,213.7815,213.729,213.751,49.61736572401153,43.55200116102037,,,
1768335300,213.751,213.762,213.7175,213.723,47.77467915817882,44.114191867502655,,,
1768336200,213.723,213.7875,213.702,213.759,50.32885666551987,44.717458166099426,,,
1768337100,213.759,213.759,213.688,213.7015,46.42352352542972,45.17864357961634,,,
1768338000,213.7015,213.72,213.677,213.6855,45.368570934110664,46.076736872038715,,,
1768338900,213.6855,213.7085,213.6605,213.7025,46.75310222549431,46.54166833706885,,,
1768339800,213.7025,213.713,213.6745,213.6875,45.65368367415339,47.0355332571687,,,
1768340700,213.6875,213.701,213.576,213.576,38.421138578649746,46.74067511581177,,,
1768341600,213.576,213.6915,213.5585,213.683,47.08459239095629,46.77288382737294,,,
1768342500,213.683,213.683,213.5715,213.594,41.81494181246187,46.2839162148864,,,
1768343400,213.594,213.6035,213.575,213.596,41.972109931543436,46.14798959708391,,,
1768344300,213.596,213.6595,213.583,213.6055,42.7629856596899,45.9020769867942,,,
1768345200,213.6055,213.693,213.5965,213.6605,47.245814500774344,45.869630660490145,,,
1768346100,213.6605,213.671,213.6505,213.6605,47.245814500774344,45.60479852012491,,,
1768347000,213.6605,213.7585,213.6595,213.7435,53.60538171008354,45.889656804844336,,,
1768347900,213.7435,213.75,213.6915,213.7405,53.3550166360252,46.28825233897622,,,
1768348800,213.7405,213.791,213.695,213.7665,55.303409474701105,46.64357753963202,,,
1768349700,213.7665,213.7795,213.5865,213.637,45.18053112199386,46.554792367958036,,,
1768350600,213.637,213.706,213.619,213.694,49.557175674865576,46.853978420869105,,,
1768351500,213.694,213.774,213.6405,213.7535,53.71155227991732,47.351010567613606,,,
1768352400,213.7535,213.937,213.7515,213.9265,63.2012669785092,48.60440937506759,,,
1768353300,213.9265,213.992,213.909,213.936,63.64206730324541,50.40590428396728,,,
1768354200,213.936,214.0115,213.9025,213.9335,63.42674819494089,51.57320112710904,,,
1768355100,213.9335,213.9405,213.8315,213.876,58.52248704994477,52.76659721550067,,,
1768356000,213.876,213.957,213.848,213.953,62.68359086659246,54.24598871086131,,,
1768356900,213.953,213.9705,213.848,213.88,56.85965137034761,55.25289340447972,,,
1768357800,213.88,213.999,213.854,213.981,62.10557014039787,56.31430452159568,,,
1768358700,213.981,213.9895,213.8845,213.9085,56.76913198129943,56.994541484490334,,,
1768359600,213.9085,213.938,213.8315,213.9055,56.55259037107734,57.205056388847034,,,
1768360500,213.9055,213.981,213.9025,213.98,60.57444715434399,57.72072999729837,,,
1768361400,213.98,214.009,213.88,213.919,56.00320877094832,57.77071566131603,,,
1768362300,213.919,214.0055,213.9095,213.993,59.95156665052075,58.82578962763938,,,
1768363200,213.993,214.04,213.9645,214.009,60.77129956581347,59.6267984769928,,,
1768364100,214.009,214.033,213.9765,214.016,61.1460009592729,60.1578305255182,,,
1768365000,214.016,214.03,213.98,213.9995,59.69851128021868,59.90763368992602,,,
1768365900,213.9995,214.031,213.959,213.969,57.011848741885366,59.43404664982888,,,
1768366800,213.969,214.021,213.949,214.0035,59.24605475013048,59.135425689485274,,,
1768367700,214.0035,214.0655,213.973,214.0595,62.64021562797495,59.429549159344575,,,
1768368600,214.0595,214.1125,214.039,214.0855,64.13376161965171,59.5331327845631,,,
1768369500,214.0855,214.1035,214.06,214.077,63.243615727504334,59.98913023864572,,,
1768370400,214.077,214.0955,213.9605,214.019,57.39024160705979,59.652321057692994,,,
1768371300,214.019,214.066,214.0065,214.066,60.574588515078275,59.924139381534346,,,
1768372200,214.066,214.0975,213.908,213.9735,52.291851371622535,59.61980088157328,,,
1768373100,213.9735,214.044,213.9565,214.0035,54.46645006287344,59.18351537503968,,,
1768374000,214.0035,214.0685,213.9725,214.046,57.427004979607084,59.285215104229586,,,
1768374900,214.046,214.0475,213.951,214.003,53.62777487949707,58.83351569201362,,,
1768375800,214.003,214.049,213.9955,214.0275,55.43677403789358,58.45247815430505,,,
1768376700,214.0275,214.034,213.859,213.926,47.21855418088813,57.45766052727756,,,
1768377600,213.926,213.9515,213.7795,213.887,44.48945014373115,56.37129901752845,,,
1768378500,213.887,213.932,213.773,213.802,39.17503149655875,55.097240642862275,,,
1768379400,213.802,213.824,213.567,213.7715,37.44650663327491,53.54013006308687,,,
1768380300,213.7715,213.8655,213.7025,213.758,36.67514727024124,51.68548232324874,,,
1768381200,213.758,213.7655,213.632,213.6525,31.25651823147936,49.33710779552215,,,
1768382100,213.6525,213.6825,213.4645,213.6295,30.208644737075403,46.977467010491516,,,
1768383000,213.6295,213.763,213.6265,213.698,36.98448508326424,45.519912973077545,,,
1768383900,213.698,213.715,213.597,213.646,34.26486631335969,43.64064710152621,,,
1768384800,213.646,213.646,213.5385,213.6255,33.22752506266636,42.27890950802935,,,
1768385700,213.6255,213.6575,213.5165,213.5625,30.2015001837145,40.545698802375135,,,
1768386600,213.5625,213.5975,213.361,213.381,23.54801054404878,38.12577062840669,,,
1768387500,213.381,213.526,213.329,213.492,33.23523429644176,36.66916058675987,,,
1768388400,213.492,213.514,213.397,213.4925,33.276247407317626,35.086265827433024,,,
1768389300,213.4925,213.534,213.4595,213.485,32.94928537437747,34.06703234125369,,,
1768390200,213.485,213.543,213.4395,213.536,37.45002333568397,33.56421614067889,,,
1768391100,213.536,213.589,213.296,213.461,33.851427480452685,33.18395871095703,,,
1768392000,213.461,213.465,212.8325,213.3865,30.696103711330878,32.70178707367532,,,
1768392900,213.3865,213.462,213.3135,213.354,29.4083029512539,32.18272676517622,,,
1768393800,213.354,213.3615,213.195,213.231,25.11404164750202,31.74397843774927,,,
1768394700,213.231,213.2985,213.1825,213.2975,30.98193858947988,31.799213712921016,,,
1768395600,213.2975,213.3315,213.157,213.205,27.727355878349684,31.137990198284257,,,
1768396500,213.205,213.317,213.1685,213.292,34.67775912793782,31.167482542182693,,,
1768397400,213.292,213.3785,213.194,213.2475,32.93316284889768,31.146456669770647,,,
1768398300,213.2475,213.3035,213.193,213.2305,32.26535132614825,31.293874608515914,,,
1768399200,213.2305,213.3325,212.9445,213.017,25.320958880489357,31.420513775404526,,,
1768400100,213.017,213.1425,212.875,212.9065,22.608748005864484,30.661479040363293,,,
1768401000,212.9065,213.061,212.8765,212.941,25.299109176552804,30.09168345245152,,,
1768401900,212.941,213.014,212.868,212.8965,24.133726137109505,29.462000649789523,,,
1768402800,212.8965,213.134,212.896,213.096,37.93652410471845,29.49675070472056,,,
1768403700,213.096,213.096,212.8915,212.904,31.917917740888058,29.358642866180226,,,
1768404600,212.904,212.9255,212.7295,212.773,28.585640813279625,29.207895516319418,,,
1768405500,212.773,212.851,212.728,212.7745,28.67746095889457,29.15569251686518,,,
1768406400,212.7745,212.828,212.7405,212.8255,31.88420194947109,29.639275395577254,,,
1768407300,212.8255,212.871,212.786,212.8325,32.33389977008106,29.73584405133448,,,
1768408200,212.8325,212.843,212.6835,212.6955,28.38425813851906,29.782765641346582,,,
1768409100,212.6955,212.6955,212.57,212.5965,25.920270915616754,29.157230769037934,,,
1768410000,212.5965,212.6685,212.555,212.661,30.173237897969372,28.96009327254305,,,
1768410900,212.661,212.6885,212.6175,212.657,30.057988808170435,28.802424521258924,,,
1768411800,212.657,212.696,212.584,212.689,32.28625510063388,29.299945679840672,,,
1768412700,212.689,212.701,212.6295,212.6295,30.35009737315113,29.85289920607543,,,
1768413600,212.6295,212.723,212.6285,212.7065,35.72217952119118,30.597404230692458,,,
1768414500,212.7065,212.7595,212.7,212.728,37.179174937827085,31.529222002172286,,,
1768415400,212.728,212.7415,212.596,212.637,33.69754272689781,31.22643761804224,,,
1768416300,212.637,212.77,212.6225,212.7695,42.18679362928873,31.959928752928,,,
1768417200,212.7695,212.7805,212.706,212.725,40.31961882266246,32.79807003931249,,,
1768418100,212.725,212.819,212.712,212.751,41.936614414908306,33.745152429027755,,,
1768419000,212.751,212.831,212.745,212.8225,46.24958454471371,34.7712511858308,,,
1768419900,212.8225,212.8945,212.8125,212.8865,49.84112295657196,36.021767127723,,,
1768420800,212.8865,213.0665,212.8475,213.0255,56.62067487609503,38.038654037549854,,,
1768421700,213.0255,213.039,213.0005,213.0045,55.402329581223384,40.144515370807476,,,
1768422600,213.0045,213.054,212.9705,212.9775,53.7994448354879,41.83210158063023,,,
1768423500,212.9775,213.031,212.9775,213.03,56.43855070340467,43.71642743028981,,,
1768424400,213.03,213.096,213.018,213.0425,57.067379481471185,45.486507743206765,,,
1768425300,213.0425,213.065,212.9775,213.015,55.180168416284076,47.2600842462877,,,
1768426200,213.015,213.024,212.97,212.986,53.18281971746105,48.50727283173554,,,
1768427100,212.986,213.0885,212.983,213.019,55.17132784210796,49.79242661061274,,,
1768428000,213.019,213.0415,212.834,212.9635,51.23027270634067,51.04476446628723,,,
1768428900,212.9635,213.0215,212.944,212.996,53.332541693410235,51.8408893280102,,,
1768429800,212.996,212.9985,212.742,212.8165,42.44898104804806,51.992986629823456,,,
1768430700,212.8165,212.8315,212.7025,212.7245,38.15163851051013,51.72263120808073,,,
1768431600,212.7245,212.8025,212.7105,212.7185,37.88228848813546,51.12496720403943,,,
1768432500,212.7185,212.8285,212.7175,212.8275,45.42088107301767,50.809235640928414,,,
1768433400,212.8275,212.9235,212.8215,212.8895,49.19755358154196,50.279012691317476,,,
1768434300,212.8895,212.9435,212.8535,212.926,51.332597590283264,49.988317549107464,,,
1768435200,212.926,213.022,212.926,213.006,55.72463619922833,50.12583121794607,,,
1768436100,213.006,213.034,212.899,212.992,54.792726934019896,50.00827237727572,,,
1768437000,212.992,213.024,212.89,213.0185,56.28304449510287,49.95224844967799,,,
1768437900,213.0185,213.0405,212.805,212.8585,46.34817930068743,49.32139208427823,,,
1768438800,212.8585,212.876,212.716,212.717,39.67776592479662,48.356745384802196,,,
1768439700,212.717,212.834,212.7065,212.829,46.26933154669674,47.72088850655853,,,
1768440600,212.829,212.856,212.616,212.621,37.9709622005161,46.77379489899963,,,
1768441500,212.621,212.7555,212.581,212.754,44.78954126004215,46.16358058233048,,,
1768442400,212.754,212.7635,212.6755,212.6975,42.64493399545416,46.177577221430916,,,
1768443300,212.6975,212.828,212.6965,212.826,48.665283315123986,46.92855185033191,,,
1768444200,212.826,212.955,212.8015,212.9465,53.5853766390018,48.05020100396522,,,
1768445100,212.9465,212.959,212.8535,212.9435,53.448031662876424,48.62356890324084,,,
1768446000,212.9435,213.0245,212.888,213.013,56.245937574737816,49.127024902754826,,,
1768446900,213.013,213.028,212.9095,212.9135,51.475898340623985,49.13726067063631,,,
1768447800,212.9135,212.9505,212.886,212.921,51.80766415479935,48.85747695317709,,,
1768448700,212.921,212.929,212.831,212.848,48.343053118168925,48.3967859663306,,,
1768449600,212.848,212.8505,212.7935,212.821,47.08874797384078,47.74005050052616,,,
1768450500,212.821,212.923,212.794,212.912,51.642748234961005,48.11823399583142,,,
1768451400,212.912,212.969,212.863,212.9445,53.19224086616431,49.08355363450055,,,
1768452300,212.9445,212.9765,212.883,212.896,50.58721673484342,49.391974005082446,,,
1768453200,212.896,212.9195,212.837,212.874,49.40525814133177,50.20870942942643,,,
1768454100,212.874,212.902,212.823,212.845,47.819183456542795,50.42511244346218,,,
1768455000,212.845,212.902,212.826,212.874,49.56293634060559,50.91925546811586,,,
1768455900,212.874,212.882,212.695,212.729,42.00460891782296,50.44349301116579,,,
1768456800,212.729,212.8635,212.718,212.838,48.37768794914462,50.071515247604566,,,
1768457700,212.838,212.9905,212.831,212.9665,54.69794879349854,50.160795042649,,,
1768458600,212.9665,212.994,212.94,212.963,54.50221702526175,50.03624357482927,,,
1768459500,212.963,212.9865,212.9135,212.976,55.144266118641866,50.298269844687695,,,
1768460400,212.976,213.198,212.976,213.191,64.15377669041214,51.1801350258029,,,
1768461300,213.191,213.197,212.846,212.947,51.509204850742854,51.40628872098676,,,
1768462200,212.947,213.077,212.8655,212.917,50.199135607231725,51.628459266228965,,,
1768463100,212.917,213.0515,212.849,213.0495,55.573540879124394,51.90923016938349,,,
1768464000,213.0495,213.1305,212.953,213.093,57.20633372636937,52.19595108796956,,,
1768464900,213.093,213.2125,213.065,213.1005,57.496383123272146,52.68946297285733,,,
1768465800,213.1005,213.295,213.069,213.2545,63.0363976287127,53.663115793384534,,,
1768466700,213.2545,213.315,213.2135,213.2625,63.30398026232671,54.76917270808339,,,
1768467600,213.2625,213.292,213.1945,213.2615,63.24235108970728,55.74627376159065,,,
1768468500,213.2615,213.2625,212.8235,212.9615,48.11025959931238,56.182391667411316,,,
1768469400,212.9615,212.991,212.8795,212.907,45.95886451136958,56.0096185647131,,,
1768470300,212.907,212.927,212.8005,212.838,43.31775915201038,55.19674787603538,,,
1768471200,212.838,212.845,212.74,212.763,40.58748985438141,54.20283879240107,,,
1768472100,212.763,212.826,212.716,212.7565,40.35012241959774,53.146114242469345,,,
1768473000,212.7565,212.8145,212.6735,212.6765,37.44736017996214,51.23851306315148,,,
1768473900,212.6765,212.7055,212.5995,212.668,37.14162799070386,50.2122575731487,,,
1768474800,212.668,212.7695,212.662,212.7395,41.4704241410826,49.588778182709476,,,
1768475700,212.7395,212.77,212.7045,212.738,41.40600169628739,48.57681109822112,,,
1768476600,212.738,212.7765,212.7295,212.7695,43.39465972724981,47.590262955426866,,,
1768477500,212.7695,212.7895,212.725,212.7665,43.244127496458646,46.57224469636876,,,
1768478400,212.7665,212.805,212.724,212.7335,41.537227475162986,45.03658968540092,,,
1768479300,212.7335,212.754,212.645,212.6595,37.92246346583982,43.22362419993757,,,
1768480200,212.6595,212.691,212.6225,212.6595,37.922463465839826,41.41506079823275,,,
1768481100,212.6595,212.6595,212.5395,212.579,34.170743609270545,40.41938108465833,,,
1768482000,212.579,212.595,212.4445,212.5185,31.637482500124747,39.396425226712275,,,
1768482900,212.5185,212.5235,212.324,212.3455,25.75718459897257,38.14209847292387,,,
1768483800,212.3455,212.475,212.328,212.38,28.606962066616177,37.28634648808349,,,
1768484700,212.38,212.468,212.3285,212.4005,30.318526644722937,36.56980393273529,,,
1768485600,212.4005,212.475,212.3685,212.4165,31.69491586601842,36.15891505316788,,,
1768486500,212.4165,212.4495,212.3225,212.392,30.695091635947534,35.69844817068528,,,
1768487400,212.392,212.405,212.259,212.2905,26.908043567843052,34.6582781297396,,,
1768488300,212.2905,212.326,212.213,212.2575,25.793800844406505,33.54312092603382,,,
1768489200,212.2575,212.3105,212.153,212.268,26.83199585080645,32.36007350628787,,,
1768490100,212.268,212.268,212.085,212.085,21.25147942269814,30.789170072447835,,,
1768491000,212.085,212.141,212.001,212.135,25.79269058025696,29.664560294240264,,,
1768491900,212.135,212.277,212.126,212.222,33.029494435388045,29.315062506350852,,,
1768492800,212.222,212.249,212.1395,212.2,32.175004706021596,28.90452973779241,,,
1768493700,212.2,212.2285,212.1585,212.176,31.22594453250028,28.694186946594527,,,
1768494600,212.176,212.25,212.145,212.214,34.519349623428155,28.900034598259055,,,
1768495500,212.214,212.252,212.125,212.1555,31.98036057925279,29.344547168279068,,,
1768496400,212.1555,212.1755,212.1,212.1755,33.77380064334524,29.713607066616856,,,
1768497300,212.1755,212.1975,212.1145,212.192,35.28968028176861,30.068689469262978,,,
1768498200,212.192,212.24,212.1705,212.1935,35.4343668778841,30.335793112967668,,,
1768499100,212.1935,212.2535,212.185,212.204,36.50460327952182,30.75075823036583,,,
1768500000,212.204,212.279,212.203,212.2565,41.70750515189446,31.80786262922664,,,
1768500900,212.2565,212.261,212.204,212.253,41.46357607403037,32.92713228848549,,,
1768501800,212.253,212.275,212.2365,212.2715,43.34957273298078,34.1069592086408,,,
1768502700,212.2715,212.279,212.214,212.25,41.66929043581501,35.56537428100629,,,
1768503600,212.25,212.25,212.1765,212.2195,39.33972551102377,36.53301963320392,,,
1768504500,212.2195,212.25,212.167,212.1875,37.00237858581409,36.81679707252007,,,
1768505400,212.1875,212.2565,212.1785,212.2555,44.542766237027465,37.70020861044906,,,
1768506300,212.2555,212.256,212.183,212.202,40.44142826352547,38.35845744837942,,,
1768507200,212.202,212.202,212.1455,212.1475,36.7311203444829,38.51644107131191,,,
1768508100,212.1475,212.18,212.1215,212.1455,36.59842245645385,38.846302633969124,,,
1768509000,212.1455,212.1785,212.122,212.149,37.02717405357728,39.0786864489857,,,
1768509900,212.149,212.204,212.148,212.197,42.74555127194343,39.611248662569615,,,
1768510800,212.197,212.269,212.177,212.25,48.325326152715334,40.5320314679147,,,
1768511700,212.25,212.2775,212.199,212.2225,45.82961044010627,41.198103407956445,,,
1768512600,212.2225,212.287,212.2225,212.2685,50.44023130653347,41.82186956185923,,,
1768513500,212.2685,212.312,212.26,212.285,52.01780044316756,42.57574273108332,,,
1768514400,212.285,212.285,212.1805,212.25,48.491695123143195,42.94303718752349,,,
1768515300,212.25,212.2825,212.2035,212.2145,45.148715805615595,43.191567571080675,,,
1768516200,212.2145,212.2385,212.201,212.229,46.76308743653266,43.72180770861702,,,
1768517100,212.229,212.253,212.216,212.2245,46.307577376081284,44.38646476506467,,,
1768518000,212.2245,212.31,212.209,212.215,45.30427971147212,44.440858584667865,,,
1768518900,212.215,212.284,212.215,212.271,51.917511996765484,45.260578851327864,,,
1768519800,212.271,212.2865,212.2445,212.2485,49.336398797297235,46.16095588367175,,,
1768520700,212.2485,212.266,212.194,212.2135,45.54335054769348,46.79987931876029,,,
1768521600,212.2135,212.2245,212.137,212.1805,42.24549306607116,47.172616391081284,,,
1768522500,212.1805,212.217,212.169,212.21,46.009229397559366,47.405736257196715,,,
1768523400,212.21,212.2275,212.122,212.174,42.37965351369098,46.98104535440926,,,
1768524300,212.174,212.263,212.1495,212.233,49.42184882341216,47.23763381035968,,,
1768525200,212.233,212.2575,212.1275,212.1365,40.667237702463915,46.53956283864043,,,
1768526100,212.1365,212.1445,212.05,212.1005,37.965362453837486,45.53581726797399,,,
1768527000,212.1005,212.1585,212.0715,212.1265,41.013461402752824,45.001657716517535,,,
1768527900,212.1265,212.211,212.088,212.1985,48.552302462985125,45.24477104918679,,,
1768528800,212.1985,212.231,212.147,212.1825,47.11135083526306,45.26964700623896,,,
1768529700,212.1825,212.217,211.9615,212.024,35.78213622035378,44.51782978082985,,,
1768530600,212.024,212.039,211.497,211.729,24.144407452805495,43.006410333782235,,,
1768531500,211.729,211.9155,211.7105,211.877,35.48169803591159,41.832423622292666,,,
1768532400,211.877,211.889,211.677,211.677,29.142894150988667,40.39003043327063,,,
1768533300,211.677,211.811,211.667,211.768,34.84634597217145,39.625958677876206,,,
1768534200,211.768,211.7945,211.697,211.721,33.353098781589566,38.99078765755609,,,
1768535100,211.721,211.809,211.6775,211.7235,33.516297406191185,38.09843537245836,,,
1768536000,211.7235,211.8675,211.712,211.8485,41.26120520474431,38.018546207533596,,,
1768536900,211.8485,211.9015,211.827,211.827,40.38967087551383,37.37339063982658,,,
1768537800,211.827,211.925,211.795,211.9135,45.387664203528466,37.71056396133118,,,
1768538700,211.9135,211.937,211.894,211.922,45.86796796096547,38.275035783268905,,,
1768539600,211.922,211.94,211.851,211.8765,43.65470292313816,38.46369589186786,,,
1768540500,211.8765,211.9245,211.8585,211.8615,42.9194402509147,38.06134859100568,,,
1768541400,211.8615,211.9015,211.8345,211.897,45.26889702379748,37.929744747329565,,,
1768542300,211.897,211.966,211.8775,211.9575,49.11302284337941,38.88195093468853,,,
1768543200,211.9575,211.987,211.9035,211.9715,49.98839262589715,40.72794987562365,,,
1768544100,211.9715,212.0005,211.943,211.9525,48.762421035581944,41.676572947028674,,,
1768545000,211.9525,211.986,211.904,211.9095,46.012103367088805,42.8815164624644,,,
1768545900,211.9095,211.9775,211.845,211.9295,47.49544373109606,43.785023445244725,,,
1768546800,211.9295,211.9575,211.866,211.884,44.49993966441501,44.58122636544653,,,
1768547700,211.884,211.886,211.738,211.758,37.45507756103156,44.862567805077994,,,
1768548600,211.758,211.8285,211.7055,211.71,35.17079099402223,44.42753821859784,,,
1768549500,211.71,211.8045,211.701,211.8015,42.384280655584234,44.570010345745736,,,
1768550400,211.8015,211.921,211.7615,211.8695,47.095564573945374,44.69200322934694,,,
1768551300,211.8695,211.916,211.747,211.772,41.81575113199125,44.402559170134495,,,
1768552200,211.772,211.7835,211.649,211.7485,40.63333864509762,44.18674743598874,,,
1768553100,211.7485,211.9245,211.72,211.895,50.10526423935109,44.70002057801992,,,
1768554000,211.895,211.895,211.779,211.836,46.862466474447665,44.81384696735206,,,
1768554900,211.836,211.9245,211.822,211.864,48.56382513205011,44.774618559399975,,,
1768555800,211.864,211.978,211.809,211.9525,53.61866761159218,45.03392391552105,,,
1768556700,211.9525,211.9775,211.9075,211.9385,52.73576328104587,45.31773407591133,,,
1768557600,211.9385,212.0225,211.914,211.9665,54.354622602767826,45.91362830703126,,,
1768558500,211.9665,211.987,211.8955,211.9785,55.064967749193514,46.45430859403822,,,
1768559400,211.9785,212.067,211.9375,212.026,57.86046700186462,47.40863197528462,,,
1768560300,212.026,212.075,211.949,211.979,54.26323121281247,48.60921437898326,,,
1768561200,211.979,212.0155,211.9315,211.9885,54.87392702670357,50.016581238460496,,,
1768562100,211.9885,211.9915,211.9485,211.973,53.61602489766113,50.818848684323136,,,
1768563000,211.973,211.9775,211.9285,211.964,52.85833794517905,51.23047535369697,,,
1768563900,211.964,212.0105,211.9325,211.9685,53.21434824927106,52.0446608620741,,,
1768564800,211.9685,212.055,211.9405,211.95,51.49268920148627,52.82032875895901,,,
1768565700,211.95,212.07,211.9445,212.0505,59.21276678260651,53.47086465490582,,,
1768566600,212.0505,212.0555,211.9595,211.99,53.674701158381446,53.95745284661537,,,
1768567500,211.99,212.048,211.856,211.929,48.72629563667611,53.96905788266009,,,
1768568400,211.929,211.9445,211.725,211.728,36.71499521618164,52.761652711559336,,,
1768569300,211.728,211.935,211.637,211.935,50.302019370299405,52.587813860791734,,,
1768570200,211.935,211.946,211.7695,211.836,45.293504293568056,51.940591124420315,,,
1768571100,211.836,211.867,211.7635,211.803,43.73046085330113,51.13098348899943,,,
1768572000,211.803,211.8985,211.76,211.859,47.068620541857804,50.36013731328465,,,
1768572900,211.859,211.903,211.7775,211.7945,43.842466502045156,49.61579697680128,,,
1768573800,211.7945,211.817,211.6645,211.6675,38.279028796257336,48.43044710319798,,,
1768574700,211.6675,211.754,211.5195,211.568,34.577001453268636,47.070516857169935,,,
1768575600,211.568,211.6265,211.4885,211.561,34.325491533176205,45.746742113455454,,,
1768576500,211.561,211.661,211.3885,211.528,33.1030275033977,44.310219203035935,,,
1768577400,211.528,211.573,211.426,211.5525,34.95514735311235,43.12896621386636,,,
1768578300,211.5525,211.6325,211.4115,211.457,31.315615345951116,41.13631253981954,,,
1768579200,211.457,211.636,211.4315,211.4625,31.75631315210306,39.57071339651395,,,
1768580100,211.4625,211.571,211.4335,211.5225,36.539932878956165,38.70025891381967,,,
1768581000,211.5225,211.602,211.4785,211.499,35.49061050741706,38.61280286319363,,,
1768581900,211.499,211.5335,211.401,211.4645,33.94923961111152,37.44474716610877,,,
1768582800,211.4645,211.5685,211.4615,211.53,39.336045086489065,37.01921436560313,,,
1768583700,211.53,211.6095,211.517,211.58,43.14771088132114,36.97758936760455,,,
1768584600,211.58,211.6355,211.523,211.5425,41.06375417282844,36.54867034124532,,,
1768585500,211.5425,211.602,211.541,211.574,43.530959590256764,36.526419847546144,,,
1768586400,211.574,211.623,211.552,211.592,44.949146692737024,37.002856840151836,,,
1768587300,211.592,211.705,211.592,211.682,51.506935703183196,38.21213785800287,,,
1768588200,211.682,211.706,211.648,211.705,53.046271877573886,39.54933645403128,,,
1768589100,211.705,211.7125,211.628,211.6435,48.60350618016502,40.65651350237181,,,
1768590000,211.6435,211.714,211.586,211.587,44.884293987816676,41.36573826199355,,,
1768590900,211.587,211.6635,211.582,211.6215,47.52483258841891,42.52353949359839,,,
1768591800,211.6215,211.6685,211.5985,211.654,49.957085275956075,43.82359464530218,,,
1768592700,211.654,211.6725,211.568,211.5975,45.96811056839196,44.497035908833304,,,
1768593600,211.5975,211.61,211.564,211.5955,45.82861284043717,45.235464646906166,,,
1768594500,211.5955,211.6065,211.522,211.529,41.33678119980893,45.763146188955986,,,
1768595400,211.529,211.553,211.5075,211.5375,42.117715299434686,45.9618369184521,,,
1768596300,211.5375,211.5485,211.513,211.5205,40.9437617360061,45.804411979501026,,,
1768597200,211.5205,211.5675,211.5105,211.558,44.61129732382893,46.0578079188582,,,
1768598100,211.558,211.588,211.477,211.505,40.75866314699403,45.85978674433943,,,
1768599000,211.505,211.5135,211.4665,211.4935,39.95242613522,45.50287813308821,,,
1768599900,211.4935,211.5575,211.447,211.499,40.55802570558626,44.72081313325987,,,
1768773600,211.499,211.499,210.742,210.7785,16.740095832308327,42.12751484431232,,,
1768774500,210.7785,210.9295,210.768,210.854,21.914890026667393,40.2211851190625,,,
1768775400,210.854,210.9025,210.847,210.9,24.974470010183254,38.79905483494582,,,
1768776300,210.9,210.9205,210.807,210.8625,24.143931648073604,37.12899048206402,,,
1768777200,210.8625,211.105,210.725,210.964,30.847284957758248,35.76400474504989,,,
1768778100,210.964,211.132,210.964,211.044,35.672400879386615,35.02859691012093,,,
1768779000,211.044,211.2635,211.0365,211.132,40.583544393670245,34.65394916392329,,,
1768779900,211.132,211.2095,211.041,211.154,41.78023106039137,34.6856241539649,,,
1768780800,211.154,211.331,211.0955,211.3065,49.38954952078707,35.205040884061496,,,
1768781700,211.3065,211.331,211.071,211.228,46.052855787569364,35.569976173458876,,,
1768782600,211.228,211.2755,211.1945,211.2355,46.42526260405827,35.699545122046686,,,
1768783500,211.2355,211.273,211.0075,211.0335,38.680382311611375,35.55109649094793,,,
1768784400,211.0335,211.153,210.9795,211.009,37.85550606969485,35.401316486267554,,,
1768785300,211.009,211.081,210.9015,210.915,34.79002115865569,34.989316161486805,,,
1768786200,210.915,211.1165,210.9105,211.1115,44.844867598323106,36.996799859059294,,,
1768787100,211.1115,211.24,211.105,211.171,47.4853365433273,38.823260324535,,,
1768788000,211.171,211.337,211.168,211.2955,52.59886781977949,40.796431596649015,,,
1768788900,211.2955,211.2955,211.179,211.2295,49.82886269640297,42.63106952867253,,,
1768789800,211.2295,211.349,211.212,211.346,54.39437255126067,44.31300435677986,,,
1768790700,211.346,211.3975,211.324,211.328,53.58304910833458,45.59233637313328,,,
1768791600,211.328,211.4405,211.297,211.408,56.67598498644168,46.7417964154741,,,
1768792500,211.408,211.408,211.285,211.313,52.22561448568517,47.487895231566505,,,
1768793400,211.313,211.435,211.2795,211.409,55.98670101229304,47.95912033810265,,,
1768794300,211.409,211.431,211.376,211.38,54.588621753737065,48.56881790711463,,,
1768795200,211.38,211.4185,211.332,211.401,55.456065793601255,49.21387527779627,,,
1768796100,211.401,211.447,211.383,211.392,54.971423108006746,50.37752104896737,,,
1768797000,211.392,211.427,211.39,211.4145,56.00653073717298,51.67402281093009,,,
1768797900,211.4145,211.457,211.385,211.4135,55.94497613253647,53.18509102335015,,,
1768798800,211.4135,211.424,211.3475,211.42,56.28132264517673,54.00198066955397,,,
1768799700,211.42,211.553,211.42,211.5265,61.47162981496659,55.00100161752821,,,
1768800600,211.5265,211.6195,211.511,211.609,64.94364654666035,55.88277152659113,,,
1768801500,211.609,211.615,211.494,211.51,58.16939041047066,56.47852350616739,,,
1768802400,211.51,211.5865,211.495,211.552,60.07221577581713,56.884083736492855,,,
1768803300,211.552,211.5645,211.4645,211.558,60.34969972229833,57.367415923204554,,,
1768804200,211.558,211.5815,211.4465,211.456,53.53795956587385,57.14327125030685,,,
1768805100,211.456,211.4965,211.447,211.4545,53.442428436002395,57.23018653247237,,,
1768806000,211.4545,211.605,211.4385,211.5735,59.60117359078645,57.4883631452219,,,
1768806900,211.5735,211.6675,211.4825,211.6505,63.01078924329548,58.08994653733322,,,
1768807800,211.6505,211.6545,211.427,211.543,55.91548248819077,58.122762015518184,,,
1768808700,211.543,211.6675,211.5415,211.65,60.66349665559356,58.52933869748866,,,
1768809600,211.65,211.814,211.614,211.711,63.10324392179976,59.03624678210487,,,
1768810500,211.711,211.827,211.6945,211.726,63.6994662090265,59.59013893042559,,,
1768811400,211.726,211.777,211.661,211.7665,65.32853943372675,60.23636870103629,,,
1768812300,211.7665,211.9065,211.726,211.8985,70.04672952256877,60.84887582300788,,,
1768813200,211.8985,212.0625,211.822,211.8405,65.80905408564884,60.91069064722134,,,
1768814100,211.8405,211.951,211.679,211.7215,58.04941807519989,60.902121194702,,,
1768815000,211.7215,211.845,211.5775,211.7195,57.925796170486265,60.74880550860694,,,
1768815900,211.7195,211.8135,211.695,211.7185,57.85944836896944,60.57093041194059,,,
1768816800,211.7185,211.83,211.6925,211.7915,61.34055762486254,61.1282588447255,,,
1768817700,211.7915,211.8125,211.6805,211.6815,54.08974208770123,61.17449553413256,,,
1768818600,211.6815,211.73,211.6625,211.7105,55.58048563859608,60.88730353754754,,,
1768819500,211.7105,211.743,211.673,211.7215,56.16195092955564,60.39810080085183,,,
1768820400,211.7215,211.803,211.6815,211.776,59.02394441223138,60.620133795426156,,,
1768821300,211.776,211.8295,211.7705,211.8125,60.86660762245643,60.63464172163065,,,
1768822200,211.8125,211.891,211.8115,211.889,64.47265796862118,60.73245701068935,,,
1768823100,211.889,211.9575,211.8845,211.911,65.45842072872757,60.85809661923942,,,
1768824000,211.911,211.912,211.776,211.828,58.82672686134052,60.393681435497555,,,
1768824900,211.828,211.882,211.781,211.8165,57.95069077682899,59.529678667944715,,,
1768825800,211.8165,211.912,211.78,211.889,61.81171329632848,59.2441543258504,,,
1768826700,211.889,211.8985,211.805,211.8425,58.12526581894624,59.249572021832286,,,
1768827600,211.8425,211.895,211.8195,211.849,58.49787426762913,59.29043474305678,,,
1768828500,211.849,211.8865,211.823,211.863,59.33713702264564,59.39598393260508,,,
1768829400,211.863,211.874,211.794,211.812,54.97574099127868,58.94135417306337,,,
1768830300,211.812,211.888,211.7895,211.8355,56.56015816397959,59.11781246422611,,,
1768831200,211.8355,211.867,211.808,211.829,55.973432500452226,59.145880097215844,,,
1768832100,211.829,211.839,211.754,211.8345,56.385707798797306,59.1618627307331,,,
1768833000,211.8345,211.8735,211.814,211.8625,58.51550531836566,59.12554565259983,,,
1768833900,211.8625,211.944,211.858,211.911,61.97890416876733,59.20499540590776,,,
1768834800,211.911,211.9595,211.8915,211.927,63.0741463845794,59.10510172133335,,,
1768835700,211.927,212.11,211.924,212.097,72.22803742764359,59.58864577125592,,,
1768836600,212.097,212.1435,212.0555,212.133,73.71409745104873,60.652029384806504,,,
1768837500,212.133,212.2035,212.104,212.147,74.29025047278941,61.81914079166082,,,
1768838400,212.147,212.2445,212.116,212.2445,77.91999013465923,62.96973199439873,,,
1768839300,212.2445,212.357,212.2315,212.3415,80.8210358968552,64.59085842853509,,,
1768840200,212.3415,212.392,212.3185,212.3745,81.70185992501965,66.24828597549156,,,
1768841100,212.3745,212.3905,212.258,212.266,70.2741300362571,67.02949976217808,,,
1768842000,212.266,212.303,212.246,212.296,71.46267990892828,68.20713825629592,,,
1768842900,212.296,212.3,212.2625,212.279,69.76050263704045,69.15002000437168,,,
1768843800,212.279,212.2895,212.242,212.27,68.82583915373911,70.06804905103505,,,
1768844700,212.27,212.2885,212.21,212.2615,67.90054454617892,70.89053739013373,,,
1768845600,212.2615,212.2615,212.229,212.2445,65.98972569089364,71.42441027388573,,,
1768846500,212.2445,212.282,212.241,212.278,67.90638727181299,71.84780192410327,,,
1768847400,212.278,212.2995,212.2675,212.269,66.8169447997383,72.11514466804319,,,
1768848300,212.269,212.278,212.2305,212.239,63.17841583075431,71.46874312540824,,,
1768849200,212.239,212.324,212.239,212.315,67.94122487300149,71.05639508411916,,,
1768850100,212.315,212.316,212.287,212.2885,64.79410586187574,70.37809904048247,,,
1768851000,212.2885,212.29,212.254,212.26,61.49494940158528,69.2048818452629,,,
1768851900,212.26,212.2685,212.2425,212.244,59.65841557407172,67.69326610792123,,,
1768852800,212.244,212.319,212.244,212.319,64.94352192117093,66.49624196478916,,,
1768853700,212.319,212.334,212.3055,212.316,64.57907250620866,66.08945214121427,,,
1768854600,212.316,212.3205,212.299,212.3195,64.82706668241732,65.61547976789207,,,
1768855500,212.3195,212.3395,212.317,212.3355,65.9990181657728,65.34680230565867,,,
1768856400,212.3355,212.351,212.317,212.328,64.90727523964505,65.06690488322337,,,
1768857300,212.328,212.328,212.2695,212.2705,57.107733277470764,64.29598979260136,,,
1768858200,212.2705,212.308,212.2525,212.307,60.36369011539756,63.89413010863735,,,
1768859100,212.307,212.3215,212.259,212.259,54.50416538969026,62.936828545628586,,,
1768860000,212.259,212.2865,212.0865,212.285,56.94228168174814,62.23149546577214,,,
1768860900,212.285,212.2955,212.2395,212.242,51.98086113393616,61.43167013028513,,,
1768861800,212.242,212.3215,212.233,212.315,58.57912307822741,60.76294857351555,,,
1768862700,212.315,212.3165,212.178,212.2745,54.134772140528504,60.001567593419324,,,
1768863600,212.2745,212.3415,212.2485,212.2965,56.08390539689553,59.6150644502272,,,
1768864500,212.2965,212.3215,212.274,212.312,57.45571214616012,59.457728491090656,,,
1768865400,212.312,212.3275,212.282,212.283,54.05362797241805,58.67987892332259,,,
1768866300,212.283,212.302,212.21,212.2435,49.7339755751912,57.61951485682135,,,
1768867200,212.2435,212.3465,212.231,212.3345,58.051104967116416,57.13551759144271,,,
1768868100,212.3345,212.347,212.105,212.1525,42.79854855461466,55.4783411906457,,,
1768869000,212.1525,212.2575,212.1525,212.239,49.5791981265014,54.383478539706864,,,
1768869900,212.239,212.2515,211.911,211.93,34.0509972036416,52.73656882014764,,,
1768870800,211.93,211.9825,211.8535,211.949,35.39096603316844,50.952802814274136,,,
1768871700,211.949,212.201,211.949,212.1995,49.85664089567815,50.62083677898755,,,
1768872600,212.1995,212.2425,212.1415,212.2395,51.71567996214892,50.24750808473046,,,
1768873500,212.2395,212.2765,212.0065,212.031,42.80687640961011,49.59222346156433,,,
1768874400,212.031,212.1505,212.027,212.145,48.073911677094294,48.841851218626246,,,
1768875300,212.145,212.145,211.992,212.1185,46.99058614572696,48.331552218997565,,,
1768876200,212.1185,212.2,212.118,212.1705,49.40016302846657,47.85414204982407,,,
1768877100,212.1705,212.2085,212.115,212.142,48.109407499831526,47.1865488608006,,,
1768878000,212.142,212.148,212.044,212.112,46.72542700709653,46.66310593470621,,,
1768878900,212.112,212.2155,212.1095,212.1975,51.04761232192034,46.75693713090114,,,
1768879800,212.1975,212.257,212.168,212.236,52.90062277330589,46.38904554562896,,,
1768880700,212.236,212.2705,212.226,212.24,53.09926318197941,47.124810876155024,,,
1768881600,212.24,212.31,212.21,212.224,52.15179127897034,47.3085675299028,,,
1768882500,212.224,212.293,212.2175,212.271,54.708365457403104,48.78409383374291,,,
1768883400,212.271,212.436,212.268,212.406,61.132313242576,50.62276149155773,,,
1768884300,212.406,212.439,212.3655,212.4075,61.1981666767264,51.432870475918314,,,
1768885200,212.4075,212.496,212.4005,212.432,62.32108364967503,52.19039931074161,,,
1768886100,212.432,212.508,212.4245,212.474,64.2320679607455,53.720770135822704,,,
1768887000,212.474,212.5535,212.468,212.5335,66.80090921018987,55.05841281675811,,,
1768887900,212.5335,212.55,212.4855,212.5135,65.10822097098733,56.352529589990986,,,
1768888800,212.5135,212.6335,212.491,212.6325,69.98211750490765,57.82266919545106,,,
1768889700,212.6325,212.8715,212.627,212.8675,76.85716051543744,59.87608012513721,,,
1768890600,212.8675,212.892,212.779,212.8615,76.37618672729226,61.99399153372262,,,
1768891500,212.8615,212.893,212.774,212.8285,73.64635605138933,63.60818751439898,,,
1768892400,212.8285,213.0315,212.7525,212.9535,76.99979363633585,65.32955686175826,,,
1768893300,212.9535,213.1525,212.92,213.144,80.97336631373042,67.3205642283119,,,
1768894200,213.144,213.491,213.1325,213.4615,85.47681113768523,69.70092278964867,,,
1768895100,213.4615,213.5,213.331,213.4055,81.79923954382619,71.63598522439318,,,
1768896000,213.4055,213.4485,213.288,213.361,78.89444179326651,72.90470869229965,,,
1768896900,213.361,213.362,213.147,213.156,67.07710814054998,73.32463308257276,,,
1768897800,213.156,213.182,212.7585,212.7915,52.126469189087786,72.59644633538797,,,
1768898700,212.7915,212.8785,212.71,212.711,49.50228852539689,71.54431923286306,,,
1768899600,212.711,212.74,212.473,212.5615,44.974067799079705,69.98525913206949,,,
1768900500,212.5615,212.617,212.4245,212.5515,44.67965572296539,68.52607590006791,,,
1768901400,212.5515,212.57,212.3825,212.516,43.588765485673584,66.64083647012264,,,
1768902300,212.516,212.5865,212.438,212.5445,44.75494612971633,64.34782115685684,,,
1768903200,212.5445,212.6315,212.5205,212.6195,47.812458014209334,62.30755482020805,,,
1768904100,212.6195,212.829,212.5605,212.8285,55.245714031211755,60.99322324733822,,,
1768905000,212.8285,212.915,212.7955,212.867,56.47554305123186,59.52720534840222,,,
1768905900,212.867,212.886,212.7205,212.733,51.20174364148782,57.40066087181346,,,
1768906800,212.733,212.7755,212.568,212.597,46.45977094236424,54.61372942929054,,,
1768907700,212.597,212.617,212.5045,212.508,43.61316295122934,51.886152529819334,,,
1768908600,212.508,212.5545,212.46,212.4735,42.525452466441266,49.28836757790325,,,
1768909500,212.4735,212.4745,212.3325,212.385,39.78439968089549,47.338888402213634,,,
1768910400,212.385,212.395,212.2825,212.334,38.25416252379117,46.34800935469245,,,
1768911300,212.334,212.35,212.2155,212.245,35.675355981664055,45.36037131585438,,,
1768912200,212.245,212.2905,212.1765,212.265,36.70791325841486,44.76993170580689,,,
1768913100,212.265,212.2895,212.1515,212.2595,36.53423153727413,44.188115692543235,,,
1768914000,212.2595,212.3145,212.1955,212.2365,35.771999045049625,43.629775232498666,,,
1768914900,212.2365,212.3315,212.2325,212.323,40.776433370318635,43.34559574968455,,,
1768915800,212.323,212.44,212.1985,212.3025,39.9813539305205,42.78623117227819,,,
1768916700,212.3025,212.3905,212.2915,212.3355,41.9437865574132,41.83609349557829,,,
1768917600,212.3355,212.415,212.1045,212.2935,40.14468115221903,40.66960335993451,,,
1768918500,212.2935,212.369,212.1925,212.337,42.87755996696506,40.07501881175431,,,
1768919400,212.337,212.607,212.3365,212.5895,55.56103753138644,40.72510928239876,,,
1768920300,212.5895,212.6905,212.535,212.688,59.35264537095408,41.84935802666481,,,
1768921200,212.688,212.8005,212.6725,212.783,62.66157516459877,43.28765250510464,,,
1768922100,212.783,212.791,212.682,212.7375,60.13654698968676,44.74137731287545,,,
1768923000,212.7375,212.843,212.7365,212.834,63.496264973140974,46.544384630686146,,,
1768923900,212.834,212.855,212.5105,212.5225,49.10832925022704,47.50388272129779,,,
1768924800,212.5225,212.617,212.4875,212.593,51.77191147567626,48.579882593959326,,,
1768925700,212.593,212.6565,212.507,212.6425,53.60787655284647,49.799428666500205,,,
1768926600,212.6425,212.6905,212.5915,212.6815,55.05947533904198,51.17710554464252,,,
1768927500,212.6815,212.7135,212.591,212.6755,54.77551340297095,52.17703983268911,,,
1768928400,212.6755,212.7525,212.656,212.737,57.21144043690648,53.40776029743097,,,
1768929300,212.737,212.753,212.58,212.636,52.235372851788995,54.142873604172095,,,
1768930200,212.636,212.642,212.5295,212.5515,48.43940758783138,54.7353540638587,,,
1768931100,212.5515,212.6065,212.537,212.5545,48.582270551261665,55.14283339130845,,,
1768932000,212.5545,212.605,212.5415,212.576,49.65880313968977,54.72124522047297,,,
1768932900,212.576,212.646,212.553,212.616,51.68554118689196,54.17359492161139,,,
1768933800,212.616,212.63,212.477,212.494,45.64897905023218,52.95840948487092,,,
1768934700,212.494,212.498,212.4235,212.4715,44.61407550178221,51.849661521449164,,,
1768935600,212.4715,212.548,212.4705,212.502,46.38838628324791,50.627670186456804,,,
1768936500,212.502,212.507,212.454,212.5005,46.30981218511151,50.42777611037713,,,
1768937400,212.5005,212.5325,212.442,212.5245,47.83237722242681,50.146380806573596,,,
1768938300,212.5245,212.5645,212.4895,212.5485,49.378350233142996,49.84427178373763,,,
1768939200,212.5485,212.556,212.4815,212.4835,45.449905532057414,49.1578739403816,,,
1768940100,212.4835,212.579,212.4825,212.5555,50.17822774223862,48.82949639318644,,,
1768941000,212.5555,212.585,212.488,212.578,51.59036865971774,48.427991266244376,,,
1768941900,212.578,212.578,212.4905,212.5335,48.65317725946183,48.17212015250673,,,
1768942800,212.5335,212.5735,212.522,212.557,50.26356625124647,48.30241719989352,,,
1768943700,212.557,212.5865,212.529,212.529,48.319054819723604,48.28361607621223,,,
1768944600,212.529,212.566,212.528,212.566,51.01580992395771,48.38054513223137,,,
1768945500,212.566,212.6165,212.557,212.564,50.86131592701563,48.321671899383055,,,
1768946400,212.564,212.7105,212.5195,212.551,49.805514382609495,48.61856728026716,,,
1768947300,212.551,212.5735,212.49,212.57,51.39363249450715,49.10282135117609,,,
1768948200,212.57,212.698,212.5535,212.668,58.65910442727752,49.97930121860678,,,
1768949100,212.668,212.672,212.622,212.6315,55.34115073279904,50.624396829155884,,,
1768950000,212.6315,212.6545,212.531,212.6315,55.34115073279904,51.160737794182474,,,
1768950900,212.6315,212.6395,212.5965,212.5975,52.154170606874594,51.35901067802045,,,
1768951800,212.5975,212.622,212.5485,212.5685,49.533949784274995,51.65072812460742,,,
1768952700,212.5685,212.6055,212.44,212.5675,49.44170772313137,51.59811955181404,,,
1768953600,212.5675,212.651,212.5095,212.6225,54.46427400860278,51.80339850530583,,,
1768954500,212.6225,212.649,212.5365,212.547,47.48992452912705,51.720309024567634,,,
1768955400,212.547,212.633,212.5215,212.6045,52.48069548428753,51.87867539835628,,,
1768956300,212.6045,212.614,212.489,212.5485,47.72338892323456,51.836127834321346,,,
1768957200,212.5485,212.5825,212.466,212.519,45.38921659651036,51.43422831093225,,,
1768958100,212.519,212.5915,212.467,212.485,42.79144944165075,50.857809276263325,,,
1768959000,212.485,212.5345,212.4005,212.4485,40.135757881596675,50.16711238333384,,,
1768959900,212.4485,212.5025,212.4125,212.4895,44.31622652106439,49.66158338523078,,,
1768960800,212.4895,212.63,212.4895,212.577,52.01729657456125,49.1871685386082,,,
1768961700,212.577,212.577,212.3975,212.413,40.66540986624444,48.13890133385429,,,
1768962600,212.413,212.423,212.349,212.3805,38.85573881861128,46.96137191141231,,,
1768963500,212.3805,212.3815,212.3025,212.3065,35.032918820483076,45.73842535524148,,,
1768964400,212.3065,212.3885,212.296,212.3885,41.85909202684497,45.190221229710765,,,
1768965300,212.3885,212.4535,212.368,212.4455,46.09872873066503,44.95143701596317,,,
1768966200,212.4455,212.4545,212.378,212.397,43.21139685494057,44.14766007641588,,,
1768967100,212.397,212.4825,212.388,212.4815,49.183313701421454,44.268616445865476,,,
1768968000,212.4815,212.4825,212.273,212.303,39.688552960322774,43.35489197986799,,,
1768968900,212.303,212.323,212.2835,212.3085,40.072438715224166,42.80839553643869,,,
1768969800,212.3085,212.4035,212.2905,212.4015,46.29696134962228,42.87323444737525,,,
1768970700,212.4015,212.4865,212.3635,212.3705,44.632794178037145,43.00475907140286,,,
1768971600,212.3705,212.533,212.358,212.5045,52.569338291943254,43.89287195785619,,,
1768972500,212.5045,212.5665,212.484,212.559,55.37134404561555,44.68252320960984,,,
1768973400,212.559,212.5985,212.538,212.5445,54.44970356399082,44.856266565997664,,,
1768974300,212.5445,212.6085,212.5235,212.5895,56.85011304785111,46.01231679325527,,,
1768975200,212.5895,212.6315,212.5745,212.5975,57.28111200766803,47.3284148781879,,,
1768976100,212.5975,212.6005,212.501,212.5345,52.80779344940594,48.59804878025382,,,
1768977000,212.5345,212.548,212.4685,212.512,51.26790036042375,49.270106518366596,,,
1768977900,212.512,212.566,212.457,212.494,50.011474467199335,49.54958835669047,,,
1768978800,212.494,212.5535,212.3635,212.455,47.30634811538051,49.842084875293324,,,
1768979700,212.455,212.5165,212.4045,212.476,48.9088657296447,49.82248144873784,,,
1768980600,212.476,212.4765,212.2735,212.3045,38.58780933947118,49.7438569043913,,,
1768981500,212.3045,212.3355,212.224,212.297,38.20808048234441,49.6106884591856,,,
1768982400,212.297,212.3325,212.169,212.2025,33.70716430771253,48.71141724190634,,,
1768983300,212.2025,212.315,212.143,212.274,39.51302348819946,48.34571933548936,,,
1768984200,212.274,212.329,212.1855,212.1895,35.55042516832785,47.13008268380255,,,
1768985100,212.1895,212.2675,212.162,212.162,34.34332638034462,45.628081421997486,,,
1768986000,212.162,212.1715,212.091,212.146,33.627892283066586,44.14080918764575,,,
1768986900,212.146,212.1985,212.044,212.0455,29.474487135052954,42.1854073367316,,,
1768987800,212.0455,212.069,211.9085,211.923,25.362502669317337,39.90550666970655,,,
1768988700,211.923,211.961,211.88,211.8925,24.44797563854692,37.87980539750233,,,
1768989600,211.8925,212.0285,211.844,211.978,31.86493768913263,36.49387949241011,,,
1768990500,211.978,212.0215,211.867,211.909,29.359964207489753,35.01877161671657,,,
1768991400,211.909,211.9675,211.873,211.8905,28.708327894046135,33.690341600906976,,,
1768992300,211.8905,211.8945,211.8065,211.87,27.967578278797603,32.194535354417894,,,
1768993200,211.87,211.918,211.795,211.866,27.816757612007507,31.42517451674192,,,
1768994100,211.866,211.8865,211.8095,211.8625,27.67611920998212,30.672891568716043,,,
1768995000,211.8625,211.9265,211.8325,211.8705,28.565144698299576,30.305604453757972,,,
1768995900,211.8705,211.965,211.747,211.762,24.217226803495805,29.21304754770771,,,
1768996800,211.762,211.81,211.592,211.7865,26.92213053414187,28.596740788123004,,,
1768997700,211.7865,211.878,211.761,211.8525,33.779196102122526,28.556445768249993,,,
1768998600,211.8525,211.8615,211.781,211.8115,31.784000026568634,28.42473917850014,,,
1768999500,211.8115,211.8575,211.654,211.8385,34.52661993945074,28.785605807385696,,,
1769000400,211.8385,211.881,211.7415,211.83,34.062325465903086,29.407021721427537,,,
1769001300,211.83,211.921,211.796,211.921,42.91313145200505,30.72596142238883,,,
1769002200,211.921,212.039,211.889,211.996,48.99036547713572,31.949206264389055,,,
1769003100,211.996,212.25,211.947,212.2315,62.49249448358764,34.315815569824615,,,
1769004000,212.2315,212.3395,212.1305,212.3285,66.4336182771217,37.01047916861573,,,
1769004900,212.3285,212.363,212.0835,212.328,66.39489077298737,39.755287203914996,,,
1769005800,212.328,212.7515,212.32,212.6645,76.37609654301802,43.223811413272884,,,
1769006700,212.6645,212.7365,212.615,212.683,76.78435001631306,46.73154218515367,,,
1769007600,212.683,212.751,212.632,212.699,77.15210399508314,50.20203927778107,,,
1769008500,212.699,212.74,212.556,212.6325,72.04398939181382,53.61823660551807,,,
1769009400,212.6325,212.7705,212.6325,212.7265,74.60361074676128,57.024056620705174,,,
1769010300,212.7265,212.7265,212.374,212.4405,57.387327734770224,58.71035173732287,,,
1769011200,212.4405,212.632,212.406,212.5595,61.38078131570289,60.824407543689595,,,
1769012100,212.5595,212.572,212.4035,212.44,55.73240902568862,62.33910676413517,,,
1769013000,212.44,212.499,212.34,212.389,53.470914866223566,63.72543457844377,,,
1769013900,212.389,212.4725,212.3405,212.387,53.3794390773536,64.47302798025439,,,
1769014800,212.387,212.4685,212.3095,212.324,50.451526552935974,64.57739662852582,,,
1769015700,212.324,212.421,212.286,212.4125,54.24800979143685,63.98850486480077,,,
1769016600,212.4125,212.4135,212.2715,212.2765,48.143270536024524,62.6820514547224,,,
1769017500,212.2765,212.3725,212.223,212.3545,51.513391538495306,61.619087223687245,,,
1769018400,212.3545,212.3545,212.259,212.291,48.736502435455584,59.6448305017185,,,
1769019300,212.291,212.3985,212.2825,212.3935,53.12868472505949,57.95514012377182,,,
1769020200,212.3935,212.4015,212.3425,212.3745,52.23527550228843,56.17536666000077,,,
1769021100,212.3745,212.4155,212.343,212.3555,51.30614769636008,54.694092253182646,,,
1769022000,212.3555,212.3815,212.312,212.3145,49.26955065578252,52.88451653239844,,,
1769022900,212.3145,212.539,212.2935,212.5075,57.767931513686655,52.91170251660676,,,
1769023800,212.5075,212.6425,212.504,212.561,59.77932920350127,52.797313080020935,,,
1769024700,212.561,212.656,212.5175,212.638,62.544327210672826,53.283878664662666,,,
1769025600,212.638,212.661,212.5755,212.5835,59.43015355788669,53.70953857121003,,,
1769026500,212.5835,212.6335,212.5625,212.6225,60.929349277173756,54.24881787119718,,,
1769027400,212.6225,212.6375,212.5575,212.5655,57.58028333187097,54.758014783978254,,,
1769028300,212.5655,212.639,212.5375,212.614,59.61439735348607,55.14132818126749,,,
1769029200,212.614,212.661,212.5975,212.631,60.33241506388925,56.01198136182926,,,
1769030100,212.631,212.647,212.592,212.5965,58.07579417944038,56.48072440761104,,,
1769031000,212.5965,212.656,212.575,212.597,58.100254090576655,57.14956381154826,,,
1769031900,212.597,212.66,212.579,212.59,57.59363998591492,57.46848918732365,,,
1769032800,212.59,212.6485,212.4985,212.5325,53.469266735196335,57.55663141824564,,,
1769033700,212.5325,212.705,212.5325,212.6735,60.86934772411304,58.23971713451372,,,
1769034600,212.6735,212.674,212.573,212.595,55.57055938086188,58.6897891863051,,,
1769035500,212.595,212.6585,212.5865,212.6525,58.42544310611888,58.736754300050244,,,
1769036400,212.6525,212.678,212.5255,212.529,50.86540654618912,58.10004553881367,,,
1769037300,212.529,212.577,212.521,212.5505,52.029145367846006,57.348961121468896,,,
1769038200,212.5505,212.591,212.545,212.574,53.3302660089231,56.913254867971496,,,
1769039100,212.574,212.66,212.526,212.62,55.8543438263367,56.550754478626,,,
1769040000,212.62,212.663,212.5685,212.638,56.83805538525182,56.49773819672463,,,
1769040900,212.638,212.638,212.388,212.4405,44.99155485104915,55.453249446550565,,,
1769041800,212.4405,212.5775,212.4405,212.544,50.781055377705194,54.771009468965985,,,
1769042700,212.544,212.5755,212.4055,212.5125,49.087733212485944,54.129005114183535,,,
1769043600,212.5125,212.5755,212.4875,212.545,50.906670993571694,53.61517775011175,,,
1769044500,212.545,212.595,212.5115,212.5225,49.58587058936518,53.04319422178678,,,
1769045400,212.5225,212.6085,212.4865,212.597,53.85505636220637,53.07075062371605,,,
1769046300,212.597,212.6965,212.577,212.671,57.68787078614319,52.843502271003935,,,
1769047200,212.671,212.785,212.661,212.7315,60.57133201496671,53.20070031629713,,,
1769048100,212.7315,212.782,212.6945,212.7095,58.99687702892538,53.24151702506902,,,
1769049000,212.7095,212.7195,212.6085,212.6985,58.182528339561756,53.764168581738495,,,
1769049900,212.6985,212.7555,212.6795,212.75,60.90346759349433,54.39804874071338,,,
1769050800,212.75,212.8135,212.738,212.7815,62.510266175906075,55.05376303835502,,,
1769051700,212.7815,212.808,212.7605,212.7785,62.24787867696351,55.510444099114075,,,
1769052600,212.7785,212.792,212.731,212.7855,62.641916444166064,55.925005603322234,,,
1769053500,212.7855,213.005,212.7855,212.9865,71.75746590637218,57.83685639298817,,,
1769054400,212.9865,213.2135,212.9785,213.21,78.14365704652529,59.79132794076103,,,
1769055300,213.21,213.21,213.121,213.143,72.8272968217263,61.487011055706766,,,
1769056200,213.143,213.1865,213.114,213.116,70.73871506694299,62.90358563237614,,,
1769057100,213.116,213.155,213.0815,213.0895,68.65752275823894,64.26584650158142,,,
1769058000,213.0895,213.153,213.066,213.1065,69.28188599603999,65.3677629039981,,,
1769058900,213.1065,213.1125,213.001,213.0435,64.1794636954541,65.83144811180603,,,
1769059800,213.0435,213.0805,213.012,213.0585,64.8433588028385,66.1365928823683,,,
1769060700,213.0585,213.1425,213.0155,213.1425,68.37788356147874,66.80666477755068,,,
1769061600,213.1425,213.189,213.12,213.1415,68.28986276607357,67.52861723658724,,,
1769062500,213.1415,213.2685,213.141,213.2075,70.94798256037052,68.2460825913641,,,
1769063400,213.2075,213.236,213.094,213.1035,62.112513342852004,68.21767167471738,,,
1769064300,213.1035,213.175,213.0875,213.175,65.31096082608325,68.43646325679737,,,
1769065200,213.175,213.303,213.1705,213.259,68.65846842031416,68.86621696937938,,,
1769066100,213.259,213.3595,213.2325,213.316,70.72306481389404,68.79233117705951,,,
1769067000,213.316,213.434,213.299,213.356,72.11145222755175,68.36145940427568,,,
1769067900,213.356,213.425,213.254,213.263,64.45780864314958,67.76363882009163,,,
1769068800,213.263,213.3295,213.147,213.217,61.00863644099136,67.06863320395222,,,
1769069700,213.217,213.237,213.0665,213.0665,51.330754122392186,65.83100687282032,,,
1769070600,213.0665,213.089,212.9195,213.0305,49.31552975747747,64.40483857006585,,,
1769071500,213.0305,213.0625,212.96,213.041,49.93293368365649,63.38722928350888,,,
1769072400,213.041,213.146,213.0205,213.1405,55.46870640838905,62.71761125533392,,,
1769073300,213.1405,213.2625,213.1225,213.234,59.949985552727675,62.11561854042314,,,
1769074200,213.234,213.2705,213.1515,213.2445,60.43154307589192,61.55430999112445,,,
1769075100,213.2445,213.373,213.2315,213.35,64.9869138508941,61.12851936901899,,,
1769076000,213.35,213.4295,213.323,213.358,65.31302322088675,61.35712721745004,,,
1769076900,213.358,213.3685,213.288,213.324,62.64262254214448,61.16653162574012,,,
1769077800,213.324,213.4065,213.31,213.382,65.25257741735535,60.92325369695735,,,
1769078700,213.382,213.418,213.3165,213.327,60.907040022784884,60.22210906902098,,,
1769079600,213.327,213.408,213.0235,213.0235,43.63734040518761,58.18824393885211,,,
1769080500,213.0235,213.0355,212.6875,212.886,38.334207996671104,56.32227246410365,,,
1769081400,212.886,213.0035,212.8475,212.9315,40.89396876161421,54.885510487005284,,,
1769082300,212.9315,213.0295,212.82,212.8465,37.74206509042289,53.91488984186462,,,
1769083200,212.8465,212.9845,212.7875,212.954,43.65672754213094,53.51068968362558,,,
1769084100,212.954,213.0075,212.9135,212.968,44.39758248508792,53.11530745515639,,,
1769085000,212.968,213.1985,212.9615,213.1545,53.2216957394987,52.95480669309279,,,
1769085900,213.1545,213.243,213.029,213.226,56.09824098515938,52.67968208112363,,,
1769086800,213.226,213.278,213.04,213.042,47.92996646919902,51.786712323502705,,,
1769087700,213.042,213.112,212.88,212.9505,44.46286554107452,50.32070887280131,,,
1769088600,212.9505,213.2335,212.856,212.8785,41.89474727541758,48.64797487669637,,,
1769089500,212.8785,213.0285,212.8485,213.023,48.34332651500217,47.626596589043345,,,
1769090400,213.023,213.175,212.989,213.159,53.56651470881611,46.79187782414768,,,
1769091300,213.159,213.211,213.0325,213.0715,50.05940954284509,46.01704707558055,,,
1769092200,213.0715,213.191,213.0605,213.145,52.8518506285002,46.675226377245735,,,
1769093100,213.145,213.347,213.1035,213.2825,57.62534647605333,48.053164840058756,,,
1769094000,213.2825,213.4335,213.254,213.4005,61.25107703178438,49.50724400221377,,,
1769094900,213.4005,213.4755,213.3275,213.3965,61.06035040581045,51.17283581045574,,,
1769095800,213.3965,213.5225,213.385,213.511,64.47081123948135,52.6595560745522,,,
1769096700,213.511,213.6355,213.4385,213.4805,62.89070415368011,53.9804933365945,,,
1769097600,213.4805,213.575,213.458,213.54,64.70790382439878,54.80093677123022,,,
1769098500,213.54,213.666,213.54,213.6385,67.54158624514811,55.618318575515126,,,
1769099400,213.6385,213.649,213.5875,213.612,66.00607860749813,56.90946944253649,,,
1769100300,213.612,213.6615,213.589,213.622,66.31726946213118,58.470498294040546,,,
1769101200,213.622,213.622,213.4835,213.4895,58.65540977616708,59.66768847266551,,,
1769102100,213.4895,213.5615,213.423,213.5585,61.171227188883776,60.583967092228484,,,
1769103000,213.5585,213.6225,213.534,213.55,60.68136906403696,61.092170974744256,,,
1769103900,213.55,213.6155,213.5105,213.6005,62.59773381916349,61.987765565909854,,,
1769104800,213.6005,213.657,213.5785,213.6445,64.23343152375391,62.800735629856554,,,
1769105700,213.6445,213.738,213.637,213.7365,67.43979056108836,63.5017673502162,,,
1769106600,213.7365,213.7715,213.6345,213.637,61.06391997237487,63.48839898882981,,,
1769107500,213.637,213.713,213.6085,213.7035,63.54458741259574,63.665844489314466,,,
1769108400,213.7035,213.7125,213.635,213.7125,63.87999254145845,63.623643153741405,,,
1769109300,213.7125,213.726,213.683,213.692,62.470132049768225,63.59360228917627,,,
1769110200,213.692,213.722,213.683,213.7085,63.174619551314706,63.48408198395599,,,
1769111100,213.7085,213.7795,213.704,213.708,63.13594336232485,63.16939320661147,,,
1769112000,213.708,213.804,213.669,213.799,67.08546773147626,63.24649242975276,,,
1769112900,213.799,213.8395,213.748,213.7695,64.6667348249681,63.128597098526825,,,
1769113800,213.7695,213.8185,213.7385,213.792,65.68301572214116,63.63056895181069,,,
1769114700,213.792,213.8515,213.7775,213.8495,68.2002503660754,64.1326420358958,,,
1769115600,213.8495,213.9525,213.831,213.8605,68.67365642831433,64.70351970477276,,,
1769116500,213.8605,213.9185,213.8365,213.9085,70.72192044906296,65.28381874976559,,,
1769117400,213.9085,213.9615,213.9005,213.9325,71.71766110409484,65.81840657693279,,,
1769118300,213.9325,213.949,213.886,213.886,66.96560209050779,65.78453597189132,,,
1769119200,213.886,213.905,213.6635,213.8,59.15829061759197,65.64841958940683,,,
1769120100,213.8,213.86,213.672,213.6915,51.06879717519242,64.7572917153066,,,
1769121000,213.6915,213.841,213.6915,213.826,58.62231310223183,64.38174318393327,,,
1769121900,213.826,213.896,213.8245,213.8935,61.80866860196339,64.33449579480434,,,
1769122800,213.8935,213.962,213.8575,213.9195,62.990869169049326,64.32137076749967,,,
1769123700,213.9195,213.9415,213.9045,213.913,62.470245070981164,64.27382088954656,,,
1769124600,213.913,213.932,213.85,213.8795,59.73020566107337,63.748445027374906,,,
1769125500,213.8795,214.0085,213.8395,213.9515,63.441646950817365,63.660938750649855,,,
1769126400,213.9515,214.015,213.901,213.997,65.59935813584818,63.65496320877178,,,
1769127300,213.997,213.997,213.8795,213.936,60.44832784613197,63.10125445734725,,,
1769128200,213.936,214.003,213.898,213.9885,63.131589820000556,62.70539255675341,,,
1769129100,213.9885,214.0295,213.863,213.9515,60.04010733138052,61.94240590549038,,,
1769130000,213.9515,214.037,213.9435,214,62.62379473999774,61.29284402234059,,,
1769130900,214,214.1035,213.9605,214.098,67.23388685064833,61.312007219493445,,,
1769131800,214.098,214.127,214.053,214.095,66.96160411334324,61.86938675490425,,,
1769132700,214.095,214.157,214.095,214.1335,68.71275424340715,63.12966940263387,,,
1769133600,214.1335,214.1595,214.0905,214.1165,67.02346438234349,63.72975163692757,,,
1769134500,214.1165,214.1175,213.9965,214.009,57.41154197578096,63.415671163628815,,,
1769135400,214.009,214.0455,213.9105,213.9155,50.612758340310535,62.53152039014747,,,
1769136300,213.9155,214.035,213.8885,213.9975,55.580845655083984,62.03942043186911,,,
1769137200,213.9975,214.172,213.9015,214.062,59.06871622758728,61.9921711866201,,,
1769138100,214.062,214.1095,214.0235,214.089,60.468067828803626,61.77977267790483,,,
1769139000,214.089,214.1345,213.8875,213.952,50.949845577610766,60.733378923745015,,,
1769139900,213.952,214.021,213.9345,214.0055,53.995285180108766,60.272447304743366,,,
1769140800,214.0055,214.039,213.9505,213.9705,51.73235673600094,59.45821637017197,,,
1769141700,213.9705,214.0435,213.9685,214.04,55.7024116057656,59.148380961199464,,,
1769142600,214.04,214.075,214.032,214.0605,56.830317862048844,58.73456118420312,,,
1769143500,214.0605,214.0605,213.983,213.994,52.18818483480582,57.65986818307152,,,
1769144400,213.994,214.0755,213.994,214.0305,54.39035120977732,56.761921547102524,,,
1769145300,214.0305,214.0345,213.9235,213.985,51.22308998418212,55.51265981430073,,,
1769146200,213.985,214.0845,213.9705,214.0485,55.14850813421788,54.66444865372034,,,
1769147100,214.0485,214.125,214.0455,214.123,59.28812352195438,54.79849019273273,,,
1769148000,214.123,214.129,214.0015,214.0275,52.58774373973752,54.93956057840609,,,
1769148900,214.0275,214.087,213.9985,214.047,53.73742496723917,54.807887672131464,,,
1769149800,214.047,214.219,213.9565,214.1805,60.75384074566108,54.92825370913673,,,
1769150700,214.1805,214.3495,214.1465,214.2215,62.62846291666938,55.082567643984284,,,
1769151600,214.2215,214.433,214.2215,214.4125,69.85279680068868,56.43277844563271,,,
1769152500,214.4125,214.767,214.372,214.715,77.32800484251236,58.09940127866154,,,
1769153400,214.715,214.8555,212.5355,212.698,27.81084844126302,56.39072211475168,,,
1769154300,212.698,213.7955,212.5755,213.7065,46.31998653108778,55.72054889513184,,,
1769155200,213.7065,213.7105,213.4155,213.6015,45.02557722381296,54.87735313525785,,,
1769156100,213.6015,213.6365,213.359,213.549,44.35810851700184,54.318061969700416,,,
1769157000,213.549,213.738,213.5075,213.574,44.77791564074228,53.631459429055056,,,
1769157900,213.574,213.635,213.418,213.5085,43.8445548374872,53.104421204291135,,,
1769158800,213.5085,213.5115,213.211,213.312,41.07822899123639,52.09940126550674,,,
1769159700,213.312,213.46,213.2545,213.33,41.442700298767335,50.82472817813624,,,
1769160600,213.33,213.665,213.33,213.6615,47.8416291555963,50.485719993554724,,,
1769161500,213.6615,213.8675,213.645,213.7835,50.00682861106553,50.219248825256614,,,
1769162400,213.7835,214.0005,213.7255,213.9005,52.06207474398554,49.598408396565496,,,
1769163300,213.9005,214.022,213.893,214.022,54.16917837097794,48.99417378615897,,,
1769164200,214.022,214.11,214.013,214.0745,55.08780421225255,47.939531458413526,,,
1769165100,214.0745,214.0885,213.937,213.989,53.21702264176147,46.217318444074174,,,
1769166000,213.989,214.0965,213.9265,214.0695,54.77430484729156,48.14327961593335,,,
1769166900,214.0695,214.1155,213.927,214.1135,55.64342328716024,48.80923938422425,,,
1769167800,214.1135,214.175,214.006,214.0315,53.57700606031304,49.42005572968854,,,
1769168700,214.0315,214.089,213.743,213.7725,47.56815947606887,49.64934508390761,,,
1769169600,213.7725,213.8865,213.756,213.8785,50.03786106999476,50.02505547171136,,,
1769170500,213.8785,213.977,213.8615,213.9345,51.34184389544904,50.56057611870864,,,
1769171400,213.9345,214.1075,213.9055,214.079,54.63220119479662,51.52871699039151,,,
1769172300,214.079,214.099,213.951,213.9645,51.651667196017705,52.25792891162369,,,
1769173200,213.9645,214.04,213.9235,214.0365,53.37426070051023,52.65311687911753,,,
1769174100,214.0365,214.0605,213.955,213.9585,51.24419609266284,52.741500270660204,,,
1769175000,213.9585,214.0435,213.956,214.016,52.741462586313645,52.79002797368364,,,
1769175900,214.016,214.086,214.006,214.057,53.83022039062783,52.76581668937292,,,
1769176800,214.057,214.1645,214.0355,214.1195,55.51276751944187,52.79617121131501,,,
1769177700,214.1195,214.128,214.001,214.11,55.18357682179677,52.936639367031816,,,
1769178600,214.11,214.1705,214.0855,214.1205,55.49769104141241,52.988309809469015,,,
1769179500,214.1205,214.26,214.1055,214.226,58.63482533995355,53.20198138466855,,,
1769180400,214.226,214.356,214.2185,214.2315,58.797891902692456,53.57490180198136,,,
1769181300,214.2315,214.477,214.1955,214.475,65.3167408115064,54.84265761165547,,,
1769182200,214.475,214.527,214.4005,214.4465,64.039623401966,55.842783492510556,,,
1769183100,214.4465,214.564,214.426,214.473,64.73017373148777,56.79909276651332,,,
1769184000,214.473,214.6205,214.441,214.5805,67.46000533110995,57.715364490535705,,,
1769184900,214.5805,214.626,214.173,214.2015,52.13836199581571,57.75012840480699,,,
1769185800,214.2015,214.2685,213.9575,214.1305,49.85401065057974,57.4986819726691,,,
1769186700,214.1305,214.235,213.9815,214.1095,49.167839782873095,57.35037080768412,,,
1769187600,214.1095,214.1505,213.5305,213.548,35.212413297306654,56.098295858469335,,,
1769188500,213.548,213.6075,213.0185,213.146,28.890147854367683,54.31686210587933,,,
1769189400,213.146,213.4205,212.6705,213.0165,27.196150345438966,52.29424659345055,,,
1769190300,213.0165,213.082,212.6705,212.786,24.448274761066955,50.098867874826986,,,
1769191200,212.786,212.9345,212.683,212.868,27.2638525613567,48.08216512625158,,,
1769192100,212.868,212.9325,212.297,212.307,21.390588027520536,45.421862461077794,,,
1769193000,212.307,212.53,212.2995,212.3655,23.247379938322638,42.882540177908524,,,
1769193900,212.3655,212.4945,212.3555,212.468,26.522272715086885,40.11150674244998,,,
1769194800,212.468,212.5235,212.284,212.314,24.80948638587971,37.30935409844382,,,
1769195700,212.314,212.6265,212.296,212.52,31.20911175930432,34.91499252900214,,,
1769196600,212.52,212.551,212.3935,212.404,29.677347156114152,32.21623123078815,,,
1769197500,212.404,212.4205,212.0845,212.3815,29.37617482025763,30.5903607182483,,,
1769198400,212.3815,212.4835,212.313,212.38,29.35478720508968,29.12613047214187,,,
1769199300,212.38,212.44,212.357,212.4275,31.066321498472945,27.833164880399003,,,
1769200200,212.4275,212.462,212.295,212.362,29.98743787072185,27.459952349928667,,,
1769201100,212.362,212.5245,212.3295,212.484,34.54694507025404,27.86400929392055,,,
1769202000,212.484,212.5635,212.3155,212.3875,32.73119542537766,28.25936965677331,,,
1769202900,212.3875,212.4345,212.3485,212.4175,33.894418669609266,28.934094221669188,,,
1769203800,212.4175,212.4915,212.3845,212.3875,33.27476497703449,29.36344510850331,,,
1769204700,212.3875,212.585,212.382,212.412,34.33064151355562,30.28773464322011,,,
1769378400,212.412,212.412,211.396,212.003,26.72708839817031,30.53628524749494,,,
1769379300,212.003,212.1065,211.924,211.932,25.664448012494574,30.475012054452637,,,
1769380200,211.932,211.933,211.049,211.12,17.228100935203628,29.933484522261487,,,
1769381100,211.12,211.4485,210.9425,211.44,27.36176342135208,29.65867392669347,,,
1769382000,211.44,211.694,211.3535,211.4715,28.29242928545598,29.559751221646458,,,
1769382900,211.4715,211.8725,211.442,211.8705,38.96051253085173,30.244346772403183,,,
1769383800,211.8705,211.938,211.61,211.612,35.296741415022396,30.66877207311266,,,
1769384700,211.612,212.066,211.594,212.01,44.024606708876505,31.594363873855773,,,
1769385600,212.01,212.082,211.5605,211.7925,40.78672078344228,32.36574122476438,,,
1769386500,211.7925,211.814,211.5595,211.6905,39.325986317030186,32.70710131381982,,,
1769387400,211.6905,211.717,211.328,211.3625,34.98673985550268,32.86821163025732,,,
1769388300,211.3625,211.627,211.245,211.627,40.67176797135883,33.35230800895372,,,
1769389200,211.627,211.627,211.381,211.543,39.49072929653202,33.796305460346396,,,
1769390100,211.543,211.651,211.3325,211.336,36.665193629585474,33.963059182919956,,,
1769391000,211.336,211.376,211.1075,211.123,33.971694779446594,34.48053106729684,,,
1769391900,211.123,211.1555,210.8905,210.96,32.032395172085415,34.93538443583904,,,
1769392800,210.96,211.02,210.613,210.613,28.325337496412544,35.7280441902111,,,
1769393700,210.613,210.8625,210.582,210.674,29.8619995036168,35.906632481801445,,,
1769394600,210.674,210.707,210.5135,210.594,28.984350026783716,35.95605539189628,,,
1769395500,210.594,210.6685,210.498,210.5015,27.961074698404104,35.170381261007165,,,
1769396400,210.5015,210.754,210.44,210.7495,34.625071720555056,35.1224048542595,,,
1769397300,210.7495,210.839,210.5815,210.6665,33.507885210508405,34.37121046151892,,,
1769398200,210.6665,210.721,210.557,210.6935,34.25106531871063,33.904377928323804,,,
1769399100,210.6935,210.726,210.603,210.6495,33.59214148363664,33.4948175830814,,,
1769400000,210.6495,210.6765,210.3355,210.3395,29.313357179367742,33.089575963357476,,,
1769400900,210.3395,210.3875,210.2125,210.3275,29.15852809832228,32.267201686712006,,,
1769401800,210.3275,210.36,210.243,210.3035,28.830542727489004,31.50575978892322,,,
1769402700,210.3035,210.4375,210.2765,210.407,32.36385107245124,31.198521034842205,,,
1769403600,210.407,210.487,210.342,210.4405,33.51439876621495,31.16585703389709,,,
1769404500,210.4405,210.4925,210.3235,210.4165,33.08024300966406,31.24070330800985,,,
1769405400,210.4165,210.5145,210.3885,210.5125,36.61720345288122,31.832979447757612,,,
1769406300,210.5125,210.623,210.4585,210.6135,40.19836357630142,32.57129116723508,,,
1769407200,210.6135,210.9,210.6025,210.8995,48.987708678690915,34.00010249951417,,,
1769408100,210.8995,210.9085,210.709,210.7175,44.50498334393948,35.181810259909554,,,
1769409000,210.7175,210.7635,210.6245,210.6285,42.458883263319684,35.741368227249886,,,
1769409900,210.6285,210.6655,210.5185,210.649,43.10769736279036,36.42706909527003,,,
1769410800,210.649,210.7795,210.574,210.629,42.60298626662257,37.02363487726374,,,
1769411700,210.629,210.6455,210.521,210.58,41.326353800475765,37.576078614180815,,,
1769412600,210.58,210.58,210.271,210.3205,35.294404685597414,38.00329629319723,,,
1769413500,210.3205,210.5915,210.108,210.499,41.60790463508036,38.89253747439424,,,
1769414400,210.499,210.694,210.2075,210.247,36.23290431002273,39.42127758743236,,,
1769415300,210.247,210.313,210.0325,210.0595,32.834192049361604,39.454873371497385,,,
1769416200,210.0595,210.2075,209.645,210.1305,35.30875507783486,39.58304167947023,,,
1769417100,210.1305,210.331,210.105,210.2875,40.52668685602276,40.11493052563871,,,
1769418000,210.2875,210.5915,210.249,210.3055,41.113133986314025,40.436068420883906,,,
1769418900,210.3055,210.3285,209.9495,209.9675,34.27794681298067,40.01318150921814,,,
1769419800,209.9675,210.0275,209.877,209.9745,34.52074173668221,38.97982672764609,,,
1769420700,209.9745,210.125,209.972,210.0965,38.76658021545777,38.56994078989741,,,
1769421600,210.0965,210.358,210.055,210.3035,45.253136070271864,38.76953027610828,,,
1769422500,210.3035,210.3265,210.0465,210.1335,41.37660099374564,38.64588053546222,,,
1769423400,210.1335,210.2685,210.044,210.071,40.01928749561697,38.461330623247534,,,
1769424300,210.071,210.0915,209.8655,209.9305,37.07495419989515,38.15765922320606,,,
1769425200,209.9305,209.9675,209.6185,209.964,38.2416732922585,38.36817840939614,,,
1769426100,209.964,210.204,209.9095,210.143,44.1956078115381,38.553014350571694,,,
1769427000,210.143,210.247,210.088,210.108,43.316262986864615,39.05896854177468,,,
1769427900,210.108,210.212,210.042,210.106,43.26329099687537,39.80390418088281,,,
1769428800,210.106,210.327,210.104,210.3195,50.25660877702465,40.87160801653922,,,
1769429700,210.3195,210.3385,210.175,210.26,48.46377457825833,41.43854285384176,,,
1769430600,210.26,210.385,210.1505,210.3475,51.21969834626817,42.1604403081242,,,
1769431500,210.3475,210.5055,210.333,210.4355,53.890283019807136,43.561321465754666,,,
1769432400,210.4355,210.5825,210.374,210.445,54.18190784304265,44.96569047335184,,,
1769433300,210.445,210.5485,210.4345,210.491,55.644745127148994,46.17127368132979,,,
1769434200,210.491,210.5705,210.384,210.4295,53.19925164285359,46.738853365085625,,,
1769435100,210.4295,210.4835,210.355,210.4695,54.596898437028145,47.68316032532009,,,
1769436000,210.4695,210.5585,210.4155,210.498,55.613990554154874,48.79706768664422,,,
1769436900,210.498,210.5485,210.393,210.5295,56.76676121791259,50.20362533078833,,,
1769437800,210.5295,210.5295,210.411,210.4645,53.66927063920924,51.305596569856235,,,
1769438700,210.4645,210.585,210.4045,210.492,54.79316123360778,52.062564671432646,,,
1769439600,210.492,210.659,210.407,210.6405,60.38204860414695,53.281549358381376,,,
1769440500,210.6405,210.7295,210.6075,210.7145,62.84698241278264,54.68038445951761,,,
1769441400,210.7145,210.778,210.4875,210.508,52.94713057001784,54.872564587588556,,,
1769442300,210.508,210.845,210.4745,210.845,63.14915288621259,55.92152018101387,,,
1769443200,210.845,211.0205,210.776,211.0005,66.7333687377937,57.029639494694194,,,
1769444100,211.0005,211.0555,210.968,211.029,67.35997724011206,57.991760510430254,,,
1769445000,211.029,211.0735,210.861,210.877,60.78400211543429,58.463338672743944,,,
1769445900,210.877,210.8975,210.7235,210.7765,56.833351236456124,58.548239109123024,,,
1769446800,210.7765,210.8525,210.7555,210.801,57.55756104069734,58.85954692325472,,,
1769447700,210.801,210.985,210.7905,210.893,60.25414726625722,59.26363612534251,,,
1769448600,210.893,211.017,210.796,210.838,57.88632288936352,59.42594557785742,,,
1769449500,210.838,210.87,210.7595,210.763,54.72800790922217,59.28032034152239,,,
1769450400,210.763,210.834,210.722,210.818,56.59814679525466,59.48952578123992,,,
1769451300,210.818,211.015,210.8135,211.009,62.4060292242471,60.03330206628558,,,
1769452200,211.009,211.041,210.9695,211.0115,62.47680760901168,60.18292770949021,,,
1769453100,211.0115,211.078,210.975,211.032,63.09045608832039,60.200318686314326,,,
1769454000,211.032,211.08,210.974,211.0255,62.740100321780865,60.89981652572597,,,
1769454900,211.0255,211.032,210.911,210.958,59.0715135066436,60.60855657004247,,,
1769455800,210.958,210.9765,210.892,210.932,57.67264239810124,59.961361831493,,,
1769456700,210.932,210.9335,210.756,210.7675,49.65987617259058,58.697068898098614,,,
1769457600,210.7675,210.8725,210.566,210.6415,44.55380622225206,57.537769191442734,,,
1769458500,210.6415,210.7315,210.618,210.7295,48.53395012837301,56.94495482657966,,,
1769459400,210.7295,210.8285,210.713,210.796,51.37457634553209,56.50331306263928,,,
1769460300,210.796,210.8355,210.7505,210.798,51.461347226386486,55.87525591693423,,,
1769461200,210.798,210.92,210.798,210.876,54.84557956279591,55.65805996503654,,,
1769462100,210.876,210.9785,210.8665,210.9225,56.78021052279306,55.8046458660059,,,
1769463000,210.9225,210.965,210.9105,210.9605,58.350650739807776,55.92982471918827,,,
1769463900,210.9605,211.0025,210.9215,210.925,56.29276717411086,55.49316314417853,,,
1769464800,210.925,211.017,210.835,210.971,58.342883310468274,55.197882837139716,,,
1769465700,210.971,210.976,210.8345,210.8355,50.78611221139744,54.319001131645216,,,
1769466600,210.8355,210.931,210.8355,210.8805,52.96496434725247,53.620777133464614,,,
1769467500,210.8805,210.912,210.781,210.8665,52.19079810944928,53.12929746223646,,,
1769468400,210.8665,210.9445,210.7935,210.893,53.5740734802545,52.83654253953311,,,
1769469300,210.893,210.9555,210.8905,210.897,53.79140300677076,53.131651599117404,,,
1769470200,210.897,210.9585,210.8965,210.952,56.78684885186548,54.00544035837551,,,
1769471100,210.952,211.174,210.9515,211.1325,64.84182431734831,55.17028851473089,,,
1769472000,211.1325,211.206,210.8595,210.882,50.71359104991481,55.123075279329655,,,
1769472900,210.882,210.9735,210.8745,210.9345,53.0237772305911,55.23467742248712,,,
1769473800,210.9345,210.9345,210.816,210.8955,51.10734650430499,54.96766077545205,,,
1769474700,210.8955,210.9965,210.7805,210.9635,54.21461192384792,54.78440373267025,,,
1769475600,210.9635,211.1095,210.9285,211.0115,56.32464005249285,54.639688683576324,,,
1769476500,211.0115,211.0555,210.96,211.0385,57.51081024096198,54.726691759779975,,,
1769477400,211.0385,211.1485,211.0115,211.061,58.521770672267316,54.739469428479914,,,
1769478300,211.061,211.153,211.04,211.1475,62.241323601234924,55.5576988134683,,,
1769479200,211.1475,211.1895,211.0715,211.159,62.7199682680368,56.254484807810044,,,
1769480100,211.159,211.2355,211.116,211.184,63.79444862323483,57.08331698736615,,,
1769481000,211.184,211.212,211.1075,211.1255,59.474732156356325,57.504792607087715,,,
1769481900,211.1255,211.2755,211.114,211.271,65.69636413340581,58.35514697327593,,,
1769482800,211.271,211.2895,211.1935,211.2535,64.4154263140145,58.900045363429435,,,
1769483700,211.2535,211.351,211.2505,211.3275,67.31732756100828,59.07686702369085,,,
1769484600,211.3275,211.403,211.2405,211.403,70.00496197840522,60.4548220900116,,,
1769485500,211.403,211.413,211.2685,211.2865,61.588732710588125,61.0666046242971,,,
1769486400,211.2865,211.455,211.2845,211.3475,64.02738213182067,61.98946431197679,,,
1769487300,211.3475,211.4385,211.283,211.315,61.777002560634934,62.52963507174729,,,
1769488200,211.315,211.3905,211.269,211.371,64.1172668017779,63.0862512681248,,,
1769489100,211.371,211.4405,211.3465,211.4015,65.36120672128949,63.64699387386248,,,
1769490000,211.4015,211.45,211.363,211.408,65.63462851790706,64.15505514855103,,,
1769490900,211.408,211.4325,211.331,211.341,60.34687398348152,64.0197373187115,,,
1769491800,211.341,211.364,211.26,211.3325,59.6898704616631,63.80330176111339,,,
1769492700,211.3325,211.348,211.274,211.334,59.77310172435912,63.51606269690797,,,
1769493600,211.334,211.508,211.334,211.4995,67.6979916256384,64.1034383732853,,,
1769494500,211.4995,211.5615,211.448,211.5545,69.82547652033556,64.39837497235172,,,
1769495400,211.5545,211.5955,211.437,211.4485,61.42829944163133,64.18500876718149,,,
1769496300,211.4485,211.455,211.332,211.429,59.998827624968975,63.6622587717501,,,
1769497200,211.429,211.4995,211.3655,211.495,63.126461631225055,63.17093731838009,,,
1769498100,211.495,211.5785,211.474,211.548,65.46184890348795,63.447588475015785,,,
1769499000,211.548,211.6245,211.543,211.55,65.55051663903004,63.55638379695931,,,
1769499900,211.55,211.761,211.5405,211.5875,67.24831509663636,63.94719183524512,,,
1769500800,211.5875,211.593,211.469,211.4815,58.47554091724702,63.54421141492149,,,
1769501700,211.4815,211.6165,211.4805,211.5645,62.590746150640996,63.34632137416089,,,
1769502600,211.5645,211.673,211.5315,211.5905,63.80096644174258,63.21534551157771,,,
1769503500,211.5905,211.622,211.511,211.5605,61.335331962966606,63.28594965296951,,,
1769504400,211.5605,211.5825,211.4065,211.408,50.62506485465312,62.63846353818308,,,
1769505300,211.408,211.498,211.379,211.4785,54.57415086598549,62.267109905442105,,,
1769506200,211.4785,211.495,211.311,211.394,49.46722154094322,60.964912042249594,,,
1769507100,211.394,211.395,209.8065,210.6135,25.619571097334912,57.80734736917811,,,
1769508000,210.6135,211.009,210.582,210.7725,32.733889469639905,55.75774665689301,,,
1769508900,210.7725,210.962,210.6715,210.8795,37.09438050925682,54.12171472005643,,,
1769509800,210.8795,210.919,210.384,210.597,31.32140545170556,51.84992499294789,,,
1769510700,210.597,210.7195,210.533,210.6795,34.52605292010874,49.64022527984939,,,
1769511600,210.6795,210.6955,210.478,210.579,32.53446567005544,47.28193592492263,,,
1769512500,210.579,210.7095,210.5245,210.5385,31.73989677408136,44.745620330454415,,,
1769513400,210.5385,210.693,210.497,210.674,37.26063267503579,43.23026974172503,,,
1769514300,210.674,210.8205,210.575,210.775,41.08552162085569,41.6941822753118,,,
1769515200,210.775,210.8235,210.6495,210.6855,38.82663323038642,39.91030133164351,,,
1769516100,210.6855,210.7645,210.543,210.714,39.95867574826883,38.38339731630795,,,
1769517000,210.714,210.755,210.494,210.568,36.257104192890395,37.357114411896326,,,
1769517900,210.568,210.7225,210.549,210.6515,39.697651932714564,36.29450734523412,,,
1769518800,210.6515,210.7105,210.5715,210.669,40.42343612818229,35.64852267289406,,,
1769519700,210.669,210.6795,210.552,210.6055,38.60764074691475,36.57624193357833,,,
1769520600,210.6055,210.756,210.531,210.641,40.22422450125031,37.11126586440764,,,
1769521500,210.641,210.704,210.2685,210.499,36.126400907004225,37.04212446424675,,,
1769522400,210.499,210.6115,210.4385,210.515,36.90635229788044,37.44104923897353,,,
1769523300,210.515,210.5515,210.4385,210.4645,35.43559192722823,37.50601631091063,,,
1769524200,210.4645,210.933,210.373,210.893,52.670729036600214,38.944320837092405,,,
1769525100,210.893,211.153,210.8865,211.007,56.03339126719993,40.679570443743735,,,
1769526000,211.007,211.0475,210.8055,210.8625,51.079486715185276,41.66663144661156,,,
1769526900,210.8625,210.988,210.8085,210.9105,52.579265068505094,42.48761312144366,,,
1769527800,210.9105,211.061,210.901,210.9295,53.19099889553818,43.513639240383064,,,
1769528700,210.9295,210.956,210.6595,210.735,46.568296288699266,43.98575499327096,,,
1769529600,210.735,210.797,210.646,210.709,45.74830258466366,44.66369773554048,,,
1769530500,210.709,210.719,210.5995,210.7015,45.49941765209137,45.07810957263882,,,
1769531400,210.7015,211.0015,210.6865,210.9935,55.62211955301211,46.16372981726953,,,
1769532300,210.9935,211.0045,210.874,210.897,52.17328297864536,47.13270426239314,,,
1769533200,210.897,210.945,210.8235,210.8295,49.84514309291706,47.81991273322648,,,
1769534100,210.8295,210.844,210.649,210.691,45.37137440926801,48.480267983388174,,,
1769535000,210.691,210.777,210.269,210.416,38.06581588024694,48.563086810700064,,,
1769535900,210.416,210.6455,210.415,210.6295,45.414337015510434,49.275854317005944,,,
1769536800,210.6295,210.643,210.402,210.5705,43.86541144407625,48.646903060397094,,,
1769537700,210.5705,210.6195,210.521,210.525,42.65711602292179,47.691454828662934,,,
1769538600,210.525,210.575,210.45,210.4555,40.80804006975752,46.957780068275234,,,
1769539500,210.4555,210.5175,210.422,210.4665,41.24217183019486,46.14798769411022,,,
1769540400,210.4665,210.541,210.4645,210.525,43.61083007840821,45.46368992145808,,,
1769541300,210.525,210.5755,210.4745,210.575,45.62830598021951,45.396547756566676,,,
1769542200,210.575,210.6055,210.4975,210.5125,43.531717695226014,45.23822026446398,,,
1769543100,210.5125,210.594,210.473,210.4945,42.920049089417084,45.0539796528444,,,
1769544000,210.4945,210.512,210.4435,210.5035,43.34867179247353,44.17730481280593,,,
1769544900,210.5035,210.531,210.335,210.3795,39.00303125090373,43.236572546538675,,,
1769545800,210.3795,210.5985,210.378,210.397,39.918450782012954,42.52752309575981,,,
1769546700,210.397,210.955,210.078,210.84,57.36269129143854,43.38404573020056,,,
1769547600,210.84,210.912,210.6815,210.695,52.03704266091466,44.38199050024826,,,
1769548500,210.695,210.824,210.6475,210.7955,55.14541192693046,45.0770672796354,,,
1769549400,210.7955,210.956,210.7955,210.887,57.825309948809824,46.07420288711637,,,
1769550300,210.887,210.9445,210.7245,210.802,54.56394306087249,46.924690532684274,,,
1769551200,210.802,210.802,210.5785,210.5955,47.547807132342484,47.40610246572605,,,
1769552100,210.5955,210.7305,210.5795,210.702,51.044127930612774,48.10624218718447,,,
1769553000,210.702,211.025,210.6955,210.9345,57.67674227793679,49.110950201436516,,,
1769553900,210.9345,211.0525,210.798,210.8795,55.75246160581662,49.834104174693444,,,
1769554800,210.8795,210.922,210.7135,210.811,53.364471761218375,50.53644375083576,,,
1769555700,210.811,210.989,210.7805,210.9365,56.998512139191156,51.54204825439105,,,
1769556600,210.9365,210.9815,210.8075,210.859,54.19025603781561,52.316447129058346,,,
1769557500,210.859,210.907,210.733,210.853,53.9685649200795,53.38541381971375,,,
1769558400,210.853,211.043,210.75,210.9685,57.56724879775148,54.646042249409355,,,
1769559300,210.9685,211.034,210.745,210.9175,55.50384086390587,54.51326721887131,,,
1769560200,210.9175,210.997,210.849,210.8855,54.19132701922256,54.66714467303616,,,
1769561100,210.8855,210.949,210.62,210.907,54.96193542162789,54.65403920837169,,,
1769562000,210.907,211.1065,210.864,211.103,61.345817000953396,54.90550399781053,,,
1769562900,211.103,211.1765,210.9965,211.1605,63.002626053675264,55.50826706872501,,,
1769563800,211.1605,211.2225,211.051,211.121,61.06624376449836,56.47386968530758,,,
1769564700,211.121,211.1855,211.0885,211.1285,61.30940075364919,57.2071034583816,,,
1769565600,211.1285,211.1755,211.0535,211.0975,59.65109730967736,57.34812881779165,,,
1769566500,211.0975,211.1115,210.9785,210.994,54.36406245549578,57.248957449911586,,,
1769567400,210.994,211.0585,210.962,210.971,53.23488493009823,57.23970124768872,,,
1769568300,210.971,211.0315,210.954,210.975,53.41610361425829,56.983814924479226,,,
1769569200,210.975,210.999,210.9365,210.942,51.63826933552753,56.80153016003008,,,
1769570100,210.942,210.9705,210.8115,210.8495,46.92387984167832,56.29833836871571,,,
1769571000,210.8495,210.891,210.762,210.777,43.566593794842724,55.29829158279366,,,
1769571900,210.777,210.793,210.6815,210.7575,42.682046708325664,54.382449143109355,,,
1769572800,210.7575,210.86,210.688,210.859,48.53887801033944,53.978702785332,,,
1769573700,210.859,210.87,210.719,210.7735,44.421245988551995,53.22579639725514,,,
1769574600,210.7735,210.8095,210.6635,210.6635,39.74929302284247,51.68318754167579,,,
1769575500,210.6635,210.673,210.5305,210.566,36.12280834661729,49.76320056260022,,,
1769576400,210.566,210.593,210.41,210.544,35.339346766845765,47.925565062767895,,,
1769577300,210.544,210.5985,210.508,210.533,34.931396860687684,46.041421927556364,,,
1769578200,210.533,210.6155,210.4495,210.5925,39.03121705026123,44.56857333759807,,,
1769579100,210.5925,210.751,210.5885,210.712,46.343474829293335,43.99567422144075,,,
1769580000,210.712,210.8425,210.712,210.7525,48.59373046325224,43.66416318809461,,,
1769580900,210.7525,210.852,210.721,210.777,49.96087602262509,43.41736121726366,,,
1769581800,210.777,210.845,210.6965,210.775,49.84433921827214,43.28922335174543,,,
1769582700,210.775,210.839,210.73,210.756,48.682583115107604,43.41484501413323,,,
1769583600,210.756,210.7695,210.6315,210.687,44.61565439947408,43.489777914464035,,,
1769584500,210.687,210.7425,210.5545,210.6215,41.10517565859748,43.377144268054884,,,
1769585400,210.6215,210.6965,210.5635,210.6605,43.93388009663564,43.04821584564747,,,
1769586300,210.6605,210.744,210.5835,210.6785,45.2411267119619,43.10677875446246,,,
1769587200,210.6785,210.6955,210.4605,210.614,41.50651710655521,43.232294760441945,,,
1769588100,210.614,210.675,210.4175,210.5095,36.28096811340504,43.24359188664107,,,
1769589000,210.5095,210.5875,210.4235,210.573,41.13099808510439,43.657281266516684,,,
1769589900,210.573,210.587,210.384,210.4395,35.084751177172706,43.668235146265616,,,
1769590800,210.4395,210.505,210.359,210.378,32.70000079666826,43.21600541386612,,,
1769591700,210.378,210.431,210.318,210.3925,33.84178976737398,42.323027909443304,,,
1769592600,210.3925,210.5155,210.3925,210.4745,40.03737007199876,41.71185931006806,,,
1769593500,210.4745,210.5605,210.417,210.549,45.07042409949693,41.362541315558914,,,
1769594400,210.549,210.5625,210.4065,210.4765,41.42629749611545,40.76125262111914,,,
1769595300,210.4765,210.5165,210.345,210.421,38.83752985122656,40.05803453084193,,,
1769596200,210.421,210.525,210.373,210.428,39.35230901896368,39.68208128937689,,,
1769597100,210.428,210.4705,210.2505,210.436,39.97410969118746,39.60129086313332,,,
1769598000,210.436,210.445,210.3235,210.3425,35.40522141418009,38.99210095724364,,,
1769598900,210.3425,210.367,210.2535,210.2665,32.18509313083517,38.0595271300203,,,
1769599800,210.2665,210.3565,210.2005,210.352,38.91595744232264,37.874487154003695,,,
1769600700,210.352,210.3805,210.1195,210.1355,30.626599178959168,37.47060365868613,,,
1769601600,210.1355,210.2455,210.0885,210.2065,35.48027565592555,37.0669806280305,,,
1769602500,210.2065,210.2095,210.0745,210.1665,34.035513129843906,36.9920350532213,,,
1769603400,210.1665,210.2715,210.071,210.27,40.757642377452676,37.56758088042019,,,
1769604300,210.27,210.4535,210.2495,210.4465,50.096915990954265,38.72866132496164,,,
1769605200,210.4465,210.4525,210.3155,210.3315,45.10731770003904,39.09080044125024,,,
1769606100,210.3315,210.3585,210.233,210.3035,43.959295750290565,39.01143413059264,,,
1769607000,210.3035,210.4675,210.296,210.3995,48.77320865212281,39.53621349887887,,,
1769607900,210.3995,210.5345,210.3625,210.477,52.333023441511976,40.5001773267564,,,
1769608800,210.477,210.6485,210.469,210.588,56.94761650250094,41.75698500415193,,,
1769609700,210.588,210.647,210.528,210.5635,55.666647391186814,42.87788055415188,,,
1769610600,210.5635,210.7275,210.476,210.6885,60.54320664019029,44.67345092743832,,,
1769611500,210.6885,210.7915,210.603,210.6925,60.692210053911296,46.709673564800894,,,
1769612400,210.6925,211.498,210.687,211.3495,76.43391857304583,49.38952793128112,,,
1769613300,211.3495,211.4675,211.224,211.2875,73.44478576299244,52.44796983014065,,,
1769614200,211.2875,211.2935,211.049,211.13,66.34654169007686,54.65270311829431,,,
1769615100,211.13,211.6885,211.1255,211.62,74.57833069760238,57.54861865884849,,,
1769616000,211.62,211.789,211.588,211.744,76.1670686862813,60.07786339519339,,,
1769616900,211.744,211.898,211.716,211.7685,76.47983335855054,61.96235749287884,,,
1769617800,211.7685,211.7695,211.605,211.686,73.00552388723904,63.95508650625027,,,
1769618700,211.686,211.7735,211.6025,211.736,73.78285787127085,66.08534094346314,,,
1769619600,211.736,211.783,211.664,211.734,73.6914477016806,67.8652151612887,,,
1769620500,211.734,211.8415,211.6575,211.689,71.54372699785517,69.23740827245607,,,
1769621400,211.689,211.76,211.6035,211.645,69.41348277273998,70.12782729175886,,,
1769622300,211.645,211.774,211.6265,211.708,70.7561398068941,71.2056481785951,,,
1769623200,211.708,211.824,211.7005,211.76,71.85437032974357,72.01358844213462,,,
1769624100,211.76,211.8235,211.756,211.818,73.06920537557397,72.8976595365391,,,
1769625000,211.818,211.936,211.818,211.893,74.59615181917553,72.76639048269122,,,
1769625900,211.893,211.9625,211.873,211.931,75.3584922122781,72.90308380049733,,,
1769626800,211.931,212.034,211.745,211.7805,66.80757472114654,72.93601473128801,,,
1769627700,211.7805,211.867,211.6795,211.825,67.96505266528987,72.46363772897999,,,
1769628600,211.825,211.923,211.704,211.756,64.2252124232727,71.61064799590794,,,
1769629500,211.756,211.8195,211.661,211.7195,62.273137000504356,70.5958839703332,,,
1769630400,211.7195,211.7995,211.6275,211.7275,62.54186873629894,69.84848003098034,,,
1769631300,211.7275,211.78,211.6745,211.6915,60.45498814564835,68.89648933629302,,,
1769632200,211.6915,211.7115,211.5845,211.595,55.14333987896673,67.57162449181347,,,
1769633100,211.595,211.6645,211.5795,211.6485,57.379128033707055,66.55986742294573,,,
1769634000,211.6485,211.7285,211.5895,211.712,59.93187275908513,65.88260956482753,,,
1769634900,211.712,211.8015,211.7105,211.774,62.305773419677436,65.27901196574062,,,
1769635800,211.774,211.842,211.7325,211.842,64.77104709710105,64.77306030626616,,,
1769636700,211.842,211.9,211.82,211.84,64.63714781374097,64.17077048042094,,,
1769637600,211.84,211.8465,211.6595,211.6805,54.89136477934941,62.76328569186194,,,
1769638500,211.6805,211.758,211.6565,211.7575,58.170308320793986,61.535558271041644,,,
1769639400,211.7575,211.8025,211.732,211.7805,59.12605457850118,60.98687826085269,,,
1769640300,211.7805,211.8335,211.7575,211.781,59.14790697674328,60.35708214024221,,,
1769641200,211.781,211.8405,211.666,211.784,59.28854575843223,60.00446309275361,,,
1769642100,211.784,211.845,211.641,211.661,51.46550548198605,59.232489412859444,,,
1769643000,211.661,211.842,211.6,211.6015,48.15536814316615,58.20488222763567,,,
1769643900,211.6015,211.8015,211.6005,211.6695,51.958350505428086,57.59797953904852,,,
1769644800,211.6695,211.724,211.442,211.624,49.349835194162665,57.18415777584822,,,
1769645700,211.624,211.6925,211.442,211.4685,41.6533617814029,56.06088875782649,,,
1769646600,211.4685,211.473,211.3425,211.4505,40.858995955569924,54.69854041471826,,,
1769647500,211.4505,211.613,211.3515,211.5915,49.0550193011701,53.752057977682014,,,
1769648400,211.5915,211.716,211.5405,211.618,50.445014473031904,52.728769933105646,,,
1769649300,211.618,211.691,211.5155,211.5855,48.69041678725444,51.589717716928035,,,
1769650200,211.5855,211.5905,211.4085,211.4335,41.4320254954016,50.6283363395032,,,
1769651100,211.4335,211.547,211.421,211.547,47.70139602313377,49.88055688967032,,,
1769652000,211.547,211.6285,211.475,211.5325,47.009083258331536,49.01505893822963,,,
1769652900,211.5325,211.565,211.3485,211.3535,39.40580087274732,47.604908502229925,,,
1769653800,211.3535,211.4715,211.3365,211.464,45.28868656396259,46.6049185597678,,,
1769654700,211.464,211.5215,211.4205,211.4875,46.47876545009423,46.248722843204106,,,
1769655600,211.4875,211.5995,211.482,211.5685,50.47733331795278,46.41457749854601,,,
1769656500,211.5685,211.6015,211.458,211.517,48.02084318438146,46.13332697561411,,,
1769657400,211.517,211.5675,211.442,211.4955,46.99267374551394,45.96495830071063,,,
1769658300,211.4955,211.5425,211.4765,211.541,49.458923296485686,46.522498408930836,,,
1769659200,211.541,211.6665,211.5315,211.6595,55.29295426517553,47.55349543104552,,,
1769660100,211.6595,211.8355,211.656,211.6905,56.70104199001695,48.099639908820286,,,
1769661000,211.6905,211.7785,211.6805,211.706,57.423116962375026,48.59807580091623,,,
1769661900,211.706,211.7565,211.6395,211.7125,57.74138021531621,49.24457318863493,,,
1769662800,211.7125,211.745,211.667,211.7375,59.01048292076129,50.50017729044634,,,
1769663700,211.7375,211.832,211.7145,211.7975,61.96294463925743,51.51885933445517,,,
1769664600,211.7975,211.8475,211.7755,211.822,63.13076258810864,52.67040785801068,,,
1769665500,211.822,211.8255,211.739,211.7465,57.293134889418205,53.94807457348717,,,
1769666400,211.7465,211.846,211.727,211.7345,56.40045258620403,54.74177214650441,,,
1769667300,211.7345,211.7415,211.6115,211.652,50.56708138796212,55.03379471349497,,,
1769668200,211.652,211.792,211.6415,211.778,57.75373372708085,55.553537599861265,,,
1769669100,211.778,211.8415,211.758,211.791,58.425312357903394,56.29671396939854,,,
1769670000,211.791,211.908,211.7555,211.8235,60.1316368864489,57.23521133660819,,,
1769670900,211.8235,212.1,211.814,212.0545,69.66239142842865,58.67831620317553,,,
1769671800,212.0545,212.13,212.0265,212.0965,71.01893937679358,59.80160085400538,,,
1769672700,212.0965,212.1155,212.043,212.056,67.86751999939597,60.59920642610388,,,
1769673600,212.056,212.1655,211.901,212.1115,69.84244578191269,61.48630134178514,,,
1769674500,212.1115,212.134,212.0065,212.0825,67.50764832769605,62.18389192124085,,,
1769675400,212.0825,212.159,212.0465,212.07,66.47609433187289,62.71714987917739,,,
1769676300,212.07,212.1115,211.841,211.9035,54.524641239979005,62.18584249351465,,,
1769677200,211.9035,211.943,211.7575,211.7875,48.0439365083478,61.10821205924601,,,
1769678100,211.7875,211.8855,211.752,211.828,50.266529310134636,60.60631166072576,,,
1769679000,211.828,211.862,211.6215,211.7045,44.07481661317334,59.72590909122356,,,
1769679900,211.7045,211.737,211.5925,211.6295,40.78892562260552,59.02746939369809,,,
1769680800,211.6295,211.708,211.5935,211.6075,39.850409944837445,57.74866055210928,,,
1769681700,211.6075,211.6605,211.5505,211.642,42.10027696470733,56.58258659545242,,,
1769682600,211.642,211.724,211.5595,211.584,39.430067792408344,55.10390308873524,,,
1769683500,211.584,211.5895,211.4265,211.4775,35.035870604973766,52.630580172774174,,,
1769684400,211.4775,211.6915,211.4595,211.688,47.49157251333882,50.95005396824168,,,
1769685300,211.688,211.7175,211.6175,211.7025,48.227933329797324,49.54722634898464,,,
1769686200,211.7025,211.7895,211.653,211.779,52.048615613729325,48.276238479828685,,,
1769687100,211.779,211.799,211.578,211.69,47.64345334563825,46.85736740968171,,,
1769688000,211.69,211.691,211.547,211.6045,43.807591993855745,45.23818867125191,,,
1769688900,211.6045,211.691,211.5875,211.675,47.55693698362258,44.74049551008359,,,
1769689800,211.675,211.708,211.6065,211.6115,44.66609072684859,44.499220811405074,,,
1769690700,211.6115,211.7075,211.595,211.663,47.455770388857374,44.29845231702813,,,
1769691600,211.663,211.8225,211.6265,211.7215,50.50809337917194,44.757972086028026,,,
1769692500,211.7215,211.757,211.676,211.696,49.16733317925108,45.35642976864557,,,
1769693400,211.696,211.727,211.6545,211.669,47.72281034014302,45.91874408259596,,,
1769694300,211.669,211.7415,211.6375,211.694,49.21073391543411,46.42663386479073,,,
1769695200,211.694,211.8645,211.694,211.8255,56.26242837516427,47.628945334987584,,,
1769696100,211.8255,211.9185,211.8235,211.883,58.94652559678324,49.33684926297398,,,
1769697000,211.883,211.904,211.7695,211.8145,54.64427545209872,49.84775661574253,,,
1769697900,211.8145,211.849,211.5465,211.652,46.05658043327769,49.69265998027685,,,
1769698800,211.652,211.6865,211.3265,211.3635,35.41518482582171,48.5045577811406,,,
1769699700,211.3635,211.3795,210.983,211.0165,27.25758184943294,47.048424102840215,,,
1769700600,211.0165,211.0805,210.056,210.0735,16.28169579768661,45.08228866025671,,,
1769701500,210.0735,210.426,210.0555,210.3245,24.944911328886462,43.4671439706327,,,
1769702400,210.3245,210.6745,210.2965,210.6475,34.35841393131757,42.73088134238048,,,
1769703300,210.6475,210.846,210.6245,210.6895,35.49138872719459,41.87628265226171,,,
1769704200,210.6895,210.8615,210.685,210.7695,37.697228332158254,40.961220863189304,,,
1769705100,210.7695,210.939,210.7365,210.875,40.58269678169993,40.3480325490785,,,
1769706000,210.875,210.99,210.872,210.9725,43.200807238872954,40.025032327559224,,,
1769706900,210.9725,211.084,210.897,211.0435,45.0979584158741,39.73126264901922,,,
1769707800,211.0435,211.1345,210.9985,211.0525,45.347154605717996,38.95160023691591,,,
1769708700,211.0525,211.0525,210.9555,210.9805,43.640607194784685,37.85832035105887,,,
1769709600,210.9805,211.177,210.952,211.128,47.96116747384306,37.38095549546919,,,
1769710500,211.128,211.205,211.066,211.185,49.57006968980855,37.63191901379282,,,
1769711400,211.185,211.28,211.102,211.2225,50.65105811983834,38.720195677651155,,,
1769712300,211.2225,211.2435,211.136,211.136,48.090349663895644,40.20825052154135,,,
1769713200,211.136,211.26,211.099,211.2555,51.72163711795306,42.73967490156038,,,
1769714100,211.2555,211.2805,211.1805,211.22,50.589451515799865,44.571427772054186,,,
1769715000,211.22,211.2295,211.141,211.1945,49.74706894392714,45.670617415812025,,,
1769715900,211.1945,211.221,211.1435,211.1445,48.05731521229733,46.568183593319354,,,
1769716800,211.1445,211.3435,211.1445,211.3155,53.83293944724542,47.72073438725415,,,
1769717700,211.3155,211.33,211.2275,211.259,51.78409971477649,48.52083459675962,,,
1769718600,211.259,211.302,211.2085,211.2685,52.11410986589371,49.15749907011824,,,
1769719500,211.2685,211.39,211.267,211.377,55.83230809464264,49.92423833288742,,,
1769720400,211.377,211.459,211.348,211.438,57.81549092756073,50.814833784447615,,,
1769721300,211.438,211.5205,211.4125,211.481,59.20601182268915,51.9266484007265,,,
1769722200,211.481,211.516,211.4125,211.429,56.76901237805233,52.55578017959859,,,
1769723100,211.429,211.4945,211.409,211.409,55.81737742426564,53.00201644634553,,,
1769724000,211.409,211.4295,211.2275,211.3105,51.25986922459817,53.045502953828375,,,
1769724900,211.3105,211.406,211.2815,211.406,55.08869439521084,53.54538472035089,,,
1769725800,211.406,211.4355,211.247,211.3665,53.22625079675134,53.65285712597934,,,
1769726700,211.3665,211.39,211.2945,211.302,50.23940735049427,53.62785397131465,,,
1769727600,211.302,211.349,211.165,211.2005,45.87657447249268,53.3513900804979,,,
1769728500,211.2005,211.2565,211.147,211.2095,46.32170149640616,53.227417672219964,,,
1769729400,211.2095,211.365,211.1935,211.356,53.085430784942396,53.17402419634117,,,
1769730300,211.356,211.5185,211.356,211.462,57.27986173712126,53.56657862650866,,,
1769731200,211.462,211.5705,211.4235,211.5335,59.885147556704624,54.121652747280855,,,
1769732100,211.5335,211.6275,211.465,211.5935,61.98050885401349,54.560809944378775,,,
1769733000,211.5935,211.638,211.4895,211.589,61.7201175895946,54.83971184880976,,,
1769733900,211.589,211.6405,211.4485,211.4905,56.158569348655725,54.6220373863788,,,
1769734800,211.4905,211.688,211.4775,211.5825,59.80199371005524,54.83867891009329,,,
1769735700,211.5825,211.6715,211.4915,211.538,57.32061666084548,54.94605314127757,,,
1769736600,211.538,211.626,211.4575,211.4595,53.13238461926377,55.079804240896536,,,
1769737500,211.4595,211.6235,211.4045,211.5875,58.46194116611377,55.32075043881817,,,
1769738400,211.5875,211.759,211.5175,211.7,62.49835572004993,55.983043647625216,,,
1769739300,211.7,211.7165,211.309,211.3805,48.179333131729464,55.835895489142025,,,
1769740200,211.3805,211.721,211.3405,211.593,55.48448053480344,56.52217449359279,,,
1769741100,211.593,211.8015,211.5765,211.6725,57.87690970335009,57.3475465083745,,,
1769742000,211.6725,211.714,211.549,211.5725,53.949277344669234,57.40924983406928,,,
1769742900,211.5725,211.6745,211.532,211.63,55.806386932589824,57.3040016337456,,,
1769743800,211.63,211.795,211.6035,211.6555,56.64147560949176,57.07231078037325,,,
1769744700,211.6555,211.7795,211.6355,211.7385,59.334974089403495,56.883344011472545,,,
1769745600,211.7385,211.9155,211.7355,211.8475,62.61913673327109,56.94755966459229,,,
1769746500,211.8475,211.865,211.69,211.7025,56.12547286898299,56.94519563032996,,,
1769747400,211.7025,211.7265,211.612,211.616,52.6198505369508,56.43218540367963,,,
1769748300,211.616,211.689,211.611,211.688,55.13198588208419,56.27585463376812,,,
1769749200,211.688,211.8545,211.6245,211.6735,54.5052206477423,56.373914350088015,,,
1769750100,211.6735,211.7535,211.631,211.6895,55.11163808894508,56.13460698743311,,,
1769751000,211.6895,211.8995,211.646,211.841,60.48285852023349,55.99064290173193,,,
1769751900,211.841,211.8455,211.713,211.73,55.26508647199601,56.4967681403224,,,
1769752800,211.73,211.751,211.6315,211.65,51.7968564877277,56.23336642267414,,,
1769753700,211.65,211.67,211.5265,211.575,48.71057020960296,55.57862788740648,,,
1769754600,211.575,211.7535,211.5105,211.687,53.19555850825431,55.524790827662564,,,
1769755500,211.687,211.6965,211.5635,211.635,50.96715496984952,55.17913140175254,,,
1769756400,211.635,211.8825,211.59,211.8035,57.22078924501872,55.220510947147325,,,
1769757300,211.8035,211.8275,211.644,211.6785,51.92957943493633,54.69155418611395,,,
1769758200,211.6785,211.845,211.6455,211.696,52.59054498008595,53.97522620374359,,,
1769759100,211.696,211.8955,211.627,211.785,55.91078803675741,53.95989157287033,,,
1769760000,211.785,211.9445,211.718,211.781,55.72190821565163,54.18146712134897,,,
1769760900,211.781,211.9375,211.6815,211.796,56.317858216202204,54.26617228807169,,,
1769761800,211.796,211.871,211.609,211.8105,56.921450153771055,54.438760109930875,,,
1769762700,211.8105,211.963,211.7755,211.896,60.396461984698476,54.81624753105611,,,
1769763600,211.896,212.0015,211.845,211.8575,58.122824497054786,54.647673672257646,,,
1769764500,211.8575,211.9975,211.8025,211.9665,62.43452921073742,55.159776725024884,,,
1769765400,211.9665,211.9865,211.701,211.73,50.32685446045236,55.0547765802195,,,
1769766300,211.73,211.891,211.61,211.884,56.27329302100987,55.59497106674858,,,
1769767200,211.884,212.048,211.7875,211.9365,58.114173648505236,55.946300719623636,,,
1769768100,211.9365,211.9375,211.7855,211.8465,53.92313309947287,56.15744201459673,,,
1769769000,211.8465,211.963,211.8235,211.9345,57.1752035791474,56.15418589560592,,,
1769769900,211.9345,211.979,211.8805,211.954,57.88454469102431,56.57954055675507,,,
1769770800,211.954,212.0015,211.848,211.9695,58.47334568845356,56.99974060735275,,,
1769771700,211.9695,212.0585,211.9055,211.9655,58.247030447306514,57.16661506524912,,,
1769772600,211.9655,212.0785,211.962,211.9995,59.67568257566532,57.44902751953582,,,
1769773500,211.9995,212.124,211.9155,212.005,59.914625144700736,57.70593944299999,,,
1769774400,212.005,212.1095,211.9905,212.068,62.64509088342791,58.114770923689775,,,
1769775300,212.068,212.1045,211.956,212.003,58.23740829135358,57.960552802736565,,,
1769776200,212.003,212.113,211.9945,212.0385,59.89699469525634,58.08727924546525,,,
1769777100,212.0385,212.0575,211.94,211.989,56.5240646089486,57.66510320248033,,,
1769778000,211.989,212.0855,211.9265,212.036,58.891155421248584,58.27683898539434,,,
1769778900,212.036,212.036,211.859,211.932,52.12789186733548,57.980738902989025,,,
1769779800,211.932,212.0725,211.901,212.0435,57.73242886145193,57.953471418199506,,,
1769780700,212.0435,212.1715,211.9515,212.169,62.98517518467788,58.60076013857129,,,
1769781600,212.169,212.2255,212.0365,212.122,59.97898097729251,58.80102995272451,,,
1769782500,212.122,212.2945,212.102,212.2935,66.29966230111279,59.40210978201655,,,
1769783400,212.2935,212.369,212.1615,212.2585,64.07555006920143,59.80226723778426,,,
1769784300,212.2585,212.4655,212.2075,212.225,61.933963177744715,60.0656195756727,,,
1769785200,212.225,212.4375,212.1935,212.341,66.1525516061694,60.528253077851566,,,
1769786100,212.341,212.4695,212.2785,212.3055,63.82150176158166,60.80731569334306,,,
1769787000,212.3055,212.378,212.2115,212.2185,58.39115447684033,60.50346309287251,,,
1769787900,212.2185,212.2225,211.5925,211.5955,35.25681385662243,58.86199206182028,,,
1769788800,211.5955,211.768,211.5455,211.665,38.19846241050775,57.312096898623956,,,
1769789700,211.665,211.7455,211.559,211.729,40.86308223759424,56.193455300670074,,,
1769790600,211.729,211.8295,211.648,211.7715,42.63196712950199,55.032084708402465,,,
1769791500,211.7715,211.8815,211.7165,211.861,46.276359355322604,54.61411810040154,,,
1769792400,211.861,211.8635,211.6085,211.6825,40.720309974154354,53.39896675130886,,,
1769793300,211.6825,211.8605,211.645,211.769,44.21559266212929,52.05828228541253,,,
1769794200,211.769,211.8305,211.6895,211.8,45.456808191040025,51.02098422925163,,,
1769795100,211.8,211.8925,211.7175,211.7325,43.20271345899325,49.37120216910024,,,
1769796000,211.7325,211.779,211.66,211.729,43.08341569375064,47.87176399942519,,,
1769796900,211.729,211.733,211.573,211.616,39.309328011422,46.25571863040214,,,
1769797800,211.616,211.707,211.502,211.6915,42.90790680309966,44.595386858754296,,,
1769798700,211.6915,211.746,211.5325,211.701,43.36296913172192,43.1340630994786,,,
1769799600,211.701,211.8325,211.701,211.801,48.056376381632994,42.39586466410665,,,
1769800500,211.801,211.8495,211.776,211.8005,48.03494255442181,43.30858814252089,,,
1769801400,211.8005,211.8455,211.737,211.7385,45.33479950588675,43.81832650647653,,,
1769802300,211.7385,211.803,211.638,211.687,43.1643250716818,43.98270099462564,,,
1769803200,211.687,211.8065,211.6665,211.735,45.77034944346087,44.20687115990842,,,
1769804100,211.735,211.735,211.6295,211.669,42.8603020616098,43.96286706750036,,,
1769805000,211.669,211.7375,211.631,211.6975,44.50121271033997,44.232931548656474,,,
1769805900,211.6975,211.814,211.6785,211.767,48.393259485123984,44.531336321727515,,,
1769806800,211.767,211.7925,211.7105,211.7525,47.642574617440744,44.687462495041856,,,
1769807700,211.7525,211.8225,211.733,211.758,47.972250515486785,45.02814371336283,,,
1769808600,211.758,211.8675,211.709,211.812,51.21988741687361,45.60932026501447,,,
1769809500,211.812,211.8545,211.767,211.81,51.0926801180065,46.45098827262764,,,
1769983200,211.81,212.0875,211.81,212.0515,63.03182547971063,47.88841103524271,,,
1769984100,212.0515,212.7805,212.0355,212.75,78.99994483251552,50.43390929958512,,,
1769985000,212.75,212.819,212.5495,212.5705,70.56472954213429,52.04164881104949,,,
1769985900,212.5705,212.7825,212.4235,212.4485,65.44960213621178,53.28555306689163,,,
1769986800,212.4485,212.678,212.4445,212.4615,65.73463331104934,54.742684052974674,,,
1769987700,212.4615,212.512,212.3315,212.418,63.83687239061413,56.21929457575555,,,
1769988600,212.418,212.437,212.269,212.312,59.34110170456539,57.1886340229773,,,
1769989500,212.312,212.378,212.2035,212.2895,58.40091620929261,58.298677890668934,,,
1769990400,212.2895,212.304,212.057,212.2045,54.86444579338821,59.03890882517238,,,
1769991300,212.2045,212.423,212.1825,212.338,59.05786148077458,59.800666110575996,,,
1769992200,212.338,212.5485,212.29,212.5125,63.793075584366214,60.95427332249925,,,
1769993100,212.5125,212.6825,212.4805,212.6755,67.5665320335041,62.35386485950048,,,
1769994000,212.6755,212.685,212.426,212.542,61.8784544789284,63.11519107821868,,,
1769994900,212.542,212.5795,212.4075,212.4665,58.860529666261556,63.67003747452261,,,
1769995800,212.4665,212.4835,212.3305,212.3825,55.6108149639043,63.13996529482216,,,
1769996700,212.3825,212.4345,212.2675,212.303,52.648187659124304,61.25769692529422,,,
1769997600,212.303,212.37,212.169,212.288,52.08437601502949,59.93767167335816,,,
1769998500,212.288,212.3145,212.0665,212.223,49.60532374184145,58.80593750233171,,,
1769999400,212.223,212.3085,212.1725,212.222,49.566236458236034,57.65105201284505,,,
1770000300,212.222,212.28,212.143,212.27,51.54009349500501,56.77271066315868,,,
1770001200,212.27,212.3225,212.1315,212.175,47.57173955554745,55.932041938228835,,,
1770002100,212.175,212.2205,212.1125,212.202,48.77882924734668,55.244750012375555,,,
1770003000,212.202,212.221,212.0745,212.1025,44.69491849556059,54.51835520538786,,,
1770003900,212.1025,212.147,212.0225,212.073,43.53124908617157,53.40931146291622,,,
1770004800,212.073,212.0775,211.7885,211.82,35.09264267995279,51.3592805411724,,,
1770005700,211.82,211.936,211.803,211.886,38.44493215875593,49.27916626440468,,,
1770006600,211.886,211.945,211.811,211.9125,39.78957184156464,47.70138893316442,,,
1770007500,211.9125,211.963,211.8415,211.8595,38.00160787919557,46.21146594837399,,,
1770008400,211.8595,211.9515,211.74,211.831,37.03780458815823,44.88482235010641,,,
1770009300,211.831,211.8735,211.768,211.802,36.0362741875275,43.69825710213521,,,
1770010200,211.802,211.875,211.64,211.641,31.021073814906543,42.19373551641214,,,
1770011100,211.641,211.7855,211.596,211.773,38.56963594687267,41.4054721024858,,,
1770012000,211.773,211.883,211.569,211.572,32.70124656582264,40.20082996731342,,,
1770012900,211.572,211.663,211.502,211.579,33.083099267109304,38.88247323674943,,,
1770013800,211.579,211.627,211.2945,211.394,28.483312370169926,37.519014152079606,,,
1770014700,211.394,211.458,211.3265,211.423,30.123426525860367,36.18648538625915,,,
1770015600,211.423,211.829,211.402,211.8285,48.060205499504754,36.42686302939803,,,
1770016500,211.8285,211.8325,211.7315,211.778,46.46070687061072,36.63611001400083,,,
1770017400,211.778,211.8115,211.6065,211.807,47.54043456394955,37.525238005714876,,,
1770018300,211.807,211.969,211.7635,211.906,51.16141796423275,38.4335584203918,,,
1770019200,211.906,212.037,211.829,211.9645,53.21636740169115,39.39261524611511,,,
1770020100,211.9645,212.271,211.954,212.1985,60.394874898598395,40.992134318929594,,,
1770021000,212.1985,212.257,212.1095,212.231,61.28343983109441,42.72396540771076,,,
1770021900,212.231,212.232,212.1,212.1935,59.621284157958904,44.40860897702729,,,
1770022800,212.1935,212.219,211.9795,212.0465,53.49607109833959,46.013965925843934,,,
1770023700,212.0465,212.1635,212.0355,212.13,56.24582125040277,47.2765505903818,,,
1770024600,212.13,212.193,212.0755,212.1695,57.52528894675657,49.04969647473422,,,
1770025500,212.1695,212.2485,212.125,212.1855,58.060275580426186,50.833780497114,,,
1770026400,212.1855,212.2815,212.151,212.2285,59.53537461522521,53.051784943189375,,,
1770027300,212.2285,212.3445,212.227,212.3395,63.13947084713235,55.410073823280236,,,
1770028200,212.3395,212.3485,212.095,212.1005,52.331510755386745,55.71516705584323,,,
1770029100,212.1005,212.148,212.037,212.0545,50.53839289652908,56.00643034340884,,,
1770030000,212.0545,212.0835,211.994,212.0825,51.6249483312309,56.298181326786064,,,
1770030900,212.0825,212.199,212.041,212.186,55.515073243044164,56.60915670384402,,,
1770031800,212.186,212.224,212.1085,212.15,53.891727435268585,56.657396706242416,,,
1770032700,212.15,212.151,212.011,212.0215,48.44614133829798,55.803915737649525,,,
1770033600,212.0215,212.162,212.0065,212.1575,53.77044373113378,55.267273159080915,,,
1770034500,212.1575,212.1845,212.073,212.117,52.04661227531111,54.72622516746321,,,
1770035400,212.117,212.1885,212.0895,212.1275,52.47203371344797,54.653079639970954,,,
1770036300,212.1275,212.165,212.0895,212.0895,50.71837768742506,54.25826224261541,,,
1770037200,212.0895,212.09,211.9245,212.0865,50.5746726682229,53.76178965129157,,,
1770038100,212.0865,212.107,211.9835,212.102,51.34178312042088,53.28189733271977,,,
1770039000,212.102,212.108,212.0125,212.0715,49.70693229221292,52.579865738218885,,,
1770039900,212.0715,212.09,211.9075,211.9095,42.04823636281343,51.07334898933897,,,
1770040800,211.9095,211.9705,211.809,211.8625,40.117006740203,50.20088441682584,,,
1770041700,211.8625,211.9065,211.7965,211.8595,39.990750235722516,49.44748136962538,,,
1770042600,211.8595,212.1475,211.834,212.093,52.51683195177405,49.511187342521325,,,
1770043500,212.093,212.4015,212.0895,212.2755,59.61265830890052,49.80387199008249,,,
1770044400,212.2755,212.396,212.206,212.384,63.13942663173445,50.464421932687195,,,
1770045300,212.384,212.4705,212.2845,212.381,62.97567685877476,51.50224589843554,,,
1770046200,212.381,212.4935,212.295,212.316,59.38221334961007,51.90308658546956,,,
1770047100,212.316,212.3245,212.113,212.15,51.32718206679555,51.85169871343273,,,
1770048000,212.15,212.2705,212.0445,212.251,55.300148534077714,52.053706914906286,,,
1770048900,212.251,212.4075,212.2255,212.312,57.55367000184773,52.54194208022219,,,
1770049800,212.312,212.3855,212.2815,212.3805,59.99282249409164,53.21466706778424,,,
1770050700,212.3805,212.3875,212.2805,212.3125,56.520592103860494,53.584581995172776,,,
1770051600,212.3125,212.4195,212.312,212.3755,58.89430172109992,54.24082266866471,,,
1770052500,212.3755,212.402,212.2905,212.342,57.10889698978779,55.31658414202003,,,
1770053400,212.342,212.4115,212.3,212.3875,58.93001954600897,56.66037077100617,,,
1770054300,212.3875,212.4535,212.358,212.424,60.38319339946838,58.116973854130876,,,
1770055200,212.424,212.572,212.4135,212.502,63.36624608840909,58.89193200674766,,,
1770056100,212.502,212.641,212.499,212.6355,67.83093535936246,59.478951796066376,,,
1770057000,212.6355,212.662,212.5515,212.56,63.14396674488538,59.47927608986287,,,
1770057900,212.56,212.601,212.4495,212.4835,58.71680089265246,59.17507066371128,,,
1770058800,212.4835,212.563,212.4795,212.515,59.961614396136994,59.216456452748915,,,
1770059700,212.515,212.566,212.506,212.547,61.240219299907515,59.92453054082834,,,
1770060600,212.547,212.655,212.5445,212.634,64.55439939858793,60.58554845972193,,,
1770061500,212.634,212.646,212.57,212.5775,60.911810332468036,60.825415626194804,,,
1770062400,212.5775,212.6335,212.527,212.533,58.1296736280474,60.692333564334504,,,
1770063300,212.533,212.5925,212.526,212.58,60.19748085553962,60.95496847516872,,,
1770064200,212.58,212.6045,212.5455,212.5835,60.35449995149565,61.05926834876841,,,
1770065100,212.5835,212.6235,212.549,212.6195,62.0143930622628,61.40966092537378,,,
1770066000,212.6195,212.6675,212.5535,212.631,62.55374792903596,61.66849866701856,,,
1770066900,212.631,212.6675,212.5975,212.6275,62.26398200546901,61.802840710304324,,,
1770067800,212.6275,212.646,212.6155,212.635,62.663108025191676,61.75261656293164,,,
1770068700,212.635,212.696,212.623,212.6645,64.26415284123584,61.49784638306546,,,
1770069600,212.6645,212.7055,212.576,212.665,64.29210158472604,61.57985601448265,,,
1770070500,212.665,212.6795,212.6205,212.638,61.495195797127494,61.77831279337373,,,
1770071400,212.638,212.673,212.6355,212.666,63.27926043595191,62.01528751050336,,,
1770072300,212.666,212.6685,212.5725,212.587,55.47003674893516,61.60313161400534,,,
1770073200,212.587,212.658,212.527,212.5715,54.060375325937954,60.85355846595892,,,
1770074100,212.5715,212.646,212.571,212.62,57.68409595856227,60.62300743925136,,,
1770075000,212.62,212.642,212.568,212.6185,57.53294251127054,60.58038378805302,,,
1770075900,212.6185,212.645,212.499,212.577,53.366439364043416,60.092452252946146,,,
1770076800,212.577,212.687,212.554,212.601,55.37897020798322,59.737057271266686,,,
1770077700,212.601,212.7465,212.601,212.6995,62.526803030751275,59.77365798330158,,,
1770078600,212.6995,212.802,212.6995,212.7535,65.76461910123919,60.003005924173245,,,
1770079500,212.7535,212.7735,212.655,212.69,59.27838740735251,59.78974916716492,,,
1770080400,212.69,212.804,212.6345,212.7635,63.736656607286264,59.8664312087431,,,
1770081300,212.7635,212.864,212.7505,212.763,63.685576740562766,59.8251043444093,,,
1770082200,212.763,212.8575,212.7515,212.779,64.66156031551608,59.85149425375145,,,
1770083100,212.779,212.7905,212.74,212.78,64.72537057614093,60.08222102368097,,,
1770084000,212.78,212.78,212.673,212.7115,57.11712159565012,59.64206824937371,,,
1770084900,212.7115,212.7225,212.552,212.6065,47.83514128486799,59.09671857336891,,,
1770085800,212.6065,212.6365,212.554,212.627,49.55863769213732,58.7751658852403,,,
1770086700,212.627,212.681,212.617,212.6635,52.56378693399604,58.409429526342706,,,
1770087600,212.6635,212.713,212.627,212.628,49.47635691005352,57.83395912625577,,,
1770088500,212.628,212.6595,212.567,212.6055,47.56924750982381,57.419873993811514,,,
1770089400,212.6055,212.7635,212.598,212.74,57.992998439399855,57.60659029605556,,,
1770090300,212.74,212.7845,212.688,212.768,59.78542688745173,57.41077771439131,,,
1770091200,212.768,212.8445,212.7645,212.7885,61.09434765963993,57.07718689713422,,,
1770092100,212.7885,212.8555,212.682,212.6865,52.02149745900918,56.5588376151097,,,
1770093000,212.6865,212.752,212.6605,212.7125,53.900788590503296,55.85627561391092,,,
1770093900,212.7125,212.7435,212.659,212.7275,54.996007696538065,55.2355921107663,,,
1770094800,212.7275,212.8,212.686,212.7055,53.0069100267401,54.403117090139446,,,
1770095700,212.7055,212.818,212.699,212.771,57.89018903832574,53.91488983743836,,,
1770096600,212.771,212.771,212.677,212.7675,57.54607320316645,53.94552923797524,,,
1770097500,212.7675,212.837,212.7525,212.7805,58.532062314355024,54.70959502579575,,,
1770098400,212.7805,212.909,212.727,212.8695,64.59460767365294,55.78359288161829,,,
1770099300,212.8695,212.976,212.864,212.9625,69.59659328612574,57.00022190677042,,,
1770100200,212.9625,212.985,212.781,212.7925,54.45254826963407,57.35566414674046,,,
1770101100,212.7925,212.827,212.752,212.819,56.05770798603912,57.961982752184404,,,
1770102000,212.819,212.96,212.775,212.849,57.867910764864604,57.95304791828904,,,
1770102900,212.849,212.85,212.7345,212.778,52.36941355067668,57.42333267994797,,,
1770103800,212.778,212.9425,212.7675,212.926,60.74299771047696,57.39823625500776,,,
1770104700,212.926,212.986,212.8035,212.8605,56.046858089341114,57.68576201431718,,,
1770105600,212.8605,212.9045,212.762,212.8185,53.20631963802166,57.63615708913992,,,
1770106500,212.8185,212.9185,212.763,212.8305,53.92482991935978,57.55964439077004,,,
1770107400,212.8305,212.874,212.766,212.78,50.41640284155278,57.37460816325666,,,
1770108300,212.78,212.9035,212.7555,212.862,55.48132796019661,57.20254665767602,,,
1770109200,212.862,213.013,212.748,212.964,60.839907811729454,57.43782055828766,,,
1770110100,212.964,213.1055,212.9335,212.988,61.99894899359125,57.68545532109025,,,
1770111000,212.988,213.0685,212.948,213.0665,65.58671709879846,57.75632028002921,,,
1770111900,213.0665,213.139,213.028,213.0365,63.13356023927717,57.29467506239717,,,
1770112800,213.0365,213.074,212.9885,213,60.18406799725898,57.70406932865609,,,
1770113700,213,213.0145,212.9285,213.0135,60.91144929941144,58.050765136754116,,,
1770114600,213.0135,213.0155,212.93,212.962,56.65906237400864,57.96441882312155,,,
1770115500,212.962,213.018,212.923,212.925,53.75546977279597,58.06342283898721,,,
1770116400,212.925,213.053,212.908,213.01,58.95887277610872,57.93598534367519,,,
1770117300,213.01,213.024,212.933,212.947,54.10004993605916,57.79692761844076,,,
1770118200,212.947,212.988,212.8635,212.965,55.23515386701714,57.94184434908329,,,
1770119100,212.965,212.9885,212.885,212.888,49.58597675892553,57.63192626619514,,,
1770120000,212.888,213.0345,212.8845,212.9795,55.42067218293706,57.989374076294006,,,
1770120900,212.9795,213.0705,212.9725,213.0615,59.899775487758404,58.304977471119855,,,
1770121800,213.0615,213.203,213.043,213.203,66.20912115211408,58.68849270971875,,,
1770122700,213.203,213.319,213.1745,213.265,68.54448348470879,59.156030887655724,,,
1770123600,213.265,213.329,213.222,213.263,68.38030780431916,59.355573080907206,,,
1770124500,213.263,213.2895,213.093,213.093,56.08390292353003,58.85202612978241,,,
1770125400,213.093,213.2355,213.072,213.184,60.20878431607401,58.853791581126345,,,
1770126300,213.184,213.223,213.075,213.095,54.788632088427846,58.41644749462751,,,
1770127200,213.095,213.217,212.9915,213.192,59.10922526697886,58.59145912983968,,,
1770128100,213.192,213.2325,213.05,213.1965,59.303527574134876,58.98774897279245,,,
1770129000,213.1965,213.2685,213.103,213.221,60.40662382521682,59.091159762014456,,,
1770129900,213.221,213.2315,213.0435,213.047,50.033978516856834,58.80072608921429,,,
1770130800,213.047,213.249,212.9935,213.165,55.60182810814117,58.82691710643744,,,
1770131700,213.165,213.408,213.14,213.3775,63.49164015442615,59.820178777544626,,,
1770132600,213.3775,213.4285,213.336,213.3985,64.16928492064193,60.445079687380634,,,
1770133500,213.3985,213.442,213.2665,213.377,62.882391255891974,60.658123670818746,,,
1770134400,213.377,213.465,213.3355,213.4165,64.29896625842906,60.52168403555554,,,
1770135300,213.4165,213.4175,213.313,213.3305,59.01781339788593,59.841207600782475,,,
1770136200,213.3305,213.3725,213.2705,213.3,57.222750991982004,59.04423925704411,,,
1770137100,213.3,213.3615,213.2645,213.315,57.90093107429938,59.174026982099065,,,
1770138000,213.315,213.3345,213.206,213.236,53.12405562996091,58.66797493309099,,,
1770138900,213.236,213.256,213.148,213.235,53.06437697430073,58.54481385351048,,,
1770139800,213.235,213.259,213.1545,213.1705,49.223382678002274,57.838682240012155,,,
1770140700,213.1705,213.274,213.1645,213.2735,54.84439401226432,57.52017269987855,,,
1770141600,213.2735,213.327,213.1585,213.1735,49.15500183828367,56.71648541509761,,,
1770142500,213.1735,213.2545,213.172,213.2265,51.997239531049786,56.85671834468282,,,
1770143400,213.2265,213.243,213.0775,213.098,45.37452291911023,56.12619654546632,,,
1770144300,213.098,213.098,212.894,212.8985,37.408362656421374,54.26310529560884,,,
1770145200,212.8985,213.1185,212.8625,213.1065,47.71504367721357,53.08780234964967,,,
1770146100,213.1065,213.1735,213.087,213.092,47.13238888088948,51.96280218000663,,,
1770147000,213.092,213.1765,213.057,213.1755,50.85413018777359,51.00245674638838,,,
1770147900,213.1755,213.253,213.1395,213.225,52.9678840797949,50.5703189379533,,,
1770148800,213.225,213.249,213.1895,213.2475,53.93766874202002,50.335670205813166,,,
1770149700,213.2475,213.2705,213.225,213.2295,52.99621216442556,49.985333140822185,,,
1770150600,213.2295,213.3025,213.225,213.261,54.49316289253714,50.08312651672048,,,
1770151500,213.261,213.358,213.242,213.2895,55.8627782920559,50.283012325131565,,,
1770152400,213.2895,213.3415,213.2605,213.333,57.943363908846855,50.905868127334756,,,
1770153300,213.333,213.435,213.328,213.4065,61.26580929999243,51.36454064788676,,,
1770154200,213.4065,213.4135,213.366,213.3935,60.35757932885446,52.16472475435611,,,
1770155100,213.3935,213.4265,213.355,213.355,57.63269157156687,52.56725704296447,,,
1770156000,213.355,213.458,213.2825,213.307,54.33892342769739,53.2075713650064,,,
1770156900,213.307,213.345,213.284,213.339,56.138622184641015,54.54544704559353,,,
1770157800,213.339,213.4345,213.339,213.4075,59.79197555755709,55.40808503704663,,,
1770158700,213.4075,213.43,213.3225,213.325,53.96225712982956,55.89593276911378,,,
1770159600,213.325,213.4315,213.282,213.4265,59.22911492524497,56.494145964647444,,,
1770160500,213.4265,213.4725,213.3705,213.382,56.19379425923945,56.724568120322054,,,
1770161400,213.382,213.416,213.364,213.399,57.09831244978752,56.95032838516259,,,
1770162300,213.399,213.4085,213.336,213.4085,57.62487746464659,57.280947335178375,,,
1770163200,213.4085,213.5305,213.3735,213.5095,62.846018638524185,57.87757988846317,,,
1770164100,213.5095,213.556,213.449,213.502,62.23282371752023,58.33258313313919,,,
1770165000,213.502,213.6035,213.484,213.5695,65.49584130439723,58.872045804249936,,,
1770165900,213.5695,213.6725,213.539,213.6615,69.37906242549738,59.45156388464316,,,
1770166800,213.6615,213.876,213.6565,213.846,75.36648922716373,60.52362887737952,,,
1770167700,213.846,213.991,213.837,213.9695,78.40972240285595,62.007702508185886,,,
1770168600,213.9695,214.0675,213.9335,214.0605,80.3372972463817,63.86472920952048,,,
1770169500,214.0605,214.073,213.936,214.0115,76.38282864259402,65.31074395651713,,,
1770170400,214.0115,214.1255,214.01,214.031,76.87075643825386,66.5306568765669,,,
1770171300,214.031,214.0695,214.008,214.045,77.23440740443056,68.19295332475268,,,
1770172200,214.045,214.076,214.034,214.0665,77.81137162293473,69.52025737458766,,,
1770173100,214.0665,214.1235,214.0335,214.0885,78.41421794128226,71.10743049473358,,,
1770174000,214.0885,214.142,214.0815,214.0995,78.7254548744824,72.65222638221178,,,
1770174900,214.0995,214.2575,214.082,214.2115,81.6297943539625,74.36686330287719,,,
1770175800,214.2115,214.2345,214.157,214.166,77.02913404517628,75.37994297478092,,,
1770176700,214.166,214.255,214.115,214.224,78.67875902602995,76.55465263967447,,,
1770177600,214.224,214.3285,214.224,214.3255,81.22041403999097,77.67783640650259,,,
1770178500,214.3255,214.328,214.1885,214.217,71.41944586232867,77.82357808056199,,,
1770179400,214.217,214.3095,214.217,214.288,73.65941716419863,77.70164436177876,,,
1770180300,214.288,214.358,214.272,214.3525,75.53526808081403,77.49632619591863,,,
1770181200,214.3525,214.458,214.3285,214.39,76.57956531392836,77.22791677217197,,,
1770182100,214.39,214.3935,214.3295,214.337,71.90771984525563,76.90826614379066,,,
1770183000,214.337,214.406,214.302,214.404,74.06197020221919,76.70763855550244,,,
1770183900,214.404,214.4305,214.3495,214.369,70.99902320540902,76.26225396985807,,,
1770184800,214.369,214.491,214.3645,214.4635,74.11209780058458,75.99802012540447,,,
1770185700,214.4635,214.4725,214.354,214.3795,67.20622515529895,75.19744921211996,,,
1770186600,214.3795,214.454,214.338,214.4395,69.39960165605012,74.53131683937478,,,
1770187500,214.4395,214.534,214.406,214.413,67.25988053208982,73.50489442352674,,,
1770188400,214.413,214.502,214.4045,214.44,68.33123669975025,72.8836160417106,,,
1770189300,214.44,214.5005,214.409,214.4785,69.84644979575206,72.25273681097647,,,
1770190200,214.4785,214.5145,214.4385,214.5005,70.70888244197525,71.50191312540392,,,
1770191100,214.5005,214.597,214.4865,214.547,72.49926559556914,71.57904310634966,,,
1770192000,214.547,214.8155,214.4855,214.7285,78.12074816009643,71.89770960605665,,,
1770192900,214.7285,214.826,214.693,214.8005,79.87794144563749,72.2079005606869,,,
1770193800,214.8005,214.8025,214.6585,214.7675,76.83217685919604,72.22594424249174,,,
1770194700,214.7675,214.855,214.699,214.8205,78.26556694989965,72.68007617853773,,,
1770195600,214.8205,214.832,214.686,214.752,72.06011384771493,72.53708643893029,,,
1770196500,214.752,214.7715,214.652,214.656,64.35862225661631,72.06277208544509,,,
1770197400,214.656,214.6605,214.551,214.6555,64.32006467125508,71.36334114763585,,,
1770198300,214.6555,214.7715,214.5945,214.743,67.93991408471649,71.4157474997371,,,
1770199200,214.743,214.796,214.7045,214.7375,67.47651156850642,71.2783839220554,,,
1770200100,214.7375,214.7825,214.6605,214.737,67.43148300383581,71.29064124146582,,,
1770201000,214.737,214.847,214.698,214.8215,70.9586329681659,71.47831240349551,,,
1770201900,214.8215,214.9865,214.791,214.9795,76.15803155478906,71.92913967199816,,,
1770202800,214.9795,214.9835,214.8715,214.889,68.58387541700453,71.77735345592882,,,
1770203700,214.889,214.9585,214.8865,214.922,69.76469341497116,71.58202687160039,,,
1770204600,214.922,215.001,214.8465,214.8505,64.13955657290447,70.58337032965811,,,
1770205500,214.8505,214.991,214.8215,214.984,69.14242520910653,69.81654774133447,,,
1770206400,214.984,215.006,214.889,214.897,62.97641746793196,68.82685064195847,,,
1770207300,214.897,214.983,214.8865,214.9685,65.68484311920956,67.92822751119488,,,
1770208200,214.9685,214.992,214.9125,214.9635,65.32495604386666,67.44714481092001,,,
1770209100,214.9635,214.9995,214.8755,214.8915,60.209186001844195,67.15075650700771,,,
1770210000,214.8915,214.9335,214.8245,214.8665,58.496207953967804,66.7347667414872,,,
1770210900,214.8665,214.945,214.8435,214.8865,59.489174919676465,66.13114251541292,,,
1770211800,214.8865,214.9575,214.776,214.854,57.09855682519604,65.3898600337479,,,
1770212700,214.854,214.856,214.574,214.5865,42.10178268585438,63.580595725320634,,,
1770213600,214.5865,214.6425,214.2005,214.312,32.63065390209353,60.8428829348869,,,
1770214500,214.312,214.478,214.3015,214.44,39.46872175645098,58.22221794929133,,,
1770215400,214.44,214.4645,214.257,214.3785,37.49927702276309,56.00188949255979,,,
1770216300,214.3785,214.4125,214.147,214.1505,31.26969633788903,53.25224684419678,,,
1770217200,214.1505,214.3155,214,214.3005,38.50738619843557,51.42137753173471,,,
1770218100,214.3005,214.3275,214.148,214.2095,36.02862755232506,49.05610627053604,,,
1770219000,214.2095,214.308,214.038,214.1715,35.01501630255072,47.05886333015167,,,
1770219900,214.1715,214.21,214.02,214.0575,32.097576621703,44.65977286604406,,,
1770220800,214.0575,214.0815,213.7595,213.8335,27.28667928268642,41.94275309738832,,,
1770221700,213.8335,214.001,213.7885,213.983,34.35819068708892,40.09625343204866,,,
1770222600,213.983,214.018,213.736,213.738,29.324975479790595,38.01259396960743,,,
1770223500,213.738,213.933,213.6815,213.9045,36.1685465928375,36.34683480340464,,,
1770224400,213.9045,213.9775,213.857,213.9775,38.95935016823448,35.05117718505025,,,
1770225300,213.9775,214.0425,213.829,213.839,35.76444734848096,34.598510375237865,,,
1770226200,213.839,213.864,213.7475,213.834,35.6507841300657,34.814233962950155,,,
1770227100,213.834,213.8955,213.787,213.799,34.81664579045821,34.4819428225221,,,
1770228000,213.799,213.83,213.726,213.817,35.65052500531466,34.34988910699007,,,
1770228900,213.817,213.964,213.7945,213.944,41.35138175224399,35.07000949372971,,,
1770229800,213.944,214.035,213.91,213.9815,42.9583216926056,35.387933457599,,,
1770230700,213.9815,214.075,213.9405,214.0145,44.40199337231462,35.98603101616968,,,
1770231600,214.0145,214.04,213.9115,214.027,44.970133361728394,36.69711080611095,,,
1770232500,214.027,214.0955,214.0195,214.0795,47.40124860561881,37.79023023353351,,,
1770233400,214.0795,214.212,214.0795,214.206,52.81084866931879,39.613385189721534,,,
1770234300,214.206,214.2665,214.164,214.264,55.09140769447847,41.09432926167792,,,
1770235200,214.264,214.325,214.241,214.2915,56.17291904038375,43.012039516006006,,,
1770236100,214.2915,214.328,214.274,214.283,55.72620253190788,44.40901494022531,,,
1770237000,214.283,214.3015,214.1955,214.2005,51.44952881627245,45.30117055794232,,,
1770237900,214.2005,214.258,214.1765,214.2155,52.16828992565644,46.472873599169134,,,
1770238800,214.2155,214.2695,214.205,214.252,53.95462697455231,47.780290945203895,,,
1770239700,214.252,214.293,214.25,214.2805,55.35660557596448,49.24743092988291,,,
1770240600,214.2805,214.2995,214.22,214.253,53.65887235011428,50.53374145451146,,,
1770241500,214.253,214.253,214.168,214.194,50.108183190723615,51.15922727154571,,,
1770242400,214.194,214.3215,214.027,214.1035,45.170663574565815,51.317251691685726,,,
1770243300,214.1035,214.215,214.101,214.1195,46.180374226804574,51.44427889557786,,,
1770244200,214.1195,214.1745,214.0555,214.1625,48.903741443503684,51.72525090141896,,,
1770245100,214.1625,214.1795,214.001,214.097,45.15545093667341,51.564836782208566,,,
1770246000,214.097,214.1605,214.039,214.054,42.83434417246958,50.85222931814791,,,
1770246900,214.054,214.104,214.02,214.035,41.811635547630026,49.9036741648016,,,
1770247800,214.035,214.116,214.035,214.109,47.108384960486724,49.25620744480894,,,
1770248700,214.109,214.162,214.078,214.1175,47.69732229964887,48.6827159996476,,,
1770249600,214.1175,214.186,214.0815,214.1415,49.410184236817244,48.53704852968651,,,
1770250500,214.1415,214.225,214.133,214.1935,53.00154321915747,48.596566622079436,,,
1770251400,214.1935,214.238,214.124,214.149,49.74690206431538,48.296014842776806,,,
1770252300,214.149,214.149,213.9285,214.046,43.14318184092376,47.423627433131045,,,
1770253200,214.046,214.2185,214.045,214.17,51.491674205674414,47.26882756567106,,,
1770254100,214.17,214.181,214.062,214.152,50.33624895437058,47.28511797736012,,,
1770255000,214.152,214.208,214.125,214.1875,52.59550224163291,47.81546359643635,,,
1770255900,214.1875,214.1885,214.0665,214.089,46.30167691552351,47.824128074201994,,,
1770256800,214.089,214.126,213.9515,213.988,40.897465830357966,47.25225124469158,,,
1770257700,213.988,214.0065,213.781,213.83,34.17712231411221,46.46808491450863,,,
1770258600,213.83,213.8935,213.8185,213.8415,35.01414903364886,45.90949954745002,,,
1770259500,213.8415,213.8465,213.694,213.7,29.96498177483049,45.06330999225004,,,
1770260400,213.7,213.7605,213.6435,213.7015,30.080087403391218,43.84700302388608,,,
1770261300,213.7015,213.768,213.6565,213.6915,29.72928767971591,42.56357197960516,,,
1770262200,213.6915,213.698,213.4835,213.652,28.324150204718848,41.05742669159813,,,
1770263100,213.652,213.6675,213.604,213.636,27.751966292571254,39.25388548255626,,,
1770264000,213.636,213.7175,213.636,213.695,33.11744323795904,38.06606699495938,,,
1770264900,213.695,213.7105,213.6695,213.7105,34.49379396922329,37.4482535755522,,,
1770265800,213.7105,213.761,213.6735,213.7545,38.37090050538653,36.51105545410307,,,
1770266700,213.7545,213.7585,213.6715,213.6715,34.252507756169976,35.36221679708874,,,
1770267600,213.6715,213.749,213.6625,213.6845,35.421637582889105,34.13551217860704,,,
1770268500,213.6845,213.694,213.632,213.67,34.680868503659866,33.305454434902494,,,
1770269400,213.67,213.6915,213.6425,213.6585,34.072271486143734,32.8179405531729,,,
1770270300,213.6585,213.805,213.6575,213.8045,46.829356982995286,33.721671600950266,,,
1770271200,213.8045,213.892,213.6265,213.635,37.70700336402125,33.914018338834005,,,
1770272100,213.635,213.6495,213.5305,213.602,36.227368950813336,34.36133170854707,,,
1770273000,213.602,213.6455,213.566,213.618,37.50777904604684,34.8918811115939,,,
1770273900,213.618,213.8135,213.578,213.8135,50.567616429301495,36.38033316513573,,,
1770274800,213.8135,213.9125,213.803,213.884,54.27835766418733,38.234205126526334,,,
1770275700,213.884,214.049,213.883,213.981,58.854872089210346,40.455841254857695,,,
1770276600,213.981,214.1105,213.9385,214.0095,60.11800118459909,42.384452536760556,,,
1770277500,214.0095,214.181,213.9775,213.979,58.063656254276616,44.06801412855008,,,
1770278400,213.979,214.202,213.979,214.018,59.94834132125615,45.60925990111219,,,
1770279300,214.018,214.023,213.912,213.981,57.316558010278875,47.256692062119974,,,
1770280200,213.981,213.9855,213.8065,213.8595,49.61397760090984,48.27043063483574,,,
1770281100,213.8595,213.8605,213.5855,213.586,37.42253543062911,48.466263986762115,,,
1770282000,213.586,213.623,213.3495,213.3515,30.50187197692007,48.21123545038899,,,
1770282900,213.3515,213.5925,213.3335,213.5355,39.89452380037542,47.715890223059,,,
1770283800,213.5355,213.628,213.204,213.2295,32.119925873458456,47.31681325944738,,,
1770284700,213.2295,213.469,213.2145,213.4345,40.48733778334107,47.621096747485076,,,
1770285600,213.4345,213.576,213.35,213.5645,45.10827329841708,48.16398919408295,,,
1770286500,213.5645,213.5785,213.4345,213.552,44.74848238997795,47.74833676270269,,,
1770287400,213.552,213.73,213.5435,213.709,50.12891416511107,47.45194794134011,,,
1770288300,213.709,213.711,213.5675,213.656,48.41490590661651,46.706236071154834,,,
1770289200,213.656,213.72,213.5855,213.6745,49.06951638804728,45.91705858568685,,,
1770290100,213.6745,213.922,213.6685,213.853,55.0028034421457,45.69842624196321,,,
1770291000,213.853,213.8575,213.6655,213.6995,49.64654600713022,44.96258371952565,,,
1770291900,213.6995,213.957,213.685,213.92,56.239021686335136,44.88561683924395,,,
1770292800,213.92,213.9325,213.016,213.257,39.495237499641505,44.162849689153354,,,
1770293700,213.257,213.3035,212.9395,213.174,37.971119779030666,44.20203428546775,,,
1770294600,213.174,213.2055,213.0395,213.063,35.97187300412871,44.592748644554085,,,
1770295500,213.063,213.196,213.016,213.164,39.113241825525066,44.53694278920763,,,
1770296400,213.164,213.2075,212.892,212.903,34.41438739016674,44.70083289754393,,,
1770297300,212.903,213.1135,212.8865,213.018,37.951442944107356,44.519697551884384,,,
1770298200,213.018,213.039,212.6,212.63,31.73322330591735,43.56433683813441,,,
1770299100,212.63,212.819,212.602,212.741,35.013689618174496,42.8689944972913,,,
1770300000,212.741,212.857,212.634,212.648,33.558648391327424,41.685404084878186,,,
1770300900,212.648,212.8325,212.5505,212.7495,36.65273908312106,40.84524931177136,,,
1770301800,212.7495,212.9045,212.7275,212.863,40.01661563066241,40.19861354338673,,,
1770302700,212.863,212.9135,212.34,212.3765,32.1386875477949,38.56546240807596,,,
1770303600,212.3765,212.4485,212.1445,212.4485,34.20316892092677,37.46236404477571,,,
1770304500,212.4485,212.6085,212.1335,212.177,30.442300004954262,35.619741067534214,,,
1770305400,212.177,212.201,211.7855,212.061,28.976288280501905,34.86838755188139,,,
1770306300,212.061,212.218,211.9805,212.168,32.21878683785383,34.45750662751162,,,
1770307200,212.168,212.1855,212.0215,212.1315,31.687344629630175,34.15146888647601,,,
1770308100,212.1315,212.528,212.117,212.519,42.52613443200395,34.395246929795924,,,
1770309000,212.519,212.6905,212.4865,212.6305,45.21948911776613,35.167039910338744,,,
1770309900,212.6305,212.688,212.539,212.6155,44.91455130441034,35.66440479321752,,,
1770310800,212.6155,212.6275,212.4155,212.487,42.283934593423574,36.4180270280394,,,
1770311700,212.487,212.714,212.4625,212.663,46.873542554165304,37.26515938061017,,,
1770312600,212.663,212.6905,212.5185,212.601,45.50088433211717,38.11817623352373,,,
1770313500,212.601,212.6745,212.487,212.4955,43.183500687087616,38.58465920523563,,,
1770314400,212.4955,212.567,212.4755,212.5345,44.31259931014784,38.89151518234173,,,
1770315300,212.5345,212.5755,212.472,212.4745,42.90010380044447,39.660187771816695,,,
1770316200,212.4745,212.5615,212.436,212.451,42.33096355157325,40.24074453114859,,,
1770317100,212.451,212.478,212.344,212.4155,41.436648073026156,41.02605510743944,,,
1770318000,212.4155,212.545,212.3955,212.5395,45.74811851572868,42.22404298138421,,,
1770318900,212.5395,212.5495,212.476,212.498,44.565593659521916,43.105957754360496,,,
1770319800,212.498,212.498,212.3915,212.434,42.73117509329119,43.89480278747914,,,
1770320700,212.434,212.5945,212.4305,212.5855,48.16991175938985,44.29792973943528,,,
1770321600,212.5855,212.704,212.5195,212.6605,50.667638803239484,44.68708328839766,,,
1770322500,212.6605,212.6715,212.6015,212.613,49.055265178825586,44.9828485651416,,,
1770323400,212.613,212.665,212.5955,212.647,50.27503941948118,45.553641767002865,,,
1770324300,212.647,212.652,212.5725,212.6185,49.2113950280058,45.72063122942005,,,
1770325200,212.6185,212.672,212.553,212.615,49.07408441437558,45.975859806724216,,,
1770326100,212.615,212.618,212.567,212.603,48.573661533353246,46.360871295743195,,,
1770327000,212.603,212.6105,212.493,212.53,45.53188778434312,46.44796332961429,,,
1770327900,212.53,212.53,212.431,212.482,43.59857799287177,46.497854343359094,,,
1770328800,212.482,212.6435,212.4575,212.462,42.7834329997724,46.530173589659036,,,
1770329700,212.462,212.5415,212.435,212.537,46.80030191549149,46.9132917212637,,,
1770330600,212.537,212.5455,212.504,212.5455,47.25227434894736,47.020731423636455,,,
1770331500,212.5455,212.592,212.516,212.555,47.78619593294831,47.25077444316691,,,
1770332400,212.555,212.576,212.374,212.424,41.54178761154982,47.16581819447111,,,
1770333300,212.424,212.435,212.158,212.203,33.57162979212829,46.12308376823813,,,
1770334200,212.203,212.2765,212.1385,212.1525,32.05805895573148,44.7938280648447,,,
1770335100,212.1525,212.1805,211.936,212.021,28.459882285878564,43.32272928677706,,,
1770336000,212.021,212.026,211.663,211.7555,22.87690372076372,41.36571959401152,,,
1770336900,211.7555,211.9645,211.6095,211.957,33.53376152289269,40.245888629360586,,,
1770337800,211.957,212.092,211.9535,212.0115,36.10542897208185,39.31955609776817,,,
1770338700,212.0115,212.058,211.8905,211.9525,34.547078194262795,38.317657287833136,,,
1770339600,211.9525,212.0905,211.925,211.976,35.73682736145493,37.618010114769696,,,
1770340500,211.976,212.0215,211.8065,211.8255,31.755738191974274,36.77209298613416,,,
1770341400,211.8255,212.0045,211.774,211.998,40.005386820744825,36.57366111620362,,,
1770342300,211.998,212.16,211.982,212.118,44.98743618421164,36.44417070682649,,,
1770343200,212.118,212.3915,212.11,212.347,53.00726992251045,36.855241819223856,,,
1770344100,212.347,212.424,212.32,212.423,55.33449567912998,37.39440608680826,,,
1770345000,212.423,212.4465,212.381,212.3985,54.39922413820051,38.312794410140455,,,
1770345900,212.3985,212.411,212.3055,212.314,51.185810337694306,39.57095016339516,,,
1770346800,212.314,212.3605,212.284,212.288,50.2031437601645,40.8670276494261,,,
1770347700,212.288,212.3525,212.287,212.321,51.476454503615145,42.51106852212157,,,
1770348600,212.321,212.3765,212.2275,212.255,48.78942252889755,44.36196272270256,,,
1770349500,212.255,212.363,212.2415,212.324,51.63199917375775,45.65469398347863,,,
1770350400,212.324,212.3715,212.303,212.319,51.40930960262637,46.74782831423181,,,
1770351300,212.319,212.37,212.314,212.331,51.94500193110355,47.99053715257758,,,
1770352200,212.331,212.406,212.291,212.4045,55.20265904065756,49.380953701092054,,,
1770353100,212.4045,212.435,212.331,212.4075,55.33574905129529,51.065240191043564,,,
1770354000,212.4075,212.4495,212.36,212.445,57.05333076323754,52.28295047265018,,,
1770354900,212.445,212.4615,212.408,212.4525,57.406123148179276,53.169999541505014,,,
1770355800,212.4525,212.638,212.4465,212.608,64.00776993749815,53.95574954257557,,,
1770356700,212.608,212.7205,212.561,212.7205,67.88578296766903,54.85227006318549,,,
1770357600,212.7205,212.935,212.708,212.908,73.08992206868484,56.18731991536294,,,
1770358500,212.908,213.007,212.886,212.9605,74.34361103599483,57.84144853667012,,,
1770359400,212.9605,213.016,212.8325,212.8755,68.7583366166273,59.1668194549889,,,
1770360300,212.8755,212.8945,212.7565,212.788,63.471977035344814,60.02364249296959,,,
1770361200,212.788,212.7965,212.538,212.5575,52.10686236921782,60.260602481563886,,,
1770362100,212.5575,212.883,212.5575,212.803,60.26717021413793,60.87740041301962,,,
1770363000,212.803,212.8535,212.708,212.7575,58.28502784632813,61.3685231447126,,,
1770363900,212.7575,212.865,212.7575,212.847,61.00204394734944,62.01545471730159,,,
1770364800,212.847,212.92,212.7665,212.8525,61.16942197542192,62.44165206978476,,,
1770365700,212.8525,212.905,212.6925,212.7165,54.89530377320126,62.410191692778035,,,
1770366600,212.7165,212.8375,212.7135,212.764,56.570785437272626,62.37572416949484,,,
1770367500,212.764,213.004,212.7235,213.003,63.84763790451225,62.835832366375755,,,
1770368400,213.003,213.141,213.003,213.0815,65.87041945995468,62.968878760836915,,,
1770369300,213.0815,213.1865,213.051,213.1635,67.89140185573395,62.96928010998442,,,
1770370200,213.1635,213.268,213.121,213.253,69.98081509389704,62.74720104035671,,,
1770371100,213.253,213.292,213.182,213.229,68.6899843385596,62.343370561968484,,,
1770372000,213.229,213.3035,213.229,213.254,69.3247191332554,62.38382645601335,,,
1770372900,213.254,213.26,213.063,213.064,59.45907500803352,62.09719059691969,,,
1770373800,213.064,213.086,213.0345,213.052,58.88906261693706,62.58163347175678,,,
1770374700,213.052,213.1455,213.005,213.0985,60.47047149416399,62.59615499175864,,,
1770375600,213.0985,213.3385,213.0935,213.3345,67.337645010413,63.24277050347899,,,
1770376500,213.3345,213.4465,213.2995,213.421,69.43363394020916,63.845026931540396,,,
1770377400,213.421,213.4795,213.3655,213.4665,70.50579053851897,64.51191040033304,,,
1770378300,213.4665,213.489,213.3365,213.338,63.709173524018134,65.14147252539138,,,
1770379200,213.338,213.4785,213.3255,213.3995,65.42693389763889,65.77405455827468,,,
1770380100,213.3995,213.44,213.353,213.4365,66.45565196679148,65.96034127700891,,,
1770381000,213.4365,213.5975,213.4335,213.516,68.61643348278784,66.15648513578272,,,
1770381900,213.516,213.6085,213.4545,213.4555,65.17570676781537,65.9625069152171,,,
1770382800,213.4555,213.5125,213.402,213.508,66.73455552655227,65.73063123183533,,,
1770383700,213.508,213.539,213.4235,213.494,65.88756501754513,65.53045842319145,,,
1770384600,213.494,213.5455,213.281,213.3365,57.106441676707,64.65772431915227,,,
1770385500,213.3365,213.3625,213.126,213.253,53.068379113710506,64.20124604098633,,,
1770386400,213.253,213.36,213.1755,213.2715,53.84705600890623,63.84110271184129,,,
1770387300,213.2715,213.3325,213.229,213.307,55.37705543454271,63.47728727901119,,,
1770388200,213.307,213.4005,213.2615,213.368,57.95622406025447,62.8071857825713,,,
1770389100,213.368,213.5045,213.3345,213.4805,62.28569645781354,62.29661881954304,,,
1770390000,213.4805,213.684,213.48,213.596,66.1407047914293,61.98482698046521,,,
1770390900,213.596,213.6395,213.526,213.579,65.08617321818697,62.08318410147727,,,
1770391800,213.579,213.6435,213.5165,213.585,65.29647905241183,62.073865898246765,,,
1770392700,213.585,213.631,213.5135,213.527,61.44354513868492,61.715858267667734,,,
1770393600,213.527,213.643,213.5095,213.6185,64.95660650000951,61.45444205461214,,,
1770394500,213.6185,213.6725,213.534,213.6725,66.8748504501618,61.57580946049403,,,
1770395400,213.6725,213.8605,213.6585,213.8605,72.51555579187396,61.98873805087414,,,
1770396300,213.8605,213.8835,213.707,213.725,64.04990783322158,61.857476823422466,,,
1770397200,213.725,213.832,213.7055,213.746,64.73699684543925,62.40251647833191,,,
1770398100,213.746,213.8105,213.7315,213.748,64.80598542278429,63.240916928980035,,,
1770399000,213.748,213.851,213.707,213.8,66.63376224035073,64.15425308836893,,,
1770399900,213.8,213.914,213.79,213.8795,69.26207682123959,65.14604033027584,,,
1770400800,213.8795,213.915,213.8265,213.91,70.2309187588609,66.02280423731916,,,
1770401700,213.91,213.9425,213.8485,213.867,67.02347782257755,66.36121719194516,,,
1770402600,213.867,213.9465,213.8595,213.9285,69.19070026248113,66.579074011306,,,
1770403500,213.9285,213.9295,213.8465,213.86,64.13486449547872,66.51112338825541,,,
1770404400,213.86,213.9215,213.856,213.891,65.36818592846811,66.51624530797372,,,
1770405300,213.891,213.9085,213.8765,213.8815,64.63465933780557,66.74418203648234,,,
1770406200,213.8815,213.927,213.8815,213.9265,66.54947078018083,66.85795805649458,,,
1770407100,213.9265,213.9875,213.8975,213.9155,65.61425627632114,66.76791561550596,,,
1770408000,213.9155,213.9355,213.858,213.911,65.21052828793853,66.24612793665342,,,
1770408900,213.911,213.959,213.9015,213.902,64.35761424953655,66.2681069663902,,,
1770409800,213.902,213.932,213.879,213.9165,65.14850969439118,66.29750074131535,,,
1770410700,213.9165,213.9935,213.913,213.9545,67.2024774662444,66.46867874441963,,,
1770411600,213.9545,214.01,213.9435,214.0055,69.7769148243588,66.69318964327735,,,
1770412500,214.0055,214.008,213.966,214.003,69.48896841307068,66.70939618555101,,,
1770413400,214.003,214.058,213.994,214.0365,71.20381153534575,66.7788885267285,,,
1770414300,214.0365,214.042,213.9665,214.027,70.00225824658443,66.9916585570147,,,
1770588000,214.027,214.3075,213.5545,213.6535,40.829968298853544,64.96589198818415,,,
1770588900,213.6535,213.9075,213.648,213.8845,53.68530223250523,64.21949468368605,,,
1770589800,213.8845,214.189,213.879,214.1795,64.34031137396406,64.14607507265005,,,
1770590700,214.1795,214.187,214.0495,214.1665,63.6454338519584,64.07541610937525,,,
1770591600,214.1665,214.443,214.1635,214.273,66.80806547370554,64.09388715891274,,,
1770592500,214.273,214.3005,214.1325,214.1875,62.13474710608499,63.84535078961015,,,
1770593400,214.1875,214.235,213.9455,214.233,63.59422240390877,63.72990036932231,,,
1770594300,214.233,214.294,213.791,214.0205,53.26774059561481,62.93776653689933,,,
1770595200,214.0205,214.0425,213.374,213.5035,37.36900596358285,60.953516270413026,,,
1770596100,213.5035,213.7595,213.473,213.606,41.121118384054654,59.09056205025661,,,
1770597000,213.606,213.6295,213.391,213.4315,37.05154310167067,56.75303549863603,,,
1770597900,213.4315,213.6165,213.3695,213.5455,41.149156351577744,54.7287632085294,,,
1770598800,213.5455,213.5695,213.2415,213.244,34.71326768296284,52.122295790502044,,,
1770599700,213.244,213.2705,212.952,212.9825,30.288464976695764,49.28559627122428,,,
1770600600,212.9825,212.9825,212.601,212.8815,28.763451184522083,48.42370219162917,,,
1770601500,212.8815,213.134,212.8735,213.047,34.57634781073864,47.058776875788695,,,
1770602400,213.047,213.2155,213.0245,213.1865,39.088172835011754,45.25505269443497,,,
1770603300,213.1865,213.277,213.1375,213.2745,41.81418466680784,43.6956777526385,,,
1770604200,213.2745,213.512,213.266,213.4005,45.57026510813274,42.17869201224045,,,
1770605100,213.4005,213.4455,213.259,213.355,44.45428381880098,40.91580177743445,,,
1770606000,213.355,213.4955,213.355,213.415,46.32110808454339,39.68200789747977,,,
1770606900,213.415,213.4525,213.342,213.4355,46.97680934486145,39.232655665283104,,,
1770607800,213.4355,213.4625,213.292,213.3685,45.040343697097974,39.78060836053419,,,
1770608700,213.3685,213.3715,213.295,213.3315,43.962586040284606,39.98357033597919,,,
1770609600,213.3315,213.3985,213.3045,213.314,43.4332123173695,40.439403851386245,,,
1770610500,213.314,213.3305,213.1085,213.1155,37.863787468042396,40.204734645419435,,,
1770611400,213.1155,213.209,213.092,213.1745,40.31363854934016,40.604761135874966,,,
1770612300,213.1745,213.2325,213.1375,213.1725,40.25569768980441,41.316706329668435,,,
1770613200,213.1725,213.18,213.077,213.149,39.536653807127465,42.08622080271167,,,
1770614100,213.149,213.2925,213.123,213.24,43.728225168707894,42.7399263282809,,,
1770615000,213.24,213.2515,213.1365,213.187,41.90608840150535,42.94120601160188,,,
1770615900,213.187,213.2235,213.098,213.218,43.39191487709873,43.05390102662266,,,
1770616800,213.218,213.218,212.9965,213.1165,39.802399945519795,42.64191065786459,,,
1770617700,213.1165,213.1465,212.847,212.859,32.46505459935635,41.78553714218997,,,
1770618600,212.859,212.9945,212.829,212.919,35.450974094674905,41.00909900005651,,,
1770619500,212.919,213.1415,212.8835,213.1205,44.34965945050715,40.821445436174066,,,
1770620400,213.1205,213.1205,212.91,212.911,38.41932071782177,40.34851522336862,,,
1770621300,212.911,212.944,212.594,212.6155,31.933140837784933,39.48926913747579,,,
1770622200,212.6155,212.7905,212.565,212.7565,37.36677496617557,39.05595218381908,,,
1770623100,212.7565,213.0755,212.7495,213.04,46.597483492395874,39.67978761413004,,,
1770624000,213.04,213.1435,212.9115,213.021,46.107046983628365,40.093602502293486,,,
1770624900,213.021,213.2075,213.011,213.0735,47.743673529788204,40.628457919435185,,,
1770625800,213.0735,213.116,212.971,213.0225,46.273575733471134,41.10966662845974,,,
1770626700,213.0225,213.182,212.946,212.9905,45.33041741693355,41.224108931904425,,,
1770627600,212.9905,213.139,212.922,213,45.684361565749505,41.49398558649329,,,
1770628500,213,213.0695,212.8305,212.9205,43.16577584274848,41.477832798325416,,,
1770629400,212.9205,213.02,212.877,212.995,46.16120031404922,41.93203282464895,,,
1770630300,212.995,213.0995,212.9285,213.046,48.174866395216355,43.054162238638945,,,
1770631200,213.046,213.1725,213.004,213.136,51.614146213620685,44.208674532849365,,,
1770632100,213.136,213.1635,213.0865,213.1115,50.629146853432026,44.657209347344,,,
1770633000,213.1115,213.22,212.993,213.2125,54.485337526543816,45.80478197653843,,,
1770633900,213.2125,213.3185,213.1745,213.2345,55.3042548166278,47.474147260741496,,,
1770634800,213.2345,213.332,213.076,213.3265,58.65443007436427,48.99469405418354,,,
1770635700,213.3265,213.342,213.132,213.191,52.42208122236,49.41073674918098,,,
1770636600,213.191,213.4005,213.157,213.39,59.26737105452094,50.350759897101874,,,
1770637500,213.39,213.4545,213.31,213.3825,58.923285669257105,51.14930362134965,,,
1770638400,213.3825,213.5005,213.271,213.429,60.45615736555424,52.16234516649845,,,
1770639300,213.429,213.6405,213.3905,213.624,66.15931746363378,53.65012374126274,,,
1770640200,213.624,213.665,213.5385,213.6185,65.87075350514857,55.092008879791244,,,
1770641100,213.6185,213.7165,213.5755,213.6255,66.07357278265633,56.72828008978467,,,
1770642000,213.6255,213.637,213.24,213.2455,49.03716212586969,56.93370593348613,,,
1770642900,213.2455,213.267,213.0605,213.1715,46.52158510250313,56.81561441257804,,,
1770643800,213.1715,213.1885,213.0615,213.111,44.51115272257525,56.30825773464623,,,
1770644700,213.111,213.1205,212.8345,212.8635,37.392139578559,55.36275721501244,,,
1770645600,212.8635,212.877,212.2345,212.2705,26.468907819536838,53.36158366451194,,,
1770646500,212.2705,212.48,212.183,212.3425,29.174263780312756,51.49515573334658,,,
1770647400,212.3425,212.402,212.131,212.2725,28.09211238567333,49.31213304129722,,,
1770648300,212.2725,212.492,212.178,212.3165,29.853414964633018,47.70008545145958,,,
1770649200,212.3165,212.897,212.2965,212.8515,46.88812847569389,46.815853838686216,,,
1770650100,212.8515,213.039,212.8155,212.909,48.340173198694245,46.05991723364601,,,
1770651000,212.909,213.17,212.8075,213.018,51.07102327259517,45.38955051272036,,,
1770651900,213.018,213.2595,212.8965,213.1715,54.702518930799236,44.57120776037504,,,
1770652800,213.1715,213.3925,213.1715,213.353,58.61387286406024,44.05285914315444,,,
1770653700,213.353,213.3755,213.217,213.298,57.007466023302115,43.405280088914864,,,
1770654600,213.298,213.368,213.2455,213.3475,58.119939386845545,44.05404989327028,,,
1770655500,213.3475,213.3695,213.277,213.309,56.88697750083723,44.794435064579865,,,
1770656400,213.309,213.342,213.182,213.2105,53.74554895078263,45.4540347951661,,,
1770657300,213.2105,213.33,213.2005,213.3135,56.45357308383245,46.815565759828495,,,
1770658200,213.3135,213.38,213.272,213.2855,55.50227790252627,48.88937790861345,,,
1770659100,213.2855,213.344,213.2285,213.234,53.709570456343684,50.64189981404423,,,
1770660000,213.234,213.2435,213.175,213.2405,53.911908779955375,52.48617098506438,,,
1770660900,213.2405,213.342,213.197,213.338,56.951537401089446,54.421751159096985,,,
1770661800,213.338,213.4095,213.306,213.3565,57.52397411014252,55.18145441870046,,,
1770662700,213.3565,213.4655,213.332,213.4335,59.91329183472273,56.00810574984535,,,
1770663600,213.4335,213.449,213.334,213.39,57.93074985045041,56.49808621969215,,,
1770664500,213.39,213.4265,213.3515,213.423,59.038109190728825,56.80777123825855,,,
1770665400,213.423,213.4235,213.23,213.235,50.82952192143009,56.251746170927824,,,
1770666300,213.235,213.288,213.2015,213.28,52.53084513354528,55.93198753594519,,,
1770667200,213.28,213.367,213.2765,213.334,54.56255741253788,55.67788882349464,,,
1770668100,213.334,213.36,213.2835,213.3075,53.355666404191325,55.42565231659136,,,
1770669000,213.3075,213.4285,213.3025,213.4275,57.897217339698784,55.72220005865679,,,
1770669900,213.4275,213.501,213.3995,213.473,59.50711707311664,55.94031034360567,,,
1770670800,213.473,213.5465,213.4615,213.502,60.54270417050438,56.30034079131839,,,
1770671700,213.502,213.503,213.4115,213.46,58.22040004294815,56.62254290464728,,,
1770672600,213.46,213.5705,213.457,213.5555,61.807731444194424,57.18653023780721,,,
1770673500,213.5555,213.5825,213.447,213.447,55.9317957428978,57.11369154793638,,,
1770674400,213.447,213.447,213.3685,213.3695,52.12028081006198,56.72771345507349,,,
1770675300,213.3695,213.561,213.3335,213.3975,53.356986825494516,56.259405954414326,,,
1770676200,213.3975,213.5345,213.37,213.4545,55.85665099381936,56.11125603608354,,,
1770677100,213.4545,213.5435,213.4405,213.4975,57.698398779950594,56.01556243531367,,,
1770678000,213.4975,213.636,213.459,213.5255,58.90086213155699,56.59208673603701,,,
1770678900,213.5255,213.6295,213.4925,213.6235,62.87823566227021,57.33118605951736,,,
1770679800,213.6235,213.65,213.589,213.596,61.09159812181032,57.79754611017968,,,
1770680700,213.596,213.668,213.5885,213.622,62.18560144870647,58.42825575621648,,,
1770681600,213.622,213.718,213.5595,213.633,62.66390995617575,58.76873380025055,,,
1770682500,213.633,213.704,213.6,213.6795,64.69678248902201,59.13942418710093,,,
1770683400,213.6795,213.7265,213.6195,213.6195,60.146146459433155,59.11109863631013,,,
1770684300,213.6195,213.6795,213.3785,213.401,47.14198958116622,58.31978360332571,,,
1770685200,213.401,213.442,213.211,213.22,39.51948806224012,56.7277662189004,,,
1770686100,213.22,213.4075,213.214,213.3615,46.766179892016154,56.073079372408856,,,
1770687000,213.3615,213.3905,213.2395,213.261,42.840017329532174,55.41020340951387,,,
1770687900,213.261,213.2725,213.085,213.114,37.836419759380775,54.30159147622003,,,
1770688800,213.114,213.2235,213.1105,213.1385,39.11283482755548,53.10560460720119,,,
1770689700,213.1385,213.2635,213.1365,213.1725,40.9256453168823,51.907550788410596,,,
1770690600,213.1725,213.1755,212.8805,212.978,34.58245374458157,50.17052161791235,,,
1770691500,212.978,212.979,212.707,212.7555,29.037835760481798,47.75335019635604,,,
1770692400,212.7555,212.7805,212.599,212.6365,26.583005153444333,45.28845069861561,,,
1770693300,212.6365,212.692,212.584,212.5955,25.774524691863192,42.687659501698235,,,
1770694200,212.5955,212.611,212.4155,212.426,22.70072408084758,39.83314622488907,,,
1770695100,212.426,212.5805,212.412,212.573,30.44764595969623,37.38677932993723,,,
1770696000,212.573,212.576,212.451,212.4685,28.2780129545188,35.11048407958621,,,
1770696900,212.4685,212.5715,212.418,212.4745,28.592639369712856,33.78553049305382,,,
1770697800,212.4745,212.507,212.389,212.389,26.789197607457155,32.87622403199789,,,
1770698700,212.389,212.45,212.311,212.4255,28.8522971897781,31.596660981838035,,,
1770699600,212.4255,212.4505,212.322,212.3265,26.657980605009612,30.440801215800708,,,
1770700500,212.3265,212.347,212.17,212.221,24.518017944417096,29.489486800446155,,,
1770701400,212.221,212.394,212.215,212.292,28.6680695560091,28.74343213819284,,,
1770702300,212.292,212.442,212.2615,212.433,36.173207357798816,28.40397228397259,,,
1770703200,212.433,212.497,212.3785,212.3785,34.65543003864944,28.40918487640601,,,
1770704100,212.3785,212.483,212.331,212.475,39.496248940433965,29.156214389259734,,,
1770705000,212.475,212.5255,212.3775,212.407,37.39403026703153,29.92843046880168,,,
1770705900,212.407,212.51,212.326,212.4765,40.85878770522571,31.005877826899,,,
1770706800,212.4765,212.5565,212.339,212.498,41.92944723660058,32.37935805230993,,,
1770707700,212.498,212.553,212.442,212.5445,44.27896906578923,33.36730970274514,,,
1770708600,212.5445,212.616,212.516,212.6145,47.70886811211615,34.75522792828781,,,
1770709500,212.6145,212.741,212.596,212.688,51.11170453228363,36.36373258275715,,,
1770710400,212.688,212.771,212.5915,212.6065,47.426283768990736,37.83781016572384,,,
1770711300,212.6065,212.684,212.5225,212.637,48.91092549766462,39.270569330572876,,,
1770712200,212.637,212.765,212.5865,212.726,53.075120011155924,41.157507859583326,,,
1770713100,212.726,212.789,212.5695,212.652,49.46495550950963,42.93943197137565,,,
1770714000,212.652,212.6915,212.5035,212.506,43.218778163158866,43.97876830045777,,,
1770714900,212.506,212.595,212.3435,212.374,38.486882297648464,44.14403079616132,,,
1770715800,212.374,212.3845,212.232,212.2455,34.524110434119436,44.13465082440918,,,
1770716700,212.2455,212.34,212.182,212.246,34.55234830626526,43.781515064825705,,,
1770717600,212.246,212.2645,212.1245,212.142,31.508478897190955,43.36111853840851,,,
1770718500,212.142,212.142,212.0035,212.044,28.92284585099648,42.508551263106426,,,
1770719400,212.044,212.112,211.928,211.928,26.18386039758346,41.383866488890924,,,
1770720300,211.928,212.0415,211.9,212.0005,30.606984873730127,40.40729618945812,,,
1770721200,212.0005,212.093,211.9505,212.069,34.59473372791764,39.47057230487252,,,
1770722100,212.069,212.0895,212.011,212.0565,34.208412048332036,38.263194270304545,,,
1770723000,212.0565,212.154,212.047,212.1385,39.019246346169794,37.6626915972459,,,
1770723900,212.1385,212.1775,212.11,212.155,39.970442201410684,37.02408564751348,,,
1770724800,212.155,212.3125,212.0565,212.311,48.19764173604127,36.67569434214814,,,
1770725700,212.311,212.428,212.2035,212.2835,46.97541908428707,36.49787031177511,,,
1770726600,212.2835,212.2845,212.1335,212.2435,45.18072784419006,36.638009574705904,,,
1770727500,212.2435,212.515,212.223,212.374,51.668354701711266,37.57954331785324,,,
1770728400,212.374,212.4535,212.0905,212.0905,40.4647718736141,38.003876277817156,,,
1770729300,212.0905,212.1445,212.0035,212.052,39.22099284520428,38.337350887741366,,,
1770730200,212.052,212.0615,211.781,211.922,35.27790684952478,38.6065957414795,,,
1770731100,211.922,211.987,211.6515,211.7305,30.425420097644235,38.71392247338291,,,
1770732000,211.7305,211.772,211.5865,211.6445,28.527656949863882,38.88133651283151,,,
1770732900,211.6445,211.652,211.392,211.4265,24.376905527225816,38.436330845224056,,,
1770733800,211.4265,211.4925,210.984,211.068,19.382463772802154,37.34974013414438,,,
1770734700,211.068,211.2105,210.947,211.1635,23.857868376793576,36.610415586177346,,,
1770735600,211.1635,211.172,210.864,210.938,20.90656816111624,35.31665285867353,,,
1770736500,210.938,210.938,210.696,210.8395,19.756893954938803,33.87282798392553,,,
1770737400,210.8395,210.949,210.6285,210.682,18.04787411977128,31.719273154191963,,,
1770738300,210.682,210.912,210.6245,210.8685,26.189810696507934,30.23458684077917,,,
1770739200,210.8685,210.8855,210.6235,210.6645,23.445897503101293,28.682098959272825,,,
1770740100,210.6645,210.7925,210.5515,210.7925,28.507227276908125,27.02773271464403,,,
1770741000,210.7925,210.8025,210.6355,210.7265,27.497715411540966,26.10151439592452,,,
1770741900,210.7265,210.883,210.7235,210.8165,31.081763773263347,25.520140890785886,,,
1770742800,210.8165,210.843,210.654,210.6665,28.548722416872252,25.03948485988213,,,
1770743700,210.6665,210.688,210.623,210.671,28.736356007270047,24.918837424855404,,,
1770744600,210.671,210.8025,210.6645,210.796,33.92683994124988,25.30449335281155,,,
1770745500,210.796,210.8145,210.636,210.7875,33.74684240329434,25.97377455824502,,,
1770746400,210.7875,210.8155,210.7465,210.7775,33.521515752979596,26.98370684254341,,,
1770747300,210.7775,210.8415,210.756,210.808,34.94818518768457,27.775872329035625,,,
1770748200,210.808,210.8595,210.7645,210.7725,34.03269891449594,28.71345309713417,,,
1770749100,210.7725,210.8375,210.7725,210.799,35.39322684873399,29.830334018119544,,,
1770750000,210.799,210.889,210.7775,210.8565,38.36367605237147,31.281462727590988,,,
1770750900,210.8565,210.8755,210.783,210.795,36.43417519219195,32.01320304871127,,,
1770751800,210.795,210.8675,210.7755,210.8355,38.62340884927605,33.09731100200947,,,
1770752700,210.8355,210.8385,210.6875,210.751,35.84922896544467,33.6217396940478,,,
1770753600,210.751,210.7685,210.6925,210.7025,34.32528875228074,34.10942350410063,,,
1770754500,210.7025,210.725,210.6915,210.6945,34.068031232517455,34.32272832261878,,,
1770755400,210.6945,210.7235,210.5845,210.5995,31.08834970118002,34.504130271497914,,,
1770756300,210.5995,210.649,210.527,210.5755,30.36578028167736,34.62051771966986,,,
1770757200,210.5755,210.599,210.495,210.546,29.459418596806728,34.30141619506678,,,
1770758100,210.546,210.584,210.528,210.5395,29.25223651481012,33.9803729173179,,,
1770759000,210.5395,210.5885,210.5385,210.577,32.21413231268416,33.88698838586823,,,
1770759900,210.577,210.6445,210.577,210.6435,37.232547874621076,34.05015714922083,,,
1770760800,210.6435,210.786,210.5795,210.64,37.07696466835144,34.267604703067654,,,
1770761700,210.64,210.6815,210.568,210.5775,34.31910260896748,34.19088154308433,,,
1770762600,210.5775,210.716,210.5745,210.626,38.16292831576788,34.17654241904122,,,
1770763500,210.626,210.6355,210.571,210.6255,38.13814855186291,34.298254801874855,,,
1770764400,210.6255,210.6255,210.561,210.61,37.32896362836539,34.20579442895267,,,
1770765300,210.61,210.673,210.5985,210.655,41.22772098429963,34.589972430299454,,,
1770766200,210.655,210.661,210.604,210.621,39.24137614499117,34.94112152977877,,,
1770767100,210.621,210.6375,210.6085,210.632,40.24447068702477,35.38229577652929,,,
1770768000,210.632,210.652,210.5155,210.562,36.153940383611385,35.744123682417246,,,
1770768900,210.562,210.5815,210.376,210.394,28.6321218280829,35.62029093573192,,,
1770769800,210.394,210.3945,210.1535,210.1615,21.855344320677773,35.07714277315129,,,
1770770700,210.1615,210.2225,210.093,210.1145,20.78440028633615,34.47229732826029,,,
1770771600,210.1145,210.1815,209.9955,210.0365,19.110737363509486,33.53634054617638,,,
1770772500,210.0365,210.0625,209.9535,210.0495,20.26318921922619,32.32424349936246,,,
1770773400,210.0495,210.136,210.012,210.1,24.748375683981024,31.443630000478862,,,
1770774300,210.1,210.162,210.078,210.0995,24.733541240700376,30.758947045602635,,,
1770775200,210.0995,210.112,210.0085,210.0425,23.03817998508987,29.67860787912564,,,
1770776100,210.0425,210.0885,209.9715,210.064,25.123019187868408,28.748955781697457,,,
1770777000,210.064,210.0795,209.859,210.0125,23.48209848984085,27.759893986088564,,,
1770777900,210.0125,210.0235,209.81,209.813,18.45379202479853,26.13318477469563,,,
1770778800,209.813,209.893,209.7955,209.8735,23.783816344755238,25.02907336039306,,,
1770779700,209.8735,209.9705,209.8545,209.9515,30.125010989199836,24.306254810548428,,,
1770780600,209.9515,209.9815,209.844,209.884,27.957246328986983,23.72077666378954,,,
1770781500,209.884,209.927,209.835,209.847,26.818059632243546,23.591200792658157,,,
1770782400,209.847,209.8785,209.789,209.7955,25.27433297786412,23.835414268171466,,,
1770783300,209.7955,209.7995,209.581,209.59,20.262233823818733,23.79811666370594,,,
1770784200,209.59,209.616,209.498,209.5255,18.98936687944463,23.789447343415592,,,
1770785100,209.5255,209.61,209.4035,209.4275,17.21940146022203,23.572033932058154,,,
1770786000,209.4275,209.506,209.3595,209.4395,18.22451992702638,23.10604423513282,,,
1770786900,209.4395,209.4835,209.305,209.3055,15.902516853584345,22.475256778910246,,,
1770787800,209.3055,209.3325,209.142,209.326,17.63154225573608,22.08906836967069,,,
1770788700,209.326,209.337,209.1885,209.2105,15.676003074865463,21.414281504456195,,,
1770789600,209.2105,209.2225,208.99,209.1085,14.180240423899988,20.749863071174705,,,
1770790500,209.1085,209.2615,209.011,209.235,23.880796233915845,21.1375062289688,,,
1770791400,209.235,209.3415,209.128,209.2935,27.93745913133091,21.434194999438493,,,
1770792300,209.2935,209.3705,209.1745,209.3525,31.88046296934,21.55958442659136,,,
1770793200,209.3525,209.448,209.2695,209.365,32.720394242289714,21.899809277541554,,,
1770794100,209.365,209.482,209.284,209.4435,37.899023495675415,22.691306696358115,,,
1770795000,209.4435,209.5495,209.3935,209.51,41.97369823113547,23.884118500163215,,,
1770795900,209.51,209.558,209.3485,209.3655,36.38681666558948,25.035874417432552,,,
1770796800,209.3655,209.5525,209.2995,209.5105,44.38625039441171,26.84993752564449,,,
1770797700,209.5105,209.6835,209.4535,209.667,51.478405183142705,29.29700922013882,,,
1770798600,209.667,209.725,209.634,209.692,52.52004289895516,31.746689432419448,,,
1770799500,209.692,209.744,209.613,209.693,52.56390962194332,34.36536034444509,,,
1770800400,209.693,209.889,209.691,209.8775,59.921239230275184,37.386052985483595,,,
1770801300,209.8775,210.016,209.852,209.922,61.473343761338654,40.657291605945964,,,
1770802200,209.922,209.956,209.7725,209.7765,54.096605680098975,43.508460552817326,,,
1770803100,209.7765,209.8385,209.682,209.8275,56.08578754777513,45.808817075235844,,,
1770804000,209.8275,209.8615,209.7545,209.7685,53.21293445007492,47.61420816943184,,,
1770804900,209.7685,209.843,209.753,209.781,53.753418542787706,49.176562138963824,,,
1770805800,209.781,210.1255,209.7335,210.035,63.08522498068635,51.345478620277866,,,
1770806700,210.035,210.1845,210.009,210.136,66.02128779293867,53.3542117843681,,,
1770807600,210.136,210.169,210.081,210.081,63.07905977475868,54.86173760891261,,,
1770808500,210.081,210.24,210.0775,210.1975,66.4860142857587,57.01168029606755,,,
1770809400,210.1975,210.208,210.0985,210.1855,65.8123538975095,58.54211626057454,,,
1770810300,210.1855,210.2285,210.128,210.157,64.14987991363542,59.447221598466875,,,
1770811200,210.157,210.239,210.1265,210.185,65.08309348969209,60.34458235494809,,,
1770812100,210.185,210.2155,210.08,210.085,59.16004136739671,60.81573462248047,,,
1770813000,210.085,210.2145,210.068,210.1855,62.82200538286497,61.02293220480832,,,
1770813900,210.1855,210.188,210.0655,210.1265,59.451740864261886,60.878531997874255,,,
1770814800,210.1265,210.1805,210.109,210.15,60.363844629853524,61.32619192285672,,,
1770815700,210.15,210.285,210.084,210.0895,56.820224374207235,61.37865169617329,,,
1770816600,210.0895,210.512,208.6435,209.408,33.186667259080636,59.94820403967371,,,
1770817500,209.408,209.9615,209.401,209.859,48.46358440241659,59.570358743932914,,,
1770818400,209.859,210.121,209.791,209.9255,50.269210119686946,58.654929111004385,,,
1770819300,209.9255,210.0865,209.858,210.066,53.94091831740562,57.79204557703774,,,
1770820200,210.066,210.066,209.795,209.9155,49.70733473604716,56.83692235998691,,,
1770821100,209.9155,209.934,209.3865,209.543,41.10757822833111,55.02417692731352,,,
1770822000,209.543,209.613,209.273,209.341,37.33536798927779,52.990106505296964,,,
1770822900,209.341,209.5605,209.3075,209.3085,36.751035210231784,51.033046169339556,,,
1770823800,209.3085,209.457,209.195,209.4,39.616408260005414,49.21399722436193,,,
1770824700,209.4,209.5305,209.356,209.44,40.87737900101381,47.908092769620296,,,
1770825600,209.44,209.4865,209.1955,209.3305,38.506759508058636,46.17128949284842,,,
1770826500,209.3305,209.4035,209.1765,209.1775,35.416162982290345,44.454462501279025,,,
1770827400,209.1775,209.222,209.0725,209.1495,34.86466726006391,42.63309268915119,,,
1770828300,209.1495,209.1575,208.787,208.792,28.716159848539036,40.625659508746324,,,
1770829200,208.792,208.8865,208.686,208.769,28.3695246121857,40.28157789111098,,,
1770830100,208.769,208.8465,208.651,208.6905,27.164291029418692,38.760199793039696,,,
1770831000,208.6905,208.6955,208.45,208.679,26.983436540589622,37.0969302516756,,,
1770831900,208.679,208.8035,208.647,208.736,29.489245614856017,35.350382201493495,,,
1770832800,208.736,208.7475,208.638,208.703,28.871486027710773,33.86210729375518,,,
1770833700,208.703,208.7185,208.6085,208.6525,27.90799732739673,32.919280086545584,,,
1770834600,208.6525,208.66,208.3415,208.3425,22.86390626939928,31.885604249411408,,,
1770835500,208.3425,208.361,208.183,208.292,22.161218728685853,30.843474500729553,,,
1770836400,208.292,208.4975,208.281,208.399,27.262148825601344,29.961027398272115,,,
1770837300,208.399,208.4255,208.303,208.396,27.208312289574735,28.984665490312185,,,
1770838200,208.396,208.4795,208.3415,208.427,28.773561085368712,28.289437031548623,,,
1770839100,208.427,208.515,208.409,208.5065,32.76636775248505,28.100165943705388,,,
1770840000,208.5065,208.641,208.4965,208.5815,36.38918817105986,28.20906029449082,,,
1770840900,208.5815,208.6795,208.5765,208.604,37.4776210811649,28.83487895396409,,,
1770841800,208.604,208.68,208.6005,208.673,40.82175793821453,29.72432419153758,,,
1770842700,208.673,208.799,208.673,208.705,42.361495909907596,30.80983882585821,,,
1770843600,208.705,208.8045,208.705,208.7635,45.170113910389055,32.108887209415315,,,
1770844500,208.7635,208.8305,208.743,208.7775,45.85015328386279,33.27752347148722,,,
1770845400,208.7775,208.8435,208.772,208.7775,45.8501532838628,34.49028541835523,,,
1770846300,208.7775,208.918,208.769,208.866,50.36353591361293,36.094252460227814,,,
1770847200,208.866,208.8675,208.6255,208.792,46.84741586972819,37.807360288822736,,,
1770848100,208.792,208.7945,208.653,208.656,41.16000307021431,39.16441631321762,,,
1770849000,208.656,208.7485,208.6455,208.7015,43.62585095564473,40.333252179649286,,,
1770849900,208.7015,208.707,208.647,208.676,42.549626491503915,41.42906033692994,,,
1770850800,208.676,208.764,208.644,208.723,45.23146388852366,42.60462482286959,,,
1770851700,208.723,208.7315,208.64,208.6615,42.43972927017652,43.295579216990404,,,
1770852600,208.6615,208.7015,208.5995,208.619,40.575924537637775,43.59463181460312,,,
1770853500,208.619,208.821,208.619,208.7945,50.28519164747265,44.5094582836251,,,
1770854400,208.7945,208.9575,208.6675,208.903,55.16272782388045,45.53381327545838,,,
1770855300,208.903,208.9045,208.591,208.7215,46.8773979976855,45.85637771029965,,,
1770856200,208.7215,209.013,208.6995,208.92,54.86233855538071,46.548679470656204,,,
1770857100,208.92,208.963,208.6955,208.7145,46.987980997312896,46.629952878759774,,,
1770858000,208.7145,208.7155,208.4295,208.452,39.24024683491209,46.157816703834726,,,
1770858900,208.452,208.718,208.4435,208.6925,47.74204504900205,45.970567356362515,,,
1770859800,208.6925,208.795,208.448,208.5575,44.01868347307023,45.76851504231552,,,
1770860700,208.5575,208.6095,208.3535,208.4985,42.460141308570904,45.861382059341,,,
1770861600,208.4985,208.536,208.2295,208.241,36.40227196967619,45.34541213177181,,,
1770862500,208.241,208.31,208.176,208.239,36.358882290750095,44.90321611743225,,,
1770863400,208.239,208.2465,208.101,208.166,34.73160935354477,44.15322650779091,,,
1770864300,208.166,208.2015,207.9635,207.9945,31.19884739484924,43.35030637383897,,,
1770865200,207.9945,207.9955,207.733,207.7705,27.293833505675664,42.40158558584168,,,
1770866100,207.7705,207.8085,207.6955,207.805,28.77255758019453,40.86496886675038,,,
1770867000,207.805,207.8495,207.642,207.8495,30.72955158476536,39.11974199252787,,,
1770867900,207.8495,208.02,207.824,207.9695,35.84821756936387,38.33194339050491,,,
1770868800,207.9695,207.9695,207.7925,207.857,33.35945376245165,36.79602304815283,,,
1770869700,207.857,208.0085,207.7865,207.961,37.66764665371395,36.13028488075291,,,
1770870600,207.961,208.089,207.8775,208.0705,41.92474040583116,36.32203442153284,,,
1770871500,208.0705,208.2635,208.0265,208.2635,48.58943075767744,36.38256197215251,,,
1770872400,208.2635,208.381,208.236,208.3505,51.302388944937654,36.90282664871447,,,
1770873300,208.3505,208.4785,208.311,208.478,55.04634952793064,37.80184152152587,,,
1770874200,208.478,208.6255,208.4235,208.5845,57.95418914857603,39.34126417716158,,,
1770875100,208.5845,208.5915,208.4685,208.5565,56.91186827557982,40.80933460464941,,,
1770876000,208.5565,208.561,208.3845,208.5415,56.32740895844479,42.35189171928513,,,
1770876900,208.5415,208.922,208.5145,208.8495,64.40959001687158,44.72408762085815,,,
1770877800,208.8495,208.939,208.4145,208.7255,59.62541882912304,47.03348657253297,,,
1770878700,208.7255,208.964,208.6665,208.7605,60.51687247515452,49.300937636458684,,,
1770879600,208.7605,208.798,208.4795,208.5195,52.002567479508755,50.8204387717975,,,
1770880500,208.5195,208.6705,208.481,208.593,54.12252526207602,52.12574646413408,,,
1770881400,208.593,208.635,208.3965,208.5935,54.13736531857563,53.60988300385723,,,
1770882300,208.5935,208.7245,208.5555,208.6285,55.22909384291781,54.864272088800355,,,
1770883200,208.6285,208.6615,208.3965,208.4855,49.99288964957063,55.440568463353166,,,
1770884100,208.4855,208.6105,208.4345,208.5915,53.511330727076135,55.79213274688165,,,
1770885000,208.5915,208.65,208.5235,208.549,51.93359359793612,55.8372187935244,,,
1770885900,208.549,208.59,208.3995,208.5405,51.60587377645716,55.591470525562,,,
1770886800,208.5405,208.653,208.4885,208.623,54.600386717418296,55.35191320905074,,,
1770887700,208.623,208.781,208.597,208.727,58.11857490735126,55.438106539891564,,,
1770888600,208.727,208.841,208.6625,208.676,55.83358671290892,55.402833522353276,,,
1770889500,208.676,208.7225,208.6285,208.7125,57.132570753619866,54.88304643212101,,,
1770890400,208.7125,208.7705,208.6285,208.768,59.10225169721829,54.84567735127067,,,
1770891300,208.768,208.8185,208.5985,208.696,55.537116780403636,54.48998051593133,,,
1770892200,208.696,208.7945,208.5995,208.6945,55.46205629719225,54.737086860051576,,,
1770893100,208.6945,208.829,208.675,208.829,60.60367060043926,55.20002581279181,,,
1770894000,208.829,208.943,208.778,208.9325,64.04359100509848,55.90761336182915,,,
1770894900,208.9325,208.994,208.848,208.9395,64.27081704115267,56.55345073313163,,,
1770895800,208.9395,208.991,208.9265,208.962,65.03566690028003,57.62793482246802,,,
1770896700,208.962,209.312,208.961,209.2595,73.20369399873604,59.03453219901515,,,
1770897600,209.2595,209.3775,209.1975,209.3565,75.23510525649029,60.69892588891188,,,
1770898500,209.3565,209.434,209.3005,209.3565,75.23510525649029,62.38672813748568,,,
1770899400,209.3565,209.4535,209.2795,209.3765,75.67605048537449,63.89213269233969,,,
1770900300,209.3765,209.5415,209.3235,209.4365,76.99916577278125,65.2407463255847,,,
1770901200,209.4365,209.5565,209.4165,209.4695,77.71709682824365,66.80385419096574,,,
1770902100,209.4695,209.4745,209.2865,209.3615,70.01474803598842,67.72400971113493,,,
1770903000,209.3615,209.3915,209.193,209.212,61.002079973793045,67.85971173089027,,,
1770903900,209.212,209.2725,209.1475,209.212,61.002079973793045,68.2500662447038,,,
1770904800,209.212,209.2815,208.9505,209.077,53.75527054769046,68.12815297688223,,,
1770905700,209.077,209.1465,208.94,209.1235,55.707092741923965,67.77839741555972,,,
1770906600,209.1235,209.1775,209.007,209.177,57.90829543292555,67.34016201754737,,,
1770907500,209.177,209.2595,209.0625,209.1035,53.94211847591529,66.60239783431612,,,
1770908400,209.1035,209.133,208.943,208.9515,46.80298088562031,65.30006311898327,,,
1770909300,208.9515,209.035,208.8885,209.008,49.47952685062407,63.605479751260994,,,
1770910200,209.008,209.03,208.5575,208.615,35.935679374354905,60.79837790253704,,,
1770911100,208.615,208.648,208.349,208.427,31.494473988128277,57.67404709765403,,,
1770912000,208.427,208.503,207.971,208.2005,27.142209869439895,54.207344196515855,,,
1770912900,208.2005,208.2135,207.5675,207.66,20.029160711157402,50.13805812068557,,,
1770913800,207.66,208.313,207.646,208.1915,37.401765642657466,47.25839160742942,,,
1770914700,208.1915,208.2355,207.9025,208.0965,35.900562175633766,44.82166404597552,,,
1770915600,208.0965,208.2275,207.926,208.079,35.61696397054173,43.0084414743147,,,
1770916500,208.079,208.111,207.8765,207.9975,34.25962271953726,41.09826595615357,,,
1770917400,207.9975,208.2285,207.9675,208.216,40.77602950101743,40.17117730996264,,,
1770918300,208.216,208.276,208.1745,208.1755,39.98487732302434,39.04816192289838,,,
1770919200,208.1755,208.204,207.943,207.9525,35.8592429817287,37.473229604955755,,,
1770920100,207.9525,208.149,207.913,208.0565,39.019338820509205,36.40731677242675,,,
1770921000,208.0565,208.1445,208.006,208.1015,40.387900724379755,35.94909676090957,,,
1770921900,208.1015,208.303,208.094,208.24,44.515220559893294,35.594503454428796,,,
1770922800,208.24,208.3395,208.184,208.2685,45.353665436536716,36.26721674458464,,,
1770923700,208.2685,208.341,208.2605,208.2795,45.69476007785479,37.28152289385082,,,
1770924600,208.2795,208.3865,208.2675,208.386,49.01305122955689,38.84372584814489,,,
1770925500,208.386,208.3975,208.303,208.3165,46.994946091232926,40.76985337529313,,,
1770926400,208.3165,208.338,208.28,208.329,47.41432769006974,41.48503637867973,,,
1770927300,208.329,208.3305,208.2275,208.2335,44.516383561400374,42.10045219194877,,,
1770928200,208.2335,208.2475,208.162,208.1655,42.5234223520328,42.59377064776957,,,
1770929100,208.1655,208.171,207.9835,207.9835,37.66332680525395,42.83689236817789,,,
1770930000,207.9835,208.0685,207.982,208.0655,40.938599653975416,42.848504521960606,,,
1770930900,208.0655,208.07,208.016,208.0295,39.94627566468648,42.84574726065076,,,
1770931800,208.0295,208.062,208.023,208.0535,40.973489921016906,43.21105061345707,,,
1770932700,208.0535,208.145,208.0445,208.0445,40.69239673806267,43.33055475042517,,,
1770933600,208.0445,208.1015,208.024,208.0945,43.030697841275064,43.51932597306055,,,
1770934500,208.0945,208.2925,208.0235,208.1295,44.67504625525509,43.530742094157816,,,
1770935400,208.1295,208.196,208.0625,208.128,44.6156105141356,43.47802388541488,,,
1770936300,208.128,208.146,207.989,208.0165,40.32137109016859,43.094210386294435,,,
1770937200,208.0165,208.171,207.9855,208.1325,46.13048974143048,42.88831313714255,,,
1770938100,208.1325,208.174,208.1185,208.1515,47.03981900167505,42.89151834503127,,,
1770939000,208.1515,208.154,207.9825,207.991,40.77787914298677,42.417486305953915,,,
1770939900,207.991,208.181,207.931,208.0745,44.88827260278115,42.44404980890969,,,
1770940800,208.0745,208.2895,208.0335,208.229,51.5842339647776,43.09125063839146,,,
1770941700,208.229,208.309,208.1895,208.274,53.36161732629354,44.21255710418,,,
1770942600,208.274,208.283,208.097,208.131,47.405889900872104,44.674506407529755,,,
1770943500,208.131,208.183,208.003,208.094,45.976048584297835,45.10520447321628,,,
1770944400,208.094,208.696,208.087,208.6285,63.22976384769558,46.6949383251219,,,
1770945300,208.6285,208.756,208.5125,208.754,65.97731369913961,48.50100382234168,,,
1770946200,208.754,208.7775,208.655,208.762,66.15094445743864,50.15245000921051,,,
1770947100,208.762,208.791,208.648,208.706,63.70028938068409,51.51139594674115,,,
1770948000,208.706,208.761,208.6265,208.644,61.00562686821081,52.68211140060367,,,
1770948900,208.644,208.67,208.476,208.476,54.3023950918268,53.68075597215068,,,
1770949800,208.476,208.548,208.4705,208.493,54.84310304301131,54.303085493692166,,,
1770950700,208.493,208.643,208.4875,208.603,58.28274683513564,55.10615176751078,,,
1770951600,208.603,208.614,208.486,208.4905,53.77160100345791,56.03427475754443,,,
1770952500,208.4905,208.493,208.312,208.327,47.96143021743095,56.2537860157337,,,
1770953400,208.327,208.327,208.1705,208.2545,45.608100140066846,55.826919313968645,,,
1770954300,208.2545,208.302,208.1725,208.2425,45.212661850096524,55.244851065668854,,,
1770955200,208.2425,208.2435,208.114,208.188,43.373332629759304,54.95681126058936,,,
1770956100,208.188,208.281,208.1775,208.2405,45.666392629008286,54.934692978068675,,,
1770957000,208.2405,208.4655,208.2325,208.4575,53.964392243130085,54.27288072059972,,,
1770957900,208.4575,208.609,208.453,208.606,58.621641975058786,53.74747559745109,,,
1770958800,208.606,208.6525,208.4835,208.4975,54.29931180231738,52.90093040779958,,,
1770959700,208.4975,208.499,208.363,208.3645,49.48291942407928,51.885403982327794,,,
1770960600,208.3645,208.4965,208.351,208.462,52.78896413537164,51.29849950141072,,,
1770961500,208.462,208.6435,208.461,208.54,55.30877205353213,51.370383570103954,,,
1770962400,208.54,208.66,208.4045,208.421,50.84965418120123,51.085137222831804,,,
1770963300,208.421,208.4505,208.314,208.3415,48.061862102134135,50.35507402761741,,,
1770964200,208.3415,208.4635,208.3335,208.46,52.26296858548874,50.24731456919104,,,
1770965100,208.46,208.6545,208.4175,208.6525,58.18065094143008,50.977258906619554,,,
1770966000,208.6525,208.771,208.5735,208.7275,60.248256249750604,52.022984343025534,,,
1770966900,208.7275,208.7805,208.608,208.6905,58.70620253251159,52.98680867748375,,,
1770967800,208.6905,208.974,208.673,208.938,65.13466391523488,54.54118948358915,,,
1770968700,208.938,208.938,208.76,208.8535,61.608296149165014,55.67989687788606,,,
1770969600,208.8535,209.165,208.813,208.8745,62.156639262143806,56.26505737924418,,,
1770970500,208.8745,209.041,208.8485,209.031,66.04847115209623,56.795545177604005,,,
1770971400,209.031,209.186,208.969,209.183,69.3458413262664,57.8702972864575,,,
1770972300,209.183,209.3345,209.183,209.231,70.32593535025487,59.35908413832719,,,
1770973200,209.231,209.307,209.1555,209.1945,68.53159231558317,60.48355757977087,,,
1770974100,209.1945,209.323,209.1665,209.2855,70.54912843743193,61.572154464335135,,,
1770975000,209.2855,209.297,209.1105,209.1475,63.86239333437341,62.50163583241886,,,
1770975900,209.1475,209.2045,209.0995,209.1215,62.65742957404412,63.54417636612673,,,
1770976800,209.1215,209.214,209.0835,209.138,63.13283465778178,64.32059537129051,,,
1770977700,209.138,209.2415,209.0995,209.114,61.8984476244932,64.58615227722359,,,
1770978600,209.114,209.195,209.086,209.1045,61.38680334017337,64.66747706939664,,,
1770979500,209.1045,209.109,208.9645,208.967,54.38040845056547,64.35849177782906,,,
1770980400,208.967,208.967,208.764,208.778,46.520650668393934,63.02891940305471,,,
1770981300,208.778,208.8485,208.7315,208.802,47.55719230779891,62.02526912867142,,,
1770982200,208.802,208.826,208.5405,208.5495,38.994039568690354,60.37079772199617,,,
1770983100,208.5495,208.6195,208.497,208.6185,42.06403762735332,58.657623898800246,,,
1770984000,208.6185,208.6575,208.502,208.5915,41.19053813923479,56.64653081401227,,,
1770984900,208.5915,208.6895,208.589,208.6045,41.81702489410813,54.61018006714465,,,
1770985800,208.6045,208.652,208.5355,208.5755,40.77354873906711,52.627462668822076,,,
1770986700,208.5755,208.6305,208.5095,208.5295,39.10659363345148,50.381567325680614,,,
1770987600,208.5295,208.627,208.5055,208.568,41.27074418879414,48.76787810099638,,,
1770988500,208.568,208.7325,208.5405,208.669,46.629498127379186,47.62302585480602,,,
1770989400,208.669,208.768,208.471,208.69,47.69808422415194,46.52054368097532,,,
1770990300,208.69,208.725,208.554,208.6785,47.141444308243955,45.46647201552895,,,
1770991200,208.6785,208.7915,208.5425,208.624,44.49151695310618,44.25966584502415,,,
1770992100,208.624,208.6775,208.3825,208.4605,37.65333742530968,43.06487505750589,,,
1770993000,208.4605,208.6035,208.054,208.4455,37.090115367932995,42.39126539318725,,,
1770993900,208.4455,208.6885,208.3545,208.539,42.8305554280509,42.05364847320525,,,
1770994800,208.539,208.9755,208.3765,208.8185,55.81113374069941,43.25486948549161,,,
1770995700,208.8185,208.8185,208.496,208.651,48.67799841143666,43.72729525578328,,,
1770996600,208.651,208.7295,208.395,208.417,40.82748627121203,43.70136297949593,,,
1770997500,208.417,208.6315,208.2705,208.4525,42.346590088667945,43.73918906482164,,,
1770998400,208.4525,208.5545,208.3955,208.4325,41.69711901775214,43.805158370441994,,,
1770999300,208.4325,208.542,208.2675,208.351,39.0676335886811,43.802375510101264,,,
1771000200,208.351,208.541,208.2635,208.416,42.19836132886202,43.86863387724896,,,
1771001100,208.416,208.475,208.3345,208.4375,43.23725343041398,43.6263306846086,,,
1771002000,208.4375,208.478,208.354,208.44,43.36472213180642,43.31680482086962,,,
1771002900,208.44,208.4515,208.267,208.356,40.10581859337697,42.81426012695055,,,
1771003800,208.356,208.643,208.3465,208.593,51.239876551511,43.2962858125509,,,
1771004700,208.593,208.663,208.5275,208.558,49.76848701293942,44.16165364023874,,,
1771005600,208.558,208.6115,208.51,208.579,50.6835424299694,45.13261271609848,,,
1771006500,208.579,208.639,208.566,208.589,51.1399891437429,45.72614369579077,,,
1771007400,208.589,208.641,208.575,208.627,52.92308419234325,45.51985444233675,,,
1771008300,208.627,208.693,208.611,208.65,54.01690961548282,45.90120524262577,,,
1771009200,208.65,208.705,208.582,208.598,51.12469238375696,46.63671996495041,,,
1771010100,208.598,208.6075,208.5275,208.5325,47.66287577392646,47.01645465675458,,,
1771011000,208.5325,208.5635,208.4065,208.4275,42.67434253019699,47.08625633621493,,,
1771011900,208.4275,208.494,208.4135,208.4425,43.58277159053314,47.408766193490074,,,
1771012800,208.4425,208.537,208.4425,208.465,44.99093223311917,47.60823554379415,,,
1771013700,208.465,208.527,208.3505,208.367,40.27561538437733,47.39668996907725,,,
1771014600,208.367,208.438,208.342,208.437,44.731369716778,47.494307653718074,,,
1771015500,208.437,208.629,208.4305,208.622,54.41153725992346,48.516144701328535,,,
1771016400,208.622,208.626,208.4525,208.498,48.30455200725004,48.30647866245276,,,
1771017300,208.498,208.498,208.372,208.4135,44.62860771832206,47.93934442712295,,,
1771018200,208.4135,208.469,208.4135,208.4325,45.63049262829879,47.57841229843219,,,
1771019100,208.4325,208.542,208.4285,208.493,48.80685924937246,47.41176016312003,,,
1771192800,208.493,208.493,208.309,208.3205,41.383204719812234,46.58748305793923,,,
1771193700,208.3205,208.3955,208.304,208.346,42.76901530540086,45.78406203579052,,,
1771194600,208.346,208.3995,208.3035,208.31,41.28505700988387,45.081230937656734,,,
1771195500,208.31,208.3615,208.2985,208.3325,42.62498047171777,44.721381273213254,,,
1771196400,208.3325,208.506,208.3115,208.4825,50.702046980462455,45.294788733946504,,,
1771197300,208.4825,208.554,208.4815,208.528,52.86944268770455,45.95812238374446,,,
1771198200,208.528,208.5845,208.506,208.5845,55.48655444701279,46.70780968473686,,,
1771199100,208.5845,208.5855,208.4295,208.5295,52.434211282037914,47.57628082028405,,,
1771200000,208.5295,208.848,208.494,208.847,64.5557367454631,48.99230703661873,,,
1771200900,208.847,208.859,208.7175,208.853,64.73861168150421,49.72995520958879,,,
1771201800,208.853,208.8605,208.7655,208.772,60.221331394326405,50.5811537372371,,,
1771202700,208.772,208.8745,208.768,208.8465,62.79288504771255,51.87860211790785,,,
1771203600,208.8465,208.899,208.7515,208.7515,57.67289502061553,52.738773717359045,,,
1771204500,208.7515,208.794,208.717,208.734,56.75485664577558,53.30648781710214,,,
1771205400,208.734,208.7635,208.695,208.729,56.47823457061291,54.384704235016464,,,
1771206300,208.729,208.8015,208.716,208.777,58.5660681020157,55.51306514906038,,,
1771207200,208.777,208.832,208.754,208.818,60.317200448697776,56.872503966118515,,,
1771208100,208.818,208.8485,208.768,208.835,61.05221399901201,58.18873493235382,,,
1771209000,208.835,208.874,208.8145,208.822,60.13494009279631,58.862513011806236,,,
1771209900,208.822,208.8385,208.718,208.7415,54.65856646841823,58.9903075675715,,,
1771210800,208.7415,208.8095,208.706,208.8025,57.7950849837625,59.15520260591076,,,
1771211700,208.8025,208.823,208.7615,208.791,56.99462577744168,59.48094649843961,,,
1771212600,208.791,208.799,208.737,208.79,56.92080032146367,58.935593896725365,,,
1771213500,208.79,208.832,208.771,208.812,58.20348431318906,58.46879908470286,,,
1771214400,208.812,208.843,208.7205,208.7835,55.88217911573185,58.15885963623181,,,
1771215300,208.7835,208.8325,208.7715,208.817,58.00245230612636,57.816685868975654,,,
1771216200,208.817,208.888,208.808,208.886,62.0482026883721,58.129207845243975,,,
1771217100,208.886,209.017,208.8795,209.009,67.97137250992488,58.93038754982608,,,
1771218000,209.009,209.011,208.8835,208.9325,61.538435559745096,59.291830477621225,,,
1771218900,208.9325,208.9535,208.907,208.928,61.17168611183475,59.47794604975116,,,
1771219800,208.928,208.9695,208.9135,208.922,60.65265160792126,59.50190684683856,,,
1771220700,208.922,208.955,208.8955,208.948,62.15131252793712,59.58041388461892,,,
1771221600,208.948,209.015,208.94,209.006,65.32419371019452,59.95107485729023,,,
1771222500,209.006,209.008,208.8945,208.9295,58.37337567499658,60.21641837204582,,,
1771223400,208.9295,208.964,208.887,208.93,58.404528767356204,60.25995007087395,,,
1771224300,208.93,208.991,208.924,208.93,58.404528767356204,60.36065742729641,,,
1771225200,208.93,209.0945,208.901,209.094,67.62218846049319,61.12504229436995,,,
1771226100,209.094,209.2015,209.094,209.1425,69.75664429499182,61.95026800735586,,,
1771227000,209.1425,209.295,209.095,209.2585,74.14658395775095,63.25486835321437,,,
1771227900,209.2585,209.2675,209.1775,209.2235,70.80694756574832,64.16947515747309,,,
1771228800,209.2235,209.3605,209.141,209.216,70.07854574791287,64.74307109029742,,,
1771229700,209.216,209.456,209.201,209.2785,72.60744286736309,65.07421897297158,,,
1771230600,209.2785,209.3735,209.2605,209.358,75.4497803431992,66.06788645750402,,,
1771231500,209.358,209.4175,209.32,209.347,74.30097142898845,67.00569255158642,,,
1771232400,209.347,209.4655,209.3085,209.4475,77.64937334121966,68.21974410396489,,,
1771233300,209.4475,209.5015,209.424,209.4875,78.83156589641045,69.41119077314154,,,
1771234200,209.4875,209.6195,209.474,209.5515,80.59968666758661,70.50229741295526,,,
1771235100,209.5515,209.6475,209.5135,209.546,79.98141453406012,72.04572876003122,,,
1771236000,209.546,209.6035,209.5085,209.6025,81.54735546704674,73.69878781000912,,,
1771236900,209.6025,209.6355,209.5485,209.6095,81.73795666876049,75.365461231538,,,
1771237800,209.6095,209.6855,209.559,209.6805,83.58949978598595,76.50598346907319,,,
1771238700,209.6805,209.6835,209.567,209.5765,72.06393748149378,76.6707901252519,,,
1771239600,209.5765,209.6065,209.4625,209.5035,65.2618249191107,76.03616447963475,,,
1771240500,209.5035,209.507,209.425,209.434,59.503272725997626,75.22875913393827,,,
1771241400,209.434,209.4545,209.351,209.3745,55.02671179782242,74.15362813750323,,,
1771242300,209.3745,209.3745,209.251,209.2685,48.08611353340934,72.40210461364939,,,
1771243200,209.2685,209.333,209.2525,209.2905,49.5095372436348,70.54923010653764,,,
1771244100,209.2905,209.2985,209.226,209.2655,47.9021960047876,68.6636032905233,,,
1771245000,209.2655,209.3435,209.234,209.2415,46.34661317855961,66.42769185033329,,,
1771245900,209.2415,209.273,209.1935,209.239,46.17838841017253,64.09532202988773,,,
1771246800,209.239,209.2545,209.1215,209.1355,39.74627882202467,61.17722146949045,,,
1771247700,209.1355,209.1855,209.092,209.11,38.329719337958956,58.202100384054646,,,
1771248600,209.11,209.119,208.971,209.0525,35.27664121690067,54.89704936618707,,,
1771249500,209.0525,209.1205,209.044,209.051,35.19787738265644,51.57275798860821,,,
1771250400,209.051,209.0845,209.003,209.0145,33.252303845825324,47.97724399288246,,,
1771251300,209.0145,209.05,208.9885,209.0225,34.111949828576115,45.26638773195977,,,
1771252200,209.0225,209.0565,208.9795,209.004,33.05185285866921,42.965675441928234,,,
1771253100,209.004,209.139,208.9765,209.118,44.49813467758038,41.89387986704129,,,
1771254000,209.118,209.1905,209.1015,209.1015,43.34306218964698,41.05933346645734,,,
1771254900,209.1015,209.142,209.0415,209.0455,39.587189444982094,40.45226746014111,,,
1771255800,209.0455,209.141,209.0155,209.115,45.85778458622169,40.19142798461159,,,
1771256700,209.115,209.218,209.1025,209.213,53.229633834018045,40.571959258128054,,,
1771257600,209.213,209.2635,209.1185,209.1355,47.69859942552047,40.66852970433955,,,
1771258500,209.1355,209.212,209.116,209.211,52.83973493842611,41.14434017064337,,,
1771259400,209.211,209.2465,209.1785,209.2235,53.65204908304118,42.13760947500169,,,
1771260300,209.2235,209.2735,209.1675,209.19,51.11117512671909,43.05057060277027,,,
1771261200,209.19,209.2725,209.1635,209.256,55.57500849070711,44.50045397947073,,,
1771262100,209.256,209.267,209.2025,209.2235,53.00835742173861,45.77263112511945,,,
1771263000,209.2235,209.244,209.1935,209.2165,52.44652938197822,47.143647234844664,,,
1771263900,209.2165,209.217,209.1405,209.1415,46.73152082541309,48.04504516319016,,,
1771264800,209.1415,209.174,209.1325,209.1525,47.632833159424,49.086543756101214,,,
1771265700,209.1525,209.2405,209.1525,209.2345,53.89543493035193,49.75777948844204,,,
1771266600,209.2345,209.2485,209.2145,209.2275,53.309340093437655,50.46965648156995,,,
1771267500,209.2275,209.2385,209.208,209.2185,52.51855614514639,51.39332553158169,,,
1771268400,209.2185,209.2615,209.1935,209.2285,53.346649971999724,51.92824448770869,,,
1771269300,209.2285,209.2565,209.217,209.2525,55.35891995430618,52.080336353443556,,,
1771270200,209.2525,209.262,209.228,209.229,52.950592469757154,52.455478713746174,,,
1771271100,209.229,209.239,209.223,209.234,53.41495935050089,52.49656617175152,,,
1771272000,209.234,209.234,209.1905,209.2005,49.86393910499718,52.22598688760552,,,
1771272900,209.2005,209.212,209.191,209.212,51.066573419379296,52.222801051366964,,,
1771273800,209.212,209.216,209.1845,209.2055,50.33167891588677,51.84827751030837,,,
1771274700,209.2055,209.2335,209.18,209.2335,53.44003178206591,51.87911139318889,,,
1771275600,209.2335,209.244,209.219,209.236,53.718531414898294,51.969968681254606,,,
1771276500,209.236,209.237,209.2175,209.224,52.10737729202589,52.35395842886981,,,
1771277400,209.224,209.23,209.158,209.1715,45.655725171021864,52.212736429698225,,,
1771278300,209.1715,209.2485,209.1715,209.2145,51.00635952676699,52.006373900870734,,,
1771279200,209.2145,209.3395,209.1585,209.2625,56.19157257031294,52.21224764921896,,,
1771280100,209.2625,209.284,209.255,209.26,55.85997519289053,52.45092043834354,,,
1771281000,209.26,209.295,209.2415,209.273,57.27199422790361,52.73130217090811,,,
1771281900,209.273,209.2985,209.2255,209.265,56.08302469873858,52.783023938367556,,,
1771282800,209.265,209.3615,209.185,209.3545,64.86975553261823,53.634392728571925,,,
1771283700,209.3545,209.3545,209.309,209.348,63.87028779633746,54.38120190327454,,,
1771284600,209.348,209.374,209.286,209.3305,61.13907970343352,55.186569088877135,,,
1771285500,209.3305,209.4935,209.241,209.258,51.343577913199404,55.206355124149994,,,
1771286400,209.258,209.2995,208.939,209.0755,35.79627219492218,54.16811178693824,,,
1771287300,209.0755,209.111,208.8235,208.888,26.812954374773113,52.26617768641732,,,
1771288200,208.888,208.917,208.694,208.7725,22.986192806253158,50.07101064294267,,,
1771289100,208.7725,208.836,208.631,208.637,19.474647100383663,47.740101343539656,,,
1771290000,208.637,208.846,208.636,208.83,34.76206629727713,46.96198285255789,,,
1771290900,208.83,208.909,208.766,208.773,32.78260408050882,45.660286034968024,,,
1771291800,208.773,208.901,208.755,208.8625,38.68639969965187,44.40991654420652,,,
1771292700,208.8625,208.8895,208.508,208.535,28.73926089282972,42.47272266563074,,,
1771293600,208.535,208.5915,208.417,208.557,30.04057505032833,40.52762129580394,,,
1771294500,208.557,208.6725,208.5215,208.6195,33.742348937111785,38.931858741402024,,,
1771295400,208.6195,208.669,208.51,208.52,30.935917692412545,36.508013181387334,,,
1771296300,208.52,208.573,208.472,208.478,29.808886987583065,34.07505598076202,,,
1771297200,208.478,208.485,208.2815,208.344,26.49269900473574,31.600314502283606,,,
1771298100,208.344,208.436,208.339,208.429,31.684426731879128,30.196089417903586,,,
1771299000,208.429,208.4535,208.263,208.392,30.669000143753095,29.829855699962938,,,
1771299900,208.392,208.521,208.337,208.521,38.11557725154145,30.63718590544639,,,
1771300800,208.521,208.524,208.4185,208.482,36.82773171162638,31.62586725583019,,,
1771301700,208.482,208.483,208.3145,208.3145,31.850256570880333,32.50983936086566,,,
1771302600,208.3145,208.3435,208.245,208.3035,31.548693563369596,32.28031273701513,,,
1771303500,208.3035,208.4165,208.2985,208.3795,36.053610133666794,32.513956026526415,,,
1771304400,208.3795,208.41,208.3065,208.3975,37.109296851806874,32.40130582310892,,,
1771305300,208.3975,208.3975,208.082,208.132,29.399602109499043,32.448473052871016,,,
1771306200,208.132,208.195,208.0465,208.175,31.868433581485903,32.57903437652512,,,
1771307100,208.175,208.2245,208.094,208.1305,30.67302294802137,32.35979680587581,,,
1771308000,208.1305,208.1745,208.0695,208.099,29.820308244045492,32.280110416706734,,,
1771308900,208.099,208.176,208.078,208.1225,31.353538289727354,32.39044265257418,,,
1771309800,208.1225,208.2425,208.066,208.1105,30.981323268779107,32.71105867143442,,,
1771310700,208.1105,208.2255,208.088,208.2115,37.68655664668218,33.13978223677749,,,
1771311600,208.2115,208.2115,207.529,207.547,22.321609497179438,32.54354004773652,,,
1771312500,207.547,207.603,207.45,207.5825,24.101910783958076,31.542563871480564,,,
1771313400,207.5825,207.603,207.349,207.5055,22.877174116503085,30.546095471828902,,,
1771314300,207.5055,207.627,207.417,207.625,28.914365628744477,30.336388975962056,,,
1771315200,207.625,207.9155,207.5885,207.7425,34.35567998987453,30.536888006426693,,,
1771316100,207.7425,207.7465,207.559,207.598,31.193406400201468,30.18973059689345,,,
1771317000,207.598,207.73,207.5635,207.7135,36.244844354439195,30.12798398993862,,,
1771317900,207.7135,207.7145,207.492,207.4935,31.500959610191828,30.278080954273822,,,
1771318800,207.4935,207.692,207.484,207.6455,37.579773161859805,30.68603378144338,,,
1771319700,207.6455,207.8645,207.644,207.78,42.446835648179466,31.52702040288325,,,
1771320600,207.78,207.8315,207.7465,207.8155,43.69474000151859,32.518051242702754,,,
1771321500,207.8155,207.9195,207.8035,207.8135,43.63733408836716,33.395465228319885,,,
1771322400,207.8135,207.9285,207.781,207.914,47.37853598866948,34.566694708312056,,,
1771323300,207.914,208.1215,207.8515,208.05,52.01982855247364,35.59049984444002,,,
1771324200,208.05,208.2195,208.042,208.1515,55.196004690811,37.93867092969941,,,
1771325100,208.1515,208.1685,207.9785,207.9995,49.87174116101339,39.77937309948908,,,
1771326000,207.9995,208.0395,207.918,207.919,47.27107643001304,41.52179469331122,,,
1771326900,207.919,207.961,207.8095,207.889,46.30204018272677,42.763771447167095,,,
1771327800,207.889,207.9515,207.809,207.8845,46.14921855385432,43.60616705887994,,,
1771328700,207.8845,207.893,207.695,207.726,41.01442738511227,44.30766855780214,,,
1771329600,207.726,207.8165,207.697,207.708,40.46380598591843,44.60902296005065,,,
1771330500,207.708,207.7395,207.6265,207.688,39.82406497127953,45.203530485842634,,,
1771331400,207.688,207.6955,207.526,207.531,35.12884755266825,45.02846437090038,,,
1771332300,207.531,207.5465,207.3795,207.3835,31.385068176199155,44.23833812290178,,,
1771333200,207.3835,207.4115,207.2445,207.2715,28.869179226803993,43.17936949613646,,,
1771334100,207.2715,207.3715,207.236,207.3185,31.355950300024546,42.302127796969124,,,
1771335000,207.3185,207.3905,207.251,207.3225,31.57519966413315,41.17331805950224,,,
1771335900,207.3225,207.555,207.302,207.307,31.159875170012484,39.68332138932645,,,
1771336800,207.307,207.4705,207.2735,207.422,37.70673931718898,38.434088148353446,,,
1771337700,207.422,207.474,207.3545,207.43,38.14742233331194,37.596636803517626,,,
1771338600,207.43,207.6845,207.3965,207.5655,45.216590283002695,37.44988779301689,,,
1771339500,207.5655,207.649,207.44,207.4825,42.04655296672454,37.1459244204453,,,
1771340400,207.4825,207.7235,207.4195,207.5905,47.23071015130094,37.223173820262915,,,
1771341300,207.5905,207.753,207.5445,207.5985,47.60459939259621,37.693900392226055,,,
1771342200,207.5985,207.841,207.5355,207.776,55.190764745194265,38.745826017888625,,,
1771343100,207.776,207.8815,207.5985,207.6755,50.713572598700424,39.52364799127582,,,
1771344000,207.6755,207.8455,207.675,207.817,56.111921498810574,41.02243898742885,,,
1771344900,207.817,207.8995,207.7825,207.807,55.64803504729468,42.75550804964996,,,
1771345800,207.807,207.909,207.7975,207.8195,56.136189884050864,44.70315166802474,,,
1771346700,207.8195,207.9275,207.7745,207.9025,59.33656958763493,46.70176733142548,,,
1771347600,207.9025,207.9095,207.8025,207.8465,56.34927465153272,48.47134411623973,,,
1771348500,207.8465,207.9185,207.773,207.896,58.34554334904927,50.4131775575995,,,
1771349400,207.896,207.9345,207.8415,207.8705,56.9018544490918,51.78425720987827,,,
1771350300,207.8705,207.942,207.8395,207.903,58.31747800498175,53.2249754721404,,,
1771351200,207.903,207.908,207.7705,207.775,51.186401610462674,53.651390566958966,,,
1771352100,207.775,207.934,207.758,207.8985,56.68931951028459,54.697302462927546,,,
1771353000,207.8985,207.9855,207.889,207.926,57.82934094671297,55.45434751974269,,,
1771353900,207.926,207.9605,207.8725,207.9365,58.28087909480091,56.216938927043024,,,
1771354800,207.9365,207.981,207.8755,207.8915,55.536341259526054,56.24162296378101,,,
1771355700,207.8915,207.9605,207.872,207.897,55.810246014152,56.605671064884696,,,
1771356600,207.897,208.01,207.893,208.01,61.11082749006525,56.96273577854574,,,
1771357500,208.01,208.0105,207.812,207.836,50.97197352445928,56.6287313840575,,,
1771358400,207.836,207.865,207.7755,207.8525,51.78881519926739,56.31820462085869,,,
1771359300,207.8525,207.881,207.814,207.8295,50.52515670932869,55.688817986693955,,,
1771360200,207.8295,207.8565,207.7815,207.8375,50.9732553593628,55.30481660868181,,,
1771361100,207.8375,207.89,207.8005,207.8885,53.843301120305156,54.983227878057235,,,
1771362000,207.8885,207.8995,207.8135,207.8335,50.415637286020164,54.51992665212355,,,
1771362900,207.8335,207.8875,207.8245,207.8685,52.4884304127326,54.10356610982004,,,
1771363800,207.8685,207.959,207.8675,207.95,56.99648745032987,54.51857224123912,,,
1771364700,207.95,208.019,207.9245,208.019,60.42050831167131,54.785085727052454,,,
1771365600,208.019,208.0545,207.6945,207.8295,48.90398205808247,54.14756009215028,,,
1771366500,207.8295,207.831,207.742,207.758,45.38865338705878,53.22668682731155,,,
1771367400,207.758,207.929,207.7485,207.8965,52.50985987470306,53.010509585538486,,,
1771368300,207.8965,207.9395,207.876,207.9285,54.002282629261046,52.88136934376056,,,
1771369200,207.9285,207.979,207.9165,207.948,54.931737992629756,52.44000580822945,,,
1771370100,207.948,208.007,207.901,207.9315,53.93856329224027,52.651905077356666,,,
1771371000,207.9315,207.9675,207.9215,207.9295,53.81156185366885,52.79638698124249,,,
1771371900,207.9295,207.9305,207.6815,207.6875,41.17758243874557,52.12870310477226,,,
1771372800,207.6875,207.798,207.6525,207.797,47.21633888414846,51.860351927971244,,,
1771373700,207.797,207.927,207.784,207.859,50.325885231979946,51.60910793594802,,,
1771374600,207.859,207.859,207.708,207.737,44.740522296894916,51.20374257958192,,,
1771375500,207.737,207.857,207.629,207.815,48.6634148050741,50.93052717903488,,,
1771376400,207.815,207.9,207.772,207.8955,52.417730154159806,50.6034730864513,,,
1771377300,207.8955,207.996,207.88,207.894,52.340918843350494,50.02635955299983,,,
1771378200,207.894,208.042,207.893,208.035,58.497427811062316,50.71160567821267,,,
1771379100,208.035,208.052,208.002,208.046,58.94301648717666,51.67977447107824,,,
1771380000,208.046,208.201,208.0205,208.166,63.54165550963247,52.4677598735732,,,
1771380900,208.166,208.319,208.153,208.28,67.2899350868756,53.416877906259955,,,
1771381800,208.28,208.306,208.1885,208.223,63.76022095643779,54.04748383224624,,,
1771382700,208.223,208.237,208.076,208.0895,56.31004708961804,54.21687553205894,,,
1771383600,208.0895,208.109,208.0475,208.102,56.81882063931235,54.431679731033476,,,
1771384500,208.102,208.2,208.101,208.121,57.62654849478597,55.60660587789351,,,
1771385400,208.121,208.17,208.0415,208.0835,55.42299839827432,56.19279584318821,,,
1771386300,208.0835,208.189,208.065,208.181,59.734167282845206,56.86481598967858,,,
1771387200,208.181,208.198,208.107,208.109,55.467987473294386,57.63106350227854,,,
1771388100,208.109,208.1605,208.098,208.136,56.716393155841594,58.20627624161908,,,
1771389000,208.136,208.174,208.1165,208.148,57.28947999956038,58.554258373433406,,,
1771389900,208.148,208.1965,208.122,208.188,59.22737011909184,59.04614775027208,,,
1771390800,208.188,208.242,208.1745,208.19,59.32674072828918,59.10538438721685,,,
1771391700,208.19,208.2005,208.14,208.17,57.80943657204818,59.024414393279095,,,
1771392600,208.17,208.2365,208.158,208.2035,59.67002209079904,58.74786914907671,,,
1771393500,208.2035,208.2085,208.0675,208.0785,50.68773229653443,57.5619975211952,,,
1771394400,208.0785,208.126,208.036,208.0495,48.85046545017757,56.497014985033765,,,
1771395300,208.0495,208.0735,207.9875,208.0335,47.82057544760567,55.890624153461445,,,
1771396200,208.0335,208.112,208.006,208.05,49.01434039733681,55.33316127903463,,,
1771397100,208.05,208.1345,208.005,208.098,52.42428144603543,54.961570775552445,,,
1771398000,208.098,208.318,208.0285,208.158,56.35380514522568,55.028056971763256,,,
1771398900,208.158,208.234,208.1475,208.229,60.51032532814715,55.083496832141975,,,
1771399800,208.229,208.351,208.1985,208.334,65.71094044545258,55.81513633015326,,,
1771400700,208.334,208.456,208.2895,208.402,68.5954259600556,56.66363867331139,,,
1771401600,208.402,208.498,208.2925,208.3055,60.781213118067754,56.91304818177621,,,
1771402500,208.3055,208.4515,208.3035,208.3915,64.6464725845946,57.30012692931213,,,
1771403400,208.3915,208.5205,208.391,208.514,69.28942994610199,58.01174758772733,,,
1771404300,208.514,208.573,208.4215,208.535,70.01639523882181,58.88367320678259,,,
1771405200,208.535,208.642,208.531,208.624,72.93994122715206,59.83152457366496,,,
1771406100,208.624,208.6675,208.5775,208.58,69.34030049107666,61.16385087327511,,,
1771407000,208.58,208.684,208.554,208.628,71.0204891313554,62.74742399335924,,,
1771407900,208.628,208.73,208.611,208.68,72.76194710666854,64.52895054043516,,,
1771408800,208.68,208.764,208.673,208.699,73.39113907746511,66.27015044615861,,,
1771409700,208.699,208.82,208.6965,208.81,76.76755603336552,68.00895577382504,,,
1771410600,208.81,208.836,208.697,208.728,69.7284816512393,68.96428980996886,,,
1771411500,208.728,208.8055,208.6475,208.6645,64.77521975672067,69.26892512629556,,,
1771412400,208.6645,208.6815,208.549,208.5935,59.67116953100275,68.83751291812055,,,
1771413300,208.5935,208.64,208.554,208.5655,57.73893784055057,68.06204948101306,,,
1771414200,208.5655,208.5895,208.5375,208.5555,57.028682284713014,67.79401156434486,,,
1771415100,208.5555,208.639,208.5425,208.6375,61.23921415030048,67.55063596189528,,,
1771416000,208.6375,208.723,208.599,208.718,64.87760325662084,67.23550548407519,,,
1771416900,208.718,208.7995,208.6495,208.6525,59.946852420102395,66.51625242559523,,,
1771417800,208.6525,208.6535,208.495,208.583,55.15674678921006,65.24602425145652,,,
1771418700,208.583,208.6325,208.496,208.5995,56.054540458981364,64.29704139202114,,,
1771419600,208.5995,208.6805,208.5815,208.6745,59.976939099268535,63.50821638972922,,,
1771420500,208.6745,208.6875,208.5135,208.5845,53.77427564357637,62.151954142365504,,,
1771421400,208.5845,208.729,208.51,208.6115,55.268824675343915,60.85750311364256,,,
1771422300,208.6115,208.688,208.58,208.6295,56.28358711895718,59.394362476899104,,,
1771423200,208.6295,208.7205,208.561,208.64,56.89785029980948,58.47788880893983,,,
1771424100,208.64,208.8805,208.614,208.8705,67.64545298458474,58.68290546807298,,,
1771425000,208.8705,209.1185,208.805,209.0675,73.68490566899116,59.68388662078644,,,
1771425900,209.0675,209.0855,208.9655,208.9935,68.51150689141124,60.453355838705065,,,
1771426800,208.9935,209.109,208.83,208.8875,61.81636595699773,60.79533324386825,,,
1771427700,208.8875,209.065,208.8775,209.0205,66.27025796318506,61.15469351621715,,,
1771428600,209.0205,209.2195,208.9965,209.1735,70.52900372328966,61.55836497812207,,,
1771429500,209.1735,209.195,208.9925,208.9935,60.80251677525098,61.619483860632684,,,
1771430400,208.9935,209.1385,208.958,209.119,64.4805096916449,62.28546692509231,,,
1771431300,209.119,209.1775,209.0735,209.118,64.42863296321872,62.8836163896807,,,
1771432200,209.118,209.1995,209.091,209.154,65.50458443369536,63.27844819928261,,,
1771433100,209.154,209.1635,209.034,209.038,59.28220295209899,63.6718715784628,,,
1771434000,209.038,209.0925,208.989,209.011,57.903470524156496,63.8600605676637,,,
1771434900,209.011,209.0525,208.98,209.006,57.63614433931805,63.956671797689474,,,
1771435800,209.006,209.03,208.902,208.9445,54.31457670607411,63.772152255279806,,,
1771436700,208.9445,208.9995,208.8995,208.958,54.92861076387635,62.86380638237207,,,
1771437600,208.958,209.081,208.958,209.0365,58.42758416789408,61.77399770372227,,,
1771438500,209.0365,209.0855,208.9835,209.0745,60.044598321065855,61.16921852012617,,,
1771439400,209.0745,209.118,209.019,209.022,56.759792170603816,60.808034678240894,,,
1771440300,209.022,209.12,209.017,209.108,60.565504215493206,60.400552267691474,,,
1771441200,209.108,209.1245,208.584,208.991,53.647656446624445,59.194741747929676,,,
1771442100,208.991,209.1015,208.951,208.991,53.647656446624445,58.683680295884926,,,
1771443000,208.991,209.0285,208.9075,208.9135,49.31998935106523,57.60078598584352,,,
1771443900,208.9135,208.9765,208.8275,208.877,47.38139570344555,56.383126181574006,,,
1771444800,208.877,208.9625,208.877,208.907,49.150539895175115,55.21498014310828,,,
1771445700,208.907,208.9825,208.8985,208.9435,51.29611539587077,54.64454531766341,,,
1771446600,208.9435,208.971,208.867,208.946,51.447228909853344,54.183385202356035,,,
1771447500,208.946,209.0135,208.9325,208.999,54.659046665160524,53.97073536848764,,,
1771448400,208.999,209.0225,208.939,208.9565,51.70532293849722,53.78436009937501,,,
1771449300,208.9565,209.013,208.955,209.012,55.11634677051046,53.79776981413459,,,
1771450200,209.012,209.046,208.992,209.0105,55.003274271679196,53.553176250119236,,,
1771451100,209.0105,209.0115,208.895,208.9365,49.59745971477219,52.80695206395541,,,
1771452000,208.9365,208.9845,208.8095,208.939,49.777043799206474,52.30818432314131,,,
1771452900,208.939,208.9695,208.887,208.8945,46.59463463936928,51.31026506770389,,,
1771453800,208.8945,208.9075,208.872,208.902,47.20724895968556,50.85023596149397,,,
1771454700,208.902,208.938,208.895,208.907,47.638477941081845,50.42100892538378,,,
1771455600,208.907,208.92,208.8125,208.8625,44.17963781913177,50.053840958817105,,,
1771456500,208.8625,208.8975,208.8175,208.8735,45.238083576600836,49.90074723547106,,,
1771457400,208.8735,208.9195,208.86,208.8755,45.44064985033703,49.6357550894112,,,
1771458300,208.8755,208.887,208.751,208.751,36.411429199721525,48.572563218257685,,,
1771459200,208.751,208.7945,208.6485,208.784,39.82457001751342,47.74237329737626,,,
1771460100,208.784,208.872,208.7655,208.8335,44.62586145089147,47.02571721064275,,,
1771461000,208.8335,208.881,208.7215,208.8275,44.16586304986186,46.48718436145451,,,
1771461900,208.8275,208.8935,208.6445,208.7335,37.622787107636064,45.23764438553491,,,
1771462800,208.7335,208.8865,208.7325,208.8545,48.25057682647904,44.755308853734896,,,
1771463700,208.8545,208.92,208.8465,208.872,49.58835833689215,44.75465875531489,,,
1771464600,208.872,209.0775,208.871,209.0265,59.534225443867285,45.45160030136209,,,
1771465500,209.0265,209.1575,209.0255,209.13,64.57622905023298,46.73599990213807,,,
1771466400,209.13,209.215,209.0935,209.129,64.49261685476974,47.97066903750123,,,
1771467300,209.129,209.133,208.86,209.0465,57.8390197103084,48.69927916387456,,,
1771468200,209.0465,209.0825,209.008,209.05,58.03681399394484,49.68907746207549,,,
1771469100,209.05,209.174,209.039,209.173,64.36403878281612,51.0552171196623,,,
1771470000,209.173,209.206,209.116,209.1445,62.03019186470903,52.24018440640315,,,
1771470900,209.1445,209.278,209.1435,209.2415,66.4845550623371,54.38826482516139,,,
1771471800,209.2415,209.453,209.2405,209.3405,70.31252585337197,56.565975956294146,,,
1771472700,209.3405,209.414,209.3005,209.302,67.10275382697571,58.17146826887159,,,
1771473600,209.302,209.397,209.278,209.3415,68.68236949801484,59.922647300882524,,,
1771474500,209.3415,209.4505,209.2445,209.2445,60.943482922696916,61.58841128767258,,,
1771475400,209.2445,209.3255,209.1915,209.266,61.96642666760374,62.568114847752916,,,
1771476300,209.266,209.2695,209.1505,209.161,54.46397666721162,62.91637329991859,,,
1771477200,209.161,209.26,209.149,209.199,56.51587741192261,62.70077701192255,,,
1771478100,209.199,209.269,209.1565,209.2565,59.49046931462759,62.33750845937931,,,
1771479000,209.2565,209.3155,209.1805,209.3005,61.65222384960046,62.13462324472436,,,
1771479900,209.3005,209.468,209.2995,209.4655,68.45125725276326,62.892640212042565,,,
1771480800,209.4655,209.4825,209.3555,209.3625,61.16134977366705,63.11582133916558,,,
1771481700,209.3625,209.367,209.2655,209.318,58.2738512056482,62.68080794079644,,,
1771482600,209.318,209.4095,209.244,209.306,57.485698362804314,62.356201262088966,,,
1771483500,209.306,209.345,209.2385,209.344,59.36015666839281,61.84731566252151,,,
1771484400,209.344,209.4505,209.3225,209.443,63.83396995751113,61.38456166996002,,,
1771485300,209.443,209.464,209.373,209.4295,62.818431956920094,61.07853867924177,,,
1771486200,209.4295,209.5395,209.3295,209.418,61.91480825963017,60.595141447928576,,,
1771487100,209.418,209.482,209.3375,209.376,58.599451965421956,60.427710665266076,,,
1771488000,209.376,209.4695,209.2655,209.364,57.64961573445885,60.1193670271843,,,
1771488900,209.364,209.4005,209.299,209.36,57.316116102145564,60.32309127253672,,,
1771489800,209.36,209.38,209.0975,209.149,43.13928825977052,59.36762061881158,,,
1771490700,209.149,209.162,208.974,209.091,40.19611004682141,57.989452099682566,,,
1771491600,209.091,209.3155,209.091,209.3105,53.20720358113155,57.386236366220494,,,
1771492500,209.3105,209.323,209.2115,209.214,48.23836989215222,55.942458697605424,,,
1771493400,209.214,209.22,209.0085,209.042,40.905821148807156,54.49563522440115,,,
1771494300,209.042,209.0935,208.885,209.0635,42.09078395085374,53.33970184905868,,,
1771495200,209.0635,209.0955,208.918,208.967,38.37163277878989,51.97441145020051,,,
1771496100,208.967,208.9845,208.81,208.8415,34.145948085125795,50.17339655139573,,,
1771497000,208.8415,208.8435,208.662,208.7675,31.914208272585668,47.89341357390105,,,
1771497900,208.7675,208.7675,208.617,208.6775,29.397620738008072,45.5062127725502,,,
1771498800,208.6775,208.706,208.5915,208.6335,28.225779541530173,43.09985357840019,,,
1771499700,208.6335,208.6415,208.3515,208.3515,22.13561213599985,40.495293590584325,,,
1771500600,208.3515,208.46,208.289,208.395,24.82995540373325,38.15103213838965,,,
1771501500,208.395,208.4155,208.2085,208.228,21.722306879599017,35.608617193922036,,,
1771502400,208.228,208.228,208.0895,208.155,20.513684323817387,33.99250262706824,,,
1771503300,208.155,208.25,208.0895,208.2095,23.91721355877091,32.829724306493205,,,
1771504200,208.2095,208.406,208.2045,208.371,33.06379697009935,31.390909548562327,,,
1771505100,208.371,208.437,208.3175,208.417,35.44434405702329,30.477050560338835,,,
1771506000,208.417,208.5225,208.2845,208.5155,40.33740811415451,30.436449629292213,,,
1771506900,208.5155,208.5175,208.4025,208.478,39.121660017836966,30.22436934836244,,,
1771507800,208.478,208.6535,208.428,208.5605,43.179091080982886,30.567759227090512,,,
1771508700,208.5605,208.628,208.4345,208.625,46.198179082152784,31.4286328697353,,,
1771509600,208.625,208.63,208.4725,208.5535,43.44259083347306,32.25208876694155,,,
1771510500,208.5535,208.727,208.5035,208.725,50.99329922159255,33.794637230054725,,,
1771511400,208.725,208.7285,208.51,208.612,46.580619063992664,35.105697195944906,,,
1771512300,208.612,208.7205,208.5365,208.6945,49.983617903635846,37.09484046506176,,,
1771513200,208.6945,208.8875,208.623,208.8405,55.398577838989226,39.278313496151476,,,
1771514100,208.8405,208.893,208.7115,208.7485,51.607071033704145,41.41293950715898,,,
1771515000,208.7485,208.8605,208.7105,208.7135,50.199477317005744,43.53335329238672,,,
1771515900,208.7135,208.831,208.543,208.543,43.91559678810067,44.96180923733885,,,
1771516800,208.543,208.5575,208.281,208.411,39.76540328010034,45.44049540233892,,,
1771517700,208.411,208.4575,208.3305,208.3475,37.90939100987175,45.61657018468524,,,
1771518600,208.3475,208.4605,208.3475,208.354,38.22722247927997,45.465842639337055,,,
1771519500,208.354,208.398,208.2935,208.3495,38.08188645671496,45.39157309925691,,,
1771520400,208.3495,208.426,208.2765,208.333,37.51863327984124,44.98725468488965,,,
1771521300,208.333,208.441,208.316,208.392,40.88554432142723,44.60778077340926,,,
1771522200,208.392,208.507,208.345,208.492,46.17929157998048,44.80325939815979,,,
1771523100,208.492,208.561,208.458,208.5395,48.53675502682944,44.627791955676706,,,
1771524000,208.5395,208.5585,208.4765,208.5565,49.391156456190764,44.828544626548,,,
1771524900,208.5565,208.5755,208.486,208.565,49.83957206357485,44.81825563797222,,,
1771525800,208.565,208.583,208.469,208.504,46.645397150359685,44.193028445927254,,,
1771526700,208.504,208.5345,208.452,208.462,44.5293056085158,43.687473772699505,,,
1771527600,208.462,208.52,208.452,208.509,47.40475287338402,43.4878505981551,,,
1771528500,208.509,208.5855,208.508,208.5325,48.83294589257205,43.83908981990305,,,
1771529400,208.5325,208.644,208.5275,208.592,52.360255765448805,44.73872214028508,,,
1771530300,208.592,208.6305,208.588,208.6125,53.548416783718245,45.85579540984555,,,
1771531200,208.6125,208.6405,208.5925,208.598,52.550077717888456,46.87885649831758,,,
1771532100,208.598,208.664,208.5825,208.649,55.67989556767425,48.13585714910039,,,
1771533000,208.649,208.7385,208.6375,208.714,59.3592617313933,49.69590203849696,,,
1771533900,208.714,208.7395,208.6755,208.729,60.18079917142464,51.0741345277825,,,
1771534800,208.729,208.7545,208.7075,208.7175,59.1928686026661,52.00367574368861,,,
1771535700,208.7175,208.803,208.709,208.763,61.860591210803896,52.95537832825821,,,
1771536600,208.763,208.8525,208.763,208.81,64.446194212627,54.03073816800366,,,
1771537500,208.81,208.8115,208.6675,208.7275,57.12540424768212,54.551154752582754,,,
1771538400,208.7275,208.7745,208.656,208.7585,59.00963830954323,55.43431483538158,,,
1771539300,208.7585,208.7645,208.573,208.5895,46.90695326518514,55.60414681085796,,,
1771540200,208.5895,208.643,208.5585,208.641,50.255158261434744,55.807747195718726,,,
1771541100,208.641,208.7435,208.632,208.7415,56.07640238532686,56.325136945201216,,,
1771542000,208.7415,208.7585,208.7035,208.7115,54.04334400812335,56.44535753396367,,,
1771542900,208.7115,208.717,208.668,208.6775,51.75326833656721,56.317132644881454,,,
1771543800,208.6775,208.9505,208.6775,208.937,64.21656166141906,57.15045292656222,,,
1771544700,208.937,208.944,208.8495,208.894,61.3867636807122,57.558086363207785,,,
1771545600,208.894,208.9125,208.787,208.9095,62.03618443634272,57.74929512784702,,,
1771546500,208.9095,208.9165,208.7425,208.831,56.82372923020296,57.509504417759764,,,
1771547400,208.831,208.9195,208.803,208.814,55.73162790470581,57.262272939334025,,,
1771548300,208.814,208.844,208.561,208.7525,51.84934354763269,56.547183820536084,,,
1771549200,208.7525,208.821,208.601,208.729,50.404462705621725,55.54420299860713,,,
1771550100,208.729,208.851,208.6475,208.795,54.259678887975326,55.33950833005665,,,
1771551000,208.795,208.894,208.767,208.788,53.782168053500165,54.966117597482146,,,
1771551900,208.788,208.788,208.5935,208.6225,43.93703854787499,54.75398083195999,,,
1771552800,208.6225,208.64,208.4505,208.4525,36.538166951527785,53.774195738395214,,,
1771553700,208.4525,208.5465,208.389,208.495,39.29059137993855,52.57520923801034,,,
1771554600,208.495,208.5745,208.483,208.492,39.161475741022215,51.51221864750311,,,
1771555500,208.492,208.6535,208.4585,208.6015,46.12111075920707,51.109921677691666,,,
1771556400,208.6015,208.678,208.5695,208.5865,45.3556879920132,49.76271641559125,,,
1771557300,208.5865,208.623,208.497,208.4995,41.09567953802424,48.313353262542115,,,
1771558200,208.4995,208.5905,208.4985,208.5365,43.52509271814631,46.99113242552808,,,
1771559100,208.5365,208.5875,208.5095,208.551,44.491291132456524,46.11024398997476,,,
1771560000,208.551,208.594,208.514,208.5665,45.56342730183081,45.38394394691227,,,
1771560900,208.5665,208.5825,208.5355,208.582,46.672661909538014,45.014180972762645,,,
1771561800,208.582,208.63,208.5395,208.5405,44.08265196400991,44.56262306264752,,,
1771562700,208.5405,208.619,208.521,208.5915,47.908375024889665,44.10895850099855,,,
1771563600,208.5915,208.6765,208.557,208.6325,50.82138277445231,43.89747383820941,,,
1771564500,208.6325,208.675,208.6205,208.665,53.06207303886997,44.54926201613762,,,
1771565400,208.665,208.721,208.637,208.6935,54.99840409843634,45.86785038377394,,,
1771566300,208.6935,208.825,208.6855,208.7995,61.37980283729892,47.44565120215682,,,
1771567200,208.7995,208.87,208.6715,208.709,54.3000860934523,48.526980513044684,,,
1771568100,208.709,208.778,208.686,208.7085,54.26284700191371,49.108533101809435,,,
1771569000,208.7085,208.7305,208.629,208.6755,51.74076045358494,49.56460970620742,,,
1771569900,208.6755,208.7245,208.6385,208.6605,50.58974306148382,50.24275710074024,,,
1771570800,208.6605,208.922,208.6345,208.7025,53.69581853755996,50.96923751641265,,,
1771571700,208.7025,208.719,208.6465,208.701,53.56630557468241,51.617452833714495,,,
1771572600,208.701,208.78,208.563,208.753,57.40211949285775,52.46307370450214,,,
1771573500,208.753,209.0975,208.7205,209.0795,72.66886541149226,54.31994538321315,,,
1771574400,209.0795,209.0945,208.8775,208.9035,60.15373807251414,55.467880105249165,,,
1771575300,208.9035,209.005,208.858,208.9995,63.81444820605892,56.604028189618404,,,
1771576200,208.9995,209.223,208.9425,209.213,70.34052949702502,57.998252955516456,,,
1771577100,209.213,209.2865,209.1665,209.2555,71.44456195199342,59.311287877882414,,,
1771578000,209.2555,209.3865,209.251,209.284,72.19208986082515,60.539408289481614,,,
1771578900,209.284,209.339,209.2355,209.288,72.30168511488168,61.31954273788038,,,
1771579800,209.288,209.499,209.288,209.4705,76.79522255620844,62.92633819950582,,,
1771580700,209.4705,209.4795,209.27,209.2745,64.66233234289581,63.66915858100453,,,
1771581600,209.2745,209.308,209.1825,209.191,60.29209027970045,64.2799678542985,,,
1771582500,209.191,209.278,209.186,209.271,62.88056361542456,65.15788360815142,,,
1771583400,209.271,209.374,209.2625,209.356,65.4571154999723,65.99797624832372,,,
1771584300,209.356,209.3745,209.08,209.1115,53.8732102709305,66.01989801234144,,,
1771585200,209.1115,209.1575,208.964,209.0725,52.283801104800524,65.65430384176594,,,
1771586100,209.0725,209.187,209.0605,209.131,54.454426954654146,64.35327252342036,,,
1771587000,209.131,209.158,209.058,209.13,54.408863399679475,63.942924332503594,,,
1771587900,209.13,209.185,209.0855,209.0895,52.49316611454931,63.134261325967195,,,
1771588800,209.0895,209.2775,209.0505,209.253,58.79987999173601,62.309929218446555,,,
1771589700,209.253,209.282,209.213,209.237,57.98858929941455,61.34878831469092,,,
1771590600,209.237,209.255,209.1165,209.188,55.46465997561049,60.15397189431844,,,
1771591500,209.188,209.3065,209.1725,209.175,54.78339580280637,58.9026655148845,,,
1771592400,209.175,209.2535,209.149,209.208,56.252353078771215,57.435317695067546,,,
1771593300,209.208,209.358,209.179,209.3425,61.712026107717044,57.22458153541192,,,
1771594200,209.3425,209.386,209.237,209.3575,62.277440355375916,57.36639225510303,,,
1771595100,209.3575,209.615,209.3255,209.604,70.0933920729975,57.88159428778681,,,
1771596000,209.604,209.6395,209.511,209.527,65.52615177054841,57.88652544997082,,,
1771596900,209.527,209.5295,209.4265,209.4455,60.995835362564804,58.39528438508756,,,
1771597800,209.4455,209.5,209.364,209.4695,61.832678146101756,59.077347030894785,,,
1771598700,209.4695,209.49,209.361,209.426,59.34727757113248,59.426836360643236,,,
1771599600,209.426,209.69,209.1135,209.1445,46.3605263595816,58.851955143493385,,,
1771600500,209.1445,209.42,209.028,209.2535,50.84583965307142,58.734288967673535,,,
1771601400,209.2535,209.3325,209.0955,209.1895,48.29240208808165,57.98375483169822,,,
1771602300,209.1895,209.245,209.041,209.0625,43.61198940103352,56.95685483895672,,,
1771603200,209.0625,209.136,209.032,209.055,43.344821190592086,56.09115206859827,,,
1771604100,209.055,209.076,208.9775,209.0305,42.43040158261514,55.20879533858461,,,
1771605000,209.0305,209.197,209.0095,209.143,47.86886959038741,54.609975089414334,,,
1771605900,209.143,209.2275,209.0825,209.21,50.846978406132095,53.83390025358684,,,
1771606800,209.21,209.2785,209.087,209.0935,45.93329852214059,52.66646155121288,,,
1771607700,209.0935,209.19,209.0675,209.161,49.00802223555317,51.16036370568115,,,
1771608600,209.161,209.2245,209.1385,209.1515,48.58920883800866,49.9505820676426,,,
1771609500,209.1515,209.1875,209.059,209.082,45.52413477825858,48.84546059733501,,,
1771610400,209.082,209.179,209.056,209.1765,50.13059202507694,48.0095973029761,,,
1771611300,209.1765,209.199,209.0375,209.0665,45.32600653750741,47.008077943431445,,,
1771612200,209.0665,209.1365,208.9745,209.086,46.308401296299856,47.00435472462561,,,
1771613100,209.086,209.2265,209.077,209.203,51.893662263367695,47.079199196789624,,,
1771614000,209.203,209.261,209.1005,209.104,47.40048137619739,47.01549057451218,,,
1771614900,209.104,209.181,209.0925,209.153,49.720932192953555,47.4518436310779,,,
1771615800,209.153,209.231,209.143,209.2185,52.72332444891497,48.1217367209581,,,
1771616700,209.2185,209.27,209.191,209.203,51.93301202836614,48.800494609940316,,,
1771617600,209.203,209.219,209.119,209.122,47.892799178231336,48.80220386621488,,,
1771618500,209.122,209.132,209.054,209.0745,45.64997833342065,48.43098957530692,,,
1771619400,209.0745,209.108,209.062,209.081,46.022491500124616,48.437360502305786,,,
1771620300,209.081,209.181,209.06,209.1735,51.15334692345491,48.59059798001306,,,
1771621200,209.1735,209.191,209.1235,209.1645,50.64888051388997,48.73771738543314,,,
1771622100,209.1645,209.1645,209.0765,209.0905,46.58123505756328,48.81322454824062,,,
1771623000,209.0905,209.1375,209.078,209.1325,49.08075963470172,48.73823652035667,,,
1771623900,209.1325,209.153,209.0015,209.024,43.42756222814945,48.60263335540253,,,
1771797600,209.024,209.0725,208.901,208.9245,38.99211245604499,48.080041295384326,,,
1771798500,208.9245,209.1515,208.9245,209.121,49.87925459411287,47.936155033294696,,,
1771799400,209.121,209.166,209.105,209.105,49.11074979901852,48.058317063496204,,,
1771800300,209.105,209.1265,209.065,209.0865,48.18629309968849,47.948699985405845,,,
1771801200,209.0865,209.0865,208.905,209.011,44.504386757994666,47.361633007482965,,,
1771802100,209.011,209.011,208.8205,208.8905,39.33800673881839,46.46198977251527,,,
1771803000,208.8905,208.9575,208.8105,208.881,38.95407180564239,45.823509245901775,,,
1771803900,208.881,208.904,208.7645,208.8675,38.38080836902087,45.30428281987322,,,
1771804800,208.8675,208.8775,208.6885,208.819,36.3132437996944,44.61076512698535,,,
1771805700,208.819,208.8725,208.636,208.66,30.510489205945944,43.13627529002042,,,
1771806600,208.66,208.6775,208.4375,208.4595,25.070128917334173,41.30922160455215,,,
1771807500,208.4595,208.487,208.394,208.4005,23.72926385713889,39.67693794737898,,,
1771808400,208.4005,208.4015,208.218,208.252,20.72473355651306,37.651507513222654,,,
1771809300,208.252,208.4145,208.2395,208.409,30.71323807025533,36.74334150194449,,,
1771810200,208.409,208.5295,208.407,208.498,35.66209303090248,36.50548297157717,,,
1771811100,208.498,208.5325,208.402,208.4895,35.40201953212326,35.47139475286364,,,
1771812000,208.4895,208.5005,208.372,208.417,33.179417087125955,34.33344241629988,,,
1771812900,208.417,208.516,208.4125,208.477,36.7201805023694,33.514434373634224,,,
1771813800,208.477,208.6665,208.452,208.6525,45.771730396806554,33.604958919263645,,,
1771814700,208.6525,208.655,208.55,208.552,42.061380514495966,33.79948561752632,,,
1771815600,208.552,208.6785,208.552,208.6385,46.11046379099669,34.31065647362306,,,
1771816500,208.6385,208.668,208.5385,208.667,47.414436593348206,34.95591563250359,,,
1771817400,208.667,208.667,208.541,208.5975,44.581459901837405,35.54650249694238,,,
1771818300,208.5975,208.607,208.508,208.5215,41.650776022221066,36.34223726953346,,,
1771819200,208.5215,208.559,208.455,208.544,42.84860586102533,37.612128479797114,,,
1771820100,208.544,208.5775,208.506,208.556,43.51461402834806,39.025367777740634,,,
1771821000,208.556,208.773,208.551,208.7495,53.021463473137395,41.3322770574995,,,
1771821900,208.7495,208.778,208.706,208.743,52.70059055193234,42.90280223476215,,,
1771822800,208.743,208.792,208.7005,208.788,54.742586733406384,44.26569464208386,,,
1771823700,208.788,208.8035,208.7315,208.768,53.63432036515047,45.568001844442946,,,
1771824600,208.768,208.7775,208.7135,208.741,52.10082697736341,46.919531122317046,,,
1771825500,208.741,208.8225,208.736,208.808,55.50088422342088,48.26100995953501,,,
1771826400,208.808,208.851,208.713,208.788,54.26266035205284,48.86750495633832,,,
1771827300,208.788,208.788,208.708,208.7315,50.81373701251381,49.49267327762531,,,
1771828200,208.7315,208.832,208.723,208.7905,54.094927077116736,50.06299208377674,,,
1771829100,208.7905,209.0035,208.7595,208.994,63.21091316420117,51.19131183883767,,,
1771830000,208.994,209.066,208.945,209.046,65.11715702698328,52.658147347776655,,,
1771830900,209.046,209.1135,208.9885,209.1015,67.0779027089061,54.47437068253987,,,
1771831800,209.1015,209.1445,208.989,209.0155,61.32560460788885,55.79415630731584,,,
1771832700,209.0155,209.0965,208.9125,208.9515,57.38191137192979,56.7846775461431,,,
1771833600,208.9515,209.0595,208.936,208.9545,57.5198143538261,57.105988323335154,,,
1771834500,208.9545,209.0695,208.9245,208.99,59.20213549228558,57.57038439050324,,,
1771835400,208.99,209.11,208.972,209.0545,62.136156613872714,58.09849652482227,,,
1771836300,209.0545,209.154,209.037,209.1185,64.83825505371516,58.89877757400546,,,
1771837200,209.1185,209.155,209.0235,209.0535,60.14379782951126,59.47327549201602,,,
1771838100,209.0535,209.0745,209.002,209.0655,60.709379758862006,59.84531088740467,,,
1771839000,209.0655,209.1925,209.055,209.1905,66.10507851098433,60.691197898756926,,,
1771839900,209.1905,209.2045,209.112,209.1255,61.38439568887854,61.44624494706869,,,
1771840800,209.1255,209.158,209.0945,209.138,61.94717514850346,62.0071198093106,,,
1771841700,209.138,209.187,209.089,209.1415,62.113669941421676,61.928745293397775,,,
1771842600,209.1415,209.2285,209.1385,209.196,64.70342927999707,61.89919331147019,,,
1771843500,209.196,209.2095,209.0905,209.093,56.80103771591417,61.16513152625648,,,
1771844400,209.093,209.163,209.023,209.163,60.345641326104236,61.095134148986155,,,
1771845300,209.163,209.1685,208.9525,208.972,48.622333482311284,60.46945001401341,,,
1771846200,208.972,209.108,208.933,209.093,54.63493578203278,60.26338725888531,,,
1771847100,209.093,209.097,208.9735,209.007,50.14335461172075,59.61633148170211,,,
1771848000,209.007,209.0515,208.932,208.941,46.95311438141178,58.53182846509776,,,
1771848900,208.941,208.9565,208.8085,208.9555,47.73977967230531,57.31050879499706,,,
1771849800,208.9555,208.9805,208.8695,208.923,46.08996002676434,56.30666323765799,,,
1771850700,208.923,208.9245,208.8565,208.9085,45.33715987919631,55.208647531967586,,,
1771851600,208.9085,208.954,208.82,208.88,43.822105755477274,53.61700662085995,,,
1771852500,208.88,208.9105,208.7805,208.833,41.36702486462355,52.187194419127444,,,
1771853400,208.833,208.8395,208.687,208.802,39.7838534873822,50.60410001476164,,,
1771854300,208.802,208.8445,208.779,208.835,42.314755377814365,49.18989183164683,,,
1771855200,208.835,208.92,208.781,208.884,45.94757909288015,47.85018824685277,,,
1771856100,208.884,209.0095,208.87,208.989,52.80627771976156,47.564848247127586,,,
1771857000,208.989,209.114,208.9645,209.0095,54.03265813485237,47.11392087632388,,,
1771857900,209.0095,209.082,208.95,208.962,50.742354189650165,47.265350926848086,,,
1771858800,208.962,208.989,208.675,208.7115,37.70303759543873,46.055929627805654,,,
1771859700,208.7115,208.7805,208.691,208.7395,39.572237356564486,45.30084982386592,,,
1771860600,208.7395,208.837,208.672,208.7,37.84701823535586,44.650414384861925,,,
1771861500,208.7,208.708,208.3285,208.3985,27.862135618424418,43.23058266672758,,,
1771862400,208.3985,208.454,208.246,208.3885,27.602030028858408,41.91001623830572,,,
1771863300,208.3885,208.4945,208.3685,208.4325,30.668936319908426,40.86228598407087,,,
1771864200,208.4325,208.5145,208.4065,208.491,34.63368783862923,40.20597041858172,,,
1771865100,208.491,208.5465,208.413,208.417,32.13064601973596,39.54622907251832,,,
1771866000,208.417,208.4255,208.186,208.2,26.160017009193098,38.573097895504816,,,
1771866900,208.2,208.2645,208.151,208.162,25.274313149016905,37.35592345059071,,,
1771867800,208.162,208.3005,208.142,208.253,31.275086152161407,36.30788824053938,,,
1771868700,208.253,208.3785,208.238,208.363,37.7794808840606,35.23454560941787,,,
1771869600,208.363,208.523,208.3575,208.521,45.725308423589134,34.641163487184784,,,
1771870500,208.521,208.7275,208.48,208.7265,53.96052925682317,34.87103313484,,,
1771871400,208.7265,208.742,208.552,208.582,48.39945078820228,35.63506264860883,,,
1771872300,208.582,208.6325,208.4925,208.534,46.678540753544745,36.14265574839313,,,
1771873200,208.534,208.5985,208.518,208.5215,46.21766990465805,36.74055943905758,,,
1771874100,208.5215,208.5815,208.5185,208.5395,47.02872355217447,38.10960143432544,,,
1771875000,208.5395,208.5875,208.508,208.5595,47.96763727991005,39.564287666543414,,,
1771875900,208.5595,208.6305,208.556,208.572,48.58107844351512,40.84372638965818,,,
1771876800,208.572,208.6105,208.5655,208.5885,49.42862342751664,41.900507503150145,,,
1771877700,208.5885,208.707,208.5885,208.6915,54.473410868066004,43.49641927803085,,,
1771878600,208.6915,208.7195,208.668,208.678,53.71704583250449,45.46477847969596,,,
1771879500,208.678,208.74,208.6575,208.7345,56.44291522314116,47.69110719927626,,,
1771880400,208.7345,208.778,208.723,208.7725,58.22496812964911,49.616098769096816,,,
1771881300,208.7725,208.8075,208.7215,208.806,59.78694552370749,51.18806052907159,,,
1771882200,208.806,208.863,208.806,208.8385,61.29878536868973,52.300451739435914,,,
1771883100,208.8385,208.845,208.6385,208.64,49.14571043093254,51.956536109015154,,,
1771884000,208.64,208.668,208.562,208.562,45.34162580120253,51.73812003851517,,,
1771884900,208.562,208.637,208.5525,208.565,45.51630550113088,51.655103234771325,,,
1771885800,208.565,208.6315,208.554,208.6195,48.72237936401129,51.83401105329655,,,
1771886700,208.6195,208.6285,208.57,208.5945,47.34606065221447,51.8566779890137,,,
1771887600,208.5945,208.645,208.547,208.632,49.64389439958642,51.976410640419154,,,
1771888500,208.632,208.682,208.6195,208.682,52.613287755150104,52.26442559125022,,,
1771889400,208.682,208.7585,208.5805,208.646,50.312843877151046,52.32758419479554,,,
1771890300,208.646,208.758,208.6435,208.731,55.28423543507416,52.38550023529613,,,
1771891200,208.731,208.8865,208.703,208.881,62.42838738075681,53.00773891731415,,,
1771892100,208.881,208.9225,208.777,208.778,55.83203118738104,52.96410434333128,,,
1771893000,208.778,208.904,208.7645,208.8475,58.98147782939506,53.01814075045599,,,
1771893900,208.8475,208.9915,208.8355,208.9865,64.44248676165668,53.3506794103095,,,
1771894800,208.9865,209.053,208.9205,208.969,63.29986215211244,53.49361346626828,,,
1771895700,208.969,209.15,208.94,209.0915,67.6269668013768,54.813703207014285,,,
1771896600,209.0915,209.132,208.9965,209.0805,66.86459434551585,56.35105810303667,,,
1771897500,209.0805,209.119,208.994,209.071,66.17080233832891,57.82637930569366,,,
1771898400,209.071,209.1,208.9425,209.0885,66.85310190888086,59.121430916041504,,,
1771899300,209.0885,209.235,209.0855,209.214,71.32041706938557,60.83388494583943,,,
1771900200,209.214,209.245,209.1525,209.155,66.76482936901793,62.0568088722274,,,
1771901100,209.155,209.158,209.0635,209.1085,63.33134650726044,62.82238449737814,,,
1771902000,209.1085,209.165,209.0805,209.1345,64.43274030111661,63.83094852766137,,,
1771902900,209.1345,209.19,209.121,209.182,66.41731747247934,64.62616867319032,,,
1771903800,209.182,209.2185,209.1595,209.1925,66.85755043992475,64.94253746313089,,,
1771904700,209.1925,209.2475,209.162,209.2275,68.34706447600925,65.83646841231861,,,
1771905600,209.2275,209.2845,209.185,209.2285,68.39077544929458,66.5085610994543,,,
1771906500,209.2285,209.371,209.226,209.3495,73.21133647080181,67.13490750725039,,,
1771907400,209.3495,209.371,209.32,209.327,71.04173903802824,67.68789871338723,,,
1771908300,209.327,209.3545,209.2925,209.315,69.85277720878504,67.84688517105924,,,
1771909200,209.315,209.3285,209.263,209.2955,67.86513107175915,67.91835208007662,,,
1771910100,209.2955,209.348,209.2785,209.3365,69.81026126335526,68.17831343186421,,,
1771911000,209.3365,209.399,209.3145,209.378,71.67892355392664,68.52301497793891,,,
1771911900,209.378,209.3965,209.2925,209.3025,63.926524831528866,67.994879818092,,,
1771912800,209.3025,209.333,209.248,209.292,62.90752466716789,67.71935805367414,,,
1771913700,209.292,209.293,209.1515,209.192,54.06800112992048,67.05769052672129,,,
1771914600,209.192,209.2145,209.128,209.157,51.34839589389915,66.12309449763434,,,
1771915500,209.157,209.174,209.027,209.028,42.80277159635131,64.43634122076804,,,
1771916400,209.028,209.9625,208.984,209.893,74.02237684694293,64.94811453555504,,,
1771917300,209.893,210.195,209.7965,210.179,78.24959270851822,65.65543798073425,,,
1771918200,210.179,210.305,210.086,210.2445,79.08884583387075,66.41958586534683,,,
1771919100,210.2445,210.4675,210.2285,210.396,80.92244461909998,66.97037930451098,,,
1771920000,210.396,210.4275,210.238,210.41,81.08747952358686,67.6879321963366,,,
1771920900,210.41,210.733,210.2725,210.642,83.6167626104341,68.6710740107401,,,
1771921800,210.642,210.676,210.353,210.411,73.1297710007549,69.0471197199541,,,
1771922700,210.411,210.439,210.2705,210.2955,68.50356036089704,68.95378394120708,,,
1771923600,210.2955,210.3695,210.2255,210.2365,66.19977295205318,68.56241604107325,,,
1771924500,210.2365,210.3395,210.1635,210.2805,67.08868708763595,68.78828477365234,,,
1771925400,210.2805,210.402,210.278,210.395,69.34780678809088,69.24830492514683,,,
1771926300,210.395,210.4595,210.336,210.4015,69.47590098115158,70.34886920023476,,,
1771927200,210.4015,210.4505,210.3585,210.4235,69.93387345556883,71.6764033117826,,,
1771928100,210.4235,210.481,210.355,210.441,70.31540261590493,73.6415912417507,,,
1771929000,210.441,210.4795,210.3315,210.3675,66.49862468105061,73.10418037275839,,,
1771929900,210.3675,210.3715,210.2545,210.3535,65.76634745517775,72.2125199975198,,,
1771930800,210.3535,210.355,210.1955,210.1955,58.003346339459505,70.70641289077614,,,
1771931700,210.1955,210.2005,210.1195,210.1255,54.91084639575632,68.84844158910873,,,
1771932600,210.1255,210.1295,209.9935,210.076,52.768340956662136,66.82564597718553,,,
1771933500,210.076,210.2265,210.0705,210.2255,58.08733765658665,65.0021156233393,,,
1771934400,210.2255,210.3235,210.1845,210.3235,61.17399745252487,64.14813179846571,,,
1771935300,210.3235,210.377,210.305,210.311,60.56135411564916,63.580831352376585,,,
1771936200,210.311,210.3135,210.125,210.1425,52.87429811844377,62.62901172140448,,,
1771937100,210.1425,210.2675,210.1395,210.2635,57.08667112435887,61.91458200974183,,,
1771938000,210.2635,210.288,210.157,210.209,54.71438888372962,60.86933787371603,,,
1771938900,210.209,210.3785,210.2065,210.342,59.17317896076541,60.13342915797416,,,
1771939800,210.342,210.4545,210.334,210.403,61.0665783960817,59.50005093943937,,,
1771940700,210.403,210.466,210.336,210.46,62.8025382906723,58.96341777335133,,,
1771941600,210.46,210.549,210.4045,210.4665,63.005111506190595,58.713881118004174,,,
1771942500,210.4665,210.5875,210.466,210.543,65.39377877250314,58.68726906924171,,,
1771943400,210.543,210.565,210.3195,210.4525,60.423384811568134,58.8601289601066,,,
1771944300,210.4525,210.5785,210.326,210.532,63.07823526598722,59.443513879408805,,,
1771945200,210.532,210.573,210.444,210.561,64.02622361077322,60.247648354702456,,,
1771946100,210.561,210.8225,210.5245,210.742,69.32078564790052,61.05003749693916,,,
1771947000,210.742,210.847,210.6625,210.788,70.50874401204372,61.71680510833336,,,
1771947900,210.788,210.838,210.6695,210.7105,65.88023932131637,62.09672548016674,,,
1771948800,210.7105,210.733,210.6055,210.6625,63.11669644211649,62.828325360429076,,,
1771949700,210.6625,210.7645,210.6215,210.7385,65.57873528751783,63.43490137208329,,,
1771950600,210.7385,210.7745,210.617,210.628,59.373074980230435,63.767664664690486,,,
1771951500,210.628,210.665,210.526,210.608,58.29777571707771,63.70513586156994,,,
1771952400,210.608,210.626,210.516,210.591,57.34705160259087,63.439455376320595,,,
1771953300,210.591,210.631,210.4935,210.507,52.767877088374235,62.722693861870724,,,
1771954200,210.507,210.5485,210.4705,210.471,50.892295174758026,61.85749269533983,,,
1771955100,210.471,210.56,210.419,210.555,54.918758520356164,61.10927696304361,,,
1771956000,210.555,210.558,210.431,210.4495,49.436270742963764,60.324483101000446,,,
1771956900,210.4495,210.526,210.4455,210.497,51.770766834512514,59.51680678446653,,,
1771957800,210.497,210.503,210.4395,210.461,49.89072529102775,58.507128333056144,,,
1771958700,210.461,210.4735,210.4085,210.417,47.6147916484513,56.956700190238344,,,
1771959600,210.417,210.4535,210.3965,210.4195,47.760609232003986,55.3318334202355,,,
1771960500,210.4195,210.442,210.37,210.4035,46.861561733954616,53.97335644970966,,,
1771961400,210.4035,210.427,210.3655,210.373,45.118039310760665,52.68773808318424,,,
1771962300,210.373,210.405,210.3285,210.335,42.972813524936726,51.073029385857026,,,
1771963200,210.335,210.335,210.2865,210.31,41.57236042384317,49.80154977468651,,,
1771964100,210.31,210.3735,210.31,210.331,43.24552574696522,48.726389062535624,,,
1771965000,210.331,210.4055,210.3295,210.3955,48.156213603008794,48.06990063399404,,,
1771965900,210.3955,210.419,210.307,210.401,48.56489933589088,47.769687937388085,,,
1771966800,210.401,210.417,210.3115,210.3785,46.934879158900046,47.487015364826796,,,
1771967700,210.3785,210.3995,210.3605,210.394,48.22411358455405,47.008826440840934,,,
1771968600,210.394,210.4425,210.3865,210.391,47.98113528093474,46.90488819355314,,,
1771969500,210.391,210.4135,210.283,210.288,40.446169373505555,46.095988374909794,,,
1771970400,210.288,210.3565,210.2185,210.351,46.029055836146625,45.82015484241828,,,
1771971300,210.351,210.409,210.3345,210.367,47.37826224930825,45.80325988533663,,,
1771972200,210.367,210.37,210.309,210.316,43.63390451040033,45.50849526236494,,,
1771973100,210.316,210.3205,210.2555,210.276,40.90346355238421,45.082916820824195,,,
1771974000,210.276,210.3945,210.227,210.391,50.4948543788496,45.466975039973406,,,
1771974900,210.391,210.407,210.368,210.384,49.96329048394446,45.96629482275967,,,
1771975800,210.384,210.4285,210.3325,210.374,49.16700509092589,46.508769441837,,,
1771976700,210.374,210.41,210.3145,210.4085,52.00874052623706,47.13471335464214,,,
1771977600,210.4085,210.4785,210.3945,210.4635,56.211427204580495,47.7100857547544,,,
1771978500,210.4635,210.464,210.315,210.431,53.24425355487567,48.044325341824745,,,
1771979400,210.431,210.511,210.384,210.458,55.35277447361402,48.645603578590034,,,
1771980300,210.458,210.47,210.2075,210.2135,38.44510489154245,47.947102957660626,,,
1771981200,210.2135,210.3015,210.1775,210.214,38.4864849144668,47.26891364577006,,,
1771982100,210.214,210.353,210.214,210.3425,48.13612096651302,47.81819590241345,,,
1771983000,210.3425,210.347,210.1885,210.2505,42.94221359866475,47.59770717116474,,,
1771983900,210.2505,210.4025,210.222,210.345,49.02633204161755,47.71542644204398,,,
1771984800,210.345,210.4145,210.2745,210.303,46.645677851468186,47.93055310926311,,,
1771985700,210.303,210.346,210.2245,210.276,45.128565991160926,48.2323461406043,,,
1771986600,210.276,210.3845,210.084,210.284,45.69217703541958,47.88929775893073,,,
1771987500,210.284,210.3385,210.1695,210.17,39.470526026310814,47.139814583385466,,,
1771988400,210.17,210.67,210.0135,210.598,60.962279400633946,47.982334176936035,,,
1771989300,210.598,210.8005,210.5295,210.6535,62.80647178357346,48.75360069531721,,,
1771990200,210.6535,210.6805,210.5305,210.625,61.20742043687153,49.110457354766574,,,
1771991100,210.625,210.725,210.5485,210.5635,57.788311363012866,49.435032912490655,,,
1771992000,210.5635,210.8465,210.555,210.8255,66.39953748191184,50.22408741308341,,,
1771992900,210.8255,210.8265,210.6675,210.745,62.20090154025646,51.9209300308487,,,
1771993800,210.745,210.7585,210.65,210.6865,59.267931644679706,53.405319083006766,,,
1771994700,210.6865,210.691,210.487,210.504,51.16285085904728,53.62151407533064,,,
1771995600,210.504,210.6155,210.504,210.548,52.83744434829949,54.32831627173312,,,
1771996500,210.548,210.5775,210.504,210.557,53.19100419329894,54.62579285399608,,,
1771997400,210.557,210.6145,210.522,210.5635,53.462351533853926,55.112698117023626,,,
1771998300,210.5635,210.608,210.3735,210.398,46.129916285697476,55.18422313806195,,,
1771999200,210.398,210.4785,210.3205,210.3965,46.06824545537829,55.211085168059,,,
1772000100,210.3965,210.514,210.3355,210.4835,50.22470580337256,55.97924086642055,,,
1772001000,210.4835,210.647,210.426,210.6345,56.492132557842396,55.65994466336401,,,
1772001900,210.6345,210.6825,210.596,210.614,55.470951745181985,55.135978946336046,,,
1772002800,210.614,210.788,210.59,210.605,55.000886977029225,54.69265512777588,,,
1772003700,210.605,210.6815,210.5865,210.643,56.670447097576826,54.612807680244735,,,
1772004600,210.643,210.6845,210.5355,210.6515,57.05427632943417,53.94528902649633,,,
1772005500,210.6515,210.934,210.6115,210.9055,66.58105454403699,54.25815709819494,,,
1772006400,210.9055,211.059,210.8605,210.9595,68.19633531125935,54.89590021723635,,,
1772007300,210.9595,211.0525,210.9255,210.9755,68.67939010585559,56.14708159200837,,,
1772008200,210.9755,211.22,210.9755,211.1285,72.91574433691163,57.581245876909236,,,
1772009100,211.1285,211.2755,211.1075,211.2755,76.24083719278042,59.227662519729336,,,
1772010000,211.2755,211.4865,211.2555,211.3675,78.05654923389872,60.9843909268754,,,
1772010900,211.3675,211.7065,211.3265,211.63,82.22948747712678,63.56293172626321,,,
1772011800,211.63,211.666,211.2885,211.437,71.46823600046392,65.3772167651979,,,
1772012700,211.437,211.6685,211.352,211.6355,75.0803759513451,67.15262177576736,,,
1772013600,211.6355,211.761,211.613,211.7325,76.63692179021734,68.59153529236558,,,
1772014500,211.7325,211.744,211.607,211.647,72.34727372634823,69.79698686244888,,,
1772015400,211.647,211.7555,211.6345,211.7335,73.93672518662815,71.14954673456309,,,
1772016300,211.7335,211.857,211.7315,211.82,75.45600989119703,72.4913726483931,,,
1772017200,211.82,211.8315,211.6795,211.6835,68.6548550264209,73.31998541246358,,,
1772018100,211.6835,211.707,211.523,211.5475,62.60063110267992,73.03566945236665,,,
1772019000,211.5475,211.633,211.5155,211.6285,64.60273986721674,72.77898406350646,,,
1772019900,211.6285,211.765,211.611,211.7575,67.57942865774199,72.7004153886412,,,
1772020800,211.7575,211.771,211.592,211.7665,67.7829858979979,72.33378978586165,,,
1772021700,211.7665,211.768,211.621,211.6725,63.31182065689151,71.41028860472673,,,
1772022600,211.6725,211.848,211.656,211.8405,67.44499649903594,70.65232055223653,,,
1772023500,211.8405,211.9275,211.8195,211.88,68.34788263960596,69.66077734955647,,,
1772024400,211.88,211.99,211.877,211.953,70.00363115117806,69.55616271746463,,,
1772025300,211.953,212.031,211.8975,211.9125,67.88203221981283,69.04199530806946,,,
1772026200,211.9125,211.927,211.7165,211.742,59.68159206662201,67.83090032781266,,,
1772027100,211.742,211.7635,211.642,211.6635,56.308807406179255,66.68529559065773,,,
1772028000,211.6635,211.8195,211.596,211.813,60.84687410113204,65.75030622740802,,,
1772028900,211.813,211.816,211.698,211.713,56.61119737748698,64.40424819071443,,,
1772029800,211.713,211.717,211.4855,211.4855,48.36292201528125,62.954824404204466,,,
1772030700,211.4855,211.771,211.4785,211.762,56.63314399247765,62.5285753249043,,,
1772031600,211.762,211.762,211.6105,211.6775,53.79742461984702,61.75676709294932,,,
1772032500,211.6775,211.7245,211.62,211.7205,55.03137754488687,60.86047772774538,,,
1772033400,211.7205,211.722,211.5095,211.5375,49.02986864094656,59.520969352241714,,,
1772034300,211.5375,211.7105,211.479,211.63,51.88611598686097,58.704847590096676,,,
1772035200,211.63,211.848,211.6135,211.814,57.04286658131169,57.96183831025923,,,
1772036100,211.814,211.8165,211.666,211.752,54.90738882927432,57.00180303809269,,,
1772037000,211.752,211.865,211.7465,211.7965,56.175518036251745,56.01408067274081,,,
1772037900,211.7965,211.872,211.754,211.7975,56.20532406458441,55.180030090224484,,,
1772038800,211.7975,211.918,211.7915,211.909,59.51187019634201,55.16790709949021,,,
1772039700,211.909,211.995,211.903,211.949,60.65940021010035,55.47866372834171,,,
1772040600,211.949,211.9825,211.9105,211.9825,61.63998379270012,55.53531442059658,,,
1772041500,211.9825,212.0255,211.9105,211.9145,58.4549522338765,55.66701119605297,,,
1772042400,211.9145,212.0475,211.9105,211.9635,60.05660387138342,56.502274185774546,,,
1772043300,211.9635,211.9635,211.873,211.9115,57.5221977033869,56.56577802226807,,,
1772044200,211.9115,211.938,211.8495,211.8505,54.61077692622587,56.623874615580846,,,
1772045100,211.8505,211.9725,211.8495,211.9585,58.605534171177716,56.87917151745876,,,
1772046000,211.9585,211.989,211.9125,211.972,59.09021907614509,57.597767977115794,,,
1772046900,211.972,212.0265,211.952,212.0265,61.071874413910265,58.25389357904789,,,
1772047800,212.0265,212.122,212.024,212.027,61.09049592193702,58.54300996052113,,,
1772048700,212.027,212.0385,211.9815,211.994,59.08171279428488,58.841175958021886,,,
1772049600,211.994,211.999,211.915,211.9255,55.03623837551554,58.759798839397874,,,
1772050500,211.9255,212.0005,211.9105,211.987,57.828189770322076,58.87571781837913,,,
1772051400,211.987,212.0035,211.937,211.97,56.778674041114066,58.68048952157714,,,
1772052300,211.97,212.054,211.942,212.044,60.16753693144487,58.6453564302446,,,
1772053200,212.044,212.0955,212.035,212.0625,60.99100240457419,58.59900061680703,,,
1772054100,212.0625,212.0625,212.0095,212.02,58.02335074643338,58.56817193913252,,,
1772055000,212.02,212.071,212.0065,212.0545,59.736039669865995,58.54527449616699,,,
1772055900,212.0545,212.0855,212.002,212.034,58.21607637118098,58.594837258152275,,,
1772056800,212.034,212.0825,211.8985,211.954,52.5921642340643,58.450650637283594,,,
1772057700,211.954,211.955,211.77,211.8045,44.03170626132949,57.40966292943729,,,
1772058600,211.8045,212.052,211.7525,211.975,53.356423551380004,57.00010610623979,,,
1772059500,211.975,211.9935,211.886,211.9305,50.969574650928664,56.27851326602681,,,
1772060400,211.9305,211.9445,211.848,211.9075,49.731290114347466,55.467141422627556,,,
1772061300,211.9075,211.918,211.7715,211.833,45.84599540362502,54.521733037580425,,,
1772062200,211.833,211.8605,211.717,211.7285,41.00658408816824,53.51961487419847,,,
1772063100,211.7285,211.7955,211.665,211.7305,41.13465462034438,52.32721950634292,,,
1772064000,211.7305,211.7935,211.6045,211.654,37.75811323140578,50.96860801993518,,,
1772064900,211.654,211.6555,211.5425,211.5775,34.69141579588258,49.14888508168074,,,
1772065800,211.5775,211.635,211.546,211.631,38.456052112189624,47.539245775081845,,,
1772066700,211.631,211.678,211.538,211.585,36.50745075994465,46.002395776046924,,,
1772067600,211.585,211.7035,211.4755,211.6935,43.74772450914312,44.86037326456672,,,
1772068500,211.6935,211.7025,211.5315,211.533,37.02222270811319,43.34652657434759,,,
1772069400,211.533,211.645,211.464,211.5595,38.69793648055992,42.35408173481157,,,
1772070300,211.5595,211.6125,211.494,211.518,37.03596677839673,41.85438605745923,,,
1772071200,211.518,211.528,211.3895,211.3975,32.65109695253135,40.37543415754146,,,
1772072100,211.3975,211.5245,211.3935,211.516,40.15484129502561,39.60295320354839,,,
1772073000,211.516,211.557,211.441,211.535,41.284430960981894,38.99960612116513,,,
1772073900,211.535,211.557,211.48,211.514,40.377280900418604,38.60898365665039,,,
1772074800,211.514,211.522,211.46,211.4665,38.32590948849897,38.417506899531155,,,
1772075700,211.4665,211.4665,211.3365,211.4095,35.96462305515179,38.048218930588824,,,
1772076600,211.4095,211.4125,211.342,211.407,35.860266543854934,37.91265845290662,,,
1772077500,211.407,211.4805,211.3815,211.3965,35.39572049573772,37.9629659314677,,,
1772078400,211.3965,211.459,211.348,211.428,37.990952883088305,37.92974455796046,,,
1772079300,211.428,211.463,211.4035,211.463,40.83490765609909,38.23884862197149,,,
1772080200,211.463,211.5665,211.462,211.512,44.661463176454454,38.30411566963659,,,
1772081100,211.512,211.533,211.3685,211.3785,37.53810632299661,38.340964499271124,,,
1772082000,211.3785,211.3825,211.2795,211.369,37.0848175898634,38.22574172136422,,,
1772082900,211.369,211.4195,211.315,211.39,38.84286297932683,38.35480573571637,,,
1772083800,211.39,211.4405,211.323,211.3455,36.51442593385292,38.63075780581077,,,
1772084700,211.3455,211.473,211.1735,211.469,46.16041190712914,39.059727135246725,,,
1772085600,211.469,211.561,211.4205,211.485,47.27804887300928,39.48784270039154,,,
1772086500,211.485,211.5535,211.4475,211.507,48.85032664698517,40.09306025371773,,,
1772087400,211.507,211.548,211.4125,211.48,46.9978958926379,40.71248785401337,,,
1772088300,211.48,211.523,211.4385,211.444,44.57100444130855,41.32722938159599,,,
1772089200,211.444,211.5875,211.441,211.563,53.177991005792954,42.56420970030585,,,
1772090100,211.563,211.63,211.497,211.5685,53.53709553483061,43.8600222030982,,,
1772091000,211.5685,211.5795,211.5105,211.5275,50.4319466995517,44.74866461855987,,,
1772091900,211.5275,211.5305,211.331,211.397,42.06832832305956,44.836766094771335,,,
1772092800,211.397,211.397,211.1745,211.1765,32.316335906656704,43.954971289785775,,,
1772093700,211.1765,211.1805,211.007,211.151,31.409527021488486,43.51721562539234,,,
1772094600,211.151,211.1765,210.9355,210.966,25.76166783025141,42.70841921399148,,,
1772095500,210.966,211.003,210.8795,210.97,26.07120232452536,41.79615773864852,,,
1772096400,210.97,210.9895,210.836,210.9175,24.62023688025502,40.946572806248675,,,
1772097300,210.9175,211.0445,210.9175,211.0425,34.0337778203794,40.08038465719512,,,
1772098200,211.0425,211.1535,211.0245,211.0495,34.52687670088956,39.16958664490085,,,
1772099100,211.0495,211.1745,211.0475,211.125,39.757450583342205,38.520095497497785,,,
1772100000,211.125,211.141,211.047,211.1165,39.376055449608636,37.97567832299569,,,
1772100900,211.1165,211.1915,211.075,211.163,42.61902770497802,37.8362514132578,,,
1772101800,211.163,211.1935,211.101,211.1185,40.39219185498777,36.92298004534314,,,
1772102700,211.1185,211.149,211.0745,211.1005,39.49330440505312,35.91985210750189,,,
1772103600,211.1005,211.2335,211.0885,211.1605,43.96937370707523,35.458239750896425,,,
1772104500,211.1605,211.264,211.1585,211.2585,50.42075596365211,36.054841725224456,,,
1772105400,211.2585,211.2855,211.2195,211.223,48.25334300311314,37.19319937497134,,,
1772106300,211.223,211.272,211.1535,211.164,44.80605651237595,38.150094338606166,,,
1772107200,211.164,211.234,211.1375,211.2335,49.39256085041647,39.83801526861795,,,
1772108100,211.2335,211.282,211.1955,211.212,48.062012458521764,41.40878742104627,,,
1772109000,211.212,211.3075,211.198,211.288,52.89278284941767,43.42825499027218,,,
1772109900,211.288,211.5115,211.2865,211.4595,61.57744183604312,45.39565956281958,,,
1772110800,211.4595,211.5715,211.384,211.518,64.01451783209154,47.50191964361972,,,
1772111700,211.518,211.5545,211.366,211.393,55.86124072158396,48.652190367779845,,,
1772112600,211.393,211.4275,211.384,211.4255,57.38113586316954,49.93826754017705,,,