time,open,high,low,close,RSI,RSI-based MA,Upper Bollinger Band,Lower Bollinger Band,Volume
1759266060,1.34439,1.34439,1.3442,1.3442,,,,,14
1759266960,1.34421,1.34421,1.34394,1.34396,,,,,50
1759267860,1.34398,1.34436,1.34396,1.34427,,,,,817
1759268760,1.34437,1.34443,1.34377,1.34441,,,,,1141
1759269660,1.34441,1.34523,1.3444,1.34472,,,,,626
1759270560,1.34473,1.3448,1.34454,1.34455,,,,,1807
1759271460,1.34457,1.34467,1.34439,1.3444,,,,,516
1759272360,1.34441,1.34448,1.34427,1.34439,,,,,821
1759273260,1.3444,1.345,1.3444,1.34471,,,,,1024
1759274160,1.34472,1.34495,1.34455,1.34456,,,,,541
1759275060,1.34455,1.34467,1.34434,1.34449,,,,,866
1759275960,1.34448,1.3446,1.34396,1.34409,,,,,1122
1759276860,1.3441,1.34414,1.34358,1.34367,,,,,1508
1759277760,1.34366,1.34435,1.34364,1.34409,,,,,1461
1759278660,1.3441,1.34433,1.34395,1.34399,46.728971962616306,,,,1209
1759279560,1.34403,1.34441,1.34393,1.34416,49.603264565857515,,,,1648
1759280460,1.34417,1.34421,1.34348,1.34392,45.842667655164014,,,,1272
1759281360,1.34393,1.34418,1.34383,1.34418,50.24357740430696,,,,1063
1759282260,1.34417,1.3442,1.34374,1.34401,47.524254573843926,,,,1284
1759283160,1.34404,1.34432,1.34388,1.34422,51.04876594651128,,,,1068
1759284060,1.3443,1.34437,1.34388,1.34405,48.22501136589938,,,,1193
1759284960,1.34404,1.34432,1.34397,1.34414,49.80791758856896,,,,1250
1759285860,1.34413,1.34417,1.34349,1.34378,44.011660935888564,,,,1236
1759286760,1.34377,1.34425,1.34367,1.34419,51.00475254319982,,,,1059
1759287660,1.34421,1.34429,1.34388,1.34397,47.571232814027994,,,,1149
1759288560,1.34398,1.34403,1.34378,1.34385,45.761668585667664,,,,940
1759289460,1.34384,1.34389,1.34359,1.34386,45.9461953223704,,,,1142
1759290360,1.34387,1.34424,1.34379,1.34417,51.45940436045921,48.19852468745586,,,1096
1759291260,1.34419,1.34465,1.34413,1.34451,56.67837481864745,48.909196320029515,,,1204
1759292160,1.3445,1.34488,1.34445,1.34487,61.409538532597736,49.752501603368096,,,1084
1759293060,1.34486,1.34528,1.34485,1.34518,64.95841479154691,51.11791211310974,,,988
1759293960,1.34519,1.34703,1.34513,1.34691,77.43166246745679,53.059918189049014,,,1347
1759294860,1.34689,1.34724,1.34593,1.34641,69.70858080322266,54.64451291971892,,,1724
1759295760,1.34639,1.34665,1.34604,1.34624,67.25249221804359,55.80192193911409,,,1318
1759296660,1.34624,1.34636,1.34584,1.34587,62.12220004080902,56.7945782730362,,,841
1759297560,1.34588,1.34608,1.34552,1.34594,62.70189757512789,57.7155768435047,,,1107
1759298460,1.34587,1.34662,1.34554,1.34598,63.04989737219614,59.07545087466952,,,2154
1759299360,1.34595,1.34679,1.3459,1.34664,68.30469314366181,60.31116091755967,,,1580
1759300260,1.34665,1.3478,1.34661,1.34743,73.21491448134697,62.1428524652253,,,2230
1759301160,1.34742,1.34766,1.34656,1.34692,66.09606986925007,63.59530969976691,,,2651
1759302060,1.34692,1.34774,1.3468,1.34752,69.81461023031373,65.30019647890572,,,3279
1759302960,1.34751,1.34769,1.34548,1.34569,51.324743977239955,65.29057788010434,,,2963
1759303860,1.3457,1.34668,1.34538,1.34627,55.36001815631602,65.19640954708066,,,3406
1759304760,1.34628,1.347,1.34618,1.34693,59.47689731402983,65.05836374575439,,,2829
1759305660,1.34692,1.34731,1.34666,1.34696,59.659015203441285,64.67983520374685,,,2574
1759306560,1.34693,1.34768,1.34674,1.34709,60.487699325078076,63.469552122148365,,,2517
1759307460,1.34708,1.34802,1.34706,1.34735,62.16182250857219,62.930497958244764,,,2196
1759308360,1.34736,1.34766,1.34666,1.34682,56.87200335866107,62.189034468288874,,,1757
1759309260,1.34681,1.34739,1.34665,1.34719,59.465313407143434,61.999256851598474,,,2021
1759310160,1.3472,1.34721,1.34659,1.34698,57.35724034060419,61.61749562056108,,,1991
1759311060,1.34696,1.34752,1.34667,1.34711,58.3417759747497,61.28120123502919,,,2033
1759311960,1.3471,1.34752,1.34625,1.34633,50.768005000538366,60.0285806533775,,,2071
1759312860,1.34631,1.34686,1.34619,1.34684,54.89137553978224,58.719756443265744,,,2053
1759313760,1.34683,1.34684,1.34585,1.34595,47.4263819763681,57.38620730805989,,,2283
1759314660,1.34588,1.34733,1.34579,1.34729,56.92481473590422,56.465507629887774,,,1855
1759315560,1.34728,1.3476,1.34687,1.34729,56.92481473590422,56.86551268407808,,,1799
1759316460,1.34728,1.34813,1.34707,1.34811,61.8202927256357,57.32696086760092,,,1778
1759317360,1.34809,1.34855,1.34795,1.34847,63.7671911042768,57.633410424047135,,,1687
1759318260,1.34849,1.34874,1.34814,1.34869,64.94366439110976,58.010885366023444,,,1657
1759319160,1.34868,1.34888,1.34799,1.348,58.52516096703703,57.8707040547348,,,1829
1759320060,1.34806,1.34995,1.34696,1.34974,67.30144052675485,58.23781962746214,,,2363
1759320960,1.34977,1.35192,1.3489,1.35088,71.54920503515233,59.28619117578294,,,5622
1759321860,1.35085,1.35214,1.35055,1.35212,75.3068055380869,60.417726327993186,,,4745
1759322760,1.3521,1.35218,1.35067,1.35135,69.19532185502212,61.26330357902304,,,3786
1759323660,1.35135,1.35203,1.35077,1.35107,67.06397700065213,61.88631793801606,,,3333
1759324560,1.35111,1.35205,1.35066,1.35202,70.39579073330222,63.28830263321348,,,3208
1759325460,1.35201,1.35275,1.35189,1.3526,72.24202341038794,64.52763462397103,,,3133
1759326360,1.35267,1.35267,1.35102,1.35161,64.81215204998239,65.76947534351491,,,3142
1759327260,1.35158,1.3524,1.34967,1.3499,54.40411675860823,65.58942548799376,,,3978
1759328160,1.34991,1.35065,1.34929,1.35052,57.09444983792217,65.60154228099505,,,3170
1759329060,1.35051,1.35161,1.35036,1.35159,61.334586455134954,65.56684897595927,,,3087
1759329960,1.35161,1.35189,1.34938,1.35071,56.3981368320643,65.04048795651553,,,6071
1759330860,1.3507,1.3507,1.3483,1.34848,46.241535820914855,63.70462163007303,,,3706
1759331760,1.34845,1.34853,1.34722,1.34748,42.54173257748243,62.56294817367627,,,2832
1759332660,1.34747,1.34838,1.34732,1.34808,45.366244222526554,60.99614843765996,,,2357
1759333560,1.34805,1.34823,1.34657,1.34668,40.37851718034839,58.76967073374539,,,2201
1759334460,1.34666,1.34768,1.34653,1.34692,41.564596646815836,56.35951295579746,,,2156
1759335360,1.34693,1.34759,1.3468,1.34742,44.061299368029545,54.564225635297994,,,1586
1759336260,1.34743,1.34744,1.34655,1.3468,41.68305385264895,52.75130255329776,,,1824
1759337160,1.34687,1.34757,1.34677,1.34742,44.88667172757462,50.92922262431722,,,1657
1759338060,1.34747,1.34782,1.34721,1.34766,46.12055279810264,49.06340329486827,,,1430
1759338960,1.34768,1.34791,1.34751,1.34754,45.57118690820192,47.68904864188396,,,1076
1759339860,1.34755,1.34768,1.34717,1.3474,44.899235900269936,47.010128580574076,,,1263
1759340760,1.34739,1.3475,1.34717,1.34719,43.85466244652078,46.06442948118826,,,1400
1759341660,1.34717,1.34787,1.34688,1.34779,47.60529140764946,45.083765549225014,,,1426
1759342560,1.3478,1.34853,1.34779,1.34851,51.76902007571451,44.75311435234289,,,1209
1759343460,1.34855,1.34866,1.34835,1.3484,51.10087890554815,45.10021028695956,,,1593
1759344360,1.34839,1.34893,1.34838,1.34877,53.28486380185437,45.867576802986115,,,1703
1759345260,1.34878,1.34882,1.34807,1.34821,49.669054974609885,46.17492042813492,,,814
1759346160,1.34822,1.34826,1.34796,1.34818,49.475364388560685,46.82469522872152,,,810
1759347060,1.34817,1.3486,1.34817,1.34821,49.68665998600196,47.40484261009196,,,852
1759347960,1.34822,1.3484,1.3479,1.3479,47.477144882091444,47.64883157538209,,,990
1759348860,1.34791,1.34792,1.34746,1.34751,44.77927016373138,47.869989883316556,,,617
1759349760,1.34752,1.34763,1.34721,1.34736,43.74954329836817,47.78876642408752,,,560
1759350660,1.34737,1.3475,1.34733,1.34733,43.533924050445115,47.60400722782627,,,669
1759351560,1.34734,1.34767,1.34717,1.34762,46.28963422461145,47.65532489328409,,,787
1759352460,1.34755,1.34759,1.34755,1.34755,45.709752361425565,47.713218926223774,,,6
1759353360,1.34714,1.34734,1.34713,1.34734,43.931718975106364,47.718722963979886,,,222
1759354260,1.34732,1.34784,1.34716,1.34766,47.295983407929526,47.696629535428464,,,679
1759355160,1.34766,1.34784,1.34726,1.34761,46.82322537328599,47.343358485254996,,,706
1759356060,1.34764,1.34813,1.34763,1.34791,50.04942393632494,47.268254558881914,,,576
1759356960,1.3479,1.34818,1.34788,1.34816,52.62864375556437,47.22138169843263,,,683
1759357860,1.34817,1.34818,1.34791,1.34806,51.48349848976311,47.350984806657856,,,410
1759358760,1.34805,1.34809,1.34793,1.34806,51.483498489763114,47.49442295674374,,,390
1759359660,1.34805,1.34824,1.34803,1.34815,52.56092217363196,47.699727398717314,,,381
1759360560,1.34814,1.34833,1.34801,1.34832,54.61130896250719,48.209310547318445,,,626
1759361460,1.34831,1.34832,1.34806,1.34809,51.37594616096002,48.68050168997763,,,447
1759362360,1.3481,1.34813,1.34757,1.34767,46.014950024884854,48.84231645615739,,,822
1759363260,1.34766,1.34781,1.34705,1.34732,42.07481326991841,48.73809425754833,,,1308
1759364160,1.34731,1.34745,1.34698,1.34712,39.96871255783131,48.28659985277833,,,1166
1759365060,1.34711,1.34724,1.34694,1.34709,39.648118504116475,47.85362600582768,,,1186
1759365960,1.34709,1.34744,1.34681,1.34693,37.90197260517868,47.422929836547134,,,1807
1759366860,1.34693,1.34752,1.34676,1.3474,45.49564272640964,47.29433407358142,,,1428
1759367760,1.34739,1.3482,1.34733,1.34808,54.21851538481415,47.82256907440486,,,1337
1759368660,1.34807,1.34839,1.34793,1.34825,56.10964833794701,48.25544224594929,,,1376
1759369560,1.34826,1.34876,1.34816,1.3487,60.733488240598675,48.83435970916604,,,1241
1759370460,1.34871,1.34871,1.34817,1.34845,57.13244203493385,49.23785567667824,,,1082
1759371360,1.34846,1.34846,1.34804,1.34832,55.2963888151541,49.510204985634736,,,884
1759372260,1.34831,1.34842,1.34807,1.34813,52.63404489667964,49.51542803728099,,,989
1759373160,1.34812,1.34837,1.34796,1.34805,51.509502557285174,49.293870436907994,,,920
1759374060,1.34804,1.34815,1.34758,1.34801,50.923656738666864,49.26156404960134,,,931
1759374960,1.34804,1.34813,1.34788,1.3479,49.264278158843936,49.493658916312704,,,804
1759375860,1.34789,1.34791,1.34761,1.3477,46.309544107528154,49.79613969042769,,,1178
1759376760,1.34773,1.34793,1.34769,1.34781,48.15146156797645,50.38062176258091,,,981
1759377660,1.34782,1.34791,1.34757,1.34761,45.120574937851245,50.77151150784768,,,954
1759378560,1.34762,1.34776,1.34758,1.34759,44.81677651314144,51.26542607270216,,,914
1759379460,1.3476,1.34762,1.34737,1.34758,44.654881109906874,51.20537167152339,,,949
1759380360,1.34756,1.34787,1.34752,1.34783,49.56045430191836,50.87265302274512,,,745
1759381260,1.34786,1.34787,1.34691,1.3471,38.757671441221646,49.63322610155045,,,1319
1759382160,1.34711,1.34742,1.347,1.34735,43.31461161071394,48.38902062798726,,,1046
1759383060,1.34733,1.34785,1.34722,1.34781,50.598514486794755,47.922311517405895,,,889
1759383960,1.34782,1.34792,1.34738,1.34791,52.041253238725325,47.68980183337527,,,1058
1759384860,1.34792,1.34822,1.34777,1.34778,49.99706794119372,47.50144633655485,,,1598
1759385760,1.34777,1.34799,1.34761,1.34773,49.19664534750017,47.33624225014163,,,1240
1759386660,1.34774,1.34861,1.34736,1.3475,45.58165295048668,46.9546705509859,,,2473
1759387560,1.34749,1.34908,1.34741,1.34908,64.74600588723885,48.060508245871254,,,2565
1759388460,1.34904,1.35005,1.3489,1.34977,69.75528269516857,49.73520385927414,,,2511
1759389360,1.34976,1.34991,1.34889,1.34899,59.46841281830664,50.543557520012016,,,2257
1759390260,1.34901,1.34971,1.34901,1.34964,64.20563970746112,51.906776432127,,,1716
1759391160,1.34963,1.35007,1.34921,1.34923,59.48306237971229,52.9543682797392,,,2161
1759392060,1.34925,1.35001,1.34925,1.3498,63.50232832016751,54.30061450904354,,,2185
1759392960,1.34978,1.35013,1.34936,1.3497,62.33405267948906,55.21301439315573,,,2049
1759393860,1.34969,1.34989,1.34918,1.34964,61.60175994346504,56.84473500045882,,,1855
1759394760,1.34965,1.35104,1.34952,1.35034,66.5404416747381,58.50372286217483,,,1890
1759395660,1.35033,1.35079,1.34977,1.3504,66.93302520680149,59.6704736278896,,,1988
1759396560,1.35041,1.35063,1.34988,1.35037,66.51280991029464,60.70415624728741,,,2005
1759397460,1.35038,1.35067,1.34967,1.35008,62.432408237295135,61.592394839866074,,,1849
1759398360,1.3501,1.35024,1.34969,1.34971,57.57896571866713,62.19113200923515,,,1963
1759399260,1.34972,1.34979,1.34909,1.34916,51.20646037672852,62.592903968252415,,,1937
1759400160,1.34916,1.34926,1.34851,1.34891,48.57486017834763,61.43782213190304,,,1647
1759401060,1.34893,1.34899,1.34808,1.34828,42.629350457494034,59.500255543497715,,,1657
1759401960,1.34829,1.34856,1.34796,1.34819,41.84145079865383,58.241186827808235,,,1731
1759402860,1.3482,1.34827,1.34716,1.34761,37.084537541092104,56.30396524449616,,,1478
1759403760,1.34752,1.34778,1.34711,1.34721,34.19702729751421,54.497819881482016,,,1334
1759404660,1.34722,1.34798,1.34716,1.34756,38.695023965764776,52.72586957045325,,,1536
1759405560,1.3476,1.34783,1.34706,1.34774,40.93127401836455,51.197099666087205,,,1818
1759406460,1.34775,1.34812,1.3475,1.34801,44.218222722340336,49.955418436006866,,,1885
1759407360,1.34804,1.3483,1.34784,1.348,44.12029747576093,48.35397956465136,,,1619
1759408260,1.34804,1.34815,1.34697,1.3471,36.32361795703958,46.167593332525506,,,1821
1759409160,1.34709,1.34732,1.34639,1.3467,33.49091864820875,43.80888681380509,,,2279
1759410060,1.34669,1.34688,1.34517,1.34527,25.757441192648372,41.189246310616035,,,2418
1759410960,1.34526,1.34599,1.3452,1.34582,32.23844753357514,39.37920929739517,,,2137
1759411860,1.34581,1.34608,1.3436,1.34396,24.46152216642669,37.4688565680879,,,3044
1759412760,1.34397,1.34412,1.34264,1.34302,21.622670305305306,35.543700148584875,,,3191
1759413660,1.34301,1.34304,1.34169,1.34192,18.8637630593809,33.8461581915768,,,3085
1759414560,1.3419,1.34237,1.34151,1.34231,22.63288990635411,32.4741181278411,,,2838
1759415460,1.3423,1.34244,1.3417,1.34181,21.26875287709042,31.344419223269558,,,2798
1759416360,1.3418,1.34247,1.34122,1.34214,24.50302213803296,30.651990283306613,,,3760
1759417260,1.34213,1.34273,1.3414,1.34146,22.455919831084387,29.492054273686588,,,2909
1759418160,1.34145,1.34185,1.34107,1.3412,21.709108326377176,28.119042438544632,,,2380
1759419060,1.34121,1.3414,1.34008,1.3407,20.310240877659297,26.411329449638846,,,2365
1759419960,1.34069,1.34219,1.34036,1.34213,33.50684617809979,25.653225785520192,,,2088
1759420860,1.34212,1.34324,1.34208,1.34312,40.81421407473927,25.973982651070173,,,2038
1759421760,1.34317,1.34352,1.34307,1.34308,40.61997652598274,26.483201070911175,,,1571
1759422660,1.34315,1.3438,1.34315,1.34372,45.12024650499771,27.866258593221836,,,1606
1759423560,1.34373,1.34402,1.34331,1.34401,47.077474729505,28.92618910721683,,,1328
1759424460,1.34402,1.34453,1.34371,1.34392,46.522943893373885,30.502004944855912,,,1474
1759425360,1.34396,1.34428,1.34387,1.34387,46.19737565784689,32.25734104146602,,,1162
1759426260,1.34383,1.34403,1.34359,1.3438,45.715042977014065,34.175289607011244,,,1225
1759427160,1.34386,1.34409,1.34363,1.34381,45.80209893417783,35.830233108998655,,,1159
1759428060,1.34387,1.3444,1.34378,1.34422,49.386016838772754,37.83860910626168,,,1284
1759428960,1.34423,1.34455,1.34418,1.34441,51.002978392715654,39.7314631244533,,,1065
1759429860,1.34442,1.34477,1.3444,1.34451,51.87441594989906,41.8327842757972,,,1051
1759430760,1.3445,1.34482,1.34448,1.34481,54.48949137353012,44.1742402077367,,,1051
1759431660,1.3448,1.34522,1.34478,1.34487,55.015970599743895,46.65322090217131,,,890
1759432560,1.34486,1.34497,1.34461,1.34461,52.19803855928605,47.988306072256044,,,578
1759433460,1.34462,1.34474,1.34438,1.34441,50.07337611708676,48.64967478956658,,,852
1759434360,1.3444,1.34459,1.34419,1.3442,47.870075035145845,49.16753896879252,,,938
1759435260,1.34421,1.34497,1.34417,1.3444,50.121094612717265,49.5247424050582,,,839
1759436160,1.34441,1.34444,1.3442,1.34438,49.88909754077507,49.725572605863206,,,502
1759437060,1.34437,1.34444,1.34407,1.34407,46.310921061056774,49.71042811784056,,,434
1759437960,1.34408,1.34414,1.34383,1.34384,43.80083110751558,49.539246364245464,,,984
1759438860,1.34307,1.34401,1.34307,1.34401,46.12516024760313,49.56854045500182,,,152
1759439760,1.34401,1.34418,1.34322,1.34366,42.25074707294947,49.31487246491408,,,1037
1759440660,1.34367,1.34396,1.34356,1.34395,46.27736124725338,49.09282563694842,,,631
1759441560,1.34393,1.34423,1.34356,1.34422,49.78773916110888,49.00602283469079,,,788
1759442460,1.34423,1.34551,1.34421,1.34445,52.62743726865087,49.059810071744494,,,793
1759443360,1.34447,1.34448,1.34416,1.34419,49.23752246798847,48.684669435634376,,,1209
1759444260,1.3442,1.34422,1.34394,1.34412,48.33481711869901,48.20744418698831,,,275
1759445160,1.34411,1.34418,1.34404,1.34412,48.334817118699014,47.93149979837495,,,468
1759446060,1.34414,1.3442,1.34408,1.34412,48.334817118699014,47.80731701277583,,,216
1759446960,1.34411,1.34442,1.34411,1.34432,51.50738850383733,48.06712511768236,,,829
1759447860,1.34431,1.34455,1.3443,1.34445,53.505911764224265,48.30889777136144,,,773
1759448760,1.34444,1.34466,1.34444,1.34458,55.481771851418756,48.708374507835984,,,740
1759449660,1.34459,1.34459,1.34393,1.34441,52.348807192886895,49.13965208868099,,,1221
1759450560,1.34443,1.34446,1.3442,1.3443,50.366919632730585,49.60865841191064,,,1113
1759451460,1.34429,1.34446,1.34408,1.34441,52.31126197784724,50.05052282121379,,,1008
1759452360,1.34441,1.34462,1.34436,1.34455,54.74135599844275,50.942709173034736,,,1373
1759453260,1.34455,1.34508,1.34392,1.34397,44.60131803254179,50.82299180055533,,,2116
1759454160,1.34398,1.34401,1.3433,1.3435,38.394763513180415,50.0092078257033,,,1370
1759455060,1.34351,1.34398,1.34337,1.34389,45.208251212715076,49.479265964565016,,,1144
1759455960,1.34391,1.34468,1.34389,1.34451,53.93132142628188,49.814537318728846,,,1046
1759456860,1.3445,1.34455,1.34397,1.34412,48.681159252225,49.83927604255212,,,1097
1759457760,1.34414,1.34426,1.34375,1.3438,44.825269392744055,49.588594062126774,,,1025
1759458660,1.34379,1.34415,1.34359,1.34412,49.16176449777281,49.64766173206061,,,1155
1759459560,1.34411,1.34415,1.34379,1.34399,47.52750247139801,49.36338415831495,,,987
1759460460,1.34399,1.34417,1.34357,1.34364,43.34933325451474,48.63791426476427,,,1119
1759461360,1.34362,1.34377,1.34356,1.34368,43.95571897314445,47.81462477345896,,,801
1759462260,1.34367,1.34399,1.34359,1.34389,47.15388489917469,47.44355889533666,,,670
1759463160,1.3439,1.34453,1.34387,1.34449,55.04694702100339,47.777846565927575,,,830
1759464060,1.34446,1.34464,1.34419,1.34422,51.3314797844275,47.70786212354045,,,959
1759464960,1.34423,1.34425,1.34399,1.34402,48.70883853622116,47.276968019096046,,,490
1759465860,1.34403,1.34413,1.34369,1.34395,47.78853404969773,47.50462630603575,,,784
1759466760,1.34392,1.34403,1.34345,1.34348,42.044494727825544,47.765321392796125,,,943
1759467660,1.34349,1.3436,1.34315,1.34357,43.44628855225111,47.63946691704869,,,998
1759468560,1.34355,1.34361,1.34318,1.34342,41.63861838955866,46.76141670013989,,,1124
1759469460,1.34341,1.34352,1.34327,1.34342,41.63861838955866,46.2583780670923,,,886
1759470360,1.34341,1.3437,1.34308,1.34318,38.6542456835767,45.81759065929464,,,1303
1759471260,1.34317,1.34387,1.34289,1.34381,48.98968111721673,45.80529898925492,,,1757
1759472160,1.34381,1.34412,1.34349,1.34379,48.70911923046034,45.8897001863308,,,1631
1759473060,1.3438,1.3444,1.3438,1.34429,55.56104419839026,46.76196525375048,,,1655
1759473960,1.3443,1.3443,1.34326,1.34361,46.469038137335005,46.94148805119266,,,1770
1759474860,1.34359,1.34419,1.34358,1.34409,52.39136114597347,47.31559349739257,,,1759
1759475760,1.34408,1.34473,1.34385,1.34462,57.92634772786114,47.521264976453836,,,1642
1759476660,1.34465,1.34611,1.34457,1.34542,64.61383678553835,48.47000476224746,,,1780
1759477560,1.34541,1.34641,1.34511,1.3463,70.22096905160058,50.006585513345996,,,1872
1759478460,1.34629,1.34671,1.34606,1.34638,70.67587785612398,51.64139578523358,,,2274
1759479360,1.34636,1.34638,1.34559,1.34567,61.67154293478255,53.04332780001622,,,1790
1759480260,1.34568,1.34613,1.34527,1.3461,64.61210249236692,54.55517165288163,,,1951
1759481160,1.34612,1.34644,1.34567,1.34571,60.107869833539425,55.87440389888026,,,2727
1759482060,1.3457,1.34582,1.34464,1.34483,51.40067071009782,56.571693350347346,,,1986
1759482960,1.34482,1.34485,1.34421,1.34482,51.309711072893926,57.47565516387,,,1670
1759483860,1.34483,1.34531,1.34475,1.3453,55.39040597229639,57.93284979637569,,,1563
1759484760,1.34528,1.34545,1.34493,1.34537,55.969944736125356,58.45148018963748,,,1790
1759485660,1.34539,1.34552,1.34485,1.34539,56.145247001134614,58.49320896126208,,,1472
1759486560,1.3454,1.34542,1.34485,1.34507,52.54079223352051,58.92690568241819,,,1095
1759487460,1.34508,1.34564,1.34496,1.3456,57.41691145245423,59.285873561452526,,,1438
1759488360,1.34559,1.3456,1.34514,1.34519,52.88982650317771,58.92612204540371,,,1095
1759489260,1.34518,1.3452,1.34455,1.34481,49.03117513125919,57.81307478438377,,,1326
1759490160,1.3448,1.34521,1.34446,1.345,50.95776102681174,56.43713135404171,,,1220
1759491060,1.34501,1.34555,1.34482,1.34492,50.099074733969246,54.967359702459234,,,1710
1759491960,1.34495,1.34524,1.34465,1.34517,52.77708180213044,54.33204105012693,,,2088
1759492860,1.34516,1.34519,1.34445,1.34453,45.97489553407416,53.00081198167745,,,1749
1759493760,1.34454,1.34528,1.34443,1.34474,48.328213593328684,52.15940796451955,,,1404
1759494660,1.34473,1.34497,1.34369,1.34437,44.638742777142994,51.676413112165626,,,2416
1759495560,1.34439,1.34599,1.34435,1.3458,57.98796709667333,52.15343139957844,,,2325
1759496460,1.34579,1.34608,1.34505,1.3455,54.992114726914494,52.12498202490831,,,2048
1759497360,1.34551,1.34641,1.3455,1.34638,61.30694454598538,52.50619629704117,,,2504
1759498260,1.34637,1.34689,1.34606,1.34642,61.57087864384195,52.893741414377416,,,2458
1759499160,1.34643,1.34752,1.34614,1.34675,63.76675716870081,53.69559605260458,,,3149
1759500060,1.34674,1.34778,1.34572,1.34619,57.73749002039417,53.71849452174314,,,4600
1759500960,1.34624,1.34666,1.34583,1.34626,58.26865239200339,54.102696370944976,,,3594
1759501860,1.34623,1.34649,1.34572,1.34608,56.30886945852437,54.62253168003535,,,3181
1759502760,1.34607,1.34733,1.34588,1.34717,64.16812200096945,55.5661288924752,,,2948
1759503660,1.34715,1.34716,1.34655,1.34692,61.438354065008966,56.37607741612089,,,2257
1759504560,1.34694,1.34788,1.34686,1.34777,66.63539344308279,57.36595681904606,,,2102
1759505460,1.34779,1.34802,1.34725,1.348,67.89620564520155,58.931764684126584,,,1781
1759506360,1.34802,1.34851,1.34786,1.34808,68.344293568787,60.361484682373614,,,1895
1759507260,1.3481,1.34847,1.34766,1.34792,66.34967278944966,61.91226539753838,,,1458
1759508160,1.34793,1.34804,1.34732,1.34759,62.31045174235458,62.22101430080132,,,1268
1759509060,1.34758,1.34786,1.34755,1.34773,63.33036720354871,62.81660376341805,,,890
1759509960,1.34772,1.34796,1.34749,1.34755,61.04314023546318,62.79776059838075,,,1148
1759510860,1.34754,1.34799,1.34754,1.34789,63.70928585886906,62.95050397088268,,,1400
1759511760,1.3479,1.34805,1.34769,1.34796,64.25173459861094,62.985145215876265,,,1086
1759512660,1.34793,1.34825,1.34789,1.34791,63.52137003402836,63.39827950256442,,,851
1759513560,1.34792,1.34802,1.34669,1.34693,51.229551366948435,62.895486572203346,,,1815
1759514460,1.34694,1.34721,1.3463,1.34698,51.742635401604666,62.56932699670908,,,1977
1759515360,1.34697,1.34719,1.34684,1.34718,53.83477832855248,61.831231020107865,,,1370
1759516260,1.34717,1.34778,1.34707,1.34769,58.746294491075204,61.63894105054117,,,942
1759517160,1.3477,1.34813,1.34747,1.34812,62.380401958101196,61.3350130873282,,,1414
1759518060,1.34813,1.34821,1.34769,1.34815,62.627757385551234,60.958695354496044,,,1295
1759518960,1.34814,1.34839,1.348,1.34821,63.1496291911881,60.58764789895326,,,1101
1759519860,1.34819,1.34842,1.34811,1.34842,64.9922323871809,60.49068787021978,,,650
1759520760,1.34841,1.34847,1.34796,1.34847,65.43538878848999,60.71389765922945,,,1070
1759521660,1.34848,1.34863,1.34818,1.3482,60.94860807332621,60.54377200707069,,,649
1759522560,1.34819,1.34828,1.34801,1.34814,59.96462093984724,60.4667349145267,,,546
1759523460,1.3481,1.3481,1.34773,1.34777,54.15800088210189,59.784500273329044,,,428
1759524360,1.34777,1.34801,1.34772,1.34781,54.66905400931373,59.100023088379245,,,642
1759698060,1.3431,1.34439,1.3431,1.34416,26.088546334932687,56.426249967015266,,,410
1759698960,1.34413,1.34492,1.34336,1.34416,26.088546334932687,54.630463893299854,,,743
1759699860,1.34417,1.34437,1.34302,1.34362,23.941007324750217,52.64463331638168,,,577
1759700760,1.34362,1.34409,1.34302,1.34398,28.18523200955117,50.81252286502445,,,790
1759701660,1.34397,1.34409,1.3423,1.34315,24.75536412787588,48.384599267653066,,,1645
1759702560,1.34316,1.34353,1.3427,1.3435,28.695810835331656,45.9785570445981,,,1733
1759703460,1.3434,1.34371,1.3432,1.3436,29.826542175358696,43.635613101012915,,,1636
1759704360,1.34359,1.34371,1.34339,1.34346,29.130078049723565,41.20564516233687,,,1439
1759705260,1.34345,1.34358,1.34294,1.34342,28.922278317715723,38.629219871660794,,,2110
1759706160,1.34343,1.34387,1.34315,1.34328,28.164982517071593,35.967047995130905,,,2433
1759707060,1.34327,1.34338,1.34262,1.34297,26.5097571323399,33.50713007077474,,,2392
1759707960,1.34296,1.3434,1.3429,1.34328,30.884076151298316,31.429948300164106,,,2283
1759708860,1.34327,1.3439,1.34276,1.34327,30.8203465388585,29.762972989932432,,,2683
1759709760,1.34328,1.34361,1.34287,1.34352,34.46141158922548,28.319569959926127,,,2079
1759710660,1.3435,1.3437,1.34328,1.34348,34.151693221019514,28.895509023218047,,,1828
1759711560,1.34349,1.34426,1.34344,1.3439,40.226298110488095,29.90534843575772,,,2064
1759712460,1.34391,1.34427,1.34365,1.34419,44.063396261194804,31.342661931218043,,,1321
1759713360,1.3442,1.34427,1.34355,1.34399,42.05818575688645,32.33358719888485,,,1770
1759714260,1.34397,1.3447,1.34397,1.34457,49.26832839882625,34.08451321823845,,,1822
1759715160,1.34456,1.34532,1.34449,1.34529,56.504163212136746,36.07082410229596,,,1712
1759716060,1.34531,1.34561,1.34515,1.34539,57.41269845993662,38.04126383690866,,,1417
1759716960,1.3454,1.3456,1.34534,1.34557,59.0699687885336,40.179827461109376,,,1069
1759717860,1.34558,1.34567,1.34527,1.34533,55.943962302786254,42.10994774575727,,,984
1759718760,1.34532,1.34576,1.3453,1.34556,58.22553996419658,44.25713042055191,,,1020
1759719660,1.34554,1.34577,1.34547,1.34559,58.52723689638487,46.54409326084084,,,1070
1759720560,1.34562,1.34579,1.34548,1.3457,59.67715607591955,48.60074182688521,,,914
1759721460,1.34571,1.34582,1.34556,1.34567,59.19509361742073,50.62750947535395,,,990
1759722360,1.34566,1.34581,1.34508,1.34509,50.67271559453944,51.7854597614478,,,1429
1759723260,1.34508,1.34549,1.34484,1.34494,48.71917276687919,52.8259940147235,,,1358
1759724160,1.34489,1.34516,1.34455,1.34509,50.763365321864796,53.57864167267898,,,1461
1759725060,1.34506,1.3451,1.34461,1.34494,48.673842606873194,53.907959268798855,,,1386
1759725960,1.34495,1.34501,1.34465,1.34478,46.47627902949005,54.223537359699115,,,1478
1759726860,1.34479,1.34527,1.34406,1.34412,38.71201599503908,53.469515045142884,,,1290
1759727760,1.34413,1.34463,1.344,1.34434,42.1794976990906,52.44632465135388,,,1091
1759728660,1.34433,1.34439,1.34407,1.34422,40.82279458303616,51.261331517289555,,,1160
1759729560,1.34424,1.34486,1.34414,1.34473,48.41671480000268,50.50038480382307,,,1406
1759730460,1.34473,1.34479,1.34307,1.34347,36.093465953607705,49.08249220745317,,,2613
1759731360,1.34349,1.34434,1.34335,1.34414,44.22313623771342,48.08232051270437,,,2337
1759732260,1.34412,1.34448,1.34381,1.34397,42.73755586996346,46.954486153674274,,,2437
1759733160,1.34396,1.3443,1.34325,1.34381,41.330306749572856,45.64399691607809,,,3049
1759734060,1.34379,1.34574,1.34375,1.34521,55.22355145567729,45.360315333096416,,,2846
1759734960,1.34522,1.3458,1.34473,1.34563,58.405762461056334,45.91267582356191,,,2296
1759735860,1.34564,1.34644,1.34371,1.34426,46.73761657425929,45.77113609551764,,,3626
1759736760,1.34425,1.34469,1.34362,1.34409,45.52231644618698,45.39677546154065,,,4302
1759737660,1.34409,1.3442,1.34235,1.3425,36.07417689698868,44.49679933940604,,,4158
1759738560,1.34247,1.34306,1.34183,1.34303,40.50672304115561,44.07040248309644,,,2938
1759739460,1.34304,1.34372,1.34285,1.34368,45.497998711914164,44.555115534301805,,,2916
1759740360,1.34369,1.34397,1.34334,1.34343,43.97003917410541,44.68301135394572,,,2168
1759741260,1.34339,1.34347,1.34249,1.34307,41.793457176414584,44.75234439632989,,,2560
1759742160,1.34306,1.34316,1.34245,1.34303,41.5473616018383,44.26167631074672,,,2361
1759743060,1.34311,1.34373,1.34244,1.3426,38.89585920847782,44.461847257523154,,,2184
1759743960,1.34259,1.3439,1.34242,1.34348,46.43053823678647,44.61951882888552,,,2344
1759744860,1.34346,1.34346,1.34246,1.34281,42.167236524129805,44.578781732754535,,,2274
1759745760,1.34282,1.34332,1.34251,1.34331,46.141669031110474,44.922450467150085,,,1882
1759746660,1.34332,1.34376,1.34319,1.34331,46.141669031110474,44.27374457968103,,,1779
1759747560,1.34328,1.34359,1.34209,1.34211,38.73267447726806,42.86852400941044,,,2698
1759748460,1.3421,1.34249,1.34167,1.34229,40.281667949328366,42.407384821915365,,,1726
1759749360,1.34228,1.34309,1.34227,1.34277,44.32408783383941,42.32179706389054,,,1580
1759750260,1.34275,1.34319,1.34254,1.34288,45.23892095682082,42.97642163959284,,,1642
1759751160,1.34287,1.34301,1.34222,1.34297,46.02043791127607,43.37025841603002,,,2211
1759752060,1.34292,1.34362,1.34251,1.34358,51.112951897894106,43.771326500742866,,,3216
1759752960,1.34357,1.34375,1.34297,1.34339,49.54507551805545,44.16954338245358,,,2503
1759753860,1.34341,1.34374,1.34317,1.34356,50.99356053835014,44.82669362259184,,,2310
1759754760,1.34357,1.34405,1.34354,1.34379,52.96113370817807,45.64196305875897,,,2103
1759755660,1.3438,1.34451,1.34375,1.34407,55.31331483196098,46.81463846043634,,,2134
1759756560,1.34413,1.3443,1.34386,1.34414,55.90693533381161,47.49152396736671,,,2035
1759757460,1.34413,1.34577,1.34383,1.34565,66.3051333613812,49.21565945574181,,,2864
1759758360,1.34563,1.34646,1.34556,1.34596,67.97487055963009,50.775173850636065,,,3014
1759759260,1.34597,1.34698,1.34587,1.34661,71.19777057328406,52.564895389362746,,,3292
1759760160,1.34663,1.34747,1.34652,1.34723,73.89626545748791,55.07658045937846,,,2233
1759761060,1.34722,1.3478,1.34688,1.34769,75.71427980459109,57.60748130618293,,,2337
1759761960,1.34776,1.34841,1.34757,1.34805,77.06076898906458,59.94581567441331,,,3002
1759762860,1.34807,1.34839,1.34767,1.34801,76.55289534338117,62.18252813059619,,,2903
1759763760,1.34798,1.34804,1.3473,1.34731,68.0950348540459,63.75928505507975,,,2368
1759764660,1.34732,1.34741,1.34691,1.34709,65.64044062875791,64.79696282157002,,,1753
1759765560,1.34708,1.3477,1.34687,1.3475,67.95849206033304,66.11220686030414,,,1784
1759766460,1.34751,1.34763,1.34687,1.34692,61.62476190767403,66.87157838668442,,,1585
1759767360,1.34691,1.34717,1.34674,1.34685,60.88720322782028,67.437726209516,,,1411
1759768260,1.34684,1.34704,1.34659,1.34703,62.14195734287432,67.92548638886696,,,1110
1759769160,1.34701,1.34764,1.34701,1.34759,65.81614245053018,68.633286897204,,,994
1759770060,1.34758,1.34819,1.34754,1.34796,68.0242584365775,68.75608154543231,,,1206
1759770960,1.34797,1.34818,1.34786,1.348,68.26293540790125,68.77665760602311,,,1092
1759771860,1.34802,1.34824,1.34788,1.34796,67.71858015241935,68.52814400453276,,,940
1759772760,1.34795,1.34842,1.34769,1.3484,70.50486326587338,68.285900990846,,,1154
1759773660,1.34841,1.34868,1.34806,1.34808,66.04044774903983,67.59491298687807,,,990
1759774560,1.34807,1.3486,1.34807,1.34848,68.70777711052845,66.99827070983977,,,968
1759775460,1.34847,1.34855,1.34823,1.34838,67.28493336621999,66.33627342575683,,,860
1759776360,1.34837,1.34854,1.34797,1.34833,66.54292654875695,66.22540854680761,,,1117
1759777260,1.34835,1.34856,1.3482,1.34844,67.39481762097807,66.35072118910905,,,1099
1759778160,1.34846,1.34852,1.34828,1.34846,67.5565678493135,66.32201231689338,,,938
1759779060,1.34847,1.349,1.34847,1.34893,71.17544192830553,67.00420374693849,,,899
1759779960,1.34895,1.34898,1.34804,1.34805,58.10648853684957,66.805581269012,,,1193
1759780860,1.34806,1.34841,1.34804,1.3483,60.334733984291645,66.6764938862561,,,618
1759781760,1.34829,1.34869,1.34828,1.34847,61.82178371939532,66.3911825483179,,,623
1759782660,1.34845,1.34867,1.34843,1.34854,62.44609902406232,65.9927425902811,,,376
1759783560,1.34853,1.34855,1.34843,1.34844,60.91363768575383,65.46779275298486,,,856
1759784460,1.34836,1.34836,1.34785,1.34831,58.89035564740041,64.83720528834064,,,76
1759785360,1.34834,1.34835,1.34772,1.34788,52.6597473633383,63.56255415244528,,,149
1759786260,1.34789,1.34789,1.34763,1.3477,50.262467121372346,62.435555536183315,,,411
1759787160,1.3477,1.34831,1.34759,1.34831,57.34868461239696,61.624191786316786,,,778
1759788060,1.34816,1.34847,1.34816,1.3484,58.29282881494985,60.981898604083206,,,1057
1759788960,1.34839,1.3487,1.34836,1.34848,59.15827904134388,60.454423782125126,,,906
1759789860,1.34847,1.34848,1.34815,1.34817,54.443775302877775,59.52934933083225,,,636
1759790760,1.34819,1.34828,1.34815,1.34816,54.293464222841436,58.58198478608425,,,486
1759791660,1.34815,1.3482,1.34798,1.34807,52.87848850237236,57.27505954137473,,,444
1759792560,1.34808,1.34833,1.34808,1.34829,55.90378277379314,57.11772341544213,,,446
1759793460,1.34828,1.34873,1.34828,1.34846,58.14021787427989,56.960972264727005,,,690
1759794360,1.34847,1.34867,1.34818,1.34825,54.465440437262394,56.43551917314608,,,1174
1759795260,1.34826,1.34828,1.34787,1.34808,51.62101076603039,55.66229858328666,,,1562
1759796160,1.34809,1.34843,1.34807,1.34827,54.48218899347204,55.20290939098082,,,1262
1759797060,1.34828,1.34832,1.34777,1.34782,47.34101975027767,54.37795682690062,,,960
1759797960,1.34781,1.34825,1.3478,1.34811,51.73184027942097,54.31167774947796,,,1432
1759798860,1.34809,1.34809,1.34729,1.34776,46.673601938315535,54.055330236402476,,,1086
1759799760,1.34775,1.34811,1.34775,1.34781,47.46389088865766,53.34927354184966,,,1106
1759800660,1.3478,1.34781,1.34726,1.34755,43.82666625937228,52.31597621645127,,,1059
1759801560,1.34756,1.34756,1.34734,1.34748,42.87406570297744,51.15281812085367,,,1168
1759802460,1.34749,1.34778,1.34729,1.3476,45.07794137549578,50.483829983183526,,,751
1759803360,1.34759,1.34798,1.34755,1.34798,51.46363472492104,50.281699304760636,,,616
1759804260,1.34796,1.34798,1.34746,1.34758,45.47052415319594,49.75255899410518,,,713
1759805160,1.3476,1.34787,1.34754,1.34762,46.14591499812226,49.055568438700114,,,1030
1759806060,1.34761,1.34799,1.34746,1.34797,51.77443144067192,48.60086940772812,,,773
1759806960,1.34796,1.34809,1.34767,1.34768,47.35789037955543,48.093187260749055,,,718
1759807860,1.34767,1.34782,1.34745,1.34778,48.9742681243047,47.9041342149115,,,632
1759808760,1.34777,1.34781,1.3475,1.34754,45.37340299961902,47.253506643922,,,843
1759809660,1.34755,1.34791,1.34736,1.3478,49.68907098956361,47.421224589585286,,,976
1759810560,1.34781,1.34806,1.34776,1.34795,52.043026455051354,47.443452173558875,,,871
1759811460,1.34794,1.34799,1.34726,1.34727,42.36575011647205,47.13574847199863,,,971
1759812360,1.34726,1.34728,1.34676,1.34696,38.82167937885593,46.51844764986994,,,1177
1759813260,1.34695,1.34711,1.34622,1.34636,33.05756509404368,45.74922613806076,,,1178
1759814160,1.34633,1.34641,1.34577,1.34578,28.63197666948747,44.73193406424004,,,1128
1759815060,1.34579,1.34592,1.34546,1.34567,27.86992343408174,43.50278992556762,,,1145
1759815960,1.34567,1.34609,1.34565,1.34569,28.24387465328269,41.84423563473631,,,1436
1759816860,1.3457,1.3457,1.34447,1.34478,22.522386034695472,40.205082911986274,,,2515
1759817760,1.34475,1.34517,1.34446,1.34515,28.834826438347733,38.9685765862881,,,2025
1759818660,1.34513,1.34563,1.34484,1.34558,35.420045174620995,37.80040613871303,,,1972
1759819560,1.3456,1.34562,1.345,1.3452,32.55324875396799,36.74293173688535,,,2081
1759820460,1.34519,1.34519,1.34295,1.34348,23.343568943278868,34.91216750966923,,,2819
1759821360,1.34349,1.34417,1.34321,1.34384,27.938830520652417,33.66684090402875,,,2718
1759822260,1.34389,1.34422,1.34353,1.3437,27.254585813054533,32.06437767713525,,,2369
1759823160,1.34372,1.34392,1.34331,1.34383,28.99359059372763,30.417989401326416,,,2391
1759824060,1.34384,1.34453,1.34354,1.34452,37.52968608977633,30.072556256562432,,,2304
1759824960,1.34451,1.34451,1.34345,1.34375,32.79209861328361,29.641871916164412,,,1951
1759825860,1.34376,1.34388,1.34327,1.34361,32.00111157288336,29.566410950367242,,,2077
1759826760,1.34361,1.34409,1.34346,1.34379,34.1987853198233,29.964040139676943,,,1965
1759827660,1.34377,1.34408,1.34347,1.34382,34.578289648352325,30.443209154981986,,,1907
1759828560,1.34383,1.34384,1.3433,1.34349,32.3669189445327,30.7377123186427,,,1688
1759829460,1.3435,1.34372,1.34327,1.3437,35.206658180720225,31.643731757644467,,,1734
1759830360,1.34369,1.34442,1.34357,1.34433,42.946114508362115,32.65168090550264,,,1809
1759831260,1.34434,1.34441,1.34398,1.34401,40.312148697142476,33.00111687139703,,,1792
1759832160,1.34401,1.34423,1.34399,1.34421,42.678443925309004,33.724345097921386,,,1631
1759833060,1.34423,1.34433,1.34396,1.344,40.8473087174695,34.974612224649285,,,1596
1759833960,1.34399,1.34411,1.34243,1.34257,31.07110982182249,35.19834646044715,,,2622
1759834860,1.34258,1.34284,1.3417,1.34183,27.414584282231132,35.209774922531196,,,2067
1759835760,1.34182,1.34199,1.34045,1.34063,22.740950599095584,34.763157780057476,,,1661
1759836660,1.34064,1.34064,1.34022,1.34049,22.26407066392406,33.67275667821089,,,1617
1759837560,1.34048,1.34056,1.33921,1.34024,21.401029029010957,32.85910885076284,,,2279
1759838460,1.34025,1.34064,1.3394,1.3394,18.768459957934482,31.913919449695054,,,2235
1759839360,1.3394,1.34053,1.33938,1.34041,29.929554088130416,31.608974361716996,,,2317
1759840260,1.3404,1.34099,1.33999,1.34093,34.889742252375385,31.631220976290074,,,2379
1759841160,1.34094,1.34155,1.34042,1.34142,39.25351235386185,32.123120505527865,,,2085
1759842060,1.34147,1.34197,1.34098,1.34139,39.08081490707715,32.39984598598193,,,2434
1759842960,1.3414,1.34253,1.34133,1.34234,47.028437113108716,32.69144045774955,,,2266
1759843860,1.3424,1.3428,1.34207,1.3422,46.074471747243834,33.10303496132822,,,2596
1759844760,1.34219,1.34244,1.34143,1.34154,41.77253988676849,33.03832753000389,,,2502
1759845660,1.34155,1.34225,1.34151,1.34219,47.01912138291611,33.47917129182151,,,3236
1759846560,1.3422,1.34266,1.34214,1.34256,49.79238539357281,34.81640526123225,,,2542
1759847460,1.34258,1.34278,1.34209,1.34234,48.17757104338398,36.29947574417174,,,2297
1759848360,1.34232,1.34335,1.34217,1.34322,54.52986498576339,38.57011248607658,,,2881
1759849260,1.34321,1.34411,1.34314,1.34396,59.07300772352441,41.19932227604803,,,2772
1759850160,1.34393,1.34469,1.34383,1.34431,61.05500389303879,44.03174905205002,,,2240
1759851060,1.34432,1.34473,1.34368,1.34465,62.9329229869989,47.18635355412605,,,2191
1759851960,1.34469,1.34544,1.344,1.34426,59.39502231206555,49.2910298558357,,,2644
1759852860,1.34425,1.34503,1.34414,1.34478,62.427911153428724,51.25804192019665,,,2342
1759853760,1.34482,1.34483,1.34423,1.34441,59.048293044621744,52.6719548266795,,,1970
1759854660,1.3444,1.34461,1.3439,1.34412,56.46798206609857,53.913895338038174,,,1880
1759855560,1.34414,1.34447,1.34396,1.34428,57.569643265489006,54.66683863463677,,,1523
1759856460,1.34427,1.3452,1.34421,1.34486,61.38462294062727,55.760420862735586,,,1655
1759857360,1.34487,1.3449,1.34428,1.34447,57.63227902624542,56.89325937269822,,,1296
1759858260,1.34448,1.3448,1.34428,1.34471,59.28181858292987,57.76916631555634,,,1704
1759859160,1.3447,1.34481,1.34396,1.34397,52.49521459271934,57.96222554406681,,,1494
1759860060,1.34398,1.34406,1.3435,1.34383,51.298699059698265,58.18516325951783,,,1467
1759860960,1.34382,1.34393,1.34348,1.34383,51.298699059698265,57.95436569337032,,,1419
1759861860,1.34376,1.34384,1.34299,1.34331,46.71227392082208,57.07145613603444,,,1702
1759862760,1.34328,1.34344,1.3429,1.34309,44.883909925665364,55.91637799550777,,,1354
1759863660,1.34307,1.34311,1.34228,1.34239,39.57599949325573,54.248026317383264,,,1540
1759864560,1.34238,1.34244,1.34209,1.3422,38.25365066266316,52.737928342425946,,,1017
1759865460,1.34219,1.34241,1.34158,1.34179,35.497359269730794,50.81431749359039,,,1319
1759866360,1.3418,1.34215,1.34172,1.34207,38.74347114163171,49.36397307194824,,,1068
1759867260,1.34206,1.34237,1.34187,1.34218,40.02052146353916,48.18915445747971,,,810
1759868160,1.34219,1.34242,1.34189,1.34241,42.7099183795022,47.12774553705208,,,586
1759869060,1.34242,1.34256,1.34218,1.34253,44.11779262026289,45.89440051416891,,,457
1759869960,1.34254,1.34258,1.3422,1.34227,41.725247542092184,44.75818397958653,,,742
1759870860,1.34256,1.34256,1.34242,1.34244,43.86868980909177,43.65724621002666,,,38
1759871760,1.34244,1.34257,1.34192,1.34209,40.560865933729396,42.80479273438453,,,252
1759872660,1.34211,1.34279,1.34211,1.34278,48.76316724563631,42.62368331909438,,,696
1759873560,1.34248,1.34283,1.34239,1.34264,47.33586103714813,42.3406234603408,,,778
1759874460,1.34264,1.34288,1.34264,1.34281,49.27734064448525,42.523842512031024,,,479
1759875360,1.34279,1.34281,1.34258,1.34264,47.3956800602194,42.70325466449918,,,921
1759876260,1.34266,1.34277,1.34261,1.34273,48.51651139699829,43.34186265762364,,,655
1759877160,1.34274,1.34276,1.34247,1.34251,45.939760501228434,43.89087050323544,,,554
1759878060,1.34252,1.34258,1.34228,1.34238,44.4378593324605,44.52947765057328,,,1041
1759878960,1.34242,1.34246,1.34218,1.34233,43.84414764878119,44.893811686798244,,,792
1759879860,1.34234,1.34255,1.34226,1.34239,44.79727064042987,45.235008056576156,,,657
1759880760,1.34238,1.34265,1.34193,1.34207,40.818120408105884,45.09987963004785,,,1153
1759881660,1.34207,1.34214,1.34127,1.34138,33.83847499431296,44.365642656765715,,,1799
1759882560,1.34139,1.34153,1.34118,1.34129,33.04476628828962,43.74560828149409,,,1241
1759883460,1.3413,1.34163,1.34129,1.34161,38.56267850669245,43.366607474179865,,,1211
1759884360,1.34162,1.34199,1.34081,1.34106,33.4588236098118,42.85931873675718,,,1503
1759885260,1.34107,1.3415,1.34069,1.34132,37.65929633440588,42.06618510024072,,,3025
1759886160,1.34127,1.34144,1.34024,1.34066,32.11691081714774,40.979117227383554,,,2363
1759887060,1.34065,1.34066,1.33999,1.33999,27.665668390437602,39.435426352094446,,,1894
1759887960,1.34,1.34011,1.33944,1.33949,24.892961656438345,37.82808932325294,,,1606
1759888860,1.33948,1.33975,1.33917,1.33939,24.366969854671638,36.10312207022961,,,1502
1759889760,1.33942,1.34026,1.3393,1.3402,36.13800345137643,35.402996566668754,,,1708
1759890660,1.34019,1.34019,1.33984,1.34001,34.77098808427918,34.712505763227234,,,1184
1759891560,1.34,1.34028,1.33956,1.33959,31.89849004992874,33.85924450616634,,,1363
1759892460,1.33958,1.33971,1.3391,1.3391,28.898940116131897,32.72364946871648,,,1104
1759893360,1.3391,1.33945,1.33905,1.33935,32.39205078218605,32.121787352579354,,,1083
1759894260,1.33928,1.33949,1.33919,1.33949,34.337528259796656,32.15743401439962,,,1031
1759895160,1.3395,1.34003,1.33947,1.33998,40.762589055944225,32.7087070692321,,,1165
1759896060,1.33999,1.34007,1.3393,1.33935,35.898855550971035,32.51843400096628,,,1085
1759896960,1.33936,1.33946,1.33916,1.33926,35.251749692911105,32.64650014975909,,,935
1759897860,1.33925,1.33934,1.33902,1.33912,34.218452377817414,32.40072558143134,,,1132
1759898760,1.33911,1.33941,1.33909,1.3392,35.38400344038888,32.634089340234276,,,911
1759899660,1.33921,1.33925,1.33876,1.33883,32.51453662010354,32.9804370709247,,,1175
1759900560,1.33885,1.33906,1.33878,1.33881,32.361766152102476,33.51392310632928,,,1031
1759901460,1.33882,1.33915,1.33849,1.33885,33.03940118107376,34.13338248678658,,,1353
1759902360,1.33884,1.33943,1.33871,1.33935,40.99684401514791,34.48044252705597,,,1311
1759903260,1.33926,1.33938,1.33842,1.33854,33.956729123885395,34.42228117274213,,,2251
1759904160,1.33856,1.33967,1.33842,1.33906,40.96544743154431,35.06992098571467,,,2357
1759905060,1.33907,1.33965,1.33854,1.33899,40.34475493861038,35.887479187320274,,,2353
1759905960,1.33902,1.33979,1.33899,1.33965,48.298830877496286,37.02367776555672,,,2519
1759906860,1.33964,1.34035,1.33943,1.33985,50.45466152700633,38.17490157035741,,,2866
1759907760,1.33984,1.34072,1.33957,1.34068,58.23743247400909,39.42310467164776,,,2459
1759908660,1.3407,1.34152,1.34054,1.34112,61.674430871134895,41.264217194516604,,,2473
1759909560,1.34113,1.34178,1.34113,1.34175,65.9902932019293,43.45982744516076,,,2677
1759910460,1.34174,1.34259,1.34174,1.34203,67.72963530173519,45.85348336829775,,,2252
1759911360,1.34205,1.34261,1.34152,1.34188,65.78852514235601,48.02523491843825,,,2258
1759912260,1.34191,1.34228,1.34152,1.34156,61.72435914789098,50.111650813280214,,,1830
1759913160,1.34166,1.34178,1.34055,1.34077,53.01679722045987,51.58701017530574,,,2337
1759914060,1.34078,1.34131,1.34048,1.34118,56.450513954793735,53.25923251628574,,,2304
1759914960,1.34119,1.34137,1.34087,1.34122,56.78236535772322,54.38676975504112,,,1621
1759915860,1.34121,1.34127,1.34039,1.34064,50.744265634122364,55.58587950577233,,,2244
1759916760,1.34064,1.34083,1.34003,1.34035,47.996072860471145,56.08806703640996,,,2347
1759917660,1.34034,1.3413,1.34026,1.34116,55.280982642787535,57.154940443851196,,,1928
1759918560,1.34117,1.34225,1.34104,1.34212,62.06383494505309,58.13815502010525,,,1737
1759919460,1.34211,1.34266,1.34203,1.34257,64.76193542737067,59.160103155845555,,,1504
1759920360,1.34258,1.34275,1.34084,1.34127,53.028403320591494,58.78802964488716,,,2255
1759921260,1.3413,1.34163,1.34072,1.34115,52.0902199832022,58.10344315289196,,,2173
1759922160,1.34117,1.34129,1.34026,1.34042,46.67976125809298,56.72411944261795,,,1515
1759923060,1.34042,1.34065,1.3401,1.34051,47.40507526991717,55.27236515463094,,,1175
1759923960,1.34052,1.34104,1.34041,1.34084,50.08616315929568,54.15076787012663,,,1566
1759924860,1.34086,1.34174,1.34074,1.34158,55.55721626093597,53.71025766391556,,,2225
1759925760,1.34157,1.34168,1.3411,1.34138,53.83956697747832,53.76902693227402,,,2200
1759926660,1.34143,1.34167,1.3409,1.34139,53.9162847858113,53.588010563061,,,1910
1759927560,1.34134,1.34218,1.34121,1.34183,57.2805435418737,53.623594719071754,,,1998
1759928460,1.34184,1.34278,1.34171,1.34269,62.9706279932614,54.49690631615311,,,1891
1759929360,1.34273,1.34308,1.34205,1.34215,57.767587381195774,55.19487163906201,,,2405
1759930260,1.3422,1.34298,1.34197,1.3423,58.78628007045816,55.44525002675277,,,2575
1759931160,1.34231,1.34284,1.34204,1.34238,59.34945981907756,55.25136608918308,,,2954
1759932060,1.34239,1.34357,1.34225,1.34317,64.50728090914455,55.23317648073836,,,2782
1759932960,1.34318,1.34368,1.34315,1.34356,66.75018829913233,56.21330397920557,,,2297
1759933860,1.34355,1.34385,1.34339,1.34351,66.17283468354137,57.21920502922979,,,2061
1759934760,1.3435,1.34378,1.34192,1.34205,52.02297549813878,57.60086318923307,,,2833
1759935660,1.34204,1.34232,1.34091,1.34095,44.331505177341285,57.381322468334794,,,2250
1759936560,1.34099,1.34124,1.34048,1.34087,43.82403730780342,56.93402776465677,,,1675
1759937460,1.34088,1.341,1.34015,1.34025,40.00224707035036,55.82295853675779,,,1973
1759938360,1.34024,1.34036,1.33871,1.33884,32.962103880842946,54.33171117271241,,,2797
1759939260,1.33888,1.33909,1.33802,1.33803,29.725585272571493,52.60380406462385,,,2108
1759940160,1.33804,1.33814,1.33771,1.33778,28.786108984785145,50.568487310546104,,,1456
1759941060,1.3378,1.33836,1.3372,1.33814,32.113369728898874,48.3643974345202,,,1778
1759941960,1.33815,1.33883,1.33811,1.33869,36.959412516589836,46.878099229905494,,,1481
1759942860,1.33865,1.33875,1.33803,1.33823,34.72663466123538,45.159553129246724,,,1566
1759943760,1.33824,1.33848,1.33821,1.33822,34.67758949512708,43.39727667753597,,,1154
1759944660,1.33821,1.33848,1.33803,1.33832,35.65623335506069,41.33648756652998,,,1184
1759945560,1.33833,1.33849,1.33738,1.33747,31.356046023447988,38.808334546838246,,,1254
1759946460,1.33748,1.33802,1.3371,1.33748,31.460772592142135,36.32890154030974,,,2239
1759947360,1.33747,1.33847,1.33744,1.33836,40.11868638650694,35.47859517519317,,,2836
1759948260,1.33837,1.33895,1.33816,1.3386,42.26087403531386,35.33069295076264,,,1814
1759949160,1.33857,1.3394,1.33853,1.3394,48.83184272368221,35.68839333761112,,,1766
1759950060,1.33938,1.33958,1.33915,1.33921,47.45066429635893,36.22042313946887,,,1722
1759950960,1.33922,1.33958,1.33915,1.33957,50.31800489661469,37.46013035488114,,,1256
1759951860,1.33958,1.33968,1.33935,1.3395,49.74956886622832,38.890414897285204,,,1034
1759952760,1.33951,1.34006,1.33951,1.34005,54.133862993038,40.70096875501754,,,1068
1759953660,1.34006,1.34034,1.34005,1.34024,55.57582833789429,42.376858655660065,,,574
1759954560,1.34025,1.34038,1.33976,1.33977,51.28097924178963,43.399827707460055,,,676
1759955460,1.33976,1.3403,1.33968,1.3403,55.46088282522467,44.880845433459285,,,521
1759956360,1.34031,1.34057,1.34026,1.34029,55.36436515021117,46.3584722659653,,,1055
1759957260,1.34011,1.34045,1.33941,1.34043,56.50557724006032,47.84771111489385,,,342
1759958160,1.34041,1.34046,1.34001,1.34002,52.289220760355356,49.34293788181581,,,967
1759959060,1.34002,1.34008,1.33994,1.34003,52.38254897899927,50.83735048087703,,,621
1759959960,1.34004,1.34022,1.33998,1.34008,52.878874728968036,51.748792505338535,,,1119
1759960860,1.34008,1.34049,1.34008,1.34033,55.38299817562578,52.68608708678938,,,728
1759961760,1.34038,1.3404,1.3402,1.34032,55.25650468827615,53.1449915128318,,,890
1759962660,1.34031,1.34038,1.34017,1.34028,54.718150878761335,53.664097697289115,,,893
1759963560,1.34029,1.34081,1.34024,1.34056,57.81636284518536,54.1996946936156,,,987
1759964460,1.34054,1.34054,1.34026,1.34045,56.18982566320972,54.65971303625712,,,667
1759965360,1.34046,1.3405,1.33997,1.34029,53.81815692097547,54.63716260253837,,,779
1759966260,1.34028,1.34036,1.34003,1.34005,50.38292794783746,54.26624114610575,,,556
1759967160,1.34006,1.3402,1.33993,1.34001,49.812243022768165,54.161331416175635,,,1104
1759968060,1.34002,1.3406,1.33995,1.34037,54.777016124097436,54.11248379466655,,,1240
1759968960,1.34038,1.34093,1.34033,1.34084,60.29886573393423,54.464948122075334,,,1209
1759969860,1.34085,1.34132,1.34084,1.34122,64.11408741062799,55.00841313425874,,,843
1759970760,1.34121,1.3414,1.34094,1.34139,65.70203171084873,55.96647105929397,,,1588
1759971660,1.34138,1.34192,1.34112,1.34167,68.19810888832286,57.096153909959945,,,2517
1759972560,1.34166,1.34184,1.34144,1.34155,65.98184254088038,58.0320801822394,,,1802
1759973460,1.34158,1.34158,1.34096,1.34096,56.295139830655266,58.097233157598644,,,1394
1759974360,1.34097,1.34107,1.34078,1.341,56.75863328722794,58.20452805752378,,,1378
1759975260,1.34101,1.34111,1.34063,1.34102,57.00415789127012,58.36781427270297,,,1154
1759976160,1.34103,1.34124,1.34085,1.34123,59.59816229725245,58.49508566213634,,,946
1759977060,1.34122,1.34181,1.34117,1.3418,65.65502464145584,59.171171303439614,,,1038
1759977960,1.34178,1.34193,1.34156,1.34175,64.738198421182,59.95117426774008,,,963
1759978860,1.34176,1.34183,1.34085,1.34085,50.94717858594857,59.991477884748015,,,1019
1759979760,1.34086,1.34135,1.34085,1.34123,55.279022793750514,60.381962154103896,,,829
1759980660,1.34121,1.34161,1.3412,1.3416,59.06921889377848,60.68854806622397,,,604
1759981560,1.34161,1.3417,1.34141,1.34151,57.786295517481676,60.509078765048784,,,557
1759982460,1.3415,1.34158,1.34133,1.34144,56.753831579347036,59.98334620567157,,,586
1759983360,1.34145,1.34158,1.34106,1.34106,51.38637814022121,58.96079952205532,,,709
1759984260,1.34108,1.34112,1.34085,1.34105,51.249018312881155,57.75015019523806,,,586
1759985160,1.34106,1.34138,1.34103,1.34126,54.028141316037306,56.896314393463555,,,863
1759986060,1.34128,1.3417,1.34124,1.34157,57.84818045297322,57.007245866486265,,,679
1759986960,1.34158,1.3416,1.3411,1.34121,52.40248759069502,56.696092602448196,,,688
1759987860,1.34124,1.34139,1.34083,1.34109,50.68953563764615,56.24504815576078,,,956
1759988760,1.34108,1.34108,1.34036,1.3405,43.2106113382316,55.074508801544994,,,1130
1759989660,1.34051,1.34071,1.33892,1.33934,32.92487079676921,52.736640669781664,,,2211
1759990560,1.33933,1.33947,1.33692,1.3373,22.69399242828625,49.73348309886054,,,2768
1759991460,1.33731,1.33768,1.33666,1.33668,20.59900557176961,47.56575645499062,,,3011
1759992360,1.33667,1.33698,1.33578,1.33685,22.70597500680215,45.2391101844943,,,3240
1759993260,1.33681,1.33727,1.33609,1.33645,21.275414975805703,42.53955276178197,,,3219
1759994160,1.33646,1.33661,1.33551,1.33579,19.133381338944787,39.7786303204579,,,2381
1759995060,1.33583,1.3363,1.33499,1.33547,18.177773590225996,37.02319760694926,,,2345
1759995960,1.33547,1.33573,1.33511,1.33537,17.87728757354371,34.62969113790086,,,2332
1759996860,1.33535,1.33544,1.33472,1.33528,17.595378289945785,32.22585970769119,,,2100
1759997760,1.33529,1.33586,1.33491,1.33492,16.476175375518523,29.543576426225567,,,1972
1759998660,1.33493,1.33641,1.33426,1.33612,32.00243993502113,27.697452103514703,,,2744
1759999560,1.33619,1.33639,1.33546,1.3361,31.896019133537223,26.23270435657486,,,2299
1760000460,1.33609,1.33737,1.33588,1.33687,40.14815533307663,25.479748620534185,,,3345
1760001360,1.3369,1.33782,1.33647,1.33779,48.22104401530292,25.837636668896426,,,2454
1760002260,1.3378,1.33872,1.33743,1.33815,51.005850391581994,27.129135211383048,,,2427
1760003160,1.33817,1.3389,1.33784,1.33872,55.12148865297975,29.4453849417183,,,2197
1760004060,1.33871,1.33901,1.33839,1.33843,52.69611104746882,31.738035332839676,,,1850
1760004960,1.33847,1.33859,1.33795,1.33833,51.84891334449322,33.8196737855319,,,1722
1760005860,1.33832,1.33833,1.33763,1.33794,48.569337535495,35.76923968265256,,,1698
1760006760,1.33796,1.33823,1.33625,1.33627,37.601524939813515,37.08839279700033,,,2796
1760007660,1.33628,1.33722,1.33586,1.33659,40.37976467035824,38.67424930272406,,,1842
1760008560,1.3366,1.33741,1.3366,1.3374,46.8327365547327,40.742495658523275,,,1252
1760009460,1.33741,1.33795,1.33727,1.3379,50.40139679198745,43.08578269438339,,,1219
1760010360,1.33789,1.33818,1.33723,1.33746,47.3870845334961,45.293704777096075,,,1634
1760011260,1.33745,1.33782,1.33693,1.33717,45.4574257946655,46.2547751956421,,,2120
1760012160,1.33718,1.33792,1.33686,1.33745,47.67302336534154,47.381704069342405,,,1903
1760013060,1.33744,1.33882,1.33744,1.33828,53.67966454859115,48.348240441879156,,,2409
1760013960,1.33827,1.33859,1.338,1.33847,54.95439586305542,48.829194145290046,,,2509
1760014860,1.33844,1.33948,1.33799,1.33846,54.868809695423664,49.105119809850166,,,4154
1760015760,1.33849,1.3385,1.33687,1.33727,45.739740773681746,48.434994961328876,,,3167
1760016660,1.33726,1.33739,1.3356,1.33589,37.87071061473892,47.37603778756245,,,3471
1760017560,1.33591,1.33705,1.3356,1.33609,39.495331344470024,46.493639073275084,,,3432
1760018460,1.33611,1.33614,1.33487,1.33531,35.58696029011692,45.56632641289094,,,3680
1760019360,1.3353,1.3355,1.33328,1.33342,28.283414590896953,44.900747102254044,,,3929
1760020260,1.33339,1.33376,1.33297,1.33311,27.2939641482905,43.96604706496349,,,3486
1760021160,1.33313,1.33361,1.33261,1.33342,29.933674251752038,42.75897118617915,,,4091
1760022060,1.33341,1.33341,1.33119,1.3318,24.85512446103988,40.934237448254336,,,3771
1760022960,1.33179,1.33302,1.32964,1.32981,20.29915853703332,38.999385591364124,,,3665
1760023860,1.32982,1.33017,1.32912,1.32989,20.926662092482246,37.24718818406533,,,3344
1760024760,1.32988,1.33145,1.32968,1.33144,32.08380565328868,36.13367263320441,,,2824
1760025660,1.33143,1.33148,1.32977,1.32984,27.7336660111433,34.2803870233867,,,1998
1760026560,1.32986,1.33,1.32941,1.32993,28.322385045289423,32.378100536403416,,,2272
1760027460,1.32994,1.33003,1.32922,1.32938,26.8811816626001,30.37898424834459,,,2420
1760028360,1.32939,1.33002,1.32911,1.32945,27.387619515165184,29.06811844416484,,,2841
1760029260,1.32944,1.33,1.32885,1.32979,29.9263539285932,28.500664395154434,,,2824
1760030160,1.32979,1.33014,1.32932,1.32995,31.146352428445482,27.904308758295535,,,2286
1760031060,1.32992,1.33034,1.32959,1.32982,30.678990110247014,27.553739459733396,,,1939
1760031960,1.32991,1.33002,1.32921,1.32976,30.451871319215684,27.708629226041875,,,1785
1760032860,1.32975,1.32983,1.32937,1.3295,29.43496190624198,27.861557637324125,,,1802
1760033760,1.32953,1.32982,1.3292,1.32932,28.719913810833887,27.77486046297283,,,1509
1760034660,1.32933,1.32944,1.32878,1.32882,26.774235499824854,27.91193982288604,,,1342
1760035560,1.32883,1.32884,1.32795,1.3283,24.885980333004397,28.239569951169692,,,2011
1760036460,1.32831,1.32858,1.32818,1.32852,27.224457192271075,28.68941245829746,,,1697
1760037360,1.32853,1.32909,1.32834,1.32898,31.991972397004545,28.682852939991452,,,1362
1760038260,1.32895,1.3298,1.32889,1.32937,35.83018376770849,29.261175636888968,,,1514
1760039160,1.32936,1.32983,1.32931,1.32981,39.948017531373516,30.091577957323544,,,1480
1760040060,1.3298,1.33032,1.3298,1.33023,43.66425416611007,31.2903688504314,,,753
1760040960,1.33022,1.33039,1.32986,1.33015,43.11692427814115,32.413890619215394,,,939
1760041860,1.33014,1.33062,1.33013,1.3303,44.52114873726776,33.45637596269215,,,895
1760042760,1.33031,1.33056,1.33017,1.33017,43.518465369580674,34.34009831563038,,,945
1760043660,1.3296,1.32961,1.32957,1.32957,39.13737941856929,34.944268980510536,,,8
1760044560,1.32928,1.33024,1.32928,1.33016,45.000787451195876,35.983477275651985,,,314
1760045460,1.33008,1.33029,1.33001,1.33013,44.76463717117518,37.078454080290065,,,478
1760046360,1.33013,1.33048,1.3299,1.33026,46.084974635011235,38.318815567731306,,,462
1760047260,1.33019,1.33062,1.3299,1.32999,43.74607327470995,39.531089694508815,,,670
1760048160,1.32998,1.33017,1.32988,1.32993,43.22111989166583,40.840742520127485,,,706
1760049060,1.32994,1.33005,1.3299,1.33004,44.535210022898426,42.0772248651723,,,996
1760049960,1.33003,1.3301,1.3299,1.33001,44.234524205065725,42.95169285146238,,,1051
1760050860,1.33001,1.33001,1.32928,1.32948,39.199215374895864,43.19233796626148,,,1090
1760051760,1.32949,1.33003,1.3294,1.32992,44.815432452844064,43.54001046065223,,,857
1760052660,1.3299,1.33021,1.32982,1.33014,47.43015772036006,43.80900357167009,,,1079
1760053560,1.33012,1.33041,1.33006,1.33018,47.9133906279733,44.151608310943814,,,1150
1760054460,1.33021,1.33039,1.3296,1.32981,43.89407471766381,44.10681730954353,,,1660
1760055360,1.3298,1.33012,1.32977,1.32995,45.74853568570608,44.26610804640963,,,891
1760056260,1.32996,1.3302,1.32986,1.33014,48.2485458476118,44.9169056484841,,,1150
1760057160,1.33015,1.33063,1.32999,1.33039,51.420688816503684,45.375470031720376,,,1637
1760058060,1.33038,1.33086,1.33025,1.33063,54.31571780838199,46.05769007723514,,,1814
1760058960,1.33064,1.33067,1.33029,1.33042,51.4277532914972,46.439317124127,,,1405
1760059860,1.33041,1.33042,1.32997,1.33019,48.39287697749965,46.77123167432626,,,1348
1760060760,1.3302,1.33046,1.3301,1.33034,50.44670506091735,47.28734490070137,,,1428
1760061660,1.33035,1.33109,1.33034,1.33088,57.07037546133979,48.182713860590034,,,1246
1760062560,1.33087,1.33107,1.33075,1.33101,58.50825387535118,49.20226597989614,,,1093
1760063460,1.33102,1.33106,1.33061,1.33063,52.92774977218674,50.18287557970263,,,777
1760064360,1.33062,1.3309,1.33048,1.33082,55.22720616333084,50.92657370188026,,,954
1760065260,1.33081,1.33112,1.33077,1.3308,54.9230644021167,51.46178132200573,,,1077
1760066160,1.33078,1.33119,1.33063,1.33116,59.27100738019243,52.27303966144996,,,887
1760067060,1.33115,1.3314,1.33109,1.33123,60.077367151177626,53.42898912098666,,,1057
1760067960,1.33124,1.33132,1.33107,1.3311,57.7891284596339,54.289031461981494,,,874
1760068860,1.33111,1.33132,1.33059,1.33063,50.32598326495907,54.43741984893487,,,1257
1760069760,1.33064,1.331,1.33052,1.33088,53.74764028655378,54.60363066822417,,,870
1760070660,1.33086,1.33099,1.33067,1.33088,53.74764028655378,54.56305370237929,,,702
1760071560,1.33089,1.33103,1.33069,1.33093,54.475011983518094,54.78071503752365,,,844
1760072460,1.33094,1.3313,1.33076,1.33114,57.498191181870794,55.43109462355016,,,1074
1760073360,1.33113,1.33146,1.3311,1.33114,57.498191181870794,55.934772203618266,,,779
1760074260,1.33115,1.33124,1.33079,1.33121,58.56199370150835,56.0413163636303,,,1211
1760075160,1.33119,1.33133,1.3303,1.33047,45.57523244667567,55.11752911872491,,,1343
1760076060,1.3305,1.33062,1.3301,1.33048,45.75031191224917,54.60485498587223,,,1812
1760076960,1.33047,1.33094,1.33021,1.33026,42.51034466641639,53.69650773609262,,,1652
1760077860,1.33031,1.33113,1.32946,1.32951,33.73842523466281,52.18331922413164,,,3251
1760078760,1.32952,1.32996,1.32883,1.32946,33.24589660281471,50.32438274003322,,,3102
1760079660,1.32949,1.33011,1.32846,1.32846,25.29305069270663,47.83978870728529,,,3460
1760080560,1.32847,1.32923,1.32793,1.32911,36.00838296714141,46.28402117210726,,,2935
1760081460,1.32908,1.32934,1.32864,1.3292,37.34834056394956,45.357046693463715,,,2374
1760082360,1.32918,1.33064,1.3291,1.32996,47.37033858866215,44.901525143614315,,,2319
1760083260,1.32994,1.33111,1.32979,1.33083,56.039460187559804,45.06522656511474,,,2659
1760084160,1.33084,1.33109,1.32994,1.33001,48.01207223020678,44.60358801130679,,,2405
1760085060,1.33,1.33102,1.32991,1.33088,55.32418494613276,44.44830185161122,,,2229
1760085960,1.33085,1.3313,1.33058,1.3306,52.752561452448525,44.10932829950963,,,2045
1760086860,1.33061,1.33076,1.32986,1.33004,47.95178164323549,43.351456009633,,,1935
1760087760,1.33006,1.33007,1.32919,1.3294,43.121837341416885,43.1762135021145,,,2136
1760088660,1.3294,1.3297,1.32908,1.32928,42.26227728609087,42.92706817167463,,,1749
1760089560,1.32929,1.32929,1.32872,1.32907,40.73211103472491,42.80005148369666,,,1907
1760090460,1.32906,1.32965,1.32857,1.32961,46.13302727083454,43.685380200566065,,,2079
1760091360,1.32962,1.32988,1.32868,1.32887,40.664325952576746,44.215268011263355,,,1996
1760092260,1.32886,1.3291,1.3281,1.32811,35.950785966941865,44.97653481656588,,,1642
1760093160,1.32813,1.32817,1.32618,1.32665,28.9971380055906,44.47573160502653,,,3091
1760094060,1.32666,1.32759,1.32657,1.32754,36.99707975464295,44.45064154721892,,,2143
1760094960,1.32756,1.32761,1.32713,1.3274,36.304148833746375,43.660199421867794,,,1390
1760095860,1.32741,1.32781,1.32705,1.32758,37.9142153656467,42.36553907744543,,,1954
1760096760,1.32757,1.32761,1.32689,1.32755,37.742976533568104,41.63203224197124,,,2044
1760097660,1.32754,1.32862,1.32734,1.3285,46.052208590978076,40.96974821660306,,,2383
1760098560,1.32855,1.32878,1.32794,1.32824,44.30919481690647,40.366650599778616,,,1661
1760099460,1.32823,1.32842,1.32747,1.3275,39.703242976492874,39.77746926643986,,,1957
1760100360,1.32749,1.32819,1.32718,1.32782,42.48738625737137,39.73215133186518,,,1922
1760101260,1.32783,1.32785,1.32688,1.32737,39.71054715223565,39.54988489373266,,,1721
1760102160,1.32747,1.3282,1.32715,1.32721,38.74103322276721,39.40766505002141,,,2192
1760103060,1.32722,1.32779,1.32685,1.32743,40.87841276713696,39.03233544261443,,,2692
1760103960,1.32745,1.32791,1.32716,1.32773,43.76005541196088,39.253458975427584,,,2625
1760104860,1.32776,1.32871,1.32722,1.32839,49.582227717632904,40.22713338619123,,,3326
1760105760,1.32838,1.32902,1.32779,1.32851,50.583911245823465,41.76904576049357,,,3252
1760106660,1.32846,1.32981,1.3283,1.32981,59.88268233857581,43.40373165934592,,,3170
1760107560,1.3298,1.33093,1.32959,1.33062,64.38021965518776,45.40916528944888,,,3871
1760108460,1.33061,1.33705,1.33042,1.33485,78.15403299698374,48.28343797740153,,,5968
1760109360,1.33484,1.33597,1.33412,1.33596,80.30612765543918,51.32366305753518,,,5381
1760110260,1.33595,1.33596,1.33352,1.33396,67.41880138992732,52.849848257460124,,,5578
1760111160,1.33397,1.33469,1.33342,1.33448,68.81984125258285,54.600608717151296,,,4667
1760112060,1.33446,1.33577,1.33408,1.33502,70.25050675989596,56.782556130251514,,,4320
1760112960,1.335,1.33545,1.33382,1.33518,70.67978399325642,58.796298825671876,,,3719
1760113860,1.33519,1.33522,1.33426,1.33439,65.64315972528567,60.64862829517545,,,3448
1760114760,1.33438,1.33514,1.3339,1.33463,66.42589977667677,62.62611876331185,,,3131
1760115660,1.33459,1.33471,1.33318,1.33387,61.63702947824236,64.10887709981938,,,3000
1760116560,1.33388,1.33455,1.33382,1.33398,62.06333266720112,65.41625404662226,,,2326
1760117460,1.33401,1.33473,1.33391,1.3345,64.09457512312764,66.45285028987188,,,1815
1760118360,1.33446,1.33472,1.33421,1.33442,63.530989976561095,67.3776416277817,,,1729
1760119260,1.33441,1.33473,1.33427,1.33471,64.74130168561109,67.72468586685565,,,1658
1760120160,1.33473,1.33521,1.33445,1.3349,65.54803055795995,67.80810093133938,,,1702
1760121060,1.33491,1.33532,1.33456,1.33471,63.97174744520033,66.79508053478342,,,1663
1760121960,1.33473,1.33537,1.33429,1.33429,60.507837595484546,65.38091695907238,,,1946
1760122860,1.33428,1.33496,1.3342,1.33495,63.82289816348836,65.12406672861245,,,1917
1760123760,1.33494,1.33517,1.33466,1.33512,64.64610226182128,64.82594251498662,,,1382
1760124660,1.33514,1.33547,1.335,1.33522,65.14848097063373,64.46151210146789,,,1498
1760125560,1.33521,1.33531,1.33487,1.335,63.02658038541103,63.9148547009075,,,1808
1760126460,1.33499,1.33525,1.33476,1.33506,63.37691968783786,63.75298041251837,,,1133
1760127360,1.33508,1.33515,1.33455,1.33511,63.68572168205662,63.557253405759795,,,760
1760128260,1.3351,1.33511,1.3343,1.33434,55.87252227415908,63.14550289118241,,,1382
1760129160,1.33435,1.33553,1.33331,1.33488,59.61449067941397,62.97058560634047,,,2522
1760302860,1.33415,1.33425,1.33345,1.33361,49.07447376833332,61.897721223855164,,,368
1760303760,1.33359,1.33362,1.3323,1.33281,43.81888104698528,60.489713443171176,,,504
1760304660,1.33282,1.33426,1.33281,1.33396,51.8085467910362,59.56594523641583,,,678
1760305560,1.33394,1.33463,1.3331,1.33416,53.058831614773666,58.67385959761681,,,823
1760306460,1.33423,1.33537,1.33395,1.33399,51.82797687483781,57.806447414019495,,,1809
1760307360,1.33395,1.33427,1.33367,1.33399,51.82797687483781,57.18645736254472,,,2692
1760308260,1.33395,1.33439,1.33379,1.33417,53.16223015378634,56.424981076137435,,,1261
1760309160,1.33415,1.33432,1.33398,1.33422,53.54712155204468,55.63219673972481,,,1195
1760310060,1.33421,1.33479,1.33402,1.33402,51.716429868894615,54.67276451817202,,,1763
1760310960,1.33403,1.33453,1.33368,1.33438,54.7174385520842,54.079254387220104,,,1572
1760311860,1.33436,1.3346,1.33359,1.33376,49.06175818715446,53.056742851457,,,1632
1760312760,1.33377,1.33416,1.33352,1.33391,50.397573067807095,52.10758937901061,,,1843
1760313660,1.3339,1.33447,1.33381,1.33419,52.88153489128555,51.89394742309106,,,2308
1760314560,1.3342,1.33429,1.33363,1.33365,47.89963904913433,51.05717230664253,,,1802
1760315460,1.33362,1.33487,1.33362,1.33474,56.75563716283426,51.605826834821166,,,1914
1760316360,1.33473,1.33549,1.3346,1.33525,60.16729121137962,52.77357041799219,,,1918
1760317260,1.33523,1.3355,1.33466,1.3349,56.85241761382674,53.13384690533437,,,2282
1760318160,1.33491,1.33508,1.33452,1.33467,54.71893728816235,53.252425882005,,,2200
1760319060,1.33465,1.33575,1.33461,1.33561,61.13772010137191,53.91740754104315,,,1962
1760319960,1.3356,1.33568,1.33516,1.33562,61.20073111153454,54.586889986521484,,,1853
1760320860,1.33561,1.33632,1.33561,1.33628,65.21004991857436,55.44744854114919,,,1660
1760321760,1.33626,1.33626,1.33526,1.3354,56.78446588778106,55.67868742227323,,,1198
1760322660,1.33541,1.33557,1.33522,1.33523,55.29803036048535,55.93451602881542,,,1458
1760323560,1.33524,1.33539,1.33503,1.33519,54.93365351732457,55.94995995490401,,,1235
1760324460,1.3352,1.33553,1.33519,1.33524,55.32988852121537,56.39768355019408,,,1364
1760325360,1.33523,1.33535,1.33484,1.33491,52.07554827118838,56.51753892186418,,,1234
1760326260,1.3349,1.33539,1.33486,1.33524,54.930325768332395,56.663881127367524,,,999
1760327160,1.33522,1.33546,1.33502,1.33533,55.70528749053932,57.22142744461074,,,1444
1760328060,1.33534,1.3358,1.33524,1.33577,59.38238465388368,57.409052265399986,,,954
1760328960,1.33578,1.33604,1.33573,1.33593,60.66125269434363,57.444335228468844,,,883
1760329860,1.33592,1.33593,1.33552,1.33553,55.920905023382915,57.37779861486571,,,721
1760330760,1.33548,1.33569,1.3354,1.33568,57.26941333408518,57.55997547528877,,,900
1760331660,1.33569,1.3358,1.33524,1.33574,57.82521331505938,57.32336784769502,,,1268
1760332560,1.33577,1.33616,1.33543,1.33556,55.493229097221665,56.91568913238696,,,1409
1760333460,1.3356,1.33576,1.33532,1.33543,53.80554586439626,56.10108169994567,,,1310
1760334360,1.33544,1.33553,1.33471,1.33481,46.536496128403826,55.369083859990155,,,1608
1760335260,1.33481,1.33561,1.33462,1.33546,53.61207385602389,55.24865839538577,,,2315
1760336160,1.33547,1.33665,1.33542,1.33625,60.46108205502078,55.643474719506926,,,2376
1760337060,1.33626,1.33653,1.33592,1.3361,58.68921995980599,55.883426965120535,,,2039
1760337960,1.33606,1.33614,1.33448,1.33454,44.18619411282629,55.31990166809468,,,2873
1760338860,1.33452,1.33452,1.33297,1.33357,37.912609242102064,54.104350487649654,,,3273
1760339760,1.33359,1.33439,1.33301,1.33424,43.8434634479906,53.257077341753316,,,3273
1760340660,1.33419,1.33424,1.3333,1.334,42.28526067136712,52.03585420014499,,,2966
1760341560,1.33384,1.33401,1.33327,1.33351,39.22046595483017,50.50436943303689,,,2712
1760342460,1.33353,1.33392,1.33316,1.33327,37.776253431937185,49.20832289079077,,,2495
1760343360,1.33327,1.33333,1.33186,1.33213,31.788467774660404,47.388255350831855,,,2754
1760344260,1.33212,1.33224,1.33151,1.33207,31.50541743331597,45.50826993070733,,,2455
1760345160,1.33204,1.33274,1.332,1.33255,36.38547606236169,44.143430428217336,,,2440
1760346060,1.33254,1.33365,1.33254,1.33343,44.23045902084805,43.459495653678175,,,2203
1760346960,1.33342,1.33364,1.33324,1.33342,44.16380839201167,43.29001795822159,,,1370
1760347860,1.33336,1.33434,1.33313,1.33433,51.34845652290391,43.128331005855884,,,1652
1760348760,1.33431,1.33433,1.33355,1.3337,46.853593511905316,42.156367538490485,,,1710
1760349660,1.33368,1.33388,1.33332,1.33348,45.3603445346424,41.20430500812165,,,1740
1760350560,1.33349,1.3337,1.33284,1.3336,46.36446356428621,41.359895683225936,,,1892
1760351460,1.33361,1.3343,1.3333,1.3334,44.88398512077164,41.857851103130905,,,1944
1760352360,1.33338,1.33441,1.33336,1.33437,52.762279475699366,42.49490939082439,,,1930
1760353260,1.33438,1.33527,1.33408,1.33501,57.117657165911204,43.55436628329183,,,3179
1760354160,1.33499,1.33517,1.33395,1.33422,50.88135232654226,44.38728673841411,,,1874
1760355060,1.33424,1.33434,1.33328,1.33365,46.90226716185797,45.039144861979885,,,2046
1760355960,1.33366,1.33389,1.33273,1.33306,43.141458394298816,45.85007276338263,,,2665
1760356860,1.33308,1.33394,1.33293,1.33364,47.590420956842976,46.99900158649171,,,2401
1760357760,1.33366,1.33399,1.33308,1.33309,44.06901752659369,47.547825976793995,,,2315
1760358660,1.33311,1.3335,1.33272,1.33324,45.25868266123837,47.621270522536165,,,2055
1760359560,1.33327,1.3335,1.33249,1.33331,45.837659477049094,47.740831314324545,,,2580
1760360460,1.3333,1.33383,1.33283,1.33373,49.30238915574499,47.59468364524177,,,2590
1760361360,1.33372,1.33388,1.33339,1.3335,47.510048183189284,47.6415732646192,,,1808
1760362260,1.33349,1.3335,1.33254,1.33341,46.79318767513407,47.743919203225744,,,2942
1760363160,1.33342,1.33353,1.3329,1.33319,45.005547569036786,47.646853774993644,,,2866
1760364060,1.33317,1.33333,1.33221,1.33234,38.83281747222995,47.21462751438353,,,2910
1760364960,1.33235,1.33283,1.33202,1.33231,38.631426962769105,46.20528090631707,,,2772
1760365860,1.3323,1.33266,1.33203,1.33255,41.25611351112385,45.07231350240369,,,2570
1760366760,1.33256,1.33283,1.33193,1.33268,42.68602367885654,44.48693288471185,,,2834
1760367660,1.33269,1.33323,1.33239,1.33323,48.407838784044074,44.594473714868,,,2478
1760368560,1.33324,1.33346,1.33278,1.33289,45.391053157575364,44.75515905510205,,,1792
1760369460,1.33294,1.33355,1.33292,1.33337,50.11739257493513,44.93565702782291,,,1910
1760370360,1.33336,1.33353,1.33285,1.33303,47.013504217022394,45.14597750571068,,,1606
1760371260,1.33304,1.33373,1.33298,1.33335,50.14317046416337,45.49486949163389,,,1516
1760372160,1.33333,1.33351,1.33271,1.33318,48.50410993010416,45.685330238280685,,,1954
1760373060,1.33319,1.33328,1.33259,1.33316,48.3040626643199,45.614021203178886,,,1702
1760373960,1.33315,1.33344,1.33281,1.33301,46.74683455247185,45.559505943841934,,,1468
1760374860,1.33302,1.33312,1.33264,1.33301,46.74683455247185,45.556195006508915,,,1021
1760375760,1.333,1.33343,1.33293,1.33322,49.395662338499584,45.869774632899116,,,1085
1760376660,1.33321,1.33334,1.33294,1.33321,49.26998524845835,46.61528661691542,,,713
1760377560,1.33322,1.33342,1.33298,1.33333,50.88489518877927,47.49053434734473,,,1244
1760378460,1.33334,1.33375,1.33325,1.33373,55.92187135524694,48.53808847906781,,,920
1760379360,1.33374,1.33396,1.33372,1.3338,56.75764163683791,49.54320404749505,,,798
1760380260,1.33381,1.33403,1.33363,1.33377,56.26524858456958,50.10444760467544,,,1132
1760381160,1.33379,1.33382,1.3331,1.3335,51.9011759937525,50.569456378688095,,,1337
1760382060,1.33351,1.33374,1.33338,1.33364,53.897914753266924,50.83949367714036,,,1341
1760382960,1.33366,1.33392,1.33362,1.33363,53.726348934926676,51.3189825855621,,,843
1760383860,1.33364,1.3337,1.33328,1.33339,49.642163704613374,51.28319638845138,,,656
1760384760,1.33341,1.33354,1.33303,1.33311,45.314197432701434,51.05534549577976,,,1000
1760385660,1.33313,1.33337,1.33303,1.33324,47.59846603302754,51.00494573640174,,,598
1760386560,1.33323,1.33345,1.33315,1.33316,46.31631870537299,50.974194604466106,,,429
1760387460,1.33317,1.33325,1.33301,1.33319,46.89402133241426,50.98470794589058,,,394
1760388360,1.33318,1.33344,1.33291,1.3333,49.058674914845795,50.96063741562959,,,922
1760389260,1.33271,1.33326,1.33252,1.33326,48.28788650668292,50.890487505502776,,,44
1760390160,1.33333,1.33333,1.33305,1.33319,46.89918971384559,50.60579425729322,,,40
1760391060,1.3332,1.33327,1.33316,1.3332,47.13309485408046,49.9780245072099,,,177
1760391960,1.33321,1.33322,1.3329,1.33295,42.13601006192437,48.933622251858935,,,174
1760392860,1.33302,1.33368,1.33302,1.33368,56.603994970660295,48.95781842229399,,,549
1760393760,1.33367,1.33373,1.33339,1.33339,51.134201025806426,48.903034496012125,,,816
1760394660,1.3334,1.33348,1.33321,1.33328,49.19241488989525,48.56692736291414,,,330
1760395560,1.33329,1.33344,1.33308,1.33311,46.268173647571125,48.03420055667446,,,600
1760396460,1.33309,1.33309,1.33268,1.33284,41.99802093499563,47.48819035884462,,,522
1760397360,1.33285,1.33312,1.33283,1.33293,43.85801783577999,47.38417753049309,,,392
1760398260,1.33294,1.33329,1.33291,1.33311,47.485172156837294,47.37608511076521,,,798
1760399160,1.33312,1.33353,1.333,1.33302,45.88878033538858,47.34554665576633,,,1346
1760400060,1.33301,1.33323,1.33257,1.33313,48.18175388894708,47.43752755266153,,,2040
1760400960,1.33314,1.33341,1.33291,1.33301,45.896850450413176,47.2116829480592,,,1429
1760401860,1.33299,1.33352,1.33294,1.33344,54.266244320009676,47.63870850615397,,,1617
1760402760,1.33343,1.33385,1.33334,1.33374,59.02828483605957,48.50507244345496,,,1848
1760403660,1.33372,1.33444,1.33361,1.33425,65.58818719647661,49.82329332505469,,,2098
1760404560,1.33426,1.33474,1.33405,1.33447,67.97050915359279,51.668614688745286,,,1640
1760405460,1.33442,1.33449,1.33422,1.33439,66.17640334967379,52.35235814438912,,,1490
1760406360,1.33438,1.33452,1.33421,1.33436,65.47842539446569,53.37694559929334,,,1416
1760407260,1.33435,1.33453,1.33424,1.33429,63.787836971522296,54.419475747981,,,1168
1760408160,1.33428,1.33445,1.33398,1.33401,57.403408589016784,55.21484967236997,,,996
1760409060,1.33399,1.33444,1.33397,1.3341,58.82979227726862,56.4171190539609,,,966
1760409960,1.33409,1.33459,1.33403,1.33432,62.164980386560906,57.72475923615955,,,1124
1760410860,1.33433,1.33453,1.334,1.3343,61.675827904351806,58.73837750383915,,,1120
1760411760,1.33431,1.33457,1.3342,1.33442,63.53008173338486,59.99847046083888,,,1294
1760412660,1.33441,1.33486,1.33429,1.33483,69.04150253863848,61.48845250724536,,,1146
1760413560,1.33484,1.33503,1.33437,1.3346,63.265536399638876,62.72907293219005,,,1362
1760414460,1.33461,1.33491,1.33436,1.33474,65.17532943022758,63.50829329720562,,,2036
1760415360,1.33473,1.33515,1.33462,1.33486,66.77003453759932,64.06127541874416,,,2156
1760416260,1.33488,1.33496,1.33467,1.33472,63.13748045918928,63.88622493750936,,,1310
1760417160,1.33473,1.33527,1.33471,1.33495,66.37408121339817,63.77219437035261,,,1448
1760418060,1.33493,1.33504,1.33449,1.33468,59.742623333282836,63.312638654896105,,,1418
1760418960,1.33466,1.33477,1.33439,1.33453,56.372908762743926,62.66224460977313,,,1262
1760419860,1.33454,1.33511,1.33434,1.33454,56.54886447960592,62.14517514606481,,,2357
1760420760,1.33452,1.33471,1.33335,1.33371,41.56464882140267,61.0138351626638,,,2234
1760421660,1.33374,1.33377,1.33039,1.33049,19.72633760958813,58.220731257829485,,,4093
1760422560,1.33048,1.33058,1.32928,1.32956,16.955465874605835,54.99148022126127,,,3908
1760423460,1.32955,1.32965,1.32762,1.32812,13.737737372635621,51.56733089756725,,,3176
1760424360,1.32813,1.3284,1.32749,1.3279,13.321781882297458,47.98102376534673,,,2930
1760425260,1.32789,1.32829,1.32696,1.32764,12.827462372679008,43.9657351820639,,,3800
1760426160,1.32763,1.32775,1.32575,1.32589,10.10860688649312,40.168811645410635,,,3398
1760427060,1.32583,1.32639,1.32545,1.32575,9.927325871766286,36.22252567694911,,,4032
1760427960,1.32576,1.32614,1.32522,1.32554,9.647835501931482,32.142368602972844,,,3033
1760428860,1.32552,1.32706,1.32544,1.32685,24.01856308783745,29.34816021930485,,,3221
1760429760,1.32686,1.32746,1.32655,1.32746,29.63115949100613,26.72366581056257,,,2414
1760430660,1.32745,1.32776,1.32677,1.32753,30.26772489865779,24.618315922375064,,,2407
1760431560,1.32747,1.32841,1.32732,1.32785,33.24082952485897,22.966024548240426,,,2643
1760432460,1.32783,1.32802,1.32752,1.32771,32.586233647612616,21.25440806024091,,,2498
1760433360,1.32772,1.32839,1.32751,1.32808,36.16410511943714,20.86865493867194,,,2364
1760434260,1.32807,1.32836,1.32753,1.32757,33.52307627513875,21.854136271925558,,,2226
1760435160,1.32758,1.32761,1.32641,1.32658,29.083054141103403,22.72039257667538,,,2864
1760436060,1.3266,1.32718,1.32646,1.3266,29.28681518270507,23.83104099168034,,,2514
1760436960,1.32659,1.32663,1.32589,1.32603,26.913422491310328,24.801872463752687,,,2306
1760437860,1.32599,1.3265,1.3259,1.32603,26.913422491310342,25.808012472226356,,,2416
1760438760,1.32604,1.32677,1.32587,1.32635,30.576518749588203,27.270006176733148,,,2534
1760439660,1.3264,1.32717,1.32634,1.32684,35.876323898158645,29.123506035761174,,,2368
1760440560,1.32682,1.32759,1.32679,1.3269,36.51541337251275,31.04261874080269,,,2222
1760441460,1.32688,1.32745,1.32635,1.32661,34.7145284804554,31.80661626884683,,,1978
1760442360,1.32662,1.32704,1.32642,1.32681,37.02137955120806,32.334489130289825,,,2680
1760443260,1.32675,1.32689,1.32557,1.3268,36.951074783884984,32.81187126494891,,,3014
1760444160,1.32682,1.32728,1.32657,1.3268,36.951074783884984,33.07688878345077,,,3040
1760445060,1.32679,1.32682,1.3251,1.32543,28.386073475814413,32.77687734260804,,,3449
1760445960,1.32542,1.32641,1.32486,1.32619,37.096737056814064,32.843493909563534,,,2982
1760446860,1.3262,1.32845,1.32616,1.32812,52.79821618414042,34.220289617349366,,,2838
1760447760,1.32811,1.32922,1.32764,1.32868,56.21347246524088,36.15817664050204,,,3330
1760448660,1.32867,1.32959,1.32819,1.32853,55.06420224274032,37.9994185733617,,,4404
1760449560,1.32849,1.3288,1.32816,1.32848,54.66302266936601,39.98153287179424,,,4116
1760450460,1.32847,1.32924,1.32798,1.32919,59.20786597207612,42.28827883470609,,,3478
1760451360,1.32918,1.32976,1.32848,1.32931,59.93883257341223,44.38558696497923,,,3060
1760452260,1.32927,1.33032,1.32895,1.32983,63.03036004554061,46.32516097550653,,,2998
1760453160,1.32982,1.33006,1.32906,1.32958,60.60873940948446,48.04611283529022,,,4036
1760454060,1.32959,1.3298,1.32884,1.32939,58.760987407336124,49.76371704435313,,,3227
1760454960,1.32936,1.32985,1.32896,1.32951,59.59873978811679,51.37638563270375,,,2643
1760455860,1.3295,1.3302,1.32925,1.33017,63.937901009021985,53.304016077356394,,,3082
1760456760,1.33015,1.33219,1.3299,1.33218,73.331727975218,55.902634162451605,,,3149
1760457660,1.33217,1.33218,1.33069,1.33108,63.571979977227514,58.41591319826683,,,2495
1760458560,1.33106,1.33235,1.33094,1.33165,66.0904434135849,60.486892223750466,,,3487
1760459460,1.33164,1.33278,1.33074,1.33268,70.1115903495835,61.72356180699639,,,2546
1760460360,1.33267,1.33297,1.33157,1.33177,63.0030819992029,62.20853391656511,,,2914
1760461260,1.33176,1.33243,1.33122,1.33192,63.65717853680809,62.822317937569956,,,2531
1760462160,1.33191,1.33229,1.3313,1.33219,64.8614310523023,63.55077567920826,,,1956
1760463060,1.33218,1.33235,1.33194,1.33212,64.26685837069759,63.9121322791098,,,1450
1760463960,1.33211,1.333,1.33208,1.33268,66.88234594055842,64.40809751962023,,,1638
1760464860,1.33269,1.33293,1.33229,1.33255,65.68047522130976,64.5973914607466,,,1596
1760465760,1.33256,1.33289,1.33203,1.33278,66.81662598832082,65.04081193066348,,,1604
1760466660,1.33279,1.33317,1.33267,1.33297,67.76596180208534,65.68402438743128,,,1534
1760467560,1.33299,1.33318,1.33273,1.33298,67.81814629426898,66.27112485215645,,,1472
1760468460,1.33299,1.33323,1.33275,1.33291,67.00045900511138,66.48987899473426,,,1208
1760469360,1.3329,1.33317,1.33266,1.3327,64.48840536838816,65.85821309424641,,,1050
1760470260,1.33271,1.33314,1.33226,1.33233,60.205353317905946,65.61773976143773,,,2996
1760471160,1.33231,1.33273,1.33231,1.33272,62.99518210843382,65.39664966821266,,,2188
1760472060,1.33271,1.33273,1.33196,1.33206,55.85835680178947,64.37856155765594,,,882
1760472960,1.33207,1.33207,1.33141,1.33145,50.19787209848833,63.4639037076049,,,694
1760473860,1.33146,1.3319,1.33142,1.33173,52.5736094114012,62.67222019864726,,,717
1760474760,1.33172,1.33194,1.33172,1.33184,53.51184556052406,61.861535520663104,,,488
1760475660,1.3321,1.3321,1.33163,1.33165,51.61254809866295,60.957656215517765,,,42
1760476560,1.33164,1.33199,1.33147,1.33172,52.284490041080865,59.91495222269794,,,154
1760477460,1.33172,1.33172,1.33156,1.33165,51.51410150668196,58.903068385938816,,,105
1760478360,1.33165,1.33169,1.33146,1.33169,51.94979275260714,57.84115172624498,,,152
1760479260,1.33195,1.33229,1.3318,1.33224,57.59256787821386,57.11448073168274,,,424
1760480160,1.33224,1.33227,1.33204,1.33216,56.55226579363089,56.309774981637155,,,632
1760481060,1.33212,1.33229,1.332,1.33203,54.81939836191622,55.43969922140893,,,1226
1760481960,1.33204,1.33214,1.33178,1.33178,51.54817666816821,54.51539717139322,,,434
1760482860,1.33179,1.33204,1.33172,1.33193,53.34701081047821,54.02551556371981,,,646
1760483760,1.33194,1.3324,1.33194,1.33234,57.943167622487714,53.66465738615223,,,534
1760484660,1.33233,1.33249,1.33219,1.33241,58.69143081277495,53.86701981550834,,,484
1760485560,1.3324,1.33241,1.33201,1.33213,54.51345247138487,54.175275556429526,,,988
1760486460,1.33214,1.33275,1.3321,1.33242,57.85938376812245,54.55283086762389,,,1590
1760487360,1.33243,1.33277,1.3323,1.33273,61.14927508089352,55.09836154765029,,,1426
1760488260,1.33272,1.33286,1.33246,1.33285,62.37382085231787,55.86702388719708,,,1552
1760489160,1.33284,1.3331,1.3328,1.3328,61.503954803776196,56.52555708453245,,,1920
1760490060,1.33281,1.33339,1.33257,1.33329,66.44300910496399,57.591907627266885,,,1612
1760490960,1.33327,1.33397,1.33323,1.3337,69.92053414138911,58.875532012179875,,,2066
1760491860,1.33368,1.33399,1.3335,1.33368,69.54194781142357,59.72905915026629,,,1520
1760492760,1.33367,1.33408,1.33362,1.33406,72.57981545819459,60.87388412630656,,,1400
1760493660,1.33402,1.33495,1.33402,1.33489,77.79040186076605,62.51467009051011,,,1756
1760494560,1.33488,1.33502,1.33467,1.33474,75.01600853551662,64.1909437953207,,,1276
1760495460,1.33476,1.33512,1.33468,1.33493,76.17510615895483,65.82152203449762,,,1238
1760496360,1.33494,1.33515,1.33479,1.33505,76.90390728545854,67.17586058185267,,,1386
1760497260,1.33502,1.33529,1.33483,1.33509,77.15477051828859,68.49467056081794,,,1140
1760498160,1.33513,1.33521,1.33487,1.33518,77.74061042537522,70.15375327181724,,,964
1760499060,1.33517,1.33542,1.33496,1.33518,77.74061042537522,71.57384089019244,,,972
1760499960,1.33517,1.3353,1.33495,1.33524,78.1733715010312,72.78984777734513,,,882
1760500860,1.33525,1.33543,1.3351,1.33514,75.53746043132416,73.73010774727415,,,973
1760501760,1.33513,1.33525,1.33469,1.33471,65.3356902926713,74.00380313933807,,,973
1760502660,1.33471,1.33493,1.33452,1.33467,64.46351583955901,73.86241076323772,,,990
1760503560,1.33468,1.33504,1.33457,1.33499,68.12893862084198,73.73443965462721,,,888
1760504460,1.33498,1.33499,1.33467,1.33482,64.3326049228414,73.3623437340142,,,954
1760505360,1.33481,1.33538,1.33481,1.33534,69.86424526296494,73.16837443435494,,,956
1760506260,1.33536,1.33588,1.33525,1.33575,73.37098005456758,72.85270144819792,,,1072
1760507160,1.33574,1.33575,1.33505,1.33528,64.1548419605623,72.07690383570117,,,1486
1760508060,1.33529,1.33719,1.3352,1.33707,76.34274259882869,72.08887786712073,,,2498
1760508960,1.33709,1.33734,1.33616,1.33628,65.72172553576053,71.29015059928517,,,2578
1760509860,1.3363,1.33675,1.33602,1.33641,66.54651046884462,70.53241773861059,,,2010
1760510760,1.3364,1.33675,1.33597,1.33597,61.18075807013084,69.34957114180743,,,2556
1760511660,1.33598,1.33598,1.33516,1.33575,58.635000958888746,67.98488475134411,,,2742
1760512560,1.33576,1.33576,1.3342,1.33449,46.65991580843298,65.73392363044424,,,2674
1760513460,1.33448,1.336,1.33444,1.336,57.78654587420283,64.46600116207843,,,2660
1760514360,1.33607,1.33611,1.33481,1.33507,50.76312084622921,63.42510334447542,,,2641
1760515260,1.33505,1.33556,1.33486,1.33492,49.71360153035592,62.3715380366752,,,2640
1760516160,1.33491,1.3354,1.33477,1.33539,52.993012350971576,61.29040044597018,,,2756
1760517060,1.3354,1.33545,1.33462,1.33465,47.716659066558925,60.10354717052143,,,1953
1760517960,1.33466,1.33553,1.33415,1.33441,46.1130328372737,58.40703199725777,,,2654
1760518860,1.33451,1.33461,1.33361,1.3345,46.83460229232788,56.51157644281208,,,2423
1760519760,1.33449,1.335,1.33406,1.33499,50.70483416410589,55.550861600208044,,,2454
1760520660,1.33501,1.33575,1.33491,1.33513,51.78479638239644,53.79672258474859,,,2360
1760521560,1.3351,1.33544,1.33468,1.33477,48.822790112487226,52.589655768800505,,,2164
1760522460,1.33478,1.3357,1.33467,1.33529,53.00424890947382,51.622351371702585,,,2048
1760523360,1.33534,1.33545,1.33477,1.33485,49.331355839278444,50.77596549807027,,,1878
1760524260,1.33484,1.33569,1.33484,1.33569,55.649727717696685,50.56273169512799,,,1464
1760525160,1.33568,1.33661,1.3354,1.33655,61.01039208421808,51.587765714826915,,,1508
1760526060,1.33654,1.33668,1.33604,1.33661,61.36129131206544,51.843104674674244,,,1296
1760526960,1.3366,1.33661,1.33568,1.33578,54.10694795949429,52.081949468478896,,,1248
1760527860,1.33577,1.33582,1.33536,1.33552,52.0317846610718,52.24753397781574,,,1336
1760528760,1.3355,1.33552,1.33501,1.33524,49.815951598654394,52.02060106693595,,,1890
1760529660,1.33528,1.33566,1.33491,1.33535,50.70412594405345,52.23399155818556,,,1997
1760530560,1.33536,1.33548,1.33491,1.3354,51.12753368107487,52.592170189885636,,,2367
1760531460,1.33539,1.33556,1.33451,1.33491,46.878118636368455,52.59527850017425,,,2828
1760532360,1.33492,1.33515,1.33416,1.33449,43.53786582625775,52.08335219032796,,,3372
1760533260,1.3345,1.33489,1.33381,1.33423,41.56348962059081,51.35325885019898,,,2600
1760534160,1.3343,1.33453,1.33351,1.33392,39.276478166466084,50.67137942548318,,,2756
1760535060,1.33391,1.335,1.33374,1.33461,46.35233793181608,50.19624292707906,,,3944
1760535960,1.33462,1.33528,1.33397,1.33512,50.905958302741325,50.30871453161212,,,3972
1760536860,1.33513,1.33626,1.33466,1.33611,58.30448239262236,50.498339865535385,,,2832
1760537760,1.33613,1.3364,1.3359,1.3361,58.20905866671859,50.298244621428275,,,2214
1760538660,1.33609,1.33616,1.33548,1.33607,57.90289009725389,50.05121596322745,,,2060
1760539560,1.33608,1.3367,1.33607,1.33648,60.92762375246398,50.53840709129671,,,2798
1760540460,1.33649,1.33752,1.33622,1.33751,67.28673963193617,51.62804673207274,,,2514
1760541360,1.3375,1.33974,1.33736,1.33968,76.10883035114031,53.50610950010745,,,2680
1760542260,1.33967,1.34014,1.33931,1.34011,77.40893355114895,55.41359575775713,,,3146
1760543160,1.34013,1.34035,1.33883,1.33913,68.28822565475132,56.639359470162596,,,3450
1760544060,1.33912,1.33949,1.33855,1.33905,67.58813142636649,58.11864609801959,,,2878
1760544960,1.33907,1.33938,1.33886,1.33906,67.63280086400087,59.839712886429815,,,2398
1760545860,1.33907,1.3393,1.33846,1.33858,63.134977785662365,61.38053346964921,,,2070
1760546760,1.33859,1.33933,1.33857,1.33876,64.099173924952,63.153583166683916,,,2174
1760547660,1.33875,1.33881,1.33783,1.33783,55.95601692686969,63.839560237759166,,,3164
1760548560,1.33791,1.33808,1.33752,1.3377,54.90597872420301,64.12527598214929,,,3210
1760549460,1.33769,1.33779,1.33717,1.33727,51.46575681572956,63.63679558379981,,,2183
1760550360,1.33726,1.33783,1.33726,1.33774,54.79944283499196,63.39325159581933,,,1746
1760551260,1.33775,1.3378,1.33705,1.33759,53.535588286663184,63.081301466491425,,,1867
1760552160,1.33758,1.3387,1.33746,1.33852,59.73592224435483,62.99617993019792,,,1680
1760553060,1.33855,1.33871,1.33821,1.33822,57.08941421938898,62.2677995435874,,,1092
1760553960,1.33821,1.33851,1.33808,1.33851,58.981241902054016,61.04440036865267,,,1160
1760554860,1.33852,1.33857,1.33831,1.33838,57.75206417521304,59.64033827037154,,,1064
1760555760,1.33839,1.33881,1.33837,1.33881,60.67161893384253,59.096294933163755,,,862
1760556660,1.33883,1.33902,1.3386,1.33871,59.639426160060495,58.52853027128476,,,1010
1760557560,1.33873,1.33951,1.33843,1.33951,64.79890747310299,58.326109314792056,,,1390
1760558460,1.3395,1.34076,1.33948,1.33998,67.43293262944366,58.633106089347855,,,1109
1760559360,1.33997,1.34018,1.33966,1.33979,65.3055088003193,58.719272866159805,,,694
1760560260,1.33978,1.33996,1.3396,1.33963,63.48902432621759,59.257344823256076,,,734
1760561160,1.33962,1.34029,1.33957,1.34029,67.504308541776,60.15722552451128,,,673
1760562060,1.33938,1.34013,1.33916,1.33998,63.94704706603816,61.04874625667618,,,96
1760562960,1.33997,1.33997,1.3398,1.33984,62.349088801932126,61.588006682886196,,,72
1760563860,1.33983,1.33987,1.33971,1.33971,60.82904557043573,62.10896791744138,,,165
1760564760,1.33971,1.34002,1.33891,1.33996,62.711737727154535,62.321526166212784,,,500
1760565660,1.33995,1.34022,1.33979,1.34,63.01801169343023,62.744997414358586,,,431
1760566560,1.33999,1.34045,1.33996,1.3404,66.02341237556061,63.248009591037636,,,1128
1760567460,1.34041,1.34073,1.34038,1.34063,67.65128951684257,63.95509711543974,,,1352
1760568360,1.34061,1.34084,1.34028,1.34037,63.9228411706926,64.18732727521476,,,1662
1760569260,1.34034,1.34037,1.34011,1.3402,61.534846094130735,64.32271441336262,,,686
1760570160,1.34017,1.34021,1.34004,1.34019,61.3895654761051,64.07918998500563,,,638
1760571060,1.34021,1.34045,1.34008,1.34044,63.69712180136693,63.81234635442872,,,856
1760571960,1.34045,1.34049,1.34004,1.3401,58.57029523339254,63.33125967107681,,,1146
1760572860,1.34009,1.34073,1.33999,1.34058,63.087310056964874,63.302565794701614,,,1750
1760573760,1.34059,1.3417,1.34057,1.34146,69.62571555525754,63.45409486709316,,,1858
1760574660,1.34145,1.34283,1.34136,1.34279,76.42303532770029,64.34523688578331,,,2631
1760575560,1.34276,1.34285,1.34201,1.34222,69.26859116622511,64.83948705466139,,,2280
1760576460,1.34224,1.34278,1.3422,1.34277,71.99310545003313,65.63691990320406,,,1990
1760577360,1.34278,1.34311,1.34251,1.34274,71.62012596246686,66.2732333485835,,,2066
1760578260,1.34275,1.34361,1.34269,1.34347,75.01249591202117,67.12998222134,,,1994
1760579160,1.34346,1.34423,1.34337,1.34358,75.48796965390963,67.80602202693636,,,1846
1760580060,1.34359,1.344,1.3434,1.34347,73.97211904319363,68.25750985024715,,,1728
1760580960,1.34348,1.34361,1.34312,1.34319,70.11267098744625,68.69964055144384,,,1242
1760581860,1.34318,1.3432,1.34284,1.34297,67.14824155087129,69.10059736978245,,,1272
1760582760,1.34298,1.34334,1.34289,1.34298,67.21609427678514,69.51677799840245,,,1154
1760583660,1.34299,1.3431,1.34271,1.34285,65.3271023175908,69.63320517813273,,,1156
1760584560,1.34284,1.34321,1.34256,1.34262,62.006889302255246,69.8786761830515,,,1008
1760585460,1.34261,1.34267,1.34229,1.34241,59.05561295985665,69.59069781897234,,,898
1760586360,1.3424,1.34245,1.34196,1.34198,53.44616265215749,68.4350154687509,,,778
1760587260,1.34196,1.34231,1.34193,1.3422,55.76141969201952,66.959185780488,,,658
1760588160,1.34221,1.34226,1.34167,1.3417,49.71046922359777,65.56217707030032,,,664
1760589060,1.34172,1.34173,1.34128,1.34133,45.753769785837065,63.687938808572035,,,846
1760589960,1.34134,1.3416,1.34127,1.3416,48.947158881764835,62.06844115995046,,,934
1760590860,1.34159,1.34165,1.34132,1.34151,47.93420143719327,60.134277268891324,,,1090
1760591760,1.34153,1.34162,1.34133,1.34138,46.439225486440655,58.05936697121496,,,1104
1760592660,1.34135,1.34197,1.34119,1.34181,51.794648164996076,56.475261908486566,,,1661
1760593560,1.34182,1.34217,1.34159,1.34208,54.847519562343756,55.384893949550666,,,1796
1760594460,1.34207,1.34221,1.34096,1.3421,55.07448370233998,54.52248267465558,,,2585
1760595360,1.34207,1.34231,1.34138,1.34162,48.74198940188973,53.202903755020195,,,2338
1760596260,1.34163,1.34174,1.34082,1.34119,43.875070577318084,51.670615773572145,,,2548
1760597160,1.3412,1.34133,1.34041,1.34131,45.51024169378408,50.492283801538484,,,2978
1760598060,1.34129,1.34158,1.34089,1.34134,45.9343274645959,49.55504912330558,,,3084
1760598960,1.34135,1.34203,1.34084,1.34091,41.00783781306415,48.666597349084626,,,2658
1760599860,1.3409,1.34274,1.34084,1.34268,60.017062526723656,48.97057183727778,,,2350
1760600760,1.34269,1.34279,1.34147,1.34253,58.3024746247831,49.58428650879102,,,3672
1760601660,1.34254,1.3439,1.3424,1.34337,64.4306797721744,50.91835150781511,,,3307
1760602560,1.34332,1.34431,1.343,1.34346,65.02380108580454,52.06668309381795,,,2188
1760603460,1.34345,1.34398,1.34332,1.34358,65.8416779330091,53.34578855780479,,,1914
1760604360,1.34355,1.3439,1.34325,1.34378,67.21758676204806,54.829957220348184,,,1908
1760605260,1.3438,1.34414,1.3436,1.34401,68.7752535929558,56.04285760805959,,,1645
1760606160,1.344,1.34404,1.34329,1.3435,61.76689311470394,56.53709857608532,,,1750
1760607060,1.34351,1.34406,1.34327,1.344,65.48078806557342,57.280406030602,,,1698
1760607960,1.34399,1.34406,1.34336,1.3434,58.17761089455634,57.95437899436389,,,1586
1760608860,1.34341,1.3442,1.34335,1.34417,63.763232893339186,59.37496201693683,,,1788
1760609760,1.34413,1.34485,1.34407,1.34449,65.8070552467106,60.82473441357443,,,1772
1760610660,1.34448,1.34451,1.34314,1.34366,56.850503974242564,61.60446130712063,,,1785
1760611560,1.34365,1.34374,1.34297,1.34309,51.65136301428264,62.36471310720766,,,1928
1760612460,1.34309,1.34338,1.34267,1.34288,49.842819361010406,61.63798145251386,,,1695
1760613360,1.34287,1.34289,1.34218,1.34222,44.561783703078106,60.65650352953493,,,1582
1760614260,1.34223,1.34361,1.34216,1.34344,54.21808912528334,59.927032769042704,,,2182
1760615160,1.34345,1.34452,1.34331,1.34391,57.30352468432885,59.37558445465159,,,2576
1760616060,1.34392,1.34412,1.34255,1.34264,47.90799793471152,58.09460731191605,,,2535
1760616960,1.34265,1.34336,1.34227,1.3429,49.72536653772418,56.84516301017863,,,2136
1760617860,1.34289,1.34352,1.34257,1.34303,50.65239431049331,55.55067306143131,,,3093
1760618760,1.34301,1.3449,1.34297,1.34455,59.95104511199636,55.42096963266648,,,2755
1760619660,1.34453,1.34484,1.34333,1.34472,60.83981354399482,55.08947145255372,,,2926
1760620560,1.34471,1.3455,1.34301,1.34328,50.59697670387128,54.547997581790504,,,2696
1760621460,1.34326,1.34413,1.34227,1.34369,53.02209046323594,53.780773122497415,,,3729
1760622360,1.34367,1.34387,1.34188,1.34216,44.28566095770952,52.24353067328305,,,3761
1760623260,1.34215,1.34262,1.34117,1.34239,45.7332069667103,51.44943802988788,,,3777
1760624160,1.34238,1.34353,1.34232,1.34335,51.40809619644512,51.432061828613776,,,3172
1760625060,1.3433,1.34353,1.34256,1.34305,49.66039141276496,51.419031260881965,,,3204
1760625960,1.34304,1.34362,1.34266,1.34341,51.778943774243956,51.93454269453667,,,3852
1760626860,1.34337,1.34362,1.34288,1.34293,48.828251236046775,51.549554273876915,,,2898
1760627760,1.34292,1.34312,1.34253,1.34289,48.579806392013204,50.926431538711505,,,2692
1760628660,1.34288,1.34295,1.34229,1.34269,47.284326393774656,50.88188357150174,,,3000
1760629560,1.34268,1.34274,1.34177,1.34262,46.81378115790063,50.67391318722862,,,3001
1760630460,1.34261,1.34334,1.34235,1.34311,50.52528725936177,50.6648341121478,,,2005
1760631360,1.34312,1.34327,1.34196,1.34224,44.577267988550254,49.56670717475879,,,2202
1760632260,1.34226,1.34235,1.34149,1.34182,42.00632199479255,48.221457778387204,,,3883
1760633160,1.34187,1.34298,1.34186,1.34268,48.54968999208058,48.0752230132593,,,2805
1760634060,1.34267,1.34458,1.34258,1.34441,58.65549332372798,48.47760893186587,,,2602
1760634960,1.34443,1.3448,1.34399,1.34447,58.956596986833645,49.525532933946174,,,2378
1760635860,1.34448,1.34449,1.3439,1.34416,56.6605837063352,50.306059843919385,,,1832
1760636760,1.34415,1.34444,1.3436,1.3438,54.02913162628302,50.49327666033638,,,1656
1760637660,1.34381,1.34384,1.34312,1.34323,50.06451267253942,50.52214246460598,,,2206
1760638560,1.34324,1.34324,1.342,1.34254,45.69345642771932,50.08746479699708,,,2238
1760639460,1.34255,1.34329,1.34212,1.3431,49.54375944706047,50.13857252635519,,,1476
1760640360,1.34311,1.34381,1.34294,1.34331,50.94823233899987,50.307745808282824,,,1686
1760641260,1.3433,1.34363,1.343,1.34333,51.087872522309276,50.57942767460672,,,1178
1760642160,1.34334,1.34386,1.3432,1.34352,52.472116092700745,50.98359445566387,,,1406
1760643060,1.3435,1.34381,1.34318,1.34364,53.369702924259286,51.186767003156554,,,1814
1760643960,1.34365,1.34368,1.34329,1.34341,51.36732425162496,51.671771021947606,,,1808
1760644860,1.3434,1.34372,1.34324,1.34359,52.85801861755521,52.446892209287796,,,1044
1760645760,1.3436,1.34368,1.34324,1.34328,50.014660001986876,52.551532924281105,,,590
1760646660,1.34327,1.34361,1.3431,1.34361,52.9180925258352,52.14171858157448,,,586
1760647560,1.3436,1.3437,1.34341,1.34353,52.12760039535906,51.65393311075487,,,732
1760648460,1.34334,1.34361,1.34303,1.34305,47.53900860477888,51.00239203207227,,,71
1760649360,1.34301,1.34309,1.3428,1.34288,45.99477652275672,50.42850952467753,,,74
1760650260,1.34288,1.34314,1.34275,1.34288,45.99477652275672,50.137814085407335,,,847
1760651160,1.3429,1.34355,1.34288,1.34348,52.33279928421075,50.61205286087102,,,1027
1760652060,1.34347,1.34413,1.34346,1.34396,56.70985191541365,51.12391660861052,,,732
1760652960,1.34397,1.34451,1.34395,1.3442,58.74945875317722,51.68114706676606,,,983
1760653860,1.34416,1.34424,1.34391,1.34403,56.71124860280684,52.082816786801594,,,860
1760654760,1.34404,1.34423,1.34365,1.34371,52.9849042611465,52.11944451311915,,,858
1760655660,1.3437,1.34418,1.34358,1.34403,56.091916339986156,52.31388832852821,,,780
1760656560,1.34402,1.3442,1.34396,1.34412,56.95354516894027,52.712904108336446,,,537
1760657460,1.34411,1.34452,1.3441,1.34427,58.4181256217152,53.11005460863358,,,771
1760658360,1.34426,1.34454,1.3441,1.34442,59.887851859119856,53.815282598428794,,,790
1760659260,1.34443,1.34447,1.34401,1.34432,58.4057388084715,54.20725733290282,,,1364
1760660160,1.34431,1.34484,1.34431,1.34472,62.41281059664465,54.94191520442322,,,1282
1760661060,1.34473,1.34511,1.34469,1.34501,65.04223143920345,56.19214540688212,,,1152
1760661960,1.345,1.34524,1.34464,1.34513,66.0990490953159,57.62816487635063,,,2162
1760662860,1.34514,1.34515,1.34444,1.34459,57.65262911805914,58.46086863315794,,,1898
1760663760,1.34461,1.34462,1.34399,1.3445,56.3599768889735,58.74852417635528,,,1768
1760664660,1.34451,1.34465,1.344,1.34403,50.04898156041506,58.272747722426814,,,2012
1760665560,1.34412,1.34465,1.3438,1.34394,48.919349370519534,57.570597052236984,,,2094
1760666460,1.34393,1.34402,1.34312,1.34383,47.50797194926953,56.91322014841289,,,1750
1760667360,1.34382,1.34451,1.34381,1.3445,55.861126860577166,57.11866461980079,,,1224
1760668260,1.34449,1.3449,1.3444,1.34483,59.29678335427991,57.34758369225034,,,1086
1760669160,1.3448,1.34481,1.3442,1.34452,54.968323233696744,57.205782125447236,,,1060
1760670060,1.34449,1.34482,1.34438,1.34482,58.15194733200769,57.18676939046812,,,1080
1760670960,1.34481,1.34513,1.3448,1.34485,58.468152959169366,57.08536232618595,,,880
1760671860,1.34486,1.34503,1.34454,1.34473,56.62505814819265,56.958170850451744,,,1290
1760672760,1.34474,1.34505,1.34473,1.3449,58.615363914569265,56.686924658874936,,,1300
1760673660,1.34491,1.34505,1.3448,1.3448,56.95965492323195,56.10959776487697,,,950
1760674560,1.34482,1.34492,1.34459,1.34491,58.35323268240323,55.55632516395464,,,864
1760675460,1.34494,1.34533,1.34481,1.34493,58.615602631656586,55.625108986354455,,,898
1760676360,1.34495,1.34539,1.34491,1.34531,63.34112874882403,56.1237626906295,,,770
1760677260,1.34529,1.34601,1.34528,1.34593,69.46709306307275,57.51077065510504,,,1038
1760678160,1.34594,1.34603,1.34553,1.34586,68.08375006387016,58.87965641891579,,,1092
1760679060,1.34587,1.34644,1.34568,1.34623,71.33325701994004,60.581462495392266,,,1182
1760679960,1.34622,1.34714,1.34602,1.34675,75.16087212533854,61.96001572858951,,,1422
1760680860,1.34674,1.34695,1.34612,1.34657,71.59718397327822,62.83861577280367,,,2094
1760681760,1.34658,1.34717,1.34587,1.34592,60.450768138476974,63.23021898028798,,,2332
1760682660,1.3459,1.34592,1.34501,1.34544,53.79096762333511,62.91872042966851,,,2478
1760683560,1.34543,1.34597,1.34507,1.34539,53.13429670424369,62.537730697173814,,,2822
1760684460,1.34538,1.3458,1.34377,1.34498,47.96360353498068,61.91905536765868,,,3448
1760685360,1.34499,1.34524,1.34245,1.34349,34.734686134842065,60.213292669106735,,,3622
1760686260,1.3435,1.34378,1.34307,1.34347,34.59675058146024,58.61594235898018,,,3150
1760687160,1.34341,1.34402,1.34301,1.34373,38.04138081291318,57.16509579687374,,,2652
1760688060,1.34375,1.34375,1.34158,1.34159,25.934233846983076,54.830712312254214,,,2658
1760688960,1.3416,1.34223,1.34133,1.3416,26.052668545271203,52.167250869143295,,,2354
1760689860,1.34159,1.34284,1.34112,1.34262,37.1008558777223,49.85537678447541,,,2200
1760690760,1.34261,1.34298,1.34204,1.34244,36.07650212460476,47.569144788813595,,,2325
1760691660,1.34245,1.34363,1.34244,1.34343,45.06100617328558,45.69255544262399,,,1761
1760692560,1.34344,1.34396,1.34301,1.34336,44.5838520349428,43.508482579024296,,,1806
1760693460,1.34333,1.34383,1.34284,1.34379,48.211664757276026,41.83808834930985,,,1862
1760694360,1.3438,1.34381,1.34289,1.34337,45.10564013535302,40.742007777658145,,,1724
1760695260,1.34338,1.34349,1.34279,1.34329,44.51732876389,40.079605001983495,,,1474
1760696160,1.34321,1.34367,1.34297,1.34326,44.28406898372294,39.44744587908916,,,1754
1760697060,1.34327,1.34371,1.34305,1.3437,48.54273488706331,39.48881240423792,,,2002
1760697960,1.34371,1.34418,1.34302,1.34323,44.61946319655407,40.19486790864591,,,2360
1760698860,1.34322,1.34433,1.34304,1.34395,51.13488306678305,41.37616308616897,,,3038
1760699760,1.34396,1.34401,1.3432,1.34343,46.848088668380846,42.00521364727381,,,2458
1760700660,1.34339,1.344,1.34338,1.34344,46.94021043341742,43.50564054630484,,,1764
1760701560,1.34343,1.34385,1.34317,1.34339,46.50619134947917,44.966606460891114,,,2160
1760702460,1.34342,1.3435,1.34259,1.3426,40.18411203447626,45.18683904351639,,,2489
1760703360,1.3426,1.34314,1.34178,1.34197,35.983169662509724,45.18017243908104,,,2329
1760704260,1.34193,1.34207,1.34085,1.34115,31.384192128011563,44.20325715013289,,,2695
1760705160,1.34113,1.34135,1.34084,1.34105,30.86609123823642,43.223417093225294,,,2656
1760706060,1.34106,1.34159,1.34068,1.34148,35.77579470155253,42.33514066067362,,,2014
1760706960,1.34147,1.34214,1.34137,1.34169,38.08824695343695,41.83389829053675,,,1969
1760707860,1.34167,1.34229,1.34089,1.3414,36.15238504073923,41.2364023103117,,,3558
1760708760,1.34141,1.34162,1.34017,1.34061,31.46129505767938,40.32048988702288,,,3020
1760709660,1.3406,1.34097,1.33989,1.34041,30.38631015761335,39.023602406347884,,,3004
1760710560,1.3404,1.3406,1.33981,1.3406,32.737601300004016,38.17489798516573,,,2758
1760711460,1.34062,1.34073,1.33978,1.34033,31.128565496543303,36.74587530157718,,,2336
1760712360,1.34034,1.34064,1.33914,1.33939,26.28490177604118,35.277076237838635,,,3256
1760713260,1.3394,1.33989,1.33911,1.33965,29.55021413110063,34.03493364481601,,,2654
1760714160,1.33964,1.34018,1.33937,1.33992,32.875466875910604,33.06131046813253,,,2432
1760715060,1.3399,1.34134,1.33969,1.34132,46.87702395242017,33.53937560512853,,,2234
1760715960,1.34133,1.34223,1.34122,1.34182,50.822405345617994,34.59932101106483,,,2208
1760716860,1.34181,1.34254,1.34132,1.34254,55.901408566846385,36.35055075669589,,,1924
1760717760,1.34255,1.34311,1.34248,1.34281,57.66706240479389,38.26490584002142,,,1812
1760718660,1.3428,1.343,1.34197,1.34208,51.646146676298265,39.39850240964612,,,1636
1760719560,1.34209,1.34246,1.3416,1.34167,48.578372677605564,40.14779710422959,,,1745
1760720460,1.34166,1.34174,1.34107,1.3417,48.81793873827634,41.05247951119653,,,1816
1760721360,1.34184,1.34231,1.3418,1.34221,52.84032594412295,42.5795531459425,,,1348
1760722260,1.3422,1.3425,1.34196,1.34203,51.307701752875424,44.07393825988979,,,1564
1760723160,1.34202,1.34249,1.34137,1.34138,46.10699311482785,45.028894818091494,,,2072
1760724060,1.34137,1.34234,1.34137,1.34225,52.97732715196308,46.58952065062147,,,1782
1760724960,1.34226,1.34373,1.34224,1.34309,58.48082577323642,48.88922950756399,,,1686
1760725860,1.3431,1.34391,1.34307,1.34373,62.118655034163076,51.2155467149256,,,1220
1760726760,1.34375,1.34387,1.3431,1.34359,60.862406777613714,53.21461385076153,,,1560
1760727660,1.3436,1.34377,1.3433,1.34338,58.937021895319035,54.0760422752543,,,1134
1760728560,1.34339,1.34353,1.34317,1.34318,57.084835981414116,54.523358749239755,,,984
1760729460,1.34314,1.34322,1.34291,1.34292,54.6791115696882,54.436051820871306,,,912
1760730360,1.34295,1.34378,1.34291,1.34378,60.59460041795891,54.64516167895452,,,1142
1760731260,1.34379,1.34379,1.3427,1.34309,54.453409162563986,54.8456804279735,,,810
1760732160,1.34308,1.34309,1.34264,1.34269,51.21303756745818,55.03387077724869,,,730
1760733060,1.3427,1.34294,1.34209,1.34258,50.326125397266885,55.14159839574801,,,930
1760733960,1.34259,1.3428,1.34217,1.34241,48.916207646982606,54.86130423166656,,,920
1760907660,1.34254,1.34288,1.34239,1.34284,52.53820911375791,54.94919761458674,,,67
1760908560,1.34284,1.34286,1.34238,1.34267,50.99867425577571,55.29860341036873,,,144
1760909460,1.3424,1.34265,1.34102,1.34243,48.823518602325514,55.00190279968033,,,171
1760910360,1.34242,1.34256,1.34144,1.34225,47.19760537054224,54.195958485202176,,,568
1760911260,1.34234,1.34294,1.34234,1.3429,53.25182888456965,53.562613760231216,,,579
1760912160,1.34289,1.3429,1.34252,1.3426,50.38064419358004,52.813916432800234,,,825
1760913060,1.34261,1.34298,1.34256,1.34283,52.49536879399249,52.353798354134064,,,510
1760913960,1.34288,1.34292,1.34261,1.34261,50.287650924198545,51.868285135761525,,,472
1760914860,1.34258,1.3428,1.34249,1.34263,50.49149326949951,51.569169542890904,,,568
1760915760,1.34262,1.34295,1.34257,1.34283,52.58525946475546,50.99707376051923,,,528
1760916660,1.34284,1.34311,1.34279,1.34289,53.22436704313785,50.90928503770307,,,436
1760917560,1.3429,1.34293,1.34249,1.34277,51.72275777297485,50.94569362381141,,,740
1760918460,1.34276,1.34279,1.34227,1.34229,46.117945605710155,50.645109352985926,,,1764
1760919360,1.34228,1.3429,1.34219,1.34253,49.088580537046404,50.6574217022762,,,1312
1760920260,1.34254,1.34309,1.34247,1.34309,55.28348427831561,50.853512785458896,,,988
1760921160,1.34308,1.34349,1.34279,1.34349,59.110722065171686,51.43294477184431,,,1368
1760922060,1.34347,1.34373,1.34326,1.34362,60.299980536283584,52.25269205284132,,,1472
1760922960,1.34363,1.34369,1.34288,1.34288,51.17561039981293,52.536835269217804,,,1538
1760923860,1.34289,1.34312,1.34271,1.34309,53.33366142257791,52.5426804505041,,,1569
1760924760,1.3431,1.3436,1.34309,1.34337,56.11867935294504,52.95254010474446,,,1394
1760925660,1.34336,1.34381,1.34324,1.34379,59.97709344636842,53.48694900848559,,,1097
1760926560,1.3438,1.34422,1.34377,1.34418,63.2118191428079,54.4101038812434,,,782
1760927460,1.34417,1.34433,1.34387,1.3439,59.494065654942396,55.0531447659179,,,860
1760928360,1.34391,1.34393,1.34349,1.34351,54.67092444212876,55.20212083573028,,,730
1760929260,1.34352,1.34375,1.34341,1.34372,56.706191896803624,55.45082261099212,,,768
1760930160,1.34371,1.34395,1.34371,1.34383,57.775654555989455,55.883172381207444,,,522
1760931060,1.34382,1.34389,1.34368,1.34371,56.14623209502768,56.59947855901584,,,404
1760931960,1.3437,1.34412,1.34369,1.34406,59.71488955942814,57.35850063204311,,,896
1760932860,1.34407,1.34416,1.34368,1.34376,55.54271072297481,57.37701680666163,,,556
1760933760,1.34375,1.34398,1.34371,1.34383,56.30976506219797,57.17694844930636,,,544
1760934660,1.34384,1.34398,1.34374,1.34396,57.76711516593481,56.99602949428145,,,718
1760935560,1.34395,1.34431,1.34326,1.34339,49.90655814831084,56.90538290488845,,,972
1760936460,1.34338,1.3439,1.34337,1.34381,54.78837900818099,57.009291303860095,,,806
1760937360,1.34382,1.34399,1.34361,1.34399,56.73441747145416,57.05327259803932,,,564
1760938260,1.344,1.34413,1.34379,1.34389,55.31006431196921,56.71991337415367,,,764
1760939160,1.3439,1.34411,1.34363,1.34363,51.67736481227851,55.89602377911585,,,884
1760940060,1.34361,1.34382,1.34292,1.34303,44.42592314975269,54.819727885888014,,,2052
1760940960,1.34307,1.34317,1.34208,1.34239,38.258969637675584,53.64744539985564,,,2154
1760941860,1.3424,1.34278,1.34226,1.34257,40.7501142833157,52.507725570320794,,,1712
1760942760,1.34258,1.34262,1.34124,1.34155,32.6987634420083,50.71651906217927,,,2112
1760943660,1.34156,1.34167,1.34057,1.34149,32.29455536076033,49.01282786687447,,,2306
1760944560,1.34148,1.34223,1.3413,1.34214,40.8282116612502,47.66377944557604,,,1640
1760945460,1.34213,1.3428,1.34207,1.34232,42.97181742413951,46.76585849565924,,,1930
1760946360,1.3423,1.34232,1.34132,1.34154,36.75762809132413,45.36927728345397,,,1978
1760947260,1.34155,1.3423,1.34116,1.34201,42.183168307024644,44.25613822210324,,,1994
1760948160,1.342,1.34241,1.34188,1.34231,45.402849663839575,43.934444758926716,,,1440
1760949060,1.34232,1.34273,1.34211,1.34246,46.992318795671316,43.377583315176025,,,1612
1760949960,1.34247,1.34287,1.34225,1.34264,48.914292597625035,42.81900296704537,,,2090
1760950860,1.34267,1.34351,1.34248,1.34311,53.64094107134377,42.699779878429275,,,2500
1760951760,1.34312,1.34389,1.34308,1.34359,57.922768081868874,43.145880111971444,,,1750
1760952660,1.3436,1.34381,1.34339,1.34341,55.83993086548588,43.961166377380955,,,1650
1760953560,1.3434,1.3436,1.34254,1.34312,52.56066201553818,44.982715832942574,,,2108
1760954460,1.34311,1.34323,1.34147,1.34183,41.02054995496369,45.002032666631706,,,1794
1760955360,1.34184,1.34189,1.34123,1.34174,40.354844131413806,45.548895573017816,,,1432
1760956260,1.34173,1.34183,1.3414,1.34165,39.66167908137787,46.075118695919066,,,1298
1760957160,1.3417,1.34174,1.3407,1.34074,33.41237210410402,45.545415870408625,,,1602
1760958060,1.34077,1.34134,1.34057,1.34083,34.51140884327475,44.94110097177543,,,1282
1760958960,1.34084,1.34131,1.34074,1.34089,35.27834934947904,44.83543820450078,,,1116
1760959860,1.3409,1.34091,1.34001,1.34031,31.444758825864128,44.06840895584646,,,1826
1760960760,1.34036,1.34147,1.34023,1.34141,43.896657486737546,43.96082380033916,,,1460
1760961660,1.3414,1.34143,1.34099,1.34139,43.74109439953952,43.72859348632976,,,1417
1760962560,1.3414,1.34162,1.3411,1.34134,43.327699207886766,43.32955110134845,,,1757
1760963460,1.34133,1.34241,1.34133,1.34229,52.51114663066041,43.24885149844249,,,2047
1760964360,1.34225,1.34299,1.34218,1.34253,54.516368141669204,43.005537216999656,,,2184
1760965260,1.34252,1.34269,1.34218,1.34241,53.30440760099588,42.82442841239323,,,1860
1760966160,1.34242,1.34245,1.34172,1.34179,47.43666757795625,42.45842880970881,,,1720
1760967060,1.3418,1.34183,1.34068,1.34072,39.379926369481026,42.34124141074575,,,2143
1760967960,1.34072,1.34116,1.34019,1.34027,36.56706237731238,42.07068557116708,,,2178
1760968860,1.34028,1.34177,1.34027,1.34159,48.24513375072124,42.68378947612018,,,1903
1760969760,1.34159,1.34222,1.3415,1.34208,51.793045652071186,43.996694729546405,,,1426
1760970660,1.34209,1.34251,1.34177,1.34187,50.204597568678466,45.11763678136096,,,1795
1760971560,1.34186,1.3421,1.34112,1.34161,48.232274501616565,46.04291714937079,,,2184
1760972460,1.34159,1.34188,1.3411,1.34182,49.94280835845392,47.36420640169864,,,1856
1760973360,1.34183,1.3427,1.34181,1.3424,54.42220277954649,48.11603106547069,,,1910
1760974260,1.34238,1.34257,1.34201,1.34208,51.674704110597084,48.68271747340338,,,1422
1760975160,1.34209,1.34276,1.34191,1.34208,51.674704110597084,49.27893210931126,,,1932
1760976060,1.34209,1.34235,1.34119,1.34135,45.585873354406196,48.784269732435966,,,1628
1760976960,1.34133,1.34186,1.34132,1.34161,47.93878373274481,48.31444227465564,,,1502
1760977860,1.34164,1.34191,1.3415,1.34171,48.85481399224006,47.99661415974452,,,1078
1760978760,1.34169,1.34179,1.34142,1.34153,47.2434476720026,47.98281273789068,,,1010
1760979660,1.34152,1.34164,1.34127,1.34131,45.27779385137114,48.404088986597124,,,1060
1760980560,1.34132,1.34133,1.34072,1.34102,42.75263700303192,48.84591574557709,,,1054
1760981460,1.34101,1.34115,1.34054,1.34083,41.134018406090014,48.337978935246284,,,826
1760982360,1.34081,1.34081,1.34013,1.34015,35.89599315912747,47.20247518575031,,,1098
1760983260,1.34017,1.3404,1.34003,1.34034,38.26164524043068,46.34940716230404,,,848
1760984160,1.34035,1.3405,1.34006,1.34033,38.181780890627536,45.63151476151911,,,1098
1760985060,1.34034,1.34074,1.34031,1.34045,39.8055042178886,44.90742160862159,,,984
1760985960,1.34046,1.34126,1.34045,1.3412,48.84861123848146,44.50930792711694,,,1080
1760986860,1.34119,1.34131,1.34087,1.341,46.828280300080614,44.163134797794335,,,792
1760987760,1.34099,1.34105,1.34086,1.3409,45.8081222278033,43.74409323473764,,,542
1760988660,1.34089,1.3409,1.34053,1.34069,43.657226385545705,43.606332736961896,,,710
1760989560,1.34063,1.3407,1.3405,1.3407,43.792569451909955,43.310174574045114,,,664
1760990460,1.34069,1.3411,1.3406,1.34083,45.62132006895058,43.07921072238158,,,564
1760991360,1.34081,1.34092,1.3406,1.3407,44.076930776054745,42.853030944099594,,,499
1760992260,1.34071,1.34074,1.3405,1.34065,43.467443881105766,42.723720231937776,,,410
1760993160,1.34064,1.34065,1.34034,1.34036,40.011618260648504,42.527933178910395,,,440
1760994060,1.34028,1.34033,1.3399,1.34025,38.75306066018566,42.35786476848865,,,35
1760994960,1.34031,1.34053,1.34027,1.34043,41.96972757926824,42.791702941355844,,,332
1760995860,1.34044,1.34079,1.34023,1.34059,44.747555627923944,43.254982254748214,,,240
1760996760,1.34048,1.34077,1.34026,1.34057,44.46105524160928,43.70350185124692,,,313
1760997660,1.34066,1.34087,1.34064,1.3408,48.541395875923136,44.3274941125351,,,270
1760998560,1.34081,1.34087,1.3404,1.34044,43.192474326436425,43.92348433310332,,,560
1760999460,1.34045,1.34061,1.3404,1.34045,43.379117788588296,43.67711558228244,,,328
1761000360,1.34044,1.34068,1.34035,1.34041,42.773736803251694,43.46037376624304,,,386
1761001260,1.3404,1.34047,1.3403,1.34041,42.773736803251694,43.39726736750775,,,300
1761002160,1.34046,1.34048,1.34031,1.34042,43.00435792825566,43.34096654438958,,,364
1761003060,1.34041,1.34048,1.34037,1.34043,43.25064934579237,43.17163292130685,,,284
1761003960,1.34047,1.34052,1.34033,1.34035,41.698261455286534,43.0017279698234,,,656
1761004860,1.34036,1.3411,1.34032,1.34099,55.46869725917061,43.85896035397089,,,1334
1761005760,1.34098,1.34108,1.34078,1.34097,55.03126542685215,44.93179229441402,,,1034
1761006660,1.34096,1.34142,1.3409,1.34138,61.699428556349936,46.57081857271146,,,748
1761007560,1.34137,1.34163,1.34124,1.3413,59.83501701910179,47.846910675556714,,,1032
1761008460,1.34131,1.34138,1.34086,1.34099,53.13470120982491,48.445992502835345,,,1194
1761009360,1.34101,1.34104,1.3404,1.34042,43.49112092401925,48.37671148015034,,,1192
1761010260,1.34044,1.34063,1.33993,1.34001,38.13037938825811,47.633067445317124,,,1028
1761011160,1.34002,1.34046,1.33982,1.33995,37.40378523458982,47.21958965304236,,,1486
1761012060,1.33996,1.34001,1.3394,1.33984,36.047587256424116,46.695908900744925,,,1468
1761012960,1.33986,1.33996,1.3397,1.33989,37.16287226817788,46.295132862525364,,,1126
1761013860,1.33988,1.33989,1.3392,1.33932,30.609377411894172,45.426250048856964,,,1328
1761014760,1.33934,1.33939,1.3391,1.33933,30.839802489703644,44.557353231817544,,,1034
1761015660,1.33934,1.33937,1.33912,1.33921,29.570812641570612,43.580222038658846,,,814
1761016560,1.33917,1.33924,1.33904,1.3391,28.41652601090493,42.63152664977444,,,830
1761017460,1.33909,1.33935,1.33899,1.33909,28.308343548693315,40.691501384740356,,,568
1761018360,1.3391,1.33934,1.33906,1.33924,32.46181478799795,39.07939776767933,,,810
1761019260,1.33926,1.33929,1.33893,1.33914,31.165501030633664,36.89840294441389,,,610
1761020160,1.33916,1.33932,1.339,1.33909,30.509466593918816,34.80372077118653,,,548
1761021060,1.3391,1.33939,1.33887,1.33932,37.07155448148831,33.65635314773392,,,734
1761021960,1.33933,1.3394,1.33878,1.33926,36.1134916849985,33.129379630661006,,,1934
1761022860,1.33927,1.33939,1.33879,1.33886,30.46153980310548,32.58160537457867,,,1384
1761023760,1.33888,1.33888,1.33819,1.3383,24.646020523803585,31.67033646666537,,,1236
1761024660,1.33829,1.33852,1.33745,1.33746,18.83678105474725,30.44099316654559,,,1250
1761025560,1.33749,1.33783,1.33741,1.33773,24.959409148915924,29.569317229455454,,,1454
1761026460,1.33772,1.33832,1.33723,1.3377,24.73612776950955,29.14979939785655,,,1932
1761027360,1.33769,1.33804,1.33734,1.33754,23.527275432878668,28.62747603665477,,,1804
1761028260,1.33755,1.33908,1.33754,1.3387,44.64760340694465,29.704389662752913,,,1818
1761029160,1.33869,1.3394,1.33867,1.33925,51.48870923029381,31.352402749852114,,,2402
1761030060,1.33924,1.33974,1.33814,1.33814,40.58646159947592,32.22941118205087,,,2602
1761030960,1.33816,1.33922,1.33808,1.33901,49.5950753144396,33.45321550536813,,,2510
1761031860,1.339,1.33902,1.33798,1.33893,48.86141670242097,34.717209481924364,,,2420
1761032760,1.3389,1.33954,1.33851,1.33906,50.151870270934815,36.120238315996936,,,2732
1761033660,1.33905,1.33906,1.33795,1.33829,43.198513003419706,36.55787821042061,,,3148
1761034560,1.33827,1.33852,1.33786,1.33826,42.94866705369674,37.046105022470485,,,2518
1761035460,1.33824,1.33877,1.33812,1.33824,42.77106539867925,37.92535685072575,,,1854
1761036360,1.33825,1.33854,1.33739,1.33811,41.56782431344358,39.13405712141432,,,2740
1761037260,1.33809,1.33829,1.33753,1.33779,38.68303293640288,40.551646541532584,,,2092
1761038160,1.33778,1.33875,1.33773,1.33856,48.02935339818564,42.19949970219471,,,1790
1761039060,1.33859,1.33917,1.33836,1.3385,47.42276778054675,43.81997398869736,,,1602
1761039960,1.33851,1.3388,1.3381,1.33842,46.578091156745764,45.46646082611644,,,1538
1761040860,1.33841,1.33877,1.33802,1.33806,42.87703620858969,45.339991740519665,,,1620
1761041760,1.33799,1.33806,1.33661,1.33737,36.83556804393345,44.29333879863678,,,2378
1761042660,1.33735,1.33762,1.33708,1.33747,38.19475334732449,44.12250249491168,,,1933
1761043560,1.33747,1.33844,1.33713,1.33832,48.36543785481326,44.034671247795515,,,2164
1761044460,1.3383,1.33896,1.33813,1.33895,54.360235655199794,44.42744403013686,,,1467
1761045360,1.33896,1.33947,1.33876,1.33876,52.384913185008536,44.58694709542783,,,1724
1761046260,1.33879,1.33909,1.33751,1.33764,42.56590448994005,44.54176077303642,,,1902
1761047160,1.33765,1.33889,1.33723,1.33864,51.33653996748721,45.14089455259289,,,2290
1761048060,1.33865,1.33886,1.33715,1.33762,43.96216520614785,45.225973110269216,,,2552
1761048960,1.33763,1.3383,1.33725,1.33754,43.43516044498642,45.35935426252228,,,2214
1761049860,1.33758,1.33765,1.33693,1.33731,41.88072673344653,45.58776096231111,,,2632
1761050760,1.33732,1.33877,1.33695,1.3386,52.21087222032158,45.886440878177964,,,2670
1761051660,1.33859,1.33878,1.33795,1.33833,50.19971397973604,46.08479417812005,,,2710
1761052560,1.33832,1.33875,1.33825,1.33856,51.89945988114569,46.46489194414862,,,2662
1761053460,1.33855,1.33881,1.33696,1.33697,41.383800522134095,46.35823225225893,,,2762
1761054360,1.33696,1.33808,1.33612,1.33773,46.91993081497273,47.07854387876173,,,3450
1761055260,1.33774,1.33836,1.33714,1.33803,48.96881153040935,47.84811946326779,,,3318
1761056160,1.33805,1.33866,1.33788,1.33807,49.25009476666496,47.911309242685775,,,2834
1761057060,1.33808,1.33828,1.33644,1.33711,43.10867519270403,47.1076263525075,,,3080
1761057960,1.33707,1.3377,1.33655,1.33739,45.25301395025681,46.59820497859666,,,3136
1761058860,1.3374,1.33905,1.33738,1.33861,53.48052759803371,47.37782091488907,,,2646
1761059760,1.3386,1.33941,1.3386,1.33926,57.173367910185355,47.794737196510376,,,2348
1761060660,1.33925,1.33926,1.33773,1.33833,50.94235001854793,48.29332182596753,,,1928
1761061560,1.33832,1.33958,1.33832,1.33947,57.11258469201659,49.27028070075539,,,2076
1761062460,1.33945,1.33983,1.33843,1.33851,51.26511544502649,49.94059418015396,,,2926
1761063360,1.33849,1.33851,1.33804,1.33823,49.66782905655509,49.75894823988493,,,1890
1761064260,1.33824,1.33851,1.3376,1.33772,46.80714539842256,49.51662191264825,,,1950
1761065160,1.33773,1.338,1.33715,1.33724,44.225350796712185,48.96847126376014,,,2506
1761066060,1.33726,1.33727,1.3368,1.33703,43.10513603004862,49.09142380003975,,,2132
1761066960,1.33704,1.33713,1.33655,1.33666,41.12844231679155,48.67774605016967,,,1700
1761067860,1.33674,1.33694,1.33654,1.33686,42.659133454722955,48.22705475904921,,,1630
1761068760,1.33684,1.33753,1.33674,1.33752,47.50936519269554,48.10271693233711,,,1396
1761069660,1.33753,1.33771,1.33724,1.33753,47.58171240716057,48.422219590512576,,,1216
1761070560,1.3375,1.33754,1.33718,1.33739,46.61307669254937,48.51936692924777,,,900
1761071460,1.3374,1.3376,1.33726,1.33729,45.894394796129575,47.97750030054033,,,900
1761072360,1.33727,1.33759,1.33713,1.33736,46.51602956779515,47.21626184751245,,,1332
1761073260,1.33737,1.33756,1.33723,1.33732,46.189454886712554,46.87676933809564,,,1038
1761074160,1.3373,1.33742,1.33694,1.33698,43.40027838419486,45.89731888753695,,,834
1761075060,1.33699,1.33735,1.33693,1.33733,46.95151766091232,45.58920476010022,,,714
1761075960,1.33734,1.33747,1.33699,1.33702,44.30026972431659,45.20580766494033,,,974
1761076860,1.33703,1.33709,1.3367,1.33671,41.760738471847084,44.8453500273278,,,614
1761077760,1.33672,1.33678,1.33663,1.33671,41.760738471847084,44.66930628983743,,,631
1761078660,1.3367,1.33685,1.33658,1.33668,41.49377058712738,44.554208758200204,,,413
1761079560,1.33666,1.33697,1.33656,1.3369,44.305597042537805,44.781148381467794,,,614
1761080460,1.33693,1.33694,1.33693,1.33694,44.82481794970142,44.93584013110911,,,4
1761081360,1.3367,1.33697,1.33614,1.33671,42.37836246293371,44.56933993612613,,,258
1761082260,1.33672,1.33693,1.33647,1.33659,41.11745531612034,44.10760728676611,,,330
1761083160,1.3366,1.33712,1.33658,1.3369,45.618901308537474,44.036594759336694,,,822
1761084060,1.33691,1.33703,1.3367,1.33684,44.903386203789125,43.965808431312375,,,422
1761084960,1.33683,1.33718,1.33681,1.33717,49.58683051071854,44.1851513558069,,,369
1761085860,1.33716,1.33716,1.33699,1.33706,48.118525793523595,44.32294213486483,,,304
1761086760,1.33707,1.33707,1.3368,1.33681,44.866848654410745,44.42769715416597,,,454
1761087660,1.3368,1.337,1.33675,1.33688,45.967855511264425,44.35743557204826,,,722
1761088560,1.33687,1.33694,1.33671,1.33677,44.46514190777708,44.369212156581156,,,600
1761089460,1.33676,1.33687,1.33666,1.33671,43.627372909855836,44.502543187867495,,,545
1761090360,1.3367,1.33672,1.33639,1.3367,43.480334461379364,44.62537147283409,,,1019
1761091260,1.33672,1.33705,1.3364,1.33688,46.9464533860932,45.014848815617356,,,1945
1761092160,1.33689,1.33735,1.33687,1.33728,53.7362515416438,45.68846699412493,,,1492
1761093060,1.33729,1.33746,1.33705,1.33726,53.368476767527206,46.29872833825534,,,1182
1761093960,1.33729,1.33741,1.33709,1.33724,52.97800034623433,47.05584532991968,,,1318
1761094860,1.33723,1.33776,1.33714,1.33741,55.92962011332625,48.11385710114867,,,1396
1761095760,1.33743,1.33754,1.337,1.33713,50.32626891408591,48.45009764440213,,,1294
1761096660,1.33714,1.3373,1.3368,1.33712,50.13309116132969,48.823647998512165,,,1144
1761097560,1.33714,1.33727,1.33692,1.33717,51.142912713675614,48.93479672729482,,,1192
1761098460,1.33716,1.33803,1.33716,1.33798,63.897559720885596,50.06187057924923,,,862
1761099360,1.33799,1.33799,1.33739,1.3374,53.1898355087357,50.656369640272445,,,1034
1761100260,1.33739,1.33776,1.33729,1.33752,54.87472230826351,51.29257441148666,,,792
1761101160,1.33755,1.3378,1.33752,1.33763,56.42312103412299,52.14671577765423,,,554
1761102060,1.33764,1.3377,1.33739,1.33741,52.54011041727886,52.7833398853273,,,540
1761102960,1.33742,1.33743,1.33711,1.33731,50.82782941263637,53.30816095327424,,,878
1761103860,1.33732,1.33763,1.33726,1.33751,54.053022251258945,53.81577301507179,,,770
1761104760,1.33753,1.33764,1.33735,1.33751,54.053022251258945,53.83839949433001,,,816
1761105660,1.33752,1.33773,1.33746,1.33771,57.30107181380225,54.119299140492515,,,964
1761106560,1.3377,1.33784,1.33744,1.33761,55.19991347017707,54.27800722077414,,,848
1761107460,1.3376,1.33792,1.33756,1.33789,59.66029001107892,54.54448364204218,,,470
1761108360,1.33788,1.33805,1.33782,1.33804,61.85151931645535,55.367715813640004,,,802
1761109260,1.33805,1.33853,1.33799,1.33843,66.88771139821552,56.56447440198898,,,616
1761110160,1.33842,1.33854,1.33833,1.33854,68.1643035106043,57.780288030341026,,,728
1761111060,1.33857,1.33861,1.33837,1.33839,64.51184192250435,57.82416533045666,,,729
1761111960,1.3384,1.33872,1.33447,1.33455,26.041741211993028,55.885015737832184,,,1265
1761112860,1.33456,1.33546,1.33378,1.33406,24.069330171690424,53.684630585219814,,,3236
1761113760,1.33404,1.33511,1.33328,1.3341,24.571569906888953,51.409519790417384,,,2862
1761114660,1.33409,1.33409,1.33292,1.33337,21.744763430395793,49.20985214849717,,,2902
1761115560,1.33335,1.33405,1.33273,1.33281,19.85747988183175,46.99768432486827,,,2540
1761116460,1.33284,1.33314,1.33226,1.3325,18.880566971666752,44.485366090611684,,,2632
1761117360,1.33248,1.33286,1.33195,1.33269,21.431828352509257,42.15528081212956,,,2390
1761118260,1.33268,1.33382,1.3323,1.33359,32.29430467759968,40.36908315954366,,,2212
1761119160,1.33361,1.33369,1.33186,1.33197,25.46863764219701,38.245420600402234,,,2428
1761120060,1.33198,1.3326,1.33146,1.33189,25.18554397644219,35.782938740785326,,,3002
1761120960,1.33187,1.33249,1.33151,1.33228,29.31067346002648,33.45859260818326,,,2570
1761121860,1.33229,1.33229,1.33126,1.33167,26.81976933240749,30.59659674633983,,,2516
1761122760,1.33168,1.3326,1.33138,1.33211,31.35155580868914,27.967114767631607,,,2192
1761123660,1.3321,1.33272,1.33202,1.33218,32.0722531521902,25.65000128403774,,,1964
1761124560,1.33219,1.33239,1.33166,1.33229,33.25802357652806,26.165450024361668,,,2002
1761125460,1.33228,1.33259,1.33208,1.33221,32.809449335360284,26.789744250338085,,,1768
1761126360,1.33222,1.33236,1.3318,1.33183,30.691870697456167,27.226908592521454,,,1276
1761127260,1.33182,1.33233,1.33149,1.33184,30.81841197633669,27.87502634580295,,,1486
1761128160,1.33181,1.33191,1.33071,1.33086,25.83941869138087,28.302307689342175,,,1470
1761129060,1.33087,1.33133,1.33058,1.33131,31.325917291637325,29.19126128362578,,,1606
1761129960,1.3313,1.3316,1.33095,1.33119,30.674215334807513,29.851431782361374,,,1862
1761130860,1.33118,1.33169,1.33116,1.33154,34.92648663248151,30.039444779138652,,,1800
1761131760,1.33153,1.3317,1.33119,1.33148,34.53541284041731,30.68707157901153,,,1446
1761132660,1.33147,1.33235,1.33142,1.33196,40.29497375364263,31.766316563097273,,,1744
1761133560,1.33197,1.33333,1.33197,1.33288,49.47100486219486,33.20634023468073,,,2032
1761134460,1.33287,1.33405,1.33279,1.3337,55.966834151021025,35.28827343601027,,,2116
1761135360,1.33368,1.33378,1.33289,1.33317,51.37008381589222,36.71816829366763,,,1726
1761136260,1.33318,1.33337,1.33116,1.33122,38.7571649569037,37.19566199400431,,,1814
1761137160,1.33121,1.33342,1.33102,1.33244,47.45045535345736,38.209407120927835,,,2800
1761138060,1.33242,1.3327,1.33163,1.33267,48.92246784396831,39.36033701439983,,,2230
1761138960,1.33266,1.33365,1.33208,1.33338,53.2737629842227,40.97332932059744,,,2208
1761139860,1.33339,1.33429,1.33321,1.33379,55.62469555444046,42.74520671903343,,,2548
1761140760,1.33371,1.33475,1.33311,1.33469,60.341607878614234,45.20964880383581,,,2716
1761141660,1.33468,1.33548,1.33455,1.33488,61.277394442848404,47.34904002892232,,,2656
1761142560,1.33483,1.3353,1.33455,1.33528,63.24375826676283,49.67543595263341,,,2382
1761143460,1.33529,1.33561,1.33458,1.33475,58.970724465849585,51.392881512159704,,,2386
1761144360,1.33474,1.33575,1.33437,1.33558,63.16768235532544,53.438043620367424,,,2596
1761145260,1.33563,1.33692,1.33557,1.33626,66.21668969044724,55.289594758710614,,,2600
1761146160,1.33625,1.33696,1.33578,1.33668,67.97979629905488,56.6116512899149,,,2254
1761147060,1.33669,1.3373,1.33633,1.33692,68.97616146806126,57.54088895541777,,,2092
1761147960,1.33693,1.33746,1.33665,1.33719,70.10324400125657,58.87897182580094,,,2116
1761148860,1.3372,1.33725,1.33658,1.33679,66.26255387515785,60.8436424628191,,,1478
1761149760,1.3368,1.33731,1.33644,1.33719,68.14218171046512,62.32162291689108,,,1414
1761150660,1.3372,1.33764,1.33659,1.33741,69.15988919035492,63.76715301306155,,,3129
1761151560,1.3374,1.33751,1.3369,1.33707,65.66844894346485,64.65248772443599,,,1853
1761152460,1.33706,1.33723,1.3364,1.33653,60.44884159416961,64.99706958441665,,,1733
1761153360,1.33652,1.33676,1.33619,1.33639,59.136474109767285,64.91098860092757,,,1504
1761154260,1.3364,1.33703,1.33607,1.33629,58.16509982014105,64.68868184216277,,,1478
1761155160,1.33628,1.3364,1.33581,1.33613,56.56415219056989,64.21156712243469,,,1606
1761156060,1.33611,1.33619,1.33588,1.3359,54.252477286553805,63.8745494667707,,,1290
1761156960,1.33589,1.3361,1.33577,1.33583,53.53537482836114,63.18652750055897,,,1206
1761157860,1.33584,1.33605,1.33552,1.33569,52.053451124289865,62.174867602976306,,,1230
1761158760,1.3357,1.33577,1.33541,1.33557,50.75652635909575,60.94463403583637,,,954
1761159660,1.33556,1.33609,1.33525,1.33609,55.88574260101398,60.009604116761565,,,1216
1761160560,1.33608,1.33611,1.33566,1.3357,51.54895510936202,58.684297767340524,,,1138
1761161460,1.33571,1.33591,1.33559,1.33559,50.36187035416175,57.54853465869795,,,1088
1761162360,1.33561,1.33574,1.33551,1.33559,50.361870354161766,56.278512418961995,,,1091
1761163260,1.33558,1.3362,1.33558,1.33609,55.735460043232344,55.31962462273895,,,502
1761164160,1.33608,1.33613,1.33582,1.33604,55.09316949039353,54.56424751894814,,,328
1761165060,1.33605,1.33609,1.33573,1.33594,53.758835720360295,54.08638995653319,,,614
1761165960,1.33592,1.33593,1.3355,1.33555,48.795270426331946,53.347732550573525,,,564
1761166860,1.33542,1.33543,1.33508,1.33532,46.092424145050224,52.48539857378132,,,97
1761167760,1.33532,1.33547,1.33511,1.33523,45.04106374955889,51.66232082799481,,,319
1761168660,1.33524,1.33546,1.33508,1.3353,46.07140568871242,51.07795857100614,,,795
1761169560,1.33535,1.33557,1.33509,1.33557,49.96763491722469,50.82312000592497,,,1288
1761170460,1.33579,1.336,1.33569,1.33599,55.369318357258564,51.059967665422725,,,494
1761171360,1.3359,1.33595,1.33577,1.33586,53.445910774388494,51.25206655222935,,,465
1761172260,1.33587,1.33588,1.3357,1.33574,51.66190942852904,50.95036418276614,,,284
1761173160,1.33575,1.33576,1.33551,1.33553,48.604325757512505,50.74003351477688,,,482
1761174060,1.33554,1.33559,1.33535,1.33537,46.353332320310166,50.45370936950177,,,472
1761174960,1.33538,1.3355,1.33526,1.33529,45.225518155271544,50.08682706958105,,,420
1761175860,1.3353,1.33545,1.33509,1.33509,42.445107681521144,49.13751618660167,,,464
1761176760,1.33507,1.33528,1.33492,1.33499,41.08503016188908,48.136934805994215,,,898
1761177660,1.33498,1.33508,1.33442,1.33444,34.531201476277175,46.76353235998828,,,1238
1761178560,1.33445,1.33446,1.33395,1.33429,32.98576455869215,45.634281940871155,,,1126
1761179460,1.3343,1.3345,1.33419,1.33434,34.04537991779338,44.77377878178138,,,712
1761180360,1.33433,1.33475,1.33432,1.33461,39.599323029765486,44.38508301608184,,,1040
1761181260,1.33463,1.33475,1.33428,1.33438,36.759601501194545,43.719954145544854,,,788
1761182160,1.33437,1.33449,1.33396,1.33419,34.555099064935604,42.619058727524205,,,1036
1761183060,1.33418,1.3344,1.334,1.3342,34.77680277196522,41.14816475714611,,,1046
1761183960,1.33421,1.33441,1.33382,1.33389,31.243336693347956,39.56226660850036,,,982
1761184860,1.33388,1.3339,1.33362,1.33375,29.772134797292452,37.998711277697744,,,838
1761185760,1.33377,1.334,1.33365,1.33367,28.933707164484574,36.593667092481475,,,672
1761186660,1.33368,1.33379,1.33349,1.33359,28.08204182710037,35.28857491439505,,,568
1761187560,1.33361,1.33386,1.33358,1.33374,32.116761787176046,34.3522351738168,,,742
1761188460,1.33378,1.33403,1.33372,1.33399,38.32695188488992,34.05808118834314,,,638
1761189360,1.33398,1.334,1.33367,1.33378,35.39754651204328,33.651832356211294,,,546
1761190260,1.33374,1.3338,1.33348,1.33362,33.308646967919174,33.56450703418572,,,624
1761191160,1.33361,1.33363,1.33327,1.33331,29.6569309643061,33.32673320601529,,,544
1761192060,1.3333,1.33338,1.33298,1.33338,31.483582391531584,33.143747668425156,,,668
1761192960,1.33335,1.33352,1.33332,1.33352,35.112760998143486,32.82327895188073,,,450
1761193860,1.33348,1.33362,1.3334,1.33357,36.408271612061114,32.79818395979977,,,556
1761194760,1.33358,1.33396,1.33354,1.3339,44.311042435659175,33.4950370577086,,,448
1761195660,1.33389,1.33414,1.33389,1.33393,44.98044569859467,34.22386869532499,,,438
1761196560,1.33391,1.33418,1.33388,1.33409,48.53369085096695,35.458893992297774,,,434
1761197460,1.33408,1.33423,1.33396,1.33412,49.196197556360104,36.84632704651689,,,608
1761198360,1.33411,1.3351,1.33408,1.33463,58.885560655717136,38.985745153033506,,,916
1761199260,1.33467,1.3356,1.33467,1.33559,70.34917437408164,42.004826049246454,,,1472
1761200160,1.33553,1.33573,1.33505,1.33526,63.76725877078391,44.26557583378987,,,1282
1761201060,1.33527,1.33566,1.33448,1.33479,55.76482240730488,45.511138013962366,,,1634
1761201960,1.33478,1.33502,1.33467,1.3349,57.121097096216324,47.062820198546156,,,1590
1761202860,1.33489,1.33553,1.33482,1.33534,62.12366004601307,49.12103541841001,,,1748
1761203760,1.33535,1.33562,1.33477,1.33498,56.332779757699754,51.02645318936669,,,1712
1761204660,1.33494,1.33517,1.33446,1.33513,58.085936558242686,52.926621344131775,,,1470
1761205560,1.33514,1.33544,1.33473,1.33512,57.918989176558036,54.55563764258996,,,1402
1761206460,1.33511,1.33555,1.33489,1.33509,57.386119007068864,56.054055313661934,,,1602
1761207360,1.33507,1.33552,1.33492,1.33541,61.45929772457306,57.278930691441495,,,1766
1761208260,1.3354,1.33554,1.33458,1.33459,48.631581878072446,57.53972613283277,,,1290
1761209160,1.3346,1.33508,1.3344,1.33502,54.04792480432384,57.933599986643976,,,1318
1761210060,1.33505,1.33528,1.3348,1.33502,54.04792480432384,58.2801519329271,,,1340
1761210960,1.33503,1.33534,1.33497,1.33519,56.167068053246275,58.08597388989347,,,1068
1761211860,1.33521,1.33549,1.33491,1.33504,53.80909990381459,56.9045399991601,,,988
1761212760,1.3351,1.33525,1.33472,1.33479,50.03863366910628,55.923923920468845,,,1196
1761213660,1.33478,1.33513,1.33463,1.33508,54.05999450443073,55.802150498834976,,,1150
1761214560,1.33507,1.33519,1.33477,1.33491,51.445878066480574,55.39677771099671,,,1058
1761215460,1.33492,1.33509,1.33412,1.33426,42.90330342330308,54.02389509508885,,,1158
1761216360,1.33423,1.33434,1.33352,1.33373,37.443666491665695,52.67467271894356,,,1574
1761217260,1.33377,1.33394,1.33337,1.33369,37.06035537504724,51.17284549157246,,,1292
1761218160,1.3337,1.33393,1.33368,1.33391,40.65850252774425,49.939953588085764,,,884
1761219060,1.33392,1.33423,1.33368,1.33389,40.432207979685145,48.728959943272635,,,836
1761219960,1.33388,1.33403,1.33355,1.33367,37.931299485612385,47.04838864048973,,,1256
1761220860,1.33368,1.33403,1.33358,1.33371,38.67403928729397,46.337135598291276,,,1439
1761221760,1.33372,1.33372,1.33265,1.3336,37.350379308086225,45.14445377713144,,,1555
1761222660,1.33359,1.33444,1.33359,1.3344,50.594284965600174,44.897765217222606,,,1454
1761223560,1.33442,1.33503,1.33421,1.33453,52.356814771812985,44.62560426854879,,,1614
1761224460,1.33452,1.33475,1.33431,1.3345,51.89670479565412,44.489004617965904,,,1574
1761225360,1.33453,1.33478,1.33414,1.33473,55.15082894137908,44.85416142312825,,,1514
1761226260,1.33472,1.33481,1.33345,1.33354,40.05341282570935,43.853691303219584,,,2690
1761227160,1.33357,1.33369,1.33243,1.33292,34.72048426297657,42.659020317255006,,,2589
1761228060,1.33295,1.33369,1.33271,1.33278,33.63156824140495,41.996753518548005,,,2566
1761228960,1.33279,1.33345,1.33254,1.33342,42.50825201654632,42.358509627468045,,,1886
1761229860,1.33346,1.33373,1.3326,1.33263,36.09136614415393,42.28929611097567,,,1730
1761230760,1.33262,1.3328,1.33202,1.33236,34.19163437485906,41.82737695719816,,,2370
1761231660,1.33235,1.33247,1.33111,1.33141,28.50609996451091,40.97551209897142,,,1920
1761232560,1.3314,1.33234,1.33112,1.33214,37.154041135591086,40.91999364539847,,,1848
1761233460,1.33216,1.3326,1.33159,1.33202,36.3751239446214,40.75578540663614,,,1778
1761234360,1.33201,1.33243,1.33182,1.33242,40.8282317363193,41.00420343722421,,,1490
1761235260,1.33241,1.33262,1.33211,1.33222,39.345422905283485,40.20071329005874,,,1246
1761236160,1.33221,1.33223,1.33177,1.33192,37.165028754394676,39.115585717386,,,1372
1761237060,1.33193,1.33224,1.3317,1.33171,35.67469419305327,37.95687067434308,,,972
1761237960,1.3317,1.33174,1.33119,1.33133,33.0889736735041,36.38102386949486,,,1283
1761238860,1.33133,1.33164,1.33078,1.33098,30.869642783591246,35.72504029505786,,,1582
1761239760,1.33097,1.33136,1.33082,1.33134,35.65047237750464,35.791468017524146,,,1148
1761240660,1.33135,1.33203,1.33132,1.33202,43.58658703071035,36.50254078818882,,,954
1761241560,1.33203,1.33212,1.33163,1.33173,41.250110336587696,36.41267352533463,,,912
1761242460,1.33169,1.33207,1.33161,1.332,44.24671532413342,36.99519846676174,,,912
1761243360,1.33202,1.33214,1.3318,1.33184,42.8518480011295,37.61378515435248,,,678
1761244260,1.33188,1.33243,1.33182,1.33232,48.13432744958381,39.01580140328626,,,724
1761245160,1.33233,1.33266,1.33228,1.33265,51.45651368310423,40.03740658525148,,,882
1761246060,1.33266,1.33268,1.33243,1.3325,49.892148403332385,41.002908332302276,,,834
1761246960,1.33249,1.33251,1.33234,1.33234,48.20856205738465,41.53007478380694,,,404
1761247860,1.33235,1.33253,1.33232,1.33241,49.01910014433633,42.22105172945358,,,540
1761248760,1.3324,1.33251,1.33229,1.33231,47.86661634272195,42.98545084290553,,,710
1761249660,1.3323,1.33233,1.33212,1.3323,47.74572681312809,43.84766745862516,,,432
1761250560,1.33229,1.33229,1.33211,1.33222,46.72897058060909,44.82195295198979,,,226
1761251460,1.33224,1.3325,1.33223,1.33241,49.48059321987303,46.15130655458136,,,238
1761252360,1.3324,1.33285,1.3324,1.33254,51.332878516118114,47.27147842162517,,,490
1761253260,1.33218,1.3322,1.33204,1.33218,46.27319916573176,47.46337928841241,,,32
1761254160,1.33216,1.33216,1.33197,1.33211,45.33743893710622,47.7553313313066,,,1909
1761255060,1.33209,1.33228,1.33185,1.33219,46.664908976121964,47.928059449305785,,,985
1761255960,1.3322,1.33269,1.33218,1.3326,52.96868056121826,48.65069034645497,,,852
1761256860,1.33262,1.333,1.33261,1.33295,57.57810177626242,49.32524565550345,,,478
1761257760,1.33294,1.33302,1.33281,1.33297,57.83242411191054,49.78066782898962,,,583
1761258660,1.33298,1.33299,1.33272,1.33274,53.83533055609316,50.06232369704396,,,318
1761259560,1.33273,1.33283,1.33265,1.33271,53.31769702474532,50.42726190899829,,,480
1761260460,1.33272,1.33274,1.33257,1.33266,52.41315499130578,50.669694398067534,,,423
1761261360,1.33265,1.33274,1.33251,1.33252,49.862374753042914,50.812248570233315,,,333
1761262260,1.33254,1.33269,1.33241,1.33268,52.69578346767177,51.16582404555787,,,417
1761263160,1.33265,1.33284,1.33254,1.33263,51.712284530756314,51.52177504199695,,,650
1761264060,1.33262,1.33316,1.33262,1.33291,56.597517809180765,52.03012679837608,,,1418
1761264960,1.33292,1.33298,1.33277,1.33297,57.58770727201603,52.47690028094022,,,1014
1761265860,1.33296,1.33326,1.33291,1.33324,61.81001968962701,53.58667317550417,,,753
1761266760,1.33325,1.33325,1.33295,1.33299,56.22822432173273,54.3645864172632,,,1218
1761267660,1.33298,1.33314,1.33267,1.33278,51.981737413589784,54.74435987708233,,,1014
1761268560,1.33279,1.33282,1.33225,1.33228,43.548667761871336,54.07150181998612,,,1322
1761269460,1.33229,1.33254,1.33214,1.33249,47.40780453537027,53.34505201706525,,,1426
1761270360,1.33248,1.3325,1.33212,1.33217,42.62586037724712,52.25886889316073,,,1060
1761271260,1.33218,1.33263,1.33211,1.33255,49.18122897653414,51.92643306604937,,,914
1761272160,1.33257,1.33259,1.33224,1.33226,44.959401016484776,51.32941192260218,,,1028
1761273060,1.33227,1.33243,1.33193,1.33202,41.764165396704286,50.56876980870208,,,1498
1761273960,1.33201,1.33209,1.33176,1.33199,41.368392802816956,49.962056812257366,,,1016
1761274860,1.332,1.33207,1.33189,1.33193,40.54092660829581,49.093852750873374,,,996
1761275760,1.33194,1.33241,1.33189,1.33237,48.65220842513388,48.87527588618605,,,1026
1761276660,1.33238,1.33256,1.33236,1.33254,51.41022679246651,48.50475509927789,,,734
1761277560,1.33253,1.33284,1.33248,1.3325,50.719908159128806,48.01419801978595,,,828
1761278460,1.33249,1.3325,1.33221,1.33236,48.27653983613479,47.04752088739365,,,1094
1761279360,1.33237,1.33242,1.33208,1.33212,44.333673216654354,46.197910094173764,,,830
1761280260,1.33214,1.33223,1.33205,1.33205,43.224803656367015,45.572414825800706,,,724
1761281160,1.33206,1.33217,1.33192,1.33209,44.085437288260216,45.61075550625706,,,704
1761282060,1.33207,1.33213,1.33193,1.33194,41.54232013082009,45.19179233450347,,,624
1761282960,1.33195,1.33212,1.33116,1.33122,32.000116247244904,44.43281061093188,,,746
1761283860,1.33121,1.33173,1.33117,1.33172,41.96887575808918,43.9176425239001,,,884
1761284760,1.33173,1.33291,1.3316,1.33269,55.5752965912907,44.675920779243384,,,1093
1761285660,1.3327,1.33309,1.33121,1.33142,41.76717298845037,44.676135607225255,,,2023
1761286560,1.33138,1.33313,1.33128,1.33281,54.95786564128934,45.64681223854471,,,1792
1761287460,1.33279,1.33336,1.33236,1.33283,55.11540783525913,46.687846611899225,,,1920
1761288360,1.33284,1.33331,1.33261,1.333,56.50789737274385,47.24896725101423,,,1616
1761289260,1.33299,1.33332,1.33229,1.33232,49.84638282518058,47.1372641104938,,,2168
1761290160,1.33236,1.33309,1.3321,1.33283,54.20664169130108,47.38631650564896,,,2074
1761291060,1.33284,1.33319,1.33231,1.33233,49.64933783849525,47.48437350581757,,,2391
1761291960,1.33234,1.33234,1.3314,1.3316,43.85254446246246,47.45000716623243,,,1883
1761292860,1.33162,1.33162,1.33095,1.33113,40.568402323045866,47.26026421385235,,,1991
1761293760,1.33112,1.33112,1.33005,1.33093,39.222303139606694,46.91289748894853,,,2185
1761294660,1.33094,1.3322,1.33065,1.33219,50.3904197842111,47.54490460704789,,,2349
1761295560,1.33218,1.33265,1.33179,1.33182,47.62304050706495,48.66082776846361,,,2011
1761296460,1.33184,1.33203,1.33133,1.33145,44.96373766984966,48.874746476446504,,,1677
1761297360,1.33144,1.33229,1.33142,1.33194,49.023492389496596,48.40676046203265,,,1879
1761298260,1.33195,1.33211,1.33178,1.33202,49.67617656550464,48.971689288965095,,,1308
1761299160,1.33203,1.33253,1.33201,1.33234,52.30665911508697,48.78231739423636,,,1944
1761300060,1.33233,1.33255,1.33195,1.33206,49.85121378783965,48.4063035337064,,,1660
1761300960,1.33207,1.33215,1.33165,1.33197,49.05410462562199,47.87388976605484,,,1126
1761301860,1.33199,1.33224,1.33176,1.33177,47.24617754014122,47.68816081712345,,,1232
1761302760,1.33185,1.33209,1.33141,1.33157,45.44252572462987,47.06215253378979,,,1092
1761303660,1.33156,1.3318,1.33098,1.33138,43.734408880969674,46.63965760825225,,,1632
1761304560,1.33137,1.332,1.33083,1.33084,39.22198839123015,46.30890360316423,,,1536
1761305460,1.33085,1.33105,1.33036,1.33038,35.83051718820978,45.97048323639022,,,1348
1761306360,1.33041,1.33096,1.33003,1.33093,42.25931809994113,46.18741287641411,,,1602
1761307260,1.33095,1.33129,1.33062,1.33086,41.68688996989681,45.56573217539166,,,1673
1761308160,1.33085,1.33592,1.33045,1.3345,66.8403076406071,46.93839411350181,,,1988
1761309060,1.33446,1.33588,1.3334,1.33482,68.14135002345083,48.59393785304474,,,5085
1761309960,1.33481,1.33488,1.33353,1.33449,65.29612257785249,49.75626858078446,,,3818
1761310860,1.33448,1.33592,1.33446,1.33492,67.21697700599547,51.00918289796237,,,3314
1761311760,1.33493,1.33527,1.33438,1.33472,65.40369659005233,51.94468557474561,,,2879
1761312660,1.33473,1.3351,1.33329,1.33391,58.51846395294399,52.56377487225306,,,3010
1761313560,1.33394,1.33397,1.33289,1.33382,57.79049159932302,53.18780251323171,,,3067
1761314460,1.33379,1.33382,1.33242,1.33297,51.29969697387094,53.47733961564097,,,3287
1761315360,1.33294,1.33337,1.33141,1.33144,42.12765640194469,53.24056323544918,,,2654
1761316260,1.3314,1.33181,1.33088,1.331,39.91731953755611,52.967913996633925,,,2534
1761317160,1.33099,1.33113,1.32937,1.32999,35.33439965656211,52.69022908701477,,,3074
1761318060,1.33,1.3308,1.32957,1.33057,39.62141583472909,52.96100756176615,,,2782
1761318960,1.33056,1.33064,1.33001,1.33037,38.669417638073305,52.70458610020417,,,1822
1761319860,1.33038,1.33039,1.32933,1.32974,35.75508458402986,52.28088571549939,,,1870
1761320760,1.32972,1.32984,1.3291,1.32972,35.66319507541154,50.05394910369971,,,2114
1761321660,1.32971,1.32989,1.32943,1.32983,36.62785426203523,47.80298512074145,,,1490
1761322560,1.32984,1.32993,1.32923,1.32949,34.88666956239982,45.630881333923405,,,1076
1761323460,1.32954,1.32954,1.32877,1.32923,33.57236966067015,43.227695094971594,,,1363
1761324360,1.32923,1.3297,1.32922,1.32968,37.93084549537508,41.26534858820893,,,1350
1761325260,1.3296,1.33068,1.3296,1.33023,42.865106971709906,40.14725166097792,,,1087
1761326160,1.33024,1.33053,1.33007,1.33024,42.95390314686053,39.087495342944884,,,1148
1761327060,1.33025,1.33063,1.33022,1.33043,44.71207536345023,38.61695094220055,,,784
1761327960,1.33038,1.33048,1.33005,1.33029,43.644678566168075,38.725309668216504,,,1180
1761328860,1.33031,1.33068,1.33007,1.33051,45.83301968401992,39.14785967867821,,,1126
1761329760,1.33052,1.33058,1.33042,1.33043,45.14649506069459,39.84872363611624,,,880
1761330660,1.33044,1.33052,1.33028,1.33034,44.341805757826165,40.18589434490889,,,980
1761331560,1.33033,1.33061,1.33027,1.33056,46.83630952457787,40.7692437653735,,,964
1761332460,1.33057,1.33058,1.33033,1.33045,45.73264753950634,41.48192683362182,,,722
1761333360,1.33047,1.33059,1.33033,1.33033,44.50069644294625,42.113176931302874,,,746
1761334260,1.33034,1.33069,1.33028,1.33058,47.66379550939864,42.90145844897169,,,664
1761335160,1.33059,1.33137,1.33044,1.33133,55.80208257592215,44.39541652136614,,,910
1761336060,1.33132,1.33174,1.3313,1.33171,59.258856756438455,46.230165599635306,,,668
1761336960,1.33172,1.33178,1.3314,1.33141,55.56410018316532,47.48968379162032,,,536
1761337860,1.33137,1.33143,1.33067,1.33125,53.643089604533024,48.25953969396483,,,808
1761338760,1.33124,1.33158,1.33075,1.33101,50.80566980747733,48.82038016972318,,,949
1761512460,1.33162,1.33211,1.33129,1.33202,60.318198980842524,49.935103285251195,,,84
1761513360,1.3321,1.33215,1.33197,1.33215,61.35403676380943,51.20005744222557,,,204
1761514260,1.33208,1.33216,1.33132,1.33176,56.58219430626537,51.96785562952881,,,262
1761515160,1.33175,1.33229,1.33155,1.33178,56.76788898949318,52.79795519587157,,,621
1761516060,1.33177,1.33229,1.3317,1.33195,58.39667217972716,53.801874226007364,,,890
1761516960,1.33196,1.33247,1.33183,1.33204,59.271521569301655,54.69010365777335,,,1175
1761517860,1.33203,1.33275,1.33191,1.33246,63.1643480619222,55.93522512366019,,,1330
1761518760,1.33249,1.33264,1.33217,1.33219,59.24412052083267,56.98832684350923,,,1056
1761519660,1.3322,1.33227,1.33188,1.33213,58.37705167082377,57.75355942646816,,,1226
1761520560,1.33214,1.3323,1.332,1.3323,60.156354029040926,58.064578815976645,,,660
1761521460,1.33231,1.33252,1.33217,1.33224,59.19455205237481,58.05998562282924,,,842
1761522360,1.33223,1.33251,1.33193,1.33228,59.65763515645107,58.35238097806394,,,950
1761523260,1.33229,1.33255,1.33177,1.33193,53.89427024486956,58.370322452373685,,,1334
1761524160,1.33192,1.33234,1.33187,1.33234,58.902929071299155,58.94869811407524,,,888
1761525060,1.33233,1.33268,1.33218,1.33245,60.15361702312016,58.93694225995222,,,1422
1761525960,1.33243,1.33283,1.33217,1.33223,56.45327460804016,58.58688782025441,,,1632
1761526860,1.33224,1.3334,1.33222,1.33328,66.91425498364501,59.32489215435295,,,1360
1761527760,1.33329,1.3336,1.33323,1.33334,67.39623745136751,60.08405990162969,,,1366
1761528660,1.33335,1.33345,1.33286,1.33304,62.4941152402346,60.37673440595165,,,1284
1761529560,1.33307,1.33308,1.33264,1.33275,58.095157005147236,60.2927083656549,,,1144
1761530460,1.33276,1.33282,1.33213,1.33225,51.37992706743738,59.45096400890599,,,1122
1761531360,1.33229,1.33238,1.33222,1.33223,51.12536012102599,58.871052551776934,,,892
1761532260,1.33228,1.33234,1.33213,1.33221,50.85401721072603,58.33369294748424,,,760
1761533160,1.3322,1.33241,1.33218,1.33232,52.35189073159288,57.77623128338081,,,700
1761534060,1.33234,1.33263,1.33234,1.33246,54.262532497583024,57.42394417232425,,,678
1761534960,1.33248,1.33269,1.33244,1.33247,54.40317766690428,57.04862578021376,,,810
1761535860,1.33248,1.33255,1.33224,1.3323,51.50366856965363,56.87786851769834,,,550
1761536760,1.33231,1.33238,1.33201,1.33222,50.14913612047687,56.25259759263961,,,848
1761537660,1.33221,1.33222,1.33155,1.33161,41.24238103275832,54.901795021899474,,,1200
1761538560,1.33162,1.3317,1.33147,1.33155,40.48080839888654,53.76090457838851,,,628
1761539460,1.33156,1.33165,1.33132,1.33152,40.08226597953666,51.844333935237906,,,444
1761540360,1.33151,1.33167,1.33136,1.3316,41.72976646193468,50.011014578849846,,,632
1761541260,1.33159,1.33176,1.33135,1.33135,38.19536752444749,48.27538974200792,,,748
1761542160,1.33134,1.33178,1.3313,1.33178,46.57670644614705,47.45264327350791,,,718
1761543060,1.33177,1.33224,1.33177,1.33193,49.16641335054487,47.294535150872726,,,762
1761543960,1.33194,1.33224,1.33183,1.33223,53.97210346808762,47.49787396137713,,,680
1761544860,1.33225,1.33297,1.33219,1.33258,58.858780569393254,48.0696427727105,,,1278
1761545760,1.33257,1.33298,1.33248,1.33269,60.2858563680501,48.636354603886026,,,1334
1761546660,1.33268,1.33345,1.33264,1.33298,63.84636353212351,49.32091396349605,,,1078
1761547560,1.33296,1.33298,1.33216,1.33256,56.01389892578864,49.43596548198779,,,1056
1761548460,1.33257,1.33261,1.33162,1.33165,43.548364347559335,48.86772946612391,,,1478
1761549360,1.33163,1.33175,1.33109,1.33146,41.473076926813384,48.248010952290805,,,1710
1761550260,1.33145,1.33198,1.3314,1.33174,45.58825095477537,48.55843023243488,,,1422
1761551160,1.33173,1.33195,1.33128,1.33128,40.544548423236094,48.56298309131699,,,1468
1761552060,1.33129,1.33199,1.33108,1.33193,49.112007882732485,49.20796465583097,,,2088
1761552960,1.33195,1.33226,1.33168,1.33212,51.320186545373524,49.892994661790894,,,2030
1761553860,1.33213,1.33333,1.33198,1.33324,61.8337034860997,51.58144723048033,,,2122
1761554760,1.33325,1.33341,1.33241,1.33267,55.28914296919688,52.203764124983884,,,2216
1761555660,1.33269,1.33303,1.33231,1.33274,55.90636160847906,52.685189000550615,,,2209
1761556560,1.33273,1.3338,1.33272,1.33337,61.10983160359409,53.195026724515365,,,1840
1761557460,1.33338,1.33418,1.33323,1.33413,66.27956361756742,53.725082656527796,,,1770
1761558360,1.33414,1.33469,1.33396,1.33431,67.38538272540922,54.23219168205345,,,1958
1761559260,1.33432,1.33491,1.33428,1.33487,70.61410058977154,54.71560147188545,,,1396
1761560160,1.33488,1.33511,1.33433,1.33433,64.03143955808684,55.28828294562104,,,1584
1761561060,1.33434,1.33469,1.33418,1.33435,64.16468189569589,56.76087705620222,,,1358
1761561960,1.33439,1.33478,1.33433,1.33438,64.37784660132391,58.39693203295297,,,1188
1761562860,1.33436,1.33468,1.33422,1.33428,63.031899903720266,59.6429069578776,,,916
1761563760,1.3343,1.33463,1.33382,1.33412,60.840172594887335,61.09259439870983,,,1326
1761564660,1.33411,1.33459,1.33374,1.33408,60.27589284478085,61.89001475314185,,,1540
1761565560,1.33407,1.33531,1.33396,1.33463,65.07274044744727,62.87234003186141,,,1606
1761566460,1.33464,1.33519,1.33458,1.33466,65.31874313571049,63.12127143540504,,,1727
1761567360,1.33468,1.33507,1.33402,1.33432,60.1481544295066,63.46834368257002,,,1703
1761568260,1.33433,1.3347,1.33414,1.33461,62.84944466147462,63.96427818635541,,,1439
1761569160,1.33464,1.33504,1.33439,1.33489,65.29543181238765,64.26324962984067,,,1268
1761570060,1.33493,1.33518,1.33445,1.33446,58.883650583682424,63.73497012742031,,,1318
1761570960,1.33447,1.33467,1.33397,1.33401,53.01639712430822,62.70861401305596,,,1500
1761571860,1.33402,1.33413,1.3327,1.33299,42.64416784809332,60.710761674364655,,,2324
1761572760,1.33298,1.33369,1.33255,1.33352,48.30371419045065,59.5873527195335,,,2450
1761573660,1.33353,1.33356,1.33298,1.33333,46.53111750530656,58.32781240593426,,,1984
1761574560,1.33334,1.33342,1.33263,1.33305,43.970303792312805,56.870130776719186,,,1926
1761575460,1.33304,1.3333,1.33281,1.33329,46.67906163300049,55.70207090023921,,,1878
1761576360,1.33328,1.33371,1.33276,1.33294,43.38499097097213,54.45527221281669,,,1800
1761577260,1.33295,1.33295,1.33178,1.33209,36.625290703582905,52.76594348844541,,,2155
1761578160,1.33208,1.33283,1.33194,1.33278,44.22261901537582,51.2766491004403,,,1660
1761579060,1.33279,1.33328,1.33253,1.33324,48.64279648162667,50.08551005372003,,,1626
1761579960,1.33323,1.33329,1.33233,1.33301,46.65208934039134,49.121505404497505,,,1906
1761580860,1.333,1.3331,1.33236,1.33275,44.43810489753462,47.80640970707322,,,1766
1761581760,1.33274,1.33328,1.33257,1.33322,49.13718701886271,46.65224936467859,,,1028
1761582660,1.33323,1.33342,1.33307,1.33318,48.7592323962421,45.92907663700428,,,1099
1761583560,1.33318,1.33354,1.333,1.33349,51.850305609848206,45.84578438597141,,,1233
1761584460,1.33349,1.3339,1.33348,1.33366,53.506671264320275,46.62167748713049,,,1302
1761585360,1.33365,1.33371,1.33328,1.3336,52.81608819584509,46.94398991608723,,,1174
1761586260,1.33362,1.33376,1.3335,1.33353,51.973297490352536,47.33271705787622,,,692
1761587160,1.33354,1.33358,1.33331,1.33338,50.12740406822805,47.77250993472732,,,700
1761588060,1.33339,1.33344,1.33305,1.33331,49.24836210832365,47.9560313972504,,,802
1761588960,1.33332,1.33332,1.33248,1.3326,41.33138571942126,47.80934530785391,,,1218
1761589860,1.33261,1.33343,1.33255,1.33332,50.09306390726813,48.771329108117136,,,1238
1761590760,1.33331,1.3339,1.33321,1.33354,52.430731765639734,49.35762287599313,,,1500
1761591660,1.33355,1.33369,1.33334,1.33341,50.91313262613862,49.51978974345827,,,1082
1761592560,1.33342,1.33349,1.33288,1.33294,45.75653258385574,49.45582140370573,,,898
1761593460,1.33293,1.3333,1.3329,1.3331,47.69855450744774,49.68871066155667,,,912
1761594360,1.33311,1.33376,1.33307,1.33369,54.20890574075873,50.050976284549236,,,912
1761595260,1.3337,1.33378,1.33327,1.33349,51.85264000642343,50.27193397099076,,,640
1761596160,1.33348,1.3338,1.33344,1.33378,54.91290191417108,50.49069084987097,,,269
1761597060,1.33377,1.3338,1.33355,1.33373,54.2723979557882,50.545385613547246,,,487
1761597960,1.33374,1.33385,1.33341,1.33344,50.58688424516586,50.38615675992731,,,438
1761598860,1.33339,1.33364,1.33339,1.33344,50.58688424516586,50.28712724241398,,,116
1761599760,1.33348,1.33366,1.33339,1.33352,51.6376070486322,50.394998883871416,,,167
1761600660,1.33355,1.33374,1.33339,1.33368,53.75557778443826,50.71694286073675,,,1693
1761601560,1.33363,1.33376,1.33349,1.33372,54.294474543736165,51.64287777675924,,,1322
1761602460,1.33373,1.3339,1.3335,1.33365,53.12769207153822,51.85963693134996,,,1452
1761603360,1.33366,1.3338,1.33361,1.33372,54.187919321321594,51.98515032818438,,,469
1761604260,1.33375,1.33382,1.33368,1.33373,54.346788846583046,52.23041148678755,,,420
1761605160,1.33374,1.33403,1.33371,1.334,58.52854146949747,53.142697835761965,,,458
1761606060,1.33399,1.334,1.33387,1.33395,57.47855483359399,53.841269287629565,,,454
1761606960,1.33396,1.33427,1.33389,1.33424,61.76315940909369,54.38085883536777,,,436
1761607860,1.33423,1.33432,1.3341,1.3343,62.602774148307034,55.148725559788026,,,436
1761608760,1.33431,1.33448,1.33385,1.33386,53.350969051552276,55.03715892674382,,,666
1761609660,1.33388,1.33448,1.33371,1.33446,61.669720363094214,55.56553909869426,,,872
1761610560,1.33443,1.33498,1.33439,1.33488,66.21187882400459,56.68161014003988,,,840
1761611460,1.33486,1.33541,1.33483,1.3352,69.20601506427862,58.01154805569079,,,1186
1761612360,1.33518,1.33533,1.33491,1.33497,64.76377321441944,58.949131353247026,,,1170
1761613260,1.33498,1.33582,1.33488,1.33574,71.38575795070396,60.20842993655172,,,1518
1761614160,1.33575,1.33582,1.33478,1.33494,58.98320496410432,60.5433392522923,,,1536
1761615060,1.33495,1.33532,1.33494,1.3352,61.334418668964375,61.12953400925131,,,1414
1761615960,1.33521,1.33538,1.33498,1.33537,62.8345524992926,61.747150664820666,,,1316
1761616860,1.33538,1.33586,1.33537,1.33577,66.16126544359837,62.591041850321766,,,1296
1761617760,1.33575,1.33575,1.3354,1.33548,61.839468111311255,62.82753661045132,,,1050
1761618660,1.33549,1.3355,1.33513,1.33526,58.706498802884056,62.915246893972046,,,910
1761619560,1.33527,1.33529,1.33487,1.33506,55.932254406539855,62.49875367950391,,,966
1761620460,1.33507,1.33538,1.33507,1.33511,56.48587657053528,62.06183242394878,,,792
1761621360,1.33512,1.33535,1.33498,1.33531,58.71985279641614,62.44532412001048,,,902
1761622260,1.33532,1.33534,1.33496,1.33521,57.14025977669072,62.12179122098166,,,802
1761623160,1.33522,1.33578,1.33522,1.33562,61.690508862937264,61.79883622376257,,,1084
1761624060,1.33561,1.3366,1.33555,1.33659,69.84678354012998,61.84460540060909,,,978
1761624960,1.3366,1.33672,1.33612,1.33612,62.86299132262182,61.70883526548068,,,1552
1761625860,1.33613,1.33655,1.33598,1.33646,65.54673494792578,61.29176219385368,,,1312
1761626760,1.33647,1.33672,1.33643,1.33661,66.69040432658079,61.842276434030566,,,1380
1761627660,1.33663,1.337,1.33653,1.3368,68.13336132635656,62.327915195272865,,,958
1761628560,1.33681,1.33696,1.33608,1.33661,65.0964907175714,62.48948221086421,,,1310
1761629460,1.33658,1.33666,1.33613,1.33637,61.375134415342664,62.14761570884595,,,1270
1761630360,1.33638,1.33656,1.3361,1.33621,58.955437516953424,61.94161352353467,,,1388
1761631260,1.33623,1.33647,1.336,1.33617,58.33623657015148,61.91516622119663,,,1154
1761632160,1.33616,1.33673,1.3361,1.33639,60.77631354338267,62.26117044525683,,,1444
1761633060,1.33638,1.33644,1.33554,1.33578,51.72986331048126,61.921455212395834,,,1305
1761633960,1.33577,1.33595,1.33496,1.33496,42.55910876128446,60.76711635274358,,,1322
1761634860,1.33495,1.33527,1.3344,1.33508,44.120348178446676,59.83712266715471,,,2193
1761635760,1.33506,1.33526,1.33487,1.33492,42.46311504317842,58.4637373943148,,,1546
1761636660,1.33493,1.33493,1.33423,1.33448,38.212361443188954,56.20413581596187,,,1450
1761637560,1.33447,1.33459,1.33317,1.33373,32.280539160456314,54.019674947235764,,,2000
1761638460,1.3337,1.33382,1.33248,1.33303,27.923637951855298,51.33231087608787,,,2122
1761639360,1.33304,1.33331,1.33206,1.33261,25.68372624913343,48.40326244198449,,,2144
1761640260,1.3326,1.33298,1.33028,1.33035,17.53347840922096,44.78898509076051,,,3060
1761641160,1.33036,1.33104,1.33014,1.33077,22.45812016334446,41.743387194030014,,,2428
1761642060,1.33075,1.33093,1.33029,1.33078,22.576670884711916,38.97206837041353,,,2248
1761642960,1.33077,1.33097,1.33004,1.33061,21.96195769602788,36.329676954633136,,,1674
1761643860,1.33059,1.33227,1.33059,1.33221,38.840419691043884,34.93711860612545,,,1696
1761644760,1.3322,1.33221,1.33128,1.33175,36.402705956317156,33.196146635620764,,,1730
1761645660,1.33173,1.33208,1.33115,1.33186,37.41427060845416,32.17360429976169,,,2014
1761646560,1.33184,1.33261,1.3318,1.33193,38.08912793506744,31.854319955031904,,,1666
1761647460,1.33194,1.33273,1.33156,1.33272,45.26267502266437,31.93591472961888,,,1799
1761648360,1.33273,1.33286,1.33201,1.33234,42.69976307349001,31.952818160355424,,,1811
1761649260,1.33228,1.33257,1.33136,1.33174,38.949610596550805,32.00547881416698,,,1652
1761650160,1.33173,1.33199,1.3307,1.33078,33.83006967249152,32.11615956502664,,,1662
1761651060,1.33077,1.33117,1.33051,1.33053,32.627353352131095,32.45213923647491,,,1320
1761651960,1.33055,1.33109,1.33045,1.33108,37.8613060912069,33.321966368051584,,,1330
1761652860,1.33104,1.33137,1.3298,1.3298,31.690912155470812,34.333211635640865,,,1968
1761653760,1.32972,1.33056,1.32956,1.32995,33.06755090242608,35.09102811700384,,,2186
1761654660,1.32994,1.33032,1.32919,1.32964,31.64802527369983,35.73898200193154,,,2055
1761655560,1.32963,1.32981,1.328,1.32834,26.50880037203143,36.06375647878894,,,2843
1761656460,1.32833,1.32852,1.32693,1.32695,22.332882740001338,34.884646696571615,,,2132
1761657360,1.32692,1.32707,1.32566,1.32585,19.689505069835903,33.690846633251525,,,2176
1761658260,1.32586,1.32669,1.32477,1.32508,18.076582625362605,32.30958320588784,,,2715
1761659160,1.32505,1.32599,1.32487,1.32564,23.01584416242379,31.23292007927044,,,2743
1761660060,1.32563,1.32673,1.32554,1.32601,26.182575582578224,29.87005583355,,,2387
1761660960,1.32602,1.32769,1.32595,1.32642,29.636585660520623,28.936971732623615,,,2658
1761661860,1.32639,1.32741,1.32601,1.32699,34.243192169072074,28.600798987803707,,,2010
1761662760,1.327,1.32789,1.32652,1.32783,40.43237884958629,29.072392500453333,,,2026
1761663660,1.32784,1.3281,1.32716,1.3273,38.0019652668531,29.456293351504904,,,1962
1761664560,1.32729,1.32809,1.3272,1.32787,42.03733128261043,29.754580865176585,,,1734
1761665460,1.32788,1.32835,1.32787,1.32804,43.22426515072644,30.578391793409132,,,1688
1761666360,1.32803,1.32805,1.32677,1.32786,42.23800871152789,31.233424494059257,,,2228
1761667260,1.32785,1.32809,1.32742,1.32773,41.50149388570885,31.93724368063133,,,1800
1761668160,1.32772,1.32835,1.32747,1.32817,44.99736612437653,33.257855520084554,,,1370
1761669060,1.32816,1.32868,1.3275,1.32797,43.71846295378967,34.78539696392657,,,2368
1761669960,1.32798,1.32911,1.32785,1.32876,49.789051210274124,36.93536454538645,,,2262
1761670860,1.32879,1.32891,1.32763,1.32792,44.31563265880878,38.80958240491832,,,1685
1761671760,1.32791,1.32832,1.32762,1.32774,43.21920622319306,40.25267969497327,,,1290
1761672660,1.32773,1.32815,1.32762,1.3278,43.719064948349136,41.50528607824261,,,1192
1761673560,1.32781,1.32794,1.32754,1.32757,42.18594931152387,42.40166919617142,,,1054
1761674460,1.32756,1.32776,1.32742,1.32772,43.575642026742266,43.068272757433576,,,974
1761675360,1.32766,1.32777,1.32711,1.32712,39.48695642202536,43.00074258403637,,,938
1761676260,1.32711,1.32749,1.32702,1.32738,42.02549491654865,43.28813755901462,,,1102
1761677160,1.32739,1.32828,1.32735,1.32815,48.86681155521498,43.77595757848638,,,1262
1761678060,1.32814,1.32837,1.32809,1.32825,49.6970259559078,44.23829763599933,,,948
1761678960,1.32824,1.32838,1.32803,1.32803,47.85611741191129,44.63959111459815,,,890
1761679860,1.32804,1.3282,1.32793,1.32796,47.25629658711873,45.050648450413135,,,856
1761680760,1.32798,1.32798,1.32723,1.32723,41.425106304120675,44.79548703468057,,,1174
1761681660,1.32724,1.32787,1.32722,1.32783,47.192818627091874,45.04365529705931,,,552
1761682560,1.32782,1.32791,1.32726,1.3274,43.859636828522355,44.62012569836275,,,390
1761683460,1.32741,1.32773,1.32735,1.32771,46.778081932390876,44.79601493219004,,,413
1761684360,1.32769,1.32777,1.32685,1.32694,41.0674085205089,44.64231509628404,,,550
1761685260,1.32693,1.32701,1.32687,1.327,41.66502033291557,44.49559762375306,,,18
1761686160,1.32701,1.32709,1.32693,1.32706,42.29519407371407,44.50340082105237,,,62
1761687060,1.32706,1.32712,1.32698,1.3271,42.73929468294409,44.443661725066775,,,90
1761687960,1.32712,1.32734,1.32698,1.32703,42.12826031008366,44.63232628849952,,,191
1761688860,1.32703,1.32736,1.32694,1.32733,45.710557177366354,44.89554502141506,,,1026
1761689760,1.32732,1.32744,1.32704,1.32743,46.89068530450526,44.754393146364364,,,903
1761690660,1.32742,1.32742,1.32708,1.32708,43.33967331928264,44.30029652946257,,,450
1761691560,1.32706,1.32726,1.32705,1.32713,43.99220362591533,44.02430268760571,,,564
1761692460,1.3271,1.32726,1.32707,1.32724,45.479804356057876,43.89741038538708,,,354
1761693360,1.32725,1.32736,1.32707,1.32712,44.10359307396945,44.08873086894771,,,302
1761694260,1.32711,1.32726,1.32707,1.32725,46.009622833159774,44.00421688366684,,,320
1761695160,1.32727,1.3279,1.32694,1.32782,53.4971964925543,44.69261400252627,,,766
1761696060,1.32781,1.32807,1.32757,1.32766,51.34466325270958,45.018798382549036,,,1612
1761696960,1.32767,1.32801,1.32747,1.32793,54.66000836848735,45.98969837169035,,,1366
1761697860,1.32792,1.32797,1.32743,1.32786,53.63953373374949,46.84502075746421,,,2068
1761698760,1.32788,1.32797,1.32686,1.32728,45.979791501393834,47.10820628801276,,,2240
1761699660,1.32729,1.32744,1.32708,1.32713,44.22103384350265,47.21404479948122,,,1576
1761700560,1.32712,1.32719,1.32658,1.32678,40.34334972854916,47.086551186514484,,,1104
1761701460,1.32677,1.32689,1.32641,1.32667,39.18050198123581,46.62011867250516,,,1562
1761702360,1.32666,1.32678,1.32632,1.32662,38.63537455789003,46.030453619175496,,,1556
1761703260,1.32661,1.32683,1.32642,1.32662,38.63537455789003,45.694432279076025,,,1216
1761704160,1.32657,1.32661,1.32589,1.32594,31.682613441410183,44.81517583732566,,,1036
1761705060,1.32593,1.32599,1.32572,1.32594,31.682613441410183,43.82966220056511,,,762
1761705960,1.32593,1.32645,1.32583,1.32634,39.15282721977884,43.47603606812292,,,958
1761706860,1.32633,1.32637,1.3258,1.32584,34.129147709541144,42.627430702150164,,,980
1761707760,1.32583,1.32592,1.32562,1.32564,32.34157140273247,41.11631462430575,,,756
1761708660,1.32565,1.32566,1.32511,1.32515,28.414808750038517,39.47846787411496,,,860
1761709560,1.32513,1.32538,1.32508,1.32526,30.45614059860661,37.74962017626633,,,834
1761710460,1.32525,1.32546,1.32516,1.32527,30.6497517821865,36.107492894011834,,,854
1761711360,1.32526,1.3255,1.32521,1.32534,32.07530061778721,35.11431497375422,,,1026
1761712260,1.32533,1.32546,1.32511,1.32518,30.530492591165583,34.136419170015856,,,750
1761713160,1.32519,1.32532,1.32495,1.32502,29.025059085107415,33.327969838341446,,,830
1761714060,1.32503,1.32515,1.32402,1.32408,22.123173616451908,32.109589240856884,,,1186
1761714960,1.32407,1.32413,1.32365,1.32371,20.09739086680912,30.78544754863682,,,1326
1761715860,1.32373,1.32418,1.32356,1.32391,24.140967652578496,29.750132769685997,,,1384
1761716760,1.3239,1.32403,1.32328,1.32366,22.601280535462934,29.10146613354691,,,1320
1761717660,1.32367,1.3238,1.32293,1.32365,22.539355826190942,28.4483763038884,,,1154
1761718560,1.32367,1.32391,1.32341,1.32377,25.188262167716275,27.450907371598216,,,904
1761719460,1.32376,1.32411,1.3235,1.32351,23.326945927357798,26.67932153001369,,,1166
1761720360,1.3235,1.32363,1.32223,1.32244,17.57202972654582,25.624354267428934,,,1586
1761721260,1.32243,1.32345,1.32225,1.32319,30.512497943682774,25.774189209832098,,,1878
1761722160,1.3232,1.32343,1.32205,1.32233,25.557766174567163,25.42430532240071,,,1656
1761723060,1.32232,1.32299,1.32214,1.32287,32.923144695512164,25.586690530495396,,,1436
1761723960,1.32286,1.32296,1.32244,1.32288,33.055238726999875,25.65668610972487,,,2136
1761724860,1.32295,1.32296,1.32123,1.32147,25.44609966721785,25.293515186585747,,,1932
1761725760,1.32146,1.3221,1.32136,1.32189,30.572819809101247,25.40406952401388,,,1836
1761726660,1.32188,1.32189,1.32093,1.32147,28.464857056894814,25.857046912616944,,,1566
1761727560,1.32148,1.32165,1.32068,1.3208,25.450256373988523,26.23939444884405,,,1796
1761728460,1.32079,1.32091,1.31981,1.32026,23.307738004689426,26.179878045423397,,,2144
1761729360,1.32025,1.3212,1.31997,1.32118,33.56861436484773,26.963259033236596,,,1528
1761730260,1.32117,1.32203,1.32104,1.32184,39.79201541315468,28.195591860876863,,,1774
1761731160,1.32187,1.32287,1.32178,1.32206,41.750892479815285,29.378636883169644,,,2250
1761732060,1.32204,1.32218,1.32172,1.32193,40.90400773719473,30.634141298158,,,1747
1761732960,1.32194,1.32231,1.3218,1.32207,42.262282169310375,32.39773075835547,,,1381
1761733860,1.32208,1.32226,1.32161,1.32204,42.039303708524955,33.22107402727277,,,1701
1761734760,1.32205,1.32207,1.32147,1.32183,40.431216847010184,34.2834633610187,,,1248
1761735660,1.32184,1.32241,1.32172,1.32218,44.25829780270654,35.093117154389724,,,1646
1761736560,1.32219,1.32219,1.32147,1.32176,40.86540125725417,35.65098590655075,,,1358
1761737460,1.32178,1.32248,1.32153,1.32231,46.6348189313911,37.16446585399169,,,1692
1761738360,1.3223,1.32252,1.32173,1.32173,41.98308696766899,37.97948493674653,,,1492
1761739260,1.32174,1.32214,1.3217,1.32178,42.51541882005234,38.98309649125779,,,1615
1761740160,1.32177,1.32195,1.32013,1.32076,35.38299313820025,39.692577688701476,,,1890
1761741060,1.32073,1.32079,1.3201,1.32015,31.93280907758772,40.3086541939085,,,2140
1761741960,1.32017,1.32065,1.31971,1.32014,31.877931784423467,40.18789115244963,,,1928
1761742860,1.32015,1.32166,1.31993,1.32153,45.81660034742041,40.61821864775432,,,2114
1761743760,1.32152,1.32243,1.32143,1.32179,47.961473857045874,41.06183160327079,,,2516
1761744660,1.32176,1.32213,1.32075,1.32075,40.97443603425791,41.06686219591817,,,2023
1761745560,1.32074,1.3211,1.31945,1.32106,43.6114042264305,41.16322805714103,,,2680
1761746460,1.32105,1.32128,1.32022,1.32098,43.0765704311004,41.237318537324995,,,2591
1761747360,1.321,1.32225,1.32089,1.32156,48.05074251434863,41.78157037070631,,,2030
1761748260,1.32154,1.32208,1.32123,1.32143,47.05816422652912,41.98156082955078,,,1990
1761749160,1.32144,1.32341,1.32143,1.32306,58.604553074914314,43.24864310224079,,,1936
1761750060,1.32305,1.32338,1.32256,1.32297,57.85427504903793,44.05003282492986,,,2445
1761750960,1.32295,1.32344,1.32266,1.32313,58.862575867379334,45.25571060348059,,,1880
1761751860,1.32315,1.32412,1.32314,1.32408,64.32067617080811,46.81322898567743,,,1701
1761752760,1.32409,1.32475,1.32359,1.32414,64.63977977371079,48.902999459642466,,,3052
1761753660,1.32413,1.32446,1.3238,1.32392,62.43483275322668,51.08171543647383,,,2474
1761754560,1.32391,1.32403,1.32351,1.32368,60.029174636097515,53.092518497307694,,,1650
1761755460,1.32369,1.32371,1.32306,1.3233,56.32840984204981,53.84336203263836,,,1382
1761756360,1.32331,1.32331,1.32267,1.32281,51.88639715937736,54.123713697090615,,,1400
1761757260,1.32282,1.32317,1.3226,1.32299,53.34198906540033,55.00711034217221,,,1120
1761758160,1.32306,1.32318,1.32197,1.32197,45.02868981839931,55.10834502731285,,,1182
1761759060,1.32192,1.32224,1.32166,1.32203,45.56610432622623,55.28616887696469,,,1385
1761759960,1.32204,1.3229,1.32068,1.32141,41.09525438172952,54.78934829606333,,,1676
1761760860,1.32149,1.32279,1.32095,1.32155,42.467964895497815,54.461476915275384,,,3963
1761761760,1.32156,1.32173,1.3207,1.32151,42.16561919544282,53.28726735245599,,,2951
1761762660,1.32148,1.32209,1.31405,1.31614,20.778421681992967,50.63899211195278,,,6261
1761763560,1.3161,1.31784,1.3149,1.31679,25.691542018305583,48.26963255130466,,,5730
1761764460,1.31681,1.31682,1.31459,1.31522,22.12273045158814,45.255493571360375,,,5234
1761765360,1.31529,1.3166,1.31498,1.31552,24.286994368733204,42.37315175671912,,,4662
1761766260,1.31553,1.31831,1.31551,1.31831,40.77215150767764,40.82581738203704,,,3350
1761767160,1.31832,1.31954,1.31817,1.31953,46.28019478948401,39.84374739299322,,,2670
1761768060,1.31954,1.31954,1.31808,1.31875,43.49515306264854,38.92708619446455,,,1342
1761768960,1.31874,1.31926,1.31847,1.31907,44.95856415255068,38.43224097969122,,,1208
1761769860,1.31907,1.32006,1.31902,1.31947,46.81287216112663,37.965875486528816,,,1327
1761770760,1.31946,1.31956,1.31919,1.31941,46.55948986056028,38.07521834668317,,,1268
1761771660,1.31922,1.3196,1.31861,1.31935,46.289666391570734,38.12690135135063,,,154
1761772560,1.31895,1.31899,1.31894,1.31896,44.48505505737994,38.36902997103994,,,26
1761773460,1.31898,1.31943,1.31804,1.31939,46.94115456069991,38.68854351855439,,,1357
1761774360,1.31939,1.31966,1.31921,1.31966,48.48239949721445,39.13974211153807,,,992
1761775260,1.31965,1.31969,1.31954,1.31962,48.25874850306864,41.10262259875777,,,953
1761776160,1.31961,1.31965,1.31947,1.31953,47.72528773727638,42.676461578684254,,,643
1761777060,1.31952,1.31976,1.31952,1.31975,49.20346121181027,44.610799490128684,,,520
1761777960,1.31974,1.31979,1.31927,1.31942,47.0541106012692,46.237022078166966,,,472
1761778860,1.31943,1.31959,1.31931,1.31949,47.57722944467342,46.723099073666674,,,640
1761779760,1.31948,1.31972,1.31948,1.31969,49.12390259086209,46.926221059479396,,,602
1761780660,1.31968,1.31988,1.31931,1.31933,46.46639366776925,47.13845253127373,,,728
1761781560,1.31921,1.31956,1.31919,1.3193,46.24189131545704,47.23011875719561,,,668
1761782460,1.31927,1.31962,1.31876,1.31949,47.95688391391789,47.31183388239499,,,1630
1761783360,1.3195,1.32059,1.3195,1.32033,54.81936236032847,47.901824775235575,,,1684
1761784260,1.32034,1.32053,1.32026,1.32046,55.790940482755815,48.58048721032022,,,1562
1761785160,1.32047,1.32077,1.32034,1.32049,56.02594944689839,49.40483680957154,,,1390
1761786060,1.32047,1.32075,1.32004,1.32027,53.76865389548379,49.892515333484674,,,1620
1761786960,1.32028,1.32029,1.31969,1.31986,49.74608091759894,49.98277829208357,,,1506
1761787860,1.31985,1.32067,1.31975,1.3206,56.1259919793185,50.54472425467285,,,1474
1761788760,1.32059,1.32076,1.32051,1.32054,55.51063784884113,51.10082069121319,,,1264
1761789660,1.32048,1.32104,1.32036,1.32079,57.5967317948816,51.700340018575424,,,1737
1761790560,1.3208,1.32087,1.32036,1.32046,53.99749895472525,52.196296329536565,,,1300
1761791460,1.32047,1.32078,1.32036,1.32057,55.00680384024296,52.72698021493439,,,1019
1761792360,1.32058,1.32058,1.32025,1.32057,55.006803840242945,53.147187447033026,,,1017
1761793260,1.32056,1.32096,1.32047,1.32049,54.007355135343914,53.68582755185979,,,1259
1761794160,1.32057,1.3206,1.31988,1.3201,49.30421963475895,53.904565288952774,,,1752
1761795060,1.32009,1.32019,1.31969,1.31998,47.92140042084153,53.90203075373304,,,1406
1761795960,1.31997,1.3203,1.31977,1.32026,51.35006535489318,53.654223824773375,,,1304
1761796860,1.32025,1.32106,1.32011,1.32092,58.316361830339524,53.8346110638865,,,1890
1761797760,1.32093,1.32182,1.32087,1.32156,63.73866942194126,54.38551963353242,,,2296
1761798660,1.32158,1.32166,1.32098,1.32121,59.20306201560247,54.773691642112325,,,3042
1761799560,1.3212,1.32189,1.32117,1.32189,64.49004737016168,55.82683210300966,,,1658
1761800460,1.32188,1.32191,1.32118,1.32119,56.388876515789256,55.845609569900425,,,1420
1761801360,1.32118,1.32128,1.32088,1.32104,54.80027228651479,55.7948691725914,,,1282
1761802260,1.32103,1.32148,1.32088,1.32148,58.49411228896553,55.858967779311676,,,1240
1761803160,1.32149,1.32158,1.32084,1.32101,53.4676415970081,55.82112082518903,,,1342
1761804060,1.32102,1.32141,1.32097,1.32134,56.306652646580034,55.913967168498814,,,1123
1761804960,1.32137,1.32138,1.32054,1.32063,49.332742184584326,55.50867705023749,,,1568
1761805860,1.32062,1.32079,1.31964,1.31991,43.45494385044185,54.75493338703019,,,2398
1761806760,1.3199,1.32092,1.31966,1.32005,44.83136669730465,54.43544389149775,,,1796
1761807660,1.32006,1.32021,1.31924,1.31944,40.23563586166897,53.88646070869971,,,2370
1761808560,1.31945,1.32036,1.31945,1.31996,45.376220829092084,53.45975752828535,,,2335
1761809460,1.31995,1.3212,1.31988,1.32013,46.98177758557369,52.65014436794494,,,2071
1761810360,1.32014,1.32015,1.31924,1.31988,44.892052520801414,51.30395744643494,,,1909
1761811260,1.31989,1.32025,1.31849,1.31904,38.668467478971145,49.837200693818424,,,3066
1761812160,1.31905,1.31971,1.31864,1.31896,38.12635200540081,47.9540795963355,,,3012
1761813060,1.31894,1.32046,1.31887,1.32038,51.20334607080852,47.58368456455116,,,2135
1761813960,1.32039,1.32113,1.32021,1.32083,54.48621829425844,47.56125213653285,,,1986
1761814860,1.32082,1.32095,1.31955,1.31982,46.86527621266519,46.73062098822568,,,2349
1761815760,1.31983,1.32004,1.31933,1.31966,45.77304375119573,46.18100685638194,,,1602
1761816660,1.31964,1.31999,1.31841,1.31844,38.42030353734542,44.90341049143662,,,2359
1761817560,1.31843,1.31908,1.31842,1.3188,41.41106900031203,44.33757669256003,,,1733
1761818460,1.31883,1.31883,1.31832,1.31849,39.626338543781316,44.064104884941415,,,2026
1761819360,1.31848,1.31897,1.31816,1.31817,37.814627276665775,43.56290921203863,,,1888
1761820260,1.31815,1.31848,1.31776,1.31785,36.040127138870524,43.263230017553035,,,1522
1761821160,1.31786,1.31802,1.31744,1.31759,34.61866724508896,42.494833332981386,,,1504
1761822060,1.31758,1.31853,1.31743,1.31811,39.737925652995344,41.97741533779722,,,1600
1761822960,1.3181,1.31874,1.31793,1.31867,44.75463030941319,41.9675994655552,,,1766
1761823860,1.31865,1.3191,1.31787,1.31797,40.24462513752847,42.080182155452164,,,1744
1761824760,1.31795,1.31809,1.31757,1.31777,39.034299872588186,42.14503557453697,,,1592
1761825660,1.31776,1.31854,1.31725,1.31735,36.548491495343654,41.098260247718045,,,1661
1761826560,1.31736,1.31736,1.31583,1.31619,30.72812089763586,39.40125329081644,,,1777
1761827460,1.3162,1.31677,1.3147,1.31488,25.742397664561295,37.89247625166616,,,2580
1761828360,1.3149,1.31494,1.3132,1.31322,21.0758233259113,36.12838907843156,,,2728
1761829260,1.3132,1.31326,1.31165,1.31237,19.16046209144025,34.752686118009755,,,3365
1761830160,1.31236,1.31401,1.31234,1.31382,30.726098877001178,33.9894739663447,,,2661
1761831060,1.31383,1.31501,1.31352,1.31472,36.77267755423108,33.78564103851968,,,2910
1761831960,1.31473,1.31642,1.31424,1.31543,41.1376188949683,34.02299758268414,,,3558
1761832860,1.31544,1.31745,1.31522,1.31642,46.6664767522251,34.78202255506661,,,3550
1761833760,1.3164,1.31808,1.3163,1.31763,52.53472477384417,36.061740949977704,,,3086
1761834660,1.31762,1.31764,1.31589,1.31595,45.1127997599524,36.445660529046066,,,2516
1761835560,1.31596,1.31646,1.31532,1.31584,44.66782741831835,36.43946032253928,,,2038
1761836460,1.31585,1.31644,1.31539,1.31634,47.216384546427584,36.937443137460654,,,1968
1761837360,1.31635,1.31694,1.31597,1.31597,45.544638470659585,37.40246732303718,,,1234
1761838260,1.31598,1.31603,1.31454,1.31484,40.794163657217794,37.7057296203139,,,1616
1761839160,1.31483,1.31542,1.3145,1.31491,41.20328964692517,38.45395595954886,,,1760
1761840060,1.31489,1.31491,1.31393,1.31421,38.34940838225561,39.35445672509845,,,1734
1761840960,1.31422,1.31494,1.3135,1.31448,40.073550126383324,40.71143721084645,,,1332
1761841860,1.31446,1.31593,1.31444,1.31581,47.81549146387897,42.758225023163504,,,1696
1761842760,1.31574,1.31602,1.31531,1.3154,45.849060665306084,43.838436579471,,,1248
1761843660,1.31539,1.31544,1.31464,1.31474,42.7978200663752,44.26880390176701,,,1252
1761844560,1.31473,1.31582,1.31464,1.31561,47.735394845957565,44.74007361255195,,,1566
1761845460,1.3156,1.31578,1.31517,1.3155,47.18086475349424,44.77681561264261,,,1636
1761846360,1.31548,1.31594,1.31516,1.31521,45.67443871172638,44.28679517963419,,,1330
1761847260,1.3152,1.31578,1.31482,1.31491,44.10558152695998,44.21485102013474,,,1246
1761848160,1.31492,1.31548,1.3149,1.31545,47.59490244624267,44.42392780784361,,,854
1761849060,1.31546,1.31564,1.31506,1.31513,45.77139507391448,44.32071427409267,,,882
1761849960,1.31514,1.31525,1.31461,1.31492,44.56471479842228,44.25071972607572,,,1168
1761850860,1.31491,1.31504,1.31449,1.31473,43.44864015241517,44.44032519001839,,,1122
1761851760,1.31472,1.31482,1.31395,1.31421,40.461993703533345,44.38737547977612,,,1272
1761852660,1.31422,1.31448,1.31414,1.3144,42.02999319871605,44.65027439523759,,,774
1761853560,1.31441,1.31456,1.31433,1.31443,42.28843740538748,44.80848062945217,,,1108
1761854460,1.31447,1.31495,1.31446,1.31495,46.72223836304231,44.73039112224955,,,444
1761855360,1.31494,1.3153,1.31481,1.31528,49.38008577311261,44.98260720137859,,,472
1761856260,1.31523,1.31528,1.31512,1.31526,49.219825866418795,45.4413219013817,,,366
1761857160,1.31524,1.3156,1.31486,1.31491,46.382864979077056,45.34471262517595,,,605
1761858060,1.31439,1.31509,1.31433,1.31482,45.65415827674869,45.235662162551264,,,191
1761858960,1.31478,1.31488,1.31457,1.31488,46.26031335424184,45.277510351302375,,,246
1761859860,1.3149,1.31517,1.31474,1.31512,48.72395005085124,45.60739381729461,,,1733
1761860760,1.31508,1.31533,1.31502,1.31524,49.959215604835734,45.77627332862268,,,2127
1761861660,1.31525,1.31546,1.31501,1.31521,49.637273057779446,46.05240747032732,,,783
1761862560,1.31522,1.31533,1.31515,1.31532,50.88700058654227,46.50399931233589,,,561
1761863460,1.31533,1.31538,1.31512,1.31533,51.00602629142862,47.04381260797971,,,324
1761864360,1.31534,1.31543,1.31532,1.31537,51.51222523261365,47.83311486005688,,,364
1761865260,1.31536,1.31544,1.31532,1.31533,50.94537540643562,48.469927874894,,,323
1761866160,1.31535,1.31537,1.31507,1.31532,50.7948872231829,49.07753143330795,,,489
1761867060,1.31531,1.31542,1.31523,1.3154,52.01603557941274,49.455659805905846,,,475
1761867960,1.31539,1.31603,1.31539,1.31592,59.11813764520682,50.15123493962686,,,615
1761868860,1.31593,1.31613,1.31558,1.31573,55.86455341103387,50.62585833567079,,,848
1761869760,1.31572,1.31584,1.31551,1.31582,57.0698051374196,51.38921120412383,,,714
1761870660,1.31581,1.31607,1.31581,1.31583,57.2096280910327,52.214601905144114,,,778
1761871560,1.31584,1.31613,1.31582,1.31593,58.6596496144146,53.10026878087074,,,1344
1761872460,1.31592,1.31623,1.31574,1.31588,57.60848786002787,53.73487862438336,,,1242
1761873360,1.3159,1.31651,1.31577,1.31629,63.400204215245445,54.69494923941262,,,848
1761874260,1.3163,1.31642,1.316,1.31602,57.79980083870075,55.277986938049864,,,1020
1761875160,1.31603,1.31607,1.31527,1.31527,45.7187396471234,54.90882544237708,,,1302
1761876060,1.31528,1.31571,1.3152,1.31558,50.33912524166935,54.86118965310857,,,1228
1761876960,1.31557,1.31584,1.31544,1.31561,50.77579314368209,54.80858736104203,,,720
1761877860,1.31562,1.31571,1.31502,1.31511,43.854537749391284,54.30209895696743,,,924
1761878760,1.31512,1.31545,1.31512,1.31531,46.968455312299234,54.02878239190431,,,718
1761879660,1.3153,1.31553,1.31522,1.31524,46.006696385905,53.59954387808232,,,738
1761880560,1.31523,1.31534,1.31509,1.31522,45.718645020636885,52.64243726204161,,,666
1761881460,1.31523,1.31543,1.31512,1.31533,47.659676869506264,52.0563746519325,,,646
1761882360,1.31534,1.31535,1.31502,1.31514,44.687249797281694,51.171906413351216,,,944
1761883260,1.31513,1.31562,1.31512,1.31562,52.711239538634786,50.85059294532279,,,674
1761884160,1.3156,1.31562,1.31541,1.31548,50.41409375028813,50.261624669313754,,,378
1761885060,1.31549,1.31572,1.31528,1.31564,52.93832611023683,49.92804168718582,,,380
1761885960,1.31565,1.31574,1.31548,1.31572,54.19391914562389,49.27044989649857,,,540
1761886860,1.31573,1.31573,1.31523,1.31524,46.225078862749015,48.443684041073446,,,650
1761887760,1.31523,1.31524,1.3148,1.31499,42.703094933039615,48.22828084721032,,,756
1761888660,1.315,1.31542,1.315,1.31519,46.232520732115646,47.93495195367076,,,688
1761889560,1.3152,1.31542,1.31492,1.31502,43.76477074147816,47.43416463922763,,,1088
1761890460,1.31503,1.3153,1.31471,1.31526,47.98583731004023,47.72925746498827,,,1104
1761891360,1.31527,1.31543,1.31512,1.31541,50.48730554883074,47.9806039104548,,,928
1761892260,1.3154,1.31571,1.31493,1.31501,44.36063470708146,47.863028076253116,,,883
1761893160,1.31502,1.31502,1.31368,1.31404,33.68534292821451,47.003506498222954,,,1519
1761894060,1.31401,1.31412,1.31251,1.31284,25.50742402373045,45.42120272352468,,,1930
1761894960,1.31285,1.31372,1.31285,1.31367,36.91535800265888,44.866067595337334,,,1423
1761895860,1.31368,1.31424,1.3136,1.31401,40.90755078578668,44.022946970133894,,,1599
1761896760,1.31402,1.31509,1.31359,1.31411,42.06874946259225,43.42685094958419,,,1896
1761897660,1.3141,1.31464,1.31389,1.31439,45.309384106747956,42.88192652076356,,,1816
1761898560,1.31438,1.31452,1.31408,1.31408,42.47634449278426,42.04495690270358,,,1680
1761899460,1.31409,1.31465,1.31397,1.31429,44.985811464709464,41.95643780284362,,,1359
1761900360,1.31428,1.3145,1.31385,1.31413,43.43119881955277,42.00844522330884,,,1232
1761901260,1.31414,1.31481,1.3141,1.31452,48.13600673506171,42.144408509233564,,,1252
1761902160,1.31451,1.31473,1.31353,1.31369,40.42944189403671,41.906170734416314,,,1770
1761903060,1.3137,1.31392,1.3133,1.31373,40.92034447370076,41.40149267467778,,,1380
1761903960,1.31375,1.31454,1.31349,1.31448,49.34865591310137,41.32016055783997,,,1430
1761904860,1.31449,1.31479,1.31414,1.3147,51.53287395259125,41.83246336109067,,,1292
1761905760,1.31471,1.31471,1.31357,1.31388,43.929040621923605,42.56415605349846,,,1732
1761906660,1.31387,1.3139,1.31319,1.3132,38.814340450398596,43.51465008397476,,,1418
1761907560,1.31319,1.31353,1.31298,1.31305,37.76967147227768,43.575672474661815,,,1280
1761908460,1.31306,1.3139,1.31288,1.31352,42.95083240037043,43.721621161417794,,,1388
1761909360,1.3135,1.31398,1.31334,1.31369,44.74287776021086,43.91263032553342,,,1034
1761910260,1.3137,1.31378,1.31149,1.31234,35.26840526668468,43.19541755124318,,,1698
1761911160,1.31233,1.31331,1.31209,1.31263,38.29132263987896,42.89648741889281,,,1444
1761912060,1.31261,1.31284,1.31096,1.31109,30.22048213127991,41.84182103793355,,,1811
1761912960,1.31107,1.3119,1.31102,1.31138,33.08090610702331,41.10251441561002,,,1793
1761913860,1.31137,1.31211,1.31105,1.31121,32.24641916174046,39.967543874658496,,,2434
1761914760,1.31122,1.31144,1.31025,1.31051,29.00222210154392,39.15131388948044,,,2130
1761915660,1.3105,1.31115,1.31028,1.31093,33.33587241934865,38.609565885598144,,,2224
1761916560,1.31096,1.31119,1.31038,1.31068,32.080630579558274,37.37613550463078,,,1764
1761917460,1.31075,1.31106,1.30971,1.30986,28.314594664528343,35.71768698405486,,,2275
1761918360,1.30985,1.31173,1.30977,1.31169,44.08921942924981,35.729128327435305,,,2534
1761919260,1.31171,1.3118,1.31115,1.31157,43.41456926816912,36.0577161001332,,,2348
1761920160,1.31158,1.31169,1.31047,1.31047,37.71711546828783,36.05396209984821,,,2136
1761921060,1.31044,1.3127,1.31039,1.31228,49.46825942409875,36.51949260154309,,,1842
1761921960,1.31229,1.31271,1.31197,1.31233,49.75030608469291,36.87716605329181,,,1684
1761922860,1.31234,1.31256,1.31162,1.31235,49.870835166504754,37.92019676042181,,,2181
1761923760,1.31233,1.31278,1.31199,1.31268,51.92006616311786,38.89367844065316,,,1885
1761924660,1.31267,1.31285,1.31206,1.31226,49.16533342802298,40.24688210470624,,,2042
1761925560,1.31227,1.31413,1.31219,1.3141,59.342710600112596,42.12272528278404,,,3494
1761926460,1.31412,1.31429,1.31317,1.31324,53.91006860486726,43.67012881443595,,,2599
1761927360,1.31323,1.31377,1.31282,1.3137,56.21881021485911,45.6141708225299,,,1746
1761928260,1.31369,1.31404,1.31321,1.31347,54.74226510448917,47.1431988714685,,,1591
1761929160,1.31348,1.31349,1.31263,1.31274,50.23273203498786,48.43977754685633,,,1500
1761930060,1.31273,1.31294,1.31253,1.31278,50.473483208200136,50.02255529997575,,,1403
1761930960,1.31279,1.31323,1.31233,1.31322,53.15783213105279,50.670313350104536,,,1474
1761931860,1.31323,1.3134,1.31278,1.31309,52.25663871124336,51.30188973889555,,,1214
1761932760,1.31308,1.31378,1.313,1.31309,52.25663871124336,52.34042711339237,,,1276
1761933660,1.31314,1.31349,1.31296,1.31329,53.65841166304595,52.639723701888606,,,1158
1761934560,1.3133,1.3137,1.3133,1.31366,56.21937328428849,53.10179993043114,,,994
1761935460,1.31365,1.31375,1.31317,1.31346,54.46718785960709,53.43011083708131,,,882
1761936360,1.31347,1.31427,1.31347,1.31387,57.39847115351777,53.82142547925273,,,1344
1761937260,1.31388,1.31417,1.31373,1.314,58.314816576922155,54.47495998988838,,,748
1761938160,1.31407,1.31426,1.31397,1.31419,59.6798737623669,54.49904307290655,,,840
1761939060,1.31424,1.31441,1.31417,1.31429,60.414616110630604,54.963653609032505,,,586
1761939960,1.31435,1.31439,1.3136,1.3139,56.11948747385801,54.95655912753243,,,1016
1761940860,1.31389,1.31433,1.31378,1.31419,58.483104450858086,55.223761937987355,,,492
1761941760,1.31418,1.31447,1.31388,1.31419,58.483104450858086,55.81307425340665,,,736
1761942660,1.31418,1.3144,1.31396,1.31436,59.949768771944505,56.4899517936741,,,564
1761943560,1.31431,1.31496,1.31423,1.31486,63.98021171915652,57.26297890711009,,,925
1762120860,1.31258,1.31294,1.31258,1.3128,44.23079118869394,56.68970408407085,,,69
1762121760,1.31277,1.31298,1.31259,1.31261,42.91499443939595,56.022443778938886,,,151
1762122660,1.31271,1.31324,1.31257,1.31317,47.840145773897085,55.60685335828539,,,483
1762123560,1.31319,1.314,1.31309,1.31372,52.201958172699875,55.31989513602907,,,677
1762124460,1.31372,1.31416,1.3135,1.31395,53.93670246864611,55.282003322389,,,1149
1762125360,1.31396,1.31403,1.31342,1.31378,52.422280022684326,54.926561098758036,,,1708
1762126260,1.31379,1.31389,1.31341,1.31368,51.50614921032948,54.44022771542999,,,1442
1762127160,1.31366,1.31402,1.31324,1.31357,50.46147966608982,53.78177099426734,,,1498
1762128060,1.31359,1.31368,1.31322,1.31326,47.53537111715206,52.86182492330459,,,1383
1762128960,1.31321,1.31349,1.31302,1.31337,48.67272172028332,52.329913083763536,,,724
1762129860,1.31338,1.3135,1.31314,1.31342,49.21167810743906,51.66766834494789,,,772
1762130760,1.31341,1.31372,1.31329,1.31337,48.66140947753654,50.96611870399636,,,886
1762131660,1.31338,1.31353,1.31326,1.31346,49.750577405667926,50.237605034976596,,,1616
1762132560,1.31347,1.31369,1.31343,1.31358,51.236078402948706,49.327309798104615,,,1072
1762133460,1.31359,1.31371,1.31327,1.31338,48.65442661866553,49.643283757388296,,,998
1762134360,1.31339,1.31372,1.31337,1.31341,49.068979656071036,50.082854130007945,,,1158
1762135260,1.31342,1.31413,1.31332,1.31402,56.720572681834575,50.71717033771777,,,1140
1762136160,1.31403,1.3142,1.31397,1.314,56.42127920031499,51.018550411118845,,,772
1762137060,1.31399,1.31424,1.31378,1.31378,53.101991990059666,50.95892823407696,,,682
1762137960,1.31379,1.31403,1.31377,1.31387,54.28680015486248,51.09210824351826,,,532
1762138860,1.31389,1.31391,1.31376,1.31381,53.31969275920809,51.22164706843815,,,564
1762139760,1.3138,1.31398,1.31377,1.31388,54.34164866881165,51.498801997204,,,546
1762140660,1.31387,1.31416,1.31387,1.31393,55.0978239723405,52.03897720114604,,,716
1762141560,1.31382,1.31407,1.31377,1.31405,56.940980933021734,52.62956714491306,,,702
1762142460,1.31404,1.31449,1.314,1.31439,61.73381559112083,53.524005536604626,,,748
1762143360,1.3144,1.31448,1.31423,1.31424,58.63305752301211,54.23626611128145,,,518
1762144260,1.31423,1.31433,1.31417,1.3142,57.799335973888304,54.811177437582906,,,434
1762145160,1.31422,1.31428,1.31397,1.31421,57.96027561817811,55.291477238670716,,,798
1762146060,1.3142,1.31431,1.31397,1.3143,59.458812415554014,56.063219081305604,,,872
1762146960,1.31431,1.31445,1.31426,1.31439,60.95756229465323,56.91240355549006,,,768
1762147860,1.3144,1.31456,1.31427,1.31441,61.299948615992776,57.239501836501354,,,1106
1762148760,1.31442,1.31461,1.31418,1.31428,57.75456035736667,57.33473620486219,,,1082
1762149660,1.31429,1.31458,1.31422,1.31422,56.140670586576526,57.55178467604197,,,954
1762150560,1.31423,1.31459,1.31421,1.31456,62.5303563362774,58.140610117571605,,,790
1762151460,1.31457,1.31491,1.31456,1.3147,64.80410928349595,58.96092558359213,,,704
1762152360,1.31469,1.31471,1.31442,1.31459,61.63913919498856,59.48217490689048,,,676
1762153260,1.3146,1.31492,1.31433,1.31438,56.014686518932564,59.54766508878992,,,1233
1762154160,1.31437,1.31465,1.31419,1.31428,53.51071246752029,59.30264591268267,,,1063
1762155060,1.31429,1.31477,1.31417,1.31439,55.84873367911392,58.882282918967896,,,1161
1762155960,1.31436,1.31439,1.31343,1.3136,40.208777936250996,57.566262948484955,,,1718
1762156860,1.31358,1.31363,1.31267,1.31321,34.99815612824625,55.93760724522481,,,1687
1762157760,1.31324,1.3133,1.31287,1.31288,31.301813698682082,54.03343139383224,,,1529
1762158660,1.31289,1.31311,1.31196,1.31198,23.890886444206373,51.49286525302169,,,1488
1762159560,1.31194,1.31249,1.31175,1.31227,29.669048435656833,49.25797140595052,,,1780
1762160460,1.31226,1.31243,1.31185,1.31187,26.662298486395244,46.7838535395507,,,1576
1762161360,1.31188,1.31335,1.31188,1.31307,44.75152282449612,45.85506514434566,,,979
1762162260,1.31308,1.3135,1.31283,1.31286,42.763643211497,44.89956318898283,,,1430
1762163160,1.31287,1.31302,1.31229,1.3124,38.70760715921467,43.197938247764064,,,1384
1762164060,1.31238,1.31306,1.31206,1.31301,46.01936478354449,41.85617078348182,,,1454
1762164960,1.313,1.3139,1.31274,1.3133,49.126496766522244,40.962410610019944,,,1562
1762165860,1.31331,1.31335,1.31287,1.3132,48.09838833585232,40.39696073979993,,,1260
1762166760,1.31318,1.31332,1.31269,1.31302,46.22321896869189,39.876425489883616,,,1292
1762167660,1.31301,1.31379,1.31299,1.31368,53.397455899190334,39.70133421988907,,,1350
1762168560,1.31369,1.3139,1.3133,1.3135,51.3840894353748,40.49957075554077,,,1240
1762169460,1.31352,1.31354,1.31249,1.3126,42.7122803046775,41.05057962528586,,,1266
1762170360,1.31259,1.31311,1.31243,1.31278,44.72160958681992,42.00913647443856,,,994
1762171260,1.31279,1.31379,1.3126,1.31367,53.42088355932859,44.11842198266158,,,1076
1762172160,1.31366,1.31366,1.31339,1.31348,51.55557147965886,45.68174505723316,,,900
1762173060,1.31352,1.31421,1.31332,1.31419,57.524162457883435,47.88616391233945,,,894
1762173960,1.3142,1.31471,1.31373,1.31382,53.80393031049274,48.5327644470535,,,1318
1762174860,1.31383,1.3139,1.31338,1.31352,50.927986119709686,49.11593179764012,,,1340
1762175760,1.31353,1.31361,1.31232,1.31264,43.57085297834406,49.4633064990065,,,1610
1762176660,1.31263,1.31317,1.31247,1.31247,42.299579191517594,49.197607528147444,,,1318
1762177560,1.31246,1.31292,1.3121,1.31257,43.34671707834665,48.78476612184919,,,1390
1762178460,1.31258,1.31259,1.3121,1.31232,41.32747469478421,48.30112943320147,,,1814
1762179360,1.31231,1.31266,1.31172,1.31187,37.90466977072964,47.70694734763274,,,1765
1762180260,1.31188,1.31194,1.31102,1.31107,32.71693208142014,46.22976707493486,,,2125
1762181160,1.31106,1.31225,1.31084,1.31207,43.184521024366965,45.644083617005734,,,2137
1762182060,1.31208,1.31335,1.31202,1.31312,51.68422509946527,46.28493681663343,,,2750
1762182960,1.31311,1.31339,1.31178,1.31198,43.98960125043838,46.23265050689189,,,2266
1762183860,1.31197,1.31302,1.31174,1.31293,50.591039152213476,46.03051876352653,,,1860
1762184760,1.31291,1.31475,1.31268,1.31467,59.91084920198782,46.62732431512146,,,2562
1762185660,1.31469,1.31509,1.31413,1.31422,56.92052558180089,46.58420739540128,,,2358
1762186560,1.31419,1.31493,1.31409,1.31491,60.200787031558725,47.04112573262028,,,1724
1762187460,1.3149,1.31499,1.31462,1.31479,59.354325402402544,47.643007109955484,,,1428
1762188360,1.3148,1.31494,1.31439,1.31467,58.4689748359068,48.707158671209974,,,1116
1762189260,1.31468,1.31495,1.31456,1.31493,59.86583804930635,49.96189144676631,,,944
1762190160,1.31492,1.31624,1.31492,1.31538,62.23345958329801,51.31094448283426,,,1468
1762191060,1.31536,1.31536,1.31433,1.31439,54.60190150132289,52.25911782615845,,,1456
1762191960,1.3144,1.31464,1.31427,1.31452,55.37574491429235,53.507051764984354,,,1010
1762192860,1.31453,1.31481,1.31406,1.31413,52.485335625771704,54.919080589580894,,,928
1762193760,1.31408,1.31409,1.31354,1.31373,49.624356316419295,55.37906882472748,,,1044
1762194660,1.31377,1.314,1.31366,1.31369,49.33474580766804,55.2112488753134,,,928
1762195560,1.3137,1.3141,1.31357,1.31387,50.728269768138624,55.69258234086341,,,1104
1762196460,1.31386,1.314,1.31348,1.31389,50.88989800098456,55.71392940148992,,,1194
1762197360,1.3139,1.31418,1.3137,1.31409,52.56560267772537,55.18926893547118,,,802
1762198260,1.3141,1.31415,1.31371,1.31371,49.13510729834955,54.63316762951037,,,786
1762199160,1.31372,1.31421,1.31367,1.3139,50.86185403683658,53.966100987030224,,,958
1762200060,1.31389,1.31416,1.31379,1.3141,52.682774034260134,53.489561603591476,,,728
1762200960,1.31411,1.31419,1.31381,1.31382,49.89509558713906,52.877141657250924,,,577
1762201860,1.31381,1.31391,1.31375,1.31379,49.59230924547716,52.14331817126312,,,528
1762202760,1.31378,1.31397,1.31366,1.31369,48.53501225967721,51.164857648147354,,,666
1762203660,1.3137,1.31381,1.31356,1.31359,47.44567103484935,50.65369832911353,,,349
1762204560,1.3136,1.31398,1.31359,1.31379,49.8690929840816,50.26036604838419,,,369
1762205460,1.31378,1.31402,1.31378,1.31381,50.11681204555699,50.09118579265457,,,218
1762206360,1.31381,1.31414,1.31373,1.31385,50.64213324101792,50.16388414441161,,,838
1762207260,1.31404,1.31404,1.31364,1.31391,51.467747367435905,50.316241398680745,,,14
1762208160,1.31362,1.31386,1.31347,1.3137,48.41524773657879,50.151025539283616,,,424
1762209060,1.31367,1.31387,1.31366,1.31381,50.08521418313965,50.09354812372327,,,637
1762209960,1.31383,1.31387,1.3132,1.31365,47.66794610653567,49.74371551149542,,,938
1762210860,1.31375,1.31392,1.31337,1.31366,47.837395200985085,49.65102179025511,,,1014
1762211760,1.31367,1.3138,1.31361,1.31372,48.906386148404685,49.511345512509976,,,892
1762212660,1.31373,1.31392,1.31362,1.31368,48.197248685892056,49.1909508447694,,,736
1762213560,1.3136,1.31361,1.31307,1.31313,39.677988451668746,48.46115747795009,,,268
1762214460,1.31312,1.31312,1.312,1.31221,30.095287171901305,47.068513044123236,,,1284
1762215360,1.31222,1.31232,1.3119,1.31202,28.561149136412496,45.64180853531862,,,906
1762216260,1.31201,1.31237,1.31198,1.3121,30.175125531246607,44.408198142204135,,,1140
1762217160,1.31211,1.3125,1.31203,1.3123,34.17875175078207,43.28745948268274,,,1398
1762218060,1.31231,1.31254,1.31209,1.31254,38.7195405581218,42.473368662151664,,,1268
1762218960,1.31253,1.31275,1.31188,1.31192,32.484894771511236,41.1764230571869,,,1076
1762219860,1.31193,1.31252,1.31189,1.31244,41.057390643895666,40.4328261483626,,,964
1762220760,1.31243,1.31259,1.31222,1.31235,40.10817884533291,39.83946408470218,,,972
1762221660,1.31236,1.31254,1.31211,1.3122,38.51016479648993,39.01267484279863,,,920
1762222560,1.31218,1.31241,1.31195,1.31221,38.685554413695314,38.37107543616718,,,1040
1762223460,1.31227,1.31264,1.3121,1.31223,39.059939132419416,37.74411428841248,,,1026
1762224360,1.31222,1.3126,1.3118,1.31254,44.696619031050794,37.443416637172916,,,1046
1762225260,1.31253,1.31279,1.31239,1.31277,48.50251843556537,37.46522161929244,,,655
1762226160,1.31278,1.31323,1.31278,1.31309,53.3162129668487,38.43938051323387,,,690
1762227060,1.3131,1.31336,1.31274,1.313,51.848286965899426,39.99316621280516,,,1578
1762227960,1.31301,1.31313,1.31277,1.31277,48.19630500942504,41.39567734659177,,,754
1762228860,1.31279,1.31279,1.31255,1.31265,46.361500544303624,42.551846990381556,,,627
1762229760,1.31266,1.31288,1.31263,1.31286,49.952236349935916,43.67852446174969,,,807
1762230660,1.31285,1.31332,1.31278,1.31293,51.12670619425633,44.56475057861644,,,909
1762231560,1.31294,1.31294,1.31223,1.31232,41.89928605074773,45.2372070985619,,,766
1762232460,1.3123,1.31244,1.31202,1.31203,38.35516025192948,45.04419064199289,,,1160
1762233360,1.31207,1.31239,1.31187,1.31231,43.33865602588189,45.27493901203211,,,910
1762234260,1.31232,1.31253,1.31211,1.31224,42.415475991349545,45.55388981166494,,,1294
1762235160,1.31225,1.31238,1.31193,1.3121,40.554811661125704,45.68740818648139,,,1238
1762236060,1.31212,1.31233,1.31169,1.31214,41.346500019109946,45.850733964102155,,,1206
1762236960,1.31213,1.31266,1.31192,1.31242,46.69786843963881,45.99368035042986,,,1710
1762237860,1.31243,1.3127,1.31196,1.31242,46.69786843963882,45.86477677929225,,,1568
1762238760,1.31243,1.31265,1.31213,1.31214,42.229432549287395,45.07286389232359,,,1430
1762239660,1.31219,1.31256,1.31182,1.31244,47.97363650544267,44.7961031451481,,,1556
1762240560,1.31245,1.31394,1.31239,1.3136,63.20734806338613,45.868320506145324,,,1912
1762241460,1.31359,1.3137,1.31243,1.31278,51.686164215357465,46.248653625506314,,,1567
1762242360,1.31278,1.31286,1.31179,1.31199,43.46605345270975,45.785354847133014,,,1693
1762243260,1.312,1.31201,1.31008,1.31112,36.56860311533194,44.745490341495554,,,2550
1762244160,1.31111,1.31143,1.30996,1.31018,30.868893620924,43.95760516793672,,,2742
1762245060,1.31019,1.31134,1.30978,1.31027,31.96232901525856,43.50097436531736,,,2238
1762245960,1.31029,1.31054,1.30857,1.30933,27.13488134425259,42.343561888058126,,,2712
1762246860,1.30934,1.30959,1.30828,1.30884,25.014005220460177,41.10059969013746,,,2194
1762247760,1.30883,1.3089,1.30699,1.30719,19.48982475469589,39.59595776824961,,,2286
1762248660,1.30718,1.30764,1.30669,1.30681,18.477737953449463,37.96247476355958,,,1490
1762249560,1.3067,1.30671,1.30592,1.30632,17.234896651115733,35.85797677866507,,,2116
1762250460,1.30638,1.30702,1.30624,1.30692,23.977803225165545,34.23511497763127,,,2100
1762251360,1.30693,1.3071,1.30669,1.30696,24.41988322112897,32.96300431133424,,,1240
1762252260,1.30694,1.30791,1.30683,1.30764,31.692072319104795,31.800035440881533,,,1466
1762253160,1.30765,1.30779,1.30713,1.30747,30.891822063825728,29.49178358377008,,,1154
1762254060,1.30748,1.30749,1.30654,1.30688,28.227787831174396,27.81618527061414,,,1168
1762254960,1.30689,1.30738,1.30671,1.30736,33.26967827257114,27.087872757747103,,,1118
1762255860,1.30737,1.30748,1.30667,1.30704,31.672291855856457,26.73813623921314,,,1382
1762256760,1.30701,1.30723,1.30569,1.30596,26.966391916923968,26.459386117498855,,,1502
1762257660,1.30595,1.30637,1.3057,1.30627,30.173447027251015,26.331608832641173,,,1292
1762258560,1.30628,1.30639,1.30531,1.30588,28.47911782812669,26.427625724346466,,,1306
1762259460,1.30589,1.30627,1.30543,1.30627,32.55752915727193,26.966448862690168,,,1452
1762260360,1.30626,1.30685,1.30585,1.30649,34.8156353204718,28.061149617388452,,,2042
1762261260,1.30651,1.3068,1.30625,1.30626,33.550885269128074,29.137802997079778,,,1659
1762262160,1.30625,1.30667,1.30596,1.30598,32.025628633527404,30.194283852966326,,,1473
1762263060,1.30598,1.30654,1.30597,1.30652,37.88999279052742,31.188011679063603,,,1443
1762263960,1.30654,1.30656,1.30558,1.30575,33.45747451100415,31.833553914054683,,,1574
1762264860,1.30574,1.30652,1.30518,1.30541,31.69435863627284,31.833717222423836,,,1868
1762265760,1.3054,1.3056,1.30416,1.30433,26.853540423958805,31.545268533861908,,,1944
1762266660,1.30434,1.30436,1.30337,1.30368,24.43464484122245,31.274329748865338,,,2747
1762267560,1.30367,1.30502,1.30365,1.30482,35.42163623777735,31.428041032094352,,,2056
1762268460,1.30478,1.30557,1.30406,1.30499,36.89512795997858,31.801100753817366,,,2323
1762269360,1.305,1.30531,1.30439,1.30439,33.95072822548735,32.29998191871475,,,2014
1762270260,1.30447,1.30583,1.30441,1.30551,43.081955918405505,33.22201826808293,,,1900
1762271160,1.30552,1.30553,1.30441,1.30477,39.223562118818066,33.989478574560884,,,2346
1762272060,1.30478,1.30493,1.3041,1.30468,38.768795146489104,34.433140430933534,,,1884
1762272960,1.30464,1.30491,1.30404,1.30449,37.77311363159022,34.644388881727714,,,1672
1762273860,1.30448,1.30517,1.30439,1.30442,37.39209426345566,34.91876095275111,,,1555
1762274760,1.30443,1.30497,1.30401,1.30436,37.04714367456534,35.277440598539535,,,1676
1762275660,1.30437,1.30451,1.30348,1.30356,32.71372615590879,34.90770726749535,,,1275
1762276560,1.30357,1.30369,1.30328,1.30329,31.3796448763175,34.759290865017725,,,1148
1762277460,1.30328,1.3033,1.30275,1.30286,29.328344764028884,34.59028987414316,,,812
1762278360,1.30287,1.30304,1.30261,1.30282,29.137530804210357,34.75343204416113,,,982
1762279260,1.30281,1.30288,1.30178,1.30215,26.07710748075354,34.87075080412763,,,1330
1762280160,1.30214,1.30228,1.30198,1.30221,26.81840366918864,34.25623419208558,,,1008
1762281060,1.30222,1.30269,1.30173,1.30269,32.638118376516346,33.95216207898114,,,950
1762281960,1.3027,1.30277,1.30213,1.30232,30.616930716199477,33.71403368546057,,,920
1762282860,1.30231,1.30266,1.30228,1.30255,33.37881008282923,33.02095184006227,,,850
1762283760,1.30256,1.30259,1.30186,1.30193,29.92118054702503,32.35649601350563,,,904
1762284660,1.30194,1.30194,1.30142,1.30151,27.81890371373221,31.574360911165847,,,1109
1762285560,1.3015,1.30178,1.30126,1.30126,26.61997271962774,30.777707988882813,,,986
1762286460,1.30124,1.30181,1.30102,1.30176,32.85295326619743,30.453483631935796,,,898
1762287360,1.30177,1.302,1.30173,1.30198,35.450987474984984,30.339472474822912,,,577
1762288260,1.30201,1.3025,1.30188,1.30236,39.7847959124342,30.8445488860033,,,828
1762289160,1.30235,1.30236,1.30167,1.3019,36.58283256854783,31.216205149734034,,,952
1762290060,1.30191,1.30219,1.30177,1.30189,36.51403297439504,31.729468593331614,,,733
1762290960,1.3019,1.30199,1.30157,1.30181,35.93184565371065,32.21477679686735,,,400
1762291860,1.30189,1.30235,1.30189,1.30216,40.40846581794661,33.238445249524,,,421
1762292760,1.30215,1.30219,1.3019,1.30196,38.74258744499298,34.09017266208145,,,693
1762293660,1.30199,1.30199,1.30185,1.30185,37.81910312400083,34.460243001187486,,,28
1762294560,1.30187,1.30211,1.30152,1.30175,36.956669405784126,34.91308147901496,,,199
1762295460,1.30177,1.3024,1.30173,1.30233,44.81686809581666,35.73008562279978,,,718
1762296360,1.30239,1.30266,1.30214,1.30214,42.92865107500046,36.65919066051231,,,1889
1762297260,1.30234,1.30234,1.30193,1.30206,42.12390276125011,37.68097630676358,,,446
1762298160,1.30207,1.30233,1.30203,1.30224,44.638607721117125,38.96802166401283,,,440
1762299060,1.30223,1.30231,1.30213,1.30227,45.06701264239592,39.84045447659844,,,395
1762299960,1.30229,1.30238,1.30208,1.30211,43.14921086693494,40.39032757602343,,,374
1762300860,1.30212,1.30218,1.3018,1.30217,44.10971061393141,40.6992500547018,,,827
1762301760,1.30216,1.30231,1.30199,1.30228,45.91386148195405,41.36575211994511,,,438
1762302660,1.30229,1.3023,1.30153,1.3016,37.792281662435414,41.45705559766227,,,1086
1762303560,1.30161,1.30193,1.30147,1.3018,41.09271863551895,41.82568938207715,,,1388
1762304460,1.30179,1.30204,1.30126,1.3015,37.84890129867979,41.642863344986665,,,1526
1762305360,1.30151,1.30177,1.30103,1.30173,41.65176289602867,41.850661591489214,,,1656
1762306260,1.30174,1.30244,1.30145,1.30229,49.71877059825835,42.70063783965047,,,1706
1762307160,1.3023,1.30241,1.30154,1.30204,46.61997163164687,43.390873712926386,,,1410
1762308060,1.30202,1.30209,1.30139,1.3015,40.71680374899601,43.09801197386776,,,1716
1762308960,1.30151,1.30219,1.30148,1.30212,48.742027764589125,43.51325316598125,,,1280
1762309860,1.30213,1.30228,1.30181,1.30196,46.9747570818348,43.85974276030872,,,970
1762310760,1.30195,1.30217,1.30151,1.30179,45.10354182740408,43.89295233932922,,,1080
1762311660,1.30177,1.30201,1.30156,1.3017,44.101939856612205,43.824018568916095,,,824
1762312560,1.30171,1.30193,1.30168,1.30171,44.25007938263268,43.902652034323076,,,739
1762313460,1.30172,1.30202,1.30158,1.30191,47.260485059901036,44.12770735189234,,,722
1762314360,1.3019,1.3022,1.30162,1.30213,50.43126413107847,44.45037896968694,,,1386
1762315260,1.30214,1.30228,1.30201,1.30224,51.985638746735816,45.464190189994106,,,900
1762316160,1.30222,1.30236,1.30218,1.30231,52.995763224686364,46.31440766064892,,,722
1762317060,1.3023,1.3027,1.30228,1.30262,57.28188187424867,47.702477701760984,,,780
1762317960,1.30263,1.30269,1.30234,1.30251,55.35309274448183,48.681144119507636,,,896
1762318860,1.3025,1.30272,1.30241,1.30271,58.11463546367972,49.28084875275202,,,688
1762319760,1.3027,1.30302,1.30267,1.30292,60.85265581773633,50.29746905175841,,,738
1762320660,1.30291,1.30302,1.3028,1.30291,60.64934248551446,51.72122181865259,,,736
1762321560,1.3029,1.30291,1.30214,1.30219,48.17026374010024,51.6803815311891,,,872
1762322460,1.30221,1.30282,1.30217,1.30277,56.02056394353901,52.326510592739396,,,808
1762323360,1.30278,1.30289,1.30256,1.30259,53.32134829244823,52.91349676881397,,,756
1762324260,1.3026,1.30281,1.30224,1.30273,55.13212869842643,53.701367400372135,,,890
1762325160,1.30274,1.3031,1.30257,1.3026,53.07328465683832,54.33159634852968,,,841
1762326060,1.30261,1.30283,1.3024,1.30257,52.585256063975194,54.71193713453498,,,1295
1762326960,1.30256,1.3026,1.30195,1.30232,48.576590993837094,54.57946048187488,,,1300
1762327860,1.30233,1.30273,1.30219,1.3025,51.446533525222094,54.54095296605247,,,1158
1762328760,1.30249,1.30311,1.30244,1.30283,56.265587109613676,54.774511814975845,,,1652
1762329660,1.30284,1.30449,1.30273,1.30433,70.5660936258706,55.72338408294881,,,1644
1762330560,1.30432,1.30444,1.3034,1.30381,62.88895684329889,56.26166009000717,,,1748
1762331460,1.3038,1.30476,1.3038,1.30423,66.09721432795408,56.831844294598206,,,1579
1762332360,1.30424,1.30495,1.30419,1.30461,68.73110406857816,57.394590598229755,,,1610
1762333260,1.30459,1.30533,1.3044,1.30464,68.9362854431039,57.98651509520043,,,1861
1762334160,1.30465,1.30493,1.30402,1.30428,63.547512642723554,59.08489001681638,,,1466
1762335060,1.30429,1.30429,1.30354,1.30378,56.895238965429655,59.14736680409428,,,1296
1762335960,1.30377,1.30405,1.30338,1.30357,54.3231246415793,59.218922257603644,,,1136
1762336860,1.30358,1.30364,1.30274,1.30292,47.20905098290143,58.652988135066146,,,2024
1762337760,1.3029,1.30311,1.30255,1.30309,49.08699480221194,58.36825314544998,,,1098
1762338660,1.3031,1.30321,1.30288,1.30298,47.89963116969388,58.03356565300131,,,1016
1762339560,1.30299,1.30299,1.3024,1.3026,43.94503026785601,57.702739886859796,,,1166
1762340460,1.30259,1.30259,1.30121,1.30153,35.14605753575371,56.53842017332635,,,1250
1762341360,1.30152,1.30257,1.30152,1.30247,45.47481562680773,55.767650781697355,,,1308
1762342260,1.30245,1.30304,1.30241,1.30281,48.659784263938654,54.20291439870221,,,1042
1762343160,1.30282,1.30383,1.30279,1.30375,56.265883611197275,53.72983773926639,,,1176
1762344060,1.30376,1.30414,1.30341,1.3041,58.718260248455834,53.202769590730796,,,1336
1762344960,1.30409,1.30426,1.30382,1.30393,57.0450506614191,52.368051490219436,,,1290
1762345860,1.30394,1.30455,1.30365,1.30444,60.66621964018252,51.777332504296474,,,1010
1762346760,1.30445,1.30465,1.30396,1.30416,57.78596750181462,51.36579356566012,,,1350
1762347660,1.30414,1.30468,1.30362,1.30383,54.50173072357109,51.19482869124165,,,1370
1762348560,1.30382,1.30422,1.3032,1.30392,55.24874777700822,51.26094462948658,,,1972
1762349460,1.30393,1.30409,1.3034,1.30349,50.944990640045596,51.52779746213974,,,1987
1762350360,1.3035,1.30351,1.3025,1.30271,44.216461578800036,51.17990223189604,,,1730
1762351260,1.3027,1.30271,1.30186,1.30256,43.03922320580364,50.8327302344753,,,1862
1762352160,1.30258,1.30303,1.30247,1.30273,44.83193518426031,50.896080585647034,,,1501
1762353060,1.30272,1.30337,1.30255,1.30324,49.92374737836552,51.951629860119304,,,1993
1762353960,1.30325,1.30357,1.30141,1.30149,37.226940195957425,51.362495900772856,,,2575
1762354860,1.30144,1.3033,1.30136,1.30323,50.662611931265886,51.505555019867664,,,3631
1762355760,1.30324,1.30473,1.30323,1.30458,58.14737404402266,51.63994719364091,,,2964
1762356660,1.30459,1.30472,1.30372,1.30398,54.21104164268854,51.318003007514676,,,1841
1762357560,1.30393,1.30454,1.30373,1.30414,55.08424180787067,51.177945232261216,,,2108
1762358460,1.30413,1.30429,1.30312,1.30367,51.95021332504614,50.55537335260862,,,2260
1762359360,1.30368,1.30435,1.30341,1.30395,53.64237403456663,50.25940239066233,,,1570
1762360260,1.304,1.30434,1.30377,1.30404,54.2006877044358,50.237899317866955,,,1666
1762361160,1.30403,1.30493,1.30403,1.3047,58.17848748259658,50.4471664396947,,,1650
1762362060,1.30471,1.30494,1.30448,1.30455,56.967490508778496,50.87734500174704,,,1372
1762362960,1.30454,1.30471,1.30427,1.30427,54.67948784717016,51.62470402091634,,,1146
1762363860,1.30426,1.30428,1.30392,1.30392,51.87482428827005,52.25581838394965,,,1104
1762364760,1.30391,1.30411,1.30348,1.30382,51.068835633372814,52.70131127317198,,,1194
1762365660,1.30383,1.30445,1.30382,1.3041,53.258693136444684,52.93952168446335,,,1170
1762366560,1.30411,1.30437,1.30396,1.30418,53.893597312059015,54.12999719275632,,,960
1762367460,1.30417,1.30439,1.30398,1.30418,53.893597312059015,54.36078186281298,,,768
1762368360,1.30419,1.3046,1.30403,1.30448,56.46542728380749,54.24064280851189,,,868
1762369260,1.30449,1.30453,1.30419,1.30432,54.712550511841506,54.276464870594246,,,752
1762370160,1.30433,1.30474,1.3043,1.30472,58.205650589809004,54.499422640732696,,,540
1762371060,1.30471,1.30481,1.30451,1.30451,55.773421704506795,54.772508953551316,,,520
1762371960,1.3045,1.30476,1.30438,1.30475,57.936732560261724,55.079248848243815,,,702
1762372860,1.30474,1.305,1.30459,1.305,60.12475802026868,55.50239672794616,,,628
1762373760,1.30499,1.30519,1.30489,1.30491,58.936204577465915,55.55651937757968,,,573
1762374660,1.30492,1.30501,1.30471,1.30499,59.6988367379442,55.7516155368058,,,620
1762375560,1.30498,1.30511,1.30479,1.30479,56.85596818476975,55.907078418062916,,,481
1762376460,1.30478,1.30531,1.30476,1.30522,61.14057011150817,56.56891740543707,,,730
1762377360,1.30523,1.30544,1.30509,1.30538,62.62778854307098,57.39455689898694,,,292
1762378260,1.30531,1.30538,1.30514,1.30536,62.30678606824178,58.04084925125816,,,357
1762379160,1.30537,1.30538,1.30506,1.30516,59.04746428166725,58.408982606230175,,,791
1762380060,1.30472,1.30474,1.3045,1.30473,52.668292832429096,58.32146085768518,,,25
1762380960,1.30477,1.30486,1.30462,1.30486,54.276571818225065,58.165114038715004,,,174
1762381860,1.30486,1.305,1.30469,1.30487,54.404913755645225,58.143139984700994,,,638
1762382760,1.30488,1.30494,1.30456,1.3049,54.814677126860936,57.90092759449042,,,689
1762383660,1.30489,1.30512,1.30451,1.30507,57.163967412974515,58.00025228795239,,,586
1762384560,1.30508,1.30528,1.30507,1.30528,59.9351066092918,58.142993291454545,,,306
1762385460,1.30527,1.30533,1.30522,1.30527,59.73692772792518,58.115291127715714,,,320
1762386360,1.30523,1.3053,1.30512,1.30517,57.68289288344843,58.02576886385733,,,352
1762387260,1.30518,1.30529,1.30508,1.30523,58.60265050075478,57.947469846915226,,,541
1762388160,1.30523,1.30555,1.30518,1.30547,62.146745255702825,58.32538249483902,,,890
1762389060,1.30546,1.30562,1.30525,1.30558,63.681458751240086,58.50687454053416,,,841
1762389960,1.30557,1.30608,1.30555,1.30607,69.59510875208792,59.004540269749654,,,1298
1762390860,1.30608,1.3063,1.30588,1.30612,70.12958339785175,59.56331150757894,,,1512
1762391760,1.30611,1.30636,1.30601,1.30634,72.42634222769054,60.518945646580605,,,1242
1762392660,1.30635,1.30654,1.30607,1.30645,73.52257928493512,62.00853753604532,,,1028
1762393560,1.30646,1.30649,1.30623,1.30624,67.9671165771021,62.98643359025082,,,1062
1762394460,1.30625,1.30641,1.30615,1.30618,66.4228104705393,63.84485478417183,,,1042
1762395360,1.30617,1.30632,1.30616,1.3062,66.69446340863416,64.69341094715563,,,774
1762396260,1.30622,1.30636,1.30589,1.30589,58.75918434208563,64.8073550135207,,,838
1762397160,1.3059,1.30604,1.30573,1.30598,60.238302398626935,64.82901185561607,,,942
1762398060,1.30597,1.30622,1.30574,1.30622,63.951253085091324,65.13003509541365,,,780
1762398960,1.30623,1.30646,1.30614,1.30646,67.24518141119461,65.81305570453837,,,704
1762399860,1.30645,1.30645,1.30634,1.30641,65.89430597028462,66.33388823807623,,,906
1762400760,1.30642,1.30648,1.30632,1.30638,65.04992800663399,66.5412584345713,,,862
1762401660,1.30639,1.30653,1.30624,1.30651,67.02198856736646,66.77986770715177,,,598
1762402560,1.30652,1.3066,1.3062,1.30623,59.26536841990192,66.04202911199562,,,578
1762403460,1.30625,1.30626,1.30603,1.30607,55.32511483097158,64.98456707150419,,,388
1762404360,1.30608,1.30628,1.30588,1.30623,58.31007783265552,63.976262471858824,,,604
1762405260,1.30622,1.30627,1.30603,1.30626,58.865051555392085,62.9292962054629,,,526
1762406160,1.30625,1.30648,1.30618,1.3064,61.444457067172905,62.46339195475367,,,506
1762407060,1.30639,1.3064,1.30584,1.30585,48.561393633642034,61.18757646640386,,,852
1762407960,1.30584,1.30615,1.30579,1.30605,52.46446763683528,60.17114819698965,,,852
1762408860,1.30606,1.30678,1.30597,1.30655,60.52809378249062,60.2974988713043,,,1178
1762409760,1.30654,1.30654,1.30615,1.30636,56.59902821025542,60.037550714992044,,,1038
1762410660,1.30637,1.30637,1.30575,1.30586,47.804677866827895,58.884223913687514,,,963
1762411560,1.30587,1.30587,1.30531,1.30541,41.54764553875642,57.04868563708478,,,876
1762412460,1.30542,1.30613,1.30541,1.306,50.66515020643063,55.9608887968095,,,1031
1762413360,1.30599,1.30719,1.30594,1.30673,59.154488754420356,55.539785993079946,,,1246
1762414260,1.30674,1.30684,1.30605,1.30657,56.84562199288092,54.81290266633099,,,1962
1762415160,1.30655,1.30659,1.30607,1.30632,53.34224278998261,54.38982226419389,,,1746
1762416060,1.30629,1.30691,1.30597,1.30598,48.925995466675985,53.93274230960135,,,1924
1762416960,1.30597,1.30709,1.30591,1.30687,58.590468983898496,53.95277024897585,,,1514
1762417860,1.30686,1.30687,1.30629,1.30636,52.4640719669984,53.49555742123344,,,1332
1762418760,1.30637,1.30873,1.30636,1.30825,66.4603600019847,53.853836202291426,,,2100
1762419660,1.30824,1.30879,1.30794,1.30821,66.01733143574113,55.100688902441355,,,1850
1762420560,1.30823,1.30855,1.30774,1.30804,64.06277418562715,55.929139370212205,,,1805
1762421460,1.30805,1.30895,1.30783,1.30889,69.0041576884496,56.53457250635214,,,1491
1762422360,1.30888,1.30889,1.30774,1.30777,57.738570782101284,56.61596840434113,,,1302
1762423260,1.30775,1.30869,1.30773,1.30863,62.76536162738793,57.684588672952565,,,1490
1762424160,1.30864,1.30876,1.30823,1.30828,59.6554296513889,58.97800182385488,,,1388
1762425060,1.30827,1.30863,1.30801,1.30855,61.25049124705699,59.73409761247105,,,1546
1762425960,1.30856,1.30857,1.30773,1.3081,57.192030826114404,59.593922046163485,,,1434
1762426860,1.30809,1.30818,1.30772,1.30817,57.66198171407297,59.65223345482006,,,1174
1762427760,1.30816,1.30884,1.30813,1.30868,61.01959742806347,60.200615928968695,,,1210
1762428660,1.30869,1.30949,1.30866,1.30924,64.36170141852384,61.30316635410067,,,1719
1762429560,1.30928,1.30956,1.30698,1.30705,47.286911772404856,60.495769410422554,,,1814
1762430460,1.30708,1.30836,1.30594,1.30754,50.45408863277667,60.35219917226386,,,3411
1762431360,1.30755,1.30815,1.30703,1.30726,48.65509824078395,59.08039476074952,,,1678
1762432260,1.30727,1.30905,1.30726,1.30893,58.222930878763094,58.523651863822515,,,2442
1762433160,1.30894,1.31045,1.30864,1.30983,62.300171470777364,58.39775166990468,,,2292
1762434060,1.30982,1.31028,1.30936,1.30947,59.78667962877349,57.73936037992782,,,1985
1762434960,1.30946,1.3101,1.30939,1.30961,60.4548567625712,57.93338080710424,,,1694
1762435860,1.30962,1.3118,1.30954,1.31144,67.95108420384989,58.303789562565804,,,2397
1762436760,1.31145,1.31252,1.31051,1.31062,62.2562629674379,58.48956337085502,,,2389
1762437660,1.31063,1.31107,1.30974,1.30993,57.861896319948784,58.24752087606158,,,2258
1762438560,1.30992,1.30995,1.30894,1.30921,53.60959657816403,57.9916327154937,,,1984
1762439460,1.30922,1.30964,1.30876,1.30907,52.79710007761829,57.64414117003265,,,2111
1762440360,1.30908,1.30912,1.30832,1.30874,50.841119003260765,56.91710699683245,,,2200
1762441260,1.30873,1.30927,1.30807,1.30887,51.601791926128385,56.00568489023278,,,2693
1762442160,1.30888,1.31051,1.30882,1.30965,56.001001886318846,56.6281198983695,,,2340
1762443060,1.30966,1.30978,1.30859,1.30922,53.133696349272256,56.819520449547745,,,2401
1762443960,1.30924,1.31046,1.30885,1.31018,58.27066695727725,57.506346786440126,,,2595
1762444860,1.31017,1.31042,1.3097,1.31022,58.47490210575879,57.52434473122553,,,2520
1762445760,1.31021,1.31082,1.31,1.31031,58.96158581991049,57.28587432759218,,,1960
1762446660,1.31032,1.31105,1.31012,1.31092,62.19565890938398,57.45794427620722,,,2027
1762447560,1.31093,1.31106,1.31035,1.31095,62.35279217450603,57.59351109134542,,,1782
1762448460,1.31096,1.31161,1.31083,1.31134,64.42304448687304,57.34150825441849,,,1905
1762449360,1.31135,1.31189,1.31025,1.31127,63.745468601413776,57.44788008541678,,,1942
1762450260,1.31128,1.31245,1.31125,1.31224,68.66383539835763,58.21944716244598,,,1702
1762451160,1.31225,1.3125,1.31174,1.31217,67.94745645677335,59.24358001091808,,,1474
1762452060,1.31214,1.31335,1.31203,1.31313,72.22698269763904,60.63142876949098,,,1560
1762452960,1.31312,1.31352,1.31281,1.31347,73.57277230081637,62.25511829074496,,,1394
1762453860,1.31348,1.31422,1.31346,1.31403,75.6644247087438,63.97387777521749,,,1128
1762454760,1.31404,1.31427,1.31382,1.31383,73.4291392264426,65.21874472808346,,,1144
1762455660,1.31382,1.31424,1.31381,1.31404,74.28805422976228,66.72977029097562,,,1134
1762456560,1.31405,1.31413,1.31389,1.31393,72.95768050976817,67.77884268758211,,,1218
1762457460,1.31394,1.3142,1.31338,1.31351,67.95377016810359,68.45590469203532,,,1090
1762458360,1.3135,1.31351,1.31298,1.31341,66.77936971555538,69.01431782743852,,,1320
1762459260,1.31342,1.31401,1.31323,1.31386,69.34667459172876,69.52510466189172,,,792
1762460160,1.31387,1.31399,1.31321,1.31341,64.01871170031473,69.64409891373519,,,770
1762461060,1.31342,1.3136,1.31331,1.31333,63.090679779159125,69.54893000604133,,,1282
1762461960,1.31332,1.31372,1.31322,1.31356,64.67610967959368,69.61540436876848,,,1632
1762462860,1.31358,1.3136,1.31336,1.31356,64.67610967959368,69.33056681742819,,,654
1762463760,1.31355,1.31389,1.31348,1.31367,65.49813978860993,69.1556156268451,,,300
1762464660,1.31368,1.31382,1.31335,1.31342,61.968563039474624,68.42287136554764,,,600
1762465560,1.31342,1.31384,1.31342,1.31368,64.13329047949351,67.74862266402455,,,871
1762466460,1.31245,1.31322,1.31236,1.31238,49.08826685654592,65.85032567458185,,,161
1762467360,1.31242,1.31278,1.31236,1.31274,52.41718641966864,64.34947190266942,,,377
1762468260,1.31276,1.31322,1.31251,1.31322,56.50119087452986,63.07898166300996,,,1627
1762469160,1.31321,1.31341,1.3123,1.31328,56.99803378682673,61.93900689708557,,,2153
1762470060,1.31365,1.31369,1.31354,1.31366,60.10593397739457,61.37844716917779,,,428
1762470960,1.31367,1.31405,1.31366,1.31401,62.77456002111832,61.092389333860865,,,566
1762471860,1.314,1.31424,1.31379,1.31409,63.37758188763882,60.66602556928301,,,496
1762472760,1.31411,1.31413,1.31385,1.31388,60.60236588344481,60.42200086807802,,,492
1762473660,1.31389,1.31419,1.31369,1.3137,58.24796830848977,60.07609290588734,,,998
1762474560,1.31369,1.31372,1.31337,1.31349,55.53712098796343,59.42330799934233,,,804
1762475460,1.3135,1.31366,1.31337,1.31354,56.06145179137399,58.80797529304092,,,890
1762476360,1.31353,1.31353,1.31274,1.31285,47.70150286961668,57.53678694168427,,,1634
1762477260,1.31286,1.31297,1.31263,1.31284,47.59073920221303,56.509799524737005,,,1218
1762478160,1.31283,1.31297,1.31265,1.31274,46.42970275962543,55.24525754474643,,,1386
1762479060,1.31275,1.31291,1.31264,1.31266,45.473917257442416,54.98708971623904,,,1160
1762479960,1.31267,1.31276,1.31238,1.31271,46.21909071393587,54.54436859440098,,,1498
1762480860,1.31272,1.31308,1.31261,1.31284,48.201214120716216,53.95151311198572,,,1052
1762481760,1.31283,1.3129,1.3126,1.31271,46.36111545902883,53.19173323142872,,,1188
1762482660,1.31272,1.31282,1.31229,1.3123,41.03985911633346,51.829870741352934,,,920
1762483560,1.31229,1.31238,1.31199,1.31238,42.42840232797249,50.37657376327109,,,1240
1762484460,1.31237,1.31237,1.31176,1.31177,35.55295284816532,48.38910026045155,,,922
1762485360,1.31176,1.31194,1.31158,1.31182,36.46182749516823,46.664776089860375,,,820
1762486260,1.31184,1.31189,1.31171,1.31187,37.412375634744464,45.176519470307134,,,906
1762487160,1.31186,1.31204,1.31169,1.31176,36.131711364356626,43.790418782906656,,,890
1762488060,1.31177,1.31181,1.31161,1.31168,35.1883017460394,42.29947949395419,,,610
1762488960,1.31167,1.31187,1.31155,1.31162,34.46153944992177,41.35376782111883,,,770
1762489860,1.31161,1.31188,1.3116,1.31164,34.9438710627346,40.45042009687037,,,640
1762490760,1.31165,1.31173,1.31158,1.31172,36.94294050544478,39.77279422157175,,,762
1762491660,1.31173,1.31192,1.31168,1.31188,40.85725587620934,39.44303269434081,,,644
1762492560,1.31189,1.31214,1.3118,1.31214,46.65252989930823,39.47399263615312,,,528
1762493460,1.31219,1.31224,1.31208,1.31212,46.276884607401186,39.33654052805919,,,520
1762494360,1.31211,1.31213,1.31178,1.31197,43.45103635721611,39.12867773507257,,,866
1762495260,1.31195,1.31205,1.31166,1.31194,42.8869769643349,39.260614724215536,,,964
1762496160,1.31197,1.31207,1.31161,1.31199,44.187416765991664,39.38625861264547,,,1048
1762497060,1.31198,1.31203,1.31158,1.31162,37.400812246333,39.518248569657445,,,853
1762497960,1.31163,1.31171,1.31135,1.31155,36.26597321421245,39.504258978160614,,,1066
1762498860,1.31156,1.31189,1.31136,1.31182,43.39978605141593,39.931931150779995,,,1252
1762499760,1.31183,1.31224,1.31172,1.31177,42.45215129848622,40.38339114607497,,,1118
1762500660,1.31178,1.3119,1.31139,1.3117,41.09914777868723,40.80559443412124,,,1032
1762501560,1.31171,1.31258,1.31156,1.31239,55.98914874307496,42.34328081220361,,,1270
1762502460,1.31235,1.31277,1.31178,1.31199,48.35728450072963,43.301381772060395,,,1915
1762503360,1.312,1.31201,1.31072,1.31077,33.40225957356395,43.048475991211774,,,1866
1762504260,1.31078,1.31103,1.31022,1.3104,30.337915354419764,42.29709452536965,,,1638
1762505160,1.31041,1.31072,1.31017,1.31041,30.52343205746199,41.14501610809492,,,1612
1762506060,1.3104,1.31063,1.31008,1.31043,30.919669613148898,40.048072179934046,,,1478
1762506960,1.3105,1.3106,1.30992,1.31002,27.46196822737126,38.90599588494513,,,1028
1762507860,1.31001,1.31023,1.30948,1.30956,24.193064164601367,37.570716399249875,,,1264
1762508760,1.30954,1.31012,1.30954,1.3097,27.03957446843212,36.34587052085276,,,1259
1762509660,1.30971,1.31046,1.3097,1.30993,31.584657356128005,35.93043088583812,,,1501
1762510560,1.30996,1.31067,1.30962,1.31053,41.7746656661123,36.323908918116686,,,1564
1762511460,1.31052,1.31084,1.31026,1.31063,43.29069902891114,36.31611698793777,,,1164
1762512360,1.31062,1.31103,1.31058,1.31077,45.432805781733094,36.52902087959826,,,1498
1762513260,1.31076,1.31119,1.31062,1.31088,47.12287308140973,36.95928697264986,,,1410
1762514160,1.31087,1.31196,1.31082,1.31193,59.89252354961731,37.23809945883146,,,1718
1762515060,1.31192,1.31225,1.31137,1.31157,54.989242549391406,37.71181074802159,,,1646
1762515960,1.31156,1.3124,1.31151,1.31194,58.728997102697605,39.520863428673984,,,1731
1762516860,1.31195,1.31274,1.31188,1.3126,64.40951101672951,41.95454883312469,,,1389
1762517760,1.31259,1.31286,1.31216,1.31231,60.471030335075866,44.09366299581139,,,1489
1762518660,1.31232,1.31264,1.31175,1.31175,53.64898028013297,45.71718518631025,,,1352
1762519560,1.31176,1.3118,1.31099,1.31165,52.509768946709634,47.50631380912014,,,1712
1762520460,1.31166,1.31257,1.31157,1.31229,58.57283983561233,49.96201207133521,,,2127
1762521360,1.31228,1.31379,1.31228,1.31327,65.77773818644562,52.729023765479035,,,1721
1762522260,1.31326,1.31378,1.31253,1.31378,68.81713556819626,55.38848649491248,,,2252
1762523160,1.31377,1.31377,1.31265,1.31298,59.839333660628164,56.678819923092185,,,2684
1762524060,1.31299,1.31419,1.31291,1.31372,64.45823639610211,58.19078687789153,,,2008
1762524960,1.31373,1.31401,1.31335,1.31372,64.45823639610211,59.54974620748932,,,1650
1762525860,1.31371,1.31416,1.3133,1.31413,66.90410719486974,60.9626915013079,,,2677
1762526760,1.31415,1.31548,1.31415,1.31547,73.35734493761261,61.924464457593274,,,2100
1762527660,1.31548,1.31747,1.31547,1.31613,75.85459419859293,63.41484671825053,,,3358
1762528560,1.31611,1.31651,1.31597,1.31643,76.91384313361465,64.71376429188746,,,2320
1762529460,1.31647,1.31689,1.31502,1.31511,63.67702373703397,64.6614437719092,,,2127
1762530360,1.31512,1.31558,1.31453,1.3153,64.62084750437472,64.95785928400198,,,2622
1762531260,1.31529,1.31639,1.31529,1.31628,69.08317578963505,66.06030182039498,,,2043
1762532160,1.31626,1.31687,1.31586,1.31674,70.93620735727694,67.37647599257836,,,1798
1762533060,1.31673,1.31708,1.31636,1.31705,72.14774483202751,68.34611206375088,,,1624
1762533960,1.31704,1.31707,1.31614,1.31622,64.40642769785018,68.2481613145655,,,1700
1762534860,1.31623,1.31655,1.31572,1.31572,60.21489708432329,67.63371570857457,,,1602
1762535760,1.31571,1.3165,1.31569,1.31629,63.158443796493785,67.87079500399354,,,1274
1762536660,1.31628,1.31687,1.31597,1.31671,65.20145456356094,67.92388201595489,,,1075
1762537560,1.31672,1.31725,1.31651,1.3171,67.02978411802633,68.10756399609234,,,1369
1762538460,1.31711,1.31748,1.31694,1.31695,65.60213108724574,68.01456570269063,,,1165
1762539360,1.31696,1.31712,1.3167,1.31686,64.71155178197736,67.39700904871668,,,1332
1762540260,1.31691,1.31733,1.31671,1.31717,66.40337199671622,66.72192174858263,,,1318
1762541160,1.31718,1.31718,1.31659,1.31671,61.678032851505826,65.63364958557486,,,1420
1762542060,1.31672,1.31722,1.3166,1.31715,64.29529838795196,65.67781206064043,,,1330
1762542960,1.31714,1.31731,1.31651,1.31678,60.55031309611491,65.38705960290758,,,1420
1762543860,1.31677,1.31679,1.31587,1.31608,54.126910560864275,64.31875494370968,,,1749
1762544760,1.3161,1.3162,1.31567,1.3157,50.96608684290701,62.892317764111816,,,1682
1762545660,1.31575,1.31617,1.3157,1.31612,54.15284979151814,61.606968118361145,,,1183
1762546560,1.3161,1.31622,1.31579,1.31599,53.00457635410526,60.79255016523651,,,1178
1762547460,1.31606,1.31647,1.31603,1.31644,56.44723218145258,60.52343124360289,,,1040
1762548360,1.31645,1.31653,1.3163,1.31635,55.57044023003213,59.98143098885563,,,846
1762549260,1.31636,1.31651,1.31613,1.31642,56.14106704765733,59.33426045200537,,,478
1762550160,1.31641,1.31641,1.31597,1.31599,51.74463285422945,58.24246393316274,,,504
1762551060,1.316,1.31601,1.3155,1.3155,47.20786476562426,56.92858776733262,,,508
1762551960,1.31551,1.31611,1.31522,1.31611,52.76056699293681,56.07494599668688,,,902
1762725660,1.3145,1.3159,1.314,1.31585,50.33062622796719,54.92689272749051,,,185
1762726560,1.31589,1.31593,1.31577,1.31587,50.519409036051464,54.12984816924377,,,88
1762727460,1.31588,1.31593,1.31378,1.31513,43.874721841782495,52.6712355588031,,,318
1762728360,1.31513,1.31566,1.31474,1.31529,45.54253220793292,51.59925120964724,,,731
1762729260,1.31525,1.31564,1.3145,1.31482,41.62918296022861,50.7065563810304,,,1503
1762730160,1.31481,1.31481,1.31447,1.31453,39.380650589709404,49.87902522008772,,,1017
1762731060,1.31452,1.31459,1.31424,1.31428,37.50020161398991,48.68955035026427,,,670
1762731960,1.31429,1.3152,1.31397,1.31493,44.87103414924623,48.10858304991721,,,1040
1762732860,1.31495,1.31495,1.31365,1.31418,39.13587393847633,46.87205746113319,,,2123
1762733760,1.31419,1.31467,1.31411,1.31461,43.5877662245432,46.01615217502683,,,1348
1762734660,1.3146,1.31465,1.31414,1.31445,42.34657760471956,45.03083150053128,,,2121
1762735560,1.31444,1.31478,1.31431,1.31452,43.10983861614868,44.41406048352551,,,1810
1762736460,1.31453,1.31499,1.31402,1.31496,47.78881502544996,44.455556930655916,,,1764
1762737360,1.31497,1.31551,1.31487,1.31521,50.29045875837898,44.2791206281875,,,1460
1762738260,1.3152,1.31527,1.31472,1.31479,46.27868115421859,43.98969598006259,,,1520
1762739160,1.3148,1.31514,1.31471,1.31505,48.99139177122122,43.88055188971758,,,1412
1762740060,1.31504,1.31521,1.31463,1.31478,46.37264349461124,44.05897486491963,,,1060
1762740960,1.31479,1.31521,1.31475,1.31497,48.46044479423503,44.26739719251264,,,906
1762741860,1.31496,1.31515,1.31471,1.315,48.79939058228618,44.77955487980246,,,970
1762742760,1.31499,1.31507,1.31481,1.31493,48.006072738581366,45.395656461864746,,,932
1762743660,1.31492,1.31496,1.31466,1.3149,47.648560831942156,46.12053926314705,,,828
1762744560,1.31486,1.31486,1.31453,1.31462,44.33025776860678,46.08191237881566,,,1038
1762745460,1.31461,1.31464,1.31426,1.31442,42.07622770341526,46.29193764773987,,,1034
1762746360,1.31441,1.31479,1.31427,1.31479,47.40425533061417,46.56454401245922,,,1494
1762747260,1.3148,1.31521,1.31469,1.31486,48.37181440941807,46.99491806993769,,,1312
1762748160,1.31487,1.31499,1.31455,1.31495,49.65420188185884,47.462372588916985,,,714
1762749060,1.31498,1.31541,1.31496,1.31513,52.210880347441865,47.77823439763068,,,1006
1762749960,1.31512,1.31546,1.31506,1.31524,53.756382269024314,48.025800362676776,,,712
1762750860,1.31525,1.31536,1.31509,1.31514,52.10660507540371,48.44208064276143,,,1048
1762751760,1.31513,1.31591,1.31509,1.31584,61.105112933844175,49.30734644009164,,,972
1762752660,1.31585,1.31603,1.31564,1.31597,62.513742991520886,50.46028211844233,,,1154
1762753560,1.31596,1.31601,1.31546,1.31553,55.22379111182537,50.9433782839845,,,846
1762754460,1.31555,1.31591,1.31541,1.31565,56.70659645117114,51.50817870319057,,,886
1762755360,1.31568,1.31574,1.31517,1.3154,52.78476554978125,51.84951390399057,,,1022
1762756260,1.31539,1.31549,1.31507,1.31509,48.32197666821123,51.89761503515265,,,1026
1762757160,1.3151,1.31521,1.31391,1.31452,41.39227022561924,51.6877587820821,,,1694
1762758060,1.31451,1.3153,1.31451,1.31504,48.62986150405306,52.15587548212766,,,2302
1762758960,1.31505,1.3158,1.31464,1.3158,56.98983975691303,52.84056008400615,,,2068
1762759860,1.31581,1.31665,1.31569,1.31651,63.041064763472804,53.888363680724346,,,1420
1762760760,1.3165,1.31669,1.31564,1.31578,54.5440086074154,54.23763558969267,,,1280
1762761660,1.3157,1.31631,1.31557,1.31601,56.53195520577449,54.54628379385929,,,1990
1762762560,1.31602,1.31762,1.31599,1.31749,66.64162604111831,55.46665834900886,,,1892
1762763460,1.31748,1.31848,1.31727,1.31761,67.30559018331175,56.55230014243086,,,2070
1762764360,1.3176,1.31798,1.31727,1.31764,67.47985787540685,57.00763906682819,,,2252
1762765260,1.31762,1.31766,1.3169,1.31726,62.906001885912225,57.03565755928472,,,2268
1762766160,1.31725,1.31759,1.31669,1.3171,61.03025354552173,57.45040487597732,,,1874
1762767060,1.31708,1.31795,1.31698,1.31783,66.01013983259892,58.11494368893644,,,1746
1762767960,1.31782,1.31785,1.31705,1.31711,58.12116650705905,58.496115185884854,,,1666
1762768860,1.31712,1.31755,1.31701,1.31753,61.04576337297533,59.404957093368004,,,1590
1762769760,1.31754,1.31754,1.31644,1.31647,51.307273275286605,60.11317159691567,,,1670
1762770660,1.31649,1.31662,1.31574,1.31585,46.62236682916713,59.969779120138114,,,1638
1762771560,1.31586,1.31609,1.31573,1.31605,48.263493404210855,59.34646866637366,,,1612
1762772460,1.31604,1.31605,1.31521,1.31553,44.43793638309054,58.01767378206064,,,1648
1762773360,1.31554,1.31654,1.3153,1.31636,51.10047849967699,57.77170734579361,,,1246
1762774260,1.31632,1.31687,1.31622,1.31682,54.366435174415024,57.61702734355365,,,1292
1762775160,1.31681,1.31773,1.31681,1.31761,59.38362890757173,57.09859897687175,,,1508
1762776060,1.3176,1.31818,1.31759,1.31813,62.320234375143016,56.74250213343112,,,906
1762776960,1.31812,1.31879,1.31805,1.31833,63.415826907175706,56.452214207128904,,,1606
1762777860,1.31834,1.31881,1.31813,1.31822,62.342158732709855,56.41193969618587,,,930
1762778760,1.3182,1.31869,1.31782,1.31813,61.42581616123405,56.44019416873675,,,1322
1762779660,1.31814,1.31852,1.31794,1.31841,63.23630315164552,56.24206297724008,,,1456
1762780560,1.31839,1.31912,1.31823,1.31832,62.22534051334568,56.53521826340341,,,1288
1762781460,1.31831,1.31833,1.3171,1.31762,54.876851737826335,56.09458171803562,,,1508
1762782360,1.31763,1.31774,1.3171,1.31723,51.2457387576731,56.090186395348944,,,1590
1762783260,1.31722,1.31744,1.31679,1.31692,48.49871403939102,56.224211196079224,,,1666
1762784160,1.31691,1.31723,1.31637,1.31644,44.5193148438736,55.95676987034084,,,1422
1762785060,1.3164,1.31672,1.31557,1.31562,38.68036030685161,55.54551443632378,,,2238
1762785960,1.31561,1.3169,1.31527,1.31648,46.591932065842336,55.22347540533559,,,2304
1762786860,1.31649,1.31703,1.31605,1.31634,45.56136984410762,54.594542167456495,,,2002
1762787760,1.31635,1.31648,1.31557,1.31564,40.71244582037111,53.260886232656446,,,2096
1762788660,1.31563,1.3159,1.31521,1.31524,38.2099589256205,51.5387237005477,,,1986
1762789560,1.31523,1.31562,1.31457,1.31495,36.46016871654086,49.61331954407378,,,2438
1762790460,1.31494,1.31583,1.31487,1.31578,44.31936869774131,48.325977398718884,,,1692
1762791360,1.31577,1.31633,1.31559,1.31569,43.68834312837219,47.05901503922876,,,1622
1762792260,1.31568,1.31615,1.31534,1.31565,43.39262937468025,45.641609769445516,,,1668
1762793160,1.31564,1.31576,1.31523,1.31574,44.306071433536516,44.361661978030575,,,1812
1762794060,1.31573,1.31645,1.31554,1.31624,49.209529195882894,43.956853225034614,,,1916
1762794960,1.31618,1.31673,1.31582,1.31663,52.707124761754436,44.061237939611864,,,1624
1762795860,1.31662,1.31749,1.3166,1.31742,58.88371000195748,44.803023365509475,,,1293
1762796760,1.31743,1.31799,1.31741,1.31789,62.05855170022902,46.055825998106286,,,1238
1762797660,1.31784,1.3185,1.31779,1.31821,64.09157039086058,47.87091243267836,,,1109
1762798560,1.3182,1.31824,1.31782,1.31791,60.80227227536769,48.88593673335874,,,940
1762799460,1.3179,1.31812,1.31788,1.31789,60.579059895960484,49.958628879919665,,,852
1762800360,1.3179,1.31802,1.31773,1.31799,61.34321045955582,51.43225492557572,,,920
1762801260,1.318,1.31841,1.31797,1.31839,64.32236285492212,53.29742663481155,,,806
1762802160,1.3184,1.31842,1.31807,1.3183,63.143234820095735,55.20335992792261,,,780
1762803060,1.31831,1.31838,1.31801,1.3181,60.489537363981135,56.35837197551116,,,788
1762803960,1.31812,1.31827,1.31794,1.318,59.15096726449451,57.46284512809133,,,1094
1762804860,1.31799,1.31842,1.31797,1.31832,62.045378177054,58.79518432826088,,,866
1762805760,1.31831,1.3184,1.31808,1.31838,62.58075478054009,60.10051885304684,,,713
1762806660,1.31836,1.31843,1.3182,1.31822,60.14438489435663,60.881579974366396,,,511
1762807560,1.31823,1.31836,1.318,1.31803,57.29195881289725,61.2090681208766,,,878
1762808460,1.31802,1.31821,1.31797,1.31803,57.29195881289725,61.09537160737229,,,508
1762809360,1.31805,1.31816,1.31769,1.31778,53.42541454878758,60.47871895369791,,,346
1762810260,1.31777,1.31784,1.31762,1.31763,51.19299514543182,59.557392150453,,,483
1762811160,1.31764,1.31768,1.31731,1.3174,47.88867606001294,58.6349924207848,,,833
1762812060,1.31724,1.31726,1.31724,1.31724,45.67979459166494,57.570759184763695,,,8
1762812960,1.31691,1.31715,1.31686,1.31712,44.039113780826845,56.3347522791402,,,374
1762813860,1.31711,1.31765,1.31708,1.31728,46.78364695743787,55.081986857891316,,,1400
1762814760,1.31728,1.31739,1.31685,1.31711,44.29777130755165,53.73588232128103,,,2373
1762815660,1.31714,1.31777,1.31708,1.31774,54.043393856437405,53.275443499313624,,,455
1762816560,1.31775,1.31777,1.31737,1.31744,49.59371145070631,52.59278236975733,,,450
1762817460,1.31745,1.31758,1.31741,1.31744,49.59371145070631,51.70337760358963,,,329
1762818360,1.31743,1.31748,1.31719,1.31728,47.1904100167654,50.60406726332001,,,570
1762819260,1.31727,1.31752,1.31711,1.31732,47.8705363393233,49.72736379510335,,,922
1762820160,1.31733,1.31743,1.31711,1.31721,46.11177853207892,48.92877948933061,,,820
1762821060,1.3172,1.3172,1.31663,1.3167,38.96410616414751,47.619647157277065,,,890
1762821960,1.31669,1.31674,1.31643,1.31652,36.796189313837516,46.43184535478063,,,1536
1762822860,1.31651,1.31655,1.31591,1.31603,31.63597861778456,45.034915602805825,,,1426
1762823760,1.31604,1.31621,1.31577,1.31598,31.155844328243546,43.83971333625086,,,1282
1762824660,1.31599,1.31639,1.31597,1.31615,34.78015021282022,43.06116730919053,,,903
1762825560,1.31616,1.31666,1.316,1.3166,43.290746207253754,43.00771248250674,,,1302
1762826460,1.31659,1.31683,1.3165,1.31672,45.33912456694861,42.90453231175751,,,977
1762827360,1.3167,1.3168,1.31659,1.3166,43.64150395975893,42.85765607262946,,,1086
1762828260,1.31659,1.31667,1.31632,1.31638,40.63737048466757,41.9000829746459,,,1096
1762829160,1.31636,1.3164,1.31612,1.31636,40.365338411050054,41.24091347181331,,,1272
1762830060,1.31635,1.31691,1.31632,1.31662,45.475280619262264,40.946739840995875,,,1332
1762830960,1.31663,1.31689,1.31654,1.31677,48.23132901618369,41.02109119809718,,,1004
1762831860,1.31676,1.31704,1.31673,1.31683,49.3345188388317,41.125661376633495,,,1326
1762832760,1.31684,1.31704,1.3168,1.31694,51.38013026062981,41.50197221438713,,,776
1762833660,1.31695,1.31718,1.31659,1.31659,45.13572054228795,41.94280181282573,,,1060
1762834560,1.3166,1.31681,1.31658,1.31662,45.744386153193034,42.581958729922555,,,936
1762835460,1.31661,1.3169,1.31654,1.31686,50.477692644812606,43.92779544613885,,,796
1762836360,1.31687,1.31691,1.31632,1.31665,46.643256206196256,45.0340391517069,,,886
1762837260,1.31664,1.31686,1.31625,1.31685,50.49985040720095,46.15687487987695,,,926
1762838160,1.31684,1.31715,1.31676,1.31703,53.740574470545795,46.903291184397816,,,1046
1762839060,1.31704,1.31723,1.3169,1.31699,52.911567203985584,47.44417994418617,,,1156
1762839960,1.317,1.31715,1.31651,1.31672,47.57653220770997,47.72525339046838,,,1196
1762840860,1.3167,1.3171,1.31668,1.31679,49.01193612726608,48.32343665065399,,,1106
1762841760,1.31678,1.31714,1.31669,1.31708,54.562617842629955,49.33752803862398,,,874
1762842660,1.317,1.31703,1.31559,1.31564,34.486606190041925,48.5526227222511,,,1116
1762843560,1.31565,1.3161,1.31211,1.3122,17.716401015462367,46.37298500791386,,,1742
1762844460,1.31221,1.31312,1.3121,1.31292,25.84451752716498,44.69512777136623,,,2841
1762845360,1.31291,1.31399,1.31287,1.3135,31.697701076625975,43.28923997250882,,,2188
1762846260,1.31356,1.31362,1.31259,1.31298,29.453096364874852,42.16905253126503,,,2314
1762847160,1.31299,1.31333,1.31224,1.31268,28.2118820965524,40.91673081293356,,,2108
1762848060,1.31267,1.31353,1.31234,1.31283,29.8047444505184,39.440091656198256,,,2314
1762848960,1.31284,1.31293,1.31206,1.31281,29.710087386471926,38.23057959764651,,,2046
1762849860,1.31282,1.31305,1.31247,1.31264,28.870763645119837,36.685644828926435,,,1666
1762850760,1.31263,1.31301,1.31213,1.31226,27.032407453617125,34.77791861343153,,,1916
1762851660,1.31224,1.31257,1.31167,1.31195,25.60028869223416,32.827113005449284,,,1886
1762852560,1.31181,1.31293,1.31178,1.31274,35.044397948451675,31.931960558359403,,,2060
1762853460,1.31273,1.31345,1.31271,1.31323,40.12148322998948,31.296928208553933,,,1807
1762854360,1.31322,1.31334,1.31287,1.31319,39.847673165657746,30.245860731627342,,,1354
1762855260,1.3132,1.31321,1.3121,1.31272,36.680107833176244,30.402539420422652,,,1503
1762856160,1.31269,1.31359,1.31251,1.31342,43.840410855001664,32.26854012324689,,,1550
1762857060,1.31339,1.31389,1.31335,1.31383,47.579476493592274,33.82103719227741,,,1392
1762857960,1.31382,1.3141,1.31378,1.31379,47.24896067852442,34.931841449555876,,,1176
1762858860,1.3138,1.31419,1.31338,1.31344,44.34613411661632,35.99562986039455,,,1530
1762859760,1.31343,1.31448,1.31343,1.31438,52.74336533428747,37.747878663089914,,,1646
1762860660,1.31437,1.31476,1.31417,1.31454,54.0152035073721,39.47719716715089,,,1362
1762861560,1.3145,1.31522,1.31422,1.31491,56.903722634470434,41.41959968486507,,,1482
1762862460,1.31492,1.31546,1.31458,1.31528,59.63432158023735,43.616996680230606,,,1220
1762863360,1.31527,1.31542,1.31495,1.31496,56.31120253045687,45.70833918571915,,,1166
1762864260,1.31494,1.31541,1.31479,1.31512,57.58392804886349,47.99288485404982,,,1134
1762865160,1.3151,1.3151,1.31391,1.31448,51.16342646370863,49.144244033711026,,,1746
1762866060,1.31449,1.31506,1.31441,1.31498,55.351808222935254,50.232124390350016,,,1812
1762866960,1.31499,1.31751,1.31486,1.31691,67.0860108579283,52.17771993979793,,,3022
1762867860,1.31692,1.31771,1.31691,1.31763,70.22939357373815,54.57409749269521,,,2236
1762868760,1.31764,1.31784,1.31679,1.3174,67.99542801059981,56.29945586095222,,,2360
1762869660,1.31739,1.31771,1.31633,1.31637,58.95169153626639,57.11175693542894,,,2146
1762870560,1.31638,1.3177,1.31608,1.31749,64.48346357913607,58.342792856901205,,,2042
1762871460,1.3175,1.31829,1.31728,1.31797,66.56316987574158,59.92972398255301,,,1918
1762872360,1.31798,1.31846,1.31767,1.31791,66.04258664889753,60.87966836216801,,,2340
1762873260,1.31788,1.31797,1.31587,1.31651,55.19532869779372,60.9639630186267,,,2626
1762874160,1.3165,1.31696,1.31628,1.3166,55.69907038220004,60.87791642917882,,,2400
1762875060,1.31661,1.31705,1.31649,1.31705,58.22793306273829,60.777460106500314,,,1914
1762875960,1.31704,1.31774,1.31688,1.31739,60.08202798201347,61.0468047816115,,,2136
1762876860,1.3174,1.3178,1.31734,1.3177,61.749102776751,61.34431726217489,,,1786
1762877760,1.31771,1.31795,1.31677,1.31688,55.18406612276862,61.631505809250605,,,1872
1762878660,1.31689,1.31762,1.31679,1.31712,56.63720086132876,61.72331956913585,,,1638
1762879560,1.31713,1.31744,1.31681,1.31738,58.21776418431092,61.08987337816318,,,1358
1762880460,1.31735,1.31749,1.31688,1.31731,57.608937287704066,60.18841221487503,,,1356
1762881360,1.3173,1.31784,1.31719,1.31745,58.5427367426975,59.51321998145344,,,1438
1762882260,1.31744,1.31745,1.31693,1.31734,57.471510371425516,59.40749275539338,,,1118
1762883160,1.31733,1.31791,1.31719,1.3173,57.062615280612086,58.87743216264166,,,1104
1762884060,1.31729,1.31763,1.3172,1.31754,58.949783737622404,58.33361886706172,,,1252
1762884960,1.31753,1.31782,1.3174,1.3175,58.488383164577286,57.79403290389599,,,1106
1762885860,1.31751,1.31752,1.31728,1.31731,56.23676603256852,57.86842128495134,,,948
1762886760,1.3173,1.3177,1.31725,1.31729,55.992414424514685,57.88937443083096,,,1000
1762887660,1.31728,1.31752,1.31701,1.31712,53.85056594505204,57.57670535099623,,,1308
1762888560,1.31711,1.31732,1.31694,1.31731,55.88183008419706,57.27669121543791,,,1084
1762889460,1.3173,1.3174,1.3172,1.3172,54.389252618658496,56.75098763271701,,,840
1762890360,1.31719,1.31723,1.31654,1.31678,49.00698226081865,56.30976735686345,,,1392
1762891260,1.31679,1.31708,1.31678,1.31702,51.93407420441039,55.97382973851213,,,852
1762892160,1.31703,1.31717,1.31656,1.31672,48.2088921817686,55.258910309759116,,,943
1762893060,1.31671,1.31686,1.3165,1.31653,45.96037753263405,54.42687032725411,,,682
1762893960,1.31652,1.31652,1.31612,1.3162,42.27253878395263,53.264713330200905,,,944
1762894860,1.31622,1.31626,1.31609,1.31611,41.29924554460248,52.1095515568564,,,793
1762895760,1.3161,1.31612,1.31572,1.31598,39.87123761773904,50.881596009508335,,,522
1762896660,1.31599,1.31599,1.31559,1.31561,36.05053473324377,49.24593536633843,,,224
1762897560,1.3156,1.3156,1.31473,1.31488,29.9521202311647,47.20763087109468,,,998
1762898460,1.31506,1.31508,1.31495,1.31508,33.28208408369612,45.5680107318895,,,26
1762899360,1.31505,1.31508,1.31469,1.31476,30.76227497977257,43.765857914407924,,,228
1762900260,1.31477,1.31495,1.31475,1.31485,32.314413713145484,42.2275613264146,,,340
1762901160,1.31485,1.31542,1.31467,1.31484,32.227964151985304,40.537999474113754,,,663
1762902060,1.31511,1.31511,1.31486,1.31489,33.19037439787533,39.02379388691496,,,440
1762902960,1.31491,1.31492,1.31477,1.31483,32.59225208212305,37.85131315986528,,,270
1762903860,1.31484,1.3153,1.31482,1.31524,40.48489329617639,37.03351452356285,,,496
1762904760,1.31525,1.31541,1.31521,1.31523,40.36076444007333,36.47293397058461,,,466
1762905660,1.31522,1.31533,1.315,1.31513,39.07068784929467,35.980813278917516,,,711
1762906560,1.31514,1.31514,1.31477,1.31477,34.762855980171395,35.444407364361716,,,700
1762907460,1.31476,1.31501,1.31447,1.31453,32.21290950453121,34.795383361499475,,,717
1762908360,1.31454,1.31471,1.31397,1.31408,28.057194022953198,33.951523104729056,,,1536
1762909260,1.31407,1.31447,1.31407,1.31431,32.827101425266505,33.72127786844497,,,1316
1762910160,1.3143,1.31437,1.31381,1.31383,28.569855792343787,33.62254469424347,,,1200
1762911060,1.31385,1.31429,1.31374,1.31423,36.01660747919283,33.81786779392181,,,1024
1762911960,1.31422,1.31428,1.31382,1.31393,33.2194095310263,33.99337740472565,,,1194
1762912860,1.31394,1.31416,1.31394,1.31403,35.03071587532743,34.187398987738646,,,758
1762913760,1.31404,1.31441,1.314,1.31416,37.40751185916699,34.55736668110877,,,782
1762914660,1.31415,1.31418,1.31388,1.31397,35.370826402258615,34.71311325285043,,,730
1762915560,1.31395,1.31403,1.31376,1.31384,34.006550658351,34.81413457972385,,,1172
1762916460,1.31387,1.31388,1.31354,1.31384,34.006550658351,34.35139581987918,,,638
1762917360,1.31387,1.31428,1.31383,1.31408,39.040786551413696,34.25711168497492,,,688
1762918260,1.31409,1.31422,1.31393,1.31409,39.248737775172344,34.26982953682333,,,400
1762919160,1.3141,1.31413,1.31392,1.31402,38.26471901623724,34.519962610828024,,,662
1762920060,1.31403,1.31409,1.31349,1.31351,31.97483285256959,34.50295713568791,,,738
1762920960,1.3135,1.31353,1.31301,1.31327,29.516007836939664,34.60715812240123,,,896
1762921860,1.31324,1.31333,1.31297,1.31306,27.52172082209914,34.22820236503213,,,820
1762922760,1.31307,1.31316,1.31287,1.31306,27.52172082209914,34.15333558144323,,,954
1762923660,1.31302,1.31343,1.31287,1.31341,35.89405351298514,34.144581726714115,,,986
1762924560,1.3134,1.31382,1.31329,1.31344,36.570398816284666,34.38393810423256,,,1432
1762925460,1.3134,1.31393,1.3134,1.31349,37.74922122728154,34.57811705794357,,,1264
1762926360,1.31348,1.31377,1.31328,1.31337,36.01906711775584,34.47894243355706,,,890
1762927260,1.3134,1.3139,1.31316,1.31322,33.92590470981334,34.37573374123954,,,912
1762928160,1.3132,1.31349,1.31307,1.31349,40.61551265508829,34.847802455292204,,,728
1762929060,1.31348,1.31401,1.3134,1.31378,46.84089485305506,35.764541326342496,,,935
1762929960,1.31378,1.31431,1.31376,1.31422,54.61491287743595,36.876978921058374,,,799
1762930860,1.31423,1.31469,1.31418,1.31458,59.79547963690734,38.34460333975373,,,1485
1762931760,1.31459,1.31494,1.31439,1.31472,61.62977256974951,40.013535736433184,,,1282
1762932660,1.31473,1.31482,1.31388,1.31428,53.38592581203067,41.542899519251826,,,1440
1762933560,1.3143,1.31488,1.31428,1.31452,56.781783157452,43.490454899288416,,,1262
1762934460,1.31451,1.31555,1.31438,1.3154,66.43677952139006,46.27010194923777,,,1834
1762935360,1.31539,1.31551,1.31487,1.31519,62.82957553663008,48.79209157170426,,,1672
1762936260,1.3152,1.3154,1.31487,1.31487,57.6894481578972,50.34890547491227,,,1566
1762937160,1.31488,1.31489,1.31153,1.3117,30.804212958273467,49.9370350564829,,,2574
1762938060,1.31172,1.31314,1.31155,1.31172,31.02262648218094,49.45656400326142,,,2212
1762938960,1.31173,1.31306,1.31172,1.31241,38.2628239500044,49.616832348422044,,,1920
1762939860,1.31242,1.31291,1.31221,1.31271,41.154907625019305,50.13318969950818,,,1665
1762940760,1.31272,1.31282,1.3115,1.31159,34.63222889478736,49.705812288058105,,,2165
1762941660,1.31163,1.31212,1.31134,1.31169,35.61344842399484,48.903851828839514,,,2020
1762942560,1.3117,1.31173,1.31108,1.31121,33.04903955475959,47.36343230579121,,,1678
1762943460,1.31122,1.31256,1.31112,1.3122,42.28057384911501,46.11236760666319,,,1472
1762944360,1.31221,1.31283,1.31219,1.31242,44.12436496242653,44.861981348997254,,,1280
1762945260,1.31243,1.31255,1.31172,1.31173,39.82721290494127,43.89350185563374,,,1502
1762946160,1.31171,1.31287,1.31158,1.31275,47.90406057217728,43.2593788138284,,,1408
1762947060,1.31274,1.31305,1.31232,1.31261,46.97210684058555,41.86904505091378,,,1747
1762947960,1.31259,1.31399,1.31237,1.31359,53.754381038288514,41.22081687246082,,,1565
1762948860,1.31361,1.31393,1.31243,1.31273,47.957616969173316,40.525686073266264,,,1890
1762949760,1.31277,1.31286,1.31203,1.31203,43.81583595179625,41.45508771566074,,,1142
1762950660,1.31202,1.31209,1.31078,1.31181,42.57144385906489,42.280003242581024,,,1950
1762951560,1.31182,1.31229,1.31121,1.31213,45.01747942329357,42.76247863353025,,,2088
1762952460,1.31212,1.31214,1.31122,1.31122,39.822969203704666,42.667340174864925,,,1811
1762953360,1.31121,1.31122,1.31047,1.31051,36.30323109532949,42.78669747490365,,,1848
1762954260,1.31049,1.31073,1.30957,1.31003,34.10837850260792,42.679192480518864,,,1870
1762955160,1.31004,1.31062,1.30997,1.31061,38.91424254923349,43.098135551552716,,,1354
1762956060,1.31062,1.31076,1.30889,1.3089,31.59710280678938,42.33503047710088,,,1938
1762956960,1.30889,1.30937,1.30846,1.3092,33.943795450242504,41.60784694051631,,,2172
1762957860,1.30914,1.30978,1.30866,1.30962,37.19246959209299,41.41965098959857,,,2114
1762958760,1.30961,1.31057,1.30933,1.31051,43.530205550473006,41.10723277376256,,,2356
1762959660,1.31052,1.31081,1.31002,1.31079,45.39697978343757,40.994723698251995,,,2364
1762960560,1.3108,1.31155,1.31078,1.31113,47.659632630687405,40.55938452628048,,,1892
1762961460,1.31114,1.31208,1.31101,1.31197,52.85721681428902,40.90935594378874,,,1832
1762962360,1.31206,1.31334,1.31193,1.31334,59.858591736735875,42.05526707128443,,,2478
1762963260,1.31332,1.31364,1.31302,1.31314,58.49286097402351,43.192511150924325,,,2002
1762964160,1.31312,1.31354,1.31281,1.31298,57.36524270761002,44.07449424266122,,,1730
1762965060,1.31296,1.31354,1.31294,1.31348,59.96275790807873,45.51305057868793,,,1512
1762965960,1.31347,1.3135,1.31281,1.31319,57.76455191072329,47.04600206550178,,,1366
1762966860,1.3132,1.31397,1.31319,1.31392,61.58246333880695,49.00843669665885,,,1652
1762967760,1.31393,1.31398,1.31348,1.31351,58.38995135434962,50.39955875416714,,,1096
1762968660,1.31352,1.3139,1.31348,1.31355,58.61536253426712,52.32943444898698,,,897
1762969560,1.31356,1.31395,1.31331,1.31393,60.78855582382846,54.24691733281454,,,1113
1762970460,1.31401,1.31415,1.31377,1.31393,60.78855582382846,55.93235206365279,,,1189
1762971360,1.31392,1.314,1.31377,1.31398,61.10027356595283,57.187356921901355,,,858
1762972260,1.31397,1.31439,1.31397,1.31428,63.000812641188176,58.44477355459782,,,814
1762973160,1.31423,1.31441,1.31398,1.31399,59.95156826956104,59.322768957374514,,,782
1762974060,1.31396,1.31413,1.31332,1.31337,53.94065240305338,59.40015721371482,,,1316
1762974960,1.31336,1.3136,1.31315,1.31323,52.65679857048283,58.885743416125315,,,890
1762975860,1.31329,1.31349,1.31311,1.31328,53.086261891513544,58.499557767374604,,,1258
1762976760,1.31322,1.31324,1.3128,1.313,50.33272072976858,57.997234768957355,,,1222
1762977660,1.31301,1.31334,1.31292,1.31332,53.313161682102404,57.52226360995905,,,984
1762978560,1.31331,1.31333,1.3129,1.31299,49.98216744170655,56.96637900502929,,,602
1762979460,1.31295,1.31322,1.31279,1.3132,52.03590858398748,56.2844822368279,,,622
1762980360,1.31321,1.31323,1.31288,1.3131,50.96281007728713,55.753972145609154,,,796
1762981260,1.31308,1.31308,1.31252,1.31276,47.38481883357735,54.95179045270273,,,850
1762982160,1.31277,1.31299,1.31256,1.31257,45.46388749357754,53.85717128625624,,,455
1762983060,1.31258,1.31288,1.31251,1.31252,44.9474958504882,52.72566700244622,,,369
1762983960,1.31248,1.31337,1.3124,1.31326,53.3861635238927,52.17465914229906,,,747
1762984860,1.313,1.313,1.31291,1.31291,49.51984945753673,51.21173320060967,,,4
1762985760,1.31267,1.31302,1.31249,1.31301,50.62020823049939,50.54520748353384,,,357
1762986660,1.31299,1.31301,1.31256,1.31277,47.92041699817542,50.1151906688997,,,930
1762987560,1.31278,1.31304,1.3127,1.31288,49.25625830861168,49.872294935908904,,,2346
1762988460,1.3131,1.31314,1.31289,1.31298,50.499314002825855,49.68751294385978,,,935
1762989360,1.313,1.31306,1.31297,1.31303,51.1437545771324,49.7454439329572,,,323
1762990260,1.31304,1.31307,1.31267,1.31272,47.05358989544284,49.29833166248152,,,562
1762991160,1.31271,1.31286,1.31269,1.31274,47.34616085391245,49.11004547763908,,,319
1762992060,1.31275,1.31275,1.31218,1.31219,40.687682050518866,48.29945786810561,,,1324
1762992960,1.3122,1.3126,1.31207,1.31239,43.78370696029135,47.7866647883202,,,1056
1762993860,1.31245,1.31245,1.31179,1.31181,37.64654777814267,47.0910739986463,,,1387
1762994760,1.31185,1.3119,1.31156,1.31171,36.6916030496021,46.464482252648054,,,1874
1762995660,1.31169,1.31206,1.31144,1.31151,34.79082053107042,45.739005444118206,,,1846
1762996560,1.31149,1.31171,1.31109,1.31136,33.39356920734858,44.31096299293648,,,1882
1762997460,1.31132,1.31198,1.3113,1.31172,39.65726652068934,43.60649278316168,,,1432
1762998360,1.31173,1.31249,1.31164,1.31241,49.46631428186406,43.52407178683058,,,1464
1762999260,1.3124,1.31281,1.31232,1.31244,49.84803581872025,43.66175884544092,,,1262
1763000160,1.31243,1.31244,1.3118,1.31187,43.174828810543715,43.22737102415035,,,1074
1763001060,1.31188,1.31245,1.31187,1.3124,49.8919031173559,43.183984532331074,,,1548
1763001960,1.31238,1.31268,1.31218,1.31261,52.29795245902644,43.26642723818065,,,910
1763002860,1.3126,1.31287,1.31246,1.31248,50.675748221489336,43.52515283289825,,,1110
1763003760,1.31247,1.3126,1.31238,1.3126,52.15116524055471,43.86836743194413,,,1012
1763004660,1.31259,1.31264,1.31221,1.31223,47.43925208315038,44.35062243427495,,,924
1763005560,1.31224,1.31274,1.3122,1.31262,52.32847534515895,44.96096303319407,,,860
1763006460,1.31261,1.31278,1.31246,1.3126,52.06102625188736,45.990568638461546,,,1220
1763007360,1.31261,1.31262,1.31214,1.31228,47.84731041039895,46.78740487851847,,,964
1763008260,1.31229,1.31233,1.31216,1.3122,46.82690519845184,47.64712521190285,,,764
1763009160,1.31221,1.3124,1.31206,1.3124,49.71416268409267,48.81288188881315,,,660
1763010060,1.31239,1.31251,1.31216,1.31237,49.28189090511544,49.5003550591293,,,978
1763010960,1.31238,1.31251,1.31218,1.31222,47.07771225217529,49.32974062843724,,,892
1763011860,1.31221,1.31228,1.31189,1.31201,44.10367164390623,48.91942890166481,,,924
1763012760,1.312,1.312,1.31152,1.3118,41.294317313535096,48.785106651878486,,,1076
1763013660,1.31179,1.31217,1.31177,1.31197,44.38286758877645,48.391604114122806,,,1392
1763014560,1.31196,1.31232,1.31178,1.3118,42.00306880908338,47.65625528198401,,,1278
1763015460,1.31179,1.31204,1.31151,1.31196,44.99259120196793,47.250315494875345,,,1357
1763016360,1.31197,1.31228,1.31079,1.31125,36.10002102950019,46.10380519408574,,,1186
1763017260,1.31124,1.31155,1.31006,1.31149,40.38896648532657,45.600213365669745,,,1802
1763018160,1.31151,1.31304,1.31133,1.31296,58.68182907959129,46.054024346700636,,,1724
1763019060,1.31297,1.314,1.31297,1.31399,66.450484326668,47.08184278061352,,,2113
1763019960,1.314,1.31438,1.31358,1.31438,68.83951147317559,48.58128571366899,,,1830
1763020860,1.31439,1.31452,1.31365,1.31439,68.90066282174831,50.1579826867616,,,1842
1763021760,1.3144,1.31445,1.31391,1.31399,63.53002937685214,51.14483030767298,,,2182
1763022660,1.31398,1.3143,1.31306,1.31372,60.123331604854855,51.919218929082945,,,2131
1763023560,1.31371,1.31687,1.31352,1.3164,74.65259862810983,53.888853670221124,,,2698
1763024460,1.31637,1.31711,1.31596,1.31658,75.30345247773398,56.11740944406597,,,2595
1763025360,1.31657,1.31658,1.31554,1.31575,66.78746061495295,57.9383482513101,,,2085
1763026260,1.31574,1.31581,1.31427,1.31513,61.21818066537475,59.140870613924264,,,2536
1763027160,1.31512,1.31578,1.31506,1.31568,64.07971874624518,60.717774180864396,,,1826
1763028060,1.31569,1.31631,1.31546,1.31579,64.64164341887151,62.12127791064322,,,1957
1763028960,1.31578,1.31633,1.31546,1.31599,65.69251406375234,64.2350274130898,,,1608
1763029860,1.316,1.31639,1.31524,1.31531,59.245265155978004,65.58190588956491,,,1784
1763030760,1.3153,1.31572,1.31516,1.31532,59.30851186000588,65.62666894530881,,,2012
1763031660,1.31531,1.31599,1.3153,1.31598,63.3510152552624,65.40527829735126,,,1764
1763032560,1.31596,1.31598,1.3151,1.31564,60.041834872365655,64.77687282586484,,,1630
1763033460,1.31563,1.31606,1.31506,1.31508,54.95049312391649,63.780432133162556,,,2043
1763034360,1.31507,1.31511,1.31433,1.31482,52.7154484740114,63.00796206867393,,,2068
1763035260,1.31481,1.3157,1.3147,1.31555,57.89383530718678,62.84871233312622,,,1695
1763036160,1.31556,1.31646,1.31524,1.31644,63.187136920609056,62.02975078259045,,,1472
1763037060,1.31643,1.31779,1.31632,1.31756,68.54596707521647,61.547073253839194,,,1956
1763037960,1.31755,1.31843,1.31746,1.31798,70.2924076167075,61.79742661110738,,,2088
1763038860,1.31797,1.318,1.31729,1.31781,68.63135139501728,62.32693880608185,,,1899
1763039760,1.31782,1.3182,1.3169,1.31694,60.72302917102878,62.08717526499497,,,1687
1763040660,1.31694,1.31697,1.31583,1.31648,56.98416848126399,61.54021276945157,,,2391
1763041560,1.31644,1.31716,1.31615,1.31712,60.61743057882461,61.17770680624245,,,2054
1763042460,1.31711,1.31788,1.31683,1.31734,61.811496852650706,61.36100907029051,,,2168
1763043360,1.3174,1.31753,1.31659,1.31688,57.861183630066925,61.257628482437724,,,1894
1763044260,1.31689,1.31791,1.31657,1.31743,61.06516615387345,61.09435354662423,,,2928
1763045160,1.31744,1.31815,1.31693,1.31768,62.46229830612283,61.2672437918926,,,2842
1763046060,1.31766,1.3182,1.31736,1.31768,62.46229830612284,61.80380130490734,,,2328
1763046960,1.31767,1.31875,1.31747,1.31868,67.81932350319806,62.88264952127781,,,1928
1763047860,1.31867,1.31979,1.31838,1.31962,71.88151558991424,63.881769541472636,,,2496
1763048760,1.31961,1.31991,1.31887,1.31973,72.32181929663251,64.53424685404573,,,2718
1763049660,1.31972,1.3199,1.31918,1.31929,67.7517220050945,64.47751506332274,,,2116
1763050560,1.31928,1.31992,1.31912,1.31972,69.7626663786862,64.43967640346409,,,1952
1763051460,1.31971,1.32043,1.31971,1.3204,72.665546276156,64.72783318068828,,,2094
1763052360,1.32041,1.32133,1.3198,1.32111,75.32878575652421,65.77110150822367,,,2262
1763053260,1.32112,1.32124,1.32052,1.32079,71.92729075929904,66.83846738522617,,,2126
1763054160,1.32082,1.32144,1.32074,1.32142,74.38008856083957,67.82151438394152,,,1820
1763055060,1.32141,1.32153,1.32039,1.32106,70.58487926094458,68.44818455596251,,,1777
1763055960,1.32107,1.32157,1.32072,1.3213,71.6243638878843,69.43126886009233,,,2039
1763056860,1.32132,1.32139,1.32071,1.32109,69.31615743219213,70.02062537997223,,,1855
1763057760,1.3211,1.3213,1.32039,1.3205,63.157885589788975,70.07031018594839,,,1452
1763058660,1.32052,1.3206,1.3196,1.31992,57.72821856101955,69.73216163272673,,,2489
1763059560,1.31991,1.31991,1.3192,1.3194,53.30372837640163,68.69533340938412,,,1814
1763060460,1.31941,1.31961,1.31913,1.31939,53.219253959600756,67.36231472150459,,,1585
1763061360,1.31938,1.31973,1.3193,1.31951,54.15810375984276,66.06490646887674,,,1404
1763062260,1.31952,1.31968,1.31934,1.31951,54.15810375984276,65.09393373707306,,,1386
1763063160,1.31952,1.31969,1.31896,1.319,49.282994435339546,63.631100026834005,,,1386
1763064060,1.31899,1.31915,1.31872,1.31882,47.65259332586656,61.84446053038476,,,1200
1763064960,1.31883,1.31923,1.31882,1.31913,50.6788413380087,60.08375021477651,,,1278
1763065860,1.31912,1.31946,1.3189,1.319,49.38937728908023,58.47389925261802,,,1274
1763066760,1.31903,1.31913,1.31846,1.3185,44.68055347859903,56.35250388960083,,,1028
1763067660,1.31849,1.31889,1.31848,1.31881,47.991338201227975,54.738679528192506,,,530
1763068560,1.31882,1.31897,1.31861,1.31887,48.63213286972432,53.096377312609654,,,435
1763069460,1.31886,1.31912,1.3188,1.31894,49.41519241115494,51.674879811107,,,552
1763070360,1.31895,1.31936,1.31885,1.31899,50.00148847068509,50.73513715974243,,,762
1763071260,1.31866,1.31914,1.3186,1.31908,51.10014423713763,50.26170327946515,,,57
1763072160,1.319,1.31902,1.31893,1.319,50.04741098546977,50.029109180112876,,,96
1763073060,1.31901,1.3191,1.3184,1.31862,45.27604241094586,49.46173692663752,,,386
1763073960,1.31861,1.31862,1.316,1.31636,28.110943796781015,47.60122550070455,,,1642
1763074860,1.31659,1.31686,1.31416,1.3145,21.04078739288532,45.23570290306473,,,1364
1763075760,1.31449,1.31461,1.31366,1.31404,19.719837063648882,43.12404880508682,,,1211
1763076660,1.31405,1.31531,1.31405,1.31497,29.373692686083032,41.81841304510228,,,960
1763077560,1.315,1.31551,1.31499,1.31548,34.05680376031479,40.631124646695575,,,662
1763078460,1.31546,1.31571,1.31507,1.3154,33.67954557096954,39.50899380968766,,,1324
1763079360,1.31539,1.31615,1.31539,1.3157,36.51937298918906,38.92605234615838,,,1086
1763080260,1.31571,1.31571,1.31379,1.31381,28.298277560721004,37.51940515755074,,,1936
1763081160,1.31382,1.3149,1.31359,1.31481,36.44992392826154,36.649247376017684,,,1882
1763082060,1.31483,1.31502,1.31415,1.31447,34.99324589413823,35.619108339087916,,,1448
1763082960,1.31448,1.31498,1.31428,1.31437,34.555830516688005,34.51584705665955,,,1474
1763083860,1.31438,1.31478,1.31426,1.3147,37.33940566993376,33.532937159002124,,,1812
1763084760,1.31471,1.31503,1.31459,1.31479,38.112527594164604,32.680445488194614,,,1366
1763085660,1.3148,1.31501,1.31425,1.31499,39.88749536830087,32.29554927086283,,,1362
1763086560,1.315,1.31518,1.31469,1.31469,38.12132864462792,33.010576759994755,,,1258
1763087460,1.3147,1.31495,1.31449,1.31489,40.02783425696791,34.36679439314351,,,1028
1763088360,1.31488,1.31508,1.31475,1.31494,40.521216908403794,35.85260723919744,,,1446
1763089260,1.31495,1.31514,1.31448,1.31457,38.0280325043458,36.47077436907335,,,1270
1763090160,1.31458,1.31572,1.31458,1.31558,47.520256146819584,37.43244953953798,,,1208
1763091060,1.3156,1.31594,1.31536,1.3155,46.907387757045385,38.377295409971964,,,1066
1763091960,1.31551,1.31551,1.31442,1.31457,40.38655704972419,38.65352284286733,,,1582
1763092860,1.31452,1.31502,1.31449,1.31479,42.42555075524716,39.662613785333484,,,892
1763093760,1.3148,1.31484,1.31415,1.31415,38.31942163374897,39.796149335725445,,,962
1763094660,1.31416,1.3145,1.31406,1.31442,40.9173865636466,40.21930224069033,,,980
1763095560,1.31441,1.31451,1.3139,1.3145,41.700919857945195,40.72966576506584,,,1118
1763096460,1.31451,1.31473,1.31431,1.3146,42.723434238586776,41.11423923425534,,,1142
1763097360,1.31461,1.31503,1.31439,1.31503,47.02596437036694,41.75091328969837,,,1690
1763098260,1.31504,1.31511,1.31464,1.31469,44.19879073370768,42.05886295865599,,,1050
1763099160,1.3147,1.31487,1.31413,1.31482,45.546783097496295,42.58925256243231,,,1230
1763100060,1.31481,1.31537,1.31458,1.31533,50.58960525132174,43.343664776314725,,,1044
1763100960,1.31534,1.31545,1.31502,1.31531,50.392517032375935,44.04875764231274,,,1096
1763101860,1.3153,1.31592,1.31502,1.31503,47.596820451235075,44.73224249566197,,,1332
1763102760,1.31502,1.31508,1.31407,1.31482,45.55550197101333,44.5919029116758,,,1610
1763103660,1.31481,1.31544,1.31461,1.31517,49.4469698540837,44.773301632892824,,,1714
1763104560,1.31515,1.31528,1.31265,1.31303,33.62273047378504,44.29017116318289,,,2496
1763105460,1.31301,1.31586,1.31301,1.3152,50.81245603047691,44.8892358256993,,,2135
1763106360,1.31521,1.31585,1.314,1.31473,47.91797427132671,45.57484672838342,,,2237
1763107260,1.31472,1.31542,1.3119,1.31199,35.29522463360206,45.17326373338024,,,3602
1763108160,1.31198,1.31287,1.31081,1.31281,40.35872032246061,45.077392337988485,,,2912
1763109060,1.31282,1.32007,1.31272,1.31786,60.73676157616517,46.36405857638694,,,3240
1763109960,1.31785,1.31908,1.31622,1.31672,56.0786370899672,47.010678056358394,,,3334
1763110860,1.31671,1.31821,1.31615,1.31647,55.08098075659505,47.78797734370749,,,2120
1763111760,1.31642,1.31669,1.3155,1.31553,51.3797351628287,48.20461677694552,,,1574
1763112660,1.31554,1.31635,1.31537,1.31554,51.417136418075444,48.263726145999364,,,1283
1763113560,1.31551,1.31602,1.31484,1.3158,52.44150209578363,48.41008222195705,,,1548
1763114460,1.31579,1.31604,1.31527,1.31591,52.894036725599136,48.788454812983055,,,1537
1763115360,1.3159,1.31598,1.31431,1.31452,46.830088724166835,48.87949672392259,,,1686
1763116260,1.31453,1.31472,1.31415,1.3146,47.205234011793806,48.7193727351876,,,1174
1763117160,1.31461,1.31484,1.3141,1.31424,45.644533649363545,49.57807296201464,,,1204
1763118060,1.31423,1.31435,1.31266,1.31283,40.05825383236332,48.80991566214938,,,1420
1763118960,1.31287,1.31403,1.31224,1.31364,44.27732144853078,48.549869031949676,,,1728
1763119860,1.31366,1.31393,1.31341,1.31341,43.34439471450687,49.1248097520143,,,1196
1763120760,1.31342,1.31429,1.31309,1.31361,44.440646279388965,49.41637589179489,,,1694
1763121660,1.3136,1.31506,1.3131,1.31493,51.157880113202005,48.73217007301181,,,1772
1763122560,1.31492,1.31524,1.3146,1.31523,52.5616466771452,48.480956472095954,,,2004
1763123460,1.31524,1.31746,1.31513,1.31735,61.07544461519079,48.90913246199566,,,2170
1763124360,1.31732,1.31811,1.31671,1.31782,62.67479145493843,49.715922197146355,,,2470
1763125260,1.3178,1.3179,1.3164,1.31672,56.79320010106515,50.099926745931334,,,2605
1763126160,1.31671,1.31763,1.31597,1.31607,53.59273410046409,50.18215760340852,,,2228
1763127060,1.31608,1.31709,1.31581,1.3166,55.780869885568144,50.38835997197773,,,2514
1763127960,1.31658,1.31702,1.31587,1.31632,54.32358796235997,50.923609917562956,,,2456
1763128860,1.31631,1.31632,1.31484,1.31614,53.35851273420329,51.36312982630649,,,2578
1763129760,1.31617,1.31787,1.31603,1.31733,58.59547739116436,52.28819723643512,,,2288
1763130660,1.3173,1.31767,1.31644,1.31664,54.75638277153417,53.338063589233045,,,3582
1763131560,1.3166,1.31689,1.31529,1.31532,48.24429550353936,53.62141887887651,,,3218
1763132460,1.31533,1.31533,1.31429,1.31518,47.597732995971406,53.925228756123985,,,3106
1763133360,1.31517,1.31543,1.31391,1.31429,43.597605446649915,53.865011553785486,,,2792
1763134260,1.3143,1.31477,1.31252,1.31342,40.053984756880745,53.0718761711911,,,2732
1763135160,1.31341,1.31405,1.31285,1.31402,43.46674118850906,52.422240064859956,,,2570
1763136060,1.31403,1.31635,1.31391,1.31593,52.69853979934696,51.8238897208711,,,2144
1763136960,1.31594,1.3162,1.31552,1.31584,52.26543727504402,51.08036442230722,,,1672
1763137860,1.31588,1.31614,1.31539,1.31542,50.19233376519927,50.60887396974537,,,1703
1763138760,1.31543,1.31601,1.31518,1.31538,49.98896888197722,50.351462168424874,,,1840
1763139660,1.31539,1.31611,1.31512,1.31518,48.92164960630065,49.861517862762916,,,1715
1763140560,1.31519,1.31632,1.31519,1.31605,53.566050881172735,49.80740807124955,,,1570
1763141460,1.31604,1.31606,1.31539,1.31573,51.70383080902553,49.68921650516542,,,1595
1763142360,1.31571,1.31619,1.31534,1.31613,53.86299405035283,49.35118198082174,,,1500
1763143260,1.31612,1.31636,1.31499,1.31628,54.68120835215093,49.34581237943723,,,1997
1763144160,1.31625,1.3163,1.31561,1.31613,53.65644349128699,49.732394378562056,,,1306
1763145060,1.31614,1.31634,1.31574,1.31584,51.641439619974314,50.021230565990834,,,1448
1763145960,1.31583,1.31634,1.31574,1.31631,54.61611909068455,50.808267254850456,,,1242
1763146860,1.3163,1.3165,1.31585,1.3161,53.046024650877236,51.73627010442163,,,1046
1763147760,1.31611,1.31628,1.31586,1.31612,53.1840611893232,52.43036439019407,,,850
1763148660,1.31613,1.31649,1.31564,1.31624,54.05678930668096,52.5273822121465,,,1428
1763149560,1.31625,1.3168,1.31613,1.31632,54.663562031951926,52.69867683763992,,,1610
1763150460,1.31631,1.31667,1.31619,1.31642,55.45550417200325,53.07461758098306,,,1010
1763151360,1.31641,1.3167,1.31633,1.31668,57.53261472073406,53.613449426608554,,,964
1763152260,1.31667,1.3169,1.3166,1.31689,59.18794499157878,54.346756239842705,,,824
1763153160,1.31688,1.31713,1.31674,1.31685,58.71845200131377,54.71478489128135,,,962
1763154060,1.31686,1.31723,1.31684,1.31702,60.164683243806905,55.31913149376573,,,616
1763154960,1.31703,1.31739,1.31693,1.31709,60.77406420298997,55.812779361811245,,,401
1763155860,1.31708,1.31728,1.3165,1.31724,62.1115980939891,56.343521486228255,,,742
1763156760,1.31725,1.3174,1.3168,1.31682,56.320744515940575,56.533828702274945,,,852
1763330460,1.31485,1.31538,1.31485,1.31501,39.310995920164565,55.653082723717105,,,398
1763331360,1.31494,1.3161,1.31488,1.3161,49.251058189380245,55.26986408790965,,,257
1763332260,1.31608,1.31611,1.31565,1.31588,47.55795611277636,54.87785919233102,,,276
1763333160,1.31589,1.31703,1.31588,1.31655,52.87154097860203,54.85553632013666,,,832
1763334060,1.31662,1.3171,1.31653,1.31688,55.275238762066486,54.94256842409277,,,719
1763334960,1.31689,1.31689,1.3164,1.31641,51.26486335101504,54.69980423259727,,,769
1763335860,1.31642,1.31652,1.3161,1.3161,48.7524044807053,54.22101139750457,,,559
1763336760,1.31609,1.31609,1.31563,1.31567,45.426713305279364,53.35630415354352,,,706
1763337660,1.31568,1.31571,1.31513,1.31515,41.72030763543468,52.108615770961805,,,1267
1763338560,1.31516,1.31558,1.315,1.31541,44.172986663232294,51.06965396109884,,,986
1763339460,1.31542,1.31572,1.31536,1.31564,46.32495108656437,50.08110166415294,,,1050
1763340360,1.31563,1.31573,1.31542,1.31553,45.423136318716885,48.98460681527629,,,1176
1763341260,1.31552,1.31636,1.3154,1.31619,51.52117771254198,48.2281482166015,,,1276
1763342160,1.31616,1.31629,1.31589,1.31598,49.62136603997274,47.749621182603796,,,1278
1763343060,1.31597,1.31652,1.31594,1.31615,51.19044195123462,48.59815304196594,,,1084
1763343960,1.31616,1.31616,1.31538,1.31538,44.43911073447796,48.25444250947292,,,1352
1763344860,1.31539,1.31558,1.31519,1.3155,45.642307762215246,48.11761048443284,,,1362
1763345760,1.31549,1.31554,1.31529,1.31551,45.747743733743334,47.608767824085795,,,962
1763346660,1.31552,1.31552,1.3152,1.31521,43.04996378613726,46.73553389723371,,,868
1763347560,1.3152,1.3156,1.31511,1.31511,42.15753115630603,46.08501016904021,,,952
1763348460,1.31512,1.31512,1.31468,1.3147,38.62236333329253,45.36143580136787,,,746
1763349360,1.31469,1.31472,1.31451,1.31458,37.62781489985463,44.80437162955182,,,534
1763350260,1.31457,1.31458,1.31417,1.31432,35.49510241431015,44.35971411375721,,,760
1763351160,1.31433,1.31462,1.3143,1.31448,37.83035062806919,43.90666868267412,,,858
1763352060,1.31446,1.31475,1.31445,1.31471,41.12970603049134,43.53557975009748,,,629
1763352960,1.31474,1.31483,1.31466,1.3148,42.41748308422997,43.32089023334841,,,512
1763353860,1.31481,1.31506,1.31474,1.31499,45.145532640092895,42.865487013887765,,,568
1763354760,1.31498,1.31538,1.31489,1.31531,49.486165087902755,42.85582980302563,,,472
1763355660,1.3153,1.31547,1.31511,1.31541,50.7964688466243,42.82768886698203,,,702
1763356560,1.31542,1.31542,1.31498,1.31509,46.62829483146958,42.98405915962429,,,548
1763357460,1.3151,1.31514,1.31488,1.3149,44.3037337967268,42.88844673351797,,,842
1763358360,1.31492,1.31498,1.31429,1.31438,38.62793105483291,42.37988868502437,,,854
1763359260,1.31439,1.31439,1.31359,1.31382,33.63107257567184,41.7071107414197,,,1154
1763360160,1.31386,1.31446,1.31381,1.31444,42.49965838935483,41.73154840092318,,,1008
1763361060,1.31445,1.31487,1.31438,1.31471,45.89059072858615,42.250707500587005,,,944
1763361960,1.31472,1.31517,1.31467,1.31507,50.114785756700066,43.14263399036168,,,1076
1763362860,1.31511,1.31576,1.31511,1.31551,54.763132835916,44.51892187761924,,,1078
1763363760,1.3155,1.3172,1.31549,1.31713,66.96749808655392,46.60014669608244,,,1616
1763364660,1.31715,1.31773,1.31694,1.31722,67.49221163487422,48.483182810681214,,,1508
1763365560,1.31723,1.31783,1.31696,1.31726,67.73750226647512,50.291755609413016,,,1564
1763366460,1.31727,1.31808,1.31712,1.31713,65.99461193158103,51.780975558805025,,,2266
1763367360,1.3171,1.31712,1.31612,1.31672,60.69079082407053,52.58130596853129,,,1590
1763368260,1.31673,1.31711,1.31639,1.31647,57.64844339258886,53.07073272181447,,,1820
1763369160,1.31648,1.31683,1.31594,1.31634,56.07432253280916,53.74544898619587,,,1808
1763370060,1.31633,1.3167,1.31586,1.3164,56.66249805217102,54.628217861584744,,,1578
1763370960,1.31641,1.31715,1.31641,1.31705,62.51792877990005,56.334646270518114,,,1522
1763371860,1.31702,1.31764,1.31697,1.31707,62.684991611929185,58.409926201679355,,,1336
1763372760,1.31706,1.31707,1.3164,1.31651,55.25828339108799,59.32125655894601,,,1980
1763373660,1.3165,1.31683,1.31614,1.31623,51.94447897860018,59.753677148232725,,,1276
1763374560,1.31622,1.31655,1.31619,1.31634,53.13355823164926,59.96930375358624,,,1160
1763375460,1.31635,1.31714,1.31634,1.31674,57.27369629594852,60.14862971501714,,,1564
1763376360,1.31675,1.31675,1.31517,1.31522,42.0662852542682,58.36997165556816,,,2344
1763377260,1.31521,1.31642,1.31493,1.31629,51.77379868804929,57.24722787365209,,,2306
1763378160,1.31628,1.31672,1.31593,1.31634,52.1770574646818,56.135767530666854,,,1366
1763379060,1.31633,1.31725,1.3163,1.31714,58.19967274243529,55.578986160013585,,,1626
1763379960,1.31715,1.31811,1.317,1.31781,62.46325755414346,55.705590926447364,,,2408
1763380860,1.31783,1.31836,1.31771,1.31812,64.27874602456585,56.17918397158858,,,1362
1763381760,1.31813,1.3189,1.31807,1.31873,67.59953294535595,57.00241328677049,,,1098
1763382660,1.31874,1.31933,1.31823,1.31922,70.01123587218868,57.955894559628895,,,1380
1763383560,1.31923,1.31924,1.31779,1.31818,59.83174310813809,57.76402415450303,,,1802
1763384460,1.31816,1.31879,1.3179,1.31811,59.20774069787551,57.51564908921349,,,1501
1763385360,1.3181,1.3188,1.31797,1.31813,59.33822479526848,57.80707347522639,,,1339
1763386260,1.31817,1.31853,1.31743,1.3178,56.14687754122991,58.10724480112851,,,1984
1763387160,1.31781,1.31799,1.31719,1.31719,50.71695919579602,57.934630584281855,,,1930
1763388060,1.3172,1.3178,1.3172,1.31759,53.867529953452824,57.691332988389306,,,1142
1763388960,1.3176,1.31771,1.31696,1.31717,50.23606905232613,58.27488897396488,,,1320
1763389860,1.31719,1.31729,1.31624,1.31685,47.60293245542281,57.97696995734869,,,2454
1763390760,1.31684,1.31728,1.31643,1.31647,44.61250899821785,57.43664506688698,,,2028
1763391660,1.31648,1.31713,1.31613,1.31643,44.29705580819585,56.443601000155596,,,2244
1763392560,1.31644,1.31725,1.31642,1.31672,47.21140170075095,55.35418272491328,,,1894
1763393460,1.31671,1.31703,1.3162,1.3166,46.13575776186429,54.05825499186317,,,1958
1763394360,1.31658,1.31777,1.31622,1.31774,56.31779119545831,53.25241629544191,,,2544
1763395260,1.31775,1.31782,1.3166,1.3166,46.792196847752194,51.593913507982165,,,1746
1763396160,1.31661,1.31745,1.31652,1.31741,52.88939118063455,51.0980312274462,,,1512
1763397060,1.31742,1.31792,1.31725,1.31735,52.41029552515422,50.612499429394674,,,1628
1763397960,1.31736,1.3179,1.31721,1.31773,55.17945416034841,50.315444384043246,,,1374
1763398860,1.31774,1.31793,1.3173,1.31743,52.57831359775222,50.06054695950912,,,1080
1763399760,1.31748,1.31773,1.31712,1.31733,51.703392497854125,50.1310064810847,,,1196
1763400660,1.31732,1.31753,1.31701,1.31719,50.43797851465506,49.886038521170576,,,1200
1763401560,1.3172,1.3172,1.31675,1.31691,47.912315370116445,49.720056115298455,,,1470
1763402460,1.31688,1.3171,1.31636,1.31638,43.47463312428137,49.42517759164549,,,1250
1763403360,1.31637,1.31664,1.31618,1.31633,43.069352164782345,49.31495210354296,,,1164
1763404260,1.31634,1.31668,1.31622,1.31666,46.607142246827,49.479958277730894,,,1130
1763405160,1.31665,1.31682,1.3159,1.31609,41.777908490364844,49.091851619846175,,,1760
1763406060,1.3161,1.3163,1.31579,1.31623,43.33104218670007,48.89151479304873,,,1248
1763406960,1.31622,1.31647,1.31611,1.31623,43.33104218670007,47.96388986385171,,,1034
1763407860,1.31621,1.31623,1.31499,1.31515,34.98209147408811,47.12031090858999,,,1788
1763408760,1.31517,1.31536,1.31452,1.31453,31.25856522428211,45.575251911707674,,,1438
1763409660,1.31452,1.31518,1.31451,1.31493,35.99219784364692,44.40253064874287,,,1482
1763410560,1.31494,1.3154,1.31493,1.3154,41.12255349782227,43.398466315705285,,,1040
1763411460,1.31539,1.31576,1.3151,1.31573,44.486973661649365,42.82051346312652,,,1278
1763412360,1.31574,1.31579,1.31531,1.31551,42.73379511188177,42.179827935557064,,,992
1763413260,1.31552,1.3157,1.3155,1.31552,42.84405478470621,41.63740481198929,,,568
1763414160,1.31554,1.31573,1.31551,1.31572,45.11992590452728,41.43794842159006,,,229
1763415060,1.31573,1.31591,1.31565,1.31569,44.83155858967229,41.53487166911798,,,442
1763415960,1.31568,1.31585,1.31528,1.31534,41.49922042417299,41.422719401931595,,,1148
1763416860,1.31568,1.31568,1.31565,1.31567,45.60464101084935,41.35111217079033,,,10
1763417760,1.31565,1.31567,1.31497,1.3152,41.172884442293906,41.307896167356695,,,256
1763418660,1.31519,1.31547,1.31518,1.31541,43.80075203923148,41.341446871108936,,,1391
1763419560,1.31542,1.31548,1.31482,1.31504,40.37827313658318,41.130534796100584,,,1752
1763420460,1.31512,1.31568,1.31512,1.31564,47.53715593743609,42.027325114911164,,,544
1763421360,1.31563,1.3157,1.31552,1.31554,46.53428017528886,43.11844761141164,,,837
1763422260,1.31555,1.31561,1.31534,1.31534,44.51171312211106,43.72698441701623,,,608
1763423160,1.31535,1.31555,1.31523,1.3153,44.09888222933728,43.93957932641017,,,646
1763424060,1.31531,1.31532,1.31462,1.31491,40.18546480384597,43.632328693709916,,,1102
1763424960,1.3149,1.31498,1.3146,1.31493,40.47718207896713,43.47114204850173,,,900
1763425860,1.31492,1.31508,1.31481,1.31482,39.3407450671701,43.220905640106295,,,1268
1763426760,1.31483,1.31501,1.3146,1.31483,39.50702202189388,42.819983934203904,,,1392
1763427660,1.31482,1.31494,1.31455,1.31473,38.374206776390075,42.35874451896946,,,1486
1763428560,1.31472,1.3152,1.31462,1.31513,45.14924951905718,42.61946088288976,,,1190
1763429460,1.31512,1.31546,1.31511,1.31544,49.75916294511191,42.9162124496228,,,1138
1763430360,1.31543,1.3155,1.31501,1.31505,44.67244649569857,43.16618116772313,,,1474
1763431260,1.31504,1.31518,1.31492,1.31512,45.74452393826505,43.305022017654096,,,1136
1763432160,1.31511,1.31524,1.31498,1.31521,47.1621413948782,43.78958403610374,,,1158
1763433060,1.3152,1.31547,1.31518,1.31544,50.706785402045234,44.01598614071867,,,1308
1763433960,1.31542,1.31543,1.31514,1.31534,49.16253220921309,44.203718428856114,,,918
1763434860,1.31533,1.31557,1.31519,1.31522,47.30092524745644,44.40294786638078,,,1234
1763435760,1.31523,1.31531,1.31498,1.31513,45.89718815170785,44.53139828940726,,,930
1763436660,1.31514,1.31523,1.31498,1.3152,47.209426528534664,45.033109841170734,,,1194
1763437560,1.31521,1.31524,1.31482,1.31482,41.34664852252891,45.09521458713943,,,1044
1763438460,1.31481,1.31499,1.31451,1.31469,39.53768264343165,45.109281556872396,,,1454
1763439360,1.31468,1.31602,1.31462,1.3159,57.969888333889024,46.4280577220149,,,2282
1763440260,1.31589,1.31632,1.31587,1.31608,59.92700252868219,47.96754313289291,,,1464
1763441160,1.31607,1.31636,1.31577,1.31631,62.34009966174881,49.19546100022802,,,1528
1763442060,1.31632,1.31634,1.31607,1.31611,59.012334918198384,49.85640185544848,,,1360
1763442960,1.31612,1.31641,1.31611,1.31623,60.378952522109884,50.978295143049294,,,1006
1763443860,1.3162,1.3163,1.31607,1.31628,60.962994110922125,52.06532872681051,,,1390
1763444760,1.31625,1.31641,1.31596,1.31599,55.82320538008141,52.68397615432502,,,1160
1763445660,1.316,1.31602,1.3154,1.31583,53.16019877552763,52.85921996671663,,,1080
1763446560,1.31584,1.31623,1.31575,1.31587,53.75415560320315,53.18719306628735,,,1574
1763447460,1.31589,1.31624,1.31554,1.31555,48.459986657638744,53.26998316701465,,,1792
1763448360,1.31554,1.31584,1.31482,1.31502,41.219056289657615,52.93583089115392,,,1940
1763449260,1.31503,1.31613,1.31502,1.31605,55.222060627955706,53.50816189825542,,,2168
1763450160,1.31604,1.31635,1.31549,1.31562,49.87979761040418,54.11767254738937,,,2104
1763451060,1.31563,1.31596,1.31551,1.31577,51.63743573505125,54.981940625362206,,,2210
1763451960,1.31578,1.31584,1.31484,1.31532,46.38239859200049,54.15426278665588,,,1782
1763452860,1.31531,1.31771,1.31529,1.31712,62.723751143362165,54.354030544847305,,,2598
1763453760,1.31711,1.31743,1.31665,1.31694,60.73045495731902,54.23905592310233,,,2262
1763454660,1.31693,1.31695,1.31592,1.31604,51.856840539060045,53.7279491817353,,,1990
1763455560,1.31602,1.31613,1.31535,1.31561,48.23082749853099,52.86022596576537,,,2230
1763456460,1.31562,1.31639,1.31497,1.3156,48.146512590329,51.94476300000872,,,2270
1763457360,1.31561,1.31597,1.31528,1.31563,48.43773019370685,51.41722905812482,,,1912
1763458260,1.31568,1.31588,1.31515,1.31567,48.850213991545324,51.109373002126084,,,1826
1763459160,1.31568,1.31571,1.31506,1.31529,45.154611383661084,50.49511984358737,,,1728
1763460060,1.3153,1.3156,1.31497,1.31535,45.85117402211464,50.30877608390707,,,1670
1763460960,1.31534,1.31543,1.31433,1.31479,40.66060092772286,50.26888641519745,,,1898
1763461860,1.31477,1.31514,1.31438,1.3145,38.24599914893819,49.056310595267625,,,1698
1763462760,1.31453,1.31488,1.31445,1.31488,43.02083134843001,48.56638443369804,,,1450
1763463660,1.3149,1.31495,1.31431,1.31433,38.39365312336759,47.62039996143492,,,1212
1763464560,1.31432,1.31446,1.31408,1.31443,39.664325517624675,47.1405375989795,,,1068
1763465460,1.3144,1.31463,1.31422,1.3144,39.40176480021275,45.47468143161168,,,1354
1763466360,1.31439,1.31445,1.31375,1.31385,34.84741519979467,43.62589287750279,,,1786
1763467260,1.31384,1.3151,1.31379,1.31473,45.66842211307646,43.183862989932535,,,1936
1763468160,1.31474,1.31493,1.31452,1.31471,45.48352838518423,42.9876273389792,,,1344
1763469060,1.3147,1.31521,1.31459,1.3146,44.418365276605236,42.721331102284644,,,1310
1763469960,1.31462,1.31551,1.31459,1.31517,50.842551941996625,42.89310408430534,,,1652
1763470860,1.31516,1.31571,1.31339,1.31422,42.107262887010855,42.41146471969574,,,2296
1763471760,1.31421,1.31526,1.31407,1.31469,46.96231028222771,42.54058606959336,,,2640
1763472660,1.3147,1.31548,1.3144,1.3149,49.01952393392917,42.7668967775801,,,2618
1763473560,1.31491,1.31609,1.31482,1.31549,54.374084016631144,43.7464312839307,,,2061
1763474460,1.3155,1.31572,1.31515,1.31521,51.603993718858085,44.70057375321069,,,1712
1763475360,1.3152,1.31552,1.31501,1.3152,51.503077306384576,45.30644846449316,,,1901
1763476260,1.31521,1.31632,1.31512,1.31552,54.56506249884783,46.46154913417032,,,2756
1763477160,1.31553,1.31595,1.3151,1.31591,58.042045178741944,47.774243395678695,,,2516
1763478060,1.31592,1.316,1.31523,1.31576,56.258786732345996,48.978316390831075,,,2916
1763478960,1.31574,1.31712,1.3157,1.317,65.65325626149934,51.17873360952422,,,2620
1763479860,1.31699,1.31714,1.3163,1.3164,59.045110344914804,52.134211340369816,,,2384
1763480760,1.31641,1.31653,1.31432,1.31441,43.43119972764951,51.98761643626019,,,2664
1763481660,1.31442,1.31465,1.31354,1.31413,41.75796557461007,51.79758788611768,,,2990
1763482560,1.31414,1.31436,1.31357,1.3141,41.57315967368055,51.135488438380825,,,2244
1763483460,1.31409,1.3144,1.31373,1.31432,43.54628705112237,51.23827587867451,,,2336
1763484360,1.31433,1.31513,1.31433,1.31513,50.21291803184061,51.470462146504,,,1716
1763485260,1.31508,1.31511,1.31419,1.31461,46.42283622536593,51.284984453035186,,,1590
1763486160,1.3146,1.31461,1.3138,1.3139,41.785213286912814,50.38577940091245,,,1662
1763487060,1.31391,1.3145,1.3139,1.31415,43.910000973468804,49.836208490527504,,,1672
1763487960,1.31416,1.31443,1.31397,1.3142,44.34750449446659,49.32509614681908,,,1612
1763488860,1.31419,1.31489,1.314,1.31488,50.05342155219962,49.00283607920135,,,1588
1763489760,1.3149,1.31522,1.31481,1.31508,51.624409512300375,48.54443353159838,,,1580
1763490660,1.31509,1.31569,1.31502,1.31544,54.404423697174735,48.41197902908615,,,1500
1763491560,1.31545,1.3156,1.315,1.31501,50.65958594164618,47.341002577668064,,,1436
1763492460,1.315,1.31529,1.31493,1.31515,51.822342338086216,46.82509057718031,,,1088
1763493360,1.31517,1.31547,1.31516,1.31537,53.670024829812824,47.55643522733484,,,1002
1763494260,1.31536,1.31555,1.31513,1.31543,54.186075575843276,48.44415737028006,,,902
1763495160,1.31542,1.31571,1.31542,1.31549,54.72911827506254,49.38386869895021,,,1064
1763496060,1.3155,1.31567,1.31528,1.31554,55.20561888651185,50.21667811576374,,,888
1763496960,1.31553,1.31556,1.31511,1.31513,50.510716432756595,50.23794943011488,,,878
1763497860,1.31514,1.31521,1.31478,1.31483,47.338383255726114,50.30334564656918,,,890
1763498760,1.31482,1.31482,1.31451,1.31466,45.591005567778346,50.57518795234528,,,1446
1763499660,1.31468,1.31494,1.31445,1.31488,48.2530573723126,50.88540626654842,,,987
1763500560,1.31489,1.31493,1.31449,1.3145,44.2278587417927,50.876860141357426,,,562
1763501460,1.31449,1.31464,1.31437,1.31464,46.014624930888615,50.58837466840663,,,430
1763502360,1.31465,1.31483,1.3144,1.31447,44.16438453438554,50.05551574141272,,,512
1763503260,1.31469,1.31474,1.31468,1.31472,47.507166562262626,49.56285451749043,,,25
1763504160,1.31442,1.3146,1.31441,1.31449,44.84703568755134,49.14767235648365,,,149
1763505060,1.31449,1.31477,1.31449,1.31461,46.52931354236804,48.76959887107522,,,248
1763505960,1.3146,1.31465,1.31424,1.31436,43.54907357176473,48.046673781214636,,,875
1763506860,1.31456,1.31482,1.31436,1.31436,43.54907357176474,47.286887923780455,,,848
1763507760,1.31435,1.31483,1.31434,1.3148,50.0760967804476,46.954529245593676,,,713
1763508660,1.31481,1.31482,1.31458,1.31469,48.564325344709765,46.48015113546496,,,567
1763509560,1.3147,1.31483,1.31441,1.31441,44.852461978538585,46.07599010302081,,,540
1763510460,1.31441,1.3149,1.31437,1.31466,48.62791017405248,46.16809916861555,,,985
1763511360,1.31467,1.31489,1.31458,1.31472,49.52110894610977,46.44882083849637,,,1221
1763512260,1.31471,1.31472,1.3145,1.3145,46.339626530360704,46.31214720692838,,,1224
1763513160,1.31449,1.31468,1.31402,1.31423,42.71282932212321,46.20393081980912,,,1556
1763514060,1.31422,1.3143,1.31353,1.314,39.85152258417828,45.763709223615535,,,1476
1763514960,1.31401,1.31424,1.31378,1.31402,40.226496992531516,45.482431542054535,,,1374
1763515860,1.31401,1.31418,1.31388,1.31389,38.5444546071156,44.8422378309726,,,1190
1763516760,1.3139,1.31401,1.31317,1.31331,32.096132179426945,43.93145900896372,,,1480
1763517660,1.31332,1.31332,1.31291,1.31319,30.942728371960854,42.818131496791786,,,1248
1763518560,1.3132,1.31368,1.31317,1.31362,39.3529978555053,42.51841180277325,,,1360
1763519460,1.31361,1.31403,1.3136,1.314,45.652157672748515,42.66863209570066,,,1066
1763520360,1.31399,1.31401,1.31361,1.31383,43.47656054556923,42.197236650352195,,,904
1763521260,1.31384,1.31403,1.31366,1.31391,44.809490477923305,41.92903415986745,,,926
1763522160,1.31392,1.31407,1.31367,1.3139,44.6676935036949,41.91583641166432,,,1152
1763523060,1.31391,1.31439,1.31389,1.31435,52.02485737754994,42.15847549762844,,,1002
1763523960,1.31434,1.31446,1.31392,1.31403,47.216993794041244,41.99389584390925,,,1036
1763524860,1.31402,1.31403,1.31352,1.31355,41.083786488299,41.618478698047696,,,1174
1763525760,1.31354,1.31362,1.31323,1.3135,40.49373407877344,41.45997189495129,,,1238
1763526660,1.31351,1.31374,1.31344,1.31365,43.13243805845338,41.69432300025665,,,1128
1763527560,1.31366,1.31413,1.3136,1.31413,50.67064524558068,42.440333589760165,,,1060
1763528460,1.31412,1.31425,1.31401,1.3141,50.222553492269995,43.274483510128334,,,1240
1763529360,1.31411,1.31416,1.31394,1.31408,49.90570319403838,44.54659572545773,,,840
1763530260,1.31409,1.31445,1.31408,1.31442,55.09259184932464,46.27158597384085,,,1132
1763531160,1.31443,1.31474,1.31436,1.31472,59.115198398496254,47.68317172691163,,,1304
1763532060,1.31471,1.31479,1.3145,1.31461,57.095674990227636,48.50056582101729,,,1202
1763532960,1.31458,1.31512,1.31452,1.31501,62.158265121412605,49.834973290720384,,,1162
1763533860,1.31499,1.3152,1.31488,1.31499,61.765823897997244,51.0461399635828,,,755
1763534760,1.315,1.3156,1.31432,1.31434,50.58728268064295,51.46896776193624,,,1238
1763535660,1.31437,1.31462,1.31322,1.31414,47.72517639007425,51.161847691402265,,,2127
1763536560,1.31413,1.31517,1.31393,1.31413,47.58022393484669,51.18779270145979,,,1684
1763537460,1.31414,1.31508,1.31414,1.31474,56.29947539241291,52.27462762318221,,,1869
1763538360,1.31473,1.31496,1.31374,1.31469,55.48480310504109,53.34541826791561,,,2384
1763539260,1.31475,1.31484,1.31364,1.31387,44.190984592541206,53.42102873463618,,,2381
1763540160,1.31385,1.31388,1.31342,1.31353,40.50910834489392,52.69520467030141,,,2106
1763541060,1.31352,1.31353,1.31283,1.31313,36.64124204302972,51.72511099535568,,,1908
1763541960,1.31314,1.31314,1.31219,1.31229,30.134214769264005,50.3128618221575,,,1594
1763542860,1.3123,1.31376,1.31213,1.31322,42.34254469055858,49.402144167959925,,,1568
1763543760,1.31321,1.31342,1.31261,1.31281,39.098840908782705,47.9724043472661,,,1676
1763544660,1.3128,1.31304,1.3122,1.31223,35.0126552069772,46.395045791319646,,,2022
1763545560,1.31222,1.31298,1.31178,1.31274,40.86494824436585,44.8740945858163,,,2318
1763546460,1.31271,1.31271,1.31111,1.31183,34.83671123312496,42.950586538325425,,,2101
1763547360,1.31184,1.31222,1.31167,1.3121,37.76994454851763,42.03506238603076,,,1918
1763548260,1.31212,1.31221,1.31158,1.31177,35.657297727433985,41.17307105298504,,,2342
1763549160,1.3118,1.31184,1.30931,1.31053,29.07604814153659,39.851344210605745,,,2804
1763550060,1.31048,1.31222,1.31041,1.31221,44.123457586204154,38.981628653019406,,,2002
1763550960,1.31223,1.31225,1.31139,1.3118,41.793048721347624,38.003646197041306,,,1730
1763551860,1.31181,1.31232,1.3114,1.31161,40.71974637574061,37.755700610126986,,,1746
1763552760,1.31162,1.31302,1.31131,1.31282,49.59721266985275,38.404850919052606,,,1942
1763553660,1.31283,1.31297,1.3124,1.31261,48.246801220150054,39.23381943170407,,,1316
1763554560,1.31262,1.31277,1.31203,1.31235,46.55663596340085,40.40684951699956,,,1214
1763555460,1.31234,1.31242,1.31191,1.31204,44.55259462460765,40.56471022657449,,,1244
1763556360,1.31205,1.31214,1.31154,1.31174,42.639731945827236,40.81763101493481,,,1374
1763557260,1.31178,1.31259,1.31153,1.31245,48.29748795348744,41.76654763968554,,,1821
1763558160,1.31248,1.31291,1.31164,1.31191,44.68724277978572,42.03956867792982,,,1468
1763559060,1.31192,1.31213,1.31132,1.31195,45.01511632657826,42.76659761317649,,,1537
1763559960,1.31194,1.31222,1.31166,1.31213,46.55051717265998,43.3937813720438,,,1774
1763560860,1.31214,1.31224,1.31121,1.31144,41.739002645487844,43.828188866190494,,,1704
1763561760,1.31147,1.31178,1.31068,1.31094,38.62359034560914,44.510156166481394,,,2108
1763562660,1.31096,1.31151,1.31086,1.31093,38.561597273801844,44.11288042988123,,,2372
1763563560,1.31095,1.31114,1.31054,1.31084,37.97089513601348,43.83986945950022,,,2254
1763564460,1.31083,1.31084,1.31003,1.31058,36.243623428984705,43.520146391874796,,,2215
1763565360,1.31057,1.31162,1.31012,1.31022,33.94137049842891,42.40187195105881,,,2380
1763566260,1.31023,1.31023,1.30734,1.30745,22.23679673549144,40.5440144878689,,,2395
1763567160,1.30744,1.30805,1.30715,1.30803,27.847418719469758,39.20764182758811,,,2810
1763568060,1.30802,1.30847,1.30728,1.30833,30.63517070274584,38.2135401188837,,,2530
1763568960,1.30834,1.30856,1.30743,1.30751,27.506790935788956,37.13261576102382,,,2004
1763569860,1.30755,1.30759,1.30675,1.30742,27.17873959523179,35.624133735434135,,,1840
1763570760,1.3074,1.30824,1.30722,1.30789,31.756007662517803,34.70047408420071,,,1860
1763571660,1.30784,1.30785,1.30716,1.30774,31.084471009835866,33.705427990147676,,,1768
1763572560,1.30773,1.30775,1.30615,1.30632,25.571540856438006,32.206929681846105,,,2198
1763573460,1.30631,1.30644,1.30571,1.30601,24.547981959886158,30.978999632874558,,,1835
1763574360,1.306,1.30695,1.30588,1.30692,33.02309321199006,30.578964123330337,,,1936
1763575260,1.30693,1.30725,1.30629,1.30724,35.755852553209905,30.378553786145194,,,1565
1763576160,1.30723,1.3073,1.30689,1.30722,35.657926761746864,30.213341759411865,,,1394
1763577060,1.30721,1.30758,1.30694,1.30734,36.776753101500454,30.251422450305846,,,1458
1763577960,1.30735,1.30768,1.30596,1.30646,32.33614915713885,30.13676378307084,,,1829
1763578860,1.3065,1.30669,1.30552,1.30562,28.76568502794477,30.603112946817507,,,2590
1763579760,1.30561,1.30574,1.30521,1.30532,27.593827092009363,30.584999259141767,,,1692
1763580660,1.30531,1.30552,1.30482,1.30489,25.961306480994168,30.251151814730935,,,1318
1763581560,1.30488,1.305,1.30437,1.30468,25.177874455810823,30.08480063758964,,,1666
1763582460,1.30467,1.30531,1.30443,1.30531,31.82460924577424,30.416648469771246,,,1248
1763583360,1.30532,1.30549,1.30518,1.30518,31.208526481487098,30.377542671126196,,,1152
1763584260,1.30517,1.30545,1.30497,1.30502,30.427784338719675,30.33063648033218,,,1210
1763585160,1.30503,1.30541,1.3049,1.3049,29.82513766729771,30.634464823965022,,,1152
1763586060,1.30489,1.30496,1.30459,1.30459,28.26757300195254,30.900149898398332,,,586
1763586960,1.30461,1.30499,1.30446,1.30486,31.617205986029973,30.799729382258327,,,993
1763587860,1.30488,1.30594,1.30486,1.30594,43.06903641455353,31.322099658068588,,,1043
1763588760,1.30591,1.3061,1.30563,1.30581,42.15393243805015,31.78610006351882,,,1168
1763589660,1.30578,1.30578,1.30545,1.30566,41.069609972577425,32.09273269716717,,,16
1763590560,1.30551,1.30582,1.30541,1.30567,41.17824047702807,32.72431064858784,,,124
1763591460,1.30555,1.30584,1.30555,1.30572,41.75635741885133,33.65221581936687,,,407
1763592360,1.30569,1.306,1.30544,1.30591,44.00836134373935,34.8246825516333,,,503
1763593260,1.30587,1.30587,1.30527,1.30581,43.06457888306217,36.04634486606673,,,649
1763594160,1.3058,1.30611,1.30558,1.30594,44.724165959329106,37.44250854488946,,,709
1763595060,1.30596,1.30622,1.3058,1.30583,43.56696488327794,38.28124823328259,,,672
1763595960,1.30584,1.30625,1.30579,1.3058,43.23837874918129,39.14052339526075,,,748
1763596860,1.30581,1.30585,1.30532,1.30552,40.191549363687336,39.837935182758436,,,978
1763597760,1.30553,1.30563,1.30512,1.30529,37.83320942127627,40.40994030804262,,,902
1763598660,1.30528,1.30544,1.30511,1.30526,37.523925018014715,41.07110830918992,,,1018
1763599560,1.30527,1.30558,1.30495,1.30554,42.26771084766327,41.831858656449434,,,1584
1763600460,1.30553,1.30553,1.30493,1.30501,36.60240365512199,41.36995631649005,,,1252
1763601360,1.305,1.30538,1.30493,1.30521,39.877260401663186,41.20733688531955,,,1276
1763602260,1.3052,1.30561,1.30492,1.30495,37.1878988509377,40.93007180520243,,,1478
1763603160,1.30498,1.30511,1.30453,1.30459,33.7898901020981,40.40233249270743,,,1650
1763604060,1.3046,1.30463,1.30381,1.30435,31.709675800633264,39.68471237712043,,,1536
1763604960,1.30434,1.30469,1.30409,1.30462,36.44965480796289,39.1448047674221,,,1124
1763605860,1.30461,1.30505,1.30461,1.30495,41.76954071644322,39.05230204123503,,,786
1763606760,1.30496,1.30563,1.30488,1.30548,49.13426276850923,39.36730895617648,,,1052
1763607660,1.30547,1.3055,1.30458,1.30462,40.24064695596013,39.12971481851092,,,1280
1763608560,1.30461,1.30507,1.30453,1.30489,43.686946286440936,39.16175535688661,,,1200
1763609460,1.3049,1.30493,1.30409,1.30409,36.89722800857766,38.926446688664484,,,1028
1763610360,1.3041,1.30471,1.30407,1.30463,43.30269686536597,39.31712436324232,,,1180
1763611260,1.30462,1.30531,1.30441,1.30526,49.7157643831705,40.18797003218202,,,886
1763612160,1.3053,1.30542,1.305,1.30532,50.29242641643776,40.7611640013802,,,858
1763613060,1.30533,1.30623,1.30533,1.30597,56.15819257876017,42.15800606735436,,,758
1763613960,1.30599,1.30599,1.30571,1.30575,53.842292935031836,43.1555083911664,,,602
1763614860,1.30574,1.30587,1.30542,1.30559,52.15765469689857,44.224776665877904,,,824
1763615760,1.3056,1.30583,1.30554,1.30562,52.458017638970546,45.55821434708308,,,536
1763616660,1.30561,1.30561,1.30523,1.30552,51.30182517750203,46.95765358828799,,,934
1763617560,1.30553,1.30593,1.30503,1.30506,46.251843303840104,47.65780990942208,,,1020
1763618460,1.30505,1.30639,1.305,1.30606,56.3184272832715,48.69701609276695,,,1288
1763619360,1.30604,1.30635,1.30571,1.30634,58.653497983273795,49.37696146525013,,,1076
1763620260,1.30633,1.30641,1.30581,1.30591,53.889203069462106,50.35185833050027,,,997
1763621160,1.3059,1.30643,1.30587,1.30594,54.168909462548974,51.10056998593656,,,1114
1763622060,1.30596,1.30641,1.30573,1.30626,57.15442378889607,52.54751254167359,,,1781
1763622960,1.30625,1.30659,1.30611,1.30656,59.7984041289067,53.72577734621222,,,1390
1763623860,1.30655,1.30661,1.30616,1.30653,59.403628900573274,54.41776766888385,,,1406
1763624760,1.30654,1.30706,1.30652,1.30705,63.85756955154221,55.38670646424845,,,1900
1763625660,1.30702,1.30771,1.30597,1.30633,54.87953147269222,55.29537352810074,,,2258
1763626560,1.30634,1.30697,1.3062,1.30652,56.613071031966136,55.49328624931032,,,1850
1763627460,1.30651,1.30714,1.30649,1.30692,60.08953709919321,56.05984927804566,,,1912
1763628360,1.30693,1.30716,1.30628,1.3065,55.09742458072011,56.24837834531349,,,1902
1763629260,1.30649,1.30683,1.30614,1.30624,52.20598234748809,56.3129610003125,,,1882
1763630160,1.30625,1.30743,1.30622,1.30711,59.80688947971112,57.281178584303284,,,1722
1763631060,1.3071,1.30751,1.30673,1.30693,57.76017017131294,57.38416021916339,,,1728
1763631960,1.30695,1.30809,1.30693,1.30804,65.58228610100792,57.879073656144364,,,1496
1763632860,1.30803,1.3082,1.30761,1.30813,66.12995996037266,58.75341343406654,,,1684
1763633760,1.30814,1.30849,1.30787,1.30813,66.12995996037266,59.60777418391109,,,1402
1763634660,1.30812,1.30825,1.30795,1.30797,64.0292539696407,60.0988334825357,,,1242
1763635560,1.30798,1.30803,1.30699,1.30727,55.69367732366302,59.80563871073258,,,1582
1763636460,1.30728,1.30768,1.30707,1.30725,55.471477566160644,59.52477075827454,,,1438
1763637360,1.30724,1.30725,1.30662,1.30663,48.95144745226876,58.46004775118357,,,1176
1763638260,1.30661,1.30703,1.30661,1.30673,49.972807792403486,58.10956748830581,,,1348
1763639160,1.30672,1.30687,1.30634,1.30637,46.37554805575725,57.37831584714802,,,1230
1763640060,1.30639,1.30657,1.30609,1.30618,44.5527105329881,56.26854252099052,,,1262
1763640960,1.30619,1.3062,1.30575,1.3062,44.798673372419145,55.532917434683306,,,1020
1763641860,1.30621,1.30646,1.30599,1.30609,43.651740204842135,54.921900138780025,,,986
1763642760,1.30608,1.30627,1.30566,1.30613,44.21107640833402,53.80791349082451,,,1430
1763643660,1.30611,1.30651,1.3061,1.30617,44.80115128614348,52.88226928474098,,,1563
1763644560,1.30618,1.30819,1.30443,1.30769,61.4759167926401,52.588957191286134,,,1844
1763645460,1.30757,1.30968,1.30715,1.30829,65.86006074243285,52.569678675719004,,,5403
1763646360,1.3083,1.30998,1.30747,1.30982,73.98900752597703,53.131039216119326,,,4292
1763647260,1.30983,1.31063,1.30813,1.30886,63.73458548823306,53.10999146744735,,,3472
1763648160,1.30883,1.31092,1.30857,1.31088,72.40195214420953,54.30343966891496,,,2918
1763649060,1.31089,1.31241,1.31084,1.31185,75.43771807788988,55.729599705467045,,,3485
1763649960,1.31183,1.31211,1.31097,1.31119,69.81081406496844,57.21955446351702,,,2496
1763650860,1.31118,1.31131,1.31035,1.31042,63.82903063042883,58.209284666233124,,,2399
1763651760,1.31041,1.31079,1.30959,1.30969,58.69426668929964,59.08919314005758,,,2226
1763652660,1.30966,1.3097,1.30842,1.30898,54.13300933445771,59.7735001973054,,,2126
1763653560,1.30897,1.30955,1.3081,1.30946,56.589158144423656,60.61567768102002,,,2346
1763654460,1.3095,1.31029,1.3091,1.3099,58.768758943480854,61.69546473377992,,,2480
1763655360,1.30989,1.31014,1.3089,1.30901,52.97486402234005,62.321449563351784,,,2562
1763656260,1.309,1.30939,1.30769,1.3081,47.78720099919807,62.53473882856997,,,2346
1763657160,1.30811,1.30857,1.30748,1.30794,46.917244221806776,61.49483364493902,,,3122
1763658060,1.30795,1.30825,1.30722,1.30809,47.87528877015733,60.210207075490764,,,3186
1763658960,1.30808,1.30808,1.30724,1.30744,44.15624603884638,58.07929554069572,,,2642
1763659860,1.30743,1.3075,1.30663,1.30663,39.98754414156772,56.38307830164819,,,2165
1763660760,1.30664,1.30734,1.3066,1.30683,41.45718744082995,54.1727379656925,,,2147
1763661660,1.30682,1.30772,1.30673,1.30771,47.544165039174864,52.180341320070006,,,1653
1763662560,1.30772,1.30799,1.30746,1.3077,47.48374582076401,50.58555073119826,,,1746
1763663460,1.30771,1.30802,1.30733,1.30751,46.280338391821914,49.332072714154904,,,1556
1763664360,1.30752,1.30779,1.30702,1.30763,47.19065162019877,48.51038592350484,,,1452
1763665260,1.30768,1.30817,1.30711,1.30796,49.71424808951324,48.194760120294525,,,1710
1763666160,1.30797,1.30875,1.30797,1.30843,53.14827201763891,47.948982539809904,,,1188
1763667060,1.30844,1.30872,1.30823,1.30846,53.367178258933,47.56315534805649,,,1078
1763667960,1.30845,1.30874,1.30824,1.30861,54.511604575991534,47.67292253046016,,,1106
1763668860,1.3086,1.30869,1.30813,1.30813,50.26089872659505,47.849615225274235,,,1036
1763669760,1.30814,1.30832,1.3078,1.3078,47.517535096050494,47.892493144863074,,,1218
1763670660,1.30781,1.30788,1.30748,1.30761,45.96201186423192,47.755830508725545,,,922
1763671560,1.30759,1.30765,1.30693,1.30701,41.357732655452665,47.555936695625995,,,1312
1763672460,1.307,1.30718,1.3069,1.30692,40.69912968357158,47.60676423434055,,,716
1763673360,1.30691,1.307,1.3068,1.3069,40.54461409330055,47.541580423802735,,,405
1763674260,1.30691,1.30709,1.30678,1.30704,42.19888311351957,47.15977457197022,,,551
1763675160,1.30703,1.30733,1.30703,1.30721,44.22813370395749,46.92723084934118,,,923
1763676060,1.30707,1.30709,1.3069,1.30709,43.078454765538154,46.698524876035194,,,12
1763676960,1.30683,1.30702,1.30682,1.30694,41.62200453009149,46.30076436959896,,,195
1763677860,1.30695,1.30708,1.30689,1.30694,41.62200453009149,45.72274697249741,,,289
1763678760,1.30693,1.30737,1.30643,1.30717,44.932815240129464,45.13592863124673,,,1414
1763679660,1.30737,1.30744,1.30694,1.30706,43.65756842157147,44.4423850714352,,,767
1763680560,1.30707,1.30729,1.30701,1.30723,46.19890760265149,43.84862100191091,,,912
1763681460,1.30722,1.3084,1.30716,1.30836,59.33033294328802,44.49643773167469,,,1502
1763682360,1.30837,1.30854,1.3079,1.3079,53.59559063162864,44.93058455564455,,,970
1763683260,1.30789,1.3081,1.30768,1.30794,54.01185558883013,45.50557339311586,,,1153
1763684160,1.30792,1.30796,1.30757,1.30795,54.122654012171566,46.417353490024354,,,1588
1763685060,1.30796,1.30852,1.3078,1.30852,60.03342538344404,47.79837461144382,,,1643
1763685960,1.30851,1.30876,1.3082,1.30871,61.80015816962992,49.316627759753054,,,1664
1763686860,1.3087,1.30874,1.30828,1.30848,58.432798213663865,50.476193124049075,,,2304
1763687760,1.30849,1.30854,1.3082,1.30828,55.595988186065,51.2881827299139,,,2190
1763688660,1.30826,1.30833,1.30791,1.30828,55.595988186065,52.182292259951524,,,2012
1763689560,1.30829,1.30875,1.30821,1.30828,55.595988186065,53.180433949663914,,,1630
1763690460,1.30829,1.30868,1.30829,1.30845,57.77240890933609,54.33403426246711,,,1810
1763691360,1.30844,1.30844,1.30785,1.30831,55.36569113034664,55.079239683196896,,,1748
1763692260,1.3083,1.30844,1.30793,1.30799,50.216298437359505,55.54772039861033,,,1294
1763693160,1.30797,1.30814,1.30751,1.30803,50.83189117456037,55.87864779660382,,,1260
1763694060,1.30805,1.30814,1.30768,1.30813,52.41602445686371,55.38476861900209,,,1278
1763694960,1.30812,1.30842,1.30793,1.30839,56.353481703765894,55.58176083844046,,,1150
1763695860,1.30837,1.30872,1.30819,1.30869,60.42289449943843,56.0396921891982,,,1592
1763696760,1.30868,1.30883,1.30859,1.30873,60.9457407116058,56.52705552487207,,,1038
1763697660,1.30872,1.30926,1.30866,1.30924,66.9422451597469,57.02054265175085,,,1824
1763698560,1.30923,1.30924,1.30879,1.3089,60.29551306676138,56.91306800154596,,,1514
1763699460,1.30889,1.30895,1.30877,1.30894,60.78878225444452,57.08135257588743,,,1120
1763700360,1.30895,1.30916,1.30856,1.30914,63.247379535253415,57.62788052940089,,,1268
1763701260,1.30915,1.30964,1.30911,1.30937,65.89568978132883,58.36357350049116,,,1262
1763702160,1.30938,1.30949,1.30914,1.30942,66.4614746979894,59.13967967991432,,,1010
1763703060,1.30941,1.30952,1.30918,1.30924,62.445157153823565,59.47344741166343,,,1296
1763703960,1.30923,1.30923,1.30881,1.30909,59.23280039166381,59.749669501757516,,,1230
1763704860,1.3091,1.30972,1.30902,1.30961,65.80085843020649,60.86285235838945,,,1614
1763705760,1.30962,1.30977,1.30928,1.30949,63.267652991900825,61.75112105962806,,,1624
1763706660,1.3095,1.30951,1.30884,1.30891,52.70603147413697,61.771835846576145,,,1365
1763707560,1.3089,1.3092,1.30661,1.30776,38.85574757530764,60.521997694543415,,,1560
1763708460,1.3078,1.30915,1.3074,1.30868,50.14323171260686,59.787736066912586,,,2051
1763709360,1.30869,1.30915,1.30834,1.30855,48.773100725999676,58.91826178222643,,,1782
1763710260,1.30856,1.30886,1.30811,1.30871,50.56353542611094,57.74835394410958,,,2084
1763711160,1.3087,1.30883,1.30776,1.30776,41.3274605838952,56.39349305247629,,,2207
1763712060,1.30773,1.30919,1.30731,1.30902,53.46789736025266,55.87057270289115,,,2752
1763712960,1.30901,1.30975,1.30861,1.30971,58.528605528684906,55.53351741670769,,,2969
1763713860,1.30973,1.30977,1.30882,1.3096,57.455800564034,54.93066818690092,,,2607
1763714760,1.30961,1.31031,1.30928,1.30969,58.131991598136416,54.33570510833999,,,2525
1763715660,1.3097,1.30978,1.3084,1.3087,48.9210828093725,53.36969979802205,,,2402
1763716560,1.30873,1.30912,1.30755,1.30798,43.52025096229193,52.2473748387812,,,2111
1763717460,1.30801,1.30803,1.30699,1.30737,39.537727686603645,50.371436928523856,,,2585
1763718360,1.30734,1.30758,1.30556,1.30596,32.20226775244578,48.15248083999136,,,2564
1763719260,1.306,1.30629,1.30538,1.30551,30.271927768955948,46.550044861049855,,,3148
1763720160,1.30549,1.30584,1.30507,1.30542,29.886066851757448,45.90935338079627,,,2490
1763721060,1.30543,1.30606,1.30524,1.30593,34.94634907198056,44.82386176360868,,,2284
1763721960,1.30594,1.30655,1.30564,1.30653,40.3964931014036,44.225532647566105,,,1822
1763722860,1.30654,1.30696,1.30597,1.30652,40.33583890806162,43.49498289627686,,,1972
1763723760,1.30651,1.30665,1.30529,1.30614,38.00088071762519,43.25737004868615,,,1930
1763724660,1.30613,1.30614,1.30532,1.30535,33.64090684178805,41.84115644022439,,,1610
1763725560,1.30534,1.30551,1.30421,1.30466,30.36405587558238,39.829402893574205,,,2296
1763726460,1.30465,1.30519,1.30442,1.30449,29.599073161732818,37.8396366505527,,,2266
1763727360,1.3045,1.3064,1.30386,1.30619,44.62361192485463,36.87475238817542,,,2618
1763728260,1.30625,1.30805,1.30615,1.30783,54.67337389019444,37.28563032251985,,,3908
1763729160,1.30784,1.30902,1.30771,1.30901,60.26149169620365,38.48143323208497,,,2938
1763730060,1.30902,1.30902,1.30804,1.3084,56.39109735042939,39.68524535092967,,,2381
1763730960,1.30841,1.30911,1.3084,1.30866,57.639918714687354,41.502220419661214,,,2250
1763731860,1.30867,1.30867,1.30806,1.30851,56.6323097323107,43.385104845615125,,,1693
1763732760,1.30862,1.30951,1.30817,1.3082,54.511451989430874,45.144060926877515,,,2342
1763733660,1.30819,1.3083,1.30757,1.3078,51.815040982057894,46.34896749188304,,,2612
1763734560,1.30781,1.30804,1.30701,1.30742,49.31916859325377,46.98630145558662,,,2236
1763735460,1.30741,1.30865,1.30698,1.30753,50.06894376616826,47.68152323116566,,,3226
1763736360,1.30752,1.30931,1.30743,1.3091,59.319455055297915,49.20427854099943,,,3163
1763737260,1.30909,1.30998,1.30903,1.30936,60.620590659530784,51.13139881369534,,,3598
1763738160,1.30932,1.30933,1.3082,1.30843,53.971059482033404,52.817613357013265,,,3270
1763739060,1.30844,1.3087,1.30765,1.30801,51.23761179266912,54.363223259223005,,,2738
1763739960,1.30802,1.30879,1.30781,1.30859,54.653158678118515,55.07961945588471,,,3010
1763740860,1.3086,1.30862,1.30733,1.30786,49.91423959766994,54.739681292132964,,,2762
1763741760,1.30787,1.30906,1.3075,1.30881,55.34119833865508,54.388231766593776,,,2510
1763742660,1.30883,1.30928,1.30829,1.30868,54.47140661914884,54.25111100007374,,,2420
1763743560,1.30869,1.31011,1.30867,1.30999,61.105316642422046,54.49863942348336,,,2028
1763744460,1.31,1.31075,1.30999,1.31001,61.19827314630834,54.82477966734034,,,2380
1763745360,1.31,1.31002,1.30886,1.30979,59.51334543213857,55.182057770390884,,,2226
1763746260,1.30981,1.31002,1.30946,1.3098,59.56783722306334,55.735828930462695,,,1757
1763747160,1.30981,1.31027,1.30966,1.31002,60.817293281025485,56.557123551017824,,,1504
1763748060,1.31003,1.31003,1.30917,1.30919,54.033158550500325,56.840281749898686,,,1571
1763748960,1.30924,1.30991,1.30918,1.30989,58.26184297616666,56.764738029960746,,,1812
1763749860,1.3099,1.3101,1.30972,1.30992,58.438309251051486,56.608860786497935,,,1190
1763750760,1.30991,1.31012,1.30955,1.30983,57.6508285113683,56.871701431450425,,,2134
1763751660,1.30982,1.31045,1.30968,1.31023,60.21675754040911,57.51306898486042,,,1410
1763752560,1.31024,1.31064,1.31018,1.31054,62.13172597128497,58.047252362943745,,,1240
1763753460,1.31053,1.31088,1.31039,1.3106,62.50788854354688,58.94679871622066,,,1204
1763754360,1.31059,1.31098,1.31025,1.31026,58.93526185729709,59.20351753898081,,,1370
1763755260,1.31027,1.31047,1.31018,1.31028,59.08340721016329,59.532946152624696,,,1170
1763756160,1.31027,1.31039,1.30999,1.31004,56.45155896253907,59.20053488977591,,,962
1763757060,1.31003,1.31038,1.30999,1.31009,56.88247492566025,58.89226358830105,,,990
1763757960,1.3101,1.31064,1.30991,1.31063,61.33261068368162,59.02221110626841,,,1346
1763758860,1.31062,1.31078,1.3105,1.31072,62.03588721227059,59.19850039121179,,,948
1763759760,1.31071,1.31085,1.31034,1.31035,57.41278215071171,58.9553210247608,,,554
1763760660,1.31034,1.31045,1.31003,1.31045,58.316917710327566,59.26130382189132,,,864
1763761560,1.31042,1.31058,1.30988,1.31005,53.43052469264128,58.91620965878236,,,1198
1763935260,1.30941,1.30982,1.30941,1.30974,49.93821135856459,58.30905980931901,,,109
1763936160,1.30975,1.3098,1.30954,1.30978,50.38880641198617,57.790343945077424,,,180
1763937060,1.30978,1.30983,1.30968,1.30978,50.38880641198617,57.08834743590436,,,513
1763937960,1.30977,1.31,1.30946,1.31,53.08249286657712,56.441973642710934,,,413
1763938860,1.30999,1.30999,1.30963,1.30976,49.89949214919521,55.54137390025725,,,726
1763939760,1.30975,1.30983,1.30929,1.30961,47.963682515776924,54.75768966157723,,,811
1763940660,1.30962,1.30972,1.30936,1.30962,48.10821270613782,53.973747197003995,,,726
1763941560,1.30963,1.30973,1.30955,1.30963,48.262965406500676,53.388847657286966,,,634
1763942460,1.30961,1.30963,1.30878,1.30888,38.89440805510303,52.10398573796145,,,764
1763943360,1.30889,1.30903,1.30859,1.30889,39.064253643915535,50.513388806549585,,,1140
1763944260,1.30888,1.30888,1.30857,1.30867,36.65066872390832,48.700158914523705,,,1048
1763945160,1.30868,1.309,1.30866,1.30889,40.602820023256946,47.49944733399123,,,754
1763946060,1.30888,1.30916,1.30882,1.3091,44.182492279999835,46.48984551753925,,,1942
1763946960,1.30909,1.30924,1.30885,1.30915,45.031914165043325,45.88994476556797,,,1690
1763947860,1.30914,1.30929,1.3088,1.30911,44.44915225521726,45.49786911532887,,,1880
1763948760,1.3091,1.30937,1.30876,1.30894,41.963631315842264,44.89607089417573,,,1474
1763949660,1.30895,1.30967,1.30894,1.30946,50.99113534873055,44.93909438965746,,,2034
1763950560,1.30947,1.3097,1.30944,1.30964,53.6771979308725,44.981573322821426,,,2682
1763951460,1.30965,1.30996,1.30957,1.30982,56.25895470947183,45.43582064855547,,,2274
1763952360,1.30983,1.30984,1.30952,1.30961,52.577242941386984,45.765360678956185,,,1564
1763953260,1.30962,1.30976,1.30947,1.30951,50.87003830985322,45.96263393636442,,,1546
1763954160,1.3095,1.30983,1.30945,1.30981,55.534649304369665,46.48203992906935,,,1268
1763955060,1.30982,1.31003,1.30979,1.31,58.2389644183966,47.86379395501889,,,770
1763955960,1.31002,1.31022,1.30977,1.30981,54.65897502232043,48.97770262490496,,,760
1763956860,1.30982,1.31003,1.30967,1.30982,54.81640230055855,50.275255023237115,,,768
1763957760,1.30983,1.31011,1.30977,1.31006,58.537256192626494,51.55628617819208,,,1040
1763958660,1.31005,1.31008,1.30991,1.31002,57.68463641749934,52.52072504515633,,,1022
1763959560,1.31001,1.31031,1.30991,1.31011,59.12716684692951,53.527528808148205,,,1184
1763960460,1.31012,1.31075,1.3101,1.31037,63.04638434776321,54.85590252904434,,,2024
1763961360,1.31036,1.31054,1.31025,1.31047,64.45800423914667,56.46264345213751,,,1556
1763962260,1.31051,1.31063,1.31027,1.31054,65.452850060786,57.49562307442719,,,1340
1763963160,1.31053,1.31061,1.3102,1.31022,57.525773412418836,57.770521323109065,,,1452
1763964060,1.31021,1.3112,1.31021,1.31062,63.479818499497405,58.286297308110896,,,1100
1763964960,1.31061,1.31079,1.31046,1.31058,62.53575818309618,58.99761982537585,,,1300
1763965860,1.31057,1.3108,1.31049,1.31061,62.98043179869629,59.86264793172178,,,1208
1763966760,1.31062,1.31068,1.30959,1.30989,48.195304522327916,59.33840901871879,,,1566
1763967660,1.30988,1.31002,1.30929,1.3093,39.92425765295134,58.03021567832985,,,1901
1763968560,1.30929,1.30998,1.30927,1.30962,45.39757161614915,57.36868686360333,,,1606
1763969460,1.30964,1.30998,1.3092,1.30939,42.40701865837525,56.4823023177331,,,1585
1763970360,1.3094,1.30948,1.30888,1.3092,40.05936828400588,55.16245318140306,,,2614
1763971260,1.30921,1.31101,1.30917,1.3106,58.35412936621094,55.21027410631103,,,2904
1763972160,1.31061,1.31093,1.30991,1.30992,50.32043391022422,54.58122175368923,,,2812
1763973060,1.30993,1.31042,1.30942,1.30993,50.428515435883405,53.67994540284066,,,2117
1763973960,1.30992,1.30993,1.30926,1.30931,44.03232143217988,52.220968059485884,,,2073
1763974860,1.30932,1.30985,1.3091,1.30937,44.76249107628805,50.7430852748789,,,1968
1763975760,1.30936,1.30955,1.30882,1.30921,43.14597444295737,49.715956777060214,,,2372
1763976660,1.30922,1.3095,1.30895,1.30917,42.730514891134476,48.23386366217715,,,1828
1763977560,1.30916,1.30942,1.30897,1.30929,44.458392009140915,46.94262322118035,,,1696
1763978460,1.30927,1.30984,1.30919,1.30949,47.31162858524085,45.82342299164782,,,1950
1763979360,1.30948,1.30989,1.30903,1.30922,44.02368626312798,45.52545025884782,,,2104
1763980260,1.30923,1.30968,1.30891,1.30931,45.38614253913546,45.91558489357526,,,2022
1763981160,1.3093,1.30976,1.30912,1.30933,45.702421939448755,45.93735991666808,,,1968
1763982060,1.30932,1.30943,1.30894,1.30913,43.01944150591896,45.981104405778346,,,1936
1763982960,1.30911,1.30965,1.30897,1.30964,50.93018926060716,46.75759161839272,,,1952
1763983860,1.30963,1.30965,1.30895,1.3092,45.11126120264384,45.81167246385222,,,1166
1763984760,1.30921,1.30965,1.30898,1.30923,45.56790337999253,45.4722059974071,,,1724
1763985660,1.30922,1.30937,1.30881,1.30935,47.45112264082228,45.25953508347417,,,1618
1763986560,1.30937,1.31087,1.30931,1.31076,63.45169748055593,46.646633372643876,,,1552
1763987460,1.31075,1.31156,1.31067,1.3115,68.81798154002112,48.36488269148197,,,1316
1763988360,1.31149,1.31161,1.31074,1.3114,67.37825772899868,50.09576006905634,,,1482
1763989260,1.31141,1.31174,1.31101,1.31126,65.31799401085058,51.70915143475035,,,1644
1763990160,1.31127,1.31178,1.31118,1.31176,68.96759303531412,53.459808650905586,,,1540
1763991060,1.31173,1.31179,1.31078,1.31104,59.291873106201685,54.31554040240279,,,1166
1763991960,1.31107,1.31157,1.31038,1.3104,52.271854136990115,54.904695250535795,,,1970
1763992860,1.3105,1.31064,1.30967,1.30968,45.71442531067196,54.92814401993126,,,1468
1763993760,1.30969,1.30984,1.30851,1.30864,38.25019746175871,54.39584227152483,,,1858
1763994660,1.30866,1.30944,1.30855,1.30864,38.25019746175871,54.05518198265624,,,2912
1763995560,1.30865,1.3094,1.30851,1.3093,44.87482638956346,53.62265606329597,,,2414
1763996460,1.30931,1.30931,1.30837,1.30874,40.86852412265923,53.31960341472564,,,2378
1763997360,1.30875,1.30899,1.30822,1.30827,37.816962863224816,52.7659648063851,,,1784
1763998260,1.30828,1.30919,1.30814,1.30868,41.89294862585458,52.36895237674454,,,1548
1763999160,1.3087,1.31001,1.30808,1.30985,51.63552641145928,51.52494015752335,,,2736
1764000060,1.30986,1.31077,1.30979,1.31057,56.47216291768217,50.64309597021343,,,1882
1764000960,1.31056,1.31068,1.30989,1.31029,54.20207280124721,49.701939903945465,,,1120
1764001860,1.31028,1.31068,1.30991,1.3104,54.96793368481192,48.96264988065699,,,1706
1764002760,1.31039,1.3104,1.30945,1.30966,49.028117538466695,47.53840163088217,,,1174
1764003660,1.30968,1.30971,1.30865,1.30944,47.38861077449461,46.68816860718881,,,1520
1764004560,1.30943,1.30943,1.30859,1.30886,43.27956588123722,46.04586230320647,,,1386
1764005460,1.30887,1.31028,1.30864,1.31023,53.52950845311207,46.60408252766648,,,1503
1764006360,1.31022,1.31049,1.30973,1.31006,52.26731729535773,47.60530537292355,,,1305
1764007260,1.31006,1.31058,1.31,1.3105,55.21100436549337,48.816791580333174,,,1168
1764008160,1.31049,1.31051,1.31023,1.3103,53.59312230746185,49.4395270030402,,,942
1764009060,1.31029,1.31085,1.31027,1.31062,55.82368954277621,50.50775310447712,,,978
1764009960,1.31063,1.31161,1.31048,1.31157,61.70804405889206,52.21425890416764,,,1284
1764010860,1.31158,1.31169,1.31097,1.31102,56.97623809547387,53.291636723426166,,,1122
1764011760,1.31101,1.31128,1.31096,1.31097,56.55169404063553,53.64279155408161,,,764
1764012660,1.31096,1.31115,1.31081,1.3109,55.92343957207366,53.60359702939529,,,1014
1764013560,1.31089,1.31114,1.31054,1.31089,55.82802189253853,53.71973625020181,,,1308
1764014460,1.3109,1.31109,1.31075,1.31103,56.93582810247999,53.8603001371781,,,1070
1764015360,1.31104,1.3112,1.31071,1.31071,53.62532850989244,54.188672349422795,,,786
1764016260,1.31072,1.31106,1.31072,1.31098,55.95249614619831,54.80037844740163,,,1216
1764017160,1.31099,1.31114,1.31083,1.311,56.12812019318999,55.71813232682683,,,798
1764018060,1.31101,1.31106,1.31071,1.31093,55.297088340362606,55.84438803305902,,,604
1764018960,1.31094,1.31099,1.31079,1.31079,53.588172029890416,55.93873479981135,,,241
1764019860,1.3108,1.3108,1.31061,1.31071,52.58805172012332,55.75138103942778,,,510
1764020760,1.31072,1.31073,1.31039,1.3104,48.78829870597913,55.40817935360758,,,558
1764021660,1.31042,1.31072,1.31038,1.31044,49.297373651683195,54.94201393281522,,,136
1764022560,1.31043,1.31064,1.31035,1.3106,51.37935994645311,54.204250781926724,,,225
1764023460,1.3106,1.31087,1.31057,1.31086,54.6389890312258,54.03730442019473,,,1386
1764024360,1.31069,1.31104,1.31044,1.31069,52.17591295342793,53.72474862825133,,,2027
1764025260,1.31069,1.31089,1.31061,1.31077,53.244076035547586,53.533365518499465,,,732
1764026160,1.31076,1.31082,1.31073,1.31079,53.523554580097965,53.368760710467996,,,435
1764027060,1.31078,1.31079,1.31059,1.3106,50.439039313783184,52.90470436841822,,,628
1764027960,1.31059,1.31072,1.31041,1.31062,50.76071246573433,52.70008893669264,,,216
1764028860,1.31061,1.31061,1.31024,1.31052,49.046602366221464,52.20681080955144,,,950
1764029760,1.31051,1.31051,1.31027,1.31029,45.26089804490881,51.43058065610279,,,846
1764030660,1.31028,1.31053,1.31027,1.31045,48.253152291328846,50.9274423668861,,,1094
1764031560,1.31046,1.31107,1.31038,1.31104,57.48274879771558,51.20562642173074,,,1520
1764032460,1.31107,1.31142,1.31079,1.31117,59.20913423372097,51.678560886987725,,,1566
1764033360,1.31118,1.31155,1.31116,1.31134,61.41549136621539,52.58050321986174,,,1008
1764034260,1.31133,1.31161,1.3112,1.31124,59.38081743127379,53.30074920411822,,,1470
1764035160,1.31125,1.31125,1.31071,1.3108,51.32382002219514,53.29678206667121,,,1292
1764036060,1.31081,1.31113,1.31073,1.31108,55.464951507149394,53.35577938638004,,,948
1764036960,1.31107,1.31114,1.31079,1.31082,51.11623229679043,53.280087910905934,,,936
1764037860,1.31083,1.31094,1.31055,1.31092,52.653816956516984,53.23792654811803,,,1114
1764038760,1.31093,1.31147,1.31089,1.31146,59.975041105544335,53.69874701422134,,,1296
1764039660,1.31145,1.3116,1.31109,1.3111,53.98207614410183,53.951821073529814,,,1036
1764040560,1.31109,1.31112,1.31058,1.31091,51.080954294221335,53.97469548985031,,,1560
1764041460,1.31089,1.31099,1.31023,1.31031,43.18765849997966,53.55619949940448,,,1338
1764042360,1.31033,1.31042,1.30995,1.30998,39.56629489813321,53.14944213177764,,,1042
1764043260,1.31,1.31002,1.30978,1.3099,38.718689233364124,52.468409056208735,,,802
1764044160,1.30986,1.30986,1.30971,1.30973,36.90923688395729,50.998872490940286,,,752
1764045060,1.30972,1.31001,1.30968,1.30992,40.269051231954045,49.64600941938551,,,796
1764045960,1.30993,1.30994,1.30979,1.30989,39.90767608964978,48.10973689963082,,,874
1764046860,1.30988,1.31023,1.30988,1.31005,42.85319776633849,46.929192637849724,,,1100
1764047760,1.31003,1.31006,1.30957,1.30958,37.100339595515635,45.91322975022975,,,1100
1764048660,1.30959,1.30999,1.30958,1.30998,43.991624781699606,45.093706412697635,,,990
1764049560,1.30997,1.31039,1.30995,1.31018,47.11170782565944,44.807668950473996,,,1004
1764050460,1.31019,1.31045,1.31003,1.31031,49.09669277814073,44.55358865201855,,,1266
1764051360,1.3103,1.31059,1.31006,1.31045,51.21998126569588,43.928227234886506,,,954
1764052260,1.31044,1.31064,1.31028,1.31039,50.252530573003796,43.66183112266522,,,789
1764053160,1.31038,1.311,1.30982,1.311,58.777405482857404,44.211577636139225,,,1155
1764054060,1.31101,1.3117,1.31089,1.31122,61.34984843163905,45.508876916972035,,,1368
1764054960,1.31123,1.3117,1.31122,1.31168,66.1117403084695,47.40498016056748,,,1028
1764055860,1.31169,1.3129,1.31169,1.3127,73.81545765465503,49.911892190659685,,,1530
1764056760,1.31269,1.31284,1.31156,1.31212,64.79542843564094,51.903763015779944,,,2076
1764057660,1.31211,1.31248,1.31156,1.31218,65.2682478073599,53.68941991402322,,,2064
1764058560,1.31219,1.31248,1.31151,1.31221,65.51762005445957,55.518701625795345,,,1808
1764059460,1.31217,1.31286,1.31133,1.31148,55.14247919265442,56.396507441960765,,,1590
1764060360,1.31147,1.31172,1.31086,1.31119,51.64372622441734,57.435320772596604,,,1858
1764061260,1.3112,1.31214,1.31108,1.31212,60.335339052961395,58.602728934829585,,,1558
1764062160,1.31211,1.31286,1.31211,1.31257,63.73223744785263,59.789909622129095,,,1362
1764063060,1.31256,1.31383,1.31256,1.31355,69.79831815388607,61.268597148968055,,,1572
1764063960,1.31357,1.31373,1.313,1.31313,64.79629719501607,62.23833400106235,,,1822
1764064860,1.31312,1.31406,1.31277,1.31367,67.9741272992979,63.50416233865479,,,1580
1764065760,1.31365,1.31402,1.31331,1.31334,64.16235053847315,63.88880127119877,,,1384
1764066660,1.31335,1.31347,1.3124,1.31248,55.43752337435853,63.46649233853587,,,1440
1764067560,1.31249,1.31333,1.31236,1.31271,57.11700681458637,62.824011374687075,,,1216
1764068460,1.31272,1.31272,1.31208,1.3122,52.40101413576959,61.294408266195255,,,1328
1764069360,1.31218,1.3123,1.31142,1.31162,47.588699450860624,60.0653561958538,,,1538
1764070260,1.31163,1.31199,1.31144,1.31162,47.588699450860624,58.80253131324672,,,998
1764071160,1.31161,1.31191,1.31094,1.31103,42.936731705502055,57.18961071689261,,,1380
1764072060,1.311,1.31149,1.31092,1.31131,45.65196653525664,56.51171695564991,,,1238
1764072960,1.3113,1.31216,1.31111,1.31197,51.509057472596325,56.50209775909127,,,1478
1764073860,1.31199,1.31387,1.31193,1.31276,57.423764424618916,56.2941281427811,,,2344
1764074760,1.31278,1.31374,1.31218,1.31353,62.256204666834556,56.18869722985123,,,2947
1764075660,1.31351,1.31529,1.31322,1.31529,70.49852647053139,56.238712109611605,,,2641
1764076560,1.31528,1.31596,1.31487,1.31526,70.21705145162824,56.625908842226764,,,2766
1764077460,1.31523,1.3155,1.31401,1.31468,64.82798243769511,56.401184209255135,,,3255
1764078360,1.31469,1.31552,1.31448,1.31538,68.01825669603419,56.67660607765235,,,2142
1764079260,1.31539,1.31678,1.31538,1.31559,68.92878797802211,57.64026783505689,,,2444
1764080160,1.31558,1.31641,1.31544,1.31617,71.35451692337415,58.65723284282744,,,2314
1764081060,1.31616,1.31791,1.31616,1.31717,74.98118275444422,60.27010202987564,,,3231
1764081960,1.31711,1.31833,1.31704,1.31786,77.132497252663,62.38037330143295,,,3176
1764082860,1.31787,1.31837,1.31743,1.31802,77.61320879853174,64.52498111198088,,,2885
1764083760,1.31801,1.31881,1.318,1.31868,79.5252331319729,67.13844549958594,,,2530
1764084660,1.31865,1.31959,1.31827,1.31829,75.4257727871391,69.26514594614898,,,2668
1764085560,1.3183,1.3183,1.31736,1.31769,69.49077928892457,70.54955464731528,,,3274
1764086460,1.31768,1.31838,1.31755,1.31835,72.0921608564093,71.59729724958602,,,2290
1764087360,1.31833,1.31859,1.31822,1.3183,71.5941244641044,72.26429152081957,,,1744
1764088260,1.31831,1.31832,1.31758,1.3176,64.84056757906272,71.86015160000038,,,1796
1764089160,1.31762,1.31962,1.31712,1.31828,67.99862071581408,71.70169226172794,,,1730
1764090060,1.31829,1.3191,1.31749,1.31854,69.13998132649408,72.00969218235643,,,3484
1764090960,1.31849,1.3201,1.31843,1.31949,72.93793802119221,72.3610979912963,,,2372
1764091860,1.31948,1.32004,1.31934,1.31966,73.56490504365387,72.69224921026999,,,1543
1764092760,1.31965,1.32042,1.31928,1.31992,74.53655553479905,72.91953768251463,,,1999
1764093660,1.31993,1.32089,1.31984,1.3205,76.60258454506237,73.03535209613021,,,2333
1764094560,1.32049,1.3209,1.32021,1.32068,77.22031106811451,73.0416245115196,,,1796
1764095460,1.32067,1.32139,1.32025,1.32129,79.22232596259583,73.15656145180989,,,1534
1764096360,1.32128,1.32128,1.32051,1.32058,71.36103530017493,72.57340446382433,,,1350
1764097260,1.32057,1.32088,1.32051,1.32068,71.78569587472938,72.31339897008077,,,1032
1764098160,1.32065,1.32066,1.3202,1.32049,69.67181722959342,72.32633025155712,,,1162
1764099060,1.32048,1.3207,1.32018,1.32038,68.41572412282082,72.06372762772938,,,972
1764099960,1.32039,1.3214,1.32007,1.32135,73.03277522637629,72.16648839646308,,,1328
1764100860,1.32136,1.32144,1.32079,1.32083,67.34894802157635,72.34565842807119,,,1024
1764101760,1.32082,1.32088,1.31739,1.31744,43.55232096243369,70.5994941599726,,,2442
1764102660,1.31748,1.3179,1.31609,1.31628,38.53488713396309,68.41341600336324,,,1820
1764103560,1.31629,1.31632,1.31537,1.31617,38.08679822554241,65.92404887510254,,,1988
1764104460,1.31619,1.3167,1.31619,1.31645,39.99936231969315,63.526510109105345,,,1090
1764105360,1.31646,1.31719,1.31628,1.31694,43.30029211680508,61.295348436391485,,,969
1764106260,1.31693,1.31703,1.31648,1.31668,41.98054581378342,58.82234566987156,,,809
1764107160,1.31669,1.31674,1.31617,1.31644,40.74600006993676,56.217037741430296,,,894
1764108060,1.31649,1.31756,1.31649,1.3165,41.2114538035173,53.501975444353256,,,18
1764108960,1.31642,1.31682,1.31624,1.3165,41.2114538035173,51.348433908877716,,,38
1764109860,1.31676,1.31713,1.316,1.31662,42.26343779087803,49.239701188602616,,,340
1764110760,1.31663,1.31674,1.31637,1.31656,41.860097753035404,47.2531497974199,,,623
1764111660,1.31671,1.31722,1.31666,1.31689,44.97072300930811,45.57850686074041,,,905
1764112560,1.31688,1.31691,1.31663,1.31681,44.351225236770574,43.529824718625726,,,1488
1764113460,1.3168,1.31682,1.31602,1.31602,38.68408458849927,41.482334473405935,,,1172
1764114360,1.31601,1.3164,1.3158,1.31637,42.20743605535723,41.38627126575762,,,804
1764115260,1.31645,1.31682,1.31634,1.31659,44.371256988516215,41.80315482679713,,,1416
1764116160,1.31658,1.31734,1.31634,1.31734,51.09384016794612,42.73222925125453,,,1289
1764117060,1.31735,1.31739,1.31653,1.31666,45.70125073538019,43.139506995232175,,,2005
1764117960,1.31665,1.3172,1.31612,1.31718,50.043363665340934,43.62115496298474,,,1723
1764118860,1.31713,1.31719,1.31654,1.3168,47.08046390884971,43.98543482691805,,,2724
1764119760,1.31681,1.31755,1.31671,1.3175,52.642781457019915,44.83520492599542,,,2606
1764120660,1.31751,1.3188,1.31746,1.31821,57.51997012397228,46.00009894888507,,,3048
1764121560,1.3182,1.31834,1.31731,1.31792,55.027184155492535,46.98693683116902,,,2745
1764122460,1.31791,1.31932,1.31787,1.31926,63.00525459356817,48.4684951742183,,,2086
1764123360,1.31927,1.31939,1.31887,1.31938,63.627528695637025,50.02331167011842,,,2080
1764124260,1.31937,1.31937,1.31873,1.31894,59.664614778184166,51.072875367895286,,,2118
1764125160,1.31895,1.31919,1.31856,1.31877,58.157466469840934,52.059035455971745,,,1832
1764126060,1.31875,1.31935,1.31875,1.31908,60.13501959929054,53.59124509959969,,,1414
1764126960,1.31909,1.31938,1.31887,1.31928,61.40244658416778,54.96231728022901,,,1500
1764127860,1.31927,1.31961,1.31921,1.31959,63.34758440566556,56.317769238596824,,,1274
1764128760,1.31958,1.31974,1.31954,1.31969,63.97822040096825,57.23808211238412,,,760
1764129660,1.3197,1.31974,1.31913,1.31915,58.15891813587414,58.127915498133696,,,1068
1764130560,1.31916,1.3193,1.31885,1.3189,55.63587533667032,58.52738061751437,,,884
1764131460,1.31889,1.31921,1.31884,1.31909,57.15707319727422,59.2471384238304,,,876
1764132360,1.31908,1.31914,1.31874,1.31876,53.712211093549456,59.32352625501108,,,812
1764133260,1.31875,1.31908,1.31873,1.31887,54.69245868462333,59.12156115220044,,,938
1764134160,1.31886,1.31904,1.31882,1.31897,55.61273808747338,59.163386433056225,,,938
1764135060,1.31896,1.3191,1.31878,1.31886,54.30604160094634,58.542014076440374,,,1036
1764135960,1.31885,1.3192,1.31885,1.31897,55.43373583253559,57.95674315764741,,,1426
1764136860,1.31898,1.3193,1.31874,1.31918,57.585799685967515,57.808256365346224,,,1330
1764137760,1.31917,1.31981,1.31916,1.31966,62.091776765343155,58.08927852931067,,,1190
1764138660,1.31965,1.31976,1.31889,1.31889,52.463114841789256,57.541285332346284,,,1094
1764139560,1.31888,1.31942,1.31835,1.31922,55.63815586181661,57.129550280749775,,,1702
1764140460,1.31923,1.31945,1.31854,1.31873,50.26922699767644,56.195381894464845,,,2124
1764141360,1.31872,1.31883,1.31721,1.31734,38.824118165740316,54.39866030623427,,,1662
1764142260,1.31733,1.318,1.31724,1.31741,39.570285419768645,53.07090082651246,,,1902
1764143160,1.31742,1.31804,1.31654,1.31797,45.31656084490737,52.333806934243675,,,2436
1764144060,1.31798,1.31824,1.31715,1.31822,47.7072022564943,51.6588161527594,,,1864
1764144960,1.31823,1.31877,1.318,1.31831,48.578744570982025,51.29213997257601,,,2030
1764145860,1.31832,1.31873,1.31788,1.31839,49.386253340621835,50.91312530514733,,,1792
1764146760,1.3184,1.31842,1.31681,1.31733,40.34557457047576,49.82261362536178,,,2754
1764147660,1.31732,1.31811,1.31711,1.31791,46.15396135524923,49.24032217924056,,,2068
1764148560,1.3179,1.3179,1.31706,1.3171,40.25856674980278,48.15638153047393,,,1822
1764149460,1.31711,1.318,1.31703,1.3177,45.783029610694044,47.313326525097246,,,1956
1764150360,1.31771,1.31773,1.31687,1.31753,44.526661486955184,46.058675433783826,,,1898
1764151260,1.31752,1.31771,1.31669,1.31729,42.74334710412042,45.36440630966462,,,1442
1764152160,1.31728,1.31737,1.31657,1.31671,38.70859697765635,44.15515210365317,,,1411
1764153060,1.3167,1.31693,1.31576,1.3166,37.97642753522043,43.27709499919204,,,1673
1764153960,1.31658,1.31683,1.31603,1.31606,34.52409782569924,42.9699506891891,,,1574
1764154860,1.31607,1.31616,1.31538,1.31543,30.985083639810995,42.3567219906207,,,1270
1764155760,1.31544,1.31553,1.31515,1.31532,30.39913703897726,41.29119171876855,,,1270
1764156660,1.31533,1.32015,1.31508,1.31902,58.69417919431823,42.07597578575597,,,2790
1764157560,1.31901,1.31977,1.31583,1.31652,45.29522005194016,41.84143832011012,,,4430
1764158460,1.31654,1.31724,1.31244,1.31389,35.98775851803464,40.8844029756396,,,4824
1764159360,1.3139,1.31586,1.31327,1.31514,42.07960993308166,41.00826264439716,,,3214
1764160260,1.31512,1.31685,1.31405,1.31681,49.05514800606326,41.21549026231246,,,2802
1764161160,1.31686,1.31893,1.31648,1.31833,54.43410354564136,42.22802860487235,,,2840
1764162060,1.31837,1.31982,1.31768,1.31977,58.865194691293205,43.162468967772284,,,2593
1764162960,1.31976,1.32248,1.31961,1.32153,63.53293260619011,44.520059762003356,,,3183
1764163860,1.32154,1.32182,1.31911,1.31998,57.35976467108033,45.56408958821477,,,4592
1764164760,1.31997,1.32009,1.31829,1.31892,53.52923297567396,46.622706445216025,,,3912
1764165660,1.31893,1.31966,1.31849,1.31954,55.40512218526746,47.867613205933665,,,2708
1764166560,1.3195,1.32028,1.31886,1.31929,54.450649700695706,49.29093833986199,,,2297
1764167460,1.31928,1.32006,1.31885,1.31988,56.3613032886666,51.10352545763739,,,2618
1764168360,1.31989,1.32077,1.31953,1.31998,56.69288585145998,52.98165037281473,,,2820
1764169260,1.31997,1.32216,1.31997,1.32204,62.93997278796103,53.28492134378921,,,3020
1764170160,1.32203,1.32352,1.32076,1.32176,61.638468395348845,54.45229622546126,,,3376
1764171060,1.32177,1.32198,1.32056,1.32147,60.24885955623828,56.18523201390438,,,2488
1764171960,1.32146,1.32291,1.32141,1.32284,64.33902770003574,57.77519042582967,,,3048
1764172860,1.32285,1.3238,1.32238,1.32292,64.56829269593467,58.88327218939191,,,2054
1764173760,1.32296,1.32345,1.32276,1.32324,65.5231036861343,59.675343627998544,,,2100
1764174660,1.32325,1.3234,1.32258,1.32319,65.22732992765168,60.12978185916701,,,1660
1764175560,1.3232,1.32322,1.32194,1.32259,61.632010795169876,59.994001729808424,,,1804
1764176460,1.32258,1.32302,1.32229,1.32235,60.202565568296585,60.19705893675244,,,1940
1764177360,1.32236,1.32271,1.32194,1.32229,59.828973689684645,60.64704041632463,,,1692
1764178260,1.32231,1.32272,1.32196,1.32259,61.12787280831046,61.05580831797056,,,1255
1764179160,1.3226,1.32283,1.32216,1.32262,61.26276159073157,61.5423877386874,,,1517
1764180060,1.32263,1.32331,1.32256,1.32292,62.65822102091253,61.992167576704965,,,1617
1764180960,1.32291,1.32334,1.32259,1.32281,61.779424097687865,62.35549173714981,,,1182
1764181860,1.32279,1.32288,1.32239,1.32278,61.52597995427862,62.25449224902964,,,1131
1764182760,1.32277,1.32345,1.3225,1.3233,64.26267975557643,62.44193591761738,,,1205
1764183660,1.32331,1.32352,1.323,1.32331,64.31524801726383,62.73239223626206,,,1228
1764184560,1.3233,1.32356,1.32314,1.32339,64.76181827344575,62.7625915629342,,,730
1764185460,1.3234,1.32376,1.32328,1.32369,66.45703233263123,62.89750153698395,,,816
1764186360,1.3237,1.32371,1.32318,1.3235,64.34574229010691,62.813404294410574,,,1002
1764187260,1.32351,1.3239,1.32345,1.32389,66.68532410827657,62.917546735883775,,,782
1764188160,1.32394,1.32419,1.32379,1.32379,65.49852171641145,63.19372608740103,,,914
1764189060,1.3238,1.324,1.3237,1.3238,65.5645209601164,63.57672290110245,,,686
1764189960,1.32379,1.32381,1.32348,1.32366,63.72656753756423,63.85512246166527,,,1004
1764190860,1.32367,1.32378,1.32355,1.32359,62.77894730310255,63.97305635415042,,,564
1764191760,1.3236,1.32387,1.32345,1.32386,64.94427278566761,64.23602143950299,,,617
1764192660,1.32385,1.32429,1.32371,1.32382,64.34703948384337,64.35665132971235,,,766
1764193560,1.32381,1.32438,1.32378,1.32428,67.99238724492022,64.80043441165752,,,840
1764194460,1.32304,1.32392,1.32304,1.32389,62.18696041088971,64.84764730141545,,,41
1764195360,1.32383,1.32395,1.32349,1.32358,57.951321036128675,64.39683596431203,,,105
1764196260,1.32359,1.32393,1.32355,1.32363,58.44297225392891,63.977387695502394,,,113
1764197160,1.32362,1.32407,1.32351,1.32407,62.588477775813914,63.82214908852869,,,280
1764198060,1.32407,1.32438,1.32363,1.32415,63.305214029784764,63.597019209753945,,,566
1764198960,1.32416,1.32438,1.32406,1.32437,65.27540600972779,63.663423761155435,,,1080
1764199860,1.32438,1.32482,1.32419,1.3247,68.04677778727509,63.760670452512464,,,890
1764200760,1.32468,1.32468,1.32446,1.32451,64.83819764162905,63.71350444717087,,,354
1764201660,1.3245,1.32482,1.32437,1.32448,64.3224700376413,63.62478652413693,,,961
1764202560,1.32449,1.32482,1.32436,1.32481,67.39470835333117,63.88679658240601,,,793
1764203460,1.3248,1.32489,1.32459,1.32472,65.73224589894545,64.09774648210906,,,1195
1764204360,1.32473,1.32505,1.32472,1.32494,67.82179561282047,64.3032838269057,,,1310
1764205260,1.32495,1.3255,1.32488,1.32519,70.05626806010513,64.71108586806724,,,1392
1764206160,1.3252,1.32565,1.32488,1.32562,73.46884523221105,65.10226143858802,,,1562
1764207060,1.32561,1.32571,1.32516,1.32539,68.94289147174916,65.58482794293512,,,1742
1764207960,1.32538,1.32608,1.32538,1.32583,72.44061833186244,66.61977774977323,,,1656
1764208860,1.32582,1.3263,1.32559,1.32567,69.38066151035926,67.40104126808968,,,1460
1764209760,1.32566,1.32612,1.32557,1.32558,67.6496268447057,67.76255191586768,,,1488
1764210660,1.32557,1.32598,1.32555,1.3259,70.47068983000041,68.27437161588308,,,1280
1764211560,1.32591,1.32591,1.32491,1.3251,57.07152679984367,67.6883802437485,,,1866
1764212460,1.32512,1.32531,1.32498,1.32506,56.49313844731644,66.86312029089432,,,1512
1764213360,1.32507,1.3251,1.32482,1.32491,54.271920427325696,66.10838620415835,,,1206
1764214260,1.32492,1.32555,1.3249,1.32537,59.52735174009934,65.76587775433393,,,1072
1764215160,1.3254,1.32577,1.32527,1.32556,61.49575668426621,65.34452406368642,,,942
1764216060,1.32559,1.3258,1.32543,1.32572,63.12230747315537,65.1580998904157,,,1042
1764216960,1.32574,1.3266,1.32567,1.32649,69.74596371217768,65.29554046894125,,,1050
1764217860,1.3265,1.32685,1.3256,1.32566,57.71283631102962,64.41386677257871,,,1132
1764218760,1.32567,1.32599,1.3256,1.32583,59.26309088650245,63.399170033599525,,,1018
1764219660,1.32582,1.3262,1.32577,1.32589,59.822925552284005,62.74774389649487,,,1252
1764220560,1.32588,1.32661,1.32588,1.32638,64.15530169327096,62.1559355651669,,,1306
1764221460,1.32635,1.32685,1.32603,1.32623,61.952935179753666,61.62538368440936,,,1316
1764222360,1.32624,1.32653,1.32585,1.32607,59.60256951881681,61.0505938754173,,,1820
1764223260,1.32606,1.32643,1.32596,1.32621,60.996899032212106,60.37389453271813,,,1260
1764224160,1.32622,1.32623,1.32515,1.32526,48.710728126833665,59.77669462750314,,,1746
1764225060,1.32525,1.32565,1.32459,1.32466,42.841442923068,58.801573518628246,,,1710
1764225960,1.32465,1.32479,1.32392,1.32416,38.66087131239607,57.68649858184756,,,1463
1764226860,1.32417,1.32452,1.32406,1.32417,38.78952197505722,56.2052250272017,,,1623
1764227760,1.32415,1.32424,1.32377,1.32389,36.48225018129147,54.418545991274925,,,1152
1764228660,1.32388,1.3239,1.32308,1.32319,31.4463284907378,52.155976063959386,,,1090
1764229560,1.32318,1.324,1.32296,1.3236,36.9371979014998,49.8124927917681,,,1486
1764230460,1.32361,1.3242,1.32257,1.32285,31.903263049888608,47.96895184454375,,,1760
1764231360,1.32286,1.32286,1.32213,1.32261,30.472126514733418,45.91245438941739,,,1722
1764232260,1.32262,1.3229,1.32183,1.32193,26.80337869224593,43.5539153279861,,,1654
1764233160,1.32194,1.32251,1.32183,1.32233,31.990433830495462,41.25642476635928,,,1408
1764234060,1.3223,1.32235,1.32102,1.32113,26.03075861392513,38.690555011657246,,,1822
1764234960,1.32114,1.3214,1.32102,1.32127,27.72251174069993,36.413408027506044,,,1624
1764235860,1.32126,1.32178,1.32107,1.32154,31.000102169149045,34.2707796801444,,,1468
1764236760,1.32155,1.32162,1.32121,1.32126,29.50580147757519,32.89899920519736,,,1430
1764237660,1.32125,1.32189,1.32123,1.32181,36.02881950630821,32.41238324685738,,,1138
1764238560,1.3218,1.32222,1.3217,1.32195,37.611345494702505,32.33741711702213,,,1202
1764239460,1.32196,1.32272,1.3219,1.32245,43.0316852539979,32.6404287798036,,,1232
1764240360,1.32246,1.32275,1.32207,1.32251,43.664200908674644,33.15342526033097,,,1568
1764241260,1.3225,1.32284,1.32219,1.32227,41.67115142344623,33.88376975552443,,,1276
1764242160,1.32228,1.32272,1.32206,1.32259,45.2589581831868,34.47818120421636,,,1420
1764243060,1.3226,1.32282,1.32255,1.32281,47.64333558205062,35.602472099370786,,,1174
1764243960,1.3228,1.3232,1.3227,1.32282,47.7547319170587,36.836943913822594,,,1417
1764244860,1.32283,1.32312,1.32256,1.32306,50.47801567369756,38.52798941249771,,,1103
1764245760,1.32305,1.32337,1.32286,1.32316,51.60983340298052,39.92937509624664,,,914
1764246660,1.32315,1.32338,1.32313,1.32329,53.11015810019419,41.86361791669442,,,912
1764247560,1.32328,1.32356,1.32311,1.32348,55.291928330082335,43.83286195879317,,,1321
1764248460,1.32347,1.32381,1.32329,1.32361,56.77393573180188,45.67385007041123,,,1063
1764249360,1.3236,1.32465,1.32343,1.32461,66.08665301339543,48.28676803725553,,,1354
1764250260,1.3246,1.32491,1.32397,1.32412,59.340409321803214,49.95188159550518,,,1615
1764251160,1.32411,1.32481,1.32393,1.32414,59.522038450720345,51.516931092363585,,,1507
1764252060,1.32413,1.32454,1.32388,1.32389,56.145790049422416,52.453652863465344,,,1452
1764252960,1.32388,1.3239,1.32335,1.32343,50.472747414436995,52.93997761387694,,,996
1764253860,1.3234,1.32356,1.32291,1.32335,49.535334804069684,53.50170499820719,,,1059
1764254760,1.32337,1.32371,1.32331,1.32341,50.28116630971536,53.86043415010209,,,1229
1764255660,1.3234,1.32388,1.32328,1.32379,54.83400192544649,54.37405317463036,,,1146
1764256560,1.3238,1.32462,1.32365,1.32449,61.777512641508345,55.37568036923391,,,1035
1764257460,1.32448,1.32473,1.32412,1.32443,60.91310984232495,56.12104423842158,,,1102
1764258360,1.32445,1.32523,1.32434,1.32506,66.25260273433213,57.16695633351812,,,1238
1764259260,1.32505,1.32551,1.32471,1.32549,69.33200785238937,58.325659887246346,,,1264
1764260160,1.32548,1.32548,1.32498,1.32506,63.128508316714814,58.88541560057724,,,855
1764261060,1.32504,1.32515,1.32412,1.32412,52.14461046431989,58.55474951004282,,,564
1764261960,1.32413,1.3245,1.32399,1.32449,55.43172852620019,57.79368347524315,,,515
1764262860,1.32448,1.3248,1.32376,1.32389,49.49459969582017,57.0904113591015,,,556
1764263760,1.3239,1.32391,1.32333,1.3238,48.65281320657932,56.31403812737715,,,678
1764264660,1.32379,1.32396,1.32307,1.32309,42.5103898606821,55.34008097103856,,,700
1764265560,1.3231,1.32388,1.32306,1.32385,49.814245385804945,55.29304511185055,,,536
1764266460,1.32386,1.32386,1.32337,1.32338,45.92817264278817,55.03539067175901,,,450
1764267360,1.32339,1.3237,1.32338,1.32366,48.50546320146865,54.90855473545567,,,359
1764268260,1.32366,1.32382,1.32363,1.32369,48.78711948636906,54.476634561235855,,,265
1764269160,1.3237,1.32371,1.32341,1.3235,47.03253724938981,53.42342203322739,,,333
1764270060,1.32349,1.3237,1.32348,1.32367,48.806574542505615,52.55866951181172,,,354
1764270960,1.32366,1.32382,1.32359,1.32381,50.28336573283768,51.41800972599069,,,483
1764271860,1.32382,1.32382,1.32359,1.32375,49.62268287022026,50.0102007986929,,,274
1764272760,1.32377,1.32384,1.32365,1.32373,49.389729617163866,49.02885946301068,,,393
1764273660,1.32372,1.3238,1.32362,1.32364,48.29109621270968,48.75360844503852,,,425
1764274560,1.32363,1.32372,1.32361,1.32364,48.29109621270968,48.24356327978921,,,554
1764275460,1.32365,1.32383,1.32364,1.32376,50.01059633296104,48.28042018244212,,,1363
1764276360,1.32377,1.32388,1.32362,1.32387,51.59944786823176,48.49089408684587,,,268
1764277260,1.32378,1.32381,1.32367,1.32379,50.34615193835579,49.05059137810827,,,293
1764278160,1.3238,1.32404,1.32379,1.32402,53.81906438331374,49.33664987793033,,,252
1764279060,1.32403,1.32404,1.32386,1.32392,52.11243530953968,49.778382925555434,,,185
1764279960,1.32392,1.32392,1.32379,1.32389,51.58396131086198,49.99827564765496,,,274
1764280860,1.32371,1.32372,1.32314,1.32315,40.63689158608376,49.41611651192029,,,68
1764281760,1.32315,1.32352,1.32298,1.32338,44.574001332144014,49.24050680354559,,,437
1764282660,1.32339,1.32353,1.3231,1.32337,44.43600968862071,48.928323599696675,,,206
1764283560,1.32337,1.3235,1.32291,1.32305,40.152333652602664,48.204678451108464,,,772
1764284460,1.32303,1.32412,1.32293,1.32401,54.36524949661414,48.5434332101366,,,537
1764285360,1.32402,1.32411,1.32398,1.32406,54.96513488661937,48.941676443669124,,,413
1764286260,1.32405,1.3241,1.3239,1.32408,55.21871420981595,49.43650630060529,,,388
1764287160,1.32409,1.32431,1.32402,1.32431,58.137942541331746,50.13985246693544,,,415
1764288060,1.32437,1.32447,1.32395,1.32441,59.3778555032617,50.8089424076712,,,1185
1764288960,1.32442,1.32443,1.32396,1.32398,52.215973682443206,50.852979965829164,,,2431
1764289860,1.32399,1.32428,1.32372,1.32378,49.24104779433175,50.77404395554173,,,1918
1764290760,1.32377,1.32391,1.32329,1.32391,51.18775050072604,50.58609296392832,,,2059
1764291660,1.32394,1.32427,1.32365,1.32368,47.70202662145916,50.27106377192256,,,1892
1764292560,1.32369,1.32391,1.32343,1.32352,45.38659799617581,49.8283949637307,,,1088
1764293460,1.32353,1.32353,1.32297,1.32332,42.60286203536702,49.968821424393795,,,1691
1764294360,1.32333,1.32353,1.3229,1.32352,46.159150612966116,50.08204637302394,,,1388
1764295260,1.32353,1.32369,1.32331,1.32333,43.40758025048969,50.00858712744315,,,1946
1764296160,1.32332,1.32368,1.32305,1.32361,48.29875242803192,50.59047418283096,,,3030
1764297060,1.32362,1.32385,1.3231,1.32327,43.394275475191904,49.806833181300796,,,4174
1764297960,1.32326,1.32388,1.3229,1.32354,47.9172124480105,49.30341014997158,,,3028
1764298860,1.32352,1.32408,1.32325,1.32354,47.91721244801051,48.78187430984263,,,3438
1764299760,1.32353,1.32433,1.32342,1.32416,57.0555035625772,48.70455723993159,,,2360
1764300660,1.32415,1.32446,1.3238,1.32394,53.47041415101668,48.28259714334266,,,1721
1764301560,1.32397,1.32441,1.32352,1.32377,50.81341302151439,48.182414238990596,,,2695
1764302460,1.32377,1.32438,1.32361,1.32423,57.03481760212685,48.73911208240453,,,2111
1764303360,1.32424,1.32427,1.32337,1.3238,50.59274905100895,48.69661197885331,,,2990
1764304260,1.32379,1.32399,1.32358,1.32382,50.870702496941924,48.92294596995922,,,1293
1764305160,1.32383,1.3241,1.32354,1.32402,53.67717683594732,49.51513017280005,,,3609
1764306060,1.324,1.32409,1.32346,1.3235,46.27550656505622,49.77746192492071,,,1753
1764306960,1.32348,1.32378,1.32323,1.32345,45.624050322576046,49.739240475607126,,,1282
1764307860,1.32342,1.32358,1.32275,1.32314,41.70402878626357,49.6175582281624,,,2094
1764308760,1.32313,1.32351,1.32297,1.32329,44.202220592574136,49.32494881134399,,,2507
1764309660,1.32331,1.32336,1.3228,1.32301,40.69636284775402,49.13224076652699,,,2291
1764310560,1.323,1.32308,1.32254,1.32288,39.14402692308845,48.50558465760399,,,3007
1764311460,1.32287,1.32288,1.32217,1.32226,32.731501990364166,47.42089105348639,,,2308
1764312360,1.32227,1.32236,1.32154,1.32164,27.822968939949774,45.33285286615586,,,4015
1764313260,1.32163,1.32186,1.32155,1.32178,30.362480010925452,43.68228614186363,,,4364
1764314160,1.32176,1.32194,1.3216,1.32172,29.87730281122687,42.186849698271665,,,4487
1764315060,1.32171,1.322,1.3215,1.32157,28.644947709063032,40.159001848767105,,,4109
1764315960,1.32158,1.32165,1.32106,1.32112,25.27658524467587,38.350704434029026,,,3830
1764316860,1.32111,1.32142,1.32077,1.32096,24.1875190871404,36.44476276190035,,,4515
1764317760,1.32096,1.32105,1.32061,1.32062,22.016663275949412,34.18329750761479,,,3141
1764318660,1.32063,1.32131,1.32061,1.32084,26.60678311369263,32.77838868966025,,,3055
1764319560,1.32085,1.32098,1.32017,1.32019,22.409813605974676,31.12022892418872,,,3495
1764320460,1.32018,1.32168,1.32012,1.32168,44.15580005235765,31.29535544319544,,,5381
1764321360,1.32167,1.3218,1.32103,1.32119,40.16872125070773,31.007248347347836,,,4589
1764322260,1.32122,1.32278,1.32084,1.32228,50.809298287656986,31.729600878769478,,,4593
1764323160,1.32229,1.32232,1.32042,1.3206,39.229167705745546,31.735682363244987,,,5069
1764324060,1.32058,1.3211,1.32036,1.32105,42.97803732551084,32.46757774432689,,,5194
1764324960,1.32106,1.32144,1.32065,1.3211,43.395863359724636,33.579927345739385,,,5334
1764325860,1.32111,1.32134,1.32056,1.3207,40.81900571305093,34.32682203874835,,,4872
1764326760,1.32071,1.32115,1.32038,1.32071,40.91346731186051,35.11511950307932,,,4486
1764327660,1.32071,1.32111,1.32039,1.32051,39.553669027812305,35.894313882989984,,,4744
1764328560,1.32053,1.32117,1.32039,1.3206,40.51182464026002,36.98254526838885,,,5327
1764329460,1.32062,1.32101,1.32041,1.32049,39.68385424597842,38.089426351163,,,5626
1764330360,1.3205,1.32128,1.32013,1.32017,37.29584795740311,39.180796685552544,,,5047
1764331260,1.3202,1.32098,1.32012,1.32092,45.5639229789251,40.53487810449773,,,4706
1764332160,1.32091,1.32151,1.32072,1.32136,49.750116178640454,42.48775685968813,,,3969
1764333060,1.32135,1.32146,1.32108,1.32134,49.563539754184134,42.87402398124717,,,3696
1764333960,1.32136,1.32209,1.32129,1.32153,51.42718906259914,43.67820025352513,,,3841
1764334860,1.32153,1.32182,1.32115,1.32142,50.269093455498016,43.639614194085205,,,4736
1764335760,1.32141,1.32185,1.32136,1.32145,50.595853002553035,44.451520286714306,,,5097
1764336660,1.32142,1.32228,1.3214,1.32222,58.18936711832027,45.53804384334355,,,5200
1764337560,1.32223,1.32283,1.32201,1.32275,62.46575342161837,46.900178847764536,,,3955
1764338460,1.32276,1.32299,1.32259,1.32273,62.20718852033378,48.42790619114187,,,2044
1764339360,1.32275,1.32277,1.32162,1.32189,52.39717824540035,49.248171257823294,,,2230
1764340260,1.3219,1.3227,1.32172,1.32245,57.238613129032906,50.511381550767624,,,2747
1764341160,1.32235,1.3231,1.32204,1.32291,60.76827639192601,51.95827096160091,,,2659
1764342060,1.32291,1.32293,1.32185,1.32215,52.98636840612849,52.90845054446878,,,2923
1764342960,1.32216,1.32238,1.32117,1.32117,44.98641081610574,53.457776462947535,,,3313
1764343860,1.32118,1.32251,1.32065,1.32227,53.477077817398275,54.02300180855276,,,3771
1764344760,1.32237,1.32546,1.32221,1.32473,66.08388335872738,55.189699464273254,,,3930
1764345660,1.32474,1.32519,1.32438,1.32461,65.15635821207648,56.30347221126557,,,3232
1764346560,1.32462,1.32495,1.32348,1.32363,57.99713078733194,56.7727537630322,,,2289
1764347460,1.32364,1.3246,1.32362,1.32441,61.61249802860932,57.582996946825865,,,1642
1764348360,1.3244,1.3244,1.32354,1.32361,56.26341187342486,57.98782258045957,,,1328
1764349260,1.32363,1.32377,1.32313,1.32341,54.97834094772202,57.758463568273974,,,1347
1764350160,1.32342,1.32352,1.32272,1.3229,51.73346945552382,56.99187185641008,,,1575
1764351060,1.32291,1.32378,1.32289,1.32344,54.776972707187035,56.46114215547103,,,1420
1764351960,1.32343,1.32402,1.32332,1.32348,55.0033115833562,56.64729453675359,,,1738
1764352860,1.32346,1.32359,1.3232,1.32334,53.9848971862199,56.414886255124095,,,1623
1764353760,1.32333,1.32381,1.3233,1.32371,56.28841018061244,56.09489581145884,,,856
1764354660,1.3237,1.32375,1.32303,1.32325,52.7527069093945,56.07820570454927,,,967
1764355560,1.32324,1.3238,1.32322,1.32379,56.228610874071094,56.88121999440394,,,1113
1764356460,1.3238,1.32414,1.32373,1.32394,57.17117133256613,57.14508381691593,,,1091
1764357360,1.32393,1.32421,1.32388,1.32414,58.455728552064016,56.600215616439975,,,915
1764358260,1.32415,1.32422,1.32391,1.32417,58.65603977110939,56.1359071563709,,,1025
1764359160,1.32418,1.32465,1.32418,1.3246,61.51996373610191,56.38753808128304,,,1954
1764360060,1.32461,1.32468,1.32434,1.32451,60.574171746992825,56.31337191831044,,,881
1764360960,1.3245,1.32457,1.32435,1.32451,60.574171746992825,56.62128333785101,,,596
1764361860,1.3245,1.3246,1.32436,1.32446,59.98003943932034,56.978547515822314,,,738
1764362760,1.32447,1.32451,1.32419,1.32439,59.10598226346332,57.505155573532285,,,612
1764363660,1.32437,1.32441,1.32388,1.32398,54.13039033593227,57.458971118442655,,,2507
1764364560,1.324,1.32456,1.32394,1.32397,54.01096510776322,57.38808922732887,,,1241
1764365460,1.32398,1.32406,1.32377,1.32383,52.27220967822801,57.26575440532945,,,546
1764366360,1.32383,1.32384,1.32351,1.32364,49.92328048497441,56.81110228421245,,,583
1764540060,1.32244,1.32253,1.32161,1.32188,34.470898875180254,55.50525885319714,,,1184
1764540960,1.32242,1.32317,1.32164,1.32278,44.01393895632543,54.632782287643884,,,896
1764541860,1.32276,1.3229,1.32272,1.32282,44.40148020293889,53.72066149267051,,,255
1764542760,1.32281,1.32359,1.3228,1.32359,51.378666252184985,53.21515704267915,,,463
1764543660,1.32354,1.32485,1.32339,1.32466,59.06604856447176,53.244443385062176,,,736
1764544560,1.32464,1.32465,1.32356,1.32359,50.472185892154464,52.45531639620879,,,1404
1764545460,1.3236,1.32378,1.32345,1.32367,51.045684498023654,51.77471016413956,,,1099
1764546360,1.32365,1.32426,1.32328,1.32418,54.6507886558313,51.351611371913734,,,1182
1764547260,1.32418,1.32443,1.32389,1.3241,53.979269613611145,50.92298495579165,,,1753
1764548160,1.32409,1.32422,1.32369,1.32415,54.35675755957473,50.583754619799606,,,1691
1764549060,1.32418,1.32429,1.32381,1.32409,53.786606864338395,50.5591986575429,,,1699
1764549960,1.32408,1.32414,1.32331,1.32339,47.52367603455872,50.095820866599716,,,1959
1764550860,1.32338,1.32459,1.3231,1.32427,54.66965605180362,50.26706703614084,,,3199
1764551760,1.32429,1.32469,1.32415,1.32436,55.33948914488803,50.65393908327752,,,2130
1764552660,1.32435,1.32435,1.32352,1.32396,51.68407569988073,51.883451713613276,,,2183
1764553560,1.32397,1.32443,1.32366,1.32373,49.65312009106999,52.28625036609503,,,1738
1764554460,1.32371,1.32401,1.32301,1.32331,46.09132441443791,52.40695352405925,,,1687
1764555360,1.3233,1.3233,1.32259,1.32291,42.93264541828146,51.80366632163757,,,1576
1764556260,1.3229,1.3232,1.32286,1.32291,42.93264541828147,50.65128038262399,,,1537
1764557160,1.3229,1.32302,1.32247,1.32268,41.05633911195004,49.97871989832367,,,1490
1764558060,1.3227,1.32274,1.32221,1.32239,38.756409874812626,49.10091456809431,,,1390
1764558960,1.32238,1.32285,1.32236,1.32278,43.352282271422794,48.293878397779416,,,997
1764559860,1.32279,1.32284,1.32253,1.32282,43.817959388675064,47.5680705245697,,,982
1764560760,1.32283,1.32313,1.32272,1.32303,46.31320854138581,46.99353130898477,,,1264
1764561660,1.32302,1.32314,1.32279,1.32295,45.48443741831003,46.40051920569704,,,1031
1764562560,1.32296,1.32313,1.32264,1.3231,47.38560448065432,46.39065695184672,,,1093
1764563460,1.32309,1.32337,1.32282,1.32284,44.4894382976081,45.663498540832755,,,982
1764564360,1.32284,1.32302,1.32258,1.32258,41.7419581990357,44.69224633041473,,,1129
1764565260,1.32259,1.32315,1.32249,1.32306,48.11271664361984,44.43714925496753,,,1244
1764566160,1.32304,1.32307,1.32276,1.32304,47.877784337619026,44.310339558292455,,,1446
1764567060,1.32305,1.32307,1.32237,1.32251,42.02194007186943,44.01966924810899,,,1388
1764567960,1.32252,1.32292,1.32187,1.32219,38.92625422988303,43.733498448937674,,,1583
1764568860,1.3222,1.3222,1.3215,1.32201,37.26334028776887,43.32854808247249,,,1571
1764569760,1.32203,1.32223,1.32135,1.3214,32.23728129390918,42.698615381183856,,,1429
1764570660,1.32141,1.3218,1.32125,1.32127,31.2693103891461,42.16382256077911,,,1397
1764571560,1.32126,1.3222,1.32107,1.32201,41.953736800643995,42.06392645572348,,,1362
1764572460,1.322,1.32209,1.32131,1.32148,37.46194455757029,41.609925396358854,,,1503
1764573360,1.32149,1.32311,1.32147,1.32308,53.60950212315289,42.13108922362794,,,1679
1764574260,1.3231,1.32343,1.32233,1.32323,54.78811463155864,42.79563759600284,,,1826
1764575160,1.32325,1.32366,1.32137,1.32158,42.11336643679691,42.41904916429875,,,2617
1764576060,1.32159,1.3228,1.32124,1.32249,49.106296306201195,42.7488247363411,,,2798
1764576960,1.32248,1.32295,1.32143,1.32154,43.234413877354704,42.85542871336389,,,2478
1764577860,1.32153,1.3216,1.32056,1.32131,41.92726335235598,42.41361062113076,,,2567
1764578760,1.32129,1.32211,1.3209,1.32153,43.68125892329438,42.113858805821856,,,2550
1764579660,1.32156,1.32255,1.32121,1.32244,50.3599560927302,42.70943137874048,,,2619
1764580560,1.32245,1.32276,1.32177,1.32272,52.236822440714604,43.660186250942736,,,1817
1764581460,1.32273,1.32315,1.3224,1.32309,54.67554372970254,44.90391506822372,,,2085
1764582360,1.3231,1.32354,1.32278,1.3231,54.74280105440451,46.511452193973376,,,2078
1764583260,1.32308,1.32332,1.32264,1.3228,52.2384059858124,48.0092447365924,,,2073
1764584160,1.32279,1.32303,1.32224,1.32302,53.90383723194495,48.86282333882819,,,1811
1764585060,1.32303,1.32311,1.32187,1.322,45.910594732794976,49.466298351344236,,,1882
1764585960,1.322,1.32302,1.32178,1.32261,50.62596968821187,49.25318889170559,,,2039
1764586860,1.32262,1.3229,1.32206,1.32231,48.39162419524907,48.79629671768348,,,1688
1764587760,1.32232,1.32334,1.32231,1.32334,55.631804656502204,49.76189944766243,,,1767
1764588660,1.32333,1.32366,1.32328,1.32342,56.14640707893066,50.264764502857396,,,1619
1764589560,1.32338,1.32382,1.32296,1.32382,58.72421241551098,51.37117868415426,,,2027
1764590460,1.32381,1.32431,1.32349,1.3242,61.06566815310366,52.73820759849338,,,1878
1764591360,1.32426,1.32502,1.32426,1.32447,62.68536820118193,54.09564397548536,,,2103
1764592260,1.32451,1.32553,1.32448,1.32548,68.04128129132415,55.35859577538492,,,2112
1764593160,1.3255,1.32699,1.32548,1.32681,73.44627056973067,56.87355635602893,,,2497
1764594060,1.32682,1.32753,1.3264,1.32641,69.63203427478844,57.94187710924935,,,2751
1764594960,1.32641,1.32666,1.32599,1.32624,68.01537478788603,58.889918090212305,,,2256
1764595860,1.32623,1.3273,1.32593,1.32707,71.49508499274744,60.265395162136244,,,2536
1764596760,1.32706,1.32742,1.32629,1.32647,65.9125937068933,61.123163481775414,,,2425
1764597660,1.32648,1.32648,1.32488,1.32566,59.193032576762846,62.071909042058834,,,2628
1764598560,1.32557,1.32586,1.32523,1.32539,57.10327015237965,62.53457336092796,,,2342
1764599460,1.3254,1.32567,1.32438,1.32498,53.98642198621809,62.9342017745686,,,3211
1764600360,1.32488,1.32572,1.32454,1.32555,57.46259468581783,63.064972490948286,,,3163
1764601260,1.32554,1.32596,1.32474,1.32487,52.3787827005862,62.79585646392369,,,3284
1764602160,1.32486,1.3254,1.32431,1.32438,49.01371562309711,62.10224955017984,,,2623
1764603060,1.32437,1.32472,1.32302,1.32393,46.08549561320402,61.03223722590129,,,3072
1764603960,1.32392,1.32542,1.32379,1.32518,54.26004773052554,60.43042862085441,,,2994
1764604860,1.32517,1.32525,1.32357,1.32369,45.419798796346385,58.81460844264171,,,2617
1764605760,1.32371,1.32375,1.32226,1.32263,40.379569567621104,56.45270122820532,,,2387
1764606660,1.32262,1.3234,1.32259,1.32335,44.85583624612761,54.682972797586686,,,2039
1764607560,1.32334,1.32334,1.32256,1.323,43.15947918200592,52.907551682880964,,,1972
1764608460,1.32301,1.32322,1.32233,1.32237,40.21161785800828,50.67301831611388,,,1574
1764609360,1.32238,1.32286,1.32216,1.32269,42.36495295095605,48.99104397640408,,,1444
1764610260,1.32271,1.32317,1.32268,1.3229,43.79555704681502,47.89122429569352,,,1303
1764611160,1.32289,1.32293,1.32217,1.32236,40.97878902976607,46.73947564407826,,,1555
1764612060,1.32238,1.32279,1.32226,1.32231,40.717654258136854,45.7917065206439,,,1241
1764612960,1.3223,1.32233,1.32128,1.32147,36.50851132432369,44.29498628053717,,,1390
1764613860,1.32148,1.32172,1.32128,1.32163,37.82688621143977,43.255565102740995,,,932
1764614760,1.32164,1.32183,1.3214,1.3214,36.64880358851059,42.37235710027053,,,1202
1764615660,1.32138,1.32142,1.32097,1.32108,35.01486963910854,41.58159810212086,,,1140
1764616560,1.32107,1.32131,1.32084,1.32104,34.80597696007402,40.192021618517174,,,1179
1764617460,1.32103,1.32131,1.32097,1.32117,36.13941139844598,39.52913680438143,,,1194
1764618360,1.32118,1.32146,1.32094,1.32139,38.43432603459987,39.39019083773705,,,1121
1764619260,1.3214,1.32147,1.3211,1.32113,36.753333796715225,38.81144066277903,,,901
1764620160,1.32114,1.32131,1.32097,1.32098,35.78103024172398,38.28440859561603,,,785
1764621060,1.32097,1.32132,1.32094,1.32118,38.131205285327184,38.13580769756738,,,703
1764621960,1.32116,1.32139,1.32113,1.32131,39.67653513934019,37.94377785388053,,,815
1764622860,1.32131,1.32147,1.32107,1.32119,38.71524577565697,37.580898477369246,,,513
1764623760,1.32118,1.32142,1.32101,1.32138,41.1466040731564,37.592885266182826,,,369
1764624660,1.32139,1.3214,1.32123,1.32128,40.24169720183459,37.55888833358981,,,501
1764625560,1.32128,1.32139,1.32101,1.3212,39.493408520189384,37.77209527615164,,,965
1764626460,1.32137,1.32151,1.32112,1.32113,38.81331850321579,37.84255472556422,,,24
1764627360,1.32113,1.32122,1.32098,1.32101,37.61740837614444,37.91174078182378,,,49
1764628260,1.32101,1.32115,1.32101,1.32107,38.635506435278096,38.17035769583589,,,175
1764629160,1.32106,1.32112,1.32078,1.32098,37.6431045675936,38.373009667801576,,,412
1764630060,1.32123,1.32125,1.32103,1.32125,42.42134925278787,38.821719514540284,,,269
1764630960,1.32124,1.32129,1.3211,1.3211,40.5617770220589,38.973680299358776,,,616
1764631860,1.32111,1.32119,1.32098,1.32101,39.44452477590063,39.16590822644345,,,262
1764632760,1.32102,1.32103,1.32088,1.32099,39.18621564579484,39.409135755305655,,,374
1764633660,1.321,1.3212,1.32097,1.321,39.399904085525726,39.49975709817698,,,493
1764634560,1.32099,1.32101,1.3207,1.32073,35.747543487334084,39.2191148373194,,,366
1764635460,1.32072,1.32082,1.32052,1.32072,35.61585651987927,38.99772989047813,,,680
1764636360,1.32071,1.32079,1.32053,1.3206,33.99737441778916,38.487070629380476,,,951
1764637260,1.32058,1.32078,1.32035,1.32038,31.19825794148811,37.841110682212864,,,1051
1764638160,1.32039,1.32078,1.3203,1.32077,40.543704315528146,37.916131810451354,,,1006
1764639060,1.32076,1.32132,1.32076,1.32129,50.247449511021756,38.732855453866065,,,989
1764639960,1.3213,1.32141,1.32109,1.32115,47.97713900877971,39.47283621334001,,,726
1764640860,1.32118,1.32122,1.32107,1.32121,49.03983719788517,40.21600269638338,,,565
1764641760,1.3212,1.32142,1.32118,1.32132,51.015446139562876,41.17116995152403,,,531
1764642660,1.32136,1.32161,1.32132,1.32151,54.310285318585755,42.0203796705096,,,517
1764643560,1.32148,1.32171,1.32148,1.3217,57.39636015014525,43.222849893944336,,,639
1764644460,1.32171,1.32172,1.32131,1.32149,53.12526275512414,44.20004546388888,,,674
1764645360,1.32147,1.32156,1.3213,1.3215,53.30346172859483,45.20842018408887,,,841
1764646260,1.32149,1.32166,1.32136,1.32149,53.08612553096162,46.18600743019143,,,768
1764647160,1.3215,1.32183,1.3215,1.32183,59.180241096644956,47.859771545142216,,,687
1764648060,1.32182,1.32218,1.32182,1.32199,61.7014970211617,49.723031580948096,,,552
1764648960,1.32198,1.32206,1.3218,1.32188,59.00326122870723,51.50916635315654,,,464
1764649860,1.32189,1.32198,1.32182,1.32182,57.52555446967471,53.38968753374129,,,421
1764650760,1.32181,1.32182,1.32157,1.32162,52.78042010585869,54.26373866162204,,,545
1764651660,1.32165,1.32173,1.32126,1.32127,45.67925733447623,53.937439220440226,,,517
1764652560,1.32128,1.32132,1.32117,1.32126,45.490936598662174,53.75985333400326,,,418
1764653460,1.32127,1.3216,1.3211,1.3216,52.640075137722555,54.017013186848786,,,499
1764654360,1.32161,1.32162,1.32138,1.32147,49.94290753761324,53.940403286709525,,,620
1764655260,1.32146,1.3216,1.32093,1.32093,40.63020836924488,52.96325493318518,,,581
1764656160,1.32093,1.32121,1.32079,1.32095,41.06850700099677,51.796979708246,,,1015
1764657060,1.32094,1.32117,1.32083,1.32087,39.80271608764031,50.845369231997154,,,966
1764657960,1.32086,1.32158,1.32083,1.32139,50.48548084001871,50.64408488281315,,,1048
1764658860,1.3214,1.32192,1.3214,1.32179,56.83167426126506,50.91162407783482,,,1256
1764659760,1.32177,1.32197,1.32118,1.32118,46.949241917089736,50.03798127929516,,,1222
1764660660,1.32117,1.32165,1.32089,1.32116,46.66273937868857,48.9637843048328,,,1440
1764661560,1.32117,1.32177,1.32107,1.32161,53.533530802436296,48.57308927438487,,,1719
1764662460,1.32162,1.32168,1.3208,1.32104,45.53252135280267,47.71644405175115,,,1962
1764663360,1.32105,1.3217,1.32098,1.32148,51.551979960789964,47.628698327103386,,,1984
1764664260,1.32149,1.322,1.32106,1.3215,51.81266438141223,48.06679883045596,,,1732
1764665160,1.32151,1.32171,1.32097,1.32138,50.07178744122852,48.39400246206784,,,1962
1764666060,1.32137,1.322,1.32116,1.32196,57.503905457550694,48.74141891348414,,,1806
1764666960,1.32197,1.32208,1.32108,1.32135,49.20759095024897,48.68889630010097,,,1890
1764667860,1.32138,1.32138,1.32019,1.32025,38.4380586198803,48.53231417514637,,,1627
1764668760,1.32022,1.32182,1.3201,1.32097,46.66603615595569,48.93213768621486,,,2231
1764669660,1.32096,1.32098,1.31895,1.31928,34.88145251504555,48.58061885960094,,,2458
1764670560,1.31939,1.31939,1.31808,1.31869,31.85686372577699,47.25000335144082,,,2663
1764671460,1.31868,1.31947,1.31862,1.31942,38.91458987005456,45.970211609211496,,,1490
1764672360,1.31941,1.31962,1.31879,1.31939,38.73702704361111,45.38362483253445,,,1830
1764673260,1.31932,1.31973,1.31918,1.31949,39.724317987865135,44.8880233046185,,,1733
1764674160,1.31948,1.32013,1.31933,1.31998,44.44847009672293,44.239090397067535,,,1669
1764675060,1.31999,1.32019,1.31946,1.31987,43.62192257015059,44.102619055449544,,,1560
1764675960,1.31988,1.32015,1.31956,1.31965,41.942053692133115,43.41619575054548,,,1427
1764676860,1.31966,1.32006,1.31951,1.3197,42.48416691851823,42.749874503195905,,,1351
1764677760,1.31969,1.32086,1.31949,1.32061,51.381952203412766,42.843457700494774,,,1519
1764678660,1.32061,1.32087,1.32017,1.32082,53.18194377456513,42.5347461517101,,,1349
1764679560,1.32081,1.321,1.32058,1.32069,51.90092125945523,42.727126888081976,,,1504
1764680460,1.3207,1.32089,1.32023,1.32069,51.90092125945523,43.6887599337659,,,1620
1764681360,1.32069,1.32082,1.31982,1.31988,44.206292330032596,43.51306394619996,,,1600
1764682260,1.31989,1.32036,1.31988,1.32016,47.12455478163441,44.387571250956306,,,1373
1764683160,1.32018,1.32082,1.31977,1.32068,52.131981168003364,45.83579392540105,,,1723
1764684060,1.32068,1.32112,1.32027,1.32075,52.780262453926696,46.82619910996334,,,2009
1764684960,1.32073,1.32133,1.32053,1.32099,55.02904778743984,47.98991487737968,,,1966
1764685860,1.32098,1.32104,1.31996,1.31998,45.26034110780038,48.38534510023219,,,2230
1764686760,1.31999,1.32121,1.31999,1.32109,54.76444695168121,49.12220058987207,,,2452
1764687660,1.32108,1.32123,1.31989,1.32026,48.04685065865533,49.43826688190812,,,2580
1764688560,1.32025,1.32034,1.31853,1.31961,43.542346695324134,49.55257352499319,,,2585
1764689460,1.3196,1.32128,1.3196,1.32106,53.920676559463914,50.36946707077503,,,2644
1764690360,1.32107,1.32134,1.31978,1.32038,49.34000232351597,50.22361350792526,,,3262
1764691260,1.32039,1.3204,1.31936,1.31956,44.437545676230656,49.599013643758504,,,2139
1764692160,1.31956,1.3197,1.31869,1.31938,43.417722285453934,48.993070859901266,,,2064
1764693060,1.31937,1.31961,1.31863,1.31876,40.01156780280166,48.14383132728316,,,1617
1764693960,1.31877,1.3192,1.31807,1.3183,37.65146966073358,47.67562970804751,,,2123
1764694860,1.31831,1.31871,1.31797,1.31838,38.33273457531419,47.04764255045321,,,1580
1764695760,1.31837,1.3195,1.31801,1.31948,46.92090566918189,46.675422871965964,,,1504
1764696660,1.31947,1.3195,1.31892,1.319,44.03877004126596,46.051030556775906,,,1235
1764697560,1.31902,1.31953,1.31897,1.31928,46.1179570772144,45.41452407747409,,,1219
1764698460,1.31929,1.3202,1.31914,1.3198,49.84488931244291,45.741991806377136,,,1079
1764699360,1.31981,1.31999,1.31979,1.31988,50.41314699575857,45.43118466666838,,,765
1764700260,1.31989,1.32002,1.31905,1.31916,45.42486536761311,45.243900003022496,,,934
1764701160,1.31915,1.31989,1.31913,1.31985,50.481651494489284,45.73956463153429,,,1213
1764702060,1.31983,1.32032,1.31982,1.32019,52.80232928400805,45.65968268328745,,,975
1764702960,1.32018,1.32051,1.32016,1.32038,54.096970444837474,45.9994661205247,,,834
1764703860,1.32039,1.32045,1.32011,1.32037,54.01299386609453,46.683426705514975,,,708
1764704760,1.32038,1.32133,1.32037,1.3211,59.01472794761489,47.797498538526476,,,1287
1764705660,1.32111,1.32147,1.32097,1.321,58.08277361438731,49.08829895363973,,,1206
1764706560,1.32101,1.32101,1.32067,1.32068,55.08497770763602,50.33354952841847,,,694
1764707460,1.32069,1.32119,1.32068,1.32119,58.73999064525418,51.79121067627134,,,619
1764708360,1.3212,1.3213,1.321,1.321,56.882841884001216,52.50277754875843,,,893
1764709260,1.32101,1.32104,1.32072,1.32079,54.819833883073386,53.27285353745896,,,458
1764710160,1.3208,1.32099,1.32067,1.32083,55.15347060524365,53.918247360889616,,,281
1764711060,1.32085,1.32124,1.3208,1.3211,57.438198482075805,54.46062658729197,,,475
1764711960,1.32111,1.32154,1.32111,1.32119,58.20259446314313,55.01701569210515,,,666
1764712860,1.32119,1.32119,1.32006,1.3201,47.15650255971742,55.140704062969746,,,32
1764713760,1.32009,1.32086,1.3198,1.31994,45.78294089215977,54.80508187708906,,,105
1764714660,1.31996,1.32096,1.31996,1.32089,54.29539594570354,54.91172949578159,,,327
1764715560,1.32087,1.32114,1.31997,1.32103,55.40656194993371,55.0052717461456,,,468
1764716460,1.32126,1.32155,1.32126,1.3215,59.00949940189545,55.36216499870282,,,248
1764717360,1.3215,1.3216,1.32148,1.32155,59.3854443917416,55.38864474471187,,,694
1764718260,1.32156,1.32203,1.32155,1.32195,62.35963993690859,55.69413519632053,,,355
1764719160,1.32198,1.32211,1.32187,1.32193,62.11471275701805,56.19625912841924,,,560
1764720060,1.32194,1.32217,1.32189,1.3221,63.42953626314836,56.531226672554546,,,516
1764720960,1.32214,1.32215,1.32173,1.3219,60.75797036779542,56.80802156425413,,,574
1764721860,1.32189,1.32222,1.32189,1.32211,62.54196415579935,57.35960229802027,,,1267
1764722760,1.3221,1.32236,1.32202,1.32236,64.60492107551434,58.03470590303961,,,1091
1764723660,1.32235,1.32259,1.32226,1.32239,64.85505577677765,58.56448142408975,,,969
1764724560,1.32237,1.3227,1.32236,1.32245,65.38197976123301,59.07729465966759,,,743
1764725460,1.32246,1.3227,1.32239,1.32257,66.46490706101989,60.456466409760615,,,895
1764726360,1.32258,1.3227,1.32248,1.32267,67.38065458597654,61.999160245033245,,,846
1764727260,1.32266,1.32279,1.32246,1.32278,68.40277611329103,63.00683025700378,,,749
1764728160,1.32279,1.32279,1.32245,1.3227,66.76425041847716,63.81809371904259,,,776
1764729060,1.3227,1.32288,1.32266,1.32286,68.39486691215346,64.48847711263245,,,794
1764729960,1.32287,1.32306,1.32285,1.32294,69.20832349130512,65.19011133402985,,,683
1764730860,1.32295,1.32307,1.32288,1.32292,68.73204528195166,65.64528314439006,,,552
1764731760,1.32291,1.32322,1.32291,1.32315,71.18767672592827,66.29335199931224,,,836
1764732660,1.32315,1.32317,1.32296,1.32305,68.66278940562911,66.66715579520371,,,629
1764733560,1.32304,1.32311,1.32286,1.32292,65.41461024602947,66.99977292936329,,,529
1764734460,1.32291,1.32292,1.32269,1.32279,62.24359809474466,66.97846106785937,,,434
1764735360,1.3228,1.3229,1.32274,1.32274,61.01843045902963,66.72228316668189,,,496
1764736260,1.32275,1.32313,1.32275,1.3231,66.18010132157022,66.81692927702423,,,368
1764737160,1.32311,1.3233,1.32302,1.3232,67.46869117037573,66.96598009196299,,,572
1764738060,1.32319,1.32372,1.32319,1.32369,72.91447528117723,67.42666353625994,,,574
1764738960,1.3237,1.3238,1.32346,1.32347,67.45461143234459,67.43194616814337,,,588
1764739860,1.32348,1.32369,1.32346,1.32361,69.04320948097103,67.47769140869194,,,637
1764740760,1.3236,1.32372,1.32345,1.32369,69.94597273729924,67.7049572886078,,,626
1764741660,1.32368,1.32406,1.32355,1.32397,72.92231088944752,68.02834614412882,,,783
1764742560,1.32396,1.32422,1.32383,1.32417,74.83905112018721,68.43054097476325,,,888
1764743460,1.32418,1.32421,1.32374,1.32379,65.37072426401316,68.19044661633907,,,791
1764744360,1.32378,1.3246,1.32375,1.32459,73.08962965234433,68.32630039679735,,,826
1764745260,1.32458,1.32525,1.32449,1.32518,77.1371527206955,68.93161206215925,,,1332
1764746160,1.32519,1.32526,1.32436,1.32438,63.24633845285941,68.77673550550423,,,1612
1764747060,1.32438,1.32469,1.32389,1.32397,57.52857397559485,68.43994806842211,,,1591
1764747960,1.32396,1.32451,1.32385,1.32438,61.29668525261715,68.45982341082122,,,1505
1764748860,1.32439,1.32455,1.32389,1.32432,60.45143450315363,68.05063292379147,,,1394
1764749760,1.32433,1.32448,1.32374,1.32397,55.632218103650175,67.2051705618825,,,1394
1764750660,1.32404,1.3251,1.32386,1.32477,62.910479677548565,66.49059944733759,,,1440
1764751560,1.32478,1.32633,1.32449,1.3259,70.31736381509778,66.69508176039139,,,2319
1764752460,1.32589,1.32618,1.32565,1.32598,70.7625281654771,66.8178902378561,,,1896
1764753360,1.326,1.32689,1.32586,1.32675,74.6961290617473,67.15718711817382,,,1759
1764754260,1.32674,1.32839,1.32669,1.32817,80.03163189062043,67.66499576111474,,,2776
1764755160,1.32817,1.32848,1.3276,1.32771,74.54787927454777,67.64419777214049,,,2156
1764756060,1.3277,1.32847,1.3274,1.32842,77.15032354126316,68.48559772051549,,,1588
1764756960,1.32842,1.32895,1.32829,1.32842,77.15032354126316,68.7756472840097,,,1619
1764757860,1.32843,1.32897,1.32838,1.32858,77.74504710088644,68.81906831116619,,,1458
1764758760,1.3286,1.32864,1.32792,1.32808,71.48358020414295,69.40744272197216,,,1636
1764759660,1.32807,1.32869,1.32796,1.32865,74.04947604882307,70.58750715577416,,,1329
1764760560,1.32864,1.32938,1.32864,1.32932,76.70303094816238,71.68796041974169,,,1259
1764761460,1.3293,1.32947,1.32864,1.32889,71.63994253335719,72.48713956475622,,,1149
1764762360,1.32886,1.32986,1.32865,1.32972,75.06180342240111,73.87496708752415,,,1270
1764763260,1.32971,1.33006,1.32958,1.32973,75.10078393162952,74.74570310567277,,,1428
1764764160,1.32975,1.33018,1.32941,1.33004,76.33565963197215,75.17558137830667,,,1182
1764765060,1.33002,1.33018,1.32963,1.33016,76.8150053005293,75.60790117366754,,,1322
1764765960,1.33015,1.33039,1.32967,1.32977,71.7296515430084,75.39600992232906,,,1371
1764766860,1.3298,1.33151,1.32977,1.33117,77.49052760808709,75.21450247357666,,,2000
1764767760,1.33115,1.33138,1.33021,1.33049,70.02631184863904,74.89153337172604,,,2470
1764768660,1.3305,1.33135,1.33008,1.33109,72.53974401699185,74.56220626284951,,,2090
1764769560,1.33108,1.33128,1.32981,1.32995,61.9161970425727,73.47405437008591,,,1893
1764770460,1.32994,1.33013,1.32934,1.33005,62.435889560920245,72.38054311723118,,,2661
1764771360,1.33006,1.33007,1.32922,1.3295,57.76680364146423,71.40077336275412,,,2257
1764772260,1.32949,1.33122,1.32949,1.33122,66.26346763459304,70.84462990459487,,,2460
1764773160,1.33123,1.33168,1.33055,1.33066,61.89720557042915,69.78707094904249,,,2504
1764774060,1.33067,1.332,1.33046,1.33133,64.87897641023986,69.30414479739125,,,3457
1764774960,1.33132,1.33259,1.33106,1.33246,69.24971563906882,68.88899567001036,,,2394
1764775860,1.33241,1.3327,1.33113,1.33151,62.237290271158365,67.97017469426243,,,2391
1764776760,1.33152,1.33324,1.33145,1.33324,68.49405650079369,67.41006018489256,,,2754
1764777660,1.33323,1.33473,1.33312,1.33443,71.93824667078721,67.06172028276812,,,2378
1764778560,1.33444,1.33473,1.33371,1.33379,67.65463693661283,66.77064781088272,,,1606
1764779460,1.33376,1.33419,1.33318,1.3335,65.7442962035449,65.93163128198685,,,1891
1764780360,1.33349,1.33372,1.33291,1.33331,64.46006188097971,65.53404199858262,,,1920
1764781260,1.3333,1.33382,1.33285,1.33372,66.00331683272518,65.06715434256357,,,1455
1764782160,1.33371,1.33402,1.33337,1.33379,66.27259602319404,65.37832569832223,,,1285
1764783060,1.33381,1.3343,1.33364,1.33419,67.84016510946641,65.76434538036123,,,1257
1764783960,1.3342,1.33477,1.33418,1.33433,68.39385680124076,66.52342060605956,,,1213
1764784860,1.33432,1.3348,1.33423,1.33468,69.79399892611897,66.77560141259714,,,1476
1764785760,1.33467,1.33468,1.33387,1.33441,67.31656011357067,67.16269816567868,,,1372
1764786660,1.3344,1.33532,1.33438,1.33522,70.67910447966575,67.57699302778052,,,1033
1764787560,1.33523,1.33533,1.3346,1.33488,67.53810602228177,67.45473519801001,,,1099
1764788460,1.3349,1.33504,1.33468,1.33499,68.03307277572405,67.86871966262186,,,1118
1764789360,1.335,1.33529,1.33477,1.33478,65.96517906519998,67.68808556007944,,,870
1764790260,1.33477,1.33492,1.33475,1.33482,66.17606983617361,67.27650150046419,,,698
1764791160,1.33481,1.33523,1.33477,1.33507,67.5302538975205,67.26761699767188,,,719
1764792060,1.33506,1.33523,1.33485,1.3352,68.24227207264892,67.44604384546503,,,565
1764792960,1.33519,1.3352,1.33477,1.335,65.84984732539493,67.54531423435182,,,674
1764793860,1.33499,1.33509,1.33475,1.33508,66.35790442340316,67.57064191940025,,,742
1764794760,1.33507,1.33512,1.33477,1.33478,62.59702411620885,67.30810106890131,,,684
1764795660,1.33477,1.33518,1.33476,1.33488,63.34281890261996,66.98686205412656,,,558
1764796560,1.3349,1.33506,1.33477,1.33492,63.65499709986754,66.64837207545705,,,535
1764797460,1.33491,1.33531,1.33488,1.33509,65.01849842469127,66.30726489678364,,,430
1764798360,1.33511,1.33534,1.33508,1.33525,66.2999356365392,66.23464886270996,,,626
1764799260,1.33497,1.33502,1.33487,1.335,62.450479540511175,65.64688993848463,,,17
1764800160,1.33488,1.33488,1.33462,1.33485,60.192276606445716,65.12218783735348,,,12
1764801060,1.33485,1.33485,1.33482,1.33484,60.036416354155776,64.55099809295575,,,19
1764801960,1.33484,1.33499,1.33476,1.33486,60.25806155421041,64.14334684217077,,,148
1764802860,1.33505,1.33517,1.33503,1.33508,62.708168210113044,63.89563958316645,,,529
1764803760,1.33507,1.33509,1.33488,1.33497,60.693368529715066,63.4072906283232,,,786
1764804660,1.33497,1.33518,1.33476,1.33509,62.12310302512671,62.97020712492876,,,376
1764805560,1.33508,1.33509,1.33451,1.33459,53.40632986733794,62.081384449353266,,,542
1764806460,1.33458,1.33469,1.33425,1.33428,48.83146056870589,60.829495602589176,,,790
1764807360,1.33424,1.33433,1.33392,1.33398,44.82931987970307,59.56037387141019,,,657
1764808260,1.33398,1.33435,1.33374,1.3343,49.5765331823485,58.57706774853365,,,775
1764809160,1.33431,1.33434,1.33383,1.33414,47.38124488157042,57.41465687579814,,,817
1764810060,1.33416,1.33438,1.33387,1.33428,49.48887868367084,56.30539832286811,,,1020
1764810960,1.33427,1.33428,1.33357,1.33381,43.228768777669245,54.65745783294883,,,1221
1764811860,1.3338,1.33407,1.33349,1.33403,46.63180347704116,53.527552399843835,,,920
1764812760,1.33404,1.33415,1.33386,1.33399,46.090831706118315,52.520306335534734,,,923
1764813660,1.33398,1.33398,1.33361,1.33368,42.022121560717515,51.233570993146294,,,1184
1764814560,1.33362,1.33377,1.33345,1.33368,42.022121560717515,49.93100385075394,,,924
1764815460,1.33367,1.33391,1.33349,1.33351,39.78827220818746,48.29386842204497,,,834
1764816360,1.33349,1.33381,1.33348,1.33352,39.99035657367287,46.81508185375624,,,776
1764817260,1.33351,1.33352,1.33315,1.33317,35.49952382632793,44.913397625270626,,,793
1764818160,1.33316,1.33319,1.33287,1.33296,33.097884563128005,43.46279438925563,,,718
1764819060,1.33295,1.33309,1.33276,1.33296,33.09788456312799,42.338967531714346,,,606
1764819960,1.33299,1.33326,1.33289,1.33321,38.81311411274911,41.9092385483605,,,706
1764820860,1.33321,1.33338,1.3332,1.33333,41.400799306782545,41.325257557248634,,,589
1764821760,1.33332,1.33332,1.33317,1.33329,40.781669770670995,40.853859335041534,,,350
1764822660,1.33328,1.33337,1.33316,1.33327,40.4559010643245,40.20864664794537,,,443
1764823560,1.33326,1.33331,1.33316,1.33318,38.94815418805905,39.902888462973216,,,399
1764824460,1.33322,1.33355,1.33319,1.33343,45.07197818147565,39.79147237043282,,,678
1764825360,1.33345,1.3336,1.33333,1.33357,48.20514305931305,39.94249460994673,,,679
1764826260,1.33355,1.3339,1.3335,1.33389,54.582222090856064,40.83964464781377,,,1191
1764827160,1.33388,1.33401,1.33351,1.33363,49.27386815867542,41.35762654766791,,,1058
1764828060,1.33362,1.33383,1.33328,1.33329,43.33819797927188,41.61119267417394,,,896
1764828960,1.33328,1.33351,1.33322,1.3335,47.54153079321308,42.15056226128395,,,923
1764829860,1.33351,1.33356,1.3333,1.3335,47.54153079321307,43.010705616061465,,,566
1764830760,1.33349,1.33409,1.33336,1.33382,53.6217322575833,44.476694737093986,,,921
1764831660,1.3338,1.33415,1.33347,1.33348,47.34300269240791,45.4942031748997,,,939
1764832560,1.33347,1.33362,1.33317,1.33317,42.461094755248865,45.75477322079253,,,794
1764833460,1.33318,1.3334,1.33316,1.33337,46.307874890439656,46.10527861962519,,,726
1764834360,1.33336,1.33382,1.33336,1.3336,50.413521462299975,46.79326802617011,,,1142
1764835260,1.33359,1.33415,1.33337,1.33412,58.19646933620979,48.06045147416192,,,1874
1764836160,1.33411,1.33591,1.33408,1.33506,67.98027202897529,50.13417417708451,,,1852
1764837060,1.33507,1.33582,1.33488,1.33527,69.68713193287175,51.89239944504137,,,1901
1764837960,1.33528,1.33549,1.33407,1.33408,52.58190308622024,52.205025161249026,,,1908
1764838860,1.33411,1.33448,1.33364,1.33385,50.02603778064002,51.87958342480503,,,2046
1764839760,1.33383,1.3346,1.33382,1.33417,53.4185505143829,52.175632164498424,,,1451
1764840660,1.33417,1.33452,1.33375,1.33397,51.084390530561556,52.72893163244769,,,1523
1764841560,1.33396,1.33496,1.33396,1.33479,58.99551811735484,53.5470735841721,,,1519
1764842460,1.33479,1.33489,1.3342,1.33453,55.90800309648513,54.14467874869153,,,1574
1764843360,1.33451,1.33487,1.33429,1.3347,57.47509222143566,54.41991874610956,,,1198
1764844260,1.33469,1.3351,1.33424,1.33457,55.84067217540883,55.02689513775248,,,1422
1764845160,1.33456,1.33461,1.33372,1.3344,53.690507298539046,55.828996033701785,,,1432
1764846060,1.33441,1.33541,1.3341,1.33521,61.33075735998207,56.90205906724053,,,1968
1764846960,1.33521,1.33582,1.33521,1.33568,64.94475661471228,57.940004435269984,,,1406
1764847860,1.3357,1.33637,1.33559,1.33597,66.99447350854969,58.56843330472283,,,1363
1764848760,1.33595,1.33619,1.33575,1.33602,67.34895589213741,58.5233392949487,,,1485
1764849660,1.33602,1.33608,1.3351,1.33589,65.38274906103503,58.215883375531796,,,1539
1764850560,1.33588,1.33597,1.33538,1.33562,61.37504840010261,58.84396518366625,,,1282
1764851460,1.33561,1.33572,1.33457,1.33458,48.93308419486438,58.765897070396555,,,1627
1764852360,1.33457,1.33506,1.33404,1.33467,49.87997999253857,58.51314203312196,,,1868
1764853260,1.33469,1.33469,1.33363,1.33368,40.896814340579596,57.785458019551825,,,1801
1764854160,1.33369,1.33398,1.33208,1.33316,37.11574886818307,56.22261735889669,,,1653
1764855060,1.33325,1.33405,1.33309,1.33378,43.78874713549842,55.35695621882621,,,2904
1764855960,1.33377,1.33455,1.33348,1.33452,50.53553627631777,54.861273651317795,,,2350
1764856860,1.33451,1.33562,1.33449,1.3355,57.76527470977007,54.99874526091502,,,2293
1764857760,1.33551,1.33684,1.33545,1.33657,63.95920152509062,55.73222341995442,,,2502
1764858660,1.33655,1.33741,1.33619,1.33652,63.49062887623261,55.88649995682946,,,2853
1764859560,1.33652,1.33718,1.33599,1.33673,64.66162237117288,55.86627608229093,,,2337
1764860460,1.33672,1.33695,1.33543,1.33693,65.78709632589164,55.78003485495821,,,2635
1764861360,1.33692,1.33768,1.33692,1.33758,69.21832124763709,55.91356095177962,,,2156
1764862260,1.33756,1.33853,1.33732,1.33831,72.54817159381555,56.42537684697823,,,1928
1764863160,1.3383,1.33832,1.33661,1.33722,61.79842678635258,56.4556181602818,,,2346
1764864060,1.33721,1.33723,1.33579,1.33598,52.303672365322775,56.69637445817169,,,1906
1764864960,1.336,1.33628,1.33509,1.33513,46.975705093753774,56.48892625111563,,,1664
1764865860,1.33513,1.33555,1.33477,1.33502,46.31813974844791,56.87616378024909,,,1958
1764866760,1.33502,1.33553,1.33502,1.33516,47.32869422137786,57.605659876905854,,,1628
1764867660,1.33517,1.33521,1.33461,1.33472,44.493774622720125,57.65601898313598,,,1166
1764868560,1.33471,1.33489,1.33448,1.33451,43.16485767921138,57.129541940485524,,,1238
1764869460,1.33452,1.33465,1.33428,1.3343,41.81972703963062,55.99057424976127,,,1072
1764870360,1.33429,1.33453,1.33408,1.33423,41.35708246415222,54.376137173979956,,,950
1764871260,1.33424,1.33424,1.3336,1.33404,40.06159053218308,52.70263443511927,,,1275
1764872160,1.33403,1.33484,1.33403,1.33483,47.43457282023222,51.47213089576638,,,1059
1764873060,1.33485,1.33514,1.33444,1.33492,48.2160800508042,50.2170583046887,,,898
1764873960,1.3349,1.3349,1.33428,1.3343,43.42626102934773,48.3747682890966,,,1080
1764874860,1.3343,1.33448,1.33387,1.33401,41.356764277248665,46.14681062362754,,,1217
1764875760,1.334,1.33413,1.33377,1.33402,41.4603617189206,44.69409169023954,,,1165
1764876660,1.33403,1.3346,1.33402,1.33441,45.50376357745359,44.20838391967745,,,848
1764877560,1.33433,1.33435,1.33371,1.33371,40.144108886416795,43.720412762010525,,,1192
1764878460,1.33369,1.3339,1.33369,1.33383,41.41796918979364,43.370400579249505,,,871
1764879360,1.33382,1.33385,1.33327,1.33339,38.20715129153533,42.71886179854646,,,1122
1764880260,1.33338,1.33358,1.33311,1.33329,37.49570775686791,42.218999879557025,,,918
1764881160,1.33328,1.3333,1.3327,1.33286,34.519183460143026,41.601451721052136,,,1137
1764882060,1.33288,1.3332,1.33286,1.33298,36.04499154186567,41.18897061406892,,,470
1764882960,1.33299,1.33301,1.33249,1.33283,34.94873552972578,40.73123154732418,,,422
1764883860,1.33282,1.33287,1.33274,1.33279,34.646131142109894,40.34441301946181,,,246
1764884760,1.33278,1.33287,1.33245,1.33265,33.551156709240686,39.35274044010527,,,559
1764885660,1.33263,1.33263,1.33185,1.33236,31.341505465497647,38.147413684011944,,,53
1764886560,1.33236,1.33241,1.33204,1.33204,29.066678797991614,37.12172923891508,,,299
1764887460,1.33204,1.33261,1.33188,1.33223,32.21272391186346,36.46858349853043,,,3674
1764888360,1.33222,1.33259,1.33185,1.33245,35.76525912325977,36.06179045598323,,,218
1764889260,1.33246,1.33256,1.33236,1.33241,35.40198056817506,35.34023452674905,,,390
1764890160,1.3324,1.33248,1.33231,1.33245,36.1009488654956,35.05143738239753,,,223
1764891060,1.33241,1.33248,1.33223,1.33223,33.926615241889465,34.51634067183294,,,277
1764891960,1.33224,1.33244,1.33203,1.33243,37.605737492211986,34.473382543309846,,,396
1764892860,1.33244,1.33265,1.3322,1.33251,39.06728477425886,34.58563804455206,,,675
1764893760,1.33252,1.33271,1.33237,1.33249,38.82244846284225,34.89301411617343,,,446
1764894660,1.3325,1.33271,1.33249,1.33268,42.508604688924606,35.35470076953478,,,739
1764895560,1.33267,1.33314,1.33262,1.33309,49.56992909284186,36.39907173832879,,,1053
1764896460,1.3331,1.33326,1.33289,1.33312,50.053334931858934,37.499586294739444,,,1112
1764897360,1.33311,1.3332,1.33281,1.33295,47.287170508898726,38.48073013757215,,,904
1764898260,1.33296,1.33333,1.33295,1.3332,51.529444732337126,39.922725799489264,,,852
1764899160,1.33316,1.33334,1.333,1.33333,53.619721476993675,41.67651456227512,,,912
1764900060,1.33332,1.33342,1.33307,1.33315,50.38006926036261,42.97418208716791,,,742
1764900960,1.33311,1.33323,1.33301,1.33313,50.01845439266921,43.992267463554306,,,716
1764901860,1.33312,1.33339,1.3331,1.33329,52.92926007106317,45.24421599947488,,,619
1764902760,1.33328,1.33339,1.33312,1.33314,49.98997051245375,46.23628897425761,,,578
1764903660,1.33315,1.33317,1.33299,1.33305,48.258341416524196,47.259983701017234,,,488
1764904560,1.33304,1.33312,1.33258,1.33262,40.95831109880261,47.49945324434514,,,533
1764905460,1.33263,1.33283,1.3325,1.33281,44.92285746500323,47.91770843654116,,,468
1764906360,1.33282,1.33293,1.3327,1.33273,43.59547162926821,48.25863866271445,,,373
1764907260,1.33274,1.33321,1.33274,1.33321,52.638103030396096,48.98217425853384,,,513
1764908160,1.33329,1.3337,1.33322,1.33341,55.81654284487277,49.42836095510747,,,922
1764909060,1.33342,1.33352,1.33329,1.33347,56.754180358064204,49.906992771264996,,,709
1764909960,1.33348,1.33378,1.33346,1.3337,60.23762465003051,50.83202520991727,,,659
1764910860,1.33371,1.33382,1.3336,1.33375,60.9735780638464,51.506606162167934,,,633
1764911760,1.33377,1.33417,1.33372,1.33413,66.10781439178723,52.398612798938906,,,771
1764912660,1.33415,1.33451,1.33404,1.33451,70.31370354946856,53.82244381958932,,,919
1764913560,1.3345,1.33456,1.33431,1.33441,67.92485799212848,55.101472648122126,,,820
1764914460,1.33439,1.33475,1.33435,1.3345,68.94738199816358,56.245624214343586,,,718
1764915360,1.33449,1.33458,1.33423,1.33448,68.42535358107004,57.562437290673316,,,597
1764916260,1.33449,1.33523,1.33448,1.33488,72.85247370498519,59.31916102556339,,,915
1764917160,1.33489,1.3351,1.33471,1.33507,74.66928004515822,61.72708737887451,,,954
1764918060,1.33506,1.3357,1.33483,1.33526,76.37217113950119,63.97346692705293,,,1505
1764918960,1.33528,1.33604,1.33509,1.33588,80.88741778951506,66.63717736707056,,,1356
1764919860,1.33589,1.33624,1.33498,1.33512,64.59267471141109,67.49107534428592,,,1637
1764920760,1.33511,1.33542,1.33481,1.33481,59.34148463926744,67.7428569010284,,,1595
1764921660,1.33481,1.33539,1.33457,1.33537,64.89374683421553,68.32425450646774,,,1984
1764922560,1.33538,1.33602,1.33517,1.33551,66.13868273543545,68.74575865542525,,,1784
1764923460,1.3355,1.33575,1.33517,1.33528,62.234093416095,68.83579546630014,,,1433
1764924360,1.33527,1.33529,1.33464,1.33479,54.8101637617041,68.02882042129421,,,1773
1764925260,1.33478,1.33504,1.33429,1.33491,56.188525471626065,67.01987913001975,,,1423
1764926160,1.33489,1.3354,1.33468,1.33492,56.308124199547585,66.19011243054969,,,1523
1764927060,1.33491,1.33505,1.33428,1.33435,48.226733929314136,64.71006613991759,,,1178
1764927960,1.33433,1.33484,1.33428,1.33469,52.59701579732052,63.57947058393547,,,1080
1764928860,1.3347,1.33484,1.33426,1.33431,47.74602480996141,61.78615280571949,,,1199
1764929760,1.33432,1.33455,1.3335,1.33359,40.18373601142735,59.322899660453,,,1294
1764930660,1.33361,1.334,1.33328,1.3337,41.70291092881354,56.84652393111816,,,1344
1764931560,1.33369,1.33422,1.33351,1.33377,42.70022388324748,54.11886722352763,,,1480
1764932460,1.33377,1.33381,1.33321,1.33324,37.473058463677724,52.18175177726096,,,1096
1764933360,1.33328,1.33368,1.333,1.3333,38.39251172828628,50.68539656933374,,,1300
1764934260,1.33331,1.33353,1.33282,1.33344,40.587839090652,48.94926030193634,,,1226
1764935160,1.3334,1.33418,1.33334,1.33418,50.60677384112525,47.839838238057034,,,1198
1764936060,1.33417,1.33483,1.33412,1.33449,54.09885535629856,47.258749805214435,,,1295
1764936960,1.33448,1.3348,1.33388,1.33406,48.931191934637354,46.83882324613824,,,1673
1764937860,1.33405,1.33461,1.334,1.33444,53.186913839906126,46.62442241530109,,,1308
1764938760,1.33445,1.33508,1.33426,1.33497,58.39459332352766,46.77345592415681,,,1602
1764939660,1.33496,1.33506,1.33417,1.33421,49.83364233319911,46.88823509586289,,,1522
1764940560,1.3342,1.33484,1.33399,1.33475,54.89365769020916,47.05228094535493,,,1411
1764941460,1.33476,1.33557,1.33459,1.33538,59.96694513511942,47.925203825723365,,,2164
1764942360,1.33534,1.33549,1.33496,1.33512,57.11200662204596,49.13436601219612,,,1700
1764943260,1.3351,1.3362,1.33495,1.33529,58.50311382773232,50.33438050497603,,,1795
1764944160,1.33528,1.33561,1.33459,1.3346,51.23859376003328,50.94426406760359,,,1712
1764945060,1.33461,1.33582,1.3344,1.3353,57.06349148463669,52.343580711957806,,,2740
1764945960,1.33528,1.33548,1.33427,1.33498,53.894003219905144,53.45083010421629,,,2212
1764946860,1.33499,1.33516,1.33392,1.3347,51.21354887053737,54.2098093742081,,,2536
1764947760,1.33466,1.33579,1.33457,1.33571,59.11306595540969,54.81740166808556,,,2260
1764948660,1.3357,1.33593,1.33467,1.33468,50.18816916084408,54.538066939838814,,,2144
1764949560,1.33468,1.33499,1.3339,1.33429,47.277541401393414,54.41994904460711,,,2412
1764950460,1.3343,1.33436,1.33217,1.33248,36.653316755767946,53.238977824311526,,,2791
1764951360,1.33249,1.33293,1.33173,1.33179,33.55742225042472,51.46489417623275,,,2642
1764952260,1.33179,1.33271,1.33159,1.33242,38.65244658800441,50.66623733729027,,,2678
1764953160,1.33244,1.33293,1.33199,1.33203,36.772556926472966,49.371872997023395,,,1893
1764954060,1.33204,1.33292,1.33182,1.3327,41.99215411033664,48.087959352396055,,,1688
1764954960,1.33271,1.33298,1.33218,1.33248,40.80108851490524,46.92289377331458,,,1286
1764955860,1.33249,1.3328,1.3321,1.33257,41.531709985972604,45.71065064176031,,,1665
1764956760,1.33257,1.33317,1.33256,1.33305,45.401961268184955,45.293748320914,,,1454
1764957660,1.33306,1.33408,1.33297,1.3337,50.208483214565454,44.80410487305177,,,1304
1764958560,1.33371,1.33381,1.33296,1.33339,48.03649138770105,44.38571117075147,,,1285
1764959460,1.33338,1.33359,1.33319,1.3333,47.395454128455505,44.11299011774563,,,991
1764960360,1.33328,1.33347,1.33319,1.3333,47.395454128455505,43.27601784439177,,,1188
1764961260,1.33329,1.33345,1.33297,1.3333,47.395454128455505,43.07653819922115,,,1212
1764962160,1.33331,1.3336,1.33317,1.33356,49.81200917687859,43.2575716117558,,,936
1764963060,1.33357,1.33357,1.33306,1.33312,45.96384346359602,43.92260923374352,,,1001
1764963960,1.33311,1.33347,1.3329,1.3332,46.76904748957752,44.86629675082587,,,1146
1764964860,1.33321,1.33338,1.33277,1.33307,45.580441104288056,45.36115350198899,,,905
1764965760,1.33308,1.33312,1.33266,1.33268,42.121896443852,45.74324918180177,,,784
1764966660,1.33269,1.333,1.33266,1.33287,44.33779045436392,45.910794634946576,,,677
1764967560,1.33288,1.33342,1.3326,1.33338,49.88418484936003,46.559587230264775,,,1056
1764968460,1.33337,1.33369,1.33327,1.33329,48.9570926180978,47.089971703988006,,,671
1764969360,1.33328,1.33372,1.33307,1.33326,48.63263996039977,47.320734467717635,,,574
1764970260,1.33328,1.3334,1.33271,1.33287,44.50351464594414,46.913236712816115,,,702
1764971160,1.3329,1.33311,1.33266,1.33299,46.02212828930511,46.76935363435926,,,667
1765144860,1.33165,1.33187,1.33152,1.33184,35.887163784405715,45.94733289549856,,,196
1765145760,1.33185,1.33205,1.33126,1.33201,38.05872191726179,45.28042345184186,,,542
1765146660,1.33201,1.33256,1.332,1.33254,44.383453772383355,45.06528056926528,,,332
1765147560,1.33256,1.33266,1.33218,1.33244,43.48131481527244,44.613088114864844,,,630
1765148460,1.33259,1.33272,1.33228,1.33254,44.691982956802946,44.52224093580819,,,1225
1765149360,1.33255,1.33271,1.33229,1.33268,46.422316070323554,44.497474405861475,,,2661
1765150260,1.33269,1.33312,1.33251,1.33252,44.701095880655515,44.43466403274488,,,1038
1765151160,1.33253,1.33264,1.33224,1.33231,42.47508209366934,44.4598915791604,,,610
1765152060,1.3323,1.33301,1.33226,1.33251,45.270376309590205,44.526504854533705,,,1295
1765152960,1.33249,1.33303,1.33233,1.33298,51.26380918812522,44.625049450159786,,,1063
1765153860,1.33299,1.3333,1.33296,1.33318,53.59273665900453,44.956166881653125,,,904
1765154760,1.33319,1.33351,1.33288,1.33324,54.29831066645724,45.360857646371514,,,1577
1765155660,1.33325,1.33359,1.33311,1.33329,54.913496895310345,46.10442780704052,,,1493
1765156560,1.3333,1.3334,1.33314,1.33332,55.30226959179186,46.76729504293244,,,1213
1765157460,1.33337,1.33378,1.3333,1.33368,59.7837054647391,48.47419087724196,,,1122
1765158360,1.33369,1.33382,1.33347,1.33381,61.29290889653437,50.133775661475724,,,1281
1765159260,1.3338,1.33403,1.33371,1.33386,61.885355131935924,51.383911472872335,,,944
1765160160,1.33385,1.33399,1.3336,1.33364,57.70054566398513,52.39957081920896,,,909
1765161060,1.33362,1.33387,1.33347,1.33382,60.07914939666561,53.498654136342005,,,1154
1765161960,1.33383,1.33422,1.33377,1.3342,64.60430530089903,54.79736765281168,,,781
1765162860,1.33421,1.33423,1.33379,1.33401,60.88792925487124,55.95357003668424,,,670
1765163760,1.334,1.33418,1.33386,1.33391,58.96534184316617,57.131445733076866,,,741
1765164660,1.33392,1.33398,1.33375,1.33382,57.2143385442266,57.98458589269375,,,764
1765165560,1.33381,1.33399,1.33362,1.33371,55.062160241494986,58.25589668222016,,,598
1765166460,1.33372,1.334,1.33364,1.33395,58.71143371160951,58.62151790026337,,,598
1765167360,1.33396,1.33412,1.3339,1.33396,58.86133929506346,58.94744851659238,,,544
1765168260,1.33395,1.33421,1.33395,1.33408,60.70504148077671,59.36113027269713,,,440
1765169160,1.33409,1.33421,1.33398,1.33401,59.04274442679846,59.62830704662617,,,480
1765170060,1.33402,1.33412,1.33388,1.33391,56.65594457132741,59.404895554239616,,,440
1765170960,1.33392,1.33394,1.3336,1.33374,52.75184634208909,58.79481965749353,,,685
1765171860,1.33375,1.33407,1.33372,1.33403,58.06101939688338,58.52165281927548,,,875
1765172760,1.33402,1.33441,1.33358,1.33428,62.02281035952152,58.8303860118138,,,1128
1765173660,1.33427,1.33469,1.33368,1.33382,52.24349566704732,58.27069645969821,,,1899
1765174560,1.33379,1.3338,1.33288,1.33319,42.38636422935964,56.68370066887396,,,1484
1765175460,1.33316,1.33336,1.33297,1.33299,39.81791511902204,55.17869965917044,,,1105
1765176360,1.333,1.33341,1.33275,1.33339,46.76576598732953,54.30730138375355,,,1168
1765177260,1.33341,1.33348,1.33266,1.33317,43.77258597548487,53.34717620027199,,,1591
1765178160,1.33316,1.33337,1.33244,1.33251,36.272185593494974,52.00503515398628,,,1382
1765179060,1.3325,1.33296,1.3325,1.33268,39.16375939276407,50.608772702640174,,,1444
1765179960,1.33269,1.33276,1.33219,1.33261,38.39130659301653,49.146627509636815,,,1596
1765180860,1.33263,1.33338,1.33235,1.33253,37.48143436229512,47.487798429745276,,,2113
1765181760,1.33254,1.3327,1.33206,1.33222,34.10808554400775,45.7067513666888,,,1925
1765182660,1.33221,1.33258,1.33191,1.33235,36.68168376898176,44.28001845223554,,,1696
1765183560,1.33236,1.33289,1.33227,1.33287,45.80068177402918,43.783506697374115,,,1505
1765184460,1.33278,1.33278,1.33182,1.33198,36.193085967457236,42.22151145241511,,,1776
1765185360,1.33199,1.33235,1.33136,1.33189,35.384742365632846,40.318792309994485,,,1885
1765186260,1.3319,1.33232,1.33174,1.33208,38.50715812318994,39.33762534257611,,,1720
1765187160,1.33197,1.33214,1.3316,1.33175,35.3151652381713,38.83253970034837,,,1431
1765188060,1.33176,1.3328,1.33162,1.33273,48.86997114686847,39.47911513090883,,,1358
1765188960,1.33274,1.33292,1.33248,1.33267,48.203957114211796,39.58184306854327,,,1073
1765189860,1.33266,1.33294,1.33214,1.33233,44.50277275884121,39.63399926735444,,,1094
1765190760,1.33232,1.3324,1.3317,1.33196,40.828829487392674,39.95947383120428,,,1615
1765191660,1.33195,1.33258,1.33146,1.33257,48.393083140997575,40.61871124179238,,,1735
1765192560,1.33256,1.33268,1.33152,1.33156,39.40977830432648,40.69145922117167,,,1424
1765193460,1.33157,1.33205,1.3314,1.33184,42.591418065330174,41.05645805710274,,,1256
1765194360,1.33176,1.33212,1.33142,1.33181,42.33491353044458,41.64408862756251,,,1764
1765195260,1.3318,1.33214,1.3314,1.33155,40.081928366755115,41.88696324168918,,,1440
1765196160,1.33154,1.33179,1.33142,1.33148,39.47285781731575,41.43497581620965,,,1126
1765197060,1.33149,1.33209,1.33149,1.33202,46.25736563201932,42.15385293510695,,,878
1765197960,1.33202,1.33222,1.33189,1.33195,45.54468518116047,42.87956313621606,,,1405
1765198860,1.33196,1.33281,1.33184,1.33253,52.126208322437705,43.85235243616233,,,1539
1765199760,1.33254,1.33294,1.3323,1.33231,49.67379939047723,44.87796916132704,,,1867
1765200660,1.33232,1.33244,1.33149,1.332,46.363717763457075,44.69895106251194,,,1894
1765201560,1.33209,1.33229,1.3315,1.33208,47.33896271418242,44.63716574822412,,,1936
1765202460,1.3321,1.3335,1.33193,1.33348,60.77890697710247,45.79974676381421,,,2230
1765203360,1.33348,1.33383,1.33304,1.33343,60.18810036539507,47.18255182652867,,,2112
1765204260,1.33349,1.33349,1.33234,1.33318,57.19445026115121,47.811220906539646,,,2814
1765205160,1.33317,1.33337,1.33148,1.33222,47.43723889598463,48.38461094880095,,,3510
1765206060,1.3322,1.33256,1.33123,1.33127,40.139606409034386,48.20948154477982,,,3008
1765206960,1.33128,1.33205,1.33091,1.3316,43.39704833834576,48.28534831677276,,,2661
1765207860,1.3316,1.33168,1.33058,1.33109,39.79304483096147,48.26471377850179,,,2248
1765208760,1.33118,1.33155,1.33082,1.33113,40.2124274548371,48.31754018118188,,,2397
1765209660,1.33112,1.33185,1.33085,1.33159,44.96053448199892,48.22490938475186,,,1866
1765210560,1.33158,1.33204,1.3311,1.33134,42.96354161457298,48.04054198713847,,,1989
1765211460,1.33134,1.33251,1.33128,1.33211,50.28750270753521,47.90920587178829,,,2078
1765212360,1.33217,1.33218,1.33139,1.33181,47.71664190297431,47.76940890839522,,,1574
1765213260,1.33178,1.33193,1.33109,1.33131,43.70617676944875,47.57958455168034,,,1303
1765214160,1.3313,1.33171,1.3312,1.33149,45.48260296558474,47.4469874267805,,,1456
1765215060,1.33148,1.33193,1.3311,1.33192,49.57617855261626,46.6467925393172,,,1528
1765215960,1.33191,1.33249,1.3316,1.33245,54.146361658904326,46.21523977456786,,,1551
1765216860,1.33238,1.33265,1.33229,1.33249,54.48167660092118,46.021470227408585,,,1364
1765217760,1.33248,1.33249,1.33192,1.33197,49.42195034587315,46.16323533097205,,,1045
1765218660,1.33198,1.33305,1.33197,1.33301,57.852615900342876,47.428450294636946,,,1174
1765219560,1.333,1.33309,1.3323,1.33241,52.423508191322696,48.07319742699243,,,1362
1765220460,1.3324,1.33269,1.33218,1.33251,53.21160048232028,49.03166568780377,,,1043
1765221360,1.3325,1.33278,1.33239,1.3325,53.11684559405648,49.95340984060516,,,783
1765222260,1.33251,1.33291,1.33232,1.33268,54.68118517613593,50.64774203304352,,,850
1765223160,1.33269,1.33281,1.33245,1.33279,55.65497224782461,51.55427279256149,,,1051
1765224060,1.3328,1.33297,1.3323,1.33247,52.14472415810707,51.686931467602335,,,764
1765224960,1.33248,1.3327,1.33232,1.33268,54.186829714763356,52.14908773987298,,,814
1765225860,1.33265,1.33289,1.33259,1.33273,54.68267707171006,52.933123475748786,,,729
1765226760,1.3327,1.33289,1.33238,1.33241,50.886675426834,53.319128651552305,,,944
1765227660,1.3324,1.33252,1.33226,1.33246,51.45374593040426,53.45324060710859,,,448
1765228560,1.33247,1.33249,1.33195,1.33198,45.96671837804718,52.86898037276165,,,482
1765229460,1.332,1.3326,1.332,1.33246,51.53283663607682,52.65834894670134,,,493
1765230360,1.33247,1.33249,1.33206,1.33213,47.88099733285286,52.54828087434275,,,545
1765231260,1.33213,1.33213,1.33185,1.33185,44.969134498728074,51.62803220279884,,,8
1765232160,1.3317,1.33172,1.33157,1.33168,43.24939245124042,50.972738221364395,,,222
1765233060,1.33162,1.33208,1.33154,1.33185,45.49418544658193,50.421494290240226,,,832
1765233960,1.33185,1.33195,1.33157,1.33183,45.267326252855284,49.86081433729728,,,1492
1765234860,1.33201,1.33227,1.33187,1.33216,49.72229407661797,49.506607830188855,,,431
1765235760,1.33217,1.33242,1.33215,1.3323,51.52495845293482,49.21160684483959,,,314
1765236660,1.33229,1.33251,1.33217,1.33241,52.952297593446644,49.269290661649556,,,323
1765237560,1.33243,1.33272,1.33237,1.33268,56.349736219823924,49.4237839834396,,,377
1765238460,1.33278,1.33283,1.3325,1.3327,56.599745650057145,49.56071745332154,,,716
1765239360,1.33271,1.33282,1.33258,1.33274,57.12861898439215,50.00657056457568,,,597
1765240260,1.33275,1.33287,1.33227,1.33229,49.77932522516274,49.886969085629865,,,940
1765241160,1.33232,1.33261,1.33188,1.33218,48.14874668273469,50.042828250250395,,,1314
1765242060,1.33219,1.33242,1.33183,1.33232,50.37666222908271,49.960244364036534,,,1400
1765242960,1.33233,1.3326,1.33232,1.33255,53.88248417123056,50.38892199534922,,,911
1765243860,1.33254,1.33279,1.33239,1.3327,56.062632400288194,51.18131470260352,,,989
1765244760,1.33271,1.3333,1.33267,1.33323,62.761241100251844,52.575018177532904,,,1124
1765245660,1.33322,1.33347,1.33287,1.33296,57.91696437010441,53.46235952921308,,,1043
1765246560,1.33295,1.333,1.33267,1.33295,57.73920637202679,54.35320810915391,,,968
1765247460,1.33294,1.33295,1.33261,1.33283,55.536445422888235,54.7685046338875,,,1162
1765248360,1.33284,1.3329,1.33269,1.3329,56.57712401341094,55.12937360249293,,,1041
1765249260,1.33291,1.33296,1.33279,1.33294,57.193672233722864,55.43232893394123,,,889
1765250160,1.33292,1.33311,1.33288,1.33302,58.463920597705716,55.583342103789924,,,828
1765251060,1.33303,1.33315,1.33266,1.33277,53.15551935112007,55.33732593958014,,,1367
1765251960,1.33277,1.33302,1.33263,1.33297,56.554112301919,55.296289747974924,,,744
1765252860,1.33295,1.33302,1.33267,1.33279,52.838595881695184,55.51480908058438,,,720
1765253760,1.33278,1.33297,1.33271,1.33281,53.206456337328795,55.87607405591253,,,1151
1765254660,1.33281,1.3331,1.33267,1.33291,55.092575860096744,56.21292502955639,,,1279
1765255560,1.3329,1.33304,1.33277,1.33292,55.286666684814016,56.313223780526634,,,764
1765256460,1.3329,1.33317,1.33269,1.33305,57.83782772837134,56.44002344681828,,,1117
1765257360,1.33304,1.33353,1.33304,1.3335,65.23262923875916,56.616551170997376,,,784
1765258260,1.33349,1.33371,1.33336,1.33342,63.11335590854453,56.987721995171675,,,709
1765259160,1.33341,1.33353,1.33301,1.33301,53.5172612590398,56.68615448710118,,,1575
1765260060,1.33304,1.3332,1.33278,1.33294,52.06183049672837,56.43796770666118,,,1417
1765260960,1.33294,1.33309,1.3328,1.3329,51.20488015097236,56.054236002201286,,,1182
1765261860,1.33291,1.33347,1.3329,1.33307,54.62342696501981,55.87064705443679,,,1271
1765262760,1.33307,1.33324,1.33285,1.33311,55.41492599633178,55.65286172576722,,,1055
1765263660,1.3331,1.33325,1.33253,1.33259,44.538578361468964,55.03736594079214,,,1620
1765264560,1.33261,1.33277,1.33232,1.33269,46.704909615871486,54.33385146321732,,,1333
1765265460,1.3327,1.33311,1.33259,1.33278,48.64897202466676,54.034592616286716,,,1175
1765266360,1.33276,1.33319,1.33268,1.33315,55.7889621001362,54.2190573136301,,,1268
1765267260,1.33314,1.33338,1.33262,1.33284,49.57007471103319,53.824592945839846,,,1810
1765268160,1.33286,1.33398,1.33275,1.33398,65.01471179299708,54.51945331071007,,,1635
1765269060,1.33397,1.33433,1.33356,1.3343,67.97921027296653,55.24383777818116,,,1905
1765269960,1.33429,1.33513,1.33405,1.33431,68.07026359895409,55.446525946766506,,,2069
1765270860,1.33432,1.3351,1.33425,1.33481,72.3100217001938,56.10343064617003,,,2152
1765271760,1.33481,1.33562,1.33481,1.3351,74.4307111316083,57.59724849421064,,,2403
1765272660,1.33509,1.33511,1.33412,1.33483,69.1227706555819,58.815887076985895,,,1991
1765273560,1.33483,1.33511,1.33454,1.33455,64.02367210349101,59.731515073594366,,,1932
1765274460,1.33454,1.3349,1.33425,1.33427,59.31175414659793,60.066395586564234,,,1740
1765275360,1.33428,1.33446,1.33348,1.33375,51.70163565618925,59.80116056226834,,,1574
1765276260,1.33375,1.33375,1.33295,1.33313,44.38863706189884,59.79045046944191,,,2092
1765277160,1.33311,1.33376,1.33299,1.33354,49.47784211164266,59.9885170762827,,,1775
1765278060,1.33353,1.33359,1.3324,1.33285,42.438996578319745,59.54494740154363,,,1704
1765278960,1.33284,1.33341,1.33283,1.33338,48.49956107108311,59.0242758994684,,,1466
1765279860,1.33339,1.33378,1.33272,1.33272,42.4987055267969,58.51917810059438,,,1587
1765280760,1.33271,1.3335,1.33267,1.33309,46.495468571334996,57.196375013332805,,,1671
1765281660,1.33308,1.33309,1.33209,1.33222,39.53668616618126,55.16476614856243,,,1774
1765282560,1.33223,1.33262,1.33195,1.332,37.98836400379261,53.01605903462233,,,1416
1765283460,1.33197,1.33212,1.33161,1.33168,35.79269226371896,50.40767836058841,,,1271
1765284360,1.33169,1.33236,1.33167,1.3321,40.64200341814264,47.994199238198,,,1833
1765285260,1.33215,1.33239,1.33195,1.33199,39.79429884402411,45.8993083945153,,,1552
1765286160,1.33203,1.33276,1.33134,1.3315,36.17468489200668,43.91009502226642,,,2282
1765287060,1.33149,1.33169,1.33102,1.33158,37.17935248880138,42.32920918956667,,,2338
1765287960,1.33159,1.33204,1.33102,1.33148,36.40788161477297,41.23679818660837,,,2358
1765288860,1.33149,1.33205,1.33099,1.33143,36.00558876174485,40.63800902231166,,,2088
1765289760,1.33144,1.33152,1.3301,1.33139,35.66605988894156,39.65145314926157,,,2573
1765290660,1.3314,1.33168,1.33066,1.33097,32.2294254300824,38.92219806724462,,,3723
1765291560,1.33098,1.33171,1.32943,1.33004,26.20764918502354,37.3299186468118,,,2764
1765292460,1.33004,1.33026,1.32873,1.32953,23.6032056181144,35.98024008190591,,,3886
1765293360,1.32952,1.33141,1.32938,1.33135,44.71693297713475,35.853201825177315,,,2985
1765294260,1.33134,1.33142,1.32949,1.3296,34.767210551854774,35.512524995582574,,,2523
1765295160,1.32964,1.32984,1.32907,1.32983,36.75886096388732,35.42470334987505,,,2630
1765296060,1.32983,1.33092,1.32982,1.33079,44.39059905281399,36.038839549096124,,,2284
1765296960,1.33079,1.33156,1.33077,1.33149,49.204128979506876,36.65041994633642,,,1859
1765297860,1.33147,1.33178,1.33096,1.33156,49.67326512778333,37.35606039517637,,,1679
1765298760,1.33155,1.33195,1.33126,1.33172,50.79196385790405,38.40015174988332,,,1731
1765299660,1.33171,1.33178,1.33111,1.33113,46.67205135977223,39.078201669238375,,,1495
1765300560,1.33112,1.33133,1.33043,1.33071,43.9397267062725,39.61619060434548,,,1819
1765301460,1.3307,1.33075,1.33012,1.33026,41.15942085875927,39.984321468417946,,,1345
1765302360,1.33025,1.33028,1.3296,1.32971,37.99498458979686,40.15067323276475,,,1321
1765303260,1.32972,1.32989,1.32945,1.32953,36.99259534323119,40.49089965513252,,,1271
1765304160,1.32955,1.33013,1.3291,1.33007,41.94121428142404,41.614725733446846,,,1320
1765305060,1.33008,1.33033,1.32934,1.32964,39.294634133535595,42.73554205597693,,,1263
1765305960,1.32965,1.3302,1.32958,1.33014,43.740213445992545,42.66577637518106,,,1244
1765306860,1.33013,1.33027,1.32955,1.32978,41.38996629743791,43.13883035700843,,,1150
1765307760,1.32977,1.33045,1.32975,1.33042,46.856875692241445,43.860117123319434,,,1477
1765308660,1.33041,1.33043,1.32979,1.32987,43.13338047564965,43.77031579637912,,,1294
1765309560,1.32989,1.3303,1.32988,1.33028,46.54360512923119,43.58027837850229,,,1097
1765310460,1.33025,1.3307,1.33025,1.33039,47.45405965254057,43.42176370169924,,,923
1765311360,1.3304,1.33045,1.32995,1.32995,44.21045266118278,42.95165575907629,,,940
1765312260,1.32994,1.33011,1.32976,1.32997,44.39649808961037,42.789116239779005,,,723
1765313160,1.32998,1.33011,1.32978,1.32991,43.92327403943819,42.78794104929085,,,1032
1765314060,1.3299,1.33024,1.32987,1.32989,43.75585006504722,42.973400278311416,,,832
1765314960,1.3299,1.32999,1.32982,1.32995,44.440061980261476,43.43376294905888,,,464
1765315860,1.32994,1.33033,1.32987,1.33026,47.962359211155864,44.21731751105351,,,372
1765316760,1.33027,1.33043,1.32962,1.32977,43.290634245927464,44.31370465137518,,,938
1765317660,1.3298,1.3298,1.3294,1.3298,43.65251138825867,44.62498159814111,,,17
1765318560,1.32978,1.3298,1.32938,1.32944,40.32693090640365,44.38117570245618,,,236
1765319460,1.32944,1.3298,1.32942,1.32976,44.38293562052244,44.59495922553366,,,414
1765320360,1.32977,1.33005,1.32964,1.33,47.27736609066458,44.62499425399245,,,1643
1765321260,1.32997,1.33024,1.32987,1.33007,48.1253386830358,44.98156269737717,,,399
1765322160,1.33008,1.33017,1.33,1.33,47.30595888837694,45.036016537316165,,,506
1765323060,1.33,1.33026,1.32999,1.33026,50.665805743737266,45.265426972401634,,,414
1765323960,1.33028,1.33043,1.33022,1.33035,51.81120755297757,45.80833803610126,,,351
1765324860,1.33036,1.33041,1.33,1.3304,52.47140970666162,46.38511743731921,,,637
1765325760,1.33039,1.33039,1.32998,1.33003,47.30644231056878,46.62677231382854,,,624
1765326660,1.33,1.33018,1.32994,1.33017,49.338490365328894,47.02553233527723,,,702
1765327560,1.33018,1.33047,1.32986,1.33015,49.04749909284873,47.354634986176315,,,1244
1765328460,1.33018,1.33039,1.32996,1.33008,47.98086632963406,47.355956923210464,,,1171
1765329360,1.33009,1.33028,1.3296,1.3297,42.56883771425148,47.304400028090754,,,959
1765330260,1.32969,1.33007,1.32967,1.32986,45.363295569425865,47.42659889817413,,,1084
1765331160,1.32987,1.33007,1.32972,1.32988,45.7188399145891,47.81173525590166,,,1022
1765332060,1.32987,1.3303,1.32979,1.33026,52.09719261642269,48.36275361275168,,,1034
1765332960,1.33028,1.33053,1.33017,1.33033,53.18841160430931,48.78497114944059,,,697
1765333860,1.33032,1.33041,1.32985,1.32987,45.804249902208625,48.619179093667206,,,703
1765334760,1.32988,1.33006,1.32986,1.33,48.001333529296524,48.66884871087576,,,703
1765335660,1.33001,1.33028,1.32984,1.33015,50.495134727081464,48.656657923971764,,,695
1765336560,1.33016,1.3304,1.32997,1.33005,48.81435574270171,48.442597080380644,,,1150
1765337460,1.33004,1.33027,1.3299,1.33008,49.35894585188845,48.220278233611126,,,774
1765338360,1.33009,1.33048,1.3299,1.33043,55.33021819808145,48.793405082719175,,,626
1765339260,1.33044,1.33051,1.33028,1.3305,56.436588982233076,49.30041212678375,,,812
1765340160,1.33049,1.3305,1.3303,1.33039,54.16622862591987,49.66603566486026,,,730
1765341060,1.33043,1.33073,1.33035,1.33065,58.423642062892576,50.41194821723587,,,852
1765341960,1.33064,1.33078,1.33047,1.33054,56.051443415977374,51.37499148164487,,,979
1765342860,1.33055,1.3307,1.33046,1.33053,55.82951226832058,52.12257838870878,,,860
1765343760,1.33052,1.33067,1.33042,1.3305,55.12436312738313,52.79440147533692,,,888
1765344660,1.33052,1.3309,1.33047,1.33087,61.5711039244587,53.47110942591092,,,1088
1765345560,1.33088,1.33099,1.33059,1.33069,57.26140392232972,53.76203744862666,,,1003
1765346460,1.33068,1.33106,1.33058,1.33105,62.8605326200082,54.980343357040915,,,904
1765347360,1.33104,1.33117,1.33091,1.331,61.652433389547724,55.95542191848743,,,1038
1765348260,1.33099,1.33101,1.33079,1.33086,58.2752737658639,56.511146135543314,,,1002
1765349160,1.33085,1.33142,1.33079,1.33137,65.65571978832264,57.71410071023052,,,1356
1765350060,1.33136,1.33212,1.33136,1.33208,72.85451178790656,59.3923554199461,,,1268
1765350960,1.33209,1.33239,1.33196,1.33199,70.82786437985384,60.49933014721555,,,1352
1765351860,1.33205,1.33224,1.33171,1.33197,70.35946485852413,61.49382128123634,,,1315
1765352760,1.33196,1.33258,1.33163,1.3322,72.6033101624273,62.810755676701156,,,2049
1765353660,1.33219,1.33269,1.33166,1.33177,63.000925405224734,63.13770448686773,,,2033
1765354560,1.33176,1.33241,1.33173,1.33195,65.08278307986592,63.78280017714549,,,1770
1765355460,1.33192,1.33272,1.33191,1.33212,66.9729125357193,64.57875733910254,,,1997
1765356360,1.33213,1.33242,1.33166,1.3318,60.35046824467333,64.95205056176613,,,1846
1765357260,1.33181,1.33185,1.33098,1.33101,47.78743190301793,63.96750256023464,,,2248
1765358160,1.33099,1.33147,1.33073,1.33138,52.74864162685878,63.645162396272426,,,1791
1765359060,1.33139,1.3315,1.331,1.33122,50.51341183796264,62.76322519755489,,,1395
1765359960,1.33121,1.3315,1.33096,1.33098,47.27718853349661,61.73642199355124,,,1613
1765360860,1.33097,1.33152,1.33084,1.33144,53.434953295767905,61.39068481711581,,,1607
1765361760,1.33143,1.33156,1.33085,1.33089,46.449492670686524,60.018811451570365,,,1513
1765362660,1.33088,1.33138,1.33086,1.33108,48.93310966271945,58.310139871199866,,,1734
1765363560,1.33107,1.33164,1.33067,1.3312,50.49476255264294,56.857775454970515,,,1811
1765364460,1.3312,1.33121,1.33073,1.33087,46.301451493629045,55.13934592890657,,,2035
1765365360,1.33088,1.3314,1.33078,1.33095,47.44096341127241,53.34203544668123,,,1361
1765366260,1.33096,1.33096,1.33023,1.33056,42.68546889910125,51.890931410529554,,,1455
1765367160,1.33057,1.33118,1.33017,1.33114,50.61402159479236,50.857448447310006,,,1649
1765368060,1.33115,1.33135,1.33099,1.33118,51.11626041280398,49.72483043853034,,,1270
1765368960,1.33119,1.33135,1.33071,1.33134,53.16787217043819,49.211787861799266,,,1369
1765369860,1.33135,1.33174,1.33134,1.33147,54.82677116560282,49.71459780912676,,,1341
1765370760,1.33148,1.33158,1.33117,1.33142,54.03398801538494,49.806408265450045,,,1419
1765371660,1.33143,1.3317,1.3309,1.33096,47.26295238999608,49.574232590595294,,,1738
1765372560,1.33097,1.33181,1.33049,1.33146,54.0091135672234,50.05508437871863,,,1895
1765373460,1.33148,1.33199,1.33117,1.33197,59.675369099624845,50.50082836470842,,,1956
1765374360,1.33196,1.33318,1.33191,1.33278,66.6939195857476,51.94685885864136,,,2244
1765375260,1.33279,1.33327,1.3324,1.33245,61.962215571396484,52.87750928068972,,,2604
1765376160,1.33246,1.33299,1.33242,1.3329,65.55132805597384,53.95297824521335,,,2007
1765377060,1.33296,1.33329,1.33245,1.33266,62.1814358122559,55.08726283940099,,,1971
1765377960,1.33266,1.33342,1.3323,1.33312,65.80947192343702,56.39929916169847,,,3088
1765378860,1.33317,1.33368,1.33292,1.33319,66.33867536346398,58.088813909152954,,,2433
1765379760,1.33318,1.33322,1.33197,1.3322,53.683232517385214,58.30804326076672,,,2110
1765380660,1.33221,1.33237,1.33174,1.33233,54.89992454137549,58.57830498423612,,,1899
1765381560,1.33232,1.33251,1.3315,1.33218,53.164534793392264,58.5780666001614,,,2768
1765382460,1.33217,1.33258,1.33156,1.33258,57.0623147969059,58.737748288111625,,,2111
1765383360,1.33258,1.33353,1.33256,1.33311,61.62003462882868,59.279608760500466,,,2248
1765384260,1.3331,1.33346,1.33281,1.33327,62.900323346519826,60.39656382882358,,,1563
1765385160,1.33328,1.33392,1.33318,1.33366,65.88740696849786,61.245013357486066,,,1479
1765386060,1.33367,1.33434,1.3332,1.33422,69.66433631245152,61.95851101554511,,,1255
1765386960,1.33423,1.3346,1.33396,1.33413,68.35446041025276,62.077121074438345,,,1356
1765387860,1.33412,1.33428,1.33384,1.3341,67.89618301395703,62.50097589176409,,,1155
1765388760,1.3341,1.33476,1.33402,1.33459,71.28277974943474,62.910365298439864,,,1499
1765389660,1.33458,1.33466,1.33413,1.33416,64.82062860351726,63.098879069244255,,,1372
1765390560,1.33415,1.33457,1.33398,1.3343,65.9043937134054,63.105659197099136,,,1187
1765391460,1.33429,1.33432,1.33335,1.33357,56.18485101682713,62.380386029482224,,,1397
1765392360,1.33358,1.33531,1.33235,1.33474,65.07510644430604,63.194091309976564,,,1853
1765393260,1.33475,1.33601,1.33414,1.33561,69.95664235214142,64.2695711536027,,,4693
1765394160,1.33562,1.3359,1.33404,1.33475,60.895726536039646,64.82179913522037,,,3982
1765395060,1.33474,1.33642,1.33274,1.33351,50.69920178698689,64.3672910630833,,,6086
1765395960,1.33356,1.33694,1.33295,1.3362,64.56197571749884,64.57742971227404,,,4802
1765396860,1.33619,1.33872,1.33596,1.33859,72.07506657415918,65.23276851424826,,,4331
1765397760,1.33858,1.33887,1.33764,1.3381,68.85214685043343,65.44453564867224,,,3499
1765398660,1.33811,1.33864,1.33747,1.33854,70.14321382987796,65.47874118563126,,,2751
1765399560,1.33857,1.3388,1.33819,1.33821,67.87099164106391,65.44420770211778,,,2103
1765400460,1.33822,1.33859,1.33798,1.3383,68.17379676556797,65.46403725580429,,,1311
1765401360,1.33829,1.33871,1.33818,1.33837,68.4230702098677,65.25977228869235,,,1068
1765402260,1.33838,1.3384,1.33802,1.33811,66.34453990564657,65.3686230959873,,,795
1765403160,1.3381,1.3384,1.33789,1.338,65.43882129460212,65.33536792321563,,,1241
1765404060,1.33817,1.33817,1.3371,1.33776,63.40499064427876,65.85109218231932,,,15
1765404960,1.33748,1.33777,1.33736,1.33777,63.4559553328362,65.73543853150004,,,330
1765405860,1.33774,1.3381,1.33771,1.3381,65.17934343774613,65.39420289475753,,,641
1765406760,1.33809,1.33821,1.3375,1.3376,60.52217691904753,65.36752077925809,,,890
1765407660,1.33816,1.33855,1.33799,1.33828,64.26211353336382,66.33630018971358,,,849
1765408560,1.33827,1.33863,1.33824,1.33853,65.55411834131864,66.40716751998643,,,746
1765409460,1.33852,1.33895,1.3385,1.33891,67.47867946269182,66.07885415488161,,,604
1765410360,1.3389,1.33916,1.33871,1.33877,66.01526317482515,65.87621960662388,,,562
1765411260,1.33876,1.33921,1.33861,1.33899,67.21838868301029,65.66730352470476,,,1111
1765412160,1.339,1.33914,1.33832,1.33857,62.65787289210714,65.29493789977927,,,850
1765413060,1.33855,1.33868,1.33839,1.33849,61.7978214832064,64.83951109389629,,,1283
1765413960,1.33848,1.33851,1.33762,1.33791,55.8160408538883,63.939008997040624,,,1804
1765414860,1.33792,1.33865,1.33784,1.3385,60.05208198113509,63.489547716718384,,,1817
1765415760,1.33851,1.33875,1.33825,1.33867,61.206172214991874,63.187215639603366,,,1358
1765416660,1.33868,1.33872,1.33839,1.33846,58.94091487963234,62.868353084985756,,,1292
1765417560,1.33845,1.33863,1.33803,1.33833,57.52165336284251,62.444474372843345,,,1255
1765418460,1.33832,1.33871,1.33781,1.33784,52.39995626840964,61.53166100360503,,,1294
1765419360,1.33785,1.33806,1.33777,1.33789,52.861188622846264,60.984447553876365,,,1189
1765420260,1.3379,1.33795,1.33739,1.3375,48.88245632177791,59.885900610191655,,,1442
1765421160,1.33751,1.33755,1.33699,1.33738,47.692959220953234,58.61010353016555,,,1264
1765422060,1.33737,1.33738,1.33678,1.33702,44.21677066018768,56.94853861570097,,,1680
1765422960,1.33705,1.33723,1.33662,1.33665,40.915924167822425,55.15572868662935,,,1310
1765423860,1.33666,1.33724,1.33666,1.33724,47.62958357109121,53.756528321492276,,,1186
1765424760,1.33725,1.33726,1.33663,1.33686,44.1499364072601,52.43453285828891,,,909
1765425660,1.33685,1.33695,1.33666,1.33672,42.90625774280522,51.08513544826026,,,1060
1765426560,1.33671,1.33678,1.33629,1.33646,40.61789179995382,49.99955337297923,,,856
1765427460,1.33647,1.3366,1.33635,1.33644,40.43922289701015,48.59863486697031,,,1210
1765428360,1.33645,1.33697,1.33641,1.33694,46.74601345387027,47.56576638403305,,,1059
1765429260,1.33695,1.33708,1.33674,1.33686,45.90839766678342,46.63487229740099,,,987
1765430160,1.33687,1.3369,1.33654,1.3366,43.19918045193065,45.61183851805014,,,1018
1765431060,1.33661,1.3367,1.33643,1.33646,41.76978211481551,44.85254036422199,,,970
1765431960,1.33648,1.33653,1.33615,1.33648,42.064704430401896,44.081362921904535,,,1047
1765432860,1.33649,1.33652,1.33624,1.33645,41.72334314746715,43.56999769516805,,,1089
1765433760,1.33645,1.33648,1.33593,1.33597,36.60487490107698,42.77799167231974,,,1142
1765434660,1.33598,1.33667,1.33597,1.3366,45.973056628611346,42.90344067006429,,,1091
1765435560,1.33662,1.33705,1.33644,1.33699,50.81826064337895,43.61075041831833,,,1091
1765436460,1.33697,1.33736,1.33658,1.33708,51.89050810493973,43.91510217073608,,,1746
1765437360,1.33707,1.33793,1.33695,1.33748,56.43638072315346,44.792705336157034,,,1656
1765438260,1.33747,1.33784,1.33698,1.33728,53.70396047999226,45.56396981738469,,,1715
1765439160,1.3373,1.3376,1.33687,1.33701,50.17236186849769,46.24643196513781,,,2067
1765440060,1.33703,1.33715,1.33658,1.33685,48.15159326110893,46.79731556257344,,,2145
1765440960,1.33685,1.33752,1.33674,1.3373,53.788945062911075,47.30038210607636,,,1881
1765441860,1.33729,1.33788,1.33718,1.33744,55.41317126367315,47.97929450585419,,,2001
1765442760,1.33745,1.33781,1.33651,1.33661,45.257169692223044,48.12629373730365,,,1929
1765443660,1.3366,1.33689,1.3357,1.33588,38.56282531103326,47.89722539417635,,,2440
1765444560,1.33587,1.33647,1.33569,1.33585,38.31201881823808,47.62917642187893,,,1729
1765445460,1.33584,1.33628,1.33546,1.33596,39.85661137471635,47.49583843811102,,,2095
1765446360,1.33595,1.33734,1.33585,1.3371,52.99292379849202,48.66641335935494,,,1842
1765447260,1.33711,1.33752,1.33679,1.33746,56.243152585076636,49.39999164195961,,,1896
1765448160,1.33747,1.33776,1.33719,1.33743,55.896306146613604,49.762709177904945,,,1936
1765449060,1.33743,1.33778,1.33722,1.33727,53.9841759032589,49.91225687778489,,,1673
1765449960,1.33726,1.3381,1.33725,1.3378,58.988861071601995,50.09457690267407,,,1638
1765450860,1.33779,1.33806,1.33773,1.33793,60.134169713782555,50.55387756223052,,,1770
1765451760,1.33796,1.33841,1.33755,1.33831,63.35563077009635,51.495539626630425,,,1636
1765452660,1.3383,1.33846,1.33757,1.33831,63.35563077009635,52.58154230584381,,,1478
1765453560,1.3383,1.33873,1.33827,1.33847,64.74672729383957,53.36424103662442,,,1342
1765454460,1.33844,1.33911,1.33786,1.33906,69.3650465535041,54.360803557326626,,,1752
1765455360,1.3391,1.33939,1.33882,1.33891,66.9632032927114,55.91123452879008,,,1798
1765456260,1.33893,1.33904,1.33837,1.33895,67.28848382391058,57.96306727970989,,,1671
1765457160,1.33896,1.33926,1.33849,1.3392,69.32157958563067,60.17803590595222,,,2010
1765458060,1.33923,1.33928,1.33847,1.33882,62.920173963670244,61.82543323373464,,,2016
1765458960,1.33883,1.33988,1.3388,1.33967,69.66754345789403,63.0164774951205,,,1863
1765459860,1.33966,1.34035,1.33874,1.34033,73.67344708339311,64.26149853071453,,,2776
1765460760,1.34034,1.34154,1.34018,1.34078,76.00070569436555,65.69752706983967,,,2655
1765461660,1.34076,1.34219,1.34071,1.34188,80.53127698659866,67.59374857579252,,,2606
1765462560,1.34187,1.34225,1.34164,1.34189,80.56719249712,69.13505796332952,,,2196
1765463460,1.3419,1.34266,1.34152,1.34202,81.05644614275369,70.62950627968459,,,3008
1765464360,1.34203,1.34221,1.34127,1.34133,70.85915307855595,71.16547215886028,,,3178
1765465260,1.34132,1.34294,1.34116,1.34265,76.8573415969051,72.12988007506091,,,3199
1765466160,1.34266,1.34274,1.34182,1.34234,73.05425758548841,72.72327509589296,,,2977
1765467060,1.34233,1.34296,1.34211,1.34285,75.22614504074006,73.1419249878384,,,2177
1765467960,1.34286,1.34359,1.34254,1.34346,77.55630562345542,73.89857515432011,,,2635
1765468860,1.34347,1.34383,1.34235,1.34289,70.85030359673405,74.15299085237892,,,2274
1765469760,1.3429,1.34294,1.34176,1.34186,60.64575040973097,73.53328876838609,,,2209
1765470660,1.34187,1.34246,1.3416,1.34239,63.55458177581481,73.57860361211068,,,1992
1765471560,1.3424,1.34309,1.34235,1.34274,65.37469089725064,73.27197128635046,,,2057
1765472460,1.34275,1.34299,1.34243,1.34249,62.95617219499352,72.50645165146479,,,1945
1765473360,1.34248,1.34288,1.34213,1.34223,60.45142240722664,71.3957885595263,,,1798
1765474260,1.34224,1.3423,1.34166,1.34226,60.6459797957657,69.97541018875252,,,1701
1765475160,1.34227,1.34247,1.34198,1.34209,58.87837557628791,68.42620898012164,,,1230
1765476060,1.34208,1.34244,1.34175,1.3421,58.95416138823976,66.84747435479923,,,1320
1765476960,1.34209,1.34247,1.34157,1.34178,55.43349732969651,65.74564180130928,,,1351
1765477860,1.34179,1.34187,1.34141,1.34172,54.77301271517534,64.16818973832858,,,1187
1765478760,1.34173,1.34177,1.34121,1.34125,49.77044222714204,62.50506006987526,,,1187
1765479660,1.34123,1.34127,1.34035,1.34054,43.33200396370864,60.22690713580159,,,1563
1765480560,1.34055,1.3409,1.34047,1.34067,44.74154416774498,57.88299560325084,,,1063
1765481460,1.34066,1.34068,1.33996,1.34003,39.52871370923373,55.64573918271511,,,1182
1765482360,1.34002,1.34005,1.33867,1.3388,31.84866912545324,53.5888048052667,,,1622
1765483260,1.33879,1.33895,1.33826,1.33848,30.20447927858129,51.20665462689288,,,1388
1765484160,1.33846,1.33935,1.33841,1.33917,37.675858400069316,49.228166591379924,,,1006
1765485060,1.33916,1.3395,1.33911,1.33923,38.29442218416117,47.466613019177615,,,972
1765485960,1.33924,1.33949,1.33917,1.3394,40.10817493991532,46.013523914369664,,,963
1765486860,1.33941,1.33959,1.33925,1.33938,39.959362932488766,44.5359084241356,,,636
1765487760,1.33939,1.33952,1.33935,1.3395,41.36507819044606,43.28495861086118,,,337
1765488660,1.33951,1.33951,1.33928,1.33934,40.01968521653002,41.93249602716764,,,496
1765489560,1.33935,1.33936,1.33848,1.33862,34.57064530230903,40.44229231092567,,,929
1765490460,1.33861,1.33927,1.33861,1.33883,37.25415266395039,39.190945164409605,,,180
1765491360,1.33881,1.33895,1.33847,1.33856,35.252236082864286,38.15393043981834,,,424
1765492260,1.33856,1.33917,1.33855,1.33914,42.411318100987025,38.088167163909645,,,1177
1765493160,1.33913,1.3392,1.33888,1.33894,40.738590408473144,37.80224189539023,,,734
1765494060,1.33916,1.33931,1.339,1.33902,41.72860941792229,37.959377303153694,,,605
1765494960,1.33901,1.33912,1.33899,1.33905,42.11911091289998,38.69298028797132,,,456
1765495860,1.33903,1.33923,1.33896,1.33921,44.26438852304302,39.69725951971859,,,477
1765496760,1.33922,1.3395,1.33905,1.3395,48.024572345509945,40.43645337296435,,,467
1765497660,1.33949,1.33955,1.33922,1.33949,47.90455616185739,41.122891514228364,,,1521
1765498560,1.33946,1.33949,1.33925,1.33929,45.457753443646524,41.50500426449488,,,1109
1765499460,1.3393,1.33954,1.33928,1.33953,48.834987408280696,42.13897744133716,,,1861
1765500360,1.33952,1.33959,1.33928,1.33937,46.75642601127181,42.524073714253284,,,1821
1765501260,1.33938,1.33961,1.33898,1.33961,50.181709642840474,43.249932601846886,,,1517
1765502160,1.33963,1.33999,1.33961,1.33997,54.87152690934831,44.69999557377827,,,1112
1765503060,1.33996,1.33996,1.33926,1.3395,48.457795157826446,45.50025575191227,,,1279
1765503960,1.33949,1.33949,1.33909,1.33921,44.96537273686985,46.19405122719838,,,1345
1765504860,1.33922,1.33951,1.33903,1.33939,47.494813504560355,46.557158041739335,,,953
1765505760,1.33932,1.33935,1.33906,1.33914,44.43980241690939,46.821530328056205,,,981
1765506660,1.33911,1.33939,1.33904,1.33918,45.048845605467655,47.05869005573801,,,1033
1765507560,1.33919,1.33923,1.33906,1.33909,43.88324374342983,47.18469954363301,,,1417
1765508460,1.3391,1.33913,1.33895,1.33911,44.2285865284433,47.18214225830445,,,1011
1765509360,1.33909,1.33927,1.339,1.33917,45.31582651915829,46.98866041356505,,,953
1765510260,1.33918,1.33935,1.33915,1.33921,46.07062767533969,46.857665521670924,,,647
1765511160,1.3392,1.3394,1.33903,1.33908,43.94751393401297,46.74979127098282,,,904
1765512060,1.33907,1.33907,1.33894,1.33899,42.487704257999866,46.29641390310562,,,483
1765512960,1.33898,1.33931,1.3389,1.33928,48.43177881531613,46.41608196053736,,,898
1765513860,1.33926,1.33941,1.33916,1.33931,49.01878364911549,46.33301581812844,,,582
1765514760,1.3393,1.3394,1.33884,1.33895,42.73262890871348,45.465951675225945,,,817
1765515660,1.33896,1.3392,1.33894,1.33918,47.37583316211502,45.388668675532266,,,892
1765516560,1.33919,1.33929,1.33905,1.33927,49.114451897459375,45.685031472717235,,,739
1765517460,1.33926,1.33954,1.33922,1.33947,52.84298178156921,46.06704349250357,,,1081
1765518360,1.33944,1.3397,1.3394,1.33959,54.97472776154532,46.819538159977576,,,1047
1765519260,1.33957,1.3399,1.33952,1.33975,57.71918154582974,47.72456215571773,,,1310
1765520160,1.33973,1.33976,1.33946,1.3396,54.373077443713605,48.47383599145228,,,1027
1765521060,1.33959,1.33965,1.33925,1.33928,47.98242914365923,48.74196760682485,,,1084
1765521960,1.33927,1.33959,1.33814,1.3383,34.57859318301958,47.97502236852922,,,1264
1765522860,1.33831,1.33896,1.33746,1.33856,39.414186542721495,47.49956228762792,,,2050
1765523760,1.33855,1.33893,1.3383,1.33859,39.96558150263743,47.215138542529665,,,1674
1765524660,1.3386,1.33908,1.33849,1.33866,41.30783168526987,47.13086193019181,,,1601
1765525560,1.33865,1.339,1.33805,1.33805,34.14374549293463,46.110288121450274,,,1826
1765526460,1.33804,1.33885,1.33771,1.33804,34.03952174142002,45.040340842329165,,,2274
1765527360,1.33805,1.33869,1.33773,1.33854,43.350702491255426,45.084488955367874,,,2300
1765528260,1.33857,1.33868,1.33806,1.33831,40.51732620746975,44.59459560146464,,,1678
1765529160,1.33832,1.33855,1.3376,1.33766,33.79485557504822,43.50033872129241,,,2136
1765530060,1.33765,1.33819,1.33751,1.33797,38.99357889367722,42.51109565787156,,,1888
1765530960,1.33796,1.33805,1.33738,1.33749,34.47893925531831,41.04711076456962,,,1901
1765531860,1.3375,1.33797,1.33734,1.33771,38.02088180723158,39.64008935466976,,,1714
1765532760,1.33769,1.33859,1.33754,1.33817,44.74661060715581,38.952484580629914,,,1612
1765533660,1.33816,1.33834,1.33799,1.33809,43.85529233977018,38.65768909463784,,,1754
1765534560,1.3381,1.3381,1.33691,1.33717,35.1773252189425,38.70045566863234,,,1671
1765535460,1.33716,1.33749,1.33714,1.3372,35.62466099210161,38.42977527215949,,,1080
1765536360,1.33723,1.33765,1.33722,1.33763,41.821898125437144,38.56236931664518,,,1445
1765537260,1.33762,1.33783,1.33733,1.3374,39.624606926184846,38.442138976710545,,,1365
1765538160,1.33741,1.33751,1.33678,1.33693,35.517966525776984,38.540297621913574,,,1216
1765539060,1.33693,1.33729,1.3368,1.33729,40.596335707826334,39.00864147665688,,,927
1765539960,1.33729,1.33765,1.33726,1.33728,40.500917207603415,38.805085384967455,,,1345
1765540860,1.33726,1.33771,1.33682,1.3369,36.94710521792122,38.5500695999997,,,1557
1765541760,1.33691,1.33728,1.33672,1.33694,37.56811312294569,38.81958799627809,,,1052
1765542660,1.33691,1.33712,1.3366,1.3366,34.461219723550485,38.49584805555476,,,1220
1765543560,1.33658,1.33749,1.33646,1.33736,45.342418397726604,39.27181085144107,,,1591
1765544460,1.33736,1.33834,1.33736,1.33787,51.1978463363856,40.2130226035235,,,1881
1765545360,1.33788,1.33807,1.33755,1.33797,52.277406312999375,40.75093658251233,,,1699
1765546260,1.33797,1.33831,1.3378,1.3381,53.710960111254586,41.45491285190407,,,1624
1765547160,1.33809,1.33809,1.33667,1.33678,40.430472163840086,41.83013763368247,,,1867
1765548060,1.33675,1.33717,1.33631,1.33662,39.16633334692568,42.08311423045562,,,2130
1765548960,1.33661,1.33716,1.33633,1.33713,45.062744883033254,42.31460328456962,,,1893
1765549860,1.33711,1.33781,1.33711,1.33742,48.140838265020356,42.92290552305788,,,2425
1765550760,1.33743,1.33774,1.33711,1.33711,45.22387483520542,43.61618468801705,,,2462
1765551660,1.3371,1.33783,1.33652,1.3366,40.83965277733346,43.63356447869614,,,2412
1765552560,1.33661,1.33673,1.33591,1.33648,39.86047181618987,43.587818379309454,,,2729
1765553460,1.33649,1.33676,1.3361,1.33625,37.98082362448435,43.66165540834968,,,2675
1765554360,1.33624,1.33636,1.33522,1.33568,33.73513368436218,43.387871162736566,,,3006
1765555260,1.3357,1.33589,1.33512,1.33568,33.73513368436218,43.33600787422312,,,3407
1765556160,1.33569,1.33597,1.33537,1.3355,32.40832736962251,42.41214422935854,,,2391
1765557060,1.33549,1.3355,1.3342,1.33468,27.166478748326696,40.695617973068615,,,2777
1765557960,1.33468,1.33514,1.33448,1.33511,33.26237917444246,39.33740174888599,,,2162
1765558860,1.3351,1.3355,1.33479,1.33547,37.94513107139737,38.21127110318189,,,1815
1765559760,1.33548,1.33672,1.33548,1.33649,48.88809257082789,38.81538684653816,,,1988
1765560660,1.33651,1.3373,1.33635,1.33709,54.02409326472156,39.87665541209501,,,1579
1765561560,1.3371,1.33737,1.33702,1.33737,56.23427786330009,40.674622053542635,,,1577
1765562460,1.33738,1.33769,1.33716,1.33762,58.16791261140806,41.39084164971319,,,1655
1765563360,1.33761,1.33765,1.33715,1.33729,54.730524520149466,42.069888055780616,,,1449
1765564260,1.33728,1.33746,1.33691,1.33698,51.64314372834126,42.84156598085259,,,1227
1765565160,1.33697,1.33697,1.33599,1.33608,43.9004048680673,43.13013262741527,,,1570
1765566060,1.33606,1.33615,1.33569,1.336,43.27925855282069,43.50859226515358,,,1288
1765566960,1.33601,1.33603,1.33567,1.33602,43.494507356041915,44.205690384559276,,,1053
1765567860,1.33601,1.33607,1.33576,1.33586,42.11750048873496,44.804430870585904,,,851
1765568760,1.33581,1.33702,1.33566,1.33702,53.58953192683034,46.317374053243604,,,1337
1765569660,1.33703,1.33747,1.33687,1.33712,54.42805934739516,48.264629810319924,,,1195
1765570560,1.33713,1.33741,1.33686,1.33687,51.90329448497292,49.5961237610721,,,900
1765571460,1.33688,1.33717,1.33653,1.33716,54.53775468259206,50.78131116187172,,,1168
1765572360,1.33717,1.33733,1.33646,1.33648,47.9109161924616,50.711512849131275,,,1709
1765573260,1.33647,1.33727,1.33647,1.33689,51.72012594745357,50.54694375504071,,,558
1765574160,1.3369,1.3372,1.33644,1.33646,47.774183684380084,49.942651313689275,,,531
1765575060,1.33647,1.33696,1.33641,1.33662,49.32347881895571,49.31090604279983,,,557
1765575960,1.33662,1.33689,1.33661,1.33672,50.315530456274324,48.9955493239516,,,1017
1765749660,1.33712,1.33718,1.33669,1.33669,49.99930459332368,48.87813224287891,,,227
1765750560,1.33667,1.33679,1.33624,1.33655,48.468409047260735,49.20441825567845,,,795
1765751460,1.33656,1.3371,1.33543,1.33705,53.897562704248664,49.96286855220901,,,696
1765752360,1.33712,1.33723,1.33636,1.33684,51.445993728681266,50.5308318645404,,,974
1765753260,1.33699,1.33699,1.3365,1.33688,51.8948342781866,51.22921284950123,,,894
1765754160,1.33686,1.33709,1.33684,1.33697,52.94874881169831,51.1834426269918,,,836
1765755060,1.33697,1.3372,1.33688,1.3372,55.62439088072982,51.26889487937285,,,387
1765755960,1.33715,1.3372,1.3367,1.33671,49.204670734097164,51.076136040024586,,,512
1765756860,1.33671,1.33673,1.33606,1.33609,42.51807968651642,50.21758782601918,,,1149
1765757760,1.33609,1.33613,1.33578,1.33582,39.97068200540653,49.65042824122953,,,561
1765758660,1.33583,1.33611,1.3356,1.336,42.44633361036471,48.98801450286603,,,752
1765759560,1.33601,1.33664,1.336,1.33647,48.42711070845866,49.034652147443076,,,1015
1765760460,1.33641,1.33649,1.33574,1.33593,42.90986466768319,48.57653685092361,,,1201
1765761360,1.33592,1.33625,1.33582,1.33623,46.55295288084028,48.30778130982117,,,810
1765762260,1.33621,1.33696,1.33611,1.33679,52.62963851244171,48.49566230404389,,,939
1765763160,1.3368,1.33744,1.33668,1.33732,57.54894688732061,49.14427214976245,,,1017
1765764060,1.33731,1.33743,1.33653,1.33665,50.42059785381735,48.895917517588785,,,1540
1765764960,1.33666,1.33702,1.33642,1.33698,53.477215372164416,49.041004777837585,,,1140
1765765860,1.33697,1.33706,1.33664,1.33705,54.12331666313745,49.200182091048354,,,1248
1765766760,1.33704,1.33734,1.33663,1.33682,51.58818992045513,49.102999313102416,,,1170
1765767660,1.33684,1.33703,1.33623,1.33623,45.67764119248175,48.39251719251327,,,1011
1765768560,1.33624,1.33655,1.33613,1.33613,44.741965721264485,48.0737525487395,,,1126
1765769460,1.33612,1.33635,1.33585,1.33588,42.40341342621853,48.06556210157537,,,796
1765770360,1.33587,1.33598,1.33553,1.33558,39.7204652636136,48.04768947716159,,,606
1765771260,1.33559,1.33583,1.3355,1.33554,39.36284561643279,47.82744033473788,,,832
1765772160,1.33553,1.3359,1.33553,1.33589,44.10497032508974,47.518716021640095,,,792
1765773060,1.3359,1.33603,1.33575,1.33597,45.160652201361884,47.67948655976,,,712
1765773960,1.33598,1.33605,1.3358,1.33582,43.501633081920836,47.461535145551466,,,626
1765774860,1.33583,1.33586,1.3356,1.33574,42.60273170787862,46.74532751665409,,,766
1765775760,1.33573,1.33575,1.33558,1.33566,41.67532514794054,45.611497392412666,,,714
1765776660,1.33567,1.33635,1.33559,1.33615,48.998603780979394,45.50992638720995,,,1217
1765777560,1.33618,1.33659,1.3361,1.33637,51.9177084881761,45.39853303835365,,,937
1765778460,1.33638,1.33638,1.33576,1.33616,49.03277768050021,45.034923111022415,,,995
1765779360,1.33615,1.33648,1.33595,1.33641,52.42222881090127,45.094497317482855,,,1282
1765780260,1.33642,1.33668,1.33609,1.33668,55.83804973306287,45.82024078466721,,,1034
1765781160,1.33667,1.33699,1.33643,1.33693,58.78838621795845,46.82355653443107,,,1128
1765782060,1.33697,1.33701,1.33621,1.33646,51.78412292253332,47.49360721273927,,,1744
1765782960,1.33645,1.33666,1.33613,1.33617,47.9851791280925,48.083943917344904,,,1422
1765783860,1.33616,1.3366,1.33583,1.33597,45.505763524266875,48.52272376790448,,,1767
1765784760,1.33595,1.33652,1.33593,1.33642,51.569351655220714,49.055893862913834,,,2159
1765785660,1.33642,1.33677,1.33613,1.33672,55.15208742952828,49.769567807782856,,,2154
1765786560,1.33673,1.33726,1.33657,1.33705,58.76561511234389,50.85985223852737,,,2190
1765787460,1.33706,1.33736,1.33671,1.3371,59.30069289139992,52.05256375163602,,,1662
1765788360,1.33711,1.33737,1.33654,1.33673,53.74298655367409,52.91453956633128,,,1822
1765789260,1.33675,1.33828,1.33675,1.33806,66.05743752394665,54.133027690828946,,,1870
1765790160,1.33806,1.33839,1.33772,1.33834,67.98949928784847,55.2810127479484,,,1554
1765791060,1.33832,1.3386,1.33796,1.33858,69.58746303838424,56.749204559225824,,,1351
1765791960,1.33859,1.33887,1.33838,1.33876,70.76617070721161,58.05948612324799,,,1407
1765792860,1.33875,1.33878,1.33817,1.33818,62.377015611205195,58.526555114543875,,,1232
1765793760,1.33818,1.33861,1.3377,1.33791,58.87784675255397,58.53294515272927,,,1569
1765794660,1.33789,1.33811,1.33746,1.33748,53.71026910092035,58.67052702261406,,,1562
1765795560,1.33747,1.33814,1.33747,1.33797,58.2112463603104,59.40096039634391,,,1092
1765796460,1.33796,1.3387,1.33796,1.33868,63.71651051754171,60.70172803872068,,,888
1765797360,1.33866,1.33897,1.33856,1.3387,63.86093869871002,61.57969854182706,,,1072
1765798260,1.33869,1.33897,1.33853,1.3388,64.61927921228023,62.25592652630934,,,981
1765799160,1.33882,1.33887,1.33831,1.33858,61.55883043693843,62.455441906637525,,,1396
1765800060,1.3386,1.33894,1.33852,1.33893,64.44396686690146,62.82281861917335,,,1150
1765800960,1.33892,1.33909,1.33863,1.33908,65.6343909524259,63.67220464765562,,,1116
1765801860,1.33907,1.33932,1.33886,1.33918,66.44105033037135,63.69960556240024,,,1248
1765802760,1.33919,1.33944,1.33875,1.33912,65.44838915165798,63.51809769552949,,,1943
1765803660,1.33913,1.33913,1.33865,1.33895,62.59483950481099,63.01862458598854,,,1581
1765804560,1.33894,1.33902,1.33853,1.33902,63.30431159003912,62.48563464904765,,,1230
1765805460,1.33903,1.33921,1.33887,1.33912,64.34474427943749,62.626186696778525,,,1541
1765806360,1.33911,1.33966,1.3383,1.33842,53.01370317686429,62.207319298514975,,,2101
1765807260,1.33841,1.33883,1.33826,1.33866,55.88228741513549,62.36246346381605,,,1880
1765808160,1.33867,1.33912,1.33839,1.33908,60.43462451121015,62.52127618888033,,,1858
1765809060,1.33907,1.34,1.33893,1.33997,67.97560419857842,62.825497166097236,,,2408
1765809960,1.33996,1.34015,1.33923,1.33961,62.764566773143805,62.747184885699646,,,2849
1765810860,1.3396,1.33979,1.33875,1.33923,57.733449913957074,62.25533993581943,,,2891
1765811760,1.33926,1.33963,1.33812,1.33864,50.90997150354186,61.494707154862525,,,3336
1765812660,1.33865,1.33972,1.33846,1.33946,58.28865713738864,61.055042174183036,,,2622
1765813560,1.33947,1.33957,1.33894,1.33939,57.49418527821055,60.47359891173909,,,2519
1765814460,1.3394,1.33944,1.33876,1.33918,55.06919963731167,59.66132386223482,,,2042
1765815360,1.33917,1.33933,1.33814,1.33824,45.76441359445285,58.25532560814874,,,1926
1765816260,1.33823,1.33824,1.33735,1.33783,42.39931959289474,56.81278847158329,,,2422
1765817160,1.33784,1.33822,1.33768,1.33787,42.8409057542582,55.35111662617037,,,2257
1765818060,1.33788,1.33797,1.33746,1.33757,40.34285955319771,53.63669628858181,,,1745
1765818960,1.33758,1.33783,1.33736,1.3375,39.76028332264048,52.690023441851544,,,1318
1765819860,1.33751,1.33755,1.33669,1.33681,34.4754450844149,51.1609632753715,,,1626
1765820760,1.33678,1.33699,1.33656,1.33675,34.051600536265966,49.27646156287549,,,1327
1765821660,1.33676,1.33751,1.33658,1.33692,36.436059678345025,47.02363695428739,,,1210
1765822560,1.33691,1.3371,1.33607,1.33607,30.49837634502687,44.718909066564756,,,1181
1765823460,1.33608,1.33648,1.33595,1.33633,34.03924913047713,43.02646615345905,,,1368
1765824360,1.33632,1.33673,1.33608,1.33666,38.33352344725399,42.12814843515277,,,1250
1765825260,1.33665,1.33669,1.33622,1.33629,35.539750933942315,40.50322656347804,,,1030
1765826160,1.33628,1.33653,1.33622,1.33647,37.91050178508662,39.10439202825489,,,826
1765827060,1.33648,1.33685,1.3364,1.33682,42.350375727059564,38.195904606094025,,,751
1765827960,1.33681,1.33731,1.33679,1.3371,45.695868037578414,38.191008494888706,,,968
1765828860,1.33708,1.33748,1.33706,1.33742,49.315896259754716,38.68504968537871,,,817
1765829760,1.33744,1.33757,1.33714,1.33715,46.49930387445847,38.94636383682159,,,962
1765830660,1.33716,1.33742,1.33699,1.33738,49.16288962363926,39.576365984710264,,,1018
1765831560,1.33738,1.33749,1.33714,1.33747,50.207538173275694,40.32259847404135,,,811
1765832460,1.33739,1.33764,1.33717,1.33762,51.97869390782236,41.57283053285617,,,409
1765833360,1.33763,1.3377,1.33736,1.33742,49.45284232346797,42.67291923194203,,,432
1765834260,1.33743,1.33745,1.33719,1.33721,46.87701695797117,43.418701894772475,,,372
1765835160,1.33723,1.33781,1.33713,1.33768,52.80230168427912,45.01183941900478,,,1272
1765836060,1.33702,1.33715,1.33697,1.33715,46.50328066964932,45.90212738608851,,,67
1765836960,1.33699,1.33707,1.3367,1.33701,44.9769553598498,46.3766582369882,,,323
1765837860,1.33703,1.33738,1.33701,1.33728,48.48842376266709,47.30156343903997,,,784
1765838760,1.33727,1.33755,1.33678,1.33755,51.801006966111764,48.29374238054176,,,998
1765839660,1.33771,1.33808,1.33771,1.33789,55.66722800334038,49.24494611456182,,,692
1765840560,1.33788,1.33795,1.33761,1.33788,55.52615235292837,49.94710927994396,,,822
1765841460,1.33789,1.338,1.33776,1.33797,56.59236968012471,50.46685738139896,,,391
1765842360,1.33798,1.3381,1.33787,1.33807,57.802873281890086,51.274255196215506,,,391
1765843260,1.33808,1.33835,1.33807,1.33821,59.5054598347222,52.01301021129286,,,1092
1765844160,1.33822,1.33822,1.33768,1.33778,52.49894567732981,52.17668217586815,,,1195
1765845060,1.33777,1.33777,1.33733,1.33735,46.591055410464335,51.7918508546283,,,1384
1765845960,1.33736,1.33738,1.33677,1.33695,41.87076271048763,51.25027373941541,,,1763
1765846860,1.33694,1.33729,1.33657,1.3367,39.19780072389385,50.70175829412418,,,1687
1765847760,1.33666,1.33681,1.33642,1.33662,38.35402406284369,49.66973846402164,,,1451
1765848660,1.33664,1.33708,1.33659,1.33678,41.08553188250386,49.28275640779697,,,1898
1765849560,1.33677,1.33684,1.33617,1.33668,39.89569227457486,48.919809044563046,,,1930
1765850460,1.33669,1.33684,1.33656,1.33678,41.71351714679742,48.435887143429504,,,1498
1765851360,1.33679,1.33702,1.33663,1.33698,45.278204611105956,47.969972689500516,,,1269
1765852260,1.33697,1.3371,1.33677,1.33695,44.83526018001855,47.19626070212039,,,1275
1765853160,1.33695,1.33704,1.33684,1.33692,44.367834079010954,46.39923796826914,,,1387
1765854060,1.33693,1.33741,1.33678,1.3368,42.46093590654,45.38984984158452,,,1399
1765854960,1.33681,1.33688,1.3365,1.33654,38.59085163019933,44.01756258074946,,,1650
1765855860,1.33653,1.33656,1.33626,1.33645,37.322737914084016,42.43308244356103,,,1472
1765856760,1.33643,1.33674,1.33641,1.33663,41.465592972780456,41.6449858218075,,,997
1765857660,1.33661,1.3367,1.33645,1.33656,40.34865513267122,41.199100087679426,,,961
1765858560,1.33657,1.337,1.33655,1.33679,45.539491028942116,41.46115211042617,,,989
1765859460,1.3368,1.33693,1.33675,1.33689,47.67160927168465,42.06642414955409,,,702
1765860360,1.3369,1.33691,1.33668,1.33676,45.19451055997226,42.555030327920406,,,949
1765861260,1.33677,1.33696,1.33655,1.33671,44.24230098980872,42.78051383558505,,,1189
1765862160,1.33669,1.33682,1.33654,1.33657,41.59942436198676,42.90220898468589,,,1414
1765863060,1.33656,1.33681,1.3364,1.33673,45.5990753489838,43.179748856270635,,,1240
1765863960,1.33673,1.33681,1.33609,1.33616,36.11089766456247,42.52494121723181,,,1335
1765864860,1.33615,1.33631,1.33599,1.33602,34.22709800252481,41.76721534741083,,,1107
1765865760,1.33604,1.33604,1.33553,1.3357,30.332113543342587,40.76466388057737,,,1329
1765866660,1.33569,1.3362,1.33565,1.3361,39.58680882925026,40.5593690893424,,,964
1765867560,1.33609,1.33785,1.33609,1.33743,59.06050235772085,42.021486998451074,,,1121
1765868460,1.33742,1.33783,1.33622,1.33654,47.92724874582635,42.77895205786125,,,1647
1765869360,1.33656,1.33682,1.33631,1.3366,48.63028552326751,43.29071581146746,,,1398
1765870260,1.33658,1.33719,1.33648,1.33697,52.8571516788412,44.184179850479595,,,1756
1765871160,1.33698,1.33784,1.33694,1.33766,59.542743041630786,45.18441213710021,,,1956
1765872060,1.33767,1.33869,1.33764,1.33823,64.07515485260261,46.356093964308634,,,2115
1765872960,1.33822,1.33937,1.33805,1.33815,63.0082392000635,47.62850315288658,,,2175
1765873860,1.33813,1.33867,1.33779,1.33866,66.80315469401981,49.239992703187376,,,2015
1765874760,1.33864,1.33949,1.33863,1.33947,71.7586016142084,51.394219649774634,,,1812
1765875660,1.33947,1.34023,1.33923,1.33994,74.16816722787765,53.43486906969563,,,2186
1765876560,1.33995,1.34158,1.33931,1.34149,80.17541120994625,56.58233432293732,,,2010
1765877460,1.34148,1.34155,1.3405,1.3409,73.19756077727382,59.36593880684797,,,2303
1765878360,1.34091,1.34137,1.34069,1.34132,74.87399263442192,62.54750159906792,,,2123
1765879260,1.34129,1.34142,1.34068,1.34074,68.50196029210805,64.61286956070062,,,1862
1765880160,1.34073,1.34121,1.34066,1.34116,70.46229279411656,65.42728316330032,,,1683
1765881060,1.34128,1.34239,1.34084,1.34226,74.8730579116174,67.35198381799968,,,2214
1765881960,1.34225,1.34269,1.34205,1.34227,74.90973833491758,69.22908759026039,,,1973
1765882860,1.34226,1.34234,1.34163,1.34168,68.55134519962407,70.35010141317346,,,1617
1765883760,1.34168,1.34182,1.34116,1.34169,68.5999939288404,70.99704790511701,,,1556
1765884660,1.34168,1.34244,1.34165,1.34225,71.27938368348151,71.51163567875122,,,1710
1765885560,1.34224,1.34323,1.34201,1.34317,75.04659859788376,72.37151849288124,,,1645
1765886460,1.34316,1.34318,1.34265,1.3429,72.0593088124744,72.74695807277085,,,1655
1765887360,1.34289,1.34352,1.34289,1.34306,72.7515058701386,72.8178798053373,,,1611
1765888260,1.34307,1.34323,1.34284,1.34294,71.32433400545801,72.61474886087875,,,1441
1765889160,1.34293,1.34377,1.34265,1.3437,74.70832301884352,72.22424256151427,,,1993
1765890060,1.34368,1.34394,1.3431,1.34312,68.10318441713973,71.86035853579041,,,2283
1765890960,1.34314,1.34516,1.3428,1.34471,74.70545878545899,71.84832040372162,,,2778
1765891860,1.34471,1.34561,1.34131,1.34175,52.79618249205187,70.72647913228903,,,5601
1765892760,1.34176,1.34272,1.34106,1.34254,56.465843074862526,69.72673272377088,,,4325
1765893660,1.34255,1.34267,1.34163,1.34178,52.25698476188147,68.11129892736118,,,3519
1765894560,1.34179,1.34341,1.34177,1.34339,59.19573172725853,66.98886988395695,,,3545
1765895460,1.34334,1.3437,1.34265,1.34298,56.926753704637356,66.15854192002935,,,3727
1765896360,1.34299,1.34459,1.34288,1.34416,61.50055411204649,65.65143907597263,,,3471
1765897260,1.34418,1.34476,1.34204,1.34209,51.224618810754386,64.21895587077783,,,3379
1765898160,1.34209,1.34209,1.3404,1.3413,47.93293732319117,62.282265779728355,,,3290
1765899060,1.34134,1.34188,1.34075,1.3414,48.3850763044684,60.59124917201365,,,2880
1765899960,1.34146,1.34213,1.34058,1.34159,49.28617737396759,58.91515427943,,,3063
1765900860,1.34158,1.34248,1.34119,1.34211,51.76798463456447,57.51827218150903,,,2796
1765901760,1.34212,1.34293,1.34199,1.34251,53.64712703313396,56.013901039672646,,,2571
1765902660,1.34252,1.34277,1.34208,1.3426,54.080625382854734,55.01228968008086,,,2636
1765903560,1.34259,1.34311,1.34206,1.34309,56.46767219629951,53.70959063799803,,,2154
1765904460,1.3431,1.34387,1.3429,1.34325,57.24915294106327,54.027659955784564,,,2235
1765905360,1.34326,1.34374,1.34315,1.34361,59.03123015066248,54.210901889770284,,,2000
1765906260,1.34362,1.34403,1.34323,1.34336,57.246578259949224,54.56730142534655,,,2280
1765907160,1.34337,1.34351,1.34202,1.34219,49.67721330783711,53.887407252530735,,,2321
1765908060,1.34218,1.34231,1.34138,1.34185,47.70326508797355,53.228586637054754,,,2406
1765908960,1.34186,1.34186,1.34088,1.3411,43.588738608649,51.949171243954936,,,1868
1765909860,1.34109,1.34206,1.34109,1.34199,49.189402198646256,51.80379862880435,,,1452
1765910760,1.342,1.34272,1.34195,1.34223,50.61333436298573,51.99525556021825,,,1814
1765911660,1.34222,1.34234,1.34125,1.34165,47.17278385848439,51.90866324264796,,,1991
1765912560,1.34166,1.34198,1.33998,1.34157,46.701222818153795,51.7240236315184,,,2621
1765913460,1.34158,1.34307,1.34158,1.34305,55.55325159629563,51.99439984307063,,,1920
1765914360,1.34306,1.34315,1.34239,1.34299,55.153333042481904,52.10198598659548,,,1802
1765915260,1.343,1.34341,1.34273,1.34275,53.494451099704925,52.06011639494192,,,1782
1765916160,1.34276,1.34276,1.34223,1.34249,51.680937205770626,51.71820675276128,,,1320
1765917060,1.3425,1.34351,1.34245,1.3435,57.68250616217779,51.749160554269466,,,1649
1765917960,1.34351,1.3436,1.34236,1.34237,50.17380095780953,51.116487040494256,,,1933
1765918860,1.34238,1.34249,1.34208,1.34218,49.01838133296332,50.52875868856669,,,908
1765919760,1.34217,1.34231,1.34206,1.3423,49.80459221812588,50.537857182158746,,,600
1765920660,1.34229,1.34241,1.34223,1.34238,50.354260704673045,50.727214011923,,,514
1765921560,1.34237,1.34254,1.3419,1.34193,47.2217934520188,50.986717929306565,,,618
1765922460,1.3421,1.3421,1.34202,1.34205,48.148128649206654,50.912341247203734,,,175
1765923360,1.34206,1.34207,1.34183,1.34194,47.32810054867173,50.67768168903846,,,329
1765924260,1.34194,1.34214,1.34194,1.34208,48.52960898389189,50.7745977694247,,,1103
1765925160,1.34209,1.34232,1.34191,1.34203,48.1075359471369,50.87504870720921,,,1227
1765926060,1.34204,1.34259,1.34204,1.34254,52.632794859825125,50.66644465460417,,,672
1765926960,1.34255,1.34259,1.34248,1.34253,52.53605374359864,50.479496133255374,,,469
1765927860,1.34252,1.34268,1.34244,1.34244,51.616513957336295,50.34535776594332,,,394
1765928760,1.34243,1.34271,1.34237,1.34257,52.89893124875208,50.432357340442,,,433
1765929660,1.34259,1.3426,1.34216,1.34228,49.73221369767829,49.864479307263466,,,725
1765930560,1.34226,1.34242,1.34224,1.34238,50.82538958742896,49.911021352236276,,,533
1765931460,1.34239,1.34251,1.3422,1.3425,52.16960894602838,50.13610903888378,,,908
1765932360,1.34251,1.34251,1.34195,1.34207,47.191494863182704,49.949459227816405,,,1069
1765933260,1.34208,1.34239,1.34204,1.34232,50.16868032034096,49.9362034860784,,,1208
1765934160,1.34231,1.34259,1.34219,1.3424,51.11837136744933,50.21453048003773,,,822
1765935060,1.34241,1.34241,1.34206,1.34217,48.27010419896192,50.22324301930596,,,1113
1765935960,1.34218,1.34251,1.34216,1.34238,50.957035550979555,50.482452662327944,,,1358
1765936860,1.34238,1.34244,1.34126,1.34133,39.819973855793556,49.86033586746378,,,1356
1765937760,1.34134,1.34134,1.34096,1.34107,37.62699359548305,49.1117256994885,,,1092
1765938660,1.34108,1.3411,1.34086,1.34098,36.870053749489855,47.98581562017885,,,1006
1765939560,1.34099,1.34103,1.34065,1.34096,36.693400359058444,46.85419752128312,,,966
1765940460,1.34097,1.34098,1.34067,1.34088,35.95139234536782,45.735260263285376,,,1019
1765941360,1.34089,1.34099,1.34076,1.34089,36.12527025411525,44.53714162081132,,,807
1765942260,1.3409,1.34109,1.34087,1.34098,37.76288360536554,43.6821894713604,,,811
1765943160,1.34101,1.34123,1.34076,1.34078,35.579858733477806,42.593222981792465,,,774
1765944060,1.34077,1.34094,1.34044,1.34065,34.196076183224704,41.30939921302077,,,758
1765944960,1.34064,1.34065,1.33979,1.34004,28.579307942033225,39.97995729008152,,,771
1765945860,1.34005,1.34007,1.33932,1.33967,25.810094704476,38.24005831751974,,,1280
1765946760,1.33966,1.33977,1.33943,1.33946,24.36695553053832,36.32924290059752,,,1030
1765947660,1.33948,1.33959,1.33926,1.33949,25.01201086161359,34.667950519358364,,,718
1765948560,1.3395,1.33956,1.33897,1.33903,21.92432644080094,32.59418558291703,,,983
1765949460,1.33902,1.33902,1.33805,1.33877,20.39202289142017,31.2064747997475,,,1484
1765950360,1.33876,1.33887,1.3381,1.33858,19.328883401084866,29.899466928719058,,,1907
1765951260,1.33857,1.339,1.33808,1.33815,17.14973462126993,28.490872705274786,,,1375
1765952160,1.33816,1.3386,1.33816,1.33855,25.557442610792364,27.695447151827207,,,1153
1765953060,1.33854,1.33867,1.3381,1.33834,24.170636370000665,26.853964582158124,,,924
1765953960,1.33833,1.33848,1.3342,1.33502,12.563674724171392,25.17099347287642,,,1998
1765954860,1.33503,1.33519,1.33373,1.33457,11.740705184928004,23.312266442845168,,,3192
1765955760,1.33456,1.33463,1.33311,1.33334,9.842842108505351,21.473908112489998,,,2803
1765956660,1.33334,1.33351,1.33239,1.33266,8.978722740644344,19.67266858087711,,,2449
1765957560,1.33266,1.33287,1.33154,1.33243,8.700494776439427,18.25275335476327,,,2875
1765958460,1.33244,1.33245,1.33117,1.33172,7.887919027289314,16.972597949249938,,,2352
1765959360,1.33163,1.33267,1.33145,1.33259,17.994587318667243,16.517428791259146,,,2032
1765960260,1.33258,1.33287,1.33235,1.33276,19.845282349736763,16.148376754696518,,,1976
1765961160,1.33277,1.33317,1.33234,1.33278,20.073814436407844,16.016197325811298,,,1877
1765962060,1.33277,1.33331,1.33251,1.33263,19.621951987248323,15.961192261227593,,,2329
1765962960,1.33263,1.33314,1.33249,1.33288,22.7433258390477,16.205081006796366,,,1709
1765963860,1.33289,1.33309,1.33233,1.33256,21.587719912310604,16.522079956156414,,,1640
1765964760,1.33255,1.33355,1.33226,1.33256,21.587719912310604,16.238528334836285,,,1854
1765965660,1.33256,1.33287,1.33221,1.33241,21.007437361013913,16.012585548480093,,,1571
1765966560,1.33242,1.33263,1.33203,1.33238,20.886513123025765,16.60707400554112,,,1667
1765967460,1.33233,1.33325,1.33224,1.33304,30.38107557829258,17.938529033638588,,,1826
1765968360,1.33305,1.33356,1.33299,1.33355,36.70259212075614,19.857082605942217,,,1654
1765969260,1.33353,1.33375,1.33278,1.33304,33.4332714030794,21.60383608183043,,,1789
1765970160,1.33305,1.33322,1.33279,1.33307,33.806788087799276,23.397142746927564,,,1694
1765971060,1.33306,1.33306,1.33231,1.33235,29.52488415528326,24.94264025606999,,,1818
1765971960,1.33234,1.33295,1.33214,1.33275,34.489186021492074,26.120825877700334,,,1720
1765972860,1.33274,1.33348,1.33261,1.33339,41.57989094667813,27.673297920339,,,1573
1765973760,1.3334,1.33378,1.33322,1.33377,45.36139301047314,29.479553532772236,,,1283
1765974660,1.33377,1.33406,1.33356,1.33392,46.824597779045895,31.422599660757776,,,1466
1765975560,1.33391,1.33461,1.33381,1.3342,49.541008947481345,33.33671988278875,,,1795
1765976460,1.33418,1.33448,1.33397,1.33431,50.60848083196037,35.40963137704945,,,1964
1765977360,1.33432,1.33541,1.33432,1.33502,56.94043633747241,37.934825407418145,,,2835
1765978260,1.335,1.33513,1.3343,1.33493,55.961080745429946,40.43151422059072,,,2166
1765979160,1.33494,1.33614,1.33487,1.33614,64.74143103853052,43.564008357412455,,,2360
1765980060,1.33613,1.33649,1.33557,1.3358,61.05765242404687,45.75519241782348,,,2597
1765980960,1.33579,1.33592,1.33486,1.33498,53.196063328742106,46.93329750410819,,,2251
1765981860,1.33505,1.33583,1.33485,1.33582,59.01736649855666,48.76073286807085,,,2443
1765982760,1.33582,1.33663,1.33579,1.33623,61.532282622352064,50.741125334824616,,,2423
1765983660,1.33625,1.3375,1.33558,1.33743,67.76687576783085,53.4726961642923,,,2673
1765984560,1.33743,1.3383,1.33707,1.3383,71.38754990080234,56.108293584243036,,,2563
1765985460,1.33829,1.33928,1.3382,1.33861,72.5698881523973,58.32186481322298,,,3168
1765986360,1.33858,1.34016,1.33769,1.34008,77.34961069658056,60.60673750508779,,,3736
1765987260,1.34008,1.34066,1.33918,1.33942,71.33906624378132,62.357770966854616,,,2881
1765988160,1.33941,1.34062,1.3389,1.33908,68.39075880352304,63.7041816708576,,,2576
1765989060,1.33902,1.33959,1.33875,1.33905,68.12323180820357,64.95523531201782,,,2679
1765989960,1.33904,1.33922,1.3385,1.33898,67.46013208681305,65.70664215125645,,,2104
1765990860,1.33897,1.33953,1.33886,1.33911,68.08151017324633,66.57238711038619,,,1832
1765991760,1.3391,1.3395,1.33891,1.33903,67.23068757097019,66.75019114841758,,,1814
1765992660,1.33904,1.33922,1.33831,1.33837,60.5119229877844,66.71121047439884,,,1748
1765993560,1.33839,1.33906,1.3382,1.33888,63.54375239181633,67.45033112176128,,,2035
1765994460,1.3389,1.33949,1.33834,1.33843,59.2230294781358,67.46502133458837,,,1711
1765995360,1.33844,1.33848,1.33799,1.33808,56.031797830959825,67.07212956377462,,,1645
1765996260,1.33807,1.3384,1.3378,1.33799,55.207984619100976,66.17506591029392,,,1541
1765997160,1.33799,1.33827,1.33735,1.33756,51.32526504215843,64.74204556324793,,,1841
1765998060,1.33755,1.33805,1.33745,1.33779,53.22037717365678,63.359937636195035,,,1399
1765998960,1.3378,1.33809,1.33776,1.33803,55.18129203495159,61.77648630322154,,,988
1765999860,1.33802,1.33802,1.33755,1.33763,51.32008720530097,60.346559229044374,,,1194
1766000760,1.33765,1.33789,1.33726,1.33788,53.509655235412005,59.28362325989359,,,1363
1766001660,1.33789,1.3379,1.33747,1.33768,51.5134554488174,58.09721066279457,,,581
1766002560,1.33774,1.33791,1.33766,1.33778,52.46825088801951,57.026362005737894,,,868
1766003460,1.33778,1.33814,1.33778,1.3381,55.48884666115829,56.12688604058875,,,1017
1766004360,1.33809,1.33843,1.33766,1.33768,50.91541593118739,54.96150949488998,,,1276
1766005260,1.33769,1.33799,1.33765,1.33778,51.93127715621642,54.348606221206545,,,584
1766006160,1.33779,1.33794,1.33749,1.3376,49.92822355441252,53.37606844710628,,,462
1766007060,1.33761,1.33793,1.33753,1.33764,50.38619486632275,52.74486597483393,,,631
1766007960,1.33765,1.33798,1.33737,1.33746,48.247648725076836,52.1888553244137,,,701
1766008860,1.33755,1.3376,1.33755,1.3376,50.02431568752778,51.81859325787276,,,77
1766009760,1.3376,1.33761,1.33713,1.33754,49.244058678061414,51.66993566043726,,,330
1766010660,1.33754,1.33758,1.33723,1.33741,47.51479135740593,51.26239381641934,,,882
1766011560,1.33739,1.33756,1.33702,1.33718,44.53504461909761,50.50194757242978,,,1359
1766012460,1.33747,1.33768,1.33731,1.33761,50.75310179677649,50.46144861467803,,,549
1766013360,1.33762,1.33762,1.33748,1.3376,50.61100077649076,50.254401867612216,,,426
1766014260,1.33759,1.33779,1.33752,1.33771,52.19651991804019,50.303192186842416,,,338
1766015160,1.3377,1.3377,1.33734,1.33744,48.11365184500751,49.992149398055844,,,727
1766016060,1.33745,1.33758,1.3372,1.3373,46.10004755870595,49.321520890737816,,,813
1766016960,1.33729,1.33733,1.33708,1.33728,45.80512599280015,48.95650018085302,,,895
1766017860,1.33729,1.33748,1.33698,1.33704,42.30738780537208,48.26907951293556,,,828
1766018760,1.33705,1.33769,1.33696,1.33762,51.87209370623571,48.407927380922935,,,1170
1766019660,1.33761,1.33791,1.33738,1.33753,50.47374292906738,48.414180813976124,,,1062
1766020560,1.33753,1.33755,1.33703,1.33741,48.59279134206729,48.43883385804686,,,1243
1766021460,1.3374,1.3376,1.33657,1.33668,39.05734332576319,47.6554786893494,,,1453
1766022360,1.33667,1.33688,1.33616,1.3366,38.17328563240925,46.86470918608853,,,1276
1766023260,1.3366,1.33701,1.33642,1.33642,36.18849096799381,46.05568772970195,,,1460
1766024160,1.33647,1.33709,1.33646,1.33708,47.05805339867387,46.23590264252882,,,1337
1766025060,1.33709,1.33709,1.3364,1.33668,42.349748090215776,45.635663092060206,,,990
1766025960,1.33667,1.33696,1.33659,1.33668,42.349748090215776,45.04557361446914,,,830
1766026860,1.33669,1.33711,1.33658,1.33671,42.847140612584084,44.377760806936564,,,936
1766027760,1.33677,1.33686,1.33655,1.33671,42.847140612584084,44.00158143319203,,,751
1766028660,1.3367,1.3367,1.3362,1.33626,37.255390128910506,43.369820188206646,,,733
1766029560,1.33627,1.33649,1.33617,1.33645,40.77012466126805,43.01017723595435,,,633
1766030460,1.33646,1.33662,1.33637,1.33654,42.41561165935327,43.01790751123872,,,617
1766031360,1.33655,1.3366,1.33635,1.33659,43.35709221429173,42.409693118957016,,,686
1766032260,1.3366,1.3367,1.33645,1.33652,42.314045254024855,41.82685757073968,,,561
1766033160,1.33655,1.33693,1.33651,1.33689,49.26211882054727,41.8746666763454,,,684
1766034060,1.33688,1.33739,1.33678,1.33738,56.70017572208177,43.13486899036815,,,721
1766034960,1.33737,1.33737,1.33687,1.33702,50.807091991985416,44.03728373033788,,,770
1766035860,1.33703,1.3371,1.33667,1.33667,45.82086839698756,44.725310689551726,,,795
1766036760,1.33668,1.33708,1.33667,1.33697,50.3213129404477,44.958400656821276,,,861
1766037660,1.33698,1.33706,1.33656,1.33669,46.44364075212504,45.25082156124337,,,861
1766038560,1.33673,1.33676,1.33623,1.33668,46.306398831238546,45.533439471316434,,,1128
1766039460,1.33667,1.3368,1.33659,1.33671,46.814163482166734,45.8167982477152,,,830
1766040360,1.3367,1.33701,1.33656,1.33682,48.72872855514478,46.236911672183815,,,1039
1766041260,1.33683,1.33741,1.33679,1.33722,55.06342866426398,47.50891442470906,,,1381
1766042160,1.33724,1.3375,1.33668,1.33678,48.033180083277934,48.027704097709766,,,1413
1766043060,1.33676,1.33715,1.33667,1.33708,52.487379687658176,48.74711609973155,,,1382
1766043960,1.33709,1.33754,1.33636,1.3368,48.32416018753796,49.10190666924914,,,2338
1766044860,1.33679,1.33724,1.33653,1.33696,50.72913872822466,49.70298477454912,,,1800
1766045760,1.33697,1.3372,1.33661,1.33716,53.63395337820377,50.015258671524585,,,1464
1766046660,1.33715,1.33733,1.33634,1.33661,45.66144005863593,49.22677755270702,,,1602
1766047560,1.33659,1.33674,1.33548,1.33566,35.77070547208169,48.152749944142464,,,2047
1766048460,1.33569,1.33572,1.33507,1.33518,31.99915620053173,47.165484787252765,,,1854
1766049360,1.33522,1.33522,1.33409,1.33455,27.848821701214874,45.560306841593274,,,1845
1766050260,1.33458,1.33488,1.33451,1.33467,29.718684896445794,44.365667137616185,,,1498
1766051160,1.33465,1.33497,1.33459,1.33475,31.002473023180286,43.27252957989774,,,1813
1766052060,1.33476,1.33488,1.33441,1.33442,28.67559038244883,41.97691721563217,,,1459
1766052960,1.33441,1.33481,1.33436,1.33467,32.7910291004589,40.83851011172603,,,1326
1766053860,1.33467,1.33525,1.33445,1.33522,40.87388213850905,39.82497107417212,,,1249
1766054760,1.33514,1.33544,1.33502,1.33535,42.63013329805945,39.43903916094222,,,1529
1766055660,1.33534,1.33561,1.33501,1.33533,42.421365634294276,38.72003815713051,,,1144
1766056560,1.33532,1.33552,1.33509,1.33524,41.437939180655015,38.228165228067446,,,742
1766057460,1.33523,1.3356,1.33494,1.33539,43.77732668596525,37.73160722504891,,,1447
1766058360,1.3354,1.33855,1.33378,1.33793,67.47261842097328,38.72008329953245,,,2115
1766059260,1.33784,1.33945,1.33735,1.33793,67.47261842097328,40.278024611127975,,,3253
1766060160,1.33794,1.33837,1.33767,1.3378,65.82587398524052,42.42482236206789,,,2296
1766061060,1.33781,1.33907,1.33775,1.33824,68.61763546604233,45.04042802389007,,,2086
1766061960,1.33823,1.3397,1.33821,1.33957,75.20999825679081,48.42336920643121,,,2425
1766062860,1.33959,1.34079,1.33914,1.34061,78.93614296259003,51.93890192544152,,,2370
1766063760,1.34061,1.3439,1.3402,1.34269,84.08763085844423,55.73069891367465,,,3126
1766064660,1.34268,1.3428,1.34116,1.34277,84.24720544565294,59.700099989617804,,,4998
1766065560,1.34275,1.34427,1.34246,1.34318,85.07337477163519,63.43455325184467,,,4599
1766066460,1.34316,1.34465,1.34273,1.34298,82.79233728302309,66.42872861930996,,,4728
1766067360,1.34302,1.34324,1.34182,1.34192,71.80364952398675,68.5125512068762,,,3534
1766068260,1.34194,1.34235,1.34094,1.34134,66.59523370792064,70.23925606927808,,,3417
1766069160,1.34135,1.3423,1.34107,1.34146,67.12653701931848,72.0741559148969,,,2888
1766070060,1.34145,1.34155,1.34023,1.34045,58.668597037394086,73.1378180828561,,,3027
1766070960,1.34046,1.3405,1.33902,1.33943,51.59784795530811,72.00390590673716,,,3438
1766071860,1.33944,1.34043,1.33859,1.33975,53.491610462616585,71.00526248114026,,,3336
1766072760,1.33976,1.34028,1.33912,1.33938,51.006624959541696,69.94674469359033,,,3117
1766073660,1.33939,1.34053,1.33937,1.34002,54.9086856016356,68.96753398898986,,,2599
1766074560,1.34003,1.34038,1.33921,1.33934,50.32268522918678,67.18986877273242,,,2320
1766075460,1.33933,1.33988,1.33863,1.33902,48.27916682404025,65.00008476283601,,,2572
1766076360,1.33903,1.33911,1.33812,1.33854,45.307110378653654,62.23004758570812,,,2307
1766077260,1.33852,1.33854,1.33716,1.33726,38.500684051451564,58.962438914693735,,,2608
1766078160,1.33727,1.33772,1.33705,1.33755,40.675196043344414,55.791140434101536,,,2189
1766079060,1.33756,1.33847,1.33744,1.33834,46.25063001225676,53.18101848618966,,,1834
1766079960,1.33833,1.33836,1.33752,1.33812,44.982777016792475,51.26524187853293,,,1931
1766080860,1.33813,1.33821,1.33755,1.33802,44.387155246816974,49.678950559882665,,,1801
1766081760,1.33803,1.33837,1.33751,1.33836,46.9587450270717,48.238393989007896,,,1595
1766082660,1.33834,1.33851,1.33809,1.33826,46.28089426520976,47.353558076709014,,,872
1766083560,1.33827,1.33838,1.33798,1.33809,45.0893098904022,46.88866250064431,,,1394
1766084460,1.3381,1.33874,1.33802,1.3384,47.732058829158696,46.47726595539731,,,1960
1766085360,1.33841,1.3386,1.33822,1.3386,49.423288459372934,46.364170491099536,,,1574
1766086260,1.33861,1.33894,1.33837,1.33892,52.094202584416806,46.16313598986962,,,1388
1766087160,1.33893,1.33906,1.33838,1.33863,49.540879611533065,46.1072927314658,,,1704
1766088060,1.33861,1.33897,1.3384,1.3385,48.39575263914583,46.11562028968763,,,1472
1766088960,1.33849,1.33861,1.33828,1.33846,48.02789077480912,46.30996174655587,,,1032
1766089860,1.33845,1.33873,1.33834,1.33846,48.02789077480912,46.990476512509986,,,969
1766090760,1.33847,1.33847,1.33775,1.33781,42.009895377287286,47.085812179220184,,,1126
1766091660,1.33782,1.33828,1.3378,1.33816,45.93805708420391,47.06348554150213,,,573
1766092560,1.33817,1.33818,1.33792,1.3381,45.37067115871111,47.091192265924896,,,507
1766093460,1.33808,1.3381,1.3379,1.33807,45.0709226221024,47.140032792731,,,396
1766094360,1.33806,1.33823,1.33802,1.33816,46.21885899706907,47.08718379058796,,,539
1766095260,1.33786,1.33813,1.33757,1.33776,42.01610941248996,46.78255630110797,,,368
1766096160,1.33777,1.33818,1.33771,1.33812,46.712526072630574,46.898500314124284,,,194
1766097060,1.33812,1.33817,1.338,1.33802,45.60748710156798,46.74674519072494,,,123
1766097960,1.33802,1.33814,1.33734,1.33798,45.147419293117665,46.44132596456385,,,615
1766098860,1.33809,1.33849,1.3375,1.33819,48.10705338130097,46.15652959291271,,,1350
1766099760,1.33818,1.33842,1.33817,1.33826,49.09306344466394,46.12454272385064,,,740
1766100660,1.33825,1.33844,1.33817,1.33837,50.67899436778538,46.28763141875346,,,473
1766101560,1.33837,1.33848,1.33832,1.33833,50.06816352805873,46.43336518684272,,,353
1766102460,1.33834,1.33838,1.33801,1.33802,45.4918769922014,46.25222134522788,,,642
1766103360,1.33803,1.33809,1.33794,1.33807,46.343730692366,46.56178101059065,,,405
1766104260,1.33806,1.33809,1.3378,1.33803,45.72804215984184,46.54677994456478,,,888
1766105160,1.33804,1.33858,1.33801,1.33847,53.10788719681447,47.09943823300074,,,1364
1766106060,1.33848,1.33859,1.33824,1.3384,51.898795934202795,47.58714346957934,,,1294
1766106960,1.33841,1.3387,1.33798,1.33798,45.24316848231409,47.517451289953975,,,1201
1766107860,1.33797,1.33822,1.33788,1.33807,46.81708524320523,47.86037813500507,,,1353
1766108760,1.33806,1.33832,1.33803,1.33831,50.872381423223764,48.15751066004744,,,1105
1766109660,1.3383,1.33861,1.3383,1.33855,54.600472068256614,48.79986672909664,,,939
1766110560,1.33853,1.33854,1.33814,1.33827,49.84779630100083,49.13560794394544,,,902
1766111460,1.33824,1.33831,1.33779,1.33798,45.4364529674829,48.94485077152986,,,910
1766112360,1.33794,1.33807,1.33777,1.33782,43.166690957417764,48.52153845101228,,,1149
1766113260,1.33781,1.33806,1.33776,1.33798,46.06808317452468,48.19218765149366,,,1368
1766114160,1.33797,1.33823,1.33734,1.33774,42.55842374368981,47.65577766689587,,,2172
1766115060,1.33777,1.33777,1.33748,1.33762,40.88137748608699,47.32645627360199,,,1232
1766115960,1.33759,1.33796,1.33758,1.33783,44.96828917818734,47.228210451160656,,,1186
1766116860,1.33781,1.33802,1.33748,1.33756,41.0399669643592,46.89334793719762,,,1318
1766117760,1.33755,1.33756,1.33713,1.33723,36.807689311575416,45.72904808825196,,,1132
1766118660,1.33724,1.33736,1.33715,1.33718,36.19857421758637,44.607603679922214,,,1033
1766119560,1.33722,1.33741,1.33697,1.33738,40.44408896928853,44.26481228613468,,,984
1766120460,1.33739,1.3375,1.33725,1.33744,41.69749879486007,43.899127539824306,,,621
1766121360,1.33745,1.33756,1.33731,1.33746,42.13466853775506,43.27500519086225,,,769
1766122260,1.33747,1.33757,1.33728,1.33746,42.13466853775507,42.38459065296929,,,617
1766123160,1.33745,1.33769,1.33739,1.3375,43.12388692657105,41.90431141193859,,,1082
1766124060,1.33751,1.33788,1.33742,1.33768,47.475338874567946,42.049946119587524,,,1147
1766124960,1.33767,1.33794,1.33766,1.33784,51.059633195116774,42.6137277079946,,,1078
1766125860,1.33785,1.33819,1.33701,1.33739,42.313825726777004,42.345566461726904,,,2039
1766126760,1.33738,1.33856,1.33738,1.33802,54.15352974771135,43.17378831915702,,,2307
1766127660,1.33801,1.33824,1.33768,1.33812,55.70750254057348,44.23279725162034,,,2024
1766128560,1.33813,1.33814,1.33738,1.33783,50.374953637934986,44.61898757017375,,,1995
1766129460,1.33782,1.33783,1.33658,1.3367,35.93883880818589,44.254621273304224,,,1922
1766130360,1.33671,1.33697,1.33631,1.33662,35.170400150197,44.137672047491485,,,2298
1766131260,1.33663,1.3377,1.3366,1.3376,49.43388189927609,45.08305116761217,,,2444
1766132160,1.33761,1.33806,1.33736,1.33767,50.27543180918648,45.785289941890596,,,1880
1766133060,1.33768,1.33776,1.33718,1.33731,46.03242917905859,46.0949278264762,,,1912
1766133960,1.3373,1.33764,1.33722,1.33742,47.49066864367421,46.477499262613286,,,1855
1766134860,1.33744,1.33764,1.33723,1.33754,49.10626745434415,46.97547061379822,,,1878
1766135760,1.33757,1.33819,1.33751,1.3376,49.93569774595702,47.46202852946865,,,2159
1766136660,1.33761,1.33833,1.33755,1.33813,56.65553209691941,48.11775661677947,,,2243
1766137560,1.33812,1.33878,1.3375,1.33813,56.65553209691941,48.517463681193945,,,2495
1766138460,1.33814,1.33841,1.33799,1.3381,56.16067763450848,49.5065245317462,,,2042
1766139360,1.33811,1.33868,1.33786,1.33815,56.83734733240591,49.69822578779581,,,1868
1766140260,1.33814,1.33814,1.3374,1.3376,48.05126805366808,49.15135189587399,,,1824
1766141160,1.33761,1.33835,1.33759,1.33812,55.115754322918384,49.48998051622995,,,1828
1766142060,1.33813,1.33823,1.33708,1.33716,43.38559810264675,50.02189189440572,,,1779
1766142960,1.33717,1.33755,1.33715,1.33751,47.75158710931056,50.920548105770976,,,1622
1766143860,1.33752,1.33758,1.33689,1.33716,44.08991338747755,50.538836069213936,,,1621
1766144760,1.33717,1.33745,1.33707,1.33725,45.252473671237475,50.180053345074725,,,1494
1766145660,1.33724,1.33752,1.33708,1.33722,44.917198489157464,50.10039401008179,,,1540
1766146560,1.33721,1.33749,1.3368,1.33748,48.47984720097238,50.17104962131737,,,1323
1766147460,1.33749,1.33787,1.33732,1.33779,52.430413771152814,50.40848864394656,,,1281
1766148360,1.33778,1.33784,1.337,1.33701,43.41063350086581,49.94241262644005,,,1581
1766149260,1.337,1.33726,1.33657,1.33668,40.25533710626666,48.77097012710772,,,1930
1766150160,1.33667,1.33707,1.3357,1.33683,42.308018271616966,47.74614771101468,,,2317
1766151060,1.33682,1.33723,1.33639,1.3365,39.12333928335951,46.5291949716469,,,2636
1766151960,1.33651,1.33732,1.33632,1.33724,48.487303158513264,45.93276324494029,,,1977
1766152860,1.33728,1.33849,1.33728,1.33839,59.033359021286685,46.7171983140559,,,3302
1766153760,1.3384,1.3387,1.33771,1.33796,54.537369734988154,46.67588512920374,,,2692
1766154660,1.33798,1.33808,1.33723,1.33766,51.585527575471296,47.26159437726263,,,2850
1766155560,1.33766,1.33774,1.33665,1.33708,46.36104179629287,47.162269712047085,,,2638
1766156460,1.33704,1.33726,1.33657,1.33678,43.88526037924804,47.14765164003069,,,2525
1766157360,1.3368,1.3368,1.33572,1.33618,39.358267939247604,46.72663694488855,,,2424
1766158260,1.3362,1.33685,1.33572,1.33619,39.470338815022025,46.33757553959317,,,2421
1766159160,1.33618,1.33634,1.33571,1.33605,38.40037437082706,45.61761319458278,,,2741
1766160060,1.33604,1.33729,1.33603,1.33722,50.4815241775562,45.478406795040165,,,2309
1766160960,1.33728,1.33769,1.3371,1.33743,52.290180643951,46.1126601624034,,,1800
1766161860,1.33743,1.33779,1.33718,1.33746,52.55677421388051,46.99133424151868,,,1644
1766162760,1.33748,1.33778,1.33695,1.33769,54.64905286788008,47.872836712680325,,,1900
1766163660,1.33768,1.33796,1.33693,1.33739,51.4611650483614,48.754109981609034,,,1543
1766164560,1.33742,1.33798,1.33738,1.33783,55.55611424839874,49.259025059458004,,,1802
1766165460,1.33782,1.33811,1.3377,1.33784,55.6476956668886,49.01719196271529,,,1486
1766166360,1.33786,1.33812,1.33734,1.33761,52.94538086779739,48.90347847220166,,,1464
1766167260,1.33759,1.33861,1.33759,1.33858,61.4481848452716,49.60795399147311,,,1301
1766168160,1.3386,1.33898,1.33838,1.33876,62.791827250140315,50.781581523890786,,,1216
1766169060,1.33877,1.33882,1.33851,1.33857,60.39887782684168,51.96112562729032,,,1299
1766169960,1.33858,1.33901,1.33837,1.33838,58.017785530300806,53.29394831236556,,,1374
1766170860,1.33837,1.33862,1.33818,1.3385,59.11409534021841,54.69707377845101,,,1085
1766171760,1.3385,1.339,1.33845,1.33883,62.049091337078146,56.38626784746896,,,1256
1766172660,1.33884,1.33888,1.33849,1.33882,61.90407268389135,57.20216416935004,,,975
1766173560,1.33881,1.33919,1.3387,1.33918,65.06915304743896,58.11494791245629,,,1453
1766174460,1.33917,1.33942,1.33888,1.33892,61.11964890684413,58.72658181909655,,,887
1766175360,1.33891,1.33894,1.3387,1.33878,59.041557732631986,59.04033216657882,,,874
1766176260,1.33878,1.33878,1.33849,1.33856,55.829195961942624,59.35233437469177,,,874
1766177160,1.33855,1.33863,1.33735,1.33758,44.27344789854985,58.54642963541685,,,1679
1766178060,1.33757,1.33781,1.33739,1.33748,43.288822416444226,57.66365297467082,,,624
1766178960,1.33751,1.33789,1.33743,1.3377,46.127414016682344,57.17665534244831,,,539
1766179860,1.33769,1.3378,1.33727,1.33744,43.36487932428514,55.88499066237785,,,553
1766180760,1.33744,1.33791,1.3373,1.33738,42.72891452406463,54.451925467658164,,,627
1766354460,1.3377,1.33796,1.33768,1.33782,48.67351374274454,53.614399461651224,,,336
1766355360,1.33784,1.33792,1.33762,1.33786,49.189846490845746,52.98383238740443,,,150
1766356260,1.33764,1.3381,1.33758,1.33796,50.52970016456097,52.3706613034289,,,1120
1766357160,1.33797,1.33799,1.33717,1.33754,45.145122183894394,51.163234935344356,,,739
1766358060,1.33763,1.33824,1.33743,1.33792,50.304970038720654,50.33472760354645,,,1719
1766358960,1.33794,1.33846,1.33789,1.33817,53.40993065758047,49.50192600427084,,,1779
1766359860,1.33815,1.33826,1.3379,1.33798,50.811543831787226,48.76563278462392,,,2235
1766360760,1.33797,1.33804,1.33745,1.33796,50.53285682510471,48.157868434086254,,,2449
1766361660,1.33794,1.33873,1.33785,1.3384,56.221660886380796,48.185901642974684,,,2499
1766362560,1.33839,1.33897,1.33811,1.3387,59.63053093240094,49.282836145392615,,,2379
1766363460,1.33869,1.33889,1.3384,1.33861,58.16722396701666,50.34557911329066,,,2826
1766364360,1.33862,1.33933,1.33844,1.33924,64.69779705552233,51.67203504463637,,,2804
1766365260,1.33922,1.33964,1.339,1.33917,63.51140426708586,53.11107254055071,,,4241
1766366160,1.33915,1.33962,1.3391,1.33946,66.27089220149462,54.79264237465286,,,2784
1766367060,1.33945,1.33982,1.33916,1.33962,67.72131255145794,56.15319943241809,,,3594
1766367960,1.33959,1.33986,1.3393,1.33981,69.40388442748741,57.59705928503535,,,1789
1766368860,1.33983,1.34,1.3397,1.33986,69.84929075077565,58.977030041193544,,,673
1766369760,1.33987,1.33987,1.33951,1.33971,66.71168802579733,60.5174990299009,,,539
1766370660,1.33973,1.33999,1.33935,1.33937,60.11958114175927,61.21854268011794,,,603
1766371560,1.33936,1.33948,1.33917,1.33927,58.295015473543266,61.56747730982956,,,608
1766372460,1.33928,1.33955,1.3392,1.33939,59.86896165665964,62.21443572589188,,,513
1766373360,1.3394,1.33969,1.33937,1.3396,62.53376233430331,63.07164326226321,,,633
1766374260,1.33961,1.33971,1.33926,1.33963,62.912638179313355,63.54957021175839,,,658
1766375160,1.33964,1.3397,1.33923,1.33927,55.641215766622174,63.264619128488484,,,1028
1766376060,1.33926,1.33998,1.33923,1.33992,63.781008859009575,63.66560376363083,,,880
1766376960,1.33993,1.33994,1.33967,1.33987,62.82598468221267,63.531902879822994,,,414
1766377860,1.33986,1.33995,1.33976,1.33993,63.53165996601153,63.53334971546054,,,472
1766378760,1.33994,1.34018,1.33983,1.33997,64.02199835367539,63.37271444061631,,,588
1766379660,1.33998,1.3401,1.33984,1.34009,65.5198043294004,63.21546385332648,,,480
1766380560,1.3401,1.34011,1.33996,1.34008,65.27592499914353,62.920609608444785,,,460
1766381460,1.34007,1.34007,1.33962,1.33976,57.85469832374503,62.06385300651402,,,634
1766382360,1.33977,1.33993,1.33958,1.33967,55.92879132834123,61.29364609955287,,,657
1766383260,1.33968,1.33996,1.33966,1.33993,60.06468455546432,61.28972491481751,,,772
1766384160,1.33995,1.34004,1.33954,1.33968,54.744728918871964,61.03613301805529,,,794
1766385060,1.33969,1.33969,1.33915,1.33958,52.732792486435166,60.526406648753536,,,698
1766385960,1.33959,1.3402,1.33924,1.3402,62.04611350325125,60.49157458939267,,,784
1766386860,1.34019,1.34029,1.33954,1.33977,54.08645246630256,59.86113275274904,,,1296
1766387760,1.33978,1.34056,1.33947,1.34035,61.29840802617808,60.2652179141459,,,1347
1766388660,1.34036,1.34187,1.34036,1.3418,72.80089029836398,60.909495159814064,,,1604
1766389560,1.34181,1.34192,1.34127,1.34129,65.43447465443309,61.095815872115516,,,1973
1766390460,1.34129,1.34161,1.34093,1.34117,63.79868664189505,61.1148892061072,,,1842
1766391360,1.34117,1.34211,1.34116,1.34146,66.01010858037436,61.256897079442844,,,1448
1766392260,1.34147,1.34198,1.34106,1.34198,69.5965237187519,61.54809132153938,,,1499
1766393160,1.34204,1.34238,1.34189,1.34197,69.44477267664912,61.84586615564693,,,1819
1766394060,1.34199,1.34206,1.34169,1.34169,65.1605541182519,62.3677129981117,,,1438
1766394960,1.34169,1.34188,1.34102,1.34184,66.35793578434266,63.11265188782608,,,1332
1766395860,1.34185,1.34221,1.3417,1.34205,68.01529422414208,63.680552578445926,,,1541
1766396760,1.3421,1.34293,1.3419,1.34293,73.83282520754172,65.04398802763663,,,1534
1766397660,1.34293,1.34346,1.34264,1.34346,76.59404280317297,66.74836305026075,,,2191
1766398560,1.34346,1.34362,1.34303,1.34311,71.2473026078367,67.40559084344542,,,1904
1766399460,1.3431,1.34373,1.34291,1.3435,73.46968005910986,68.79010710007451,,,1480
1766400360,1.34349,1.34404,1.34303,1.34327,70.03186256184729,69.41392528119376,,,1767
1766401260,1.34326,1.34391,1.34326,1.34369,72.55714574146882,69.39651495570124,,,1508
1766402160,1.3437,1.34392,1.34326,1.34337,67.86489828025803,69.57011664326015,,,1303
1766403060,1.34338,1.34424,1.34319,1.34412,72.37422012461047,70.1826547491684,,,1538
1766403960,1.34411,1.34412,1.3434,1.34376,67.47948458640795,70.28761017817081,,,1617
1766404860,1.34375,1.3442,1.34317,1.34338,62.6620511675147,69.79229071022529,,,1716
1766405760,1.34339,1.34353,1.34311,1.34351,63.61894486428382,69.3761601521992,,,1271
1766406660,1.3435,1.3436,1.34261,1.34327,60.5345556943182,69.04573169334678,,,1539
1766407560,1.34327,1.34348,1.34287,1.3434,61.61999253159301,68.70730717529325,,,1423
1766408460,1.34341,1.34419,1.34318,1.34391,65.61541620854722,68.53588731703647,,,2164
1766409360,1.34392,1.34406,1.34353,1.3438,64.06626300757114,67.83827573132429,,,1701
1766410260,1.34379,1.34442,1.34345,1.34429,67.72206225136874,67.20456283476683,,,2100
1766411160,1.34429,1.34432,1.34373,1.34374,60.30572014991162,66.42302123062933,,,1628
1766412060,1.34371,1.34378,1.34316,1.34364,59.03974252820269,65.3923114069931,,,1665
1766412960,1.34367,1.3449,1.34362,1.34487,67.95152672138039,65.24371598981692,,,1761
1766413860,1.34488,1.34574,1.34487,1.34515,69.5743791702516,65.03066123472998,,,2582
1766414760,1.34516,1.34535,1.34487,1.34506,68.37586361264793,65.06715875847212,,,2469
1766415660,1.34507,1.34568,1.34449,1.34454,61.75641340780747,64.30874399298618,,,2289
1766416560,1.34455,1.34523,1.34443,1.34498,64.8566593863188,64.12139933583695,,,2042
1766417460,1.34499,1.34589,1.34486,1.34557,68.53953228784785,64.54121941586075,,,1930
1766418360,1.34557,1.34568,1.34486,1.34536,65.89266170621337,64.70362776171285,,,2162
1766419260,1.34535,1.34576,1.34524,1.34576,68.39621077163397,65.2651745529497,,,1882
1766420160,1.34577,1.34583,1.34492,1.34533,63.03931823970509,65.36655496067199,,,1859
1766421060,1.34533,1.34547,1.34465,1.34536,63.25554536785905,65.1979927577657,,,1690
1766421960,1.34535,1.34696,1.34486,1.34679,71.74177157924132,65.74624337002784,,,1432
1766422860,1.34678,1.34701,1.34619,1.34627,65.79140214562538,65.60833907676047,,,1532
1766423760,1.34626,1.34698,1.34594,1.34697,69.46316961496218,66.26244260997836,,,1544
1766424660,1.34698,1.34776,1.34694,1.34718,70.48661542241689,67.08007638813652,,,1417
1766425560,1.34717,1.34749,1.34666,1.34666,64.7037989821035,66.84809583533102,,,1146
1766426460,1.34665,1.34678,1.34599,1.34644,62.37233467713856,66.33366408582296,,,1204
1766427360,1.34642,1.34653,1.34579,1.34588,56.76531509497592,65.50433919170352,,,929
1766428260,1.34587,1.34604,1.34564,1.34597,57.4276938803048,65.19514493973905,,,1146
1766429160,1.34598,1.3466,1.34596,1.34619,59.07811437566544,64.78239172469237,,,1216
1766430060,1.3462,1.34639,1.34585,1.34588,55.79571104437289,63.872118778729885,,,1096
1766430960,1.34587,1.34605,1.3457,1.34604,57.119941763048736,63.2454959256467,,,1032
1766431860,1.34605,1.34605,1.34565,1.34577,54.17081729824053,62.229396391832886,,,1071
1766432760,1.34576,1.34598,1.3454,1.34575,53.94862110729869,61.580060882375285,,,1293
1766433660,1.34574,1.34589,1.34547,1.34577,54.151148776009464,60.92974684010032,,,1197
1766434560,1.34576,1.34619,1.34574,1.34599,56.42149166799368,59.83544113215406,,,878
1766435460,1.346,1.34628,1.34586,1.34613,57.85180763622852,59.268327238625716,,,1004
1766436360,1.34613,1.34616,1.34564,1.3457,52.186271672002334,58.03426309984287,,,1220
1766437260,1.34572,1.34595,1.34563,1.34578,53.10639055628769,56.79281846654793,,,1043
1766438160,1.34577,1.3461,1.34565,1.34609,56.592288103015015,56.21342483232733,,,651
1766439060,1.34608,1.3461,1.34596,1.34598,55.02910769906932,55.68890861960809,,,299
1766439960,1.34597,1.34623,1.34597,1.34621,57.66239342960024,55.75298564350983,,,467
1766440860,1.3457,1.34575,1.3457,1.34575,51.20452091821712,55.308473289074996,,,21
1766441760,1.3459,1.34602,1.34561,1.34583,52.20700590989413,54.81767982723419,,,1689
1766442660,1.3458,1.34617,1.3458,1.34613,55.868535778575946,54.822881593962975,,,745
1766443560,1.34613,1.34641,1.34577,1.34614,55.98957255756636,54.74214093642853,,,1013
1766444460,1.34622,1.34689,1.34601,1.34659,61.15284914515222,55.24085749692222,,,990
1766445360,1.34658,1.34667,1.3465,1.34654,60.306256775321955,55.69497433035245,,,1000
1766446260,1.34655,1.34684,1.34649,1.34677,62.85376157588207,56.31658953034334,,,378
1766447160,1.34676,1.34704,1.34673,1.34701,65.35256521723892,56.95452335528944,,,356
1766448060,1.347,1.34765,1.34694,1.3475,69.8168453512735,57.80916890636407,,,668
1766448960,1.34749,1.34755,1.34729,1.3475,69.8168453512735,59.068495597740586,,,498
1766449860,1.34749,1.34762,1.3474,1.34759,70.62315399528148,60.319692986240135,,,440
1766450760,1.34754,1.34762,1.34701,1.34701,59.57754946084311,60.53292594037072,,,966
1766451660,1.347,1.34764,1.34697,1.34761,65.57567739194309,61.286252347004556,,,902
1766452560,1.34759,1.34762,1.34707,1.3474,62.10228844571732,61.60338770529864,,,780
1766453460,1.34741,1.34835,1.34738,1.348,67.4131991334493,62.761150434958076,,,977
1766454360,1.34799,1.34811,1.34761,1.34792,66.08344272419527,63.752324493122444,,,902
1766455260,1.34793,1.34824,1.34768,1.34801,66.87506747268304,64.53850532841581,,,1104
1766456160,1.34802,1.34823,1.34789,1.34822,68.71021765592275,65.44712283544126,,,716
1766457060,1.34821,1.34843,1.34813,1.3484,70.23250551821839,66.09566971923171,,,715
1766457960,1.34838,1.34862,1.34821,1.34844,70.57510081424358,66.82915857915467,,,877
1766458860,1.34845,1.34881,1.34837,1.34871,72.84678921732076,67.54294626782887,,,787
1766459760,1.3487,1.34874,1.34804,1.34842,66.87484827524642,67.65168077197225,,,896
1766460660,1.34843,1.34854,1.34828,1.34851,67.75823940352728,67.50463748999039,,,647
1766461560,1.34851,1.34902,1.3485,1.34902,72.27099482007667,67.67993388061919,,,1179
1766462460,1.34901,1.34925,1.34867,1.34917,73.44812373838447,67.88171743369797,,,1240
1766463360,1.34918,1.34918,1.34877,1.34888,67.4835541497832,68.44643205433655,,,881
1766464260,1.34889,1.34908,1.3486,1.3487,64.00900339707206,68.33452676898862,,,881
1766465160,1.34871,1.34884,1.34856,1.34877,64.76869899779135,68.52498466556533,,,719
1766466060,1.34878,1.34914,1.34878,1.3491,68.17876902888416,68.57966822952497,,,879
1766466960,1.34911,1.34939,1.34908,1.34921,69.24728616812148,68.80565704694827,,,718
1766467860,1.3492,1.34932,1.349,1.34901,64.97525416232983,68.66995609620876,,,677
1766468760,1.34905,1.34913,1.34879,1.3489,62.68469949665586,68.23956194197542,,,989
1766469660,1.34891,1.34899,1.3487,1.34877,59.99298795300113,67.50816783017419,,,1151
1766470560,1.34878,1.3488,1.34855,1.34855,55.63878546233838,66.44128816218095,,,867
1766471460,1.34856,1.3487,1.34823,1.34852,55.05201986266075,65.17023320827666,,,987
1766472360,1.34853,1.34876,1.348,1.34822,49.43731929721808,63.92469542413179,,,1226
1766473260,1.34821,1.34888,1.34817,1.34846,53.52128533644408,62.90777013362584,,,1508
1766474160,1.34847,1.34911,1.34845,1.34868,56.95358458986188,61.81366940289621,,,1325
1766475060,1.34867,1.34952,1.34867,1.3492,63.764832079687764,61.12200571298931,,,1650
1766475960,1.34921,1.35031,1.34895,1.34984,70.04678199492479,61.30509341621371,,,2324
1766476860,1.34983,1.35115,1.3496,1.3508,76.60001621207678,62.204451474428325,,,2344
1766477760,1.35081,1.35094,1.35036,1.35092,77.2694637980726,63.097363245876984,,,1726
1766478660,1.35091,1.35107,1.35053,1.35078,74.58842002863992,63.555195460145264,,,1409
1766479560,1.35077,1.35126,1.35025,1.35126,77.47426420110708,64.14283674821566,,,1753
1766480460,1.35125,1.35186,1.35104,1.35146,78.56647927331609,65.11363854185754,,,2492
1766481360,1.35147,1.35163,1.3497,1.35014,58.429650168898114,64.8097064470177,,,2130
1766482260,1.35015,1.351,1.35015,1.35067,62.57707173212456,64.99428385981223,,,1593
1766483160,1.35068,1.35083,1.35019,1.35053,60.85007131278622,65.36651856341565,,,2197
1766484060,1.35053,1.351,1.35023,1.35086,63.413209976822515,65.96374642871292,,,1949
1766484960,1.35085,1.35119,1.35067,1.3509,63.72323759370445,66.98416916417622,,,1489
1766485860,1.35089,1.35089,1.3501,1.35045,57.79031921968202,67.28910015583608,,,1506
1766486760,1.35046,1.35174,1.35034,1.35142,65.29179339069778,67.8846864987529,,,2638
1766487660,1.35141,1.35187,1.351,1.35115,61.989400792952075,67.75786997827177,,,1776
1766488560,1.35105,1.35108,1.35069,1.35069,56.725283800076475,66.80633439292546,,,1560
1766489460,1.3507,1.3513,1.35055,1.3507,56.81114691057118,65.39284372853221,,,1570
1766490360,1.35071,1.3509,1.35024,1.35054,54.93308023526884,63.79738775976051,,,1550
1766491260,1.35055,1.35099,1.35046,1.35072,56.668553172430606,62.517397270031275,,,1339
1766492160,1.35072,1.35113,1.35057,1.35108,59.98728859324258,61.268327583755244,,,1209
1766493060,1.35101,1.35107,1.35036,1.35038,51.696253831535834,59.34902576648522,,,1356
1766493960,1.35039,1.35096,1.35016,1.35038,51.696253831535834,58.86806888524506,,,1729
1766494860,1.35039,1.35051,1.35001,1.35028,50.53895090106221,58.00820311159775,,,1890
1766495760,1.35027,1.35106,1.35011,1.35014,48.88884993044161,57.15383015571599,,,1961
1766496660,1.35012,1.35129,1.34983,1.35094,57.4401315427124,56.7271816961367,,,3073
1766497560,1.35095,1.35126,1.34901,1.34905,40.28994825435948,55.05337531475491,,,3185
1766498460,1.34906,1.34959,1.34896,1.34916,41.38684067457829,53.88169827581892,,,2640
1766499360,1.34914,1.34963,1.34872,1.34942,44.005202223145055,52.361227478136584,,,3272
1766500260,1.34944,1.35003,1.34873,1.34912,41.69095921121906,50.91133879372709,,,3363
1766501160,1.3491,1.34938,1.3481,1.34844,36.947817782924716,49.498662649644814,,,3542
1766502060,1.34845,1.34965,1.34809,1.34954,47.37736057493083,48.82482076852765,,,3635
1766502960,1.34955,1.34964,1.34897,1.34914,44.495124409232076,48.0792524952393,,,3231
1766503860,1.34914,1.34927,1.34766,1.34788,36.883373398634724,46.66602536853959,,,3210
1766504760,1.34787,1.34849,1.34723,1.34833,40.77981826949588,45.29406320255769,,,3932
1766505660,1.34834,1.34847,1.3479,1.34806,39.215523103669256,44.4025824362815,,,2909
1766506560,1.34805,1.34856,1.34798,1.34818,40.31141289464653,43.58937951221798,,,2737
1766507460,1.34817,1.34847,1.34793,1.34837,42.09162843645037,42.98599933617428,,,2034
1766508360,1.34836,1.34878,1.34815,1.34831,41.668982673247,42.47029453208895,,,1827
1766509260,1.3483,1.3487,1.34762,1.34763,37.119843029356176,41.01884535256351,,,1878
1766510160,1.34762,1.34816,1.34747,1.34775,38.39795388974274,40.88370289794802,,,1822
1766511060,1.34774,1.34796,1.34742,1.3475,36.72324471093458,40.550588900544895,,,1994
1766511960,1.34751,1.34762,1.3471,1.34735,35.71668758757595,39.95855214086139,,,1787
1766512860,1.34734,1.34765,1.34721,1.34759,38.6157591460964,39.73889499335263,,,1570
1766513760,1.34756,1.34826,1.3475,1.34822,45.55671101475701,40.353815938483514,,,1794
1766514660,1.34823,1.34837,1.34813,1.34836,46.99115198015244,40.32622961028506,,,1756
1766515560,1.34833,1.34906,1.34832,1.34905,53.49464959581667,40.96905283789824,,,2057
1766516460,1.34905,1.34975,1.34893,1.34964,58.2153163347148,42.49276304761825,,,1821
1766517360,1.34964,1.34972,1.34923,1.3493,54.7653274304533,43.49172798768664,,,1787
1766518260,1.3493,1.34934,1.34905,1.3493,54.7653274304533,44.60242829674264,,,1323
1766519160,1.3493,1.34974,1.34922,1.3497,58.14934880581101,45.87656657611153,,,1457
1766520060,1.34971,1.34986,1.34945,1.34985,59.37665596757051,47.111211399762965,,,1325
1766520960,1.34983,1.34995,1.34973,1.34981,58.88077438648695,48.340625093565826,,,992
1766521860,1.3498,1.35005,1.34971,1.34985,59.247299150007315,49.921157673612335,,,961
1766522760,1.34986,1.35004,1.34968,1.35004,61.0244681861298,51.53733726621141,,,1161
1766523660,1.35004,1.35037,1.34999,1.35031,63.46285076573228,53.44730912726839,,,642
1766524560,1.3503,1.35113,1.3501,1.35112,69.60614742519496,55.86798482995547,,,783
1766525460,1.35111,1.35181,1.35101,1.35178,73.51391086285966,58.360709952581416,,,1104
1766526360,1.35179,1.35236,1.35164,1.35168,72.00335771703024,60.249756145600934,,,804
1766527260,1.35016,1.35175,1.34932,1.35109,63.68834122290401,61.44241252008318,,,1037
1766528160,1.35134,1.35192,1.35034,1.35123,64.72918737018874,62.244879503966914,,,1370
1766529060,1.35124,1.35162,1.35075,1.35121,64.44499247610847,62.689856371209316,,,1469
1766529960,1.35122,1.35147,1.35036,1.35089,59.912489012834044,63.0575107699508,,,1357
1766530860,1.35128,1.35171,1.35125,1.35127,63.220542954821354,63.66145473597709,,,1261
1766531760,1.35127,1.35136,1.35106,1.35106,60.26102884832781,63.81228902472829,,,1375
1766532660,1.35108,1.35144,1.35102,1.35139,63.17810431568327,64.08382104959348,,,872
1766533560,1.3514,1.35155,1.3512,1.35151,64.20702254645153,64.4642673467338,,,675
1766534460,1.35159,1.35172,1.35121,1.35132,61.286910690853645,64.6099538853657,,,2256
1766535360,1.35133,1.3514,1.35072,1.35089,55.17142827646935,64.19187960610422,,,1700
1766536260,1.3509,1.35121,1.35069,1.35119,58.29792607827315,63.822956414142865,,,1661
1766537160,1.3512,1.35153,1.35098,1.35129,59.31648263271888,63.08798035753743,,,1380
1766538060,1.35129,1.35155,1.3511,1.35148,61.25292553407725,62.212195691195824,,,1793
1766538960,1.35149,1.35235,1.3514,1.35221,67.62829942319485,61.89969152735045,,,1954
1766539860,1.3522,1.35305,1.35219,1.35278,71.56280509372914,62.46215323240938,,,2129
1766540760,1.3528,1.35321,1.35278,1.3529,72.32540544603054,63.00474023782665,,,1800
1766541660,1.35287,1.3533,1.35285,1.35328,74.64426030124902,63.73325936819384,,,1995
1766542560,1.35326,1.35341,1.35289,1.35299,69.83514258815104,64.44202033785935,,,1829
1766543460,1.353,1.35301,1.35269,1.3528,66.79861833126685,64.6975971504626,,,1611
1766544360,1.35278,1.35296,1.35248,1.35253,62.631009146335806,64.86688145746317,,,1496
1766545260,1.35252,1.3526,1.35207,1.35221,58.011414597218646,64.49783219185854,,,2047
1766546160,1.3522,1.35225,1.35199,1.35209,56.33339763119493,63.93543041219736,,,1681
1766547060,1.3521,1.35224,1.35157,1.35159,49.861631456354075,63.11933903830453,,,1463
1766547960,1.3516,1.35177,1.35151,1.35152,49.012689254185666,62.679429108141406,,,1110
1766548860,1.35152,1.3516,1.35117,1.35123,45.55243599042364,61.769036959009306,,,950
1766549760,1.35122,1.35132,1.35096,1.35131,46.67094608077651,60.865784348156275,,,864
1766550660,1.35131,1.35154,1.35118,1.35145,48.65864900547917,59.96619316754213,,,961
1766551560,1.35144,1.35165,1.35133,1.35138,47.701295224590545,58.54283572478467,,,1408
1766552460,1.35137,1.35152,1.35127,1.35137,47.55734357645593,56.82815990212231,,,1254
1766553360,1.35137,1.35156,1.35128,1.35155,50.45560898269089,55.266031583312326,,,1120
1766554260,1.35154,1.35185,1.35149,1.35184,54.79063814951822,53.84791571533156,,,1322
1766555160,1.35183,1.35224,1.35171,1.3521,58.31243343256122,53.024865061360856,,,1189
1766556060,1.35209,1.35234,1.35198,1.35207,57.75338967834344,52.37877730043776,,,1513
1766556960,1.35206,1.35223,1.35165,1.35172,51.54469782829857,51.58689792057795,,,1674
1766557860,1.35171,1.35233,1.35171,1.35213,57.33140451506731,51.538325771852854,,,1325
1766558760,1.35211,1.35242,1.35202,1.3521,56.796917680252456,51.57143434678553,,,1933
1766559660,1.35209,1.35222,1.35156,1.35178,51.30278915367068,51.67437418230815,,,2111
1766560560,1.35177,1.35181,1.35147,1.35155,47.72907657779114,51.58268756256568,,,2383
1766561460,1.35158,1.35167,1.35112,1.35143,45.9313408055224,51.60975219221559,,,2213
1766562360,1.35142,1.35147,1.35094,1.35137,45.018307377813606,51.49170657057538,,,2449
1766563260,1.3514,1.35161,1.35054,1.35079,37.29962092533748,50.68034742199383,,,3105
1766564160,1.3508,1.35091,1.35027,1.35072,36.48652557639175,49.87929244712249,,,2529
1766565060,1.35071,1.35148,1.3507,1.35145,48.977776742350834,49.98075195897212,,,2364
1766565960,1.35147,1.35228,1.35145,1.35214,57.48835214129734,50.48309075601544,,,2496
1766566860,1.35213,1.35271,1.35204,1.3527,62.89747266451837,51.062150364229744,,,2110
1766567760,1.3527,1.35281,1.35217,1.3522,56.041133537262006,50.899914657422656,,,1996
1766568660,1.3522,1.35251,1.35204,1.35221,56.14410142131948,50.78496549620665,,,1538
1766569560,1.35219,1.35254,1.35185,1.35187,51.709174120391104,50.7967138027847,,,1561
1766570460,1.35185,1.35224,1.35175,1.35177,50.446988064842195,50.30496977062575,,,1447
1766571360,1.35178,1.35241,1.35177,1.35219,55.3739396898846,50.20332848559948,,,1088
1766572260,1.35218,1.3522,1.35132,1.35133,45.41634836933524,49.78286842957552,,,1504
1766573160,1.35134,1.35192,1.35125,1.35157,48.2150090919787,49.817577894874624,,,1497
1766574060,1.35156,1.35191,1.35139,1.35173,50.05360070803286,50.11202503076823,,,1650
1766574960,1.3517,1.35174,1.3512,1.35126,44.99941916096587,50.110675872421965,,,1396
1766575860,1.35125,1.35135,1.35109,1.35127,45.12637888178085,50.66973001216792,,,1381
1766576760,1.35128,1.35158,1.35114,1.35126,45.0144774664974,51.27886943288975,,,1131
1766577660,1.35125,1.35145,1.35102,1.35123,44.65671252483881,50.97022198878175,,,1163
1766578560,1.3513,1.3513,1.35071,1.35097,41.572868952507605,49.83340176101107,,,1119
1766579460,1.35098,1.35133,1.35076,1.35087,40.41681264310967,48.22764033091044,,,1325
1766580360,1.35087,1.35091,1.35012,1.35056,36.98342747605324,46.86637561225267,,,1526
1766581260,1.35057,1.35079,1.35025,1.35073,39.99385452094246,45.71278654794002,,,2062
1766582160,1.35075,1.3508,1.35017,1.35045,36.86967201431061,44.652822111791416,,,1787
1766583060,1.35048,1.35092,1.35026,1.35072,41.60660535495291,44.021366203942186,,,1992
1766583960,1.3507,1.35097,1.35037,1.35042,38.17874551692862,42.793138048731045,,,1733
1766584860,1.35043,1.35082,1.35034,1.35078,44.127484657883116,42.70107635505588,,,1658
1766585760,1.3508,1.35109,1.35013,1.35037,39.46933958080885,42.07638567568661,,,1804
1766586660,1.35038,1.35069,1.35001,1.35003,36.06903296636416,41.077487979853125,,,2261
1766587560,1.35004,1.35046,1.34927,1.34928,29.941346010503807,40.001911326248695,,,2675
1766588460,1.34928,1.35031,1.3492,1.35019,42.66823356262843,39.826329517737804,,,2391
1766589360,1.35018,1.35079,1.35015,1.35072,48.532487366875706,40.07761593919339,,,2309
1766590260,1.35073,1.35097,1.35034,1.35088,50.18891413831342,40.47277319729873,,,2071
1766591160,1.35088,1.3509,1.35006,1.35058,47.126325975305875,40.86944869892717,,,2485
1766592060,1.35059,1.35072,1.34996,1.35004,42.14152076208027,40.992642135996505,,,1891
1766592960,1.35005,1.35029,1.34996,1.35025,44.59587328660227,41.53638826532143,,,1589
1766593860,1.35024,1.35107,1.35007,1.35016,43.739522186884706,41.80393595574588,,,1602
1766594760,1.35011,1.3503,1.34984,1.35023,44.63009852411098,42.35825213501734,,,1465
1766595660,1.35024,1.35059,1.35004,1.35011,43.3628736757711,42.483699872218644,,,1051
1766596560,1.35012,1.35048,1.34997,1.35048,48.242681960036805,43.2025524752978,,,936
1766597460,1.35047,1.35059,1.35013,1.35014,44.452503563116124,43.22576811138587,,,1454
1766598360,1.35015,1.35037,1.34927,1.34956,38.84581756176167,43.181230824311065,,,1399
1766599260,1.34955,1.35003,1.34945,1.3497,40.787196692602556,43.518242519042374,,,1853
1766600160,1.34969,1.34987,1.3496,1.34985,42.87949748018102,44.44239619544789,,,2160
1766601060,1.34984,1.35054,1.34975,1.35013,46.667839077402455,44.72808230364604,,,1699
1766601960,1.35015,1.35021,1.35005,1.35014,46.80353491918729,44.60458570023973,,,506
1766602860,1.35013,1.35015,1.35001,1.35003,45.43411451201267,44.264957155503964,,,1304
1766603760,1.35004,1.35018,1.35003,1.35006,45.89903257996261,44.17729334155087,,,1432
1766604660,1.35007,1.35009,1.34993,1.35001,45.20767798934044,44.39630457206946,,,2739
1766605560,1.35,1.35029,1.34996,1.35026,49.31826180362682,44.73361803757121,,,1578
1766606460,1.35027,1.35032,1.34998,1.35009,46.74988944907139,44.948644270584545,,,3682
1766607360,1.3501,1.35024,1.34993,1.35019,48.450521133266854,45.221531599809964,,,1736
1766608260,1.35012,1.35035,1.35012,1.35032,50.656725571845094,45.74252102095811,,,762
1766609160,1.3503,1.35034,1.35001,1.3501,46.991468003507755,45.65314859549174,,,1342
1766610060,1.35009,1.35017,1.35002,1.35006,46.33502238122464,45.78761422535664,,,698
1766610960,1.35007,1.35063,1.35003,1.35043,52.890636693788394,46.79081559192998,,,839
1766611860,1.35042,1.3507,1.34998,1.35008,47.0371522755332,47.23724099071074,,,1774
1766612760,1.35008,1.35053,1.3499,1.35031,50.8839847375751,47.8089900805246,,,1302
1766709960,1.35107,1.35107,1.35088,1.35094,59.55046700243175,48.72917778945526,,,598
1766710860,1.35095,1.35176,1.35085,1.35127,63.212161228404376,49.901222525827905,,,1748
1766711760,1.35131,1.35194,1.35124,1.35187,68.7510862090539,51.56672050418799,,,1594
1766712660,1.35186,1.35228,1.35146,1.3515,62.50155831031858,52.75261519921342,,,1466
1766713560,1.35151,1.35157,1.35117,1.35118,57.622948739979556,53.639420252830504,,,1668
1766714460,1.35119,1.35162,1.35117,1.35157,61.56096089840908,54.51389875960066,,,1474
1766715360,1.35156,1.35157,1.35107,1.3513,57.572157215800715,55.28691788579561,,,1708
1766716260,1.35131,1.3519,1.35121,1.35184,62.768129296578444,56.309604183175004,,,1944
1766717160,1.35182,1.35187,1.35164,1.35166,60.124906911914486,56.98590285032282,,,1336
1766718060,1.35167,1.35167,1.35127,1.35139,56.29539577134015,57.6504691194537,,,1169
1766718960,1.35138,1.35139,1.3508,1.35107,52.06297534414658,58.05960861680527,,,1366
1766719860,1.35108,1.35117,1.35068,1.35087,49.55530315731943,57.82137050705749,,,1112
1766720760,1.35088,1.35108,1.35045,1.35051,45.323527188298094,57.69896871511212,,,1162
1766721660,1.35052,1.35083,1.35048,1.35058,46.28406810145665,57.37040324110366,,,953
1766722560,1.35059,1.35066,1.35032,1.35039,44.02338813590864,56.261326179209156,,,738
1766723460,1.3504,1.35064,1.35028,1.35029,42.83744941598957,54.805989621179535,,,878
1766724360,1.35028,1.35032,1.34981,1.34981,37.601347253145036,52.58100826718604,,,626
1766725260,1.34975,1.34991,1.3493,1.34933,33.22747112207597,50.49000203945442,,,787
1766726160,1.34932,1.34937,1.34879,1.34883,29.392101979829206,48.47351298515797,,,911
1766727060,1.34885,1.34934,1.34866,1.34909,33.67905397232285,46.48194820472323,,,1181
1766727960,1.34912,1.34959,1.34903,1.34951,40.01483053663597,45.22785344192575,,,991
1766728860,1.34956,1.35005,1.34937,1.34995,45.85099705035997,44.01948685291014,,,1372
1766729760,1.34993,1.34993,1.34948,1.34988,45.0992305595171,42.94622425631032,,,1525
1766730660,1.34987,1.34989,1.34879,1.34898,36.75510234512059,41.55048901158036,,,1905
1766731560,1.34897,1.34928,1.34866,1.34878,35.196678147868056,40.34575349756047,,,1681
1766732460,1.34877,1.34884,1.34846,1.34873,34.799427297865776,39.291762364742354,,,1650
1766733360,1.3487,1.34885,1.34836,1.3486,33.733369114919284,38.463893930929586,,,1658
1766734260,1.34858,1.34883,1.34809,1.34816,30.34500528983166,37.325389444384946,,,2012
1766735160,1.34817,1.34842,1.34797,1.34801,29.26577622826278,36.27127430812453,,,2122
1766736060,1.34801,1.34816,1.34773,1.348,29.19123914929142,35.29654500336038,,,1938
1766736960,1.34801,1.34916,1.34792,1.3489,43.21004546223638,35.69716630400976,,,1821
1766737860,1.34888,1.34898,1.34858,1.34881,42.30799431773361,36.3457751036996,,,1662
1766738760,1.34879,1.34965,1.34879,1.34958,51.6146424155653,37.93309942053789,,,1989
1766739660,1.34959,1.34981,1.34889,1.34895,45.19122329305904,38.755397229161915,,,1740
1766740560,1.34894,1.34901,1.34851,1.34857,41.81124315423101,38.88371241613298,,,1665
1766741460,1.34858,1.3487,1.3483,1.34851,41.286173378525184,38.55765358243049,,,1499
1766742360,1.3485,1.34893,1.34845,1.3486,42.45356956899306,38.36867779739306,,,1413
1766743260,1.34861,1.34903,1.34836,1.34896,46.99352398942098,39.099993629128804,,,1421
1766744160,1.34896,1.34949,1.34894,1.34912,48.922234974642876,40.08039054532701,,,1615
1766745060,1.34914,1.3494,1.349,1.34921,50.02379633749075,41.16784547672879,,,1370
1766745960,1.34921,1.34921,1.34882,1.34898,47.22105813411987,42.13125183524312,,,1466
1766746860,1.34897,1.34924,1.34891,1.3491,48.831865341643834,43.45174183894398,,,1775
1766747760,1.34912,1.34977,1.3491,1.34941,52.83642470669849,45.13535958740368,,,1710
1766748660,1.34942,1.3497,1.34923,1.3495,53.96291756544007,46.90476518855716,,,1464
1766749560,1.34948,1.34955,1.34918,1.34936,51.88681435433702,47.524534395135774,,,1723
1766750460,1.34937,1.34952,1.34917,1.34925,50.250950590461144,48.091888414616314,,,1307
1766751360,1.34925,1.34932,1.34886,1.34914,48.600819670562686,47.87661536140184,,,1584
1766752260,1.34915,1.3496,1.34901,1.34956,54.71539119499965,48.55691306868331,,,1291
1766753160,1.34953,1.34979,1.34931,1.3496,55.26126086047917,49.51762861912961,,,1212
1766754060,1.3496,1.35054,1.34944,1.35049,65.28751563628296,51.23201020896944,,,2088
1766754960,1.35048,1.35151,1.35025,1.3514,72.15805251264644,53.35375899065897,,,1731
1766755860,1.35147,1.35267,1.35146,1.35267,78.54145536876314,55.60718266061199,,,2129
1766756760,1.35266,1.35272,1.35155,1.35181,67.29057966583629,56.91920728141151,,,2299
1766757660,1.35181,1.35214,1.35147,1.35187,67.63887564995933,58.17742723230212,,,1887
1766758560,1.35186,1.35212,1.35121,1.35121,60.062579109808,59.094678730565555,,,1660
1766759460,1.35121,1.35147,1.35081,1.35087,56.548577664706826,59.64587246792719,,,2388
1766760360,1.35089,1.35183,1.3507,1.35167,62.15855856874033,60.31173917235875,,,2418
1766761260,1.35168,1.35258,1.35147,1.35207,64.61830695290698,61.07283841432068,,,2027
1766762160,1.35206,1.35258,1.35202,1.35216,65.16693984883389,62.021418806784745,,,1626
1766763060,1.35215,1.35217,1.35099,1.35109,54.37232628134264,62.31580278470484,,,1830
1766763960,1.35108,1.35122,1.35035,1.35065,50.656395318512836,62.462629616701285,,,2367
1766764860,1.35066,1.35076,1.34913,1.34923,40.93362040963036,61.47821741774634,,,2339
1766765760,1.34924,1.34944,1.34822,1.34866,37.79751673183928,60.230807122843494,,,2294
1766766660,1.34865,1.34897,1.34847,1.34872,38.33309565719669,58.305491410051616,,,1711
1766767560,1.34873,1.34888,1.34836,1.34864,37.86495472215179,55.85598442501629,,,1747
1766768460,1.3486,1.3492,1.34824,1.3483,35.860515610091255,52.807345870825436,,,2012
1766769360,1.34821,1.34921,1.34812,1.34891,41.81198954762109,50.9874465766672,,,1661
1766770260,1.34886,1.34918,1.34829,1.3491,43.56841518715704,49.268127972181325,,,2030
1766771160,1.34911,1.3497,1.34909,1.34964,48.34113522920388,48.43088198070961,,,1392
1766772060,1.34965,1.34975,1.34935,1.3495,47.22595911380592,47.76498065564526,,,1744
1766772960,1.34956,1.34973,1.34928,1.34955,47.69008657737192,46.73151837054751,,,1632
1766773860,1.34956,1.34997,1.34944,1.34975,49.599485032430536,45.65874537622777,,,1654
1766774760,1.34976,1.34998,1.34932,1.34934,45.900610722014314,44.28257901002637,,,1259
1766775660,1.34933,1.34966,1.34906,1.34907,43.594961193558056,43.51276721804176,,,2044
1766776560,1.34906,1.34978,1.34898,1.34948,47.87662107865603,43.314211915194846,,,854
1766777460,1.34949,1.34969,1.34941,1.34966,49.682492059482044,43.939131318755685,,,831
1766778360,1.34965,1.35013,1.3495,1.35011,53.97555639607945,45.09470558048712,,,899
1766779260,1.35009,1.35059,1.35009,1.35024,55.16563278694012,46.29702966118308,,,1105
1766780160,1.35022,1.35027,1.34993,1.35024,55.16563278694012,47.532792380096545,,,761
1766781060,1.35026,1.35064,1.35018,1.35027,55.47377376054752,48.933739390843414,,,809
1766781960,1.35026,1.35048,1.34992,1.35047,57.56754848981011,50.059136458142625,,,1221
1766782860,1.35055,1.35057,1.35028,1.35057,58.61541828705614,51.13392239384971,,,607
1766783760,1.35047,1.35047,1.35016,1.35036,55.51497814910731,51.64633974527137,,,577
1766784660,1.35037,1.35037,1.34925,1.34974,47.52271453417136,51.667536561011765,,,827
1766785560,1.34974,1.35001,1.34942,1.34947,44.517035377709185,51.440890046750134,,,488
1766959260,1.34835,1.34854,1.34803,1.3483,34.37201085883872,50.353213320065,,,874
1766960160,1.34832,1.34902,1.34804,1.34877,40.261502888520766,49.950419903386894,,,449
1766961060,1.34881,1.34932,1.34877,1.34915,44.591018686320965,50.02156686715568,,,288
1766961960,1.3488,1.34921,1.348,1.34884,41.92177930294794,49.596221026033675,,,592
1766962860,1.34871,1.34967,1.34859,1.34961,49.93787868870505,49.61446292812103,,,1506
1766963760,1.34964,1.35005,1.34948,1.34949,48.80727714386042,49.2453001243911,,,1922
1766964660,1.34948,1.34981,1.34938,1.34972,51.09278988800723,48.95438277446732,,,496
1766965560,1.34971,1.35011,1.34958,1.35011,54.779446956114576,48.926798072265505,,,716
1766966460,1.3501,1.35047,1.35006,1.35039,57.26986483973922,49.055090292207765,,,1234
1766967360,1.35042,1.35059,1.35,1.35043,57.62886373397444,49.05946995250522,,,1150
1766968260,1.35047,1.35067,1.35005,1.35024,55.254198359232525,48.81938281480353,,,1172
1766969160,1.35021,1.35082,1.35009,1.35078,60.265545220115094,49.158709034161234,,,1614
1766970060,1.35079,1.35112,1.35057,1.35109,62.83858793445072,50.25269999132404,,,1465
1766970960,1.35108,1.3512,1.35084,1.35096,61.05311246210292,51.43384835449502,,,1430
1766971860,1.35095,1.35098,1.35056,1.35095,60.909743357836874,53.32940067585203,,,1636
1766972760,1.35093,1.35106,1.35067,1.35084,59.261217730984576,54.68652316459945,,,1126
1766973660,1.35088,1.35102,1.35034,1.35035,52.45114174609017,55.247960526011525,,,1221
1766974560,1.35036,1.35052,1.35022,1.35045,53.622467331347934,56.08372395661153,,,1288
1766975460,1.35046,1.35052,1.35028,1.35048,53.988658921646824,56.37306540182165,,,1019
1766976360,1.35049,1.35092,1.35049,1.35059,55.3798533618445,56.84253513167766,,,734
1766977260,1.35057,1.35073,1.35047,1.35061,55.6424640205571,57.16751185543122,,,958
1766978160,1.35055,1.35069,1.3503,1.35048,53.44079366346987,57.07189376309946,,,1097
1766979060,1.35046,1.35089,1.35041,1.35078,57.609288197833145,57.096138288677594,,,804
1766979960,1.35081,1.35098,1.35058,1.35059,54.293847126308755,56.85792281670147,,,896
1766980860,1.35058,1.3506,1.34984,1.35008,46.54980161081568,56.23618019181455,,,1073
1766981760,1.35007,1.3503,1.34985,1.3503,49.87134924231808,55.4937376219719,,,597
1766982660,1.35035,1.35038,1.34984,1.34985,43.86654189124593,54.13859147602871,,,577
1766983560,1.34984,1.3499,1.34927,1.34927,37.58504438911982,52.46230089938705,,,727
1766984460,1.34926,1.34941,1.34868,1.34872,32.790019686408854,50.45374920857076,,,1077
1766985360,1.34871,1.34878,1.34836,1.34869,32.546116092749585,48.54552766298254,,,891
1766986260,1.34868,1.34927,1.34859,1.3492,40.63093564434717,47.70122722714376,,,978
1766987160,1.34919,1.3495,1.34908,1.34935,42.802372244239024,46.92836329235028,,,905
1766988060,1.34934,1.34946,1.34872,1.34876,37.06061294032642,45.71921715082738,,,1009
1766988960,1.34877,1.34965,1.34871,1.34949,46.60472449145036,45.09242223151352,,,1245
1766989860,1.34948,1.34951,1.349,1.34918,43.582357266056256,44.23098603476346,,,1303
1766990760,1.34919,1.34976,1.34912,1.34943,46.590502343049224,43.74167951187627,,,1356
1766991660,1.34946,1.34969,1.34848,1.34888,41.3650407292873,42.581376121265855,,,1776
1766992560,1.34889,1.34952,1.34861,1.34865,39.37615250256564,41.5158265052842,,,1958
1766993460,1.34862,1.34894,1.3482,1.34882,41.61083067111378,41.163042866734074,,,1818
1766994360,1.34873,1.34897,1.34829,1.34854,39.05715417003756,40.39060036157118,,,1929
1766995260,1.34852,1.34872,1.34771,1.34863,40.32487033251633,40.13762382166192,,,2303
1766996160,1.34864,1.34916,1.34831,1.34837,37.873810989197736,40.15825000738177,,,1852
1766997060,1.34844,1.34905,1.3484,1.34869,42.50578692557346,40.85223338160781,,,1870
1766997960,1.34882,1.34982,1.34801,1.34865,42.08341287342254,41.53346886594159,,,2383
1766998860,1.34861,1.34877,1.34736,1.34845,39.94605262999838,41.48454865063098,,,2507
1766999760,1.34846,1.34976,1.34824,1.34965,54.78454076852258,42.340417830936936,,,1983
1767000660,1.34966,1.35081,1.34898,1.3491,48.8293562749657,43.18104235483975,,,2577
1767001560,1.34911,1.34928,1.34879,1.34904,48.21364038234884,43.29596491847535,,,2212
1767002460,1.34905,1.35014,1.34887,1.35011,58.30969418245782,44.34791755536117,,,1805
1767003360,1.35012,1.35058,1.34986,1.35012,58.391337554592894,45.190834356185725,,,1916
1767004260,1.35013,1.35089,1.35006,1.35044,61.02185781145286,46.594892719197546,,,2001
1767005160,1.35045,1.35079,1.34957,1.3497,52.72124795114606,47.548113822667574,,,2371
1767006060,1.34968,1.35008,1.34892,1.34926,48.49703857606483,48.03998581587836,,,2078
1767006960,1.34927,1.34977,1.34924,1.34977,53.17973305001667,49.04874145016258,,,1668
1767007860,1.34977,1.35109,1.34976,1.35082,61.03471640199744,50.52801616941123,,,1877
1767008760,1.35083,1.35095,1.34847,1.34852,43.72858411003254,50.946214249470856,,,1692
1767009660,1.34853,1.34885,1.34793,1.34795,40.652211291441276,50.81381598988998,,,2215
1767010560,1.34793,1.34807,1.34691,1.34723,37.10155983361134,50.45796934418918,,,2099
1767011460,1.34724,1.34799,1.34716,1.34759,39.92682454865011,50.45659590980716,,,1760
1767012360,1.3476,1.34883,1.3475,1.34841,45.88895193528071,49.82119670743275,,,2134
1767013260,1.34838,1.34886,1.34818,1.34865,47.530338949082044,49.72840975558391,,,2089
1767014160,1.34866,1.34878,1.34795,1.34816,44.55850089036675,49.46732836329948,,,1860
1767015060,1.34817,1.34913,1.34814,1.34877,48.84643928166838,48.79138158467167,,,2270
1767015960,1.34877,1.3497,1.34868,1.34918,51.55832526434197,48.30330927822517,,,2503
1767016860,1.34917,1.34984,1.34859,1.34966,54.593316248648804,47.84412773802488,,,2494
1767017760,1.34967,1.34976,1.34876,1.34954,53.6877132450271,47.91316097330209,,,2079
1767018660,1.34955,1.35069,1.34941,1.35018,57.71631737696955,48.57168088765243,,,3427
1767019560,1.35017,1.35074,1.34995,1.35032,58.56540825919974,48.956371974022645,,,3028
1767020460,1.35032,1.35034,1.34927,1.34966,53.147124694976256,48.392972566378276,,,3144
1767021360,1.34965,1.34968,1.34859,1.34924,49.978342137252696,48.83938385403686,,,2771
1767022260,1.34923,1.35065,1.34867,1.35057,58.430611596281025,50.109269590096844,,,2829
1767023160,1.35056,1.35128,1.34914,1.34979,52.79623524082186,51.23031783346902,,,4217
1767024060,1.34978,1.35008,1.34944,1.34989,53.41643025043877,52.1938610978825,,,2713
1767024960,1.3499,1.34991,1.34853,1.3491,48.045871408451106,52.34792677453753,,,2444
1767025860,1.34908,1.34978,1.34865,1.34977,52.415481555517566,52.696865532140066,,,2375
1767026760,1.34976,1.34998,1.34923,1.3493,49.28409182447579,53.03440774171928,,,2310
1767027660,1.34933,1.34948,1.34874,1.34888,46.604658300046914,52.87428052874632,,,2161
1767028560,1.34887,1.34956,1.34852,1.34886,46.47508312843928,52.51119180475327,,,1943
1767029460,1.34885,1.34908,1.3485,1.34871,45.4543462007666,51.85840822990453,,,1226
1767030360,1.34874,1.34879,1.34816,1.34848,43.86353535145829,51.15668123750677,,,1298
1767031260,1.34847,1.34921,1.34846,1.34915,49.41717687353812,50.563885487261665,,,1340
1767032160,1.34916,1.34959,1.34906,1.34946,51.79352328864379,50.08017941793624,,,1381
1767033060,1.34935,1.34959,1.34913,1.34925,50.0772385422084,49.860901835595676,,,1275
1767033960,1.34924,1.34956,1.34898,1.34901,48.1149166211071,49.727800013013855,,,1212
1767034860,1.34905,1.34929,1.34891,1.34916,49.44822615152084,49.08620105267384,,,1180
1767035760,1.34915,1.3499,1.3491,1.34989,55.44845139245065,49.27564506350446,,,1005
1767036660,1.34987,1.35038,1.34987,1.35008,56.88293557249088,49.52325258650819,,,1000
1767037560,1.35007,1.35087,1.34997,1.35081,61.95190650755597,50.51654080787283,,,1257
1767038460,1.35082,1.35102,1.35067,1.35087,62.34375725080147,51.22570335753597,,,981
1767039360,1.35088,1.35093,1.35037,1.35049,58.251949077031746,51.866264589861395,,,725
1767040260,1.35048,1.3506,1.35022,1.35026,55.862110561305066,52.52751117995127,,,909
1767041160,1.35027,1.35051,1.3502,1.35041,57.09828803155509,53.28631153017382,,,1073
1767042060,1.35042,1.35107,1.35038,1.35076,59.91906394116401,54.31950565448792,,,622
1767042960,1.35075,1.35155,1.35072,1.35121,63.26348585570759,55.70521640479144,,,483
1767043860,1.3512,1.35135,1.35081,1.35085,59.02059865854526,56.39117510372053,,,636
1767044760,1.35085,1.35146,1.3508,1.35131,62.482993268339,57.15470867369876,,,800
1767045660,1.35061,1.35062,1.35031,1.35032,52.25085498346529,57.30996699093139,,,301
1767046560,1.35032,1.35088,1.3503,1.35065,54.901952730485746,57.79475528445845,,,1999
1767047460,1.35066,1.3507,1.35041,1.35042,52.705534972107905,58.02742020021467,,,642
1767048360,1.3504,1.35066,1.34958,1.35065,54.65898832207048,57.9710299809018,,,1476
1767049260,1.35066,1.35093,1.35023,1.35088,56.58992463658438,57.95010062833705,,,1134
1767050160,1.35089,1.35089,1.35071,1.35081,55.810900946431566,57.51145737397102,,,1555
1767051060,1.3508,1.35093,1.35074,1.35085,56.182102443932216,57.071339173480354,,,406
1767051960,1.35084,1.35098,1.35081,1.35096,57.24573445649963,56.999466700585195,,,450
1767052860,1.35097,1.35104,1.35082,1.3509,56.4409539315529,57.0408126556029,,,627
1767053760,1.35089,1.351,1.35084,1.35085,55.73774055455157,56.94363069295979,,,645
1767054660,1.35086,1.35088,1.35044,1.35051,51.07742455836869,56.31208502276013,,,565
1767055560,1.3505,1.35057,1.34996,1.34998,44.79055962310049,54.99259029185962,,,1001
1767056460,1.34997,1.35028,1.34977,1.35017,47.295047755397746,54.1550509416348,,,1352
1767057360,1.35015,1.3505,1.34985,1.34999,45.20297750761418,52.920764101583025,,,757
1767058260,1.34999,1.35058,1.34999,1.35058,52.60362785029554,52.94596216349947,,,901
1767059160,1.35057,1.351,1.35048,1.35086,55.66390702593743,53.00038747031745,,,852
1767060060,1.35087,1.3512,1.35042,1.35043,50.29332445820345,52.82808671932428,,,1054
1767060960,1.35044,1.35067,1.35013,1.35019,47.53654037460528,52.31934043736248,,,1043
1767061860,1.35017,1.35032,1.35004,1.35017,47.30384258030312,51.65604886191382,,,686
1767062760,1.35016,1.35049,1.35016,1.35021,47.85364084640231,51.08767314048316,,,728
1767063660,1.3502,1.35039,1.34996,1.35023,48.14496069365808,50.51359158689214,,,880
1767064560,1.35024,1.3506,1.35023,1.35058,53.08448680406933,50.21635961171855,,,423
1767065460,1.35057,1.35068,1.35049,1.35064,53.89527541413661,50.0345254319031,,,622
1767066360,1.35063,1.35078,1.35048,1.35056,52.59024749627988,49.80970449916941,,,471
1767067260,1.35055,1.35072,1.3504,1.35066,54.086831396718296,50.02466213048009,,,475
1767068160,1.35065,1.35086,1.35058,1.35078,55.88641355078211,50.8172231253145,,,581
1767069060,1.35079,1.35101,1.35077,1.35097,58.64996367274909,51.62828854798245,,,720
1767069960,1.35098,1.35117,1.35086,1.35113,60.872883922281325,52.74756757760154,,,618
1767070860,1.35111,1.35169,1.3511,1.35146,65.04654120796157,53.636347103149106,,,775
1767071760,1.3514,1.35172,1.35137,1.35148,65.28820785779678,54.32379716256763,,,707
1767072660,1.35149,1.35172,1.35131,1.35132,61.617855062153204,55.132692205706896,,,844
1767073560,1.3513,1.35159,1.35116,1.35156,64.8132744056152,56.36674463649332,,,1220
1767074460,1.35157,1.35199,1.35153,1.35196,69.38762160161858,57.94415742373014,,,1152
1767075360,1.35196,1.35217,1.35122,1.35134,57.01513928483381,58.59855016933239,,,1070
1767076260,1.35135,1.35189,1.35115,1.3517,61.32712036314695,59.540133002867314,,,1635
1767077160,1.35171,1.35179,1.3512,1.35137,55.801242120734734,59.7341869540577,,,1163
1767078060,1.35136,1.35143,1.35073,1.3512,53.144632088103315,59.680569573626755,,,1480
1767078960,1.35119,1.35121,1.35004,1.35019,40.73609741904088,58.833844568109676,,,1425
1767079860,1.35017,1.35053,1.35007,1.35038,43.412776998874605,58.071412111120836,,,1294
1767080760,1.3504,1.35091,1.3501,1.35084,49.374408936218344,57.60626892436629,,,1367
1767081660,1.35085,1.3511,1.3505,1.35097,50.947234219176465,57.05607396339682,,,1913
1767082560,1.35098,1.35149,1.35074,1.35123,54.023746365505836,56.566849852198565,,,1774
1767083460,1.35124,1.35187,1.35108,1.35118,53.33102842912618,55.73002751085318,,,1674
1767084360,1.35116,1.35121,1.35075,1.35098,50.539467742034425,54.67654607401301,,,1732
1767085260,1.35099,1.35147,1.35087,1.35122,53.67322337650587,54.10907238218106,,,1649
1767086160,1.35123,1.35188,1.35122,1.35177,59.93761965790298,53.76081132877304,,,1587
1767087060,1.35176,1.35179,1.35099,1.35148,55.663582573807005,52.7805228267865,,,1651
1767087960,1.35152,1.35178,1.35126,1.35152,56.12827985768618,52.71717572484739,,,1453
1767088860,1.35158,1.35224,1.35151,1.35175,58.80212863764367,52.53681917302572,,,1669
1767089760,1.35178,1.3522,1.35176,1.35217,63.21144306669985,53.06611924059466,,,1384
1767090660,1.35215,1.35306,1.35204,1.35236,65.03459893780555,53.915402587001964,,,1711
1767091560,1.3524,1.3524,1.35193,1.35205,59.82519596068569,55.27890962569087,,,1506
1767092460,1.35207,1.35247,1.35167,1.35227,62.142791995731976,56.61676783975212,,,1475
1767093360,1.35226,1.3523,1.35134,1.35135,49.327631138846904,56.61342656851131,,,1097
1767094260,1.35134,1.3515,1.35048,1.3508,43.54610890551822,56.08477476039286,,,1567
1767095160,1.35079,1.35089,1.35027,1.3503,39.06364590856586,55.01619615632573,,,1656
1767096060,1.35031,1.35065,1.34974,1.35039,40.255767445350145,54.082248943198856,,,1832
1767096960,1.35042,1.35059,1.34996,1.35058,42.79988258800798,53.52942143219697,,,1322
1767097860,1.35059,1.35083,1.35003,1.35007,38.108855500303676,52.4176808696111,,,1709
1767098760,1.35008,1.35023,1.34934,1.34968,34.953854165331464,50.63312619157028,,,1742
1767099660,1.34966,1.34995,1.3492,1.34986,37.52469169204246,49.33749112858709,,,1850
1767100560,1.34987,1.34987,1.34912,1.3492,32.458943925069875,47.646824276257355,,,2090
1767101460,1.3492,1.3496,1.34873,1.34916,32.17544479703194,45.744918287642236,,,2402
1767102360,1.34906,1.34969,1.34842,1.34848,27.739821914796778,43.21123106250629,,,2457
1767103260,1.34849,1.34871,1.34805,1.34817,25.98137352251085,40.42171496141383,,,2160
1767104160,1.34817,1.34877,1.34765,1.34777,23.87804235462255,37.85406113240931,,,2139
1767105060,1.34778,1.34845,1.34719,1.34738,22.007349090974245,34.98724378206948,,,2061
1767105960,1.34737,1.34807,1.34711,1.34776,27.93183916513324,33.458972926804215,,,2717
1767106860,1.34775,1.34778,1.34596,1.34604,20.384081155999013,31.804542373267136,,,2483
1767107760,1.34606,1.34615,1.34495,1.34505,17.459626943753165,30.261398161494792,,,2352
1767108660,1.34506,1.34618,1.34502,1.34617,29.74042803887106,29.510302489603436,,,2134
1767109560,1.34618,1.34768,1.34553,1.34744,40.54313631674608,29.34910632737044,,,2612
1767110460,1.34745,1.34748,1.3463,1.34663,36.670473806098535,29.24636477778436,,,2291
1767111360,1.34663,1.3477,1.34663,1.34736,42.04347766206594,29.752766456122536,,,2181
1767112260,1.34739,1.34829,1.34721,1.34797,46.15451890108921,30.36918268534016,,,1855
1767113160,1.34796,1.34835,1.34757,1.34772,44.75341434044165,31.247359143581004,,,1837
1767114060,1.34771,1.34784,1.34682,1.34683,40.08785402781604,31.812531231494155,,,1552
1767114960,1.34682,1.34753,1.34677,1.3471,42.061210269798444,32.8354875425657,,,1195
1767115860,1.34711,1.34725,1.34659,1.34676,40.262777587173986,33.855587832898784,,,844
1767116760,1.34674,1.34708,1.34654,1.34693,41.60717175519186,35.121954218653734,,,793
1767117660,1.34692,1.34738,1.34682,1.34728,44.38239353729098,36.72017167910493,,,779
1767118560,1.34727,1.34749,1.34711,1.34729,44.463607833831524,37.90101229829766,,,827
1767119460,1.34725,1.34736,1.34688,1.34688,41.77047283629661,39.4286117040332,,,877
1767120360,1.34689,1.34722,1.34653,1.34668,40.48237103380828,41.07309342475143,,,1157
1767121260,1.34666,1.34704,1.34637,1.34702,43.662966088385275,42.067560428288154,,,951
1767122160,1.34704,1.34728,1.34683,1.34713,44.69274341585152,42.36396093536711,,,887
1767123060,1.34711,1.34712,1.34663,1.34694,43.22310364840807,42.832005924103505,,,1024
1767123960,1.34693,1.34698,1.34622,1.34666,41.07929519789579,42.76313574809136,,,1439
1767124860,1.34667,1.34677,1.34636,1.3465,39.8625986607367,42.31371287378046,,,1106
1767125760,1.34651,1.34677,1.34651,1.34672,42.3892772123411,42.14484593605899,,,660
1767126660,1.34673,1.34674,1.3464,1.34646,40.23762052612849,42.155543543081315,,,618
1767127560,1.34643,1.34658,1.34611,1.34658,41.708294178544925,42.130335250848916,,,993
1767128460,1.34659,1.34688,1.34653,1.34682,44.64242945168898,42.4431675268857,,,551
1767129360,1.34683,1.34686,1.34653,1.34663,42.805469552154584,42.52876022666875,,,288
1767130260,1.34662,1.34679,1.34662,1.34665,43.07101957236566,42.43509065774551,,,351
1767131160,1.34667,1.34684,1.34664,1.34678,44.862999002952684,42.463618598397034,,,483
1767132060,1.3465,1.34653,1.3465,1.34653,42.117367955992215,42.48839682123243,,,3
1767132960,1.34635,1.34661,1.34621,1.34651,41.89646277408447,42.5894033741093,,,227
1767133860,1.3465,1.34658,1.34637,1.34647,41.428449640332445,42.42979505639124,,,381
1767134760,1.34646,1.34665,1.34611,1.34615,37.79140683406811,41.93684244340671,,,1061
1767135660,1.34615,1.34672,1.34613,1.34669,46.35077400912799,42.16024746917242,,,582
1767136560,1.3467,1.34671,1.34657,1.34662,45.47725081035035,42.47438715577631,,,1006
1767137460,1.34661,1.34676,1.34628,1.34655,44.572622197297136,42.81081740838778,,,342
1767138360,1.34654,1.34676,1.34645,1.34672,47.313628126508526,43.16255675939974,,,343
1767139260,1.34671,1.34673,1.34634,1.34655,44.92129008943886,43.49710458535048,,,678
1767140160,1.34656,1.3466,1.34636,1.3464,42.86191757932151,43.57950625683452,,,378
1767141060,1.34641,1.34643,1.34604,1.34605,38.434363697496664,43.136072988677924,,,529
1767141960,1.34604,1.34645,1.34584,1.34638,44.2788081385846,43.24131145913721,,,911
1767142860,1.34636,1.34665,1.34606,1.34658,47.52981718905771,43.559797003186645,,,1342
1767143760,1.34657,1.3466,1.34632,1.34637,44.58816473737883,43.54016598421708,,,776
1767144660,1.34636,1.34663,1.34622,1.34657,47.895626123313306,43.9528987104543,,,932
1767145560,1.34658,1.34658,1.346,1.34613,41.96157368811304,43.957549490027766,,,1327
1767146460,1.34612,1.34624,1.34593,1.34614,42.13703775639878,44.00816292688965,,,1283
1767147360,1.34611,1.34631,1.34594,1.34615,42.32481641631347,44.33197789705003,,,1169
1767148260,1.34614,1.3464,1.3461,1.34626,44.45996967329731,44.196920444490694,,,1134
1767149160,1.34625,1.34638,1.34603,1.34613,42.459419400584395,43.981361058078846,,,1438
1767150060,1.34612,1.34642,1.3461,1.34625,44.92303467229216,44.006390520578485,,,1318
1767150960,1.34624,1.34632,1.34601,1.34631,46.164185674157984,43.92428748826774,,,794
1767151860,1.34632,1.34637,1.34615,1.3462,44.1977449981552,43.87260569603318,,,501
1767152760,1.34621,1.34655,1.34616,1.34638,48.09408647939626,44.24633204603852,,,751
1767153660,1.34637,1.34642,1.34621,1.34623,45.25809470469983,44.733741403695895,,,1180
1767154560,1.34622,1.34632,1.34612,1.34617,44.136953498479706,44.72360892940269,,,736
1767155460,1.34618,1.34624,1.34582,1.34587,38.94247149103825,44.11022709382986,,,560
1767156360,1.34586,1.34594,1.34574,1.34587,38.94247149103825,43.70696329051982,,,681
1767157260,1.34589,1.34614,1.34582,1.34609,44.49792951608409,43.464270675717735,,,706
1767158160,1.34607,1.3463,1.34588,1.34626,48.404564677904155,43.92448431784567,,,713
1767159060,1.34625,1.34628,1.34592,1.34625,48.18969082463486,44.356816679862526,,,1005
1767159960,1.34624,1.34633,1.34589,1.34591,41.45206319176017,44.294477163823004,,,986
1767160860,1.34592,1.34596,1.3454,1.3455,35.08220988701051,43.624637179088225,,,830
1767161760,1.34553,1.34567,1.34528,1.34564,38.55439572330971,43.34570691642575,,,915
1767162660,1.34563,1.34605,1.34562,1.34603,47.05054244551476,43.49767175737022,,,429
1767163560,1.34599,1.34612,1.34552,1.34578,42.95074870603267,43.26814054536128,,,702
1767164460,1.34579,1.34597,1.34512,1.34524,35.71218736374948,42.662029285760866,,,1314
1767165360,1.34525,1.34565,1.34513,1.34544,39.76145876178747,42.06684159164596,,,1112
1767166260,1.34545,1.34599,1.34525,1.34596,48.79253563983128,42.31930165844106,,,1234
1767167160,1.34595,1.34601,1.34562,1.34597,48.95103713230418,42.66316477514282,,,1302
1767168060,1.34598,1.34655,1.34567,1.346,49.456479348056725,43.414165336358415,,,1706
1767168960,1.346,1.34606,1.34433,1.34476,34.327445625213386,43.084520631656645,,,1821
1767169860,1.34476,1.34477,1.34372,1.34405,28.879856209750955,41.96894396691856,,,1964
1767170760,1.34408,1.34409,1.34264,1.34291,22.66141997930407,40.13014791701856,,,2457
1767171660,1.34289,1.34333,1.3426,1.34296,23.440061521594117,38.362317252515645,,,1866
1767172560,1.34299,1.34398,1.3426,1.34369,33.90314543770819,37.82310884151193,,,1742
1767173460,1.34365,1.34409,1.34348,1.34407,38.6066833449342,38.074856945649344,,,1383
1767174360,1.34406,1.34446,1.34368,1.34383,36.82434083298305,37.95128159634029,,,1707
1767175260,1.34383,1.34385,1.34328,1.34351,34.53499457061962,37.05731389099064,,,1655
1767176160,1.3435,1.34382,1.34341,1.34347,34.24837151265815,36.43571552003532,,,1318
1767177060,1.34346,1.34388,1.34327,1.34339,33.64690488901368,36.288195343268484,,,1871
1767177960,1.34338,1.34414,1.34325,1.34414,43.63997127040413,36.56523195102681,,,2014
1767178860,1.34413,1.3447,1.34371,1.34468,49.53328793325083,36.6181428291282,,,1778
1767179760,1.34467,1.34525,1.34457,1.34507,53.328983415699604,36.93085327794217,,,1480
1767180660,1.34503,1.3457,1.34497,1.34556,57.639808695299436,37.51537680274522,,,1499
1767181560,1.34555,1.34587,1.34494,1.34584,59.91809425420826,39.343280276244855,,,1892
1767182460,1.34583,1.346,1.34472,1.34547,55.658118368175415,41.2560132875609,,,1787
1767183360,1.34548,1.3462,1.34544,1.34583,58.73240112717536,43.832511940980275,,,2431
1767184260,1.34582,1.34652,1.34559,1.34639,63.02666322141208,46.660126348110126,,,1836
1767185160,1.34638,1.34688,1.3463,1.34688,66.32835423188695,48.97621269055146,,,2511
1767186060,1.34688,1.34718,1.34644,1.34687,66.19843181663981,50.94705186710187,,,2357
1767186960,1.34686,1.34767,1.3459,1.34642,60.459312359729786,52.63526411901235,,,2301
1767187860,1.34644,1.34655,1.34523,1.34547,50.504685052811155,53.77595629631174,,,2386
1767188760,1.34548,1.34558,1.34483,1.34532,49.129206298057554,54.83887306669742,,,2658
1767189660,1.34534,1.34538,1.3444,1.34497,45.98236397139705,55.71997728686766,,,2846
1767190560,1.34496,1.34506,1.34419,1.34441,41.41185481038833,55.560826111152245,,,2561
1767191460,1.34441,1.34476,1.34398,1.34404,38.676469601939594,54.78533908748715,,,2398
1767192360,1.34405,1.34416,1.34281,1.34285,31.475427237370496,53.22437078903507,,,2595
1767193260,1.3429,1.34305,1.3407,1.34102,24.057431090331974,50.8256295315374,,,2768
1767194160,1.34103,1.34168,1.34018,1.34164,30.07055730717839,48.693662606749555,,,2777
1767195060,1.34165,1.34337,1.34152,1.34323,42.61860726685859,47.76226895665549,,,2799
1767195960,1.34324,1.34535,1.34196,1.34495,52.53975948115649,47.31993741051128,,,4219
1767196860,1.34496,1.34597,1.34488,1.34556,55.47967864846744,46.78086708387237,,,3126
1767197760,1.34557,1.34604,1.34511,1.34563,55.81790284177987,46.030120556007596,,,2287
1767198660,1.34562,1.34568,1.34421,1.34434,48.50471556478288,44.76628368087495,,,1938
1767199560,1.34434,1.34468,1.34374,1.34447,49.22666567956298,43.96395177514875,,,2059
1767200460,1.34448,1.34469,1.34385,1.34428,48.163855021548954,43.79674963005859,,,1450
1767201360,1.34427,1.34508,1.34418,1.34492,51.92874265408708,43.996716512632126,,,1473
1767202260,1.34493,1.34519,1.34476,1.34489,51.73904424492038,44.40790796074094,,,1268
1767203160,1.34488,1.34573,1.34472,1.34568,56.26939556214532,45.46916087158073,,,1891
1767204060,1.34567,1.34581,1.3447,1.34569,56.325284215187814,46.729790486812746,,,1574
1767204960,1.3457,1.34573,1.34487,1.34541,54.23520770104698,48.355489091361065,,,1676
1767205860,1.34542,1.34557,1.3451,1.34516,52.36675911843902,50.37758395051157,,,1316
1767206760,1.34515,1.34563,1.34498,1.34561,55.34864922070106,52.18316194433462,,,1289
1767207660,1.34562,1.34575,1.34536,1.34543,53.895276900897755,52.98863834676599,,,1020
1767208560,1.34543,1.3456,1.34537,1.34544,53.967594783848085,53.090626582672535,,,930
1767209460,1.34548,1.34574,1.34528,1.34568,55.76109161265236,53.11072750868574,,,1073
1767210360,1.34569,1.34628,1.34541,1.34627,59.897590106172146,53.40213374185662,,,1351
1767211260,1.3463,1.34692,1.346,1.34685,63.509742479075484,54.47392137859181,,,1059
1767212160,1.34686,1.34742,1.34683,1.34732,66.16902598392035,55.6840899717602,,,890
1767213060,1.34733,1.34779,1.34719,1.34766,67.98657287044614,57.09999838953856,,,854
1767213960,1.34765,1.34829,1.34693,1.34827,70.99713518568632,58.46202642750994,,,1286
1767214860,1.34828,1.34836,1.34752,1.34778,65.65591776534518,59.45608882182599,,,776
1767215760,1.34777,1.34794,1.34762,1.3477,64.79879125643424,60.06533137141806,,,403
1767216660,1.34769,1.34778,1.34761,1.34763,64.01134532791866,60.61433573661312,,,259
1767217560,1.34763,1.34763,1.34724,1.34729,60.18563366535859,61.03936616263538,,,614
1767304860,1.34641,1.34641,1.34601,1.34634,51.01172053500483,60.94257769239008,,,197
1767305760,1.34634,1.34648,1.34612,1.34637,51.26435398104248,60.65084231812875,,,853
1767306660,1.34639,1.34651,1.3463,1.34638,51.35440851362574,60.46935171903789,,,522
1767307560,1.34634,1.34741,1.34632,1.34735,59.22502833140259,60.84488268672036,,,800
1767308460,1.34755,1.34771,1.34703,1.34714,57.07213835843262,60.938528882847514,,,629
1767309360,1.34713,1.34735,1.34704,1.34717,57.310875751257676,60.753763571782194,,,640
1767310260,1.34716,1.34739,1.34716,1.34731,58.47157087289354,60.39389417134063,,,434
1767311160,1.34732,1.34741,1.34716,1.34737,58.98625203159762,59.88083888903186,,,429
1767312060,1.34736,1.34765,1.34728,1.34749,60.05259286812714,59.314126031723355,,,586
1767312960,1.34747,1.34751,1.34716,1.3475,60.14558505443681,58.53901530806268,,,477
1767313860,1.34751,1.34773,1.34749,1.34771,62.13880907080544,58.2877932584527,,,602
1767314760,1.34772,1.34827,1.34771,1.3482,66.36572156333168,58.399716851802545,,,698
1767315660,1.34819,1.34851,1.34808,1.34818,66.04163175008037,58.544737310528376,,,953
1767316560,1.34819,1.34853,1.34811,1.34848,68.52458725076791,59.14037685234333,,,858
1767317460,1.34849,1.34849,1.34826,1.34836,66.43218427248951,60.24183854787795,,,610
1767318360,1.34837,1.34893,1.34836,1.3489,70.75917287771757,61.634325611926165,,,688
1767319260,1.34888,1.34912,1.34888,1.34902,71.63421634112137,63.08288331389014,,,553
1767320160,1.34903,1.34906,1.34871,1.34872,66.29308914343781,63.5877448004641,,,749
1767321060,1.34874,1.3488,1.34866,1.3487,65.94010478292205,64.22117097364192,,,658
1767321960,1.34869,1.34891,1.34867,1.3489,67.78724458019227,64.96948303285153,,,652
1767322860,1.34891,1.34901,1.34875,1.34883,66.42934039831314,65.53789514181007,,,492
1767323760,1.34882,1.34886,1.34852,1.34878,65.42125651027129,65.99753831885819,,,560
1767324660,1.34879,1.34879,1.34843,1.34863,62.36369964633819,66.1626173744447,,,465
1767325560,1.34868,1.34889,1.34854,1.34868,62.98471197672419,66.36541215460808,,,664
1767326460,1.34866,1.34876,1.34842,1.34849,59.00071627133956,66.14126266893194,,,710
1767327360,1.34844,1.34847,1.34805,1.34808,51.43944336180563,65.0750999402515,,,628
1767328260,1.34807,1.34809,1.34783,1.34798,49.76428367497277,63.91243222060096,,,574
1767329160,1.34797,1.34801,1.34777,1.34778,46.50252962821243,62.33942810470415,,,476
1767330060,1.34777,1.34797,1.34766,1.34797,49.864450742051375,61.1560185668157,,,593
1767330960,1.34798,1.34809,1.3479,1.34797,49.864450742051375,59.66353841426811,,,656
1767331860,1.34798,1.34801,1.34777,1.34788,48.20041250307059,57.98969528297878,,,448
1767332760,1.34787,1.34787,1.34696,1.34696,35.2504844944294,55.77236637947817,,,670
1767333660,1.34694,1.34694,1.34638,1.3466,31.665388590445815,53.32417236572987,,,846
1767334560,1.34659,1.34663,1.34638,1.34642,30.021319187070702,50.62660626622119,,,664
1767335460,1.34641,1.34672,1.34638,1.34657,33.13680575144525,48.24856807715919,,,494
1767336360,1.34659,1.34695,1.34652,1.34676,36.964958013292616,46.215975327375,,,656
1767337260,1.34678,1.34709,1.34654,1.34676,36.964958013292616,44.40177949644317,,,1227
1767338160,1.34677,1.34691,1.34633,1.34637,32.531105184639415,42.22652186843711,,,1338
1767339060,1.34635,1.34645,1.34577,1.34595,28.558336092240708,40.05206614135862,,,1502
1767339960,1.34596,1.3466,1.34578,1.3461,31.76341299294701,38.64663540072586,,,1804
1767340860,1.34609,1.34687,1.34571,1.34627,35.30578901500071,37.61388578215643,,,2248
1767341760,1.34627,1.34632,1.34517,1.34572,29.898018846074493,36.427849297718005,,,2183
1767342660,1.34573,1.34577,1.34505,1.34506,24.95781570909645,34.64880393822123,,,2054
1767343560,1.34505,1.34567,1.34491,1.34566,35.40694741449383,33.61612512910998,,,2264
1767344460,1.34565,1.3462,1.34509,1.34557,34.62805271417801,32.64667085847479,,,2207
1767345360,1.34564,1.34644,1.34558,1.34565,35.97628065701788,32.69851344151682,,,1882
1767346260,1.34565,1.34619,1.34553,1.34617,44.053191016996294,33.583356471984715,,,2001
1767347160,1.34616,1.3462,1.34534,1.34546,37.160007453791444,34.09326277675048,,,1916
1767348060,1.34539,1.34586,1.34503,1.34535,36.21454449589886,34.31310125849716,,,1498
1767348960,1.34536,1.34548,1.34454,1.34468,31.035043863934703,33.88953596211446,,,1788
1767349860,1.34467,1.34496,1.34439,1.34477,32.43299478161873,33.56582430270918,,,1736
1767350760,1.34477,1.34528,1.34451,1.34505,36.72995939944825,33.86574246090981,,,1812
1767351660,1.34504,1.34524,1.34404,1.34415,30.103103327035015,33.97608297768083,,,1270
1767352560,1.34417,1.34453,1.34339,1.34355,26.650927957359883,33.61090547513889,,,1643
1767353460,1.34356,1.34423,1.34346,1.34396,32.35923567349187,33.400437379316834,,,1560
1767354360,1.34397,1.34441,1.34353,1.34406,33.714219017724446,33.67302310586326,,,1826
1767355260,1.34405,1.34495,1.34405,1.34485,43.36613297738492,34.987902910741006,,,1690
1767356160,1.34484,1.34485,1.34411,1.34411,37.81204737036802,35.159695764732014,,,1258
1767357060,1.34412,1.34432,1.34358,1.34429,39.830703184555134,35.53131365547324,,,1521
1767357960,1.34428,1.34468,1.34413,1.34454,42.61678020279913,36.00563505160047,,,1416
1767358860,1.34453,1.34497,1.34423,1.34483,45.75457112081113,36.127162201872956,,,1703
1767359760,1.34482,1.34579,1.34472,1.34509,48.47487949359979,36.93536734757355,,,1936
1767360660,1.3451,1.34556,1.34469,1.34543,51.87369625419735,38.05387818745202,,,1964
1767361560,1.34544,1.34597,1.34538,1.34583,55.58561251270716,39.807490233792905,,,1837
1767362460,1.34584,1.34593,1.34552,1.34576,54.789208534022166,41.40436264467887,,,1680
1767363360,1.34577,1.34666,1.34534,1.34642,60.531119020162045,43.10444547472985,,,1935
1767364260,1.34641,1.34641,1.34542,1.34614,57.21144092314565,45.04075530302347,,,2624
1767365160,1.34615,1.3468,1.34595,1.34671,61.803829248323886,47.55167682380661,,,2492
1767366060,1.3467,1.34777,1.34651,1.3475,67.07778946449002,50.03157352316363,,,2638
1767366960,1.34748,1.34783,1.34706,1.34765,67.98177833028375,52.47925633120358,,,2494
1767367860,1.34765,1.34915,1.34754,1.34889,74.27117697454347,54.68675947385776,,,2659
1767368760,1.34888,1.3502,1.34885,1.34977,77.6295726816316,57.530868424662295,,,3260
1767369660,1.34978,1.34987,1.34884,1.34924,71.57027211760773,59.79798049130891,,,2705
1767370560,1.34917,1.34938,1.34882,1.34906,69.58378982766051,61.72419546451329,,,2311
1767371460,1.34905,1.34923,1.34796,1.34803,59.420431587371624,62.7003283549819,,,2018
1767372360,1.34798,1.34798,1.34732,1.34758,55.59957613124567,63.2092352576709,,,1960
1767373260,1.34759,1.3476,1.34713,1.34747,54.674087255529415,63.40926318633747,,,1531
1767374160,1.34744,1.3478,1.34724,1.34769,56.24287148803245,63.45621025600356,,,1517
1767375060,1.3477,1.3477,1.34672,1.34684,49.16284913049079,63.0543274414656,,,1450
1767375960,1.34681,1.34683,1.34614,1.34625,44.934553507651756,61.940287047714875,,,1397
1767376860,1.34626,1.34638,1.34544,1.34548,40.08866626408685,60.71723171492496,,,1107
1767377760,1.34549,1.34603,1.34547,1.3455,40.26885087555556,59.17901897401293,,,1225
1767378660,1.34551,1.34556,1.34481,1.34509,37.76160081164921,57.08500549881003,,,1356
1767379560,1.34499,1.34526,1.34463,1.34507,37.63849134660588,54.917627857118745,,,1490
1767380460,1.34506,1.34532,1.34473,1.34517,38.714348330503505,52.37785438254446,,,1441
1767381360,1.34518,1.34526,1.34485,1.34508,38.077647765511266,49.55271688853587,,,1456
1767382260,1.34512,1.34542,1.34486,1.34539,41.63803361153127,47.41469985238755,,,1240
1767383160,1.3454,1.3458,1.3451,1.34545,42.32919563766823,45.467943124530954,,,1620
1767384060,1.34546,1.34573,1.34493,1.34536,41.53461839911901,44.19038503965577,,,1447
1767384960,1.34538,1.34567,1.34528,1.3456,44.52513210117838,43.39935332322239,,,954
1767385860,1.34559,1.34567,1.34532,1.34541,42.664581275966654,42.541531467539336,,,975
1767386760,1.34542,1.34583,1.34528,1.34583,47.85203309131645,41.9421858677739,,,1180
1767387660,1.34588,1.3462,1.34588,1.34609,50.818513465710616,42.06044760600389,,,624
1767388560,1.34608,1.34625,1.34602,1.34615,51.50411467677045,42.52970197522666,,,404
1767389460,1.34614,1.34669,1.3459,1.34591,48.58648555326958,43.13668906731114,,,694
1767390360,1.34592,1.34611,1.34561,1.34587,48.09744642165811,43.69587446346133,,,727
1767564060,1.34455,1.34486,1.34426,1.34486,37.76200113314166,43.69590305785364,,,259
1767564960,1.34488,1.34544,1.34472,1.34528,43.22552563303973,44.09497693545605,,,375
1767565860,1.34529,1.3453,1.34433,1.34446,36.49040729577213,43.93612400440382,,,868
1767566760,1.34463,1.34517,1.34412,1.34511,43.946205609715896,44.35530670756129,,,1273
1767567660,1.34531,1.34564,1.34437,1.34555,48.36518009228096,44.83581717047198,,,737
1767568560,1.34556,1.34565,1.34477,1.34477,42.03831736600375,44.81504015106737,,,1109
1767569460,1.34474,1.34481,1.34373,1.34424,38.3657849266127,44.588694903031204,,,996
1767570360,1.34425,1.34449,1.34374,1.34418,37.96146665927935,44.119861657181275,,,1264
1767571260,1.34416,1.34481,1.34391,1.34419,38.07859271718177,43.7922910458395,,,1556
1767572160,1.34423,1.34476,1.34407,1.34455,42.301791441346204,43.39584521369877,,,1042
1767573060,1.34454,1.34454,1.34393,1.34416,39.183938842584936,42.56480416918979,,,1338
1767573960,1.34414,1.34447,1.3439,1.34416,39.18393884258494,41.684791609605114,,,1635
1767574860,1.34417,1.34448,1.34385,1.34438,41.98156862694385,41.21301182915328,,,2495
1767575760,1.34437,1.34488,1.34405,1.34413,39.74415034587798,40.61634782374041,,,2062
1767576660,1.34412,1.34468,1.34385,1.3446,45.61267278621684,41.17711008467436,,,1836
1767577560,1.34459,1.34476,1.34388,1.34413,41.282725582057815,41.03833865246137,,,1791
1767578460,1.34409,1.34428,1.3435,1.34383,38.75389072064933,41.200016039952594,,,1496
1767579360,1.34384,1.34389,1.34314,1.34316,33.77746634738446,40.47367752121463,,,1294
1767580260,1.34317,1.34349,1.34257,1.34267,30.675093737853317,39.21009992446981,,,1593
1767581160,1.34266,1.34334,1.34263,1.34333,38.82534429484453,38.98060184795843,,,1435
1767582060,1.34334,1.34363,1.34282,1.34282,35.365385044549015,38.76628757066817,,,1130
1767582960,1.34283,1.34289,1.34149,1.34152,28.41432716847646,38.084349035610806,,,1423
1767583860,1.34153,1.34189,1.34141,1.34172,30.671957233639517,37.55530364392923,,,1440
1767584760,1.34173,1.34205,1.34143,1.3415,29.567329020225415,36.64569918527774,,,938
1767585660,1.34148,1.34185,1.34144,1.34176,32.654213798357716,36.17929025354722,,,976
1767586560,1.34177,1.34211,1.3417,1.3417,32.302375342543485,35.68775000354427,,,790
1767587460,1.34172,1.34266,1.34172,1.34265,42.80952291159296,35.746889595304914,,,952
1767588360,1.34262,1.34281,1.34239,1.34247,41.49537374211316,35.87197698075028,,,960
1767589260,1.34246,1.34262,1.34227,1.34245,41.3435101050356,35.56703678923734,,,693
1767590160,1.34246,1.34294,1.34246,1.34291,46.218765818642375,35.91961109185052,,,687
1767591060,1.3429,1.34309,1.34277,1.34303,47.44591098073597,36.54046968185671,,,737
1767591960,1.34302,1.34319,1.34265,1.34292,46.400742679506806,37.4421322770083,,,1054
1767592860,1.34291,1.34307,1.34206,1.34258,43.230798514932445,38.33896833251396,,,1097
1767593760,1.34257,1.34309,1.34249,1.34288,46.69139542947827,38.900829127844936,,,937
1767594660,1.34287,1.34361,1.34287,1.34351,53.150171326403,40.17117100512023,,,1151
1767595560,1.34352,1.34369,1.34336,1.34348,52.82197559338206,41.914574464042055,,,1017
1767596460,1.34347,1.3436,1.34278,1.34295,47.26879163888911,43.100062635845596,,,1622
1767597360,1.34294,1.34349,1.34266,1.34268,44.69115567151606,44.18033596808065,,,1427
1767598260,1.34267,1.34319,1.34219,1.34219,40.38684141855123,44.732666512380185,,,1969
1767599160,1.34217,1.34287,1.34205,1.34234,42.22139049530306,45.44116759472015,,,2145
1767600060,1.34235,1.34297,1.34173,1.34291,48.684004788369855,45.86077344306136,,,2420
1767600960,1.3429,1.34388,1.34268,1.34341,53.58801255146983,46.724533358015414,,,2231
1767601860,1.34342,1.34352,1.34237,1.34251,45.21245591299557,47.000886630012545,,,2182
1767602760,1.34249,1.34283,1.34236,1.34265,46.61034700444126,47.02885671471247,,,2043
1767603660,1.34266,1.343,1.34219,1.34271,47.23174823392896,47.01355937565482,,,1923
1767604560,1.3427,1.34353,1.3427,1.34306,50.82710710802086,47.32972826340583,,,1552
1767605460,1.34305,1.34331,1.34265,1.34294,49.57980336557888,47.78322860988057,,,1690
1767606360,1.34294,1.34444,1.34286,1.34428,61.06881547035334,48.81018718422879,,,2286
1767607260,1.34429,1.34502,1.34405,1.34491,65.09576935463551,49.66344418624539,,,1879
1767608160,1.3449,1.34581,1.3449,1.34509,66.17240030378156,50.61704595127394,,,1931
1767609060,1.34507,1.3458,1.34496,1.34574,69.79554239549924,52.22609957674609,,,1934
1767609960,1.34576,1.34645,1.34548,1.34622,72.16635300878113,54.18861367226503,,,2540
1767610860,1.34621,1.34662,1.34589,1.34657,73.7823167924111,56.57400477039787,,,2158
1767611760,1.34657,1.3471,1.34603,1.3464,71.60768028838358,58.673025469903614,,,1990
1767612660,1.34639,1.34694,1.3462,1.34661,72.67892152291847,60.38694809379995,,,1707
1767613560,1.34658,1.34674,1.34578,1.34586,63.46865215115254,61.092708065205855,,,1935
1767614460,1.34586,1.34643,1.34566,1.34639,66.68189425999586,62.62623937570588,,,1627
1767615360,1.34642,1.34714,1.34639,1.34691,69.51507954275392,64.26229169987106,,,1821
1767616260,1.3469,1.34743,1.34636,1.3464,63.786160899336835,65.4447497474002,,,1705
1767617160,1.34638,1.34674,1.34527,1.34565,56.422080855023765,65.84439072932898,,,2304
1767618060,1.34565,1.34567,1.34388,1.34398,44.188773770247934,65.45931718680534,,,2812
1767618960,1.344,1.34412,1.34288,1.34316,39.643605285293184,63.928945030729615,,,2279
1767619860,1.34315,1.34339,1.34249,1.34304,39.011223023545575,62.06576314993748,,,2417
1767620760,1.34302,1.34553,1.34288,1.34538,54.3150219629393,61.218807554163035,,,2666
1767621660,1.34541,1.34649,1.34508,1.34588,56.808939151111,60.29119303670673,,,2871
1767622560,1.34587,1.34619,1.34548,1.34611,57.94619051386068,59.27546714421241,,,2334
1767623460,1.3461,1.34668,1.34564,1.34653,60.016564670214315,58.29219913548407,,,3385
1767624360,1.34654,1.34795,1.34647,1.34745,64.17691325027141,57.7614300613332,,,3191
1767625260,1.34752,1.34831,1.34732,1.34823,67.2849664463308,57.37614755586265,,,3410
1767626160,1.34824,1.34915,1.34797,1.34897,69.94881111592184,57.83901605334618,,,2956
1767627060,1.34896,1.34973,1.34884,1.3496,72.03641407115424,58.221481754143205,,,2690
1767627960,1.34957,1.35046,1.34896,1.35046,74.62755562429848,58.586658617110665,,,2749
1767628860,1.35048,1.35109,1.35038,1.35088,75.80660143351241,59.445261512408926,,,2460
1767629760,1.35088,1.35161,1.35078,1.35141,77.24368358737021,60.932518850433674,,,2575
1767630660,1.35143,1.352,1.35141,1.35181,78.29172590220435,63.368444002716274,,,2394
1767631560,1.3518,1.35267,1.3518,1.35257,80.16124360896197,66.26256102583547,,,2182
1767632460,1.35258,1.35328,1.35243,1.3527,80.47105509150596,69.22397760211835,,,1961
1767633360,1.35271,1.35392,1.35262,1.35342,82.13507350084177,71.21112414053997,,,2061
1767634260,1.35343,1.35365,1.35306,1.35332,81.10145522356223,72.94630386000077,,,1747
1767635160,1.35331,1.35347,1.35305,1.35309,78.64989702345758,74.4251400392577,,,1087
1767636060,1.3531,1.35361,1.3531,1.3535,79.82089505234349,75.83973506655263,,,1500
1767636960,1.35349,1.35393,1.3529,1.35299,74.35762460020706,76.56692873440518,,,1730
1767637860,1.35298,1.35362,1.35294,1.35357,76.34087388783342,77.21377926594108,,,938
1767638760,1.35358,1.35409,1.3535,1.35406,77.89625789032283,77.78145403554115,,,1168
1767639660,1.35407,1.35415,1.35356,1.35384,75.4964485726333,78.02859935707536,,,1378
1767640560,1.35389,1.3545,1.35389,1.35437,77.31001018109889,78.22020325398968,,,1222
1767641460,1.35438,1.35458,1.35427,1.35448,77.679254209456,78.35396416655708,,,1238
1767642360,1.35447,1.35458,1.35409,1.35437,76.34135400189797,78.28951205330907,,,1068
1767643260,1.35437,1.3546,1.35436,1.35454,77.00064220217163,78.19729178902102,,,853
1767644160,1.35453,1.35453,1.35439,1.35451,76.59500025792943,77.94256012109011,,,558
1767645060,1.35452,1.35465,1.35442,1.35442,75.31318493063509,77.57414082388505,,,668
1767645960,1.35438,1.35452,1.35419,1.35432,73.83466387247871,76.98125442185912,,,1049
1767646860,1.35433,1.35459,1.35411,1.35459,75.24759917785701,76.56312184716589,,,649
1767647760,1.35458,1.35484,1.35423,1.35432,71.11213412979801,76.02471021190449,,,696
1767648660,1.35433,1.35439,1.35396,1.35401,66.58727013322735,75.07945128911048,,,679
1767649560,1.354,1.35422,1.35395,1.35419,67.86583943213923,74.61575234853422,,,678
1767650460,1.35395,1.35414,1.35388,1.35414,67.09776632757021,73.95553037994398,,,21
1767651360,1.35413,1.35414,1.3538,1.35383,62.383668251214715,72.84748826286484,,,319
1767652260,1.35388,1.3543,1.35377,1.35411,64.78990714416845,72.08273530368878,,,876
1767653160,1.35412,1.35417,1.35369,1.35385,60.89460526971519,70.91020638144708,,,1404
1767654060,1.3541,1.3541,1.35367,1.35372,58.98505779857563,69.57490663781277,,,492
1767654960,1.35371,1.35383,1.35359,1.35359,57.05817972107575,68.19753704632546,,,474
1767655860,1.35361,1.35364,1.35341,1.35342,54.54868235975941,66.59382562901031,,,364
1767656760,1.35341,1.35351,1.3532,1.35347,55.17315408526187,65.06369375953405,,,630
1767657660,1.35346,1.35353,1.35317,1.35353,55.95519048362839,63.68097987046214,,,873
1767658560,1.35352,1.35353,1.35305,1.35311,49.451617617980524,61.939333709426556,,,775
1767659460,1.3531,1.35321,1.35281,1.35308,49.0134067247601,60.06546281991963,,,1020
1767660360,1.35309,1.35373,1.35286,1.35373,57.7494006964035,59.11098186039146,,,1553
1767661260,1.35372,1.35408,1.35316,1.3532,50.19705644482364,57.94025231121976,,,1781
1767662160,1.35321,1.35395,1.35319,1.35376,56.64822023769994,57.138993797331246,,,1375
1767663060,1.35377,1.35449,1.35375,1.35429,61.70421441800654,56.753740089505264,,,1462
1767663960,1.35428,1.35467,1.3542,1.35455,63.92683843240421,56.8639665310188,,,1260
1767664860,1.35454,1.35486,1.35416,1.35448,62.86890032987333,56.726751758569144,,,1783
1767665760,1.35447,1.35467,1.3544,1.35458,63.79079781792975,56.933622654870184,,,1054
1767666660,1.35457,1.35481,1.35428,1.35476,65.45346930406645,57.39565204811952,,,1636
1767667560,1.35474,1.35579,1.35474,1.3556,71.9309565944545,58.45799325336087,,,1108
1767668460,1.35563,1.35574,1.35508,1.35523,66.05579055039033,59.27992955269165,,,950
1767669360,1.35522,1.3557,1.35518,1.35545,67.74287051140178,60.17776644027307,,,858
1767670260,1.35546,1.35622,1.35541,1.35611,72.20588907202101,61.33853062515825,,,735
1767671160,1.35609,1.35614,1.35579,1.35604,71.08256553861486,62.88359833377499,,,684
1767672060,1.35603,1.35604,1.35577,1.3559,68.7779620255609,64.2953522838322,,,828
1767672960,1.35591,1.35619,1.35581,1.3561,70.26130531423094,65.18905975653415,,,675
1767673860,1.35609,1.35614,1.35551,1.35563,62.72011633375267,66.08356403431479,,,822
1767674760,1.35564,1.35572,1.35541,1.3555,60.77702495176026,66.37847865674767,,,928
1767675660,1.35549,1.35579,1.35549,1.35561,61.85391257687423,66.38917138238108,,,799
1767676560,1.3556,1.3557,1.35547,1.35552,60.39291217840906,66.13674807852428,,,1087
1767677460,1.3555,1.35555,1.35508,1.35514,54.53571383502594,65.54152047174946,,,994
1767678360,1.35515,1.35516,1.35457,1.35488,50.89838632481734,64.62063393652716,,,1351
1767679260,1.35487,1.3552,1.35484,1.35508,53.46927098584528,63.76461977093993,,,1282
1767680160,1.35507,1.35573,1.35496,1.3555,58.395667505193686,62.7978134074213,,,1128
1767681060,1.35551,1.35571,1.3553,1.35533,55.8195812729429,62.06665560188934,,,1243
1767681960,1.35532,1.3562,1.35532,1.35617,64.21896960159819,61.81494839404622,,,1480
1767682860,1.35618,1.35678,1.3555,1.35552,55.43622531972262,60.61711526888205,,,1811
1767683760,1.35551,1.35569,1.35484,1.35515,51.148081849400384,59.1932235767953,,,1428
1767684660,1.35516,1.3558,1.35516,1.35548,54.526626980802,58.17527107359824,,,1295
1767685560,1.35546,1.35556,1.35469,1.35516,50.853864941421676,56.789025332683295,,,1893
1767686460,1.35517,1.35664,1.35508,1.35631,61.01633668336234,56.66732678622684,,,2722
1767687360,1.3563,1.35667,1.35511,1.35518,50.062054248273746,55.901971735977796,,,2289
1767688260,1.35519,1.35551,1.355,1.35537,51.63435151830195,55.172003088936926,,,2130
1767689160,1.35536,1.35588,1.35515,1.35545,52.31512975205507,54.595018629911635,,,2085
1767690060,1.35546,1.35547,1.35457,1.35489,47.29654997200819,54.07793549683894,,,2630
1767690960,1.35494,1.35522,1.35398,1.35398,40.497881288875504,53.33504227998595,,,2290
1767691860,1.35398,1.35446,1.35364,1.35431,43.66062272348954,52.63442454696054,,,2220
1767692760,1.3543,1.35452,1.35349,1.35361,38.933241699490104,51.24425127512457,,,2320
1767693660,1.35362,1.35393,1.353,1.35337,37.436576390831085,49.931179497830875,,,2179
1767694560,1.35336,1.35384,1.35297,1.35328,36.864273737090194,47.97727265036601,,,1795
1767695460,1.35324,1.35399,1.35318,1.3537,41.368807304874004,46.972457077876825,,,1750
1767696360,1.35371,1.35379,1.35294,1.35295,36.377602643838294,45.917422848908096,,,1536
1767697260,1.35294,1.35349,1.35226,1.35257,34.1306983739275,44.460570805559925,,,1770
1767698160,1.35256,1.35261,1.35204,1.35259,34.360496701264964,43.282473074120155,,,1678
1767699060,1.35258,1.35295,1.35239,1.35248,33.664851364003,41.32879555130877,,,1357
1767699960,1.3525,1.3525,1.35174,1.35236,32.882738079203804,40.10170153923235,,,1636
1767700860,1.35233,1.35293,1.35225,1.3527,37.32562564748761,39.079649691317044,,,1577
1767701760,1.35277,1.35283,1.35197,1.35199,32.489105884268,37.66350512933225,,,1467
1767702660,1.35198,1.35228,1.35135,1.35173,30.90960799262369,36.49300927366193,,,1784
1767703560,1.35175,1.35178,1.35082,1.35105,27.186882982051216,35.54222368031734,,,1832
1767704460,1.35114,1.35172,1.35065,1.35125,29.86249737872997,34.5566432985488,,,2647
1767705360,1.35126,1.35194,1.35107,1.35148,32.91544241059019,34.12680049219881,,,2408
1767706260,1.35147,1.35233,1.35147,1.35177,36.65919476102641,34.07127323292705,,,1976
1767707160,1.35178,1.35248,1.35132,1.35247,44.68376674350613,34.62980844767104,,,2168
1767708060,1.35246,1.35348,1.35246,1.35285,48.498207562189606,35.13905132319358,,,2369
1767708960,1.35286,1.35287,1.35155,1.35186,40.63628804907384,35.44324313785326,,,2568
1767709860,1.35187,1.35317,1.35168,1.35316,51.707090841695006,36.69869974269379,,,3101
1767710760,1.35317,1.35326,1.35227,1.35257,47.387749808439864,37.629217821777715,,,3055
1767711660,1.35254,1.35272,1.35088,1.35114,38.90492203620821,38.003508584078084,,,3150
1767712560,1.35115,1.35119,1.34978,1.35005,33.9205285742831,38.07763647658375,,,3237
1767713460,1.35004,1.35048,1.34939,1.35047,37.25622039950288,38.07267895887055,,,2740
1767714360,1.35046,1.35087,1.34964,1.35087,40.34482875014449,38.63380202071887,,,2684
1767715260,1.35088,1.35095,1.34918,1.34979,35.293197727725115,38.946915573226114,,,2502
1767716160,1.34978,1.35017,1.34958,1.34988,36.01222308177764,39.57729700892086,,,1961
1767717060,1.34989,1.35008,1.34931,1.34938,33.76729362248267,39.85621102633176,,,2031
1767717960,1.34937,1.34995,1.34919,1.34957,35.41489970137735,40.03474368995942,,,1892
1767718860,1.34958,1.35004,1.34927,1.34994,38.61718829617428,40.174600371041414,,,1449
1767719760,1.34995,1.3506,1.34989,1.35046,42.902032927220176,40.04733366987812,,,1553
1767720660,1.35048,1.35094,1.35025,1.35089,46.2437310488268,39.886299633209354,,,1359
1767721560,1.35088,1.35121,1.35046,1.35116,48.29017397638831,40.43300577087467,,,1331
1767722460,1.35117,1.35117,1.35056,1.35097,46.936070761183956,40.092218622266735,,,1610
1767723360,1.35098,1.3511,1.35025,1.35036,42.7877409763787,39.7636465628338,,,1281
1767724260,1.35035,1.35047,1.34991,1.35027,42.19518847782712,39.998665594378004,,,1119
1767725160,1.35026,1.35039,1.3498,1.34987,39.57218043899959,40.40235501328633,,,1364
1767726060,1.34986,1.35007,1.34926,1.34938,36.57290136628367,40.353546510913525,,,1316
1767726960,1.34943,1.34967,1.34929,1.34936,36.451461733819876,40.07544886689034,,,1055
1767727860,1.34937,1.34979,1.34929,1.34979,40.98838731887524,40.482248123401064,,,1008
1767728760,1.34978,1.35029,1.3495,1.35029,45.83113721876966,41.183599133186206,,,1348
1767729660,1.35028,1.35037,1.34995,1.35027,45.66969121205268,42.03377038958406,,,978
1767730560,1.35028,1.35037,1.35009,1.35015,44.653310832186484,42.69365689892758,,,872
1767731460,1.35016,1.3506,1.35015,1.35042,47.485205337521855,43.32708668759525,,,1117
1767732360,1.35041,1.35055,1.34977,1.3498,42.15169570930995,43.27349117203023,,,1394
1767733260,1.34981,1.35,1.34979,1.34999,44.21938214323484,43.12889482163081,,,575
1767734160,1.35,1.35012,1.34988,1.35001,44.44448566834788,42.85420279962791,,,398
1767735060,1.35003,1.35007,1.34986,1.35005,44.923206474450225,42.710426779146935,,,374
1767735960,1.35006,1.35023,1.34997,1.35017,46.41498524767767,42.96951565566828,,,494
1767736860,1.34997,1.35014,1.34944,1.34966,41.295648703676086,42.9052628146575,,,135
1767737760,1.3497,1.34973,1.34904,1.34962,40.91448890126095,43.00114199053331,,,329
1767738660,1.34963,1.34995,1.34958,1.34992,45.01372600455748,43.6040580361243,,,373
1767739560,1.34991,1.35017,1.34982,1.34993,45.15032877261566,44.22540568175258,,,380
1767740460,1.35012,1.35029,1.35009,1.35019,48.71756505880877,44.77748980603354,,,442
1767741360,1.35018,1.35037,1.35013,1.35025,49.533256149421916,45.04192687250871,,,288
1767742260,1.35024,1.35026,1.35007,1.35016,48.29242681026798,45.22926512952408,,,322
1767743160,1.35017,1.35029,1.34994,1.3502,48.905052630732555,45.532960972277365,,,380
1767744060,1.35022,1.35026,1.34978,1.35007,46.957823124403156,45.49529081419746,,,732
1767744960,1.35005,1.35029,1.34987,1.35006,46.803446132760186,45.82755870158677,,,994
1767745860,1.35005,1.35047,1.34993,1.35017,48.79752769433719,46.15456909809408,,,1412
1767746760,1.35018,1.3505,1.35008,1.35036,52.13503886841958,46.70389432667063,,,1576
1767747660,1.35037,1.35047,1.35016,1.35016,48.54778359633972,46.962792692519876,,,1398
1767748560,1.35017,1.35026,1.35005,1.35022,49.666690632170656,47.19505736284081,,,1027
1767749460,1.35021,1.35095,1.35017,1.35086,59.72711065628362,48.51159035945563,,,1243
1767750360,1.35088,1.35101,1.35049,1.35071,56.85862332691383,49.65045710414512,,,1376
1767751260,1.3507,1.35135,1.35067,1.35117,62.76456457954415,50.918374145215594,,,1321
1767752160,1.35118,1.35119,1.35077,1.35087,57.25917200182967,51.78329151873088,,,844
1767753060,1.35088,1.35122,1.35076,1.35112,60.37814765883737,52.61619027587577,,,888
1767753960,1.35111,1.35119,1.35085,1.35117,60.99126778007453,53.434619678065246,,,1078
1767754860,1.35116,1.35128,1.3511,1.35114,60.38746717766798,54.29855113287953,,,798
1767755760,1.35112,1.35148,1.35112,1.35137,63.38061516772941,55.33251988552217,,,802
1767756660,1.35138,1.35169,1.35138,1.3514,63.765206481370384,56.53304726816268,,,681
1767757560,1.35139,1.3517,1.35138,1.35142,64.03637874495958,57.76397102617692,,,886
1767758460,1.35144,1.35162,1.35102,1.35112,57.12986875581586,58.359138244853966,,,1377
1767759360,1.3511,1.35122,1.35068,1.35085,51.723034363874504,58.32970935167218,,,1518
1767760260,1.35086,1.35089,1.35061,1.35083,51.335466048493764,58.52882952682603,,,546
1767761160,1.35078,1.35082,1.35043,1.35057,46.461469193252235,58.29988513833187,,,1240
1767762060,1.35056,1.351,1.35047,1.3507,49.065433560189426,57.53833677432514,,,850
1767762960,1.35075,1.35086,1.35037,1.35038,43.46182424692315,56.5814225543258,,,570
1767763860,1.3504,1.35078,1.35031,1.35066,48.9551673880357,55.595037040646616,,,866
1767764760,1.35065,1.35092,1.35058,1.35089,52.995257932649544,55.2904717499909,,,826
1767765660,1.35091,1.351,1.35058,1.35063,48.33772713280975,54.430441712417505,,,902
1767766560,1.35062,1.35105,1.35056,1.35098,54.17608003742277,53.94364258794237,,,872
1767767460,1.35099,1.35101,1.35049,1.35053,46.84585720657501,52.976384732864304,,,1124
1767768360,1.35054,1.3517,1.35047,1.35137,58.211990386711285,52.60719724850588,,,1330
1767769260,1.35138,1.35167,1.35081,1.35096,52.33010592248255,51.79040435144246,,,1391
1767770160,1.35097,1.35114,1.35015,1.35019,43.45055638555119,50.31998846862758,,,1597
1767771060,1.35017,1.35028,1.34938,1.34969,38.84162090712577,49.013685050864,,,1975
1767771960,1.34968,1.34979,1.34901,1.34905,33.88677474363976,47.73966650656151,,,1968
1767772860,1.34904,1.34927,1.34856,1.34877,31.96555174984333,46.35610119951506,,,2283
1767773760,1.34876,1.34903,1.3485,1.34871,31.552730175270668,45.29119126965923,,,1750
1767774660,1.34872,1.34969,1.34856,1.34885,33.70416356222684,44.19395769837619,,,1766
1767775560,1.34884,1.34979,1.34877,1.34955,43.30050425729313,44.18243484197405,,,1895
1767776460,1.34956,1.34979,1.34865,1.34874,36.68349461358727,43.3058867866563,,,1781
1767777360,1.34873,1.34951,1.34864,1.34922,42.309663770903065,42.54263006081727,,,1365
1767778260,1.3492,1.34942,1.34895,1.34918,41.97493784794576,42.08814511189841,,,1710
1767779160,1.34917,1.34952,1.34888,1.34946,45.24074139622889,41.44990663752743,,,1824
1767780060,1.34946,1.3499,1.34941,1.34975,48.475296775499125,41.56629517816486,,,1653
1767780960,1.34974,1.35016,1.34956,1.34973,48.26356156747948,40.8556931196483,,,1796
1767781860,1.34975,1.35029,1.34968,1.35028,54.18947435444533,40.98850515050278,,,1541
1767782760,1.35029,1.35048,1.34967,1.34978,48.72551835431254,41.36528814827145,,,1851
1767783660,1.34981,1.34997,1.34947,1.34981,49.057419786793375,42.09498806824771,,,1510
1767784560,1.34982,1.35053,1.3498,1.35013,52.583186856078676,43.43044607627906,,,1497
1767785460,1.35014,1.35018,1.34957,1.34989,49.7993589854149,44.70428945024846,,,1546
1767786360,1.34989,1.35024,1.34989,1.35016,52.8251780221189,46.22375001073762,,,1422
1767787260,1.35016,1.35027,1.34933,1.34955,46.069106592662976,47.10696022719735,,,2052
1767788160,1.34957,1.3496,1.3486,1.34891,40.25236831271967,46.88923623115638,,,1735
1767789060,1.34892,1.34934,1.34873,1.34904,41.858222468778635,47.25885964938434,,,1524
1767789960,1.34903,1.34935,1.34885,1.34886,40.245296721007996,47.11140486010613,,,1504
1767790860,1.34885,1.34907,1.34809,1.3485,37.161134348399806,46.7675617529957,,,2195
1767791760,1.3485,1.34941,1.34849,1.34923,46.169669715444925,46.83391377579684,,,2579
1767792660,1.34924,1.35006,1.34888,1.34947,48.76997013031929,46.85496187256972,,,2478
1767793560,1.34948,1.34979,1.34927,1.3496,50.17397783676119,46.991420177518414,,,2133
1767794460,1.3496,1.34967,1.34876,1.34885,42.87371360651327,46.18315155266612,,,2382
1767795360,1.34884,1.34897,1.34836,1.34884,42.78432787890495,45.75878080442273,,,2236
1767796260,1.34885,1.34987,1.34846,1.34942,49.376679749769785,45.78158508749247,,,2878
1767797160,1.34944,1.35027,1.34858,1.34861,42.08404359073605,45.031646282825136,,,3055
1767798060,1.34859,1.34977,1.34782,1.34793,37.126613712900784,44.126450191931276,,,4220
1767798960,1.3479,1.34893,1.34742,1.34893,47.011976437240655,43.71122150729712,,,3305
1767799860,1.34894,1.34974,1.34853,1.34887,46.53917329295591,43.74479770017519,,,3269
1767800760,1.34886,1.34893,1.34726,1.34841,42.97105588536726,43.93898966965001,,,3344
1767801660,1.34842,1.34862,1.34695,1.34725,35.56583069820971,43.48953311460938,,,2375
1767802560,1.34727,1.34758,1.34705,1.34736,36.68017987377321,43.23488191123547,,,1886
1767803460,1.34735,1.34758,1.347,1.34733,36.49480563944723,43.18728700345314,,,2054
1767804360,1.34735,1.34743,1.34682,1.34737,36.95232597552553,42.52890530774461,,,1683
1767805260,1.34738,1.34797,1.34704,1.34706,34.85642672372015,41.53508077870181,,,1521
1767806160,1.3471,1.34731,1.34693,1.34718,36.36114506443191,40.54844986639258,,,1445
1767807060,1.34716,1.34745,1.34693,1.34737,38.77263922866943,40.25551598226088,,,1111
1767807960,1.34742,1.34776,1.34695,1.34701,35.98986686371639,39.77019733831884,,,1396
1767808860,1.347,1.34738,1.34683,1.34712,37.4667236036479,38.91948618502442,,,1362
1767809760,1.34713,1.3472,1.34681,1.34697,36.238867391290285,38.50197359934972,,,1285
1767810660,1.34698,1.34728,1.34693,1.34693,35.900988070509456,38.41442891060748,,,993
1767811560,1.34693,1.34735,1.3469,1.34694,36.061487766938555,37.632251148443046,,,1465
1767812460,1.34693,1.34706,1.34631,1.34644,31.777073416047045,36.57781544294955,,,1439
1767813360,1.34643,1.34645,1.34623,1.34633,30.907085456141743,35.71610326943344,,,1042
1767814260,1.34634,1.34667,1.34625,1.34653,34.42249730947326,35.63443659880941,,,891
1767815160,1.34652,1.34667,1.34623,1.34642,33.415478106865976,35.401243615458895,,,1046
1767816060,1.34641,1.3468,1.34626,1.34637,32.94370859869575,35.14759382683379,,,1132
1767816960,1.34638,1.34663,1.34632,1.34633,32.547814803683465,34.832985885987924,,,943
1767817860,1.34631,1.34652,1.34626,1.34633,32.54781480368345,34.66808503455673,,,896
1767818760,1.34632,1.34646,1.34614,1.34622,31.34639211392799,34.30988839523502,,,1119
1767819660,1.34621,1.34627,1.34607,1.34618,30.899728427954315,33.74753762375537,,,492
1767820560,1.34619,1.34627,1.34594,1.34597,28.595945620655456,33.21940039210816,,,351
1767821460,1.34598,1.34598,1.3457,1.34588,27.644670398637174,32.51782516317882,,,654
1767822360,1.34587,1.34595,1.34556,1.34566,25.418697512764382,31.74495588614126,,,592
1767823260,1.34564,1.3457,1.34545,1.3457,26.57631905690242,31.078908099455038,,,12
1767824160,1.34571,1.34594,1.34556,1.34592,32.758235246712744,30.84296149086748,,,361
1767825060,1.34593,1.34611,1.34593,1.34609,37.16101580094883,31.22752880407475,,,551
1767825960,1.34608,1.34615,1.34553,1.34576,32.68686237134776,31.354655726589467,,,1039
1767826860,1.34574,1.34587,1.34561,1.34582,34.23719755134232,31.341420029580117,,,372
1767827760,1.34585,1.34592,1.34575,1.34576,33.40855330228973,31.340925400681815,,,256
1767828660,1.34577,1.34583,1.34567,1.34575,33.26404976887905,31.363806912837763,,,234
1767829560,1.34574,1.34595,1.34572,1.34589,37.34966013951239,31.706795865396973,,,378
1767830460,1.34588,1.34607,1.34584,1.34595,39.071240627526166,32.172754852814315,,,474
1767831360,1.34596,1.34597,1.34567,1.34578,36.04867614205765,32.508632283394995,,,572
1767832260,1.3458,1.34593,1.3457,1.34572,35.01898047770693,32.80286457266304,,,570
1767833160,1.34573,1.34596,1.34565,1.34582,38.18800609543255,33.488011749432836,,,884
1767834060,1.34583,1.34606,1.34579,1.34585,39.146807223510955,34.30959295120953,,,825
1767834960,1.34586,1.34607,1.34555,1.34569,35.94444146024237,35.061431804600815,,,892
1767835860,1.34568,1.34571,1.34531,1.34546,31.904136734142142,35.441990210117936,,,1347
1767836760,1.34545,1.34566,1.34537,1.34566,38.38936017752745,35.844213419461845,,,1218
1767837660,1.34565,1.34566,1.34531,1.34533,32.83307639531502,35.535074890488005,,,1223
1767838560,1.34534,1.34538,1.34508,1.34533,32.83307639531502,35.54551874934281,,,882
1767839460,1.34534,1.34593,1.34531,1.34585,46.882792542900944,36.44877553445414,,,1072
1767840360,1.34586,1.34596,1.34554,1.34568,43.66694698803284,37.18151794057865,,,860
1767841260,1.34567,1.34613,1.34567,1.34597,49.97122477772954,38.37488758406797,,,1178
1767842160,1.34598,1.34636,1.34598,1.34635,56.794343707249574,39.76379355319206,,,1046
1767843060,1.34636,1.34656,1.34618,1.34623,54.276896286517065,40.84991181454855,,,743
1767843960,1.34622,1.34646,1.34616,1.34628,55.1685808568036,42.215619294173266,,,704
1767844860,1.34629,1.34633,1.34595,1.34621,53.592803893678145,43.542320966742636,,,716
1767845760,1.34624,1.34631,1.346,1.34601,49.263254734030745,44.33341015521393,,,604
1767846660,1.34602,1.34617,1.34585,1.34611,51.37830633066819,45.207088662868024,,,758
1767847560,1.34607,1.34614,1.34587,1.34608,50.69553696361849,46.26073834168061,,,724
1767848460,1.34607,1.34608,1.34533,1.34534,37.46865458918788,46.6582039027553,,,985
1767849360,1.34537,1.34556,1.34531,1.34546,40.19367098325933,46.78708324602186,,,960
1767850260,1.34547,1.34586,1.34523,1.34562,43.71561685564455,47.56440756461682,,,1242
1767851160,1.34563,1.34602,1.3455,1.34576,46.67472844931791,48.5530969970456,,,1272
1767852060,1.34577,1.34582,1.34537,1.34564,44.51443764119353,48.38392878978079,,,1362
1767852960,1.34563,1.34566,1.34521,1.34563,44.3303033990095,48.43131139056483,,,1570
1767853860,1.34562,1.34586,1.34549,1.34575,47.15519567472296,48.2301664546358,,,1194
1767854760,1.34574,1.3462,1.3456,1.34596,51.76776741475199,47.87112529088597,,,1261
1767855660,1.34597,1.34598,1.34517,1.34524,39.1502642454558,46.79065157366731,,,1730
1767856560,1.34523,1.34541,1.34505,1.34509,37.12038632204403,45.50149482118449,,,1295
1767857460,1.34508,1.3458,1.34488,1.3452,39.59383332105553,44.50156835171144,,,1484
1767858360,1.34519,1.34544,1.34412,1.34413,28.039615063525858,42.98559408953252,,,2298
1767859260,1.34414,1.34458,1.34375,1.34428,31.076126076862337,41.53543835711781,,,2171
1767860160,1.34427,1.34459,1.34372,1.34415,29.89860396810907,40.04994314315285,,,1827
1767861060,1.34414,1.34432,1.34363,1.34395,28.132478636086077,39.38307343221702,,,2149
1767861960,1.34394,1.34408,1.34355,1.34375,26.449885587685017,38.40137447539028,,,1982
1767862860,1.34376,1.34457,1.34373,1.34426,36.825991393113455,37.90925837092377,,,1668
1767863760,1.34432,1.34447,1.34385,1.34395,33.712693404778435,36.98339872488524,,,1528
1767864660,1.34394,1.34395,1.34341,1.34353,30.010859283664686,35.9474288422046,,,1392
1767865560,1.34352,1.34403,1.34321,1.34398,37.88121501591568,35.48677967198361,,,1749
1767866460,1.34397,1.34447,1.34368,1.34434,43.36779647330998,35.21625115759697,,,1891
1767867360,1.34433,1.34433,1.34357,1.34414,41.19111631224839,34.46077607884671,,,1766
1767868260,1.34413,1.34453,1.34401,1.34438,44.77325688430031,34.86241841019275,,,1328
1767869160,1.34439,1.34478,1.34413,1.34477,50.09309454149817,35.789040425868045,,,1539
1767870060,1.34476,1.34506,1.34465,1.34477,50.09309454149817,36.53898765589967,,,1300
1767870960,1.34478,1.34495,1.34439,1.34449,46.373610909575106,37.848558787760325,,,1674
1767871860,1.34448,1.34473,1.34438,1.34469,49.27106891065735,39.14819756160283,,,1510
1767872760,1.3447,1.34503,1.34437,1.34447,46.30716476282201,40.32023761836803,,,1579
1767873660,1.34449,1.34474,1.34417,1.34425,43.48979277638387,41.417188628389304,,,1428
1767874560,1.34425,1.34451,1.34412,1.34436,45.282370370766586,42.76236611289513,,,1275
1767875460,1.34437,1.34437,1.34381,1.34383,38.8824755153631,42.90925783591296,,,1174
1767876360,1.34384,1.34434,1.34372,1.34401,41.88649059256954,43.49310049218376,,,1510
1767877260,1.344,1.34422,1.34365,1.34391,40.68992791727091,44.25589110886991,,,1904
1767878160,1.3439,1.34475,1.34377,1.3444,48.45940310103094,45.011475972092434,,,1645
1767879060,1.34438,1.34438,1.34292,1.34293,34.0490605680543,44.34585197885989,,,2105
1767879960,1.34293,1.34294,1.34157,1.3422,29.377135219405417,43.50199618651396,,,2814
1767880860,1.3422,1.34263,1.34182,1.34204,28.45554167530743,42.33644510015733,,,2410
1767881760,1.34201,1.34249,1.34173,1.34232,32.44930682991446,41.07617454932993,,,2512
1767882660,1.34231,1.34337,1.34231,1.34303,41.38450093338985,40.45413214875076,,,2969
1767883560,1.34304,1.34359,1.3424,1.34318,43.096986966823124,40.220087581411335,,,2645
1767884460,1.34317,1.34367,1.3426,1.34367,48.400344178362744,40.157892957676,,,2351
1767885360,1.34366,1.34454,1.34356,1.34381,49.83881173828287,40.4101534559232,,,3097
1767886260,1.34382,1.34469,1.34355,1.34356,47.30288028893196,40.68251684967663,,,2486
1767887160,1.34355,1.34429,1.34355,1.34409,52.787509643875524,41.21859822632727,,,2503
1767888060,1.3441,1.34444,1.34347,1.34353,47.19791792504411,41.81255839844734,,,2240
1767888960,1.34354,1.34391,1.34285,1.34309,43.316818264027965,41.914724660694375,,,2287
1767889860,1.3431,1.34378,1.34297,1.34329,45.510175471626326,42.259028057434044,,,1836
1767890760,1.34328,1.34373,1.34294,1.34305,43.342781533691195,41.89355508833835,,,1915
1767891660,1.34304,1.34352,1.34301,1.34339,47.18052370060047,42.831516740663076,,,1444
1767892560,1.34338,1.34352,1.34295,1.34303,43.797694566546916,43.861556694030334,,,1626
1767893460,1.34304,1.34311,1.34259,1.34287,42.34452357057732,44.85362682940674,,,1588
1767894360,1.34288,1.34378,1.34286,1.34377,51.99334237327955,46.24962936821854,,,1170
1767895260,1.34376,1.34379,1.34291,1.34328,47.347456927566384,46.67555479637401,,,1402
1767896160,1.34329,1.34339,1.34307,1.34309,45.64431946843863,46.857507117917976,,,1260
1767897060,1.34308,1.34327,1.3428,1.34303,45.092697451593,46.621246637434425,,,1306
1767897960,1.34302,1.34313,1.34211,1.34212,37.65909173350309,45.75126663709301,,,1130
1767898860,1.34211,1.34243,1.34195,1.34232,40.0001735276537,45.229644725573145,,,1093
1767899760,1.34231,1.34261,1.34225,1.34238,40.71939399016455,44.36763646459379,,,910
1767900660,1.34242,1.34276,1.3424,1.34259,43.282021658237134,44.087929588393294,,,1064
1767901560,1.34258,1.34312,1.34249,1.34311,49.14447925073338,44.50419108744368,,,983
1767902460,1.34312,1.34344,1.34308,1.34328,50.930160230284734,44.89133285591928,,,882
1767903360,1.34327,1.3436,1.34319,1.34357,53.903647534331824,45.64568042739361,,,850
1767904260,1.34358,1.34369,1.34339,1.34348,52.833629518178284,46.04947370007773,,,836
1767905160,1.34349,1.34379,1.34341,1.34367,54.87034661514788,46.840377417834944,,,882
1767906060,1.34366,1.34384,1.34353,1.34374,55.63051836927267,47.789377046313184,,,582
1767906960,1.34375,1.34397,1.34367,1.34393,57.71261464859779,48.19789649455021,,,436
1767907860,1.34391,1.34448,1.34369,1.34442,62.588452837586416,49.286539059551636,,,800
1767908760,1.34442,1.34449,1.34389,1.34399,56.4385103742062,50.05755269567789,,,871
1767909660,1.34332,1.34354,1.34322,1.34332,48.45006561056481,50.297364707033026,,,14
1767910560,1.34326,1.34393,1.34294,1.34319,47.05826868731573,50.96873448944821,,,495
1767911460,1.34321,1.34361,1.34314,1.34347,50.36549960825977,51.70911492377722,,,352
1767912360,1.34349,1.34368,1.3428,1.34357,51.53006916299325,52.4813060075507,,,935
1767913260,1.3437,1.34411,1.3437,1.34384,54.62563993875626,53.29156445615921,,,426
1767914160,1.34383,1.34389,1.34367,1.34387,54.96976376039565,53.70765620684937,,,378
1767915060,1.34388,1.34388,1.3435,1.34351,50.0630835976682,53.645722161662476,,,402
1767915960,1.34352,1.34369,1.34342,1.34362,51.48799534956459,53.47317557703624,,,437
1767916860,1.34361,1.34362,1.34324,1.34329,47.14208308860688,53.066636546352576,,,686
1767917760,1.3433,1.34371,1.34323,1.34343,49.10476915217917,52.65480958471195,,,470
1767918660,1.34342,1.34349,1.34318,1.34329,47.216686572060894,52.05382159919683,,,632
1767919560,1.34328,1.34346,1.34317,1.34322,46.25894633036974,51.2357024336091,,,1057
1767920460,1.34325,1.34353,1.34299,1.34352,50.859399225575295,50.39791288989402,,,1278
1767921360,1.34357,1.34362,1.34289,1.34302,44.085704374467305,49.51556960419839,,,1212
1767922260,1.343,1.34321,1.34268,1.34277,41.135666267521934,48.99311250826677,,,1474
1767923160,1.34278,1.34307,1.34269,1.34291,43.41901909477274,48.73316610879941,,,1334
1767924060,1.3429,1.34291,1.34245,1.3425,38.686224620026344,47.89893218106845,,,1015
1767924960,1.34249,1.34309,1.34245,1.34303,46.76445183088451,47.55853094306069,,,1330
1767925860,1.34304,1.34331,1.34289,1.34319,48.95107238104064,47.15320468893814,,,974
1767926760,1.34318,1.34337,1.34315,1.34326,49.92023513817483,46.79252407306522,,,1323
1767927660,1.34325,1.34367,1.34312,1.34359,54.32284056807409,47.09679242809421,,,1052
1767928560,1.34356,1.3437,1.34332,1.34335,50.82344099442189,47.04932425986973,,,885
1767929460,1.34333,1.34372,1.34332,1.34367,54.987067727129904,47.60968030547853,,,798
1767930360,1.34369,1.34378,1.34348,1.34377,56.23411822274796,48.118919524804866,,,784
1767931260,1.34378,1.3438,1.34331,1.34332,49.577839102557945,48.287573276983224,,,842
1767932160,1.34333,1.3435,1.34316,1.34349,51.894423617696916,48.69010736893517,,,672
1767933060,1.3435,1.34359,1.34338,1.34347,51.59409793258336,48.74258584800718,,,522
1767933960,1.34346,1.34373,1.34342,1.34373,55.22206921089868,49.53804047918085,,,724
1767934860,1.34372,1.34381,1.34354,1.34359,52.921998794887735,50.379921373992694,,,1049
1767935760,1.3436,1.34363,1.34311,1.34318,46.777256080466515,50.619795444399394,,,936
1767936660,1.34316,1.34323,1.34281,1.34286,42.61803774100637,50.9006392387551,,,939
1767937560,1.34285,1.34309,1.34275,1.34286,42.61803774100637,50.6044668037638,,,1081
1767938460,1.34287,1.34311,1.34246,1.3425,38.18783224215931,49.83566393670085,,,1588
1767939360,1.34252,1.34298,1.34248,1.34285,44.25500712480592,49.43100479288879,,,978
1767940260,1.34287,1.34317,1.3427,1.34316,49.02731428605391,49.05275291560163,,,932
1767941160,1.34318,1.34325,1.34252,1.34252,41.18772528154946,48.364487507539316,,,1149
1767942060,1.3425,1.34268,1.34191,1.34221,38.01672489377686,47.15232016229982,,,1345
1767942960,1.3422,1.34223,1.3415,1.3417,33.453580051850054,45.52513886437855,,,1772
1767943860,1.34172,1.34203,1.34145,1.34203,38.58996261624706,44.74029054392776,,,1377
1767944760,1.34203,1.34302,1.34202,1.34302,50.84707056614193,44.66547961167384,,,2117
1767945660,1.34303,1.34345,1.3424,1.34254,46.04806993323222,44.26933475457732,,,2463
1767946560,1.34255,1.34281,1.34188,1.34191,40.62811650633838,43.22690956139444,,,2340
1767947460,1.34192,1.34195,1.3414,1.34144,37.11808011221098,42.09805822691753,,,2262
1767948360,1.34144,1.34184,1.34117,1.3417,40.196121493963574,41.62797718502446,,,2178
1767949260,1.34169,1.34208,1.34159,1.3418,41.38454742470284,41.53987073385992,,,1928
1767950160,1.34181,1.34192,1.34113,1.34124,36.95564360245541,41.13541400967771,,,1524
1767951060,1.34124,1.34145,1.34081,1.34089,34.472533685113476,40.87003554131729,,,1671
1767951960,1.34091,1.34113,1.34049,1.3411,37.199105479992696,40.366042566687774,,,1738
1767952860,1.34108,1.34126,1.34068,1.34107,36.962490935749535,39.50426947023747,,,1562
1767953760,1.34107,1.34111,1.34051,1.34053,32.90524563965134,38.912663781530455,,,2020
1767954660,1.34054,1.34101,1.3404,1.34049,32.61961826790987,38.5271561653971,,,1754
1767955560,1.34048,1.34103,1.3404,1.3408,37.17137093889853,38.79271265732914,,,1675
1767956460,1.34081,1.34103,1.34048,1.3408,37.17137093889853,38.69138468037567,,,1917
1767957360,1.34081,1.34131,1.34057,1.34124,43.458766926265135,38.163648706098755,,,1387
1767958260,1.34123,1.34143,1.34073,1.34123,43.35258264984541,37.971113900142555,,,1642
1767959160,1.34122,1.34139,1.3407,1.34124,43.501246836554024,38.17633749515795,,,1559
1767960060,1.34126,1.34135,1.34103,1.34106,41.39535968957489,38.481857464969664,,,1756
1767960960,1.34104,1.3414,1.34098,1.34132,45.49947541077952,38.860668459027956,,,1444
1767961860,1.34133,1.3416,1.34104,1.3416,49.59343945811686,39.44701788998609,,,1615
1767962760,1.3416,1.34227,1.34143,1.34225,57.56290191483546,40.91896491229896,,,2079
1767963660,1.34221,1.34255,1.34164,1.34236,58.751444430056715,42.65317282265204,,,2457
1767964560,1.34237,1.34279,1.33955,1.34164,49.06498231517317,43.500735453736354,,,2786
1767965460,1.34167,1.3451,1.34156,1.34451,70.17421942028413,45.873001774060256,,,6043
1767966360,1.34452,1.34471,1.34295,1.34383,63.46318256990238,48.055711554792474,,,4453
1767967260,1.34382,1.34434,1.34197,1.34263,53.702816374853874,49.56165427671704,,,4700
1767968160,1.34261,1.34279,1.3413,1.34178,48.06401642641416,50.33970038296816,,,4076
1767969060,1.3418,1.34255,1.34096,1.34106,43.862718996216294,50.81765381563372,,,3983
1767969960,1.34108,1.3414,1.3406,1.34135,45.91342332511141,50.99298641555131,,,3731
1767970860,1.34134,1.34191,1.33947,1.33969,37.47457527205403,50.57312874570907,,,4228
1767971760,1.3397,1.34104,1.33925,1.34078,44.6663474904853,50.65635022098987,,,3743
1767972660,1.34077,1.34186,1.34071,1.34129,47.69764708601179,51.10651360644965,,,3260
1767973560,1.34132,1.3419,1.34099,1.34186,50.932977153940136,51.49462087381827,,,3177
1767974460,1.34184,1.34226,1.34116,1.34149,48.82180918589237,51.439504425802234,,,2922
1767975360,1.34148,1.34163,1.34051,1.34061,44.13602215694498,50.48044158595292,,,2346
1767976260,1.34062,1.34145,1.34048,1.34132,48.43608607845917,49.74363027512452,,,2116
1767977160,1.3413,1.34139,1.34086,1.34096,46.482375599803206,49.55915836688381,,,1920
1767978060,1.34095,1.34113,1.3403,1.34033,43.19852905259539,47.632323340620324,,,1922
1767978960,1.34032,1.34041,1.3398,1.34023,42.68306982375823,46.14802957303859,,,2071
1767979860,1.34028,1.34042,1.33998,1.34028,43.04898591665188,45.38704168316703,,,1442
1767980760,1.34027,1.34044,1.34019,1.34028,43.04898591665188,45.02882521818401,,,1290
1767981660,1.34029,1.34046,1.34007,1.34018,42.42081623563083,44.92583216385648,,,1312
1767982560,1.34019,1.34077,1.33998,1.34066,46.45934902776457,44.96482685690314,,,1236
1767983460,1.34067,1.34146,1.34053,1.34106,49.629897392153225,45.833064151195934,,,1461
1767984360,1.34101,1.34107,1.34039,1.34048,45.42904848581068,45.887542793719184,,,1300
1767985260,1.34049,1.3409,1.34034,1.34078,47.88615911819283,45.90100793887497,,,1273
1767986160,1.34079,1.34115,1.34067,1.34092,49.039319901472346,45.76574670655584,,,948
1767987060,1.34091,1.34093,1.34052,1.34065,46.88461619434103,45.62737577858788,,,920
1767987960,1.34066,1.34101,1.34066,1.34076,47.88919612449163,45.89545963341265,,,1011
1767988860,1.34077,1.34098,1.34076,1.3408,48.27231995307875,45.88376205302833,,,728
1767989760,1.34081,1.34097,1.34069,1.3408,48.27231995307875,46.01161522111944,,,738
1767990660,1.34079,1.3409,1.34051,1.34067,46.970679720136744,46.28105455451526,,,698
1767991560,1.34066,1.34089,1.34051,1.34064,46.65801302847565,46.56497906913793,,,907
1767992460,1.34064,1.34094,1.34064,1.34072,47.658597016027265,46.8942370048076,,,885
1767993360,1.34071,1.3408,1.34045,1.34047,44.82867193923343,47.021357434992,,,532
1767994260,1.34048,1.34051,1.33989,1.34008,40.76234642447357,46.90289530562362,,,517
1767995160,1.34001,1.34009,1.33952,1.33977,37.825302455762525,46.28617769333776,,,529
1768168860,1.33943,1.33948,1.33939,1.33943,34.858668436215,45.231089910770734,,,115
1768169760,1.33941,1.33977,1.33941,1.33967,38.52392757179327,44.73786698834092,,,263
1768170660,1.33964,1.33978,1.33959,1.33968,38.67874950903647,44.08019487340118,,,272
1768171560,1.33966,1.3397,1.33906,1.33957,37.55825643825983,43.26011891174314,,,567
1768172460,1.33958,1.33996,1.33933,1.33976,40.75099537141352,42.8220031386769,,,756
1768173360,1.33977,1.33977,1.33925,1.3393,35.95735899832806,41.96972905823664,,,1158
1768174260,1.33931,1.33957,1.33924,1.33925,35.468962871020125,41.05520355237531,,,498
1768175160,1.33926,1.33947,1.33923,1.33939,38.0079648216694,40.322035328703215,,,360
1768176060,1.33938,1.34135,1.3391,1.34135,61.08980787667543,41.330544482741686,,,1686
1768176960,1.34138,1.34194,1.34105,1.34164,63.26899256791589,42.51704302127314,,,1774
1768177860,1.34161,1.34325,1.34161,1.34309,71.77941870945078,44.239958856517674,,,2362
1768178760,1.34308,1.34368,1.34291,1.3435,73.63926286877478,46.297858208627765,,,1926
1768179660,1.34351,1.3439,1.34295,1.34367,74.39282997541281,48.70003560512343,,,2669
1768180560,1.34368,1.34411,1.34347,1.34353,72.55338888771867,51.18061320740601,,,2146
1768181460,1.34348,1.34348,1.3427,1.34274,63.075734672796855,53.19611793859043,,,1606
1768182360,1.34275,1.34292,1.3426,1.34268,62.40892984560314,54.90218952957686,,,1192
1768183260,1.34269,1.34339,1.34268,1.34297,64.36953157053115,56.7372453911122,,,1366
1768184160,1.34296,1.34297,1.34236,1.34238,57.76819077050804,58.180812129129926,,,972
1768185060,1.34236,1.34313,1.34234,1.34301,62.22321454789357,59.71454207030707,,,1213
1768185960,1.34302,1.34312,1.34213,1.34243,56.33159720614691,61.16984479943699,,,1423
1768186860,1.34242,1.34282,1.34234,1.34267,58.099542352541455,62.7863147624028,,,1420
1768187760,1.34266,1.34277,1.34253,1.34266,57.99418632678315,64.21390201276807,,,830
1768188660,1.34267,1.34267,1.34216,1.34226,53.79223576640216,63.692646862034266,,,584
1768189560,1.34227,1.34245,1.342,1.34203,51.48241685110307,62.85074859654764,,,900
1768190460,1.34202,1.3423,1.34185,1.34219,52.99452756397751,61.50897065758526,,,663
1768191360,1.34218,1.34239,1.34192,1.34196,50.555346394553986,59.860119480855204,,,596
1768192260,1.34195,1.34195,1.34164,1.34189,49.80401373873715,58.103775463949795,,,530
1768193160,1.34188,1.34237,1.34186,1.34227,53.8165739485882,56.765431539726194,,,589
1768194060,1.34228,1.34268,1.34217,1.34257,56.75560856763954,56.313993960786384,,,713
1768194960,1.34258,1.34329,1.34258,1.34329,62.86379156973506,56.34648408393867,,,820
1768195860,1.34328,1.34359,1.34324,1.34348,64.29694731495545,56.34129949425465,,,888
1768196760,1.34349,1.34364,1.34331,1.34335,62.519145693447165,56.68065341732173,,,1083
1768197660,1.34336,1.34336,1.34295,1.34314,59.6499280425931,56.49684723837169,,,889
1768198560,1.34313,1.34357,1.34302,1.3433,61.114216646836425,56.83846291270667,,,885
1768199460,1.34328,1.34377,1.3431,1.34353,63.18258641709292,57.201537488746055,,,1197
1768200360,1.34355,1.34413,1.34338,1.34367,64.42306906405068,57.660743398550885,,,1105
1768201260,1.34368,1.34461,1.34339,1.34447,70.53280976113108,58.85649868388867,,,1812
1768202160,1.34447,1.34471,1.34411,1.34423,66.82514753450674,59.9524080184175,,,2313
1768203060,1.34421,1.34447,1.34384,1.34384,61.19567439274919,60.53820422047262,,,1631
1768203960,1.34384,1.34475,1.34362,1.34473,67.85145794981884,61.7736407601344,,,1731
1768204860,1.34475,1.34584,1.34475,1.34503,69.7358181369311,63.19734107429111,,,2657
1768205760,1.34504,1.34538,1.34453,1.34476,65.9870502956336,64.06666081336579,,,2101
1768206660,1.34477,1.34562,1.34475,1.34527,69.3397832371625,64.96553043261743,,,2089
1768207560,1.34526,1.34613,1.34526,1.34545,70.44702604523366,65.50719003801018,,,2370
1768208460,1.34554,1.34618,1.34531,1.34601,73.63683976531091,66.17432521303557,,,2238
1768209360,1.34599,1.34691,1.34599,1.34677,77.22900558467379,67.22502949098033,,,2237
1768210260,1.34676,1.34677,1.34553,1.34555,62.50558679572059,67.42900511620373,,,1901
1768211160,1.34556,1.34573,1.34503,1.3454,60.966595104532665,67.41846072032489,,,1921
1768212060,1.34539,1.34591,1.34517,1.34586,63.90189887058413,67.46984018128855,,,1630
1768212960,1.34587,1.34594,1.3448,1.34558,60.899850241722014,67.21818169397936,,,1951
1768213860,1.34557,1.34638,1.34552,1.34637,65.7839800027235,66.87897956837881,,,1513
1768214760,1.34636,1.34713,1.34609,1.34682,68.21922865904918,66.97855679156041,,,1473
1768215660,1.34683,1.34747,1.34667,1.3472,70.15118238443036,67.61823593382336,,,1552
1768216560,1.34721,1.34747,1.34682,1.34684,66.05444680603019,67.4898779949813,,,1366
1768217460,1.34683,1.34684,1.34587,1.34622,59.59914113740312,66.76582963787216,,,1400
1768218360,1.34624,1.34628,1.34546,1.34589,56.43765938329854,66.08373028699108,,,1792
1768219260,1.34591,1.3472,1.34576,1.34698,63.35263527390271,65.65607686104396,,,1865
1768220160,1.34699,1.34707,1.34643,1.3467,60.687643018495706,64.95897807341983,,,1480
1768221060,1.34669,1.34737,1.34666,1.34714,63.300247852885036,64.22065007967511,,,1485
1768221960,1.34715,1.34727,1.34631,1.34644,56.829579611221,62.76354822442848,,,1887
1768222860,1.34645,1.34805,1.34613,1.34787,64.75561997030027,62.92426487975562,,,2061
1768223760,1.34786,1.34806,1.34737,1.34745,61.20151608022447,62.941044949447885,,,1955
1768224660,1.34746,1.3481,1.34741,1.3481,64.45315602794838,62.98042046068819,,,1751
1768225560,1.34814,1.3486,1.34777,1.3482,64.93997914381816,63.269001096552195,,,2467
1768226460,1.34819,1.34834,1.34695,1.34704,55.45281501456588,62.53106074025522,,,2651
1768227360,1.34705,1.3472,1.34634,1.34654,51.93114343301805,61.367626081253,,,2399
1768228260,1.34655,1.34726,1.34642,1.34678,53.45901465074804,60.17532838598998,,,2847
1768229160,1.34679,1.34746,1.34665,1.34743,57.407602821414486,59.55769667280315,,,2541
1768230060,1.34744,1.34769,1.34682,1.34711,54.93651229524899,59.22465175550642,,,2497
1768230960,1.34713,1.34754,1.347,1.34725,55.83226294671364,59.18140915289321,,,1968
1768231860,1.34724,1.34804,1.34723,1.34783,59.43017168157305,58.90123318201252,,,1998
1768232760,1.34781,1.34797,1.34745,1.34768,58.111742398638945,58.717240280594176,,,2169
1768233660,1.34767,1.34768,1.34659,1.34676,50.68481806828584,57.8161381531228,,,2013
1768234560,1.34677,1.34708,1.34657,1.34687,51.483229103680486,57.434255974012764,,,1632
1768235460,1.34686,1.34717,1.34675,1.34708,53.04612002975561,56.59786312111671,,,1464
1768236360,1.34709,1.34709,1.34614,1.34624,46.58212841149133,55.55362114477863,,,1577
1768237260,1.34623,1.3472,1.34609,1.34667,49.94469668664237,54.51730262039963,,,1638
1768238160,1.34668,1.34677,1.34555,1.34618,46.36315644849205,53.19038671359062,,,1877
1768239060,1.34625,1.34666,1.34571,1.34628,47.19538184463724,52.60057005859572,,,1639
1768239960,1.34627,1.34653,1.34608,1.34611,45.89177622432419,52.16918668654615,,,1107
1768240860,1.3461,1.34635,1.34573,1.34593,44.490504628542816,51.528578827817206,,,1075
1768241760,1.34594,1.34617,1.34586,1.34604,45.584004888409126,50.684036118316826,,,852
1768242660,1.346,1.3462,1.34587,1.34603,45.49626050801924,50.009732419228996,,,798
1768243560,1.34602,1.34611,1.34572,1.34578,43.254629519528315,49.1113300315729,,,886
1768244460,1.34577,1.34625,1.34573,1.34615,47.386370438159545,48.25105851418622,,,741
1768245360,1.34616,1.34648,1.34605,1.34627,48.691214418334454,47.57816365845018,,,634
1768246260,1.34628,1.34658,1.34609,1.34612,47.11816141725614,47.323402469090915,,,806
1768247160,1.34611,1.34668,1.3461,1.34654,51.812455174636604,47.34691861701635,,,735
1768248060,1.34653,1.34673,1.34644,1.34668,53.30057757789148,47.365094156168915,,,592
1768248960,1.34666,1.34681,1.34654,1.34681,54.69954130807232,47.94490936306755,,,536
1768249860,1.34682,1.3469,1.34632,1.34639,49.53644309188682,47.91574839201359,,,870
1768250760,1.3464,1.34648,1.3462,1.34637,49.29781598816256,48.12536693056148,,,1138
1768251660,1.34638,1.34672,1.34618,1.34657,51.798398021239834,48.454153800318814,,,597
1768252560,1.34659,1.34679,1.34656,1.34666,52.92356051018039,48.956424106451394,,,284
1768253460,1.34665,1.34688,1.34657,1.3468,54.69517192202601,49.68532891312877,,,333
1768254360,1.34679,1.34697,1.34634,1.34643,49.40363163325641,49.958159394903575,,,780
1768255260,1.34626,1.34627,1.34603,1.34607,44.85643884604203,49.91245784761948,,,37
1768256160,1.34607,1.34633,1.34589,1.34614,45.899161269940706,50.10135297264894,,,218
1768257060,1.34609,1.34659,1.34607,1.34649,50.898612708940995,50.3522274205619,,,632
1768257960,1.34648,1.34656,1.34573,1.34618,46.77558793731311,50.2153969576318,,,1685
1768258860,1.34623,1.3465,1.34609,1.34637,49.47691075447445,50.383879053147396,,,670
1768259760,1.3464,1.34689,1.34633,1.34664,53.11827437948855,50.477151853493964,,,723
1768260660,1.34663,1.3468,1.34652,1.34674,54.428330821532995,50.55770565661122,,,504
1768261560,1.34671,1.34671,1.34639,1.34657,51.77936274669868,50.34912147365595,,,504
1768262460,1.34651,1.34672,1.34629,1.34658,51.92757479279672,50.519916595149525,,,556
1768263360,1.34657,1.3466,1.34625,1.34647,50.103283788679576,50.577450009472166,,,429
1768264260,1.34648,1.34673,1.34637,1.34658,51.92225106156921,50.586296655209985,,,897
1768265160,1.3466,1.34767,1.34659,1.34765,65.20848813826578,51.46379148578751,,,1660
1768266060,1.34766,1.34769,1.34707,1.3471,56.556706002653485,51.59675820583233,,,1404
1768266960,1.34709,1.3474,1.34709,1.3474,59.69774976596482,52.33205235816865,,,1159
1768267860,1.34737,1.34756,1.34665,1.34706,54.85686678565447,53.046368639569536,,,1273
1768268760,1.34707,1.3473,1.34697,1.34707,54.97251796111522,53.69446554608201,,,1190
1768269660,1.34706,1.34765,1.34697,1.34747,59.44777250307045,54.305119817091246,,,1432
1768270560,1.34746,1.34747,1.34715,1.34726,56.284939438865216,54.98435921005926,,,1329
1768271460,1.34725,1.34762,1.34709,1.34737,57.558698969034026,55.56162979681351,,,893
1768272360,1.34738,1.34743,1.34719,1.34734,57.07029438918791,55.843916940363464,,,1227
1768273260,1.34733,1.34755,1.34714,1.34747,58.70548327927023,56.149427830201844,,,832
1768274160,1.34748,1.34785,1.34746,1.34768,61.271731846504586,56.827454194473695,,,818
1768275060,1.3477,1.34777,1.34724,1.34726,54.038618821949825,56.97824305369891,,,736
1768275960,1.34727,1.34735,1.34694,1.34707,51.09979694647024,57.049422564969674,,,652
1768276860,1.34705,1.34726,1.34704,1.34724,53.53467921553142,57.1645960045384,,,506
1768277760,1.34723,1.34769,1.34701,1.34757,57.915351003411516,56.6436576377631,,,1133
1768278660,1.34756,1.34759,1.34716,1.34719,51.853013420127986,56.307679596154124,,,526
1768279560,1.34718,1.34771,1.34718,1.34725,52.69500121571219,55.807483271136086,,,1014
1768280460,1.34724,1.34757,1.34719,1.34733,53.85376881514795,55.7358334160999,,,976
1768281360,1.34732,1.34769,1.34727,1.34759,57.49769704494199,55.916203350658954,,,878
1768282260,1.34756,1.34766,1.34722,1.34737,53.63810817664368,55.501227327342754,,,896
1768283160,1.34736,1.34742,1.34708,1.34715,50.02203947616175,55.05387733000679,,,860
1768284060,1.34713,1.34725,1.34662,1.34697,47.217261283717725,54.31520320962705,,,1100
1768284960,1.34696,1.34696,1.34628,1.34686,45.536889603324205,53.49138858206536,,,1083
1768285860,1.34687,1.34694,1.34645,1.34652,40.71388157670727,52.20627417473944,,,1123
1768286760,1.34655,1.34736,1.34652,1.34699,48.788559976297435,51.31461904115321,,,1151
1768287660,1.34701,1.34726,1.34666,1.34669,44.61188332192635,50.64128079115153,,,1276
1768288560,1.3467,1.34687,1.34626,1.34686,47.36184031702253,50.37428388904812,,,1386
1768289460,1.34687,1.34723,1.3468,1.34682,46.77339789026637,49.891335222957764,,,1191
1768290360,1.34684,1.3469,1.34646,1.34658,43.29744700188179,48.84719922284849,,,1432
1768291260,1.34656,1.34746,1.34642,1.34718,52.750944878615144,48.911337184169,,,1915
1768292160,1.34719,1.34719,1.34646,1.34656,44.49564992216678,48.32566923463005,,,1703
1768293060,1.34657,1.34701,1.34636,1.34699,50.30438860377521,48.072142076674844,,,1453
1768293960,1.347,1.34778,1.34686,1.34749,56.06245697444292,47.96962492878206,,,1765
1768294860,1.34749,1.34806,1.34732,1.34754,56.60395098065208,48.18147084335408,,,1718
1768295760,1.34755,1.348,1.34744,1.34778,59.202986299346094,48.83725275929582,,,1458
1768296660,1.34779,1.34854,1.34779,1.34806,62.058033541819825,49.89730792058883,,,1747
1768297560,1.34805,1.34833,1.3477,1.34826,63.99619508500962,51.215829740709204,,,1541
1768298460,1.34824,1.34829,1.34772,1.34788,57.94016343064646,52.446278444562004,,,1708
1768299360,1.34789,1.34793,1.34723,1.34752,52.838754454030514,52.73557805011438,,,1839
1768300260,1.34751,1.34758,1.34704,1.34731,50.06936528416479,53.12539819027426,,,1520
1768301160,1.34732,1.34738,1.34694,1.34695,45.65203893098756,53.00326951984319,,,1270
1768302060,1.34695,1.34709,1.34672,1.34706,47.18530335048781,53.03269133843043,,,1138
1768302960,1.34707,1.34719,1.34685,1.34713,48.18705964326155,53.38194938424327,,,895
1768303860,1.34714,1.34738,1.34713,1.34735,51.312654682781954,53.27921437025519,,,1084
1768304760,1.34734,1.34738,1.34704,1.34716,48.58664743304628,53.57142847817516,,,1274
1768305660,1.34715,1.34734,1.34685,1.34697,45.95733587156597,53.26092471158879,,,963
1768306560,1.34698,1.3472,1.34688,1.34701,46.61235942964504,52.58591774410322,,,884
1768307460,1.34699,1.34702,1.34621,1.34636,38.45559757703083,51.289606786701704,,,1209
1768308360,1.34636,1.34649,1.34582,1.34605,35.28433868007252,49.581131956753595,,,2150
1768309260,1.34604,1.34652,1.3458,1.34592,34.01744500649754,47.57823277565914,,,1922
1768310160,1.34593,1.34907,1.34514,1.34814,60.25906243269151,47.31129472906498,,,2762
1768311060,1.34816,1.34947,1.34691,1.34707,49.9481644325586,46.74043765777299,,,5152
1768311960,1.34706,1.34773,1.34664,1.34755,53.76974120053811,46.80693671109497,,,3717
1768312860,1.34757,1.3477,1.34684,1.3469,48.38248586393854,46.68644532393595,,,2830
1768313760,1.34692,1.34726,1.34654,1.34719,50.75318835986105,47.050813140284056,,,2659
1768314660,1.34718,1.34727,1.34516,1.34589,41.54231686456277,46.6477426770037,,,3502
1768315560,1.3459,1.34618,1.34512,1.34555,39.522101497211,46.02881709514294,,,3091
1768316460,1.34553,1.34559,1.34485,1.34495,36.17849986867864,44.9478060369927,,,3205
1768317360,1.34494,1.34517,1.34356,1.34376,30.641603643118955,43.666017194855044,,,2946
1768318260,1.3438,1.34427,1.34352,1.34415,34.19603569136741,42.82592432484086,,,2828
1768319160,1.34416,1.34471,1.34352,1.34435,36.00717772156437,42.06841134569225,,,2918
1768320060,1.34433,1.34439,1.34251,1.34267,28.829267417146227,41.38081633427192,,,2627
1768320960,1.34269,1.34327,1.3425,1.34307,32.29022069169753,41.166950763673704,,,2561
1768321860,1.34308,1.34361,1.34306,1.34335,34.68459820953059,41.21460456389035,,,1694
1768322760,1.34335,1.34378,1.34305,1.3437,37.65253550153902,39.5998526402366,,,1806
1768323660,1.34369,1.34371,1.34285,1.34306,34.56003417745771,38.50070047915796,,,1539
1768324560,1.34307,1.34341,1.34272,1.34305,34.5123367734554,37.12517159150921,,,1422
1768325460,1.34306,1.3432,1.34275,1.34294,33.9571624900739,36.09479135051887,,,1476
1768326360,1.34295,1.34344,1.34273,1.34331,37.593613441455126,35.15482171348987,,,1497
1768327260,1.34329,1.34332,1.34242,1.34299,35.75970007818495,34.74177765732002,,,1659
1768328160,1.34298,1.34328,1.34287,1.34298,35.70108883806465,34.46884818166671,,,1203
1768329060,1.34297,1.34382,1.34296,1.34377,43.569908177329026,34.99680591799888,,,1038
1768329960,1.34376,1.3441,1.34368,1.3439,44.76775044065653,36.005816403537274,,,865
1768330860,1.34389,1.34389,1.34306,1.34336,40.885420551899465,36.483629607861,,,1329
1768331760,1.34335,1.34336,1.34279,1.34286,37.631274652894454,36.59963653152743,,,1190
1768332660,1.34288,1.34327,1.34278,1.34309,39.99710328401392,37.39733909344655,,,953
1768333560,1.34308,1.34363,1.34294,1.34359,44.89111382183265,38.2974028884562,,,1277
1768334460,1.34358,1.34361,1.34317,1.3434,43.44113348874271,38.922869694114205,,,1087
1768335360,1.34339,1.34349,1.34306,1.34318,41.75920429577492,39.21620317941677,,,1061
1768336260,1.3432,1.34339,1.34292,1.34321,42.088476301425466,39.753949045414466,,,1043
1768337160,1.3432,1.3433,1.34298,1.34309,41.08781921544365,40.22362636269934,,,1100
1768338060,1.3431,1.34313,1.34265,1.34266,37.63491228468817,40.48632277660035,,,482
1768338960,1.34267,1.3429,1.34264,1.34285,40.0329408984508,40.66056045210005,,,476
1768339860,1.34284,1.34288,1.34261,1.34266,38.44112233276317,40.85209061314135,,,469
1768340760,1.34265,1.34265,1.34206,1.3421,34.13316194776516,40.740095835262814,,,682
1768341660,1.34213,1.34239,1.3419,1.34225,36.195753072235796,40.2133704706133,,,159
1768342560,1.34224,1.3424,1.34206,1.34228,36.62320891152266,39.63161750424659,,,356
1768343460,1.34218,1.34229,1.34212,1.34225,36.36087125696878,39.30843541175154,,,286
1768344360,1.34224,1.34238,1.34208,1.34238,38.41939082070469,39.364729423737984,,,758
1768345260,1.34235,1.34256,1.34223,1.34256,41.25293995144712,39.45443204284036,,,516
1768346160,1.34255,1.34281,1.34254,1.34281,45.03578851148176,39.46476594924387,,,464
1768347060,1.34272,1.34285,1.34254,1.34255,42.006326283831434,39.36227972032163,,,212
1768347960,1.34256,1.34271,1.34252,1.3426,42.803148137161315,39.43684713756352,,,229
1768348860,1.34258,1.34258,1.3421,1.3423,39.31293449244145,39.238594151207515,,,630
1768349760,1.34229,1.34259,1.34229,1.34258,43.91002453072108,39.4401802451559,,,630
1768350660,1.34259,1.34268,1.34246,1.34255,43.52955576128903,39.86122620777025,,,593
1768351560,1.34256,1.34272,1.34238,1.34256,43.70465780943659,40.1234917014121,,,943
1768352460,1.34255,1.34268,1.34202,1.34214,38.329001426709915,40.11548306526544,,,1492
1768353360,1.34208,1.34232,1.34198,1.34206,37.385733512085814,40.347809605574064,,,987
1768354260,1.34207,1.3426,1.34206,1.34235,42.87398704401184,40.82482631784377,,,994
1768355160,1.34236,1.34251,1.34218,1.34241,43.96827791074385,41.34947410350243,,,936
1768356060,1.34242,1.34261,1.34212,1.34248,45.28512617462425,41.98692088333497,,,1107
1768356960,1.34249,1.3431,1.34242,1.34302,54.2229186707042,43.11574430119208,,,901
1768357860,1.34303,1.34331,1.34297,1.34322,57.02306800947818,44.24218201962287,,,810
1768358760,1.34321,1.34371,1.34321,1.3437,62.890104053652784,45.51749027263509,,,918
1768359660,1.34371,1.34414,1.3437,1.34403,66.29664681252501,47.25251316754177,,,950
1768360560,1.34402,1.34421,1.34398,1.34418,67.74598550729604,49.034144408265675,,,764
1768361460,1.34417,1.34452,1.34417,1.3444,69.79741677459447,51.21160742841947,,,750
1768362360,1.34441,1.34478,1.34428,1.3446,71.5678321261618,53.18716511380809,,,806
1768363260,1.34459,1.34462,1.34426,1.34428,65.00237502423073,54.720937918303925,,,663
1768364160,1.34429,1.34433,1.34413,1.34418,63.05564475463075,56.10315127153208,,,448
1768365060,1.34417,1.34435,1.34404,1.34407,60.89522968390864,57.71502471847485,,,308
1768365960,1.34406,1.34411,1.34389,1.34398,59.110739642347895,59.26681087063643,,,570
1768366860,1.34402,1.34416,1.34385,1.34385,56.53368471843716,60.2425035616668,,,601
1768367760,1.34386,1.34388,1.34374,1.34378,55.139690488716205,61.04046160295054,,,642
1768368660,1.34379,1.34394,1.34366,1.34368,53.12441471022284,61.60041078406472,,,616
1768369560,1.34366,1.34384,1.34343,1.34344,48.53920942046618,61.19443155190486,,,598
1768370460,1.34343,1.34397,1.34342,1.34385,55.59090909318306,61.092134486455215,,,733
1768371360,1.34388,1.34392,1.34346,1.34361,51.17062536376492,60.25502886574893,,,921
1768372260,1.34362,1.34411,1.34354,1.34406,57.92595563210653,59.6571223528619,,,1099
1768373160,1.34407,1.3448,1.34392,1.3446,64.30728221947416,59.411500689446086,,,1334
1768374060,1.34459,1.34496,1.34447,1.34478,66.15024139801565,59.1509881625476,,,1173
1768374960,1.34476,1.34489,1.34456,1.34464,63.407911125368926,58.568136662490964,,,1266
1768375860,1.34463,1.34484,1.34447,1.34479,65.07835146169717,58.573563550881424,,,1075
1768376760,1.34473,1.34477,1.34373,1.34408,52.79336037460554,57.840543238022484,,,1637
1768377660,1.34407,1.34457,1.34371,1.34378,48.61721180587569,56.963541961020134,,,2088
1768378560,1.34377,1.34449,1.3437,1.34449,57.23848644710579,56.82980958993141,,,1908
1768379460,1.34448,1.3446,1.34395,1.34416,52.80383441263026,56.563391710945204,,,2540
1768380360,1.34415,1.34503,1.34395,1.34496,60.74413113565268,56.96370890001209,,,2275
1768381260,1.34499,1.3453,1.34465,1.34528,63.39686097096028,57.697455061493336,,,1787
1768382160,1.34527,1.34556,1.34485,1.34532,63.7268265791268,58.78228485854053,,,1699
1768383060,1.34532,1.34586,1.34484,1.34527,62.96276418069178,59.30884593621972,,,1839
1768383960,1.34526,1.34583,1.34523,1.34539,64.07599994078345,60.230658406006754,,,1382
1768384860,1.34544,1.34565,1.34505,1.34546,64.74174939555988,60.717500817681994,,,1318
1768385760,1.34547,1.34582,1.34529,1.34578,67.68959761979501,60.95909477484777,,,1309
1768386660,1.34577,1.34587,1.34516,1.34518,57.91264106199053,60.37069475084598,,,1690
1768387560,1.34519,1.34577,1.34516,1.34522,58.344603959094194,60.009029953254924,,,1705
1768388460,1.34524,1.34528,1.34468,1.34489,53.46892752674825,59.179785386472865,,,1755
1768389360,1.3449,1.34503,1.34457,1.34473,51.23340955610787,59.06836032800874,,,1023
1768390260,1.34472,1.34513,1.34453,1.34472,51.08963758898458,59.24496216965938,,,898
1768391160,1.34471,1.34585,1.34469,1.34552,60.61226220193348,59.485946152147065,,,1549
1768392060,1.34552,1.34552,1.34442,1.34477,50.655112670951475,59.33246602774144,,,2022
1768392960,1.34475,1.34521,1.34475,1.34496,52.77178246284,58.76301255111196,,,1137
1768393860,1.34497,1.34498,1.34435,1.34446,47.05187536787306,57.595513579462875,,,1206
1768394760,1.3444,1.34528,1.34424,1.3452,54.85154952455941,56.96156521842236,,,1705
1768395660,1.34521,1.34528,1.34401,1.34418,45.00954360452911,55.679192320125026,,,1711
1768396560,1.34418,1.34452,1.34389,1.34421,45.32030464998301,54.33949979935356,,,1545
1768397460,1.34421,1.34515,1.34413,1.34507,53.44277629918009,53.53243029246929,,,2083
1768398360,1.34508,1.3451,1.3441,1.3445,48.319522832403095,52.148853521941305,,,1874
1768399260,1.34451,1.34572,1.34436,1.34543,55.76974246189373,51.995789336220106,,,2583
1768400160,1.34542,1.34573,1.34506,1.3455,56.280619443990965,51.84836187085559,,,2304
1768401060,1.34559,1.34643,1.34509,1.34621,61.17855990229875,52.39904989768063,,,2844
1768401960,1.34622,1.34627,1.34521,1.34536,53.457243914982534,52.55789520902881,,,2171
1768402860,1.34536,1.34623,1.34508,1.34545,54.11755246363851,52.774174842932666,,,3907
1768403760,1.34545,1.34561,1.34485,1.34489,49.41944558176261,51.97468794149189,,,2298
1768404660,1.34488,1.34518,1.34439,1.34503,50.57465091000398,51.96894067285279,,,2251
1768405560,1.34505,1.34571,1.3448,1.34563,55.28778387347582,52.14865505932677,,,2145
1768406460,1.34564,1.34585,1.34526,1.34527,52.07887437227184,52.507726416783825,,,1957
1768407360,1.34526,1.34552,1.34476,1.34491,49.01519239382183,52.090843764588286,,,1692
1768408260,1.34495,1.34519,1.3445,1.34458,46.32493968077156,52.184800627177026,,,1810
1768409160,1.34459,1.3446,1.34405,1.3443,44.11259035589096,52.098535320456165,,,2074
1768410060,1.34431,1.34451,1.34389,1.34403,42.02824119503303,51.283211384445664,,,1704
1768410960,1.34403,1.34412,1.34332,1.3434,37.56773275621342,50.515226379003536,,,1473
1768411860,1.34339,1.34342,1.34307,1.34341,37.680792813972396,49.223158547009156,,,1522
1768412760,1.3434,1.34348,1.34303,1.34322,36.33444607051125,47.79843187747489,,,1144
1768413660,1.34323,1.34328,1.3428,1.34289,34.058276654793445,45.861268788367376,,,1178
1768414560,1.3429,1.34311,1.34282,1.34308,36.523866590330705,44.651741836606526,,,881
1768415460,1.34309,1.34324,1.34278,1.34283,34.686112994203356,43.263781874504026,,,1140
1768416360,1.34282,1.34309,1.34268,1.34276,34.167708096036094,42.17437205409498,,,1185
1768417260,1.34276,1.34281,1.34246,1.34267,33.474979783616206,40.95296697363871,,,1300
1768418160,1.34274,1.34291,1.34251,1.34257,32.68211448445541,39.3382763029944,,,902
1768419060,1.34258,1.34311,1.3425,1.3429,37.908593469165005,38.326113381343916,,,852
1768419960,1.34289,1.34331,1.34277,1.34306,40.32763175912364,37.70557333600833,,,918
1768420860,1.34307,1.34382,1.34298,1.3436,47.729276208419705,37.8058830879832,,,1531
1768421760,1.34361,1.34371,1.34347,1.34362,47.986606583359574,38.08259853280238,,,1126
1768422660,1.34361,1.3441,1.3431,1.34315,42.67029169723087,38.12845928295936,,,1418
1768423560,1.34316,1.3435,1.34312,1.3435,47.34826969393587,38.82706906422526,,,877
1768424460,1.34349,1.34378,1.34342,1.34357,48.25763709039634,39.58255794111268,,,681
1768425360,1.34354,1.34385,1.3435,1.34357,48.25763709039634,40.43421444253305,,,806
1768426260,1.34356,1.34377,1.34356,1.34374,50.657930538940704,41.619904005686415,,,578
1768427160,1.34373,1.34468,1.34373,1.34468,61.33784463351243,43.392331008770824,,,1180
1768428060,1.34376,1.34424,1.34361,1.34421,54.93524754741527,44.83869776257167,,,52
1768428960,1.3442,1.34429,1.34393,1.34424,55.25629386702478,46.34502531764229,,,765
1768429860,1.34424,1.34447,1.34421,1.34439,56.90927975833968,48.0189038872654,,,475
1768430760,1.34432,1.3444,1.34323,1.3436,47.05052277240268,49.04521876497592,,,1330
1768431660,1.34382,1.34442,1.3437,1.34419,53.52582920908279,50.160735603541475,,,714
1768432560,1.34418,1.34419,1.34391,1.34392,50.48324671101448,50.88613667153368,,,402
1768433460,1.34399,1.34415,1.34392,1.34409,52.32095407552747,51.21411366204138,,,572
1768434360,1.3441,1.34419,1.34385,1.34386,49.63689307113141,51.331991268310794,,,222
1768435260,1.34385,1.34388,1.34345,1.34367,47.470434527089274,51.67485861330068,,,480
1768436160,1.34366,1.34388,1.34349,1.34351,45.66300510531305,51.55448257125619,,,552
1768437060,1.34352,1.34355,1.34308,1.34347,45.19966694792101,51.336056132507956,,,872
1768437960,1.3435,1.34387,1.34329,1.34375,49.093601720609655,51.395767891808894,,,1180
1768438860,1.34372,1.34381,1.34341,1.34381,49.914883271681006,51.34269308700463,,,1326
1768439760,1.3438,1.3438,1.34347,1.34349,45.68189363075864,50.22441087252222,,,1358
1768440660,1.34354,1.3436,1.34274,1.34349,45.681893630758644,49.56345702133246,,,1955
1768441560,1.3435,1.34361,1.34318,1.34331,43.28710294510388,48.70851481262383,,,1392
1768442460,1.34329,1.34349,1.34317,1.34349,46.317773077873674,47.95197862116197,,,1222
1768443360,1.34342,1.34346,1.34297,1.34298,39.82416762280817,47.43581039619094,,,920
1768444260,1.343,1.34336,1.343,1.34309,41.721967020342476,46.59267738270949,,,910
1768445160,1.34308,1.34339,1.34308,1.34328,44.95135644903338,46.197542363996554,,,926
1768446060,1.34327,1.34328,1.34277,1.34285,39.60275246324087,45.289099391690364,,,922
1768446960,1.34284,1.343,1.34274,1.34276,38.56835488755223,44.498489521434706,,,891
1768447860,1.34277,1.343,1.34276,1.34288,40.78904327333441,44.02124728902364,,,740
1768448760,1.34289,1.34289,1.3426,1.34278,39.507370844741125,43.58155912755422,,,672
1768449660,1.34279,1.3428,1.3425,1.34258,37.003072920188124,42.9960881255733,,,753
1768450560,1.34259,1.34259,1.34248,1.3425,36.01953603070298,42.06222629057997,,,746
1768451460,1.34251,1.34268,1.34249,1.34267,39.68812702375676,41.33174370144252,,,488
1768452360,1.34264,1.34268,1.34233,1.34235,35.55534459186957,40.608418770093294,,,527
1768453260,1.34236,1.3428,1.3423,1.34279,44.16482946191998,40.50005704374768,,,836
1768454160,1.34278,1.34297,1.34271,1.34293,46.60892925638953,40.73733035169665,,,1211
1768455060,1.34292,1.34312,1.34277,1.3431,49.49968088567246,40.96460948082514,,,851
1768455960,1.34312,1.3432,1.34256,1.34273,43.92532584342102,41.257549353726056,,,1190
1768456860,1.3427,1.34315,1.34266,1.34292,47.212764843199,41.64974919821581,,,1343
1768457760,1.34291,1.34329,1.34279,1.34308,49.87762049792263,42.00162520170789,,,1244
1768458660,1.34307,1.34309,1.34245,1.34256,42.38805961976652,42.200575712888295,,,1120
1768459560,1.34255,1.34406,1.34234,1.34365,56.972871453847006,43.51518403905221,,,1285
1768460460,1.34364,1.34432,1.34327,1.3435,54.91266705633801,44.524014309266754,,,1694
1768461360,1.34348,1.3435,1.34237,1.343,48.60348524631644,45.17373676652213,,,1649
1768462260,1.34301,1.34369,1.343,1.34359,55.15157194894711,46.470058125719206,,,1290
1768463160,1.3436,1.34362,1.34291,1.34331,51.77999221252714,47.5958049958495,,,1443
1768464060,1.3433,1.34335,1.34282,1.34297,47.94696231848342,48.18572180261568,,,1618
1768464960,1.34297,1.34389,1.34264,1.34362,54.83095303382825,49.56255097704131,,,1717
1768465860,1.34363,1.3444,1.34363,1.34389,57.35390267306808,50.50462763498046,,,1472
1768466760,1.34389,1.34429,1.34376,1.34397,58.10067055861925,51.325466299425436,,,1350
1768467660,1.34396,1.34436,1.34375,1.34387,56.7626472553655,51.84424961154637,,,1773
1768468560,1.34386,1.34436,1.34373,1.34381,55.9303735267632,52.70175301749937,,,1802
1768469460,1.3438,1.34449,1.34366,1.34429,60.87296942575245,53.67748191625319,,,1644
1768470360,1.3443,1.34446,1.34353,1.34375,53.59105977495596,53.94272757889843,,,1364
1768471260,1.34376,1.34385,1.34329,1.34334,48.81621075018407,54.40188123107111,,,1533
1768472160,1.34333,1.3434,1.34277,1.34288,44.071755968753465,53.48037298213586,,,1544
1768473060,1.34287,1.3432,1.34234,1.34238,39.56997018266917,52.38446606258809,,,1365
1768473960,1.34237,1.34245,1.34159,1.34207,37.0435071865909,51.55875334403627,,,1431
1768474860,1.34207,1.34281,1.34204,1.34262,43.8886654797493,50.754260024807856,,,1029
1768475760,1.34261,1.34261,1.34214,1.34233,41.336567343833536,50.00830110561545,,,1050
1768476660,1.34234,1.34257,1.34203,1.34217,39.95607352450804,49.43752333461721,,,1044
1768477560,1.34219,1.34221,1.3417,1.34188,37.5108442065615,48.20037270409815,,,1429
1768478460,1.34185,1.34207,1.34149,1.34169,35.958189466458734,46.67210747505463,,,1338
1768479360,1.3417,1.34172,1.34127,1.34157,34.97356573987122,45.02017141657263,,,1139
1768480260,1.34158,1.3417,1.34119,1.3412,32.058669278124725,43.25560156105543,,,1012
1768481160,1.34119,1.34119,1.34015,1.34021,25.85042195172153,41.107033591409596,,,1939
1768482060,1.34018,1.34026,1.33962,1.33963,23.03589107442697,38.40438513774349,,,1810
1768482960,1.33959,1.33966,1.33832,1.33833,18.241801460153255,35.87943811525758,,,1837
1768483860,1.33833,1.33883,1.33741,1.33792,17.037507833727744,33.60953076408213,,,2850
1768484760,1.33791,1.33801,1.33688,1.33691,14.498271658184052,31.49713902761289,,,2569
1768485660,1.33691,1.33826,1.33679,1.33766,23.60357909099976,30.35668252106507,,,2195
1768486560,1.33767,1.33872,1.33764,1.33838,31.180411922618205,29.937890002209883,,,2020
1768487460,1.33839,1.33839,1.33627,1.33672,25.0194021752649,28.590085480460996,,,2878
1768488360,1.33673,1.33735,1.3365,1.33733,30.45726496247633,27.81299245322119,,,2392
1768489260,1.33738,1.33811,1.33701,1.3375,31.938702483715474,27.24032309316458,,,2524
1768490160,1.33756,1.33793,1.3369,1.33737,31.388053213969485,26.802980879408004,,,2379
1768491060,1.33738,1.33847,1.3371,1.33844,40.483431944407755,27.12621248497579,,,1779
1768491960,1.33842,1.33887,1.33831,1.33852,41.11198057750893,27.564670687664204,,,2481
1768492860,1.33853,1.33876,1.33797,1.33874,42.897934305281396,28.33890390388968,,,1934
1768493760,1.33873,1.33928,1.33866,1.33888,44.06059013428737,29.639630202644387,,,1948
1768494660,1.33888,1.3394,1.33866,1.33887,43.99168895778116,31.136472908598257,,,1622
1768495560,1.33888,1.33912,1.33832,1.33847,41.215305033540304,32.777437449554476,,,1869
1768496460,1.33847,1.33898,1.33806,1.33887,44.95641343695842,34.77164499264238,,,1494
1768497360,1.33888,1.3391,1.33843,1.33894,45.60877385884322,36.9938237212609,,,1312
1768498260,1.33895,1.3393,1.33877,1.33906,46.773376280799454,38.64880923481802,,,1070
1768499160,1.33907,1.33939,1.33851,1.33882,44.71140852244968,39.61530899194884,,,1541
1768500060,1.33883,1.33938,1.3388,1.33906,47.21728444612425,41.20087201129593,,,1379
1768500960,1.33905,1.33921,1.33878,1.33911,47.748615604891214,42.43596848575414,,,1208
1768501860,1.33912,1.33936,1.33897,1.33931,49.920219664858436,43.72036257012149,,,1080
1768502760,1.33936,1.33937,1.33887,1.33909,47.5778007044626,44.87677310515671,,,1018
1768503660,1.33908,1.33908,1.33836,1.339,46.614170162848005,45.31468297790244,,,1154
1768504560,1.33901,1.3392,1.33886,1.3389,45.51119283424381,45.62891242481208,,,1160
1768505460,1.33888,1.33896,1.33856,1.33858,42.07989849525486,45.57048129552447,,,1222
1768506360,1.33859,1.33876,1.33841,1.33849,41.14042243761216,45.36189788861909,,,1091
1768507260,1.33848,1.33856,1.33818,1.33819,38.087882918059584,44.94019745721041,,,808
1768508160,1.33818,1.33819,1.3376,1.33778,34.33802240285945,44.448962983590356,,,1166
1768509060,1.33779,1.33781,1.33746,1.3378,34.67587921152496,43.714639110345104,,,888
1768509960,1.33781,1.33781,1.33755,1.33756,32.513889738917484,42.779290244636115,,,826
1768510860,1.33757,1.33791,1.33756,1.33777,36.25878085986161,42.02824771456913,,,457
1768511760,1.33778,1.33799,1.33777,1.33797,39.69120414839601,41.66966168785101,,,389
1768512660,1.33798,1.33825,1.33776,1.33794,39.34891808831631,41.10763551943615,,,524
1768513560,1.33793,1.3384,1.33792,1.33813,42.71813606108972,40.748315552021765,,,671
1768514460,1.33769,1.33792,1.3372,1.3379,39.8334571762626,40.027832517122064,,,69
1768515360,1.33791,1.33818,1.33741,1.33757,36.06988125942085,39.205838271047654,,,166
1768516260,1.33759,1.33771,1.33747,1.33767,37.98211242871708,38.58926271860973,,,437
1768517160,1.33764,1.33781,1.33731,1.33765,37.73898176305464,38.034104784953364,,,693
1768518060,1.33781,1.3381,1.33775,1.33797,43.9240170948638,38.16582754206829,,,1429
1768518960,1.33798,1.33803,1.33791,1.33792,43.20185764798502,38.313072914237786,,,540
1768519860,1.33791,1.33827,1.33791,1.33822,48.65634296983898,39.06796291793631,,,376
1768520760,1.33821,1.33822,1.33807,1.33819,48.15829016746954,40.055124901122745,,,258
1768521660,1.3382,1.33825,1.33805,1.33818,47.98197993525441,41.00556066710342,,,751
1768522560,1.33817,1.33818,1.33801,1.33803,45.30276759388756,41.91905194245843,,,522
1768523460,1.33802,1.33812,1.33786,1.33787,42.572108186565,42.37000389436581,,,603
1768524360,1.33788,1.3379,1.33706,1.33759,38.229378749102274,42.265587794416255,,,1423
1768525260,1.3376,1.3381,1.33754,1.33789,44.73428866430339,42.650257121272475,,,1120
1768526160,1.3379,1.33821,1.33789,1.33812,49.1550625239973,43.11003758290873,,,902
1768527060,1.33811,1.3384,1.33797,1.33799,46.872809855056374,43.61284848853687,,,958
1768527960,1.338,1.3382,1.33789,1.33799,46.872809855056374,44.384486245367974,,,1167
1768528860,1.33801,1.33839,1.33789,1.33824,51.85804051085899,45.375623965520965,,,782
1768529760,1.33823,1.33863,1.33818,1.33845,55.624838469023686,46.65318515880447,,,1224
1768530660,1.33848,1.33884,1.33829,1.33878,60.81359522611582,47.859583596751044,,,1448
1768531560,1.33877,1.33882,1.33831,1.33844,53.82973886498609,48.61871796939398,,,1202
1768532460,1.33843,1.33868,1.33831,1.33848,54.491878050497654,49.035541903726745,,,710
1768533360,1.33847,1.33856,1.33832,1.33852,55.18403470388087,49.53738079918469,,,890
1768534260,1.33851,1.33883,1.33848,1.33882,60.087170769706596,50.40203728735985,,,736
1768535160,1.33875,1.33912,1.33861,1.33907,63.655637731866626,51.712956582929785,,,693
1768536060,1.33903,1.33911,1.33882,1.339,61.984564676916115,53.099560617954864,,,622
1768536960,1.33899,1.33904,1.3389,1.33902,62.28917264719043,54.818117324961165,,,492
1768537860,1.33903,1.33913,1.33897,1.33902,62.28917264719044,56.07203760945309,,,475
1768538760,1.33901,1.3391,1.33886,1.33888,58.484728771609106,56.73844234142536,,,660
1768539660,1.33889,1.33897,1.33847,1.33868,53.461252112730286,57.20904535983065,,,599
1768540560,1.33867,1.3389,1.33856,1.33873,54.51314734946255,57.754783752288226,,,565
1768541460,1.33874,1.33885,1.33862,1.33862,51.74231037122689,57.74651731374308,,,636
1768542360,1.3386,1.33863,1.33817,1.33829,44.44390665848289,56.94787932727588,,,742
1768543260,1.33828,1.33841,1.33816,1.33832,45.200651483424785,55.832669059940805,,,790
1768544160,1.33831,1.33834,1.338,1.3382,42.69544253219191,55.037362179026935,,,665
1768545060,1.33821,1.33821,1.33779,1.33779,35.46331765368414,53.67817929354025,,,828
1768545960,1.3378,1.33812,1.33772,1.33812,43.72576597458511,52.85973152716199,,,1035
1768546860,1.33813,1.33858,1.33774,1.33852,51.78374814598852,52.26662991118212,,,988
1768547760,1.33851,1.3386,1.33825,1.33859,53.0507240089193,51.50913607382875,,,1067
1768548660,1.33855,1.33919,1.33818,1.33911,61.20585693542216,51.45351409229347,,,1561
1768549560,1.3391,1.33923,1.33885,1.3392,62.42247474459577,51.46303567067957,,,1632
1768550460,1.33921,1.33959,1.33905,1.33929,63.65012760602938,51.56024673916806,,,1652
1768551360,1.3393,1.33968,1.33895,1.33899,56.969004636538116,51.45198072952013,,,1485
1768552260,1.33898,1.3396,1.33896,1.33929,61.339243889271906,52.014694427844525,,,1310
1768553160,1.33928,1.33981,1.33909,1.33921,59.60092193649473,52.37810689834682,,,1331
1768554060,1.3392,1.33971,1.33905,1.33964,65.29413932895086,53.34609468104139,,,1208
1768554960,1.33964,1.34009,1.33942,1.33981,67.25862291274102,54.97571727063126,,,1129
1768555860,1.33982,1.34052,1.33982,1.34042,73.13487088338117,56.97101865634242,,,1363
1768556760,1.34041,1.34051,1.33967,1.33987,62.281177997918434,58.36999976103717,,,1352
1768557660,1.33988,1.34031,1.33987,1.34018,65.398170642421,60.50820354594695,,,1367
1768558560,1.34016,1.3408,1.33995,1.34055,68.72063477498654,62.293551317404194,,,1436
1768559460,1.34056,1.34131,1.34045,1.34112,73.01877619280316,63.810339035033806,,,1339
1768560360,1.34111,1.34114,1.34051,1.34059,64.186866110268,64.60577775655871,,,1094
1768561260,1.3406,1.34099,1.34056,1.34089,66.64608388787528,64.99436539601966,,,973
1768562160,1.3409,1.34108,1.34053,1.34058,61.91484804636429,64.95810634614598,,,1046
1768563060,1.34056,1.34115,1.34048,1.34114,66.53636072091615,65.16426585435218,,,962
1768563960,1.34116,1.34123,1.34063,1.34083,62.047741315346386,65.52703275998134,,,1058
1768564860,1.34086,1.34102,1.34017,1.34041,56.48767793724152,65.18049233483632,,,1333
1768565760,1.34042,1.34081,1.34016,1.34023,54.24423388610813,64.7978717598087,,,1373
1768566660,1.34022,1.34048,1.33996,1.34037,55.71734460658216,64.11381499392522,,,1117
1768567560,1.34038,1.34058,1.33928,1.34017,53.087855451940975,63.10161731815379,,,2014
1768568460,1.34015,1.34042,1.3392,1.33924,42.93987946925242,60.944832217144594,,,1934
1768569360,1.33923,1.34041,1.33886,1.34023,53.19640743143194,60.29592003382413,,,1888
1768570260,1.34024,1.34055,1.33985,1.34051,55.625842649098416,59.59789660572966,,,1743
1768571160,1.34048,1.34081,1.34016,1.34028,53.183763759366634,58.48812010461395,,,1529
1768572060,1.34023,1.34051,1.33995,1.34033,53.660047246664455,57.10535375131833,,,1396
1768572960,1.34034,1.34049,1.33973,1.33988,48.84383137136573,56.0094226985396,,,1475
1768573860,1.3399,1.34001,1.33952,1.33979,47.917505539884864,54.671667102254574,,,2187
1768574760,1.33979,1.34035,1.33966,1.33998,50.0703295395674,53.82563006605479,,,2233
1768575660,1.33998,1.34038,1.33985,1.34017,52.19820233689321,52.801475895767446,,,2087
1768576560,1.34016,1.34029,1.33781,1.33788,33.60766708151259,50.770042021922166,,,3815
1768577460,1.33789,1.33811,1.33661,1.3376,32.10217644945547,49.02822048708031,,,3319
1768578360,1.33754,1.33828,1.33729,1.33802,36.68390893648125,47.77391156210696,,,3069
1768579260,1.33805,1.339,1.33793,1.3387,43.349270154566526,46.89047767267728,,,2402
1768580160,1.33869,1.33872,1.33803,1.33845,41.61477563468981,46.07097197144505,,,2264
1768581060,1.33846,1.33889,1.33807,1.33882,45.114964586487034,46.226335194104664,,,1812
1768581960,1.33883,1.33891,1.33772,1.33817,40.51931461875591,45.3208285646278,,,2061
1768582860,1.33818,1.3385,1.33804,1.3383,41.796316311326905,44.33300525478698,,,1514
1768583760,1.33835,1.33851,1.33802,1.33829,41.72211302581069,43.51431591667585,,,1430
1768584660,1.3383,1.33867,1.33786,1.3381,40.259622340270816,42.557142709076295,,,1684
1768585560,1.33809,1.33826,1.33765,1.33798,39.32211218687707,41.87701991018425,,,1387
1768586460,1.338,1.338,1.33737,1.33753,35.94204724104006,41.021630031695345,,,1070
1768587360,1.33754,1.3382,1.33754,1.3381,42.66493058012225,40.49267296316355,,,1065
1768588260,1.33811,1.33856,1.33803,1.33841,45.9851531023995,40.04888373212828,,,957
1768589160,1.3384,1.33873,1.33783,1.33786,41.40399979747151,40.60576464041107,,,1221
1768590060,1.33787,1.33848,1.33767,1.33769,40.07506895115101,41.17525696196075,,,1293
1768590960,1.33771,1.33811,1.33759,1.33791,42.64085927991124,41.60075341506289,,,879
1768591860,1.3379,1.33839,1.3378,1.33831,47.0777045899613,41.867070160448236,,,824
1768592760,1.33834,1.33843,1.33807,1.33819,45.929886768380484,42.17529238428329,,,1165
1768593660,1.3382,1.33863,1.33817,1.33847,49.05130672414398,42.45645967983022,,,527
1768594560,1.33848,1.3385,1.33821,1.33829,47.16624580152288,42.931240478599285,,,665
1768595460,1.33821,1.33834,1.33789,1.33809,45.092656222498285,43.16669332939723,,,913
1768596360,1.3381,1.33844,1.33796,1.33807,44.88017005235537,43.392268831293286,,,979
1768597260,1.33806,1.33829,1.33804,1.33806,44.76658178565002,43.714194505963235,,,493
1768598160,1.33808,1.33824,1.33776,1.33786,42.452407911572294,43.93778705772718,,,400
1768599060,1.33787,1.33797,1.33741,1.3376,39.587392364316216,44.19816885224691,,,727
1768599960,1.33759,1.3377,1.3374,1.33756,39.14964473120305,43.94707700589554,,,847
1768773660,1.33441,1.33477,1.33404,1.33437,20.079923599174492,42.09670346995089,,,397
1768774560,1.33431,1.33475,1.33431,1.33468,23.956380765624772,40.850444967676125,,,382
1768775460,1.33469,1.33551,1.33451,1.33546,32.789854588272675,40.33007251318481,,,535
1768776360,1.33546,1.33557,1.33505,1.33527,31.820203731874713,39.55716854546792,,,551
1768777260,1.33525,1.3385,1.33525,1.33757,50.79080429706362,39.82238995311809,,,1361
1768778160,1.33756,1.33875,1.33755,1.3385,56.10874156093767,40.54945100972932,,,1518
1768779060,1.33854,1.34071,1.33854,1.34002,63.1232182812865,41.55458754952521,,,1834
1768779960,1.34005,1.3404,1.3396,1.33998,62.83861171632413,42.6740422577253,,,1554
1768780860,1.34006,1.34009,1.33838,1.33838,52.61882955104957,43.21162606690753,,,2470
1768781760,1.33846,1.33986,1.33823,1.33976,58.83704031312727,44.20854537124838,,,2221
1768782660,1.33973,1.34088,1.33963,1.34079,62.764892098422635,45.494138965017854,,,2485
1768783560,1.3408,1.34084,1.33996,1.33997,58.01837176675848,46.60599352610258,,,2222
1768784460,1.33996,1.34017,1.33951,1.33958,55.854880607830815,47.767956972067914,,,2182
1768785360,1.33959,1.34029,1.33946,1.33954,55.62576974037388,48.94482304415154,,,1882
1768786260,1.33953,1.33979,1.33936,1.3396,55.91786407499373,51.5046759352815,,,1228
1768787160,1.33961,1.33975,1.33897,1.33908,52.6812905094294,53.556455202696114,,,1702
1768788060,1.33909,1.3392,1.33887,1.33907,52.618216219562015,54.97276674778821,,,1687
1768788960,1.33909,1.3391,1.33812,1.33876,50.59586148249378,56.31388515854671,,,1462
1768789860,1.33878,1.33891,1.33843,1.33865,49.86350971542247,56.24764983128663,,,1342
1768790760,1.33864,1.33882,1.33836,1.33874,50.494887502007295,55.84666025564875,,,1072
1768791660,1.33875,1.33894,1.33864,1.33869,50.117284809679035,54.91766500767678,,,1042
1768792560,1.33868,1.33899,1.33858,1.33898,52.34328135643162,54.16799855339874,,,1450
1768793460,1.339,1.33908,1.33865,1.33891,51.74306028464811,54.10544360579864,,,1177
1768794360,1.33889,1.33916,1.3388,1.33907,53.06779191753428,53.693354434684856,,,1176
1768795260,1.33908,1.33919,1.33886,1.33905,52.87240660903189,52.98674832829979,,,1118
1768796160,1.33904,1.33932,1.33904,1.33916,53.8782129891383,52.69102270132693,,,925
1768797060,1.33917,1.33932,1.33904,1.33927,54.914454849236435,52.6238494328559,,,968
1768797960,1.33929,1.33968,1.33928,1.33964,58.3076230196911,52.81541038137856,,,1317
1768798860,1.33963,1.33996,1.33949,1.33994,60.87853597077939,53.1697440882204,,,1095
1768799760,1.33995,1.3406,1.33973,1.34037,64.27862842372636,53.99812536781303,,,1033
1768800660,1.34036,1.34049,1.33972,1.33979,57.07331396468222,54.316346635321615,,,1112
1768801560,1.33978,1.33979,1.33932,1.33958,54.68321247381465,54.60830027755882,,,1389
1768802460,1.33957,1.33979,1.33954,1.33969,55.72904046414151,55.027266759610185,,,1420
1768803360,1.3397,1.34007,1.33967,1.33984,57.18024485055561,55.504792284506486,,,1007
1768804260,1.33982,1.33986,1.33943,1.33956,53.645222576888614,55.75678783930717,,,1418
1768805160,1.33959,1.34008,1.33959,1.33978,55.94955825789989,56.0143790465549,,,1323
1768806060,1.33977,1.34101,1.33976,1.34099,65.96953120972339,57.030555541203135,,,1928
1768806960,1.34098,1.34099,1.33973,1.33973,52.56177358322889,56.99441137446704,,,1698
1768807860,1.33974,1.3399,1.33852,1.33871,44.65039189600365,56.40712460925074,,,1882
1768808760,1.3387,1.33908,1.33841,1.339,47.088832495293275,55.92216885969038,,,1558
1768809660,1.33902,1.3395,1.3387,1.33932,49.721042632118,55.551210844181924,,,1808
1768810560,1.33933,1.33987,1.33901,1.33929,49.47256141318037,54.92013501514544,,,1661
1768811460,1.3393,1.3401,1.33924,1.33992,54.603318216290816,54.47190517553911,,,1347
1768812360,1.33994,1.34118,1.33993,1.34117,62.69709078899489,54.35893820162972,,,1662
1768813260,1.34118,1.34156,1.34007,1.34007,53.6347479725696,54.113326345050254,,,1996
1768814160,1.34006,1.3404,1.33906,1.33939,48.92670936123362,53.702147551294466,,,1827
1768815060,1.33937,1.34054,1.33925,1.34046,55.54006852033187,53.68864955530806,,,1666
1768815960,1.34047,1.34071,1.34023,1.34066,56.66948221361963,53.65216650981263,,,1460
1768816860,1.3407,1.34117,1.34056,1.34087,57.87939168658832,53.95460716050547,,,1190
1768817760,1.34085,1.34102,1.34051,1.34064,56.03393710498817,53.96063422101177,,,1216
1768818660,1.34063,1.34101,1.34056,1.34087,57.49348901410982,53.3552026356108,,,963
1768819560,1.34088,1.3413,1.34074,1.34093,57.886255053005094,53.73552274059482,,,1475
1768820460,1.3409,1.34102,1.34041,1.34042,53.37190930065417,54.35848826949842,,,1109
1768821360,1.34041,1.34067,1.3402,1.34026,52.001747692659784,54.70941078359603,,,965
1768822260,1.34025,1.34068,1.34019,1.34066,55.10476365264812,55.09396228506247,,,749
1768823160,1.34068,1.34098,1.34044,1.34063,54.81852264049072,55.47581665844177,,,1129
1768824060,1.34062,1.3411,1.34049,1.34109,58.38783296593523,55.74613914055923,,,1021
1768824960,1.3411,1.34142,1.34094,1.34113,58.69341653509873,55.46016240813807,,,1115
1768825860,1.34111,1.34146,1.34076,1.34127,59.805977616349985,55.900964525550954,,,825
1768826760,1.34128,1.34128,1.34051,1.34072,53.68808513614825,56.241062795187716,,,1449
1768827660,1.34071,1.34143,1.34071,1.34126,58.20833717995075,56.43165341373193,,,1075
1768828560,1.34125,1.3416,1.34112,1.34154,60.36837213496651,56.69585983668527,,,880
1768829460,1.34154,1.34167,1.34123,1.34143,59.07654165037612,56.78137054838441,,,1226
1768830360,1.34142,1.34168,1.34123,1.34129,57.39318392714787,56.878459607110095,,,1132
1768831260,1.34124,1.34154,1.34113,1.34119,56.162173014394014,56.7833656071304,,,1201
1768832160,1.34118,1.3417,1.34104,1.34165,60.37271864425149,56.960970149362275,,,1051
1768833060,1.34164,1.34187,1.34134,1.34176,61.329233408920125,57.52935044280985,,,1152
1768833960,1.34177,1.34244,1.34174,1.34212,64.36113926090329,58.4121641262558,,,1693
1768834860,1.34211,1.3425,1.34187,1.34224,65.33672610966886,59.143018587471566,,,1775
1768835760,1.34223,1.3426,1.34218,1.34247,67.19056565034398,60.02673594531824,,,1249
1768836660,1.34246,1.34254,1.34211,1.34228,64.13891630808794,60.43752761261486,,,1282
1768837560,1.34229,1.34287,1.34208,1.3422,62.84467316574137,60.734045943375044,,,1975
1768838460,1.34221,1.34286,1.34207,1.34266,66.97166376757225,61.24588066846234,,,1413
1768839360,1.34267,1.34332,1.34248,1.34329,71.62087056347102,62.52679391327111,,,1110
1768840260,1.3433,1.3435,1.34281,1.34309,68.3324071359191,63.24994176726885,,,968
1768841160,1.3431,1.34324,1.34266,1.34286,64.65583037258578,63.55618878424166,,,904
1768842060,1.34287,1.34296,1.34263,1.34287,64.74464792922589,63.96105351844522,,,604
1768842960,1.34284,1.34297,1.34273,1.34297,65.6736014035026,64.5525119096134,,,699
1768843860,1.34296,1.34337,1.34296,1.34336,69.09388851986876,65.47620587429017,,,515
1768844760,1.34337,1.34337,1.34266,1.34316,65.4900940899864,65.84173269184267,,,1014
1768845660,1.34317,1.34328,1.34305,1.34328,66.61522927608289,66.21930382521144,,,745
1768846560,1.34327,1.34337,1.3432,1.3433,66.80945588887496,66.39418358435228,,,441
1768847460,1.34329,1.34331,1.34291,1.34291,59.535724244257864,65.97982630825149,,,353
1768848360,1.34292,1.34294,1.34262,1.34265,55.21948862660077,65.12474937798412,,,337
1768849260,1.34266,1.34297,1.34264,1.3429,58.34650593307308,64.71100577976877,,,402
1768850160,1.34289,1.34289,1.34277,1.34278,56.31376640739046,64.24451243988656,,,138
1768851060,1.34279,1.3428,1.34257,1.34261,53.47164402950658,63.28022531573901,,,195
1768851960,1.34262,1.34268,1.34257,1.34259,53.13190196665892,61.959584701681,,,310
1768852860,1.3426,1.3427,1.3425,1.34259,53.13190196665892,60.87383433244813,,,275
1768853760,1.34258,1.3427,1.34251,1.3427,54.95739967923307,60.18108928292293,,,209
1768854660,1.34269,1.34277,1.34262,1.34277,56.12845373666939,59.56564684059747,,,146
1768855560,1.34276,1.34286,1.34266,1.34279,56.476624816686524,58.90871994153918,,,286
1768856460,1.34278,1.34286,1.34261,1.3427,54.384989346104376,57.858084286270305,,,235
1768857360,1.34269,1.34269,1.34226,1.34239,47.81605562953685,56.59565296766676,,,264
1768858260,1.3424,1.34268,1.34239,1.34268,53.47718180136151,55.657221005186656,,,354
1768859160,1.34266,1.34276,1.34243,1.3425,49.86149799432982,54.44665258414772,,,278
1768860060,1.34217,1.34249,1.34171,1.34248,49.46134138351071,53.72705380838006,,,47
1768860960,1.34247,1.3425,1.34228,1.34228,45.52661349108144,53.0347055844144,,,72
1768861860,1.34229,1.34267,1.34228,1.34258,51.7296609698354,52.56207380132599,,,524
1768862760,1.34258,1.34258,1.34181,1.34235,47.2840948458181,51.91709726121368,,,1271
1768863660,1.34258,1.34258,1.34208,1.34208,42.65036407711664,51.14414869318582,,,372
1768864560,1.34207,1.34209,1.34189,1.34192,40.14001482310643,50.21615675436065,,,188
1768865460,1.34195,1.34212,1.34178,1.34184,38.90692971584338,49.20008730787382,,,332
1768866360,1.34183,1.34202,1.34169,1.34201,42.919709410019784,48.3402522886443,,,312
1768867260,1.342,1.34201,1.34152,1.34158,36.40597241732447,46.93150362297681,,,563
1768868160,1.34159,1.34161,1.34128,1.34134,33.36256337053025,45.28049923396565,,,416
1768869060,1.34131,1.34139,1.34102,1.34131,32.99130024195945,43.752378583669575,,,742
1768869960,1.34132,1.34211,1.34128,1.34202,47.79728442861385,43.75103778360365,,,1446
1768870860,1.34202,1.34222,1.34181,1.34189,45.80175605795674,43.20279308764617,,,1479
1768871760,1.34188,1.34199,1.34165,1.3417,42.977581184485686,42.71108474408587,,,1050
1768872660,1.34168,1.34192,1.34158,1.3418,44.90318540376618,42.385502174104126,,,883
1768873560,1.34181,1.3425,1.34169,1.34233,53.80669072113198,42.97693626196487,,,1015
1768874460,1.34238,1.34246,1.34201,1.34208,49.724843211140396,42.83373499348666,,,716
1768875360,1.34209,1.3426,1.34199,1.34256,56.54163174288965,43.49498762899178,,,780
1768876260,1.34255,1.34282,1.34238,1.34258,56.80443995925459,44.505993049144486,,,685
1768877160,1.34256,1.34269,1.34235,1.34242,53.99146845372158,45.49538259418843,,,598
1768878060,1.34241,1.34266,1.34231,1.34262,56.86680929065225,46.7782311352462,,,673
1768878960,1.34261,1.34379,1.34261,1.34378,68.97692875635488,48.639461088555855,,,887
1768879860,1.34374,1.344,1.34345,1.3436,65.88572678210465,50.74515782889729,,,821
1768880760,1.34359,1.34377,1.34336,1.34361,65.97695074633738,53.07475692716923,,,622
1768881660,1.3436,1.34381,1.34357,1.34373,67.11341941392473,55.512051153738184,,,696
1768882560,1.34374,1.34429,1.34374,1.34418,71.02239273273912,57.170987461175706,,,724
1768883460,1.34415,1.34431,1.34379,1.34382,64.42498971580716,58.50121843673645,,,1094
1768884360,1.34381,1.34419,1.34366,1.34409,66.9078306671714,60.210521971214,,,1313
1768885260,1.34408,1.34499,1.34406,1.34467,71.5080172880505,62.11086710580573,,,993
1768886160,1.34466,1.34486,1.34446,1.34448,68.16512239173554,63.1364693679917,,,959
1768887060,1.34446,1.34466,1.34434,1.34441,66.9238193309674,64.36496766226506,,,914
1768887960,1.3444,1.34447,1.34397,1.34397,59.57949654063973,64.58195800496149,,,902
1768888860,1.34398,1.34437,1.34397,1.34419,61.83474254610954,64.941265332594,,,982
1768889760,1.3442,1.34427,1.34336,1.34356,52.757053754760285,64.85309285409676,,,1344
1768890660,1.34355,1.34377,1.34327,1.34332,49.76010448125178,64.34547108199673,,,1513
1768891560,1.34331,1.34367,1.34268,1.34335,50.14137554575723,63.0000744240969,,,1518
1768892460,1.34333,1.3435,1.34259,1.34346,51.592010957315225,61.97909472232623,,,1750
1768893360,1.34347,1.34495,1.34331,1.34471,64.30240363803435,61.859484214590296,,,1937
1768894260,1.34472,1.34828,1.34467,1.34744,77.9312089288565,62.63218346565686,,,3117
1768895160,1.34743,1.34796,1.34706,1.34786,79.24410856947401,63.21944888256649,,,2580
1768896060,1.34785,1.34915,1.34769,1.34842,80.87760673742605,64.39463581268213,,,3130
1768896960,1.34843,1.34892,1.34746,1.34815,77.70239924423822,65.16567642532975,,,2809
1768897860,1.34814,1.34907,1.34794,1.34843,78.63897902187415,65.67503083488859,,,3503
1768898760,1.34842,1.34897,1.34779,1.34794,72.87050239681025,66.01112940667964,,,3242
1768899660,1.34795,1.34892,1.34737,1.34748,67.83952351109141,66.07653684811707,,,3059
1768900560,1.3475,1.34845,1.34718,1.34837,71.8840717178813,66.9554350750629,,,2505
1768901460,1.34835,1.34857,1.34742,1.34748,63.30969698767041,67.06078896374581,,,2120
1768902360,1.34747,1.34783,1.34704,1.34776,64.73487125665247,67.91634735673811,,,1938
1768903260,1.34774,1.34784,1.34673,1.34697,57.901145117828705,68.49785025935076,,,2623
1768904160,1.34697,1.34784,1.34646,1.34767,61.75382497334517,69.3273109327499,,,2354
1768905060,1.34768,1.34852,1.34768,1.34824,64.595125655763,70.25610483978188,,,1700
1768905960,1.34823,1.34845,1.34759,1.34808,63.17635063621548,70.1756724825091,,,1958
1768906860,1.34811,1.34828,1.34625,1.34628,49.898241539977796,68.17331766901776,,,2279
1768907760,1.34628,1.34674,1.34612,1.34623,49.586476702879956,66.05491539283248,,,2003
1768908660,1.34619,1.34677,1.34593,1.3466,51.97760096048164,63.990629265907884,,,1686
1768909560,1.34661,1.34707,1.34619,1.34633,50.10982531945943,62.019731128423686,,,2165
1768910460,1.34631,1.34633,1.34552,1.34622,49.33205513767856,59.92637942240971,,,2214
1768911360,1.3462,1.34657,1.34535,1.34575,46.043631043402236,58.01017432573771,,,2347
1768912260,1.34573,1.34575,1.34453,1.345,41.31129563482518,56.11530090600441,,,2388
1768913160,1.34499,1.34505,1.34396,1.34476,39.89812972387977,53.83059076357573,,,2059
1768914060,1.34477,1.34493,1.3441,1.34456,38.70976882971098,52.073453038007194,,,2305
1768914960,1.3446,1.34545,1.34425,1.34465,39.581856976876765,50.27680916088036,,,2520
1768915860,1.34466,1.34789,1.34425,1.34517,44.49590782251397,49.31929221121503,,,4234
1768916760,1.34516,1.34573,1.34476,1.34533,45.95253668380457,48.19062876196212,,,3924
1768917660,1.34537,1.34555,1.34406,1.34488,42.56882909044312,46.61732186443927,,,3638
1768918560,1.3449,1.34515,1.34445,1.34463,40.77259130557626,45.01705334082219,,,2532
1768919460,1.34464,1.34592,1.34455,1.34569,50.34064747159282,45.04865376450897,,,3421
1768920360,1.3457,1.34626,1.34529,1.34557,49.368326937004596,45.03307163837501,,,3107
1768921260,1.34556,1.34686,1.34524,1.34611,53.70194474098318,45.15623905126798,,,2812
1768922160,1.34609,1.34663,1.34602,1.34631,55.230331022600694,45.52198945863522,,,2676
1768923060,1.34632,1.3475,1.34632,1.3472,61.34558114070152,46.380098458851144,,,2459
1768923960,1.34721,1.34772,1.34561,1.34568,49.02828670177612,46.59328814873499,,,2863
1768924860,1.34569,1.34643,1.34566,1.34639,53.70426479320545,47.478500231476445,,,2488
1768925760,1.3464,1.34676,1.3457,1.34624,52.606274807677416,48.386224880319126,,,2461
1768926660,1.34625,1.34628,1.34534,1.34602,50.960613873921545,49.26128524061989,,,2149
1768927560,1.34601,1.34707,1.34548,1.34707,57.75337215860934,50.55925061074365,,,2106
1768928460,1.34706,1.34755,1.34691,1.34696,56.864719375251596,51.44273715022491,,,1980
1768929360,1.34695,1.34701,1.34572,1.34584,48.65558317322634,51.635811899469324,,,1856
1768930260,1.34585,1.34653,1.34566,1.34581,48.45380676847467,52.056167447900144,,,1340
1768931160,1.3458,1.3462,1.34562,1.34571,47.74306567137397,52.55405847402856,,,1644
1768932060,1.34569,1.34577,1.34541,1.3455,46.21012739213698,52.259021325496,,,1217
1768932960,1.34551,1.34564,1.34536,1.34544,45.758064713606004,52.001145452396095,,,992
1768933860,1.34546,1.34555,1.3447,1.34477,40.94153895493939,51.08968789625011,,,961
1768934760,1.34476,1.34495,1.34422,1.34441,38.59101428470747,49.90116527211489,,,1291
1768935660,1.34436,1.3444,1.34354,1.34354,33.57440366433731,47.917509738088874,,,1431
1768936560,1.34353,1.34403,1.34353,1.34373,35.54500956985481,46.954418514380215,,,1098
1768937460,1.34372,1.34394,1.34316,1.34345,33.94673481574429,45.54316637313299,,,1220
1768938360,1.34346,1.34347,1.34255,1.34265,29.82091374392577,43.91564058286502,,,1410
1768939260,1.34266,1.3434,1.34253,1.34297,33.312337415740956,42.655049407280686,,,1265
1768940160,1.34296,1.34347,1.34263,1.34326,36.40037176675811,41.12983509357703,,,1518
1768941060,1.34327,1.34356,1.34312,1.34345,38.41256206719935,39.81182385728759,,,1230
1768941960,1.34337,1.34357,1.3431,1.34335,37.73585647103887,39.03184337855992,,,928
1768942860,1.34336,1.34367,1.34328,1.34356,40.12147798769348,38.43667703707554,,,614
1768943760,1.34357,1.34384,1.34352,1.34383,43.1380548095779,38.1077476898044,,,444
1768944660,1.34385,1.34388,1.34364,1.3438,42.87956947506084,37.86985069572753,,,725
1768945560,1.34381,1.34424,1.34381,1.34419,47.30046422161203,37.980022089156535,,,766
1768946460,1.34411,1.3445,1.34378,1.34401,45.54826639771665,38.30907404935492,,,159
1768947360,1.34401,1.34418,1.34335,1.34398,45.24741988182934,38.78453159200647,,,505
1768948260,1.34399,1.34455,1.34399,1.34428,48.88338653275222,39.87803036832183,,,919
1768949160,1.34428,1.34428,1.34356,1.34378,43.67737351673526,40.45891350738471,,,1128
1768950060,1.34379,1.34423,1.34368,1.34402,46.61623479541519,41.36387779164692,,,455
1768950960,1.34403,1.3442,1.34399,1.34403,46.740933854537424,42.572450656690606,,,432
1768951860,1.34402,1.34416,1.34396,1.34416,48.42748802929054,43.652104271944154,,,430
1768952760,1.34415,1.34427,1.34364,1.34364,42.614389376940665,44.095962672671476,,,469
1768953660,1.34365,1.34381,1.34348,1.34367,43.03919908452977,44.42643674533794,,,744
1768954560,1.34365,1.34367,1.34334,1.34356,41.81684014847014,44.71793557944017,,,705
1768955460,1.34357,1.34384,1.34343,1.34346,40.68556836139772,44.75822774899047,,,675
1768956360,1.34345,1.34427,1.34332,1.34412,50.2514460603327,45.26632712404439,,,1205
1768957260,1.34411,1.34448,1.34399,1.34407,49.59884649630847,45.74627548270494,,,1287
1768958160,1.34408,1.34539,1.34404,1.34526,62.185672684963,46.809504658658575,,,1480
1768959060,1.34524,1.34567,1.34513,1.34546,63.82098322786771,48.11469871795508,,,1432
1768959960,1.34547,1.34551,1.345,1.34523,60.57660618573995,49.20964059680584,,,1184
1768960860,1.34522,1.34547,1.34491,1.34492,56.413929134519606,49.74753649693208,,,970
1768961760,1.34498,1.34502,1.34451,1.34462,52.64377545942459,50.38799377855275,,,755
1768962660,1.34459,1.34496,1.34448,1.34468,53.31575755079673,50.86653111822285,,,770
1768963560,1.34469,1.34469,1.34435,1.34448,50.73157945893475,51.15157723282267,,,733
1768964460,1.34446,1.34458,1.34383,1.34394,44.464961435456416,50.86853961897737,,,866
1768965360,1.34393,1.34406,1.34332,1.34335,38.822356229097366,50.59768010841714,,,1385
1768966260,1.34336,1.34372,1.34335,1.34359,42.04418655107749,50.526607784599115,,,1013
1768967160,1.34358,1.34404,1.34358,1.34397,46.81967645964212,50.88395323539711,,,849
1768968060,1.34398,1.34399,1.34333,1.34359,43.00365362857336,51.04953075448109,,,853
1768968960,1.34358,1.34368,1.34332,1.34335,40.744903559654894,50.37049200443267,,,597
1768969860,1.34332,1.34368,1.34331,1.3436,44.04204880556692,49.97357788366542,,,547
1768970760,1.34359,1.34394,1.34358,1.34375,45.984139911202746,48.81632554268254,,,954
1768971660,1.34374,1.34403,1.34365,1.34391,48.055065085939226,47.69018853254479,,,937
1768972560,1.34392,1.34394,1.3436,1.34365,45.03359839407453,46.579973690282976,,,1080
1768973460,1.34366,1.3439,1.34363,1.34382,47.36395378191528,45.93354687938267,,,909
1768974360,1.3438,1.34388,1.34354,1.34373,46.24611699955709,45.47657127510642,,,940
1768975260,1.34372,1.34379,1.34354,1.34377,46.84654934011015,45.01448497434309,,,1038
1768976160,1.34375,1.3439,1.34372,1.34386,48.24727994162573,44.83703500882102,,,1069
1768977060,1.34386,1.34426,1.34383,1.34412,52.16876253663824,45.387306516048284,,,1025
1768977960,1.34411,1.34414,1.34294,1.34322,40.6783775758833,45.51987946939014,,,1176
1768978860,1.34324,1.34409,1.34323,1.34384,49.01021996148531,46.017453284419275,,,1771
1768979760,1.34385,1.3449,1.34384,1.34435,54.65238339088834,46.576932350936865,,,1527
1768980660,1.34436,1.34436,1.34335,1.34376,48.030974063576195,46.93602666772278,,,2003
1768981560,1.34377,1.34453,1.34372,1.3442,52.63931549873857,47.78562752051447,,,2014
1768982460,1.34419,1.34445,1.3433,1.34437,54.32456307289232,48.520092825323424,,,1927
1768983360,1.34441,1.34478,1.34394,1.34403,50.457459537825315,48.839615655796464,,,1914
1768984260,1.34398,1.34433,1.34379,1.34413,51.54988087261981,49.08924535484508,,,1614
1768985160,1.34414,1.34444,1.34361,1.34383,48.121736309751164,49.309826634536265,,,1590
1768986060,1.34384,1.34386,1.34315,1.34325,42.26916691159694,48.945913286656385,,,1477
1768986960,1.34319,1.34359,1.34251,1.34254,36.428509607838976,48.24465561581938,,,1467
1768987860,1.34253,1.34272,1.34127,1.34154,30.116485354254138,47.04965104540109,,,1807
1768988760,1.34154,1.34155,1.34088,1.341,27.359618821993834,45.557675251141674,,,1860
1768989660,1.341,1.34149,1.3407,1.34129,31.01198269775226,44.046476691221244,,,2014
1768990560,1.34128,1.34135,1.34063,1.34064,27.655547773904033,43.11627456250843,,,1817
1768991460,1.34063,1.3411,1.34032,1.34085,30.280920471036694,41.77846745604783,,,1519
1768992360,1.34086,1.34086,1.34038,1.34059,28.88335517088501,39.93782258319044,,,1749
1768993260,1.34058,1.34083,1.34031,1.34038,27.768579873493323,38.49050871247024,,,1744
1768994160,1.34037,1.3415,1.34013,1.34137,39.6031973977473,37.55935741954229,,,1747
1768995060,1.34137,1.34169,1.34123,1.34158,41.78217532372281,36.66347258031589,,,1473
1768995960,1.34159,1.34217,1.34042,1.34057,35.203844129834394,35.57392862260225,,,2254
1768996860,1.34056,1.34192,1.34014,1.34177,46.06841187898576,35.182395123056956,,,2269
1768997760,1.34178,1.34179,1.34122,1.34174,45.86138104494552,35.02094117557085,,,1943
1768998660,1.34172,1.34262,1.34162,1.34237,50.85604081957462,35.63428931185497,,,1844
1768999560,1.34238,1.34254,1.34165,1.34231,50.37933924234699,36.630777142891255,,,2119
1769000460,1.34228,1.34274,1.34196,1.34202,48.035654538765336,37.91071779892776,,,2057
1769001360,1.34201,1.34215,1.34123,1.34211,48.8312291188854,39.44440424870574,,,1795
1769002260,1.34211,1.34297,1.3418,1.34273,54.05028689396608,41.08999740557815,,,1827
1769003160,1.34272,1.34441,1.3427,1.34425,63.79894657554537,43.671668748552534,,,2874
1769004060,1.34424,1.3443,1.34249,1.34358,57.9615647080246,45.6488576226231,,,4406
1769004960,1.34356,1.34405,1.34228,1.34397,60.2419297831412,47.88875580921283,,,3413
1769005860,1.34395,1.3456,1.34373,1.34533,66.97044894486314,50.688889314310664,,,3075
1769006760,1.34534,1.34565,1.34469,1.34522,65.9975660303389,52.57420135949578,,,2819
1769007660,1.34521,1.34591,1.34493,1.34526,66.18990872626807,54.317610888249014,,,2907
1769008560,1.34527,1.34527,1.34291,1.34375,53.81433572918295,55.64693171677391,,,2864
1769009460,1.34376,1.34455,1.34362,1.34416,56.20850524197189,56.371224099844355,,,2364
1769010360,1.34413,1.34445,1.34246,1.34271,46.94089257986543,56.448332066624346,,,2568
1769011260,1.3427,1.34409,1.34266,1.34378,53.08774274641483,56.60773934711293,,,2343
1769012160,1.34377,1.34379,1.34253,1.34353,51.58408386631861,56.693792534539476,,,2662
1769013060,1.34352,1.34388,1.3429,1.34299,48.39549562638133,56.719495469369186,,,2654
1769013960,1.34298,1.34353,1.3424,1.34304,48.711623361002985,56.710952200949016,,,3060
1769014860,1.34302,1.34308,1.34248,1.34281,47.27690537129473,56.22713923504392,,,2523
1769015760,1.34284,1.34383,1.34282,1.34337,51.056731185795925,55.316980992918964,,,2177
1769016660,1.34329,1.34329,1.3419,1.34192,42.550450418883884,54.2161871151232,,,2416
1769017560,1.34191,1.34295,1.34165,1.34259,46.94864717393987,53.26666692875168,,,2168
1769018460,1.34259,1.34268,1.34187,1.34225,45.06326465977027,51.701868051245036,,,1511
1769019360,1.34224,1.34273,1.34192,1.34273,48.22443736242995,50.43235886068011,,,1724
1769020260,1.34274,1.34278,1.34191,1.34227,45.521104967954194,48.95601573508627,,,1859
1769021160,1.34226,1.34263,1.34211,1.34212,44.642291172521645,48.30086969532475,,,1580
1769022060,1.34213,1.34225,1.34177,1.34184,42.97448267101843,47.355582368828074,,,1430
1769022960,1.34182,1.34305,1.34112,1.34123,39.51128450138557,46.82489607750808,,,2636
1769023860,1.34122,1.34206,1.34098,1.34106,38.57821795646956,45.78850144965485,,,3343
1769024760,1.34107,1.34266,1.34099,1.34223,47.72748832247688,45.51303033938044,,,2290
1769025660,1.34224,1.34227,1.34162,1.34174,44.72287450580337,45.250700259339155,,,1772
1769026560,1.34175,1.34213,1.34123,1.34184,45.477248053449564,45.01967345165677,,,1755
1769027460,1.34185,1.34209,1.34155,1.34195,46.34467163778609,44.95308532783472,,,1491
1769028360,1.34194,1.34263,1.34188,1.34257,51.06980521501638,44.95401918706475,,,1185
1769029260,1.34258,1.34269,1.34234,1.34256,50.99180521293067,45.556973100925234,,,646
1769030160,1.34257,1.34277,1.34245,1.34277,52.62807686678044,45.962646650413845,,,508
1769031060,1.34276,1.34325,1.34275,1.34311,55.23410034392167,46.689134913567514,,,432
1769031960,1.34311,1.34316,1.34286,1.34301,54.288150477154225,47.12225727890496,,,1116
1769032860,1.34257,1.34282,1.34231,1.34243,49.04198971767365,47.373749046742056,,,157
1769033760,1.34219,1.34312,1.34219,1.34281,52.29468656400524,47.92034871756232,,,461
1769034660,1.34283,1.34289,1.34255,1.34286,52.72230704081927,48.616621886833805,,,1199
1769035560,1.34287,1.34305,1.34228,1.34272,51.33476536645565,49.461156234338816,,,2019
1769036460,1.34296,1.34308,1.34253,1.34259,50.01838529922373,50.278311044535535,,,306
1769037360,1.3426,1.34277,1.34226,1.34232,47.305174953346956,50.248145803883396,,,653
1769038260,1.34233,1.34235,1.34205,1.3421,45.15580588691979,50.27906947396314,,,831
1769039160,1.34209,1.34226,1.34176,1.34177,42.06813142552461,50.03556114339707,,,595
1769040060,1.34178,1.34214,1.34169,1.34206,45.589179270784044,49.981597402896924,,,921
1769040960,1.34202,1.34229,1.34182,1.34215,46.67244561878713,49.667500288880554,,,1097
1769041860,1.34214,1.34266,1.34207,1.34258,51.627610869616966,49.712914978643866,,,1437
1769042760,1.34259,1.34312,1.34252,1.3429,54.980170615044585,49.880921674948446,,,1550
1769043660,1.34291,1.34294,1.34246,1.34256,50.94041503648091,49.5742298672741,,,1670
1769044560,1.34258,1.34304,1.34245,1.34287,54.2417236365272,49.57091366437218,,,1562
1769045460,1.34289,1.34308,1.34263,1.34285,53.98930409810702,49.92429326297456,,,1558
1769046360,1.34283,1.34318,1.34279,1.343,55.65605152868148,50.16439076045143,,,1337
1769047260,1.34305,1.34353,1.34305,1.34315,57.321033627779606,50.4928712309486,,,1112
1769048160,1.34314,1.34318,1.34235,1.34256,49.45538986107846,50.358630123421655,,,1125
1769049060,1.34254,1.34266,1.34227,1.34264,50.44828102105156,50.38933696069507,,,977
1769049960,1.34265,1.34267,1.34239,1.34259,49.789966660203625,50.566822082613406,,,922
1769050860,1.34258,1.34297,1.34256,1.34288,53.57404790643021,51.16812508400701,,,828
1769051760,1.34287,1.34308,1.34272,1.3428,52.40081388663739,51.906173831229346,,,756
1769052660,1.34281,1.34307,1.34278,1.34295,54.416504025363174,52.536697027985,,,662
1769053560,1.34296,1.34337,1.34285,1.34326,58.3426876640231,53.37028574550186,,,930
1769054460,1.34325,1.34394,1.34324,1.34388,64.86140374581657,54.3155566652304,,,933
1769055360,1.34386,1.34386,1.34353,1.34355,59.52242299423489,54.640003263744,,,796
1769056260,1.34353,1.34355,1.343,1.34303,52.227137060569,54.731911979750286,,,695
1769057160,1.34304,1.34327,1.34292,1.34294,51.06067106212787,54.50469393872176,,,592
1769058060,1.34293,1.34305,1.34281,1.34286,49.9918446259159,54.21916111927954,,,762
1769058960,1.34285,1.34297,1.34255,1.34277,48.75538354235811,53.72625626311358,,,772
1769059860,1.34275,1.34284,1.34254,1.34257,46.03078902166352,52.919810219819574,,,758
1769060760,1.34258,1.34297,1.34234,1.34292,51.173130518470735,53.04250598106188,,,1020
1769061660,1.34295,1.34298,1.34234,1.34262,47.03614098063567,52.79878169246075,,,945
1769062560,1.34261,1.34281,1.34237,1.34255,46.09965436505925,52.53518795709329,,,1107
1769063460,1.34256,1.3427,1.34233,1.34234,43.31353656504934,51.80229428985181,,,884
1769064360,1.34235,1.3429,1.34204,1.34277,49.9797810619412,51.62936337380207,,,1109
1769065260,1.34278,1.34298,1.3423,1.3425,46.298108856583625,51.049478004603536,,,1248
1769066160,1.34251,1.3433,1.34237,1.34329,56.414787365469905,50.91177084042117,,,1165
1769067060,1.3433,1.34376,1.34318,1.34333,56.85795363099323,50.3400958322195,,,1288
1769067960,1.34334,1.34367,1.34296,1.34302,52.410303796270185,49.83208731807916,,,1702
1769068860,1.34299,1.34313,1.34227,1.34235,44.337752242587584,49.26855983108049,,,1680
1769069760,1.34234,1.34264,1.34192,1.34194,40.25197161192313,48.496509870351574,,,1785
1769070660,1.34194,1.34194,1.34094,1.34134,35.14752979560136,47.43620166818624,,,1720
1769071560,1.34136,1.34196,1.34116,1.34185,41.892734683220795,46.94601246396214,,,1498
1769072460,1.34184,1.34296,1.34182,1.34271,51.12428614907287,47.30983368734853,,,1556
1769073360,1.34272,1.34419,1.34265,1.34374,59.436284418522206,47.900058965923634,,,1918
1769074260,1.34373,1.34464,1.34352,1.3445,64.26534814821132,49.13071662075047,,,1654
1769075160,1.34449,1.34473,1.34418,1.34473,65.60004314628296,50.523601533695015,,,1776
1769076060,1.34471,1.34496,1.34387,1.34394,57.63702069936683,51.54670754328912,,,1463
1769076960,1.34395,1.34407,1.34364,1.34396,57.77675820189427,52.103634481857206,,,1180
1769077860,1.34394,1.34472,1.34384,1.34452,61.59654796471401,53.196380132437945,,,1357
1769078760,1.34452,1.34507,1.34431,1.34467,62.57324084966278,53.63626966702316,,,1392
1769079660,1.34468,1.34529,1.34101,1.3418,41.05752348324414,52.5076675136125,,,2024
1769080560,1.34193,1.34239,1.34015,1.34198,42.39535065023704,51.79231371746729,,,3832
1769081460,1.34197,1.34269,1.34158,1.34266,47.26493823694207,52.00139843134975,,,2870
1769082360,1.34264,1.34328,1.34185,1.34219,44.46695163235594,52.302468432809235,,,2683
1769083260,1.34218,1.3432,1.34189,1.34286,49.09334664860951,53.2985982080241,,,1987
1769084160,1.34285,1.34318,1.34261,1.34276,48.444642266617336,53.76659160683814,,,1586
1769085060,1.34277,1.34412,1.34247,1.34333,52.31264660256529,53.851474496373314,,,2267
1769085960,1.34332,1.34344,1.34152,1.34251,46.86526382032496,52.95354445364494,,,2177
1769086860,1.3425,1.34276,1.34187,1.34227,45.37594075275725,51.60430106825537,,,2135
1769087760,1.34228,1.34275,1.34033,1.34164,41.63555653936125,49.892552024903814,,,2455
1769088660,1.34168,1.34385,1.34122,1.34145,40.549934953473375,48.67204590019714,,,3117
1769089560,1.34146,1.34246,1.34123,1.3424,47.8691364382557,47.96435863136582,,,2227
1769090460,1.34241,1.34306,1.34224,1.34287,51.07816125963767,47.21304529528894,,,1814
1769091360,1.34287,1.34359,1.34275,1.34356,55.41708970735931,46.701891642267256,,,2126
1769092260,1.34357,1.34439,1.34333,1.34404,58.194799424300236,47.92598278091412,,,2967
1769093160,1.344,1.34525,1.34371,1.34514,63.76624527948382,49.45247525443175,,,2870
1769094060,1.34513,1.34703,1.34469,1.34675,70.05637799676114,51.08043523727597,,,2744
1769094960,1.34674,1.34755,1.34663,1.34732,71.91525484776434,53.04102832409085,,,2431
1769095860,1.34733,1.34847,1.34711,1.34783,73.5003881968644,54.78438843468049,,,2175
1769096760,1.34783,1.34839,1.34749,1.34782,73.41289341269305,56.56783494511446,,,2695
1769097660,1.34783,1.34895,1.34783,1.3489,76.64627611979105,58.30595133920202,,,2515
1769098560,1.34891,1.34989,1.34876,1.34903,77.00873042976069,60.45905609701886,,,2198
1769099460,1.34902,1.34965,1.34886,1.34963,78.65529886943766,62.836153105353176,,,1993
1769100360,1.34961,1.34979,1.34877,1.34879,70.9900376590054,64.93290175675634,,,1692
1769101260,1.34878,1.34891,1.34738,1.34835,67.29079592217484,66.84296325452071,,,2123
1769102160,1.34836,1.34906,1.34835,1.3489,69.4348536842156,68.38337162923214,,,1800
1769103060,1.34892,1.34955,1.34868,1.34935,71.10379774709806,69.81377423547931,,,1300
1769103960,1.34937,1.34957,1.34892,1.34921,69.82637396548839,70.84300882534568,,,1466
1769104860,1.3492,1.3497,1.34906,1.34958,71.29418597953436,71.77867929357669,,,1352
1769105760,1.34959,1.35009,1.34958,1.35004,73.0494837997112,72.44176775930721,,,1054
1769106660,1.35003,1.35022,1.34933,1.34944,67.27133042450939,72.24283578986065,,,972
1769107560,1.34945,1.34994,1.34936,1.34979,68.82064809856692,72.02179245063226,,,1040
1769108460,1.34978,1.34984,1.34923,1.34934,64.58725951815728,71.38514040215318,,,1266
1769109360,1.34935,1.34935,1.34875,1.34886,60.32463126893213,70.45026453474169,,,958
1769110260,1.34885,1.34899,1.34861,1.34898,61.01730254830433,69.33390927963549,,,998
1769111160,1.34897,1.34917,1.34886,1.34886,59.89126116735269,68.1112329037492,,,1081
1769112060,1.34884,1.34984,1.34884,1.34978,65.19449260190551,67.14974674178262,,,704
1769112960,1.34982,1.34986,1.34948,1.34953,62.76585945246139,66.56230544131519,,,720
1769113860,1.34951,1.35034,1.34946,1.35034,67.0488863307339,66.54502618478371,,,1015
1769114760,1.35029,1.35029,1.3496,1.34966,60.73288839350653,65.92345723544734,,,1006
1769115660,1.34967,1.35028,1.34956,1.34997,62.468619377090135,65.30665878044678,,,609
1769116560,1.34998,1.35057,1.34988,1.3505,65.29327768206028,64.98286618877334,,,591
1769117460,1.35051,1.35071,1.35033,1.35042,64.50413104773023,64.49786226507304,,,523
1769118360,1.35043,1.35045,1.35003,1.3501,61.31200919681266,63.65947122200886,,,816
1769119260,1.34938,1.35006,1.34888,1.34965,57.0373775179579,62.92847458582661,,,392
1769120160,1.34963,1.35011,1.34898,1.34944,55.1065312771617,61.94889481286909,,,579
1769121060,1.34944,1.3501,1.34939,1.34987,58.224980302080866,61.49444629743506,,,725
1769121960,1.34988,1.35044,1.34974,1.35033,61.3203470630032,61.56556885415443,,,532
1769122860,1.35035,1.35087,1.35035,1.35045,62.10909551769127,61.6435540662535,,,434
1769123760,1.35044,1.35054,1.35021,1.35023,59.70531364881982,61.63027210064401,,,260
1769124660,1.35024,1.35024,1.34995,1.35011,58.3781232596221,61.14338857619519,,,475
1769125560,1.3501,1.35016,1.34989,1.34996,56.68198977592932,60.7088264564429,,,493
1769126460,1.34995,1.35005,1.34955,1.34978,54.63076565343815,59.82181783663606,,,793
1769127360,1.3498,1.35001,1.3498,1.34998,56.513814209085545,59.520455394891705,,,758
1769128260,1.34997,1.34997,1.34965,1.34971,53.29773124884241,58.86539195715972,,,1151
1769129160,1.3497,1.34975,1.34953,1.34966,52.69963489687085,57.965846043931904,,,1053
1769130060,1.34967,1.35025,1.34962,1.35024,58.51522563011656,57.53806708553093,,,1159
1769130960,1.35025,1.35047,1.34986,1.35012,56.95495899274663,57.226849213811924,,,1953
1769131860,1.35013,1.35024,1.34971,1.34978,52.66973593023852,56.91487481468911,,,1279
1769132760,1.34979,1.35,1.34965,1.34975,52.29585255161386,56.71411204857855,,,1170
1769133660,1.34974,1.34975,1.34936,1.34945,48.58191711454522,56.02532182089743,,,1173
1769134560,1.34946,1.34971,1.34935,1.34953,49.60962133448063,55.18884141171725,,,1029
1769135460,1.34952,1.34961,1.34914,1.34932,46.95647191266359,54.106511154215276,,,920
1769136360,1.34935,1.34954,1.34924,1.34936,47.532064448954465,53.2369933542249,,,1485
1769137260,1.34937,1.34951,1.34915,1.34936,47.532064448954465,52.46227486774863,,,1173
1769138160,1.34935,1.3494,1.34886,1.34893,41.86783214489784,51.404120751246374,,,1421
1769139060,1.34892,1.34927,1.34891,1.34927,47.22323661753828,50.875011534396386,,,779
1769139960,1.34926,1.34938,1.34896,1.34915,45.62562362409962,50.09728363546882,,,953
1769140860,1.34916,1.34923,1.34897,1.34915,45.62562362409962,49.5492759479872,,,900
1769141760,1.34917,1.34927,1.34913,1.34914,45.476929062353946,49.03336838837884,,,492
1769142660,1.34913,1.34954,1.34909,1.3495,51.59311390517257,48.538931836597136,,,799
1769143560,1.34949,1.34995,1.34941,1.34995,57.94385554739093,48.60956730478601,,,804
1769144460,1.34995,1.35002,1.34976,1.34985,56.17996775648009,48.860298149517554,,,593
1769145360,1.34987,1.35007,1.34957,1.34957,51.45664377531147,48.800354665495945,,,847
1769146260,1.34958,1.34985,1.34957,1.34974,53.986120426652654,49.18636918778934,,,868
1769147160,1.34975,1.34988,1.34964,1.34985,55.59835554685622,49.61413591724473,,,890
1769148060,1.34986,1.34997,1.34932,1.34938,47.87910089226977,49.68003798721661,,,1346
1769148960,1.34938,1.34952,1.34893,1.34935,47.42647194966894,49.672495665839065,,,1381
1769149860,1.34934,1.34952,1.34895,1.34915,44.41213751626454,49.44964374207551,,,1681
1769150760,1.34914,1.34953,1.34831,1.34931,47.297979528522205,49.837511412334386,,,1900
1769151660,1.34932,1.34961,1.34881,1.34892,41.62540331687812,49.43766617657294,,,1427
1769152560,1.34893,1.34912,1.34873,1.34904,43.85659963826018,49.31130732044155,,,1576
1769153460,1.34905,1.35115,1.34891,1.35027,60.515574271903844,50.37487522385614,,,2352
1769154360,1.35028,1.35078,1.34901,1.34948,50.2105071346471,50.712987943305656,,,3796
1769155260,1.34939,1.34954,1.34851,1.34865,42.0991632321935,50.03484860952143,,,2299
1769156160,1.34864,1.34897,1.34839,1.34873,43.05406243906731,48.971291958926884,,,2069
1769157060,1.34874,1.34976,1.34824,1.34966,52.799418038954705,48.729824121960796,,,2209
1769157960,1.34967,1.35025,1.34935,1.35019,57.28569323030297,49.146184797317325,,,1894
1769158860,1.35022,1.35067,1.34993,1.35018,57.17527123157064,49.37398128338289,,,2375
1769159760,1.35019,1.3522,1.35005,1.35126,65.01793081025504,50.04680808791138,,,1784
1769160660,1.35127,1.35318,1.35091,1.35294,73.23050247339715,51.857622486563336,,,2553
1769161560,1.35291,1.35347,1.3527,1.35281,71.82532864111613,53.60039796452385,,,2303
1769162460,1.35286,1.35344,1.35241,1.35277,71.37152877716699,55.52606876887403,,,1993
1769163360,1.35276,1.35366,1.35254,1.35362,74.9879546288893,57.50392413318597,,,1863
1769164260,1.3536,1.35361,1.35275,1.35275,65.82274490190466,59.23230567497358,,,1407
1769165160,1.3528,1.35297,1.35223,1.3526,64.36212253428644,60.69698588183259,,,1713
1769166060,1.35259,1.353,1.35225,1.35293,66.1421577696448,61.09888470309981,,,1659
1769166960,1.35293,1.35293,1.35148,1.35261,62.86321326074446,62.00264942639249,,,1853
1769167860,1.3526,1.35323,1.35242,1.35268,63.291910059289975,63.516417056899364,,,1689
1769168760,1.35267,1.35315,1.35144,1.35189,55.504581735191174,64.40573986376536,,,2523
1769169660,1.3519,1.35244,1.35185,1.35236,58.75588668110236,64.83120190963305,,,1403
1769170560,1.35236,1.35267,1.35224,1.35247,59.50174819454235,64.98949154993586,,,1210
1769171460,1.35246,1.35306,1.35229,1.35287,62.180105590763496,65.34697971844965,,,1308
1769172360,1.35288,1.35323,1.35264,1.3532,64.2790178085036,65.29420021832453,,,1733
1769173260,1.35319,1.35323,1.35261,1.35315,63.702159875949356,64.61360431850683,,,1701
1769174160,1.35314,1.35348,1.35295,1.35325,64.39046440296411,64.08254258721021,,,1515
1769175060,1.35331,1.35348,1.35262,1.35304,61.742640962465444,63.394764886160104,,,1444
1769175960,1.35305,1.35316,1.35236,1.35239,54.29971407045748,61.917033417700694,,,1929
1769176860,1.35238,1.35299,1.35206,1.35294,58.82293645180785,61.41704709983664,,,1743
1769177760,1.35293,1.35297,1.35225,1.35286,57.92487489065648,60.957243696720205,,,1717
1769178660,1.35285,1.35296,1.35237,1.3528,57.21929233280898,60.319896165517655,,,1824
1769179560,1.35279,1.3538,1.35271,1.35365,63.92365660170924,60.39564211844372,,,1970
1769180460,1.35366,1.35447,1.35353,1.35421,67.53357879873923,60.6986184569758,,,2280
1769181360,1.35422,1.35517,1.35421,1.35513,72.41678150872472,61.90663272651391,,,1846
1769182260,1.35513,1.35554,1.35506,1.35523,72.89401658741946,62.916499148393704,,,1781
1769183160,1.35524,1.35675,1.35522,1.35638,77.67721430026734,64.21474672737406,,,2461
1769184060,1.35634,1.35689,1.35609,1.35648,78.0401004203611,65.34760350091675,,,2258
1769184960,1.35646,1.35776,1.3561,1.35775,82.03448625215061,66.61585124689154,,,2649
1769185860,1.35776,1.35927,1.35768,1.35888,84.70099103923684,68.11576775855494,,,2503
1769186760,1.35889,1.35978,1.35862,1.35866,82.14469487575555,69.38392707804003,,,2695
1769187660,1.35865,1.36013,1.35864,1.35964,84.40286013319697,71.00251416166371,,,2520
1769188560,1.35963,1.36145,1.35948,1.36141,87.48214709550852,73.37268794916736,,,2909
1769189460,1.36146,1.3623,1.36012,1.36027,76.9454518478053,74.66715333459574,,,3674
1769190360,1.36025,1.36112,1.35994,1.3604,77.28148956287501,76.04976866832564,,,3414
1769191260,1.36041,1.36078,1.35926,1.35926,67.93078711569945,76.8148754385321,,,3052
1769192160,1.3593,1.36086,1.35922,1.3605,71.9118047844063,77.3854574515819,,,2708
1769193060,1.36052,1.3607,1.35983,1.36064,72.32945674463457,77.72802016200299,,,1997
1769193960,1.36063,1.3607,1.36004,1.36057,71.75494722901306,77.68074628488073,,,1810
1769194860,1.36058,1.36167,1.36052,1.36144,74.46921159637162,77.79326021409159,,,1830
1769195760,1.36142,1.36171,1.36064,1.36104,71.08681719527877,77.32251756373526,,,1711
1769196660,1.361,1.36124,1.3608,1.36116,71.50495817036675,76.85572168873567,,,1404
1769197560,1.36117,1.36291,1.36099,1.36238,75.40010123480532,76.38183704463958,,,2396
1769198460,1.36239,1.36317,1.36217,1.36311,77.3915646600075,75.85973516040892,,,1332
1769199360,1.3631,1.36382,1.36287,1.36296,76.02957238305466,75.42294069664456,,,1975
1769200260,1.36295,1.36319,1.36237,1.36269,73.52143019622906,74.64569570114686,,,1779
1769201160,1.36268,1.36381,1.36255,1.36375,76.76248302274344,73.88000541023506,,,1574
1769202060,1.36372,1.36428,1.36344,1.36413,77.81103749527924,73.9418329564832,,,1534
1769202960,1.36414,1.36456,1.3637,1.36435,78.41821055780844,74.02302731326415,,,1220
1769203860,1.36436,1.36438,1.36323,1.36393,74.24150773775433,74.47379307198237,,,1294
1769204760,1.36393,1.36437,1.36346,1.36419,75.12477553514314,74.70329098274928,,,838
1769378460,1.36612,1.36651,1.3657,1.36598,80.16702371022612,75.26311719457725,,,252
1769379360,1.36597,1.36619,1.36585,1.36595,79.87479701698257,75.8431064651465,,,309
1769380260,1.36594,1.36653,1.36592,1.36652,81.27168359889994,76.32899732246995,,,152
1769381160,1.36652,1.36819,1.36652,1.36796,84.24655811437903,77.2689788166914,,,1213
1769382060,1.36793,1.36803,1.36687,1.36798,84.2838974815725,78.18176019606324,,,1633
1769382960,1.36799,1.36801,1.36576,1.36617,68.46745086981001,77.68657088427787,,,1806
1769383860,1.36619,1.36662,1.36597,1.3664,69.25693856756428,77.10552616338906,,,1432
1769384760,1.36637,1.36647,1.36549,1.36563,63.522856823459655,76.21218933770369,,,1661
1769385660,1.36556,1.36575,1.36462,1.36474,57.587921895645984,75.07408160194777,,,2610
1769386560,1.36469,1.36545,1.36434,1.36493,58.47977618168597,73.76817397044366,,,1763
1769387460,1.36492,1.36556,1.36467,1.36547,60.99050344761015,72.566707252753,,,2024
1769388360,1.36546,1.36707,1.36534,1.36695,66.89849922750415,71.74387072915985,,,2274
1769389260,1.36694,1.36746,1.36605,1.3663,62.42675537423428,70.89995984605127,,,2794
1769390160,1.3663,1.36659,1.36588,1.36614,61.33984304936496,69.91532181135283,,,2504
1769391060,1.36614,1.36724,1.36594,1.36675,63.91910575606342,68.75475624319836,,,2470
1769391960,1.36676,1.36718,1.36592,1.36595,58.41483306767913,67.22190167539097,,,2003
1769392860,1.36597,1.36793,1.36591,1.3675,64.7487228444626,66.04169019293116,,,2084
1769393760,1.36751,1.36795,1.36688,1.36788,66.11148834225088,64.74632806635057,,,2330
1769394660,1.3679,1.36796,1.36736,1.36744,63.07109075949506,63.23112758620219,,,1589
1769395560,1.36743,1.36754,1.3667,1.36676,58.58679638345658,62.52536655146265,,,1676
1769396460,1.36675,1.36689,1.36621,1.36625,55.40509495427137,61.53594915051316,,,1630
1769397360,1.36627,1.3663,1.3655,1.36597,53.681416788588734,60.83298914802238,,,1251
1769398260,1.36596,1.36637,1.36589,1.36635,55.69588665317776,60.697843773560365,,,1146
1769399160,1.36634,1.36656,1.36581,1.36583,52.34118800035789,60.25937318917978,,,1035
1769400060,1.36582,1.36668,1.36532,1.3665,56.017141319632216,59.90413303718136,,,1630
1769400960,1.36649,1.36677,1.36567,1.36597,52.56335396971408,58.88019409019636,,,1392
1769401860,1.36596,1.36628,1.36544,1.36623,54.059762083003235,58.28255171225129,,,1152
1769402760,1.36622,1.36669,1.36595,1.36606,52.8850557701178,57.678638335162205,,,1389
1769403660,1.36605,1.3663,1.36583,1.36596,52.16695332050819,56.83919887547969,,,1326
1769404560,1.36595,1.36691,1.36589,1.36666,56.608561209290215,56.71017945702334,,,1391
1769405460,1.36664,1.36666,1.36628,1.36648,55.18941509659952,56.02737176074739,,,1235
1769406360,1.36649,1.36697,1.36633,1.36659,55.916731933913226,55.299174874437576,,,1125
1769407260,1.36663,1.36685,1.36573,1.36574,49.262871654584785,54.31287350980112,,,1827
1769408160,1.36575,1.36657,1.36574,1.36641,53.91772855290119,53.97936866476145,,,1559
1769409060,1.36638,1.36677,1.36602,1.3666,55.173691728545265,53.96283986292388,,,1485
1769409960,1.36659,1.3667,1.36558,1.36575,48.76979960207552,53.61201006388722,,,1728
1769410860,1.36574,1.36697,1.36572,1.36622,52.08169796012249,53.35385372866898,,,2047
1769411760,1.3662,1.36762,1.36612,1.36663,54.82527491091293,53.53128850799435,,,2229
1769412660,1.36662,1.36662,1.36515,1.36532,45.80185939530465,52.80162551339952,,,2322
1769413560,1.36532,1.36532,1.36444,1.36521,45.1301780934492,52.2706843793806,,,2522
1769414460,1.36522,1.36562,1.3646,1.36504,44.054913315317485,51.556052324545895,,,2978
1769415360,1.36504,1.3652,1.36429,1.36515,44.96857948214175,50.99058973254761,,,2351
1769416260,1.36514,1.36672,1.36514,1.36596,51.27849190938813,50.927128203181894,,,3226
1769417160,1.36597,1.36682,1.36574,1.36622,53.13597639105613,50.67908643045089,,,2594
1769418060,1.36625,1.36716,1.36584,1.36588,50.42846393356136,50.33901849023387,,,2758
1769418960,1.36591,1.36723,1.3659,1.36692,57.55315895623259,50.45590613468526,,,2123
1769419860,1.36691,1.36757,1.36651,1.3674,60.38327993377724,51.25022101177043,,,2275
1769420760,1.36741,1.36771,1.36661,1.36712,57.95578734289324,51.538653782484154,,,2256
1769421660,1.36713,1.36731,1.36668,1.36705,57.33522216070778,51.6930488133529,,,2152
1769422560,1.36704,1.36756,1.36686,1.36719,58.296995250615694,52.373562788248634,,,1574
1769423460,1.36718,1.36737,1.36676,1.36727,58.86759797324577,52.85826993204315,,,2170
1769424360,1.36728,1.36729,1.36671,1.36701,56.177329473621946,52.954845257950936,,,2048
1769425260,1.367,1.36735,1.36671,1.36686,54.626287357209186,53.585161540944114,,,2111
1769426160,1.36687,1.36727,1.36651,1.36673,53.25398013457575,54.16543311531029,,,1613
1769427060,1.36671,1.36733,1.36651,1.36705,56.17265763299364,55.03098628085859,,,1543
1769427960,1.36704,1.36736,1.36656,1.36665,51.81741910847535,55.52018911131099,,,2010
1769428860,1.36665,1.36729,1.36593,1.36599,45.54295287229914,55.11050775151892,,,2140
1769429760,1.36598,1.36618,1.3652,1.36562,42.44037498462124,54.34653622248786,,,1894
1769430660,1.36561,1.36574,1.3652,1.36522,39.32165591013467,53.55319279224309,,,1401
1769431560,1.36522,1.36538,1.36479,1.36514,38.70899021278168,52.20718073913946,,,1656
1769432460,1.36515,1.36516,1.36432,1.36467,35.235509609035034,50.410911430229305,,,2285
1769433360,1.36468,1.36538,1.36451,1.3649,38.159916281857974,48.99692064015535,,,1650
1769434260,1.3649,1.36523,1.36456,1.36495,38.806806794260915,47.67346239969487,,,1929
1769435160,1.36494,1.36625,1.36476,1.36611,51.48620473051795,47.18697736254503,,,2366
1769436060,1.3661,1.36703,1.36583,1.36675,56.80415376116039,47.039588490253216,,,2116
1769436960,1.36673,1.36785,1.36668,1.36784,64.03501476185231,47.6008517251268,,,1948
1769437860,1.36783,1.36891,1.3676,1.36862,68.1444816958756,48.56643703503154,,,2575
1769438760,1.36864,1.36936,1.36815,1.36909,70.34342737600231,49.78711183799059,,,2850
1769439660,1.3691,1.36979,1.36884,1.36966,72.79601241494848,50.97449432241592,,,2558
1769440560,1.36967,1.37,1.369,1.36982,73.45951375096077,52.52035822545059,,,2510
1769441460,1.36983,1.37047,1.3695,1.36994,73.97224743563022,54.55102212283139,,,2437
1769442360,1.36995,1.37128,1.36972,1.37077,77.24650354804591,57.03717416307601,,,3126
1769443260,1.37078,1.37131,1.37015,1.37053,74.33454945708989,59.53809513071567,,,2763
1769444160,1.37055,1.37073,1.36984,1.37065,74.84515096830091,62.119249470395616,,,2805
1769445060,1.37064,1.37066,1.36992,1.37043,72.01642498314375,64.74645771140338,,,2150
1769445960,1.37046,1.37068,1.36931,1.36973,63.75926741332665,66.57498279222257,,,2017
1769446860,1.36974,1.37007,1.36942,1.36996,65.17225657158768,68.45822920488878,,,1871
1769447760,1.36997,1.37043,1.36896,1.36912,56.50702042442044,68.81685889731038,,,2174
1769448660,1.36913,1.36945,1.36886,1.36887,54.1973954532357,68.63066187531577,,,1664
1769449560,1.36888,1.3691,1.36856,1.36859,51.651029902349606,67.74609152820842,,,1855
1769450460,1.36858,1.36993,1.36848,1.36976,60.08915196699824,67.17071083328861,,,1517
1769451360,1.36974,1.37015,1.36947,1.37003,61.74825154577096,66.55676970255782,,,1193
1769452260,1.37002,1.37014,1.3691,1.36919,54.19947175898192,65.22844536998876,,,1599
1769453160,1.36918,1.36934,1.36873,1.36874,50.62866399841541,63.597670387664095,,,1764
1769454060,1.36875,1.36876,1.36794,1.36795,45.02095601546771,61.52972100050963,,,1983
1769454960,1.36794,1.36797,1.36755,1.36785,44.35129833739485,59.18006348546312,,,1638
1769455860,1.36784,1.36806,1.36759,1.36788,44.617442585221376,57.057412994615376,,,1466
1769456760,1.3679,1.36852,1.36762,1.36851,50.0229519770856,55.28439878095713,,,1929
1769457660,1.36852,1.36861,1.36795,1.36854,50.27185562529407,53.731215255396435,,,1608
1769458560,1.36853,1.36854,1.36792,1.36804,46.14674876417968,52.4731782090288,,,1164
1769459460,1.36803,1.36822,1.36791,1.36816,47.26516585968569,51.1941003010358,,,1003
1769460360,1.36814,1.36826,1.36794,1.36807,46.4854173553652,50.47827151038899,,,848
1769461260,1.36808,1.36864,1.36796,1.36798,45.673958139344776,49.869454559396786,,,666
1769462160,1.36797,1.36801,1.36773,1.36783,44.28639199328272,49.34340899446344,,,665
1769463060,1.36782,1.36784,1.36742,1.3676,42.17086386681707,48.06353127302192,,,852
1769463960,1.36759,1.3679,1.36754,1.36776,44.16889191875536,46.807862728235094,,,1048
1769464860,1.36771,1.36773,1.36739,1.36739,40.66951817754749,45.841437472418356,,,69
1769465760,1.36737,1.36739,1.3671,1.36722,39.13534334669044,45.02048599729513,,,285
1769466660,1.36721,1.36775,1.36721,1.36747,42.566547216112575,44.84517108305548,,,471
1769467560,1.36748,1.36789,1.36688,1.36787,47.65153553535746,45.08090231148138,,,1776
1769468460,1.36779,1.36796,1.36758,1.36784,47.31319559974569,45.27345609823312,,,454
1769469360,1.36785,1.36795,1.3677,1.36789,47.97619315026094,45.12725903917421,,,348
1769470260,1.36778,1.36795,1.36765,1.36786,47.589243197681554,44.93564386577332,,,499
1769471160,1.36785,1.36788,1.36738,1.36742,42.21176530708913,44.654573618838285,,,818
1769472060,1.36743,1.36814,1.36741,1.36804,50.670414233729645,44.89780564555571,,,1266
1769472960,1.36805,1.36816,1.36755,1.36768,46.42151549163322,44.893241226717706,,,954
1769473860,1.36767,1.36805,1.3675,1.36751,44.522902285967376,44.81102295147647,,,1120
1769474760,1.3675,1.36751,1.36725,1.36746,43.95350361604432,44.78724521024515,,,1465
1769475660,1.36747,1.36776,1.36702,1.36751,44.714925862366826,44.96896392421299,,,1951
1769476560,1.36752,1.36777,1.36724,1.36747,44.19761617779831,44.97101565700178,,,1407
1769477460,1.36748,1.36792,1.36741,1.36782,49.6829834706771,45.614834606511046,,,1431
1769478360,1.36781,1.36825,1.36772,1.36784,49.98553214043717,46.38984809177867,,,1454
1769479260,1.36786,1.36842,1.36771,1.36834,56.954007698990246,47.41752384055564,,,1500
1769480160,1.36834,1.3693,1.36814,1.36929,66.50349248425279,48.76409219404816,,,1178
1769481060,1.36928,1.37008,1.36915,1.36984,70.57361842130325,50.42555096701655,,,1577
1769481960,1.36986,1.37003,1.36941,1.36941,64.02365010630977,51.571797892448615,,,1524
1769482860,1.36939,1.36955,1.36893,1.36903,58.82755120105432,52.37453417840381,,,1647
1769483760,1.36904,1.36947,1.36896,1.36928,61.06629213397785,53.72128609461015,,,1114
1769484660,1.36928,1.36947,1.3686,1.36871,53.873582498641944,53.95008382781817,,,1040
1769485560,1.36869,1.36878,1.36826,1.36838,50.18793282044494,54.219113637019014,,,1346
1769486460,1.3684,1.36883,1.36794,1.36803,46.55045064207146,54.36393851959787,,,1061
1769487360,1.368,1.36812,1.36752,1.36782,44.46795245223537,54.4006848650401,,,1011
1769488260,1.36784,1.36786,1.36723,1.3674,40.55980221494454,54.10389031879565,,,852
1769489160,1.36734,1.36763,1.36725,1.36748,41.61241826114423,53.91923332474892,,,860
1769490060,1.36745,1.36756,1.36729,1.36738,40.643525286505,53.2735577401652,,,900
1769490960,1.36737,1.36779,1.36714,1.3677,45.05247972986358,52.92119685369566,,,1082
1769491860,1.36771,1.3679,1.36761,1.36787,47.29235952991475,52.231079127333125,,,961
1769492760,1.36787,1.36817,1.36775,1.36792,47.96422818789026,50.90684596330723,,,1120
1769493660,1.3679,1.36876,1.3679,1.36856,55.74111729801089,49.84738159735777,,,1213
1769494560,1.36855,1.36865,1.36833,1.36842,53.84535072610193,49.12036021305721,,,1200
1769495460,1.36841,1.36902,1.36831,1.36899,59.83484485619574,49.19230975985302,,,1324
1769496360,1.369,1.36903,1.36806,1.36814,49.51564777587162,48.367263734274005,,,1531
1769497260,1.36813,1.36876,1.36802,1.36866,54.666510638004105,48.42390145851416,,,1510
1769498160,1.36867,1.36893,1.36831,1.36855,53.42474487689576,48.65510231968921,,,1710
1769499060,1.36856,1.36903,1.36812,1.36866,54.53689172493752,49.225562397036796,,,1685
1769499960,1.36866,1.36901,1.367,1.36752,43.06097054955879,49.125063689702756,,,2406
1769500860,1.36751,1.36763,1.36669,1.3672,40.48566779732378,49.11976837415842,,,2262
1769501760,1.36722,1.36773,1.36673,1.36702,39.070208401049534,48.93818195558022,,,2202
1769502660,1.36701,1.36708,1.3664,1.36677,37.12862027942123,48.6871173122171,,,2252
1769503560,1.36678,1.36752,1.36671,1.36733,43.85878768398513,48.60185359465435,,,1986
1769504460,1.36736,1.36755,1.36681,1.36713,42.12444957530077,48.23271716932478,,,1937
1769505360,1.36713,1.36804,1.36711,1.36804,51.51843450183718,48.48658904889243,,,1612
1769506260,1.36803,1.36825,1.36777,1.36788,49.98228287075503,48.075243732659864,,,1380
1769507160,1.3679,1.37,1.3675,1.36965,63.09281496517343,48.735776892593535,,,3495
1769508060,1.36964,1.36964,1.3683,1.3688,55.5610426681975,48.43050530773652,,,2882
1769508960,1.3688,1.36988,1.36871,1.36973,61.04096247179291,49.25374207173089,,,2018
1769509860,1.36974,1.37027,1.36935,1.36975,61.15190850032963,49.71698477618271,,,1984
1769510760,1.3698,1.37065,1.36955,1.37037,64.52460426651761,50.509831875441435,,,2059
1769511660,1.37036,1.37064,1.37011,1.37054,65.4113179470452,51.28657660559198,,,1740
1769512560,1.37052,1.37078,1.37009,1.37074,66.47305245500377,52.958868170266626,,,1387
1769513460,1.37073,1.37088,1.37014,1.37036,62.54469769762969,54.534513163145625,,,1385
1769514360,1.37034,1.37124,1.37034,1.37104,66.37424249901098,56.48480131300001,,,1862
1769515260,1.37099,1.37238,1.37078,1.3722,71.69146673907366,58.95357606011805,,,2376
1769516160,1.37219,1.37407,1.37197,1.37284,74.12276089475881,61.11528843231617,,,3520
1769517060,1.37286,1.37349,1.3724,1.37334,75.86662602851297,63.52544389325991,,,3024
1769517960,1.37332,1.3744,1.37326,1.37419,78.51708872101158,65.4539191946295,,,3207
1769518860,1.3742,1.3748,1.37354,1.37395,75.97974963077426,67.31088110605945,,,3401
1769519760,1.37392,1.37414,1.37327,1.37349,71.22858671359113,67.89200765951786,,,2744
1769520660,1.37352,1.37486,1.37349,1.37373,72.2051589052137,69.08087310501901,,,2916
1769521560,1.37372,1.37438,1.37255,1.37364,71.22878836774272,69.8085749547297,,,3204
1769522460,1.37367,1.37442,1.37314,1.37367,71.36777243076992,70.53827952118974,,,2665
1769523360,1.37369,1.37482,1.37339,1.37478,75.98941184210867,71.35719434801767,,,2409
1769524260,1.37479,1.3773,1.37452,1.37693,82.03739325043266,72.54477115540249,,,4456
1769525160,1.37694,1.37795,1.37635,1.37785,83.90556744567365,73.78995079759319,,,3446
1769526060,1.37785,1.3787,1.37762,1.37855,85.16943241127898,75.40600327713958,,,3744
1769526960,1.37856,1.37908,1.37826,1.37845,84.15276237040182,76.67589755366748,,,3358
1769527860,1.37844,1.3785,1.3758,1.37624,65.53436398059382,76.23610449949035,,,3127
1769528760,1.37624,1.37648,1.37477,1.37543,60.2710405255724,75.24669590169133,,,3904
1769529660,1.37547,1.37634,1.37509,1.3756,60.979367629844106,74.18332030178642,,,2952
1769530560,1.37557,1.37684,1.37543,1.37677,65.53386891428968,73.25594745844913,,,2756
1769531460,1.37676,1.37911,1.37664,1.37906,72.33915355989757,72.99590488195794,,,2897
1769532360,1.37907,1.37907,1.37764,1.37794,65.52477122652608,72.58848949002471,,,2402
1769533260,1.37795,1.37825,1.37703,1.37703,60.53513756722258,71.75491653731108,,,2513
1769534160,1.37702,1.37708,1.37609,1.37658,58.17595018093415,70.82257095253904,,,2765
1769535060,1.37659,1.3785,1.37641,1.37819,63.63630599968659,70.27032335031879,,,2397
1769535960,1.37818,1.37882,1.37809,1.37866,65.06997984458205,69.49036392192404,,,2511
1769536860,1.37865,1.37912,1.3776,1.37773,60.02687629375586,67.91818413930427,,,2840
1769537760,1.37765,1.37853,1.37759,1.37812,61.37867108472041,66.3091201135219,,,2323
1769538660,1.37811,1.37839,1.37786,1.37809,61.20720172077275,64.59753220705717,,,1965
1769539560,1.37805,1.37853,1.37762,1.37777,59.304078006246655,62.82262618104608,,,1806
1769540460,1.37776,1.37814,1.37745,1.37802,60.34154665782083,62.451710657990866,,,1540
1769541360,1.37802,1.37835,1.37743,1.37833,61.64719898281026,62.550007690650716,,,1471
1769542260,1.37832,1.37835,1.37782,1.37793,58.950323191799015,62.40507594507607,,,1286
1769543160,1.3779,1.37843,1.37781,1.37813,59.89503729890713,62.00230225826302,,,1777
1769544060,1.37814,1.37893,1.37807,1.37879,62.92714945795612,61.3300162509815,,,1431
1769544960,1.3788,1.37937,1.37877,1.37906,64.1221765353591,61.22983091589815,,,1535
1769545860,1.37906,1.37949,1.37763,1.37945,65.83528587499859,61.60841293788214,,,2191
1769546760,1.37944,1.3869,1.37922,1.38331,77.35846375350584,62.97859247878013,,,6401
1769547660,1.38332,1.38444,1.38291,1.3836,77.95991862272508,64.00170766614002,,,3201
1769548560,1.38362,1.38448,1.38296,1.38402,78.8367488561429,64.98504830982294,,,2151
1769549460,1.3839,1.38546,1.38369,1.38543,81.4979445184334,66.51869604015705,,,2131
1769550360,1.38544,1.38564,1.3839,1.38473,76.36404951442523,67.58908021370739,,,1566
1769551260,1.38468,1.38469,1.38126,1.38426,73.03723086556063,68.43408229547795,,,42
1769552160,1.38427,1.38427,1.38269,1.38346,67.63597507876815,69.02921780065806,,,155
1769553060,1.38344,1.38448,1.38336,1.384,69.2870271042267,69.66818068968705,,,513
1769553960,1.384,1.3846,1.38342,1.38437,70.40123064322201,70.29346866543075,,,971
1769554860,1.38437,1.38453,1.38299,1.383,61.50409456599696,70.47588090644489,,,757
1769555760,1.38299,1.38374,1.38224,1.38263,59.3235597485339,70.43506108141823,,,1114
1769556660,1.38259,1.38297,1.38248,1.38263,59.3235597485339,70.1776618164595,,,774
1769557560,1.38261,1.38301,1.38234,1.38242,57.970694816924535,69.73827026514275,,,1037
1769558460,1.38244,1.38251,1.38142,1.38198,55.133675785039344,68.97386954443137,,,1711
1769559360,1.38199,1.38245,1.38143,1.38225,56.53922789709826,67.48678126897369,,,1363
1769560260,1.38219,1.38314,1.38184,1.38201,54.89305287620276,65.83914800136495,,,2612
1769561160,1.38199,1.3821,1.38127,1.38128,50.11360146725811,63.7874946164446,,,2276
1769562060,1.3813,1.38183,1.3813,1.38158,51.964596228031766,61.67796973855877,,,2136
1769562960,1.38161,1.38164,1.38092,1.38101,48.29778513109167,59.67323656832066,,,1841
1769563860,1.38102,1.38102,1.38011,1.38087,47.41284306210875,57.842923153788384,,,2059
1769564760,1.38088,1.38119,1.37993,1.38041,44.52604611432654,56.19221394204255,,,1736
1769565660,1.38042,1.38042,1.37917,1.3793,38.44340834251555,53.98909831620604,,,1799
1769566560,1.37928,1.38002,1.3792,1.38,43.6695457122335,52.07969224970686,,,1680
1769567460,1.37999,1.38023,1.37989,1.3802,45.10360375736795,50.908228620519075,,,1323
1769568360,1.38019,1.38074,1.38015,1.38034,46.13730322739074,49.96635315472314,,,1337
1769569260,1.38032,1.38099,1.3803,1.38096,50.57582377562557,49.34151487094397,,,981
1769570160,1.38094,1.38104,1.3807,1.38073,48.96389111663726,48.698171749494875,,,1245
1769571060,1.3807,1.38082,1.3799,1.38004,44.39277588216099,47.93096461357499,,,1282
1769571960,1.38003,1.38023,1.37972,1.37988,43.38141640355521,46.99112093546478,,,1132
1769572860,1.37987,1.38008,1.3796,1.37967,42.0280467054337,46.07219192326699,,,1064
1769573760,1.37968,1.37991,1.37952,1.37957,41.36625050854861,45.44738114050203,,,828
1769574660,1.37956,1.37973,1.37942,1.37943,40.40695177906033,44.62183510843264,,,745
1769575560,1.37944,1.38033,1.37941,1.38028,48.2532743645784,44.61865576796741,,,1109
1769576460,1.38029,1.3803,1.3789,1.37995,45.735572089792626,44.49885069851626,,,2419
1769577360,1.37994,1.38045,1.37973,1.38034,49.114704681835484,44.826612024766895,,,1485
1769578260,1.38035,1.38035,1.3796,1.3801,47.16813468827119,45.449806763749436,,,1409
1769579160,1.3801,1.38086,1.37981,1.38053,50.92126581227755,45.96778677089544,,,1256
1769580060,1.3805,1.38095,1.38039,1.38087,53.72075748556848,46.5832977514812,,,1596
1769580960,1.38088,1.38158,1.38049,1.38111,55.64408980937346,47.262353935908536,,,1622
1769581860,1.38109,1.38143,1.3805,1.38051,50.044582092102054,47.22440810137114,,,1692
1769582760,1.38051,1.38088,1.38038,1.38079,52.44937930167151,47.4733715431593,,,1685
1769583660,1.38078,1.38312,1.38042,1.38309,66.65089123421052,49.06323692544856,,,2450
1769584560,1.38308,1.38308,1.38081,1.38082,50.591231245182506,49.578223699850504,,,2601
1769585460,1.38082,1.38101,1.37926,1.37947,43.827724831228934,49.706772137407306,,,2326
1769586360,1.37948,1.38021,1.37943,1.37985,46.0154882027994,50.038860544139496,,,2105
1769587260,1.37983,1.38021,1.37932,1.37969,45.216941023098464,50.38243120442793,,,2649
1769588160,1.3797,1.38112,1.37946,1.38059,50.42815427622546,50.53777976954558,,,2597
1769589060,1.38062,1.38083,1.37933,1.37939,44.36797349552121,50.44009415566905,,,2645
1769589960,1.37935,1.37942,1.3775,1.37902,42.665446664340294,49.9794328687051,,,3747
1769590860,1.37903,1.37908,1.37759,1.37837,39.777692156329216,49.451544116423534,,,2908
1769591760,1.37834,1.37847,1.37778,1.37832,39.55590487936929,48.6397326212158,,,2384
1769592660,1.37827,1.37926,1.37818,1.37852,40.97361649074296,47.72922255015684,,,1983
1769593560,1.37853,1.37924,1.37835,1.37884,43.26648106249828,46.84510763966575,,,2039
1769594460,1.37881,1.37894,1.37797,1.37875,42.76334996335966,46.32501963046986,,,2069
1769595360,1.37874,1.37884,1.37764,1.37819,39.67202832390857,45.4123517034868,,,2263
1769596260,1.37819,1.37932,1.37795,1.37931,47.799602857431445,44.065831105145435,,,1963
1769597160,1.37927,1.37999,1.37877,1.37877,44.674513167676565,43.64320838532358,,,2702
1769598060,1.37878,1.37888,1.37738,1.37751,38.37074917531913,43.25342440990145,,,2544
1769598960,1.37748,1.37787,1.37705,1.37732,37.511203704300364,42.64597551715151,,,2409
1769599860,1.37733,1.37801,1.37693,1.378,42.477644203840555,42.450311458633095,,,2198
1769600760,1.37801,1.37832,1.37677,1.37696,37.5607942540513,41.531214314192084,,,2178
1769601660,1.37696,1.37836,1.37685,1.37814,45.29767134752928,41.59762130362123,,,2526
1769602560,1.37813,1.37857,1.37785,1.37842,46.976616363377595,41.90556199640961,,,1858
1769603460,1.37843,1.37894,1.37797,1.37805,45.0106576474198,42.27934524577323,,,2242
1769604360,1.37804,1.37943,1.37778,1.37929,52.22646145073017,43.18438500087043,,,2089
1769605260,1.37931,1.37936,1.37808,1.37855,48.16456756208225,43.698024363108956,,,2167
1769606160,1.37854,1.37855,1.37666,1.37743,42.745779119903084,43.660831367209305,,,2322
1769607060,1.37744,1.37827,1.37743,1.37791,45.571991982358234,43.86144865428063,,,2225
1769607960,1.37792,1.37792,1.37652,1.37703,41.52499342172661,43.993803304124775,,,2717
1769608860,1.37702,1.37796,1.3768,1.37779,45.986228838087996,43.86427658845739,,,2750
1769609760,1.3778,1.37882,1.37744,1.3784,49.32783489266078,44.19665671167055,,,2087
1769610660,1.37841,1.37987,1.37801,1.37974,55.79718069351501,45.441401820113114,,,2762
1769611560,1.37973,1.38012,1.37801,1.37871,50.4639623743743,46.36659886797553,,,3214
1769612460,1.37872,1.37995,1.37505,1.37614,40.15155505122323,46.20044964278858,,,5466
1769613360,1.37613,1.3769,1.37496,1.37641,41.50400185206351,46.48210732836088,,,5292
1769614260,1.3764,1.3777,1.37628,1.37728,45.757508553565444,46.51495284307775,,,4081
1769615160,1.37726,1.37926,1.37582,1.37926,53.96226245635444,47.013927564004675,,,5371
1769616060,1.37925,1.37941,1.37784,1.37833,50.12695901368423,47.37937766159498,,,3502
1769616960,1.37834,1.37894,1.37723,1.37726,46.069891092403225,46.9396226360002,,,3297
1769617860,1.37724,1.37798,1.37639,1.37774,48.099240262052824,46.934956400283816,,,2806
1769618760,1.37775,1.37863,1.37755,1.37855,51.42124556187134,47.554632574710126,,,2520
1769619660,1.37854,1.37876,1.37754,1.37756,47.42570740549681,47.68704081922002,,,2174
1769620560,1.37755,1.37842,1.37723,1.37825,50.32296390707262,48.31546728245902,,,1626
1769621460,1.37829,1.37854,1.37726,1.37762,47.73630903209983,48.44047301060272,,,1930
1769622360,1.37761,1.37905,1.37758,1.37894,53.16797749289856,48.7147689106197,,,1722
1769623260,1.37895,1.37924,1.3781,1.3782,50.02893696338142,48.30275150132445,,,1872
1769624160,1.37821,1.37872,1.37802,1.37826,50.28522977974081,48.28998488742206,,,1916
1769625060,1.37829,1.37834,1.37669,1.37685,44.508131528944446,48.601168921545,,,2336
1769625960,1.37684,1.37868,1.37635,1.37867,52.14982789491452,49.36158506746292,,,2597
1769626860,1.37868,1.37869,1.37526,1.37735,47.085362855892576,49.456431803343435,,,4734
1769627760,1.37736,1.37755,1.37571,1.37655,44.27878476743369,48.76475482556338,,,3276
1769628660,1.3766,1.37868,1.37635,1.37759,48.57050591832866,48.65357960446655,,,4360
1769629560,1.37757,1.37969,1.37742,1.37969,55.948557543447095,49.35919863668397,,,3461
1769630460,1.37971,1.38001,1.37862,1.37913,53.73475870006886,49.761735667970825,,,2556
1769631360,1.37914,1.38001,1.37909,1.37991,56.32687672857806,50.112137894164164,,,2176
1769632260,1.37993,1.38025,1.37965,1.37973,55.553354470828104,50.6926841131164,,,1946
1769633160,1.37972,1.38024,1.37962,1.37978,55.735198000504205,51.07927226264722,,,1884
1769634060,1.37979,1.38081,1.37975,1.38052,58.44494722173673,51.844174990478436,,,1122
1769634960,1.38051,1.38073,1.37996,1.38018,56.72668339404075,52.09836826913145,,,1074
1769635860,1.38017,1.38074,1.38,1.38067,58.61505351905453,52.71166230882238,,,1199
1769636760,1.38069,1.38109,1.38052,1.38065,58.50283553720437,53.29863414864121,,,855
1769637660,1.38054,1.38054,1.37955,1.37959,52.73978777394605,53.88660959471275,,,129
1769638560,1.37958,1.37992,1.37923,1.37989,54.11738893519025,54.027149669018165,,,3863
1769639460,1.37991,1.38022,1.3797,1.38008,55.01181275443289,54.593324661771035,,,1897
1769640360,1.3801,1.38062,1.37955,1.38028,55.98447530096859,55.42944541416639,,,2627
1769641260,1.38044,1.38096,1.38015,1.38096,59.21330965437247,56.18964568102666,,,710
1769642160,1.38095,1.3822,1.38094,1.38199,63.57228853887136,56.73419789498554,,,970
1769643060,1.382,1.38303,1.38175,1.38272,66.31963486543131,57.63311762108286,,,1531
1769643960,1.38273,1.3829,1.38183,1.38227,63.157497222597684,58.1210190849414,,,1447
1769644860,1.38228,1.38245,1.38139,1.38242,63.77748155498571,58.7084567338098,,,2174
1769645760,1.3824,1.38288,1.38213,1.38284,65.5267502731837,59.40785332471546,,,1650
1769646660,1.38285,1.38351,1.38221,1.38242,62.28736552210269,59.6823117747416,,,2023
1769647560,1.38239,1.38254,1.3818,1.38186,58.15894575499415,59.78461622909541,,,1758
1769648460,1.38187,1.38192,1.38061,1.38061,50.16610852344825,59.18112015798068,,,2306
1769649360,1.3806,1.38102,1.38001,1.38059,50.04759379883671,58.577174319525845,,,2069
1769650260,1.38058,1.38091,1.38023,1.38038,48.74541782459035,58.29186218028615,,,2172
1769651160,1.38036,1.38068,1.3801,1.38018,47.47841360936421,57.81764965701286,,,2269
1769652060,1.38017,1.38021,1.37931,1.38009,46.887802866834306,57.2373632364701,,,2030
1769652960,1.38008,1.38102,1.37987,1.381,53.22378296816584,57.040170926984196,,,1744
1769653860,1.38104,1.38125,1.38082,1.38114,54.130383507083096,56.67710477360638,,,1694
1769654760,1.38116,1.38159,1.38093,1.38126,54.936601911707385,56.06027001452323,,,1640
1769655660,1.38129,1.38213,1.38121,1.38205,59.92980861020633,55.60385385343574,,,1729
1769656560,1.38204,1.38232,1.3817,1.38197,59.214275709650245,55.3221951739395,,,1615
1769657460,1.38195,1.38266,1.38175,1.38248,62.30417840187328,55.21695923443146,,,1547
1769658360,1.38249,1.38351,1.38244,1.38345,67.36788050065407,55.34846853639364,,,1352
1769659260,1.38341,1.38358,1.38287,1.38299,63.04292102253477,55.4024367864245,,,1632
1769660160,1.38298,1.38352,1.38241,1.38303,63.26377768069643,55.76706763826037,,,2076
1769661060,1.38303,1.38358,1.38302,1.3835,65.84646079487158,56.887092800504895,,,1852
1769661960,1.38345,1.38403,1.38341,1.384,68.3922749508402,58.19742716850515,,,1454
1769662860,1.38399,1.38441,1.3839,1.38401,68.44293926955103,59.60439298600233,,,1189
1769663760,1.38402,1.38423,1.38359,1.38397,67.97359246408088,61.06833433276781,,,1701
1769664660,1.38398,1.38427,1.38374,1.3841,68.72424855299943,62.62808045320818,,,1300
1769665560,1.38411,1.38421,1.38365,1.3838,64.94141593467477,63.46505423653025,,,1376
1769666460,1.38379,1.38382,1.38281,1.38327,58.78519257079013,63.7975405982236,,,1842
1769667360,1.38328,1.38396,1.3831,1.38356,60.96564413650944,64.22818647142375,,,2422
1769668260,1.38355,1.384,1.38351,1.38377,62.51228034345625,64.41264873808446,,,1924
1769669160,1.38375,1.38402,1.3835,1.38398,64.04643044697828,64.75780264789361,,,2255
1769670060,1.38397,1.38476,1.38351,1.38418,65.49473399401376,64.98569947590364,,,2242
1769670960,1.38418,1.38438,1.38321,1.38337,55.70728946072587,64.15280011590876,,,2130
1769671860,1.38337,1.38347,1.3824,1.38271,49.24917824578665,63.16753277471247,,,2397
1769672760,1.38272,1.38363,1.38247,1.38355,56.207621082449826,62.66352158912343,,,1896
1769673660,1.38359,1.38458,1.38281,1.38443,62.074280579899174,62.39408014519683,,,2406
1769674560,1.38444,1.38463,1.38361,1.38377,56.013469270130834,61.50987973943188,,,2592
1769675460,1.38376,1.38379,1.38217,1.38236,45.73888028925578,59.88816124083936,,,2649
1769676360,1.38232,1.38254,1.38142,1.38201,43.60091240040832,58.14725552200561,,,2826
1769677260,1.38202,1.38244,1.38164,1.38185,42.620142412751164,56.28267651198788,,,2126
1769678160,1.38186,1.38215,1.38118,1.38139,39.845103473477806,54.49008276475953,,,2146
1769679060,1.38138,1.38213,1.38117,1.38147,40.56983632832558,53.18898589029778,,,1982
1769679960,1.38148,1.38152,1.38003,1.3804,34.57064253350373,51.303628632940224,,,2325
1769680860,1.38041,1.38068,1.37997,1.38031,34.11369969736262,49.27515858679068,,,2074
1769681760,1.3803,1.38057,1.37969,1.38031,34.11369969736262,47.13710639038957,,,2029
1769682660,1.3803,1.38045,1.37933,1.37949,29.933030375425403,44.59698470334754,,,2309
1769683560,1.3795,1.37955,1.37811,1.37828,25.0538425133129,42.40745277853233,,,2505
1769684460,1.37828,1.37927,1.37806,1.37919,33.79427823831206,41.303531349427,,,2545
1769685360,1.37918,1.37975,1.37879,1.37923,34.15776746435317,39.72854180527724,,,1841
1769686260,1.37922,1.37976,1.37898,1.37974,38.773398057374145,38.064193053668305,,,1876
1769687160,1.37975,1.37982,1.37897,1.37913,35.56225177797381,36.60339180422852,,,1911
1769688060,1.37914,1.37986,1.37889,1.37973,40.759253350956904,36.2477041657786,,,1799
1769688960,1.37972,1.38019,1.3794,1.38012,43.925025247468874,36.270855083425786,,,1473
1769689860,1.38013,1.38013,1.37948,1.37989,42.483162739110085,36.26107082102285,,,1844
1769690760,1.3799,1.38143,1.37958,1.38124,52.36671341287233,37.155471530979604,,,2704
1769691660,1.38126,1.38177,1.38092,1.38104,50.969354277840964,37.898294241659265,,,2517
1769692560,1.38104,1.38181,1.38092,1.38178,55.681553629502275,39.40621646280203,,,2177
1769693460,1.38176,1.38176,1.38077,1.38145,53.2249331364708,40.771304565595464,,,2988
1769694360,1.38146,1.38153,1.37977,1.38067,47.85110199234982,41.752547586665976,,,4227
1769695260,1.38068,1.38271,1.38047,1.38253,58.58837879452435,43.79935818803019,,,3066
1769696160,1.38252,1.38326,1.38213,1.38274,59.59978070591155,46.26692520178724,,,2929
1769697060,1.38275,1.38341,1.38184,1.38275,59.650317425564396,48.11378514373383,,,4185
1769697960,1.38274,1.38304,1.38209,1.38228,56.09845013985412,49.68097676341247,,,4069
1769698860,1.38231,1.38249,1.37818,1.37836,36.55023713888081,49.52217955494866,,,5026
1769699760,1.3783,1.37833,1.37468,1.37569,29.10970657383818,49.061283468938974,,,6283
1769700660,1.3757,1.37729,1.37425,1.37567,29.06198196772634,48.2257640844225,,,6075
1769701560,1.37566,1.37663,1.37483,1.37636,33.134918845126606,47.45504219854091,,,5617
1769702460,1.37634,1.37796,1.37623,1.37756,39.62705782972785,47.251034705013616,,,4881
1769703360,1.37758,1.37806,1.37683,1.37765,40.096826672336384,46.37461422354676,,,4384
1769704260,1.37764,1.37962,1.37751,1.37878,45.79934892585686,46.00532812697646,,,3730
1769705160,1.37879,1.37993,1.37879,1.37964,49.72216896002719,45.57965779344253,,,3555
1769706060,1.37966,1.38037,1.37955,1.37966,49.813139367254415,45.3359582384985,,,3176
1769706960,1.37965,1.38056,1.37931,1.38047,53.48398258152427,45.738306852010965,,,3372
1769707860,1.38048,1.38075,1.37995,1.37995,50.90956947184333,45.18982047181946,,,2998
1769708760,1.37998,1.38044,1.3795,1.37969,49.62340719548171,44.47722236393162,,,2653
1769709660,1.37968,1.38009,1.3793,1.37957,49.00800932846281,43.717057499852935,,,3028
1769710560,1.37954,1.37972,1.37881,1.3792,47.06973038150553,43.07214894568517,,,2934
1769711460,1.37919,1.38047,1.37918,1.38002,51.63510363042598,44.14963940936697,,,2502
1769712360,1.38001,1.38048,1.37934,1.37937,48.09393443145989,45.50565568491138,,,2167
1769713260,1.37936,1.38005,1.37925,1.37936,48.03934983890283,46.86118196142399,,,2286
1769714160,1.37937,1.38004,1.37936,1.37943,48.48014530497219,47.95726956569867,,,1657
1769715060,1.37942,1.37967,1.3792,1.37949,48.880447049846474,48.61822593856429,,,1809
1769715960,1.37948,1.37965,1.37922,1.37931,47.68346779435429,49.16012887585128,,,2002
1769716860,1.37932,1.37994,1.37885,1.3798,51.18767069990286,49.545009002568854,,,1914
1769717760,1.37978,1.38007,1.37976,1.37989,51.82592651428913,49.69527739930185,,,1194
1769718660,1.37988,1.38067,1.37985,1.38041,55.450474452450855,50.0979441911016,,,1705
1769719560,1.3804,1.38084,1.38033,1.38043,55.588876835951524,50.24829378070355,,,1556
1769720460,1.38042,1.38083,1.37993,1.3806,56.81693121302405,50.67024819078789,,,1129
1769721360,1.38061,1.38094,1.38058,1.3809,58.972952863979636,51.338072881394886,,,670
1769722260,1.38089,1.38129,1.38088,1.38107,60.186027379777926,52.1365027422031,,,1144
1769723160,1.38105,1.38132,1.38073,1.3809,58.3287176625406,52.94071611941989,,,832
1769724060,1.38032,1.38101,1.38008,1.38027,51.93274967062942,52.96197655086299,,,63
1769724960,1.38027,1.38027,1.37966,1.38007,50.05621751091503,53.102139627966935,,,233
1769725860,1.38008,1.38076,1.38005,1.38066,55.19911626079139,53.613551515244694,,,1104
1769726760,1.38065,1.3808,1.38057,1.38068,55.3668986121879,54.105462465760105,,,1675
1769727660,1.38084,1.381,1.38067,1.38094,57.59047055312188,54.72760700170835,,,596
1769728560,1.38092,1.38143,1.38082,1.38128,60.370820447274035,55.63384647691691,,,869
1769729460,1.38127,1.38146,1.38107,1.3811,58.195594476140826,56.1344124609339,,,1078
1769730360,1.38109,1.38122,1.38051,1.38084,55.10694136659363,56.368770664669945,,,804
1769731260,1.38085,1.38143,1.38072,1.38127,58.98407954414119,56.621171028362106,,,1160
1769732160,1.38126,1.38126,1.37887,1.37938,41.86833471970994,55.64113230577342,,,2197
1769733060,1.37939,1.37941,1.37795,1.37819,34.98481688256767,54.08169556788368,,,2203
1769733960,1.37818,1.37829,1.37729,1.37742,31.388753994421336,52.11139564862951,,,2360
1769734860,1.37743,1.3776,1.37619,1.37717,30.29977127052834,49.97666306939739,,,3376
1769735760,1.37718,1.37778,1.37629,1.37701,29.59217034975417,47.92405254705551,,,2898
1769736660,1.37702,1.378,1.37692,1.37744,34.04974547812279,46.64669510473361,,,2349
1769737560,1.37743,1.37744,1.37537,1.37567,26.58783300099732,44.97038192545377,,,2954
1769738460,1.37568,1.37601,1.37514,1.37585,28.308465336216656,43.049621145127006,,,3449
1769739360,1.37587,1.37663,1.37316,1.37524,26.07780671273018,40.957543152308595,,,4304
1769740260,1.37524,1.37531,1.37424,1.37511,25.61457095873996,38.67355032413845,,,3177
1769741160,1.37509,1.37631,1.37485,1.37601,34.31394545969944,36.81234496788313,,,2339
1769742060,1.37602,1.37608,1.37528,1.37545,31.820300430581128,34.92839539320029,,,2120
1769742960,1.37547,1.3761,1.37535,1.37591,35.93857286120321,33.55922621424383,,,1707
1769743860,1.37591,1.37664,1.3749,1.37508,32.1634774604054,31.643468922548426,,,2095
1769744760,1.37506,1.37595,1.37477,1.37542,35.16777894445893,31.16485779574478,,,1868
1769745660,1.37543,1.37676,1.37538,1.37621,41.6356378410775,31.639916435638337,,,1621
1769746560,1.37622,1.37649,1.37519,1.37539,37.458390477362975,32.073461898705595,,,1458
1769747460,1.37544,1.37589,1.3751,1.37512,36.17154435570117,32.492874261932236,,,1327
1769748360,1.37513,1.37536,1.37487,1.37532,37.874099232368046,33.084440610690365,,,944
1769749260,1.37531,1.37615,1.37531,1.37609,44.06066320816977,33.79950616283658,,,1345
1769750160,1.37611,1.37633,1.37525,1.37525,39.44587619974435,34.71793781988994,,,1429
1769751060,1.37528,1.37542,1.37464,1.37489,37.62698009401864,35.38354601687579,,,1725
1769751960,1.3749,1.37572,1.37481,1.37565,43.545345982207856,36.63122739326706,,,1720
1769752860,1.37566,1.37642,1.37561,1.37615,47.1015685141731,38.16601293294086,,,2183
1769753760,1.37616,1.37626,1.37477,1.37508,41.130505157918854,38.65291005424224,,,2193
1769754660,1.37507,1.37604,1.37467,1.37471,39.27633374437644,39.185483862370475,,,2443
1769755560,1.37472,1.37531,1.37404,1.37505,41.86962238739592,39.60913025709853,,,3001
1769756460,1.37506,1.37604,1.37466,1.375,41.58834148579666,40.28233483034076,,,3265
1769757360,1.37499,1.37592,1.37499,1.3757,46.96055080343058,41.12467567741016,,,2277
1769758260,1.37569,1.37642,1.37552,1.3764,51.74047605391281,41.84644983546983,,,2148
1769759160,1.3764,1.37833,1.37618,1.37711,56.06535733307342,43.175518896592,,,2891
1769760060,1.3771,1.37805,1.37701,1.37705,55.61179637321767,44.56410832641461,,,3002
1769760960,1.37703,1.378,1.37644,1.37659,52.12987455244075,45.582377992134084,,,3087
1769761860,1.3766,1.37678,1.37589,1.37647,51.22877217275526,46.09438577531876,,,2815
1769762760,1.37646,1.37732,1.37595,1.3766,52.192882653351184,47.00488623629069,,,2244
1769763660,1.37661,1.37668,1.37504,1.37512,42.01097937234928,47.31802904188573,,,2921
1769764560,1.37513,1.37542,1.37452,1.37461,39.174897912181166,47.00585417974097,,,2784
1769765460,1.3746,1.37531,1.37343,1.37359,34.20187470942416,46.08444747940176,,,2591
1769766360,1.37361,1.37422,1.37253,1.37348,33.704958001644926,45.55405125395362,,,3373
1769767260,1.37349,1.37484,1.37324,1.37471,43.57661262864427,45.861214031401325,,,2589
1769768160,1.37471,1.37479,1.37412,1.37437,41.72698461998409,45.85102561944334,,,2042
1769769060,1.37438,1.3749,1.37397,1.37426,41.11889055444542,45.817493410061104,,,2158
1769769960,1.37426,1.37507,1.37418,1.3748,45.33082894630788,45.70108470598091,,,2462
1769770860,1.37481,1.37619,1.37448,1.37619,54.377535291173885,45.88944608007098,,,1979
1769771760,1.37621,1.37644,1.37566,1.37627,54.84072070764881,45.801972035397796,,,2297
1769772660,1.37624,1.37706,1.37616,1.37652,56.33271455847607,45.853466191487676,,,1902
1769773560,1.37654,1.37851,1.37594,1.3785,65.93264889269435,46.83937864436293,,,3316
1769774460,1.37852,1.37879,1.37773,1.37825,64.018922144756,47.752960785220125,,,2621
1769775360,1.37829,1.37835,1.37778,1.37803,62.30508231190579,48.475260760831176,,,2296
1769776260,1.37801,1.37813,1.37614,1.37634,51.00837088496159,49.117931583160626,,,2579
1769777160,1.37633,1.37654,1.37572,1.37619,50.1394163131295,49.901111468942645,,,2585
1769778060,1.37622,1.37678,1.37585,1.37625,50.50264678130839,51.0654523312201,,,2905
1769778960,1.37623,1.37623,1.37428,1.37467,41.85558027113458,51.64763963618365,,,2455
1769779860,1.37466,1.37531,1.37409,1.37482,42.85591375922726,51.596161145511005,,,3556
1769780760,1.37483,1.37495,1.37354,1.37475,42.48854678697184,51.65055844315298,,,3398
1769781660,1.37478,1.37535,1.37438,1.37488,43.45792024434734,51.81763199243169,,,3725
1769782560,1.37487,1.37574,1.37458,1.37516,45.58533470537337,51.83581097522209,,,3166
1769783460,1.37515,1.37548,1.37446,1.37473,42.91489087056966,51.017050659464644,,,3189
1769784360,1.37472,1.37578,1.37358,1.3736,36.8119182631824,49.72927905628847,,,3736
1769785260,1.37361,1.37437,1.37197,1.37294,33.78943111048946,48.119044524289414,,,4292
1769786160,1.37294,1.37362,1.37274,1.37298,34.142356530545754,45.848309355564524,,,3887
1769787060,1.37302,1.37398,1.37162,1.37272,32.914245682866806,43.62654675114386,,,4209
1769787960,1.37273,1.37337,1.37097,1.37261,32.3835175424872,41.48929212475683,,,4813
1769788860,1.3726,1.373,1.37164,1.37232,30.965891156640268,40.05768642987673,,,4090
1769789760,1.37231,1.37255,1.37177,1.37205,29.6638757869228,38.59514782086196,,,3350
1769790660,1.37206,1.3725,1.37127,1.37201,29.466207191281256,37.09254499300289,,,3601
1769791560,1.37202,1.37292,1.37149,1.37264,36.6287509985222,36.719200044959145,,,3174
1769792460,1.37263,1.37263,1.37005,1.3705,26.70758726928534,35.56574815282043,,,3787
1769793360,1.37051,1.37166,1.37001,1.37104,31.732399258824998,34.79745190080994,,,3149
1769794260,1.37105,1.37142,1.37071,1.37139,34.850093787599974,34.18260715389941,,,3338
1769795160,1.37137,1.37137,1.37028,1.37074,31.93338005510651,33.20746753602321,,,3552
1769796060,1.37075,1.37087,1.36959,1.36985,28.42539527003403,32.17250356455638,,,3385
1769796960,1.36987,1.36992,1.36853,1.36877,24.85694969859236,31.31857723851423,,,3947
1769797860,1.36878,1.36966,1.36807,1.36959,31.852140488988525,31.18019933697845,,,3643
1769798760,1.36958,1.37163,1.36947,1.37163,45.45591444972672,31.98831061691995,,,3540
1769799660,1.37165,1.37185,1.3707,1.37074,41.55821296451948,32.60573685132371,,,3345
1769800560,1.37075,1.37093,1.37008,1.37021,39.392020791160114,33.10634422622892,,,2344
1769801460,1.37023,1.37084,1.36996,1.37047,41.01627672924081,33.824228909986104,,,2116
1769802360,1.37048,1.37067,1.369,1.3696,37.40405853974623,34.37709910661634,,,2603
1769803260,1.36955,1.36971,1.36876,1.36876,34.26623281758599,34.71995807992382,,,2392
1769804160,1.36877,1.36911,1.36841,1.3686,33.686547929084156,34.50980071782111,,,1724
1769805060,1.36861,1.36918,1.3685,1.36884,35.4505302937969,35.13429664814336,,,1998
1769805960,1.36886,1.36935,1.36827,1.36833,33.41632444287235,35.25457701843246,,,2068
1769806860,1.36834,1.36868,1.36794,1.36867,36.05083804311892,35.340344465255235,,,1474
1769807760,1.36868,1.36885,1.36799,1.36816,33.88504624565904,35.47974919315185,,,1369
1769808660,1.36817,1.36904,1.36804,1.36895,39.907370641387544,36.29989029110567,,,1146
1769809560,1.36893,1.36894,1.36826,1.36841,37.399627369735,37.19579583904443,,,1472
1769983260,1.36876,1.36916,1.3679,1.36793,35.277553123487365,37.44046817008006,,,182
1769984160,1.36793,1.36814,1.36775,1.36791,35.18796284923518,36.707043055759236,,,241
1769985060,1.3679,1.36852,1.36746,1.36793,35.36473612954714,36.26465185326121,,,736
1769985960,1.36792,1.36823,1.36738,1.36794,35.45952291778089,35.98375914801984,,,1137
1769986860,1.36805,1.36818,1.36623,1.36671,29.691797615628246,35.1748677827618,,,1601
1769987760,1.36675,1.36751,1.3664,1.36736,35.648718203107606,35.04948633014475,,,2611
1769988660,1.36735,1.36909,1.36723,1.36786,39.86912824315147,35.44969314625657,,,2250
1769989560,1.36788,1.36858,1.36745,1.36856,45.27987542664553,36.27778796751096,,,2559
1769990460,1.36857,1.37059,1.36857,1.37029,55.85281018238776,37.735093673838875,,,3259
1769991360,1.3703,1.37038,1.36993,1.37018,55.123492959574406,39.28560571074616,,,2968
1769992260,1.37017,1.37053,1.3697,1.37003,54.08634121700185,40.57385593745209,,,2959
1769993160,1.37005,1.37015,1.36934,1.3695,50.472805813450094,41.75869590658002,,,2610
1769994060,1.36951,1.36983,1.36769,1.36819,42.85207418338137,41.96903187386529,,,3955
1769994960,1.3682,1.3689,1.36782,1.36848,44.83768040750478,42.500321376563136,,,3776
1769995860,1.36849,1.36943,1.36844,1.3693,50.11554696700667,43.560178079671665,,,3275
1769996760,1.36931,1.36988,1.36882,1.36968,52.38895818150105,44.788820603404936,,,2576
1769997660,1.3697,1.36999,1.36906,1.36919,49.270790403499795,45.78211019440155,,,2782
1769998560,1.36918,1.36966,1.36899,1.36925,49.665849724039056,46.79684782341999,,,2384
1769999460,1.36924,1.36987,1.36892,1.36966,52.39408858436227,48.41844003547242,,,2312
1770000360,1.36967,1.36971,1.36817,1.36856,45.299791600635515,49.107802421010135,,,2364
1770001260,1.3686,1.36888,1.36824,1.36834,44.0161212120848,49.40401620450537,,,2435
1770002160,1.3683,1.36926,1.36821,1.36854,45.52734188320984,49.42169237997424,,,1862
1770003060,1.36855,1.36862,1.36787,1.3684,44.619372750028184,48.61930399194856,,,2254
1770003960,1.36841,1.36888,1.36821,1.3684,44.619372750028184,47.86900969126669,,,1955
1770004860,1.36841,1.3688,1.36797,1.3685,45.51945370979383,47.25708915503754,,,2646
1770005760,1.36852,1.36866,1.36813,1.36821,43.32057825814113,46.74621575822975,,,1655
1770006660,1.36823,1.36855,1.36774,1.3681,42.482294739161944,46.719802940785506,,,1705
1770007560,1.36811,1.36835,1.36793,1.36821,43.65645011807975,46.63542934868372,,,1559
1770008460,1.36822,1.36833,1.3678,1.36807,42.4681998863356,46.08919027149294,,,1598
1770009360,1.36808,1.36826,1.36702,1.36717,35.73459654898731,44.899593012027665,,,1651
1770010260,1.36718,1.3675,1.36681,1.36685,33.68924880466196,43.78662575496782,,,2055
1770011160,1.36683,1.36747,1.36607,1.36746,40.66159124485373,43.14346443502602,,,2597
1770012060,1.36742,1.36763,1.36665,1.36706,37.851064642889334,42.10467701063509,,,2268
1770012960,1.36707,1.36711,1.36626,1.36676,35.84966255324892,41.429667792964615,,,3097
1770013860,1.36677,1.36722,1.36617,1.36708,39.5229925830379,41.10873003374699,,,2841
1770014760,1.36709,1.36767,1.36691,1.36752,44.250069970016824,41.01749632566176,,,2946
1770015660,1.36749,1.36867,1.36741,1.36796,48.578513260058784,41.30029207637824,,,2918
1770016560,1.36797,1.36855,1.36753,1.3685,53.364083430514505,41.924914267841544,,,2504
1770017460,1.36845,1.36845,1.36736,1.36821,50.638503971125004,42.290560715079486,,,2159
1770018360,1.36822,1.36886,1.36765,1.36832,51.64731485773973,42.88532761505082,,,2598
1770019260,1.36833,1.36906,1.36783,1.36875,55.47783845069234,43.813580737302985,,,3302
1770020160,1.36876,1.36946,1.36868,1.36939,60.494259213082934,45.01628138694607,,,2436
1770021060,1.36932,1.37013,1.36909,1.36933,59.81384187191588,46.25525581448751,,,2364
1770021960,1.36934,1.36946,1.36861,1.36904,56.50569442589428,47.738905662838015,,,2324
1770022860,1.36903,1.36945,1.36822,1.3689,54.9263437467566,49.25584101584478,,,2621
1770023760,1.36891,1.37006,1.3686,1.36998,63.420250440366644,50.88145952980999,,,2424
1770024660,1.36999,1.37029,1.36961,1.37006,63.96199720595218,52.74652614145733,,,2078
1770025560,1.37005,1.37109,1.37004,1.37084,68.8119075601345,55.10097221337772,,,2447
1770026460,1.37084,1.37144,1.3705,1.37132,71.36572855111906,57.37545335395496,,,2750
1770027360,1.37131,1.37153,1.3708,1.37101,67.52033019078749,59.037614798295714,,,2631
1770028260,1.371,1.37111,1.36975,1.36983,55.3046356277312,59.518052110272315,,,2436
1770029160,1.36982,1.37062,1.36964,1.37028,58.39589192129244,59.87746700247074,,,2486
1770030060,1.37027,1.37029,1.36966,1.37002,55.986532351876896,60.259469029667294,,,2293
1770030960,1.37001,1.37108,1.36999,1.37107,62.68275036036921,61.04771442271226,,,2310
1770031860,1.37106,1.37119,1.36977,1.36987,52.79661202438897,60.85619824940488,,,2135
1770032760,1.36986,1.3703,1.36951,1.3703,55.50471118311167,60.49980196154979,,,2367
1770033660,1.37029,1.37067,1.36934,1.36942,49.274375836075855,59.74698295898979,,,2836
1770034560,1.36942,1.36955,1.36884,1.36933,48.67263298825291,59.18747857058683,,,2435
1770035460,1.36934,1.36963,1.36858,1.36886,45.544630969350415,58.517356229343534,,,2365
1770036360,1.36887,1.36929,1.36817,1.3683,42.07501567785175,56.99269660344961,,,2677
1770037260,1.36825,1.36833,1.36688,1.36722,36.32727267616046,55.018787708464494,,,3820
1770038160,1.36722,1.36724,1.36639,1.36646,32.919285332381634,52.455028977910715,,,3278
1770039060,1.36649,1.3665,1.36543,1.3657,29.89863013857257,49.49309337701454,,,3212
1770039960,1.3657,1.3662,1.36493,1.36515,27.903191336063045,46.663297744534226,,,2783
1770040860,1.36514,1.36547,1.36368,1.36381,23.74514975953352,44.409048753948674,,,3013
1770041760,1.36381,1.36426,1.36311,1.36425,27.562240807755813,42.206645102981774,,,2932
1770042660,1.36426,1.36631,1.3642,1.36621,41.58875063874703,41.178232123472505,,,3789
1770043560,1.3662,1.36771,1.365,1.36529,37.88090692215351,39.40667187788567,,,3817
1770044460,1.36532,1.36593,1.36416,1.36532,38.074786101487376,38.35511288339269,,,4720
1770045360,1.36531,1.36613,1.36397,1.36525,37.778499346438,37.088954895058855,,,4185
1770046260,1.36522,1.36579,1.36307,1.36337,30.837807655096597,35.77205716784605,,,4199
1770047160,1.36332,1.36379,1.36268,1.36282,29.150502550036933,34.377619279402055,,,3968
1770048060,1.36281,1.3649,1.3623,1.36454,40.17466716267187,33.99405043606787,,,3555
1770048960,1.36455,1.36546,1.36441,1.36533,44.45005828205982,34.16369633636845,,,3419
1770049860,1.36533,1.36566,1.36484,1.36487,42.5435450371917,34.60771579072782,,,3139
1770050760,1.36486,1.36574,1.36447,1.36565,46.71683855935637,35.59325530694031,,,2932
1770051660,1.36567,1.36628,1.36567,1.36619,49.45406173001857,36.99007184918646,,,2584
1770052560,1.36619,1.36625,1.36542,1.3655,46.18894803656819,38.29619732779396,,,2531
1770053460,1.36547,1.36604,1.36505,1.36597,48.67471909478049,40.07688085174018,,,2514
1770054360,1.36599,1.36616,1.3654,1.36601,48.89110697691889,41.60037129239469,,,2333
1770055260,1.36602,1.3661,1.36485,1.36519,44.72798198514651,41.82460210285179,,,2489
1770056160,1.36512,1.36617,1.36484,1.3661,49.8332417104573,42.67834030201635,,,2380
1770057060,1.36611,1.36613,1.3654,1.36582,48.35331537163831,43.412520964169985,,,1966
1770057960,1.36583,1.36584,1.36481,1.36489,43.71016250882531,43.836211190054804,,,1919
1770058860,1.36489,1.36495,1.36437,1.36442,41.53923742346494,44.60059903065253,,,1926
1770059760,1.36442,1.36471,1.36436,1.36458,42.58467250677529,45.56018259899099,,,1414
1770060660,1.36459,1.36594,1.36448,1.36591,50.507627813503234,46.29825121690752,,,1545
1770061560,1.36589,1.36617,1.3655,1.3658,49.89437901072123,46.68713126895476,,,1738
1770062460,1.36579,1.36627,1.36575,1.36576,49.65826418270035,47.19532549363395,,,1738
1770063360,1.36577,1.36593,1.36538,1.36576,49.65826418270035,47.40542732387281,,,1627
1770064260,1.36577,1.36615,1.36567,1.36602,51.39230528670139,47.543873292207294,,,1438
1770065160,1.36601,1.36678,1.36601,1.36667,55.51750546391713,48.21019882273222,,,1649
1770066060,1.36669,1.36683,1.36655,1.3668,56.316009266281036,48.75600526355369,,,1058
1770066960,1.36679,1.3668,1.36658,1.36661,54.76856800651212,49.175823908524634,,,520
1770067860,1.36661,1.36677,1.36659,1.36672,55.53041739168637,49.947426437563195,,,528
1770068760,1.36671,1.36681,1.36638,1.36681,56.18073923029432,50.400819117551556,,,1039
1770069660,1.36632,1.3666,1.36569,1.36647,53.02591925238609,50.73457653760497,,,162
1770070560,1.36648,1.36655,1.36624,1.36636,52.00836221511745,51.32730508805441,,,162
1770071460,1.36637,1.36647,1.36629,1.36638,52.188013092182,52.08793192153421,,,669
1770072360,1.36639,1.36648,1.36585,1.36591,47.67176731064759,52.451295836096506,,,1296
1770073260,1.36612,1.36684,1.36602,1.36663,54.2091621801366,52.71569114799889,,,816
1770074160,1.36663,1.36701,1.36663,1.36683,55.858823302105485,53.14172288309776,,,722
1770075060,1.36681,1.36723,1.36678,1.36687,56.1986972345196,53.608896672513424,,,617
1770075960,1.36688,1.36731,1.3668,1.36721,59.082630864180004,54.28206572119054,,,572
1770076860,1.36722,1.36753,1.36711,1.36752,61.56728938365245,55.00885029954419,,,1061
1770077760,1.36752,1.36783,1.36733,1.36781,63.782901104675176,55.59923570245549,,,1061
1770078660,1.36781,1.36798,1.36742,1.3675,59.81336931290127,55.84904713435693,,,1349
1770079560,1.3675,1.36807,1.36745,1.36789,62.93835016576094,56.43260300287471,,,1408
1770080460,1.36787,1.36837,1.36745,1.36832,66.07108917609395,57.18550813033239,,,2098
1770081360,1.36832,1.36836,1.36793,1.36817,64.037599384822,57.74671242708437,,,1744
1770082260,1.36818,1.36855,1.36809,1.36833,65.2656140762756,58.62097634307647,,,1669
1770083160,1.36833,1.36864,1.36814,1.36853,66.79209392757346,59.67695717968048,,,1299
1770084060,1.36851,1.36859,1.368,1.36801,59.473720143597944,60.1973648262102,,,1602
1770084960,1.368,1.36817,1.36769,1.36774,56.0402394136441,60.79511283356709,,,1320
1770085860,1.36776,1.36782,1.36739,1.36739,51.860624989989375,60.627360177128004,,,1238
1770086760,1.36737,1.36745,1.36714,1.36723,50.023874415722005,60.2105781138149,,,1273
1770087660,1.36722,1.36751,1.36714,1.3674,51.970291943956816,59.90854916448899,,,1046
1770088560,1.36741,1.36788,1.36722,1.36785,56.76992153513778,59.743355640985975,,,1250
1770089460,1.36786,1.36886,1.36769,1.36872,64.21529715462265,59.93249905319813,,,2642
1770090360,1.36875,1.36888,1.36843,1.36865,63.27108552467923,59.89594079748413,,,1811
1770091260,1.36864,1.36914,1.36857,1.36903,66.17841989324538,60.35058726750866,,,1266
1770092160,1.36903,1.36942,1.369,1.36917,67.20828453701102,60.655582579740795,,,1014
1770093060,1.36918,1.36923,1.36875,1.36875,61.188739097586684,60.306843288418854,,,1307
1770093960,1.36874,1.36904,1.36863,1.36884,61.9746831481164,60.159492128654165,,,1245
1770094860,1.36884,1.36918,1.36842,1.36845,56.62364010580107,59.54220827362027,,,1480
1770095760,1.36845,1.36905,1.36833,1.36901,61.73289781288151,59.18083712257084,,,1215
1770096660,1.36898,1.36919,1.36891,1.36898,61.31622227368404,59.312444417577,,,1516
1770097560,1.36897,1.3692,1.36887,1.36902,61.68753925339094,59.71582297755891,,,1206
1770098460,1.36903,1.36977,1.3689,1.36975,67.7681678187672,60.85207603675733,,,1388
1770099360,1.36978,1.37011,1.3696,1.36998,69.41520592970309,62.23717114489883,,,1479
1770100260,1.36997,1.37001,1.36929,1.36962,63.91031216497868,63.09002973211468,,,1805
1770101160,1.36961,1.36964,1.36894,1.36899,55.600424294788965,63.006494214946905,,,1582
1770102060,1.369,1.36957,1.36886,1.36921,57.670263481129695,62.53899180969741,,,2236
1770102960,1.36922,1.36928,1.36833,1.36903,55.39484317360056,61.97640307033464,,,2289
1770103860,1.36904,1.37064,1.36898,1.37037,66.11374410288201,61.97178337102298,,,2619
1770104760,1.37039,1.37058,1.36962,1.36979,59.45404686230945,61.41790925140144,,,2218
1770105660,1.36979,1.36993,1.36902,1.36926,54.09202553254971,60.91100113961308,,,2463
1770106560,1.36928,1.36928,1.36768,1.36853,47.70961543638723,59.89206773163242,,,2571
1770107460,1.36852,1.36901,1.36801,1.36832,46.027148083736044,59.13517544434206,,,2294
1770108360,1.36833,1.36907,1.36815,1.36883,50.58475866991739,58.3388797912732,,,2218
1770109260,1.36883,1.36892,1.3677,1.36781,42.80037699044283,57.01631941389883,,,2684
1770110160,1.36783,1.36911,1.36764,1.36824,46.53564475961308,55.934041235771836,,,2823
1770111060,1.36825,1.36833,1.36761,1.36785,43.745403022060906,54.21812946457853,,,2596
1770111960,1.36785,1.36785,1.36666,1.36689,37.745877194914925,51.95603455495081,,,2573
1770112860,1.3669,1.36735,1.36679,1.36712,39.87348617879252,50.23911841308037,,,2408
1770113760,1.36713,1.36714,1.36618,1.36654,36.48701864088789,48.87387515208743,,,2051
1770114660,1.36653,1.36653,1.36602,1.36611,34.16998348623859,47.19528372388093,,,2068
1770115560,1.36612,1.36615,1.3655,1.36556,31.421459591992104,45.48289918233746,,,2056
1770116460,1.36555,1.36617,1.36511,1.36578,33.71810700274611,43.16892510375633,,,2255
1770117360,1.36574,1.36586,1.36536,1.3656,32.75166892853248,41.26161239420083,,,1952
1770118260,1.36558,1.36625,1.36539,1.36593,36.35340699376191,39.994568212858844,,,1893
1770119160,1.36592,1.36604,1.36505,1.36526,32.54251001595806,38.91120353997105,,,1808
1770120060,1.36524,1.36642,1.36517,1.36603,40.28950645815561,38.501371995286725,,,2234
1770120960,1.36602,1.36658,1.36591,1.36642,43.809368615569895,38.017415562833335,,,1806
1770121860,1.36642,1.36747,1.36641,1.36747,52.01141651962672,38.67534695777504,,,1848
1770122760,1.36747,1.36832,1.36747,1.36828,57.201425365563466,39.437188429628634,,,2459
1770123660,1.36827,1.36897,1.36797,1.36885,60.44349680554078,40.62990941416291,,,2702
1770124560,1.36886,1.36897,1.36729,1.3673,49.46934505347801,41.46729997548885,,,2554
1770125460,1.36731,1.3681,1.3671,1.36783,52.6359854016278,42.37890706283422,,,2148
1770126360,1.36783,1.36822,1.36662,1.36667,45.86173701760323,43.048529804028185,,,2339
1770127260,1.36666,1.36695,1.36565,1.36607,42.793861195186885,43.66452106895305,,,2751
1770128160,1.36607,1.36728,1.36584,1.36718,49.521328633290764,44.95736885761725,,,2690
1770129060,1.36719,1.36812,1.36674,1.36793,53.5003951497736,46.37038943954779,,,3603
1770129960,1.36792,1.36846,1.36673,1.36711,48.95657069261086,47.527882422696244,,,2979
1770130860,1.36709,1.36816,1.3664,1.36801,53.61320625647045,48.76072522717543,,,3257
1770131760,1.36801,1.36974,1.3678,1.3693,59.339076807922545,50.67476571231574,,,3572
1770132660,1.3693,1.36974,1.36886,1.36931,59.38093419114697,52.03843912181513,,,3381
1770133560,1.3693,1.37044,1.3693,1.37036,63.616166852738246,53.45321042447001,,,3292
1770134460,1.37038,1.3707,1.36978,1.36989,60.571706025374844,54.064659674880595,,,2878
1770135360,1.36988,1.37054,1.36943,1.3698,59.97976696072792,54.263112645963766,,,2857
1770136260,1.36981,1.37021,1.36948,1.37004,61.072262750282256,54.30802449915959,,,2634
1770137160,1.37003,1.37021,1.36927,1.3701,61.3562793896116,55.15709123745484,,,2588
1770138060,1.3701,1.37039,1.36929,1.36997,60.329234969537204,55.70660906373409,,,2733
1770138960,1.36997,1.37072,1.36962,1.36983,59.1803485484993,56.65793845879809,,,3029
1770139860,1.36984,1.37033,1.36949,1.36971,58.15800543531363,57.75537733309285,,,2322
1770140760,1.3697,1.36999,1.36939,1.36952,56.49391148943553,58.25341896567462,,,2187
1770141660,1.36953,1.37018,1.36892,1.36917,53.45938176670471,58.250489438312556,,,2069
1770142560,1.36918,1.36945,1.36859,1.3689,51.17570824990652,58.40899926383368,,,2118
1770143460,1.3689,1.3689,1.36773,1.3681,45.0368326903552,57.796401151968304,,,2082
1770144360,1.36811,1.36835,1.36751,1.36771,42.36857292417265,56.58422230312902,,,2272
1770145260,1.3677,1.36842,1.36731,1.3683,47.441677883367554,55.73141828114478,,,2104
1770146160,1.3683,1.36862,1.368,1.36851,49.157198390793,54.698634819577265,,,2399
1770147060,1.3685,1.36899,1.36833,1.36871,50.80414059095107,54.000951574261286,,,1879
1770147960,1.3687,1.36916,1.36848,1.36858,49.67769971371657,53.26508962804618,,,1846
1770148860,1.36855,1.36893,1.3684,1.36882,51.80235128000281,52.60295309445479,,,1678
1770149760,1.36881,1.36905,1.3686,1.36887,52.254625654427215,51.952834970513045,,,1511
1770150660,1.36886,1.36957,1.36886,1.36927,55.82586421061208,51.63116563058983,,,1675
1770151560,1.36929,1.36996,1.36929,1.36957,58.34253464739408,51.57132178051087,,,1599
1770152460,1.36958,1.37012,1.36952,1.37,61.70980329954002,51.825021627955614,,,991
1770153360,1.37001,1.37023,1.36998,1.37013,62.69166511787676,52.26771831570142,,,552
1770154260,1.37013,1.37015,1.3699,1.37008,62.03280153252221,52.88010544183125,,,417
1770155160,1.37006,1.37006,1.36963,1.36977,57.96527868323861,53.365074758497826,,,690
1770156060,1.36923,1.36983,1.3689,1.36926,51.9322061831703,53.857601436556045,,,257
1770156960,1.36925,1.36941,1.36884,1.36936,52.965914074350955,54.61455437585449,,,574
1770157860,1.36943,1.36995,1.36933,1.36991,58.28007317793268,55.38872546832342,,,734
1770158760,1.36988,1.37007,1.36884,1.36973,56.048157988772005,55.88093686817907,,,1342
1770159660,1.37,1.37013,1.36983,1.36992,57.88171354122438,56.386477793198594,,,440
1770160560,1.36991,1.36994,1.36917,1.36926,50.0680814303565,56.41436220153002,,,685
1770161460,1.36926,1.36961,1.36921,1.36961,53.64200313396121,56.545765905384194,,,694
1770162360,1.36961,1.36979,1.3695,1.36951,52.48608364114463,56.56229861872115,,,684
1770163260,1.3695,1.36957,1.3691,1.3694,51.179620885793874,56.230424095519844,,,1236
1770164160,1.36941,1.36978,1.36938,1.36957,53.121694508261754,55.85750694272468,,,977
1770165060,1.36958,1.36962,1.36938,1.36945,51.56244696213103,55.13269577576689,,,1088
1770165960,1.36944,1.36962,1.36918,1.36952,52.43943095953037,54.400393335885006,,,1552
1770166860,1.36952,1.37032,1.36916,1.37021,60.10676615936847,54.262819380659735,,,2146
1770167760,1.37021,1.371,1.3702,1.3706,63.671634283982485,54.670416209284305,,,1685
1770168660,1.37061,1.37076,1.37016,1.3706,63.671634283982485,55.508946787913736,,,1458
1770169560,1.37061,1.37101,1.37037,1.37063,63.95895544306511,56.29416402853617,,,1622
1770170460,1.37067,1.37127,1.37049,1.3707,64.6612739404969,56.74996408300505,,,1499
1770171360,1.37071,1.37073,1.37033,1.3705,61.00356938430041,57.1039220398285,,,1450
1770172260,1.37049,1.37051,1.37021,1.37047,60.45118029261999,57.2874553792139,,,1242
1770173160,1.37046,1.37049,1.36977,1.37027,56.76111389422849,57.76552912663333,,,1214
1770174060,1.37027,1.37043,1.36999,1.37003,52.610894891786735,57.69187853790658,,,1255
1770174960,1.37003,1.3701,1.36968,1.36991,50.61802039629167,57.558445448988515,,,1308
1770175860,1.36991,1.37001,1.36967,1.36996,51.4433481222827,57.577283108737724,,,1166
1770176760,1.36996,1.37054,1.36988,1.37043,58.46977817171567,57.95928908469871,,,1276
1770177660,1.37044,1.37097,1.37031,1.37083,63.33284289738118,58.800031651502294,,,957
1770178560,1.37082,1.37091,1.37071,1.3709,64.12455240306352,59.63468318318322,,,907
1770179460,1.37091,1.37123,1.37087,1.37089,63.91224782680068,59.906503302285536,,,808
1770180360,1.37089,1.37169,1.37087,1.37153,70.61716431150847,60.40261258996596,,,999
1770181260,1.37153,1.3717,1.37137,1.37151,70.17835942268056,60.86737867130154,,,923
1770182160,1.3715,1.37167,1.37119,1.3716,71.05013543887917,61.37389152814541,,,1020
1770183060,1.37161,1.37192,1.37152,1.37189,73.71637305581604,62.02068432209678,,,799
1770183960,1.3719,1.37196,1.37139,1.37155,66.03732491998466,62.38023828893136,,,1128
1770184860,1.37156,1.37219,1.37145,1.37204,70.76407009052443,63.116873274495966,,,1220
1770185760,1.37205,1.37208,1.37163,1.37176,65.18153434089773,63.71833187782948,,,1853
1770186660,1.37175,1.37201,1.37152,1.37191,66.69724659438663,64.72449985658662,,,1448
1770187560,1.37189,1.37193,1.37123,1.37162,61.15447717462196,65.47710391218165,,,1158
1770188460,1.37161,1.37189,1.37091,1.37095,50.67630888524732,65.42231539525054,,,1916
1770189360,1.37099,1.37152,1.37073,1.37081,48.79495727215651,64.73125675956774,,,1563
1770190260,1.37081,1.37122,1.3706,1.37122,54.161956937174544,64.07619347669585,,,1433
1770191160,1.37122,1.37178,1.37112,1.37172,59.708283488084824,63.76074569705451,,,1738
1770192060,1.37173,1.3733,1.3712,1.37249,66.44233592905195,63.941466275786745,,,2577
1770192960,1.3725,1.37293,1.3723,1.37261,67.35795183789517,63.70866538481437,,,2019
1770193860,1.37262,1.37271,1.37182,1.37221,61.34907811470694,63.07800243424482,,,2053
1770194760,1.37221,1.37321,1.37199,1.37289,66.77531426993028,62.772658065034186,,,1916
1770195660,1.37283,1.37332,1.37235,1.37271,64.20574119210234,62.093327217626054,,,2013
1770196560,1.37271,1.3728,1.37151,1.37152,50.398128862559595,60.97624178495284,,,1909
1770197460,1.37148,1.37149,1.37031,1.37075,43.82996088084896,59.05237684140459,,,2167
1770198360,1.37077,1.37118,1.3701,1.37114,47.55789733133213,57.79354562643562,,,1737
1770199260,1.37114,1.3712,1.3705,1.37052,42.705469943993165,56.07984729426466,,,1529
1770200160,1.37052,1.3708,1.3695,1.37025,40.75527945664519,54.62276174298061,,,1744
1770201060,1.37024,1.37066,1.36949,1.37062,44.49588048802843,54.181302571750685,,,1635
1770201960,1.37063,1.37162,1.37053,1.37128,50.49968559925778,54.30306888082934,,,1827
1770202860,1.37127,1.37162,1.3705,1.37067,45.59114435292219,53.69086798195418,,,1850
1770203760,1.37067,1.37079,1.37013,1.37078,46.59914204678223,52.754500736146845,,,1664
1770204660,1.37079,1.37163,1.37022,1.37054,44.655277584448264,51.19828228296087,,,1693
1770205560,1.37052,1.37112,1.37041,1.37111,49.990903407353116,49.95777882363643,,,2007
1770206460,1.3711,1.37122,1.3706,1.37107,49.62931272381244,49.12065272428682,,,1702
1770207360,1.37108,1.37193,1.37107,1.3719,56.63802298118438,48.396560489376405,,,1550
1770208260,1.37189,1.37236,1.37186,1.37231,59.62648178745138,48.06947053190134,,,1566
1770209160,1.37232,1.37245,1.37186,1.37199,56.361565493158075,48.4954302912298,,,1958
1770210060,1.37199,1.37237,1.37148,1.37236,59.1470017899737,49.58950464188157,,,2107
1770210960,1.37235,1.3729,1.37095,1.37113,48.14517282547515,49.63145289146321,,,2818
1770211860,1.37113,1.37165,1.3702,1.37131,49.62198506208304,50.12548968561249,,,2866
1770212760,1.37131,1.37236,1.37114,1.37165,52.38072021577264,50.95587831126445,,,2657
1770213660,1.37167,1.37172,1.36862,1.3698,39.655842136609614,50.61016128616311,,,3249
1770214560,1.3698,1.37004,1.36941,1.36974,39.32219749846256,49.811769278963446,,,2589
1770215460,1.36973,1.36993,1.36899,1.36941,37.45563920084914,49.23066176810108,,,3804
1770216360,1.36942,1.37004,1.36851,1.36949,38.22124229495339,48.63224035725616,,,3528
1770217260,1.36949,1.36952,1.36771,1.36909,35.8577548329972,48.00384587500965,,,4214
1770218160,1.3691,1.36917,1.36761,1.3677,29.119191570450354,46.51300931523089,,,3583
1770219060,1.36771,1.36787,1.36609,1.36742,27.978579931872673,44.96652840152091,,,4034
1770219960,1.36741,1.36756,1.36624,1.36625,23.785909209593967,42.6199488464073,,,3430
1770220860,1.36628,1.36639,1.36468,1.36519,20.75183450287787,39.84318832608062,,,3489
1770221760,1.36518,1.36565,1.36438,1.36528,21.66548688141488,37.36489699667039,,,2843
1770222660,1.36525,1.36574,1.3644,1.36481,20.346268839834863,34.59341607166048,,,2712
1770223560,1.36481,1.36595,1.36432,1.36584,30.35465942031601,33.32266511414911,,,3144
1770224460,1.36585,1.36681,1.36569,1.36672,37.57185810330708,32.461941759950825,,,2868
1770225360,1.3667,1.36725,1.36602,1.36603,34.548709302094366,31.188226694688094,,,2918
1770226260,1.36605,1.36643,1.36507,1.36519,31.251938946603005,30.587947895401907,,,3294
1770227160,1.3652,1.36554,1.36432,1.36439,28.4659584927887,29.81250225213949,,,2891
1770228060,1.3644,1.36481,1.36428,1.3645,29.397936944564208,29.23695209097628,,,2520
1770228960,1.36448,1.36519,1.36423,1.36493,33.06891211132465,28.86892850643137,,,2345
1770229860,1.36493,1.36541,1.36467,1.3652,35.34225325842846,28.832106965390746,,,2198
1770230760,1.3652,1.36552,1.36481,1.36481,33.5686513464978,29.14992552082271,,,2050
1770231660,1.3648,1.36517,1.36442,1.36485,33.93484804079297,29.57537324288845,,,2219
1770232560,1.36484,1.3651,1.36449,1.36501,35.467227593126026,30.409753127426455,,,2114
1770233460,1.36501,1.36554,1.36494,1.36543,39.43828414867901,31.74449953069797,,,1603
1770234360,1.36544,1.36633,1.36544,1.36627,46.52566571449283,33.520226590203535,,,2046
1770235260,1.36627,1.36636,1.3659,1.36616,45.770279096972665,35.33622732285624,,,1442
1770236160,1.36616,1.36616,1.3653,1.36532,40.378871655259196,36.05224248249503,,,1245
1770237060,1.36531,1.36562,1.3651,1.36511,39.13768134056451,36.16408699944199,,,1089
1770237960,1.36512,1.36535,1.36481,1.36507,38.892450612224344,36.47435423587985,,,1117
1770238860,1.36506,1.36551,1.36496,1.36544,42.48254504486213,37.276540385755496,,,825
1770239760,1.36542,1.36566,1.3654,1.3656,44.01430606111066,38.38713664063564,,,761
1770240660,1.36561,1.36561,1.36508,1.36508,40.26155354809697,39.163109255173694,,,1070
1770241560,1.36507,1.36521,1.36487,1.36521,41.60208829227543,39.772621839527325,,,966
1770242460,1.36563,1.36626,1.36409,1.36499,39.967547866902066,40.10300002584687,,,837
1770243360,1.36501,1.36541,1.3644,1.36471,37.925205657654004,40.41418247664374,,,400
1770244260,1.36465,1.3652,1.36461,1.36491,40.27293917692681,40.86690327208186,,,1162
1770245160,1.36494,1.36522,1.36452,1.36459,37.8089819690868,41.034171441793355,,,1336
1770246060,1.36476,1.36515,1.36471,1.36477,40.03152436698099,41.07654574310063,,,1842
1770246960,1.36477,1.36501,1.36456,1.36465,39.030106020242414,40.54114862208275,,,846
1770247860,1.36465,1.36496,1.36465,1.3649,42.270195107785746,40.291142622855105,,,660
1770248760,1.3649,1.36495,1.36432,1.36466,40.068772288836776,40.26899266811065,,,765
1770249660,1.36468,1.36472,1.36446,1.36472,40.89747721895298,40.39469237370984,,,1067
1770250560,1.36472,1.36491,1.36462,1.36485,42.744782213185,40.66985891663559,,,765
1770251460,1.36484,1.36497,1.36467,1.36491,43.620663260837055,40.751153074919515,,,904
1770252360,1.36491,1.36523,1.36489,1.3652,47.7788848663844,41.0200515610105,,,1076
1770253260,1.36521,1.3654,1.36485,1.365,45.297584210290566,41.379768036881465,,,1545
1770254160,1.365,1.36521,1.36444,1.36471,41.89971154469266,41.401026840625555,,,1794
1770255060,1.36473,1.3651,1.36449,1.36478,43.010952357973494,41.61841287570208,,,1392
1770255960,1.36475,1.36492,1.36461,1.36468,41.78153062976916,41.893864659424594,,,1169
1770256860,1.36469,1.3648,1.36295,1.36313,28.285583901023855,41.03762499686009,,,2030
1770257760,1.36314,1.3636,1.36288,1.36343,32.80936903178079,40.68050978705252,,,2364
1770258660,1.36344,1.36402,1.36295,1.36298,29.775286478710257,39.947921366461756,,,1581
1770259560,1.36297,1.36317,1.36199,1.36218,25.29657228512876,38.9669546710965,,,2482
1770260460,1.3622,1.36271,1.36191,1.36234,27.640831579702436,37.922000133376265,,,2116
1770261360,1.36236,1.36303,1.36229,1.36248,29.7190699245715,37.18273567878589,,,1641
1770262260,1.36246,1.36271,1.36212,1.36244,29.458734949222688,36.36568265951944,,,1818
1770263160,1.36245,1.36259,1.36208,1.36259,31.868963634511815,35.5888384753285,,,1508
1770264060,1.36259,1.3627,1.36227,1.36245,30.81083154180996,34.673850495397986,,,918
1770264960,1.36244,1.3628,1.36242,1.36274,35.58209285342579,33.802651065900946,,,980
1770265860,1.36276,1.36284,1.3626,1.36283,37.03331898043694,33.212346406625684,,,730
1770266760,1.36282,1.36288,1.36245,1.36258,34.695132169893895,32.69773359414006,,,899
1770267660,1.36257,1.36266,1.36222,1.36223,31.67950481604285,31.888344484002157,,,1001
1770268560,1.36224,1.36225,1.36182,1.36213,30.854337546644544,31.107830692350397,,,1046
1770269460,1.36211,1.3624,1.36191,1.36217,31.621570774758325,31.346115469045714,,,1163
1770270360,1.36218,1.36221,1.36164,1.36196,29.75491126204834,31.127939914064825,,,1186
1770271260,1.36196,1.362,1.36107,1.36132,24.925716859841543,30.781542084145627,,,1407
1770272160,1.36134,1.36142,1.36068,1.36091,22.41580258594989,30.575772819918566,,,1648
1770273060,1.3609,1.3617,1.3608,1.36158,34.09482239566219,31.03677216391569,,,1493
1770273960,1.3616,1.36219,1.36126,1.36212,41.71078759608332,31.893323426166535,,,1261
1770274860,1.36211,1.36287,1.36183,1.36215,42.11102113901822,32.79705815400907,,,1828
1770275760,1.36216,1.36228,1.36169,1.36189,39.57483466578846,33.347477513385975,,,1948
1770276660,1.3619,1.36273,1.36163,1.36263,48.99102193512216,34.6460625414797,,,2138
1770277560,1.36264,1.36294,1.36188,1.36208,43.55800706236878,35.21577069926135,,,2165
1770278460,1.36206,1.36325,1.36191,1.3622,44.99137737637911,35.784203441828645,,,2800
1770279360,1.36219,1.36279,1.36213,1.36218,44.787230047372496,36.505067575934255,,,2287
1770280260,1.36218,1.36236,1.36107,1.36109,35.36815933632421,36.768542898811496,,,2340
1770281160,1.36113,1.3613,1.3599,1.36029,30.32698951915863,36.73087518256251,,,2450
1770282060,1.3603,1.3604,1.35786,1.35824,21.765687530569153,36.026883522263276,,,2865
1770282960,1.35823,1.35869,1.35765,1.35805,21.169202651184847,35.413618621487316,,,2530
1770283860,1.35804,1.35841,1.35568,1.35615,16.345247741693285,34.800727970191005,,,2531
1770284760,1.35616,1.35682,1.35568,1.35646,19.565813629956764,34.59715733047721,,,2329
1770285660,1.35647,1.35792,1.35617,1.35779,31.712490435733983,34.426990761910915,,,2077
1770286560,1.35779,1.35853,1.35706,1.35845,36.81199978037413,34.07707734650311,,,1771
1770287460,1.35844,1.35972,1.35834,1.35946,43.73632326063628,34.19317035519011,,,2101
1770288360,1.35947,1.35962,1.35834,1.35882,40.693276145430566,34.27305903230741,,,1918
1770289260,1.35881,1.35934,1.35812,1.35929,43.78648817749364,33.90130662104823,,,1753
1770290160,1.35929,1.36093,1.35926,1.36028,49.733593329306025,34.342419925829454,,,1928
1770291060,1.36028,1.36093,1.3595,1.35992,47.75509099898517,34.53982804172989,,,1840
1770291960,1.35991,1.36154,1.35477,1.35654,34.056281255067574,33.7733316994224,,,2403
1770292860,1.35671,1.35778,1.35557,1.3568,35.58694014550143,33.78895890007791,,,4733
1770293760,1.35678,1.3577,1.35403,1.35731,38.59766707641075,34.379721582738775,,,3839
1770294660,1.35734,1.35762,1.35592,1.35753,39.9026062350793,35.67521577591807,,,4156
1770295560,1.35752,1.3588,1.35698,1.35782,41.66260524077936,37.13903024660339,,,3968
1770296460,1.35775,1.35793,1.35669,1.35776,41.39251027773039,38.9281204277489,,,3774
1770297360,1.35775,1.35949,1.35748,1.35919,49.753296292815456,41.08436918938166,,,3376
1770298260,1.35921,1.3595,1.35705,1.35733,41.467035989833036,41.78112244324588,,,3899
1770299160,1.35733,1.35902,1.35732,1.35788,44.415042378247065,42.32419691452252,,,3884
1770300060,1.3579,1.35892,1.35676,1.35744,42.5679634775193,42.24074264429987,,,4288
1770300960,1.35743,1.35813,1.35626,1.35706,40.982805133441886,42.26142328630068,,,3589
1770301860,1.35709,1.35781,1.35647,1.35702,40.81052980414038,42.04885483106117,,,4357
1770302760,1.35703,1.3573,1.35336,1.35504,33.33964189152293,40.877858299790944,,,4429
1770303660,1.35512,1.35543,1.35352,1.35531,35.084779906315504,39.97283607888597,,,5083
1770304560,1.35531,1.3557,1.35274,1.35294,28.12463480464571,39.549147046712974,,,4432
1770305460,1.35292,1.35376,1.3527,1.35291,28.048782088322866,39.01070718548594,,,4291
1770306360,1.3529,1.35322,1.35214,1.3525,26.9779047026813,38.18072415879097,,,4038
1770307260,1.3525,1.35302,1.35176,1.35281,29.179547981743838,37.41479142640987,,,3559
1770308160,1.35281,1.35423,1.35245,1.35403,37.203870241511325,37.09631035503359,,,3439
1770309060,1.35404,1.35517,1.35388,1.35494,42.442501425826414,37.171309722754735,,,3230
1770309960,1.35493,1.35562,1.35448,1.35461,41.1033807347787,36.55345861146639,,,2947
1770310860,1.35462,1.35499,1.35396,1.35445,40.43720229149124,36.47989906158484,,,2368
1770311760,1.35446,1.35565,1.35431,1.3555,46.558527427826625,36.6330051365548,,,2409
1770312660,1.35551,1.35573,1.35487,1.35562,47.22605096359827,36.96572567127473,,,2318
1770313560,1.35562,1.35574,1.35458,1.35526,45.394182428949335,37.280824049525265,,,2486
1770314460,1.35527,1.35571,1.35513,1.35523,45.236709062578726,37.59697971084229,,,1986
1770315360,1.35522,1.35529,1.35441,1.35459,41.89753692424199,38.208257927465084,,,2008
1770316260,1.35459,1.35528,1.35448,1.3545,41.434350776761946,38.66179870392555,,,1715
1770317160,1.35448,1.35459,1.3538,1.35433,40.52305297489862,39.54740000180076,,,1538
1770318060,1.35434,1.35491,1.3542,1.3546,42.679358772322125,40.59244119351499,,,1508
1770318960,1.35459,1.35498,1.35449,1.35473,43.737025022728375,41.7895212163755,,,1175
1770319860,1.35472,1.35481,1.35429,1.35456,42.62928982233618,42.750217062132094,,,1467
1770320760,1.35455,1.3552,1.35438,1.35438,41.432718972239115,43.052277685755506,,,1456
1770321660,1.35442,1.35518,1.35438,1.35498,46.7938406085511,43.363087627378704,,,1412
1770322560,1.35499,1.35516,1.3548,1.35491,46.26178811061659,43.73154529708141,,,1597
1770323460,1.3549,1.35496,1.35408,1.3542,41.15096540633841,43.782528376713344,,,1346
1770324360,1.35418,1.35422,1.35378,1.35383,38.748530152791936,43.224671428496585,,,1510
1770325260,1.35385,1.35401,1.35343,1.35359,37.23021673738507,42.51068326948136,,,1159
1770326160,1.35359,1.35361,1.35327,1.35348,36.523820267793774,41.877085972255955,,,832
1770327060,1.35341,1.35353,1.35254,1.3527,31.901587131937248,40.92457726292442,,,963
1770327960,1.35271,1.35322,1.35245,1.35297,34.969524060135186,40.42971920120251,,,960
1770328860,1.35341,1.35357,1.35256,1.35278,33.81502477862858,39.88548162990727,,,441
1770329760,1.35279,1.353,1.35248,1.353,36.43198058751932,39.5932621736659,,,471
1770330660,1.35299,1.35329,1.35299,1.35327,39.58901048352061,39.37252301018008,,,290
1770331560,1.35328,1.35352,1.3526,1.35281,36.28287631904743,38.84008381706001,,,957
1770332460,1.35302,1.35324,1.35249,1.35249,34.1465412180341,38.234173202467,,,651
1770333360,1.35249,1.35255,1.35209,1.35226,32.65813462899378,37.60741717794948,,,1171
1770334260,1.35226,1.35263,1.35212,1.35256,36.5434765290638,36.87524831512896,,,975
1770335160,1.35256,1.3526,1.352,1.35202,32.86753631497679,35.91851604401183,,,1170
1770336060,1.35207,1.35247,1.3511,1.35115,27.98357753366487,34.977988338820865,,,1833
1770336960,1.35114,1.35201,1.35086,1.35194,37.1206194132245,34.861709000280335,,,2041
1770337860,1.35195,1.35253,1.3518,1.35245,42.217432160396065,35.21793867335254,,,1575
1770338760,1.35247,1.35312,1.3524,1.35302,47.353699761174646,35.99150149430832,,,1787
1770339660,1.35303,1.35329,1.35262,1.35319,48.81504189403105,37.19960540588644,,,2572
1770340560,1.35317,1.35317,1.35253,1.353,47.236869223892285,38.0758443461548,,,2108
1770341460,1.353,1.35368,1.35279,1.35357,52.226764648555516,39.390968622578164,,,1870
1770342360,1.35358,1.35429,1.35358,1.35429,57.672158907359275,40.90812421685245,,,1968
1770343260,1.35427,1.35459,1.35405,1.35426,57.37868552892049,42.17881529152387,,,1730
1770344160,1.35425,1.35492,1.35412,1.35475,60.880220064995896,43.935768416234474,,,1638
1770345060,1.35476,1.35503,1.35449,1.35452,58.452754942205345,45.67192653938957,,,1222
1770345960,1.35451,1.35484,1.35432,1.35472,59.94825047374748,47.62122052830055,,,1273
1770346860,1.35471,1.35484,1.35455,1.3548,60.55979311857689,49.336671713265766,,,1088
1770347760,1.3548,1.3549,1.35446,1.35474,59.8220377056089,51.26199324116806,,,884
1770348660,1.35475,1.35486,1.35438,1.35463,58.41698290582872,53.43580791060833,,,1271
1770349560,1.35462,1.3548,1.35449,1.3547,59.075706604870575,55.00402842429734,,,1039
1770350460,1.35471,1.35533,1.3547,1.35531,64.37224608619016,56.586515133282624,,,855
1770351360,1.3553,1.35537,1.3549,1.35513,61.829324999580294,57.620488364597314,,,662
1770352260,1.35514,1.35595,1.35504,1.35575,66.70776570088,58.89854006508653,,,1120
1770353160,1.35574,1.35602,1.35551,1.35589,67.71127884305858,60.360997895026976,,,1127
1770354060,1.3559,1.35633,1.35586,1.35627,70.32583997557303,61.65378898981395,,,1070
1770354960,1.35626,1.35653,1.35622,1.35632,70.66246214178862,62.58166779227319,,,1070
1770355860,1.35633,1.35652,1.35621,1.3564,71.22491427490101,63.57068413127178,,,1159
1770356760,1.3564,1.35699,1.3564,1.35699,75.02743633423857,64.58119957907483,,,1190
1770357660,1.35698,1.35775,1.35683,1.35748,77.66699343496957,65.95364518570085,,,1692
1770358560,1.35749,1.35775,1.35732,1.35775,78.98509173079519,67.31341956120426,,,1381
1770359460,1.35775,1.35784,1.35704,1.35724,70.5187410953398,68.02477298811588,,,1493
1770360360,1.35722,1.35733,1.35674,1.35692,65.75606112317406,68.44863180365626,,,1349
1770361260,1.35691,1.35739,1.35634,1.35676,63.44865542735332,68.80803698376516,,,1706
1770362160,1.35677,1.35764,1.35651,1.3574,68.2482111905562,69.46321588274272,,,1664
1770363060,1.35736,1.35785,1.35659,1.35683,60.61421819066388,69.19478531877654,,,1730
1770363960,1.35684,1.35684,1.35637,1.35639,55.457392685024324,68.73964729630826,,,1606
1770364860,1.35638,1.35704,1.35608,1.35663,57.57745160382584,68.08748200366153,,,2369
1770365760,1.35662,1.35714,1.35625,1.35641,54.99352612018583,67.1790710948849,,,2360
1770366660,1.35643,1.35683,1.35622,1.3564,54.87298142415731,66.07529548406949,,,2125
1770367560,1.35641,1.35723,1.35579,1.35709,61.19377629239633,65.39896078054147,,,2245
1770368460,1.35708,1.35729,1.35658,1.35691,58.876975749566775,64.51696517158904,,,2327
1770369360,1.3569,1.3579,1.35661,1.35777,65.58170666651087,63.84227019532277,,,2135
1770370260,1.35778,1.35808,1.35758,1.35793,66.67046569002034,63.0568039278264,,,2068
1770371160,1.35793,1.3582,1.35767,1.35779,64.74066555696089,62.03934491540965,,,1808
1770372060,1.3578,1.35839,1.35769,1.358,66.3156731733323,61.7391257781234,,,1497
1770372960,1.358,1.35821,1.35718,1.35735,57.72114170631088,61.16520296263317,,,1625
1770373860,1.35737,1.3578,1.35734,1.35748,58.869261514232406,60.83810339741025,,,1464
1770374760,1.35743,1.35799,1.35728,1.35782,61.79167839232962,60.376922483251214,,,1465
1770375660,1.35784,1.35827,1.3576,1.3578,61.51479874713278,60.44124966585613,,,1760
1770376560,1.35779,1.35921,1.3577,1.35911,70.75754211233337,61.53411748209249,,,1751
1770377460,1.35911,1.35914,1.35851,1.35856,63.82670582829218,61.980492783840084,,,1396
1770378360,1.35857,1.3591,1.35828,1.35857,63.89595120832721,62.6163802901359,,,1727
1770379260,1.35857,1.35929,1.35834,1.35883,65.73266346454001,63.392071864449,,,1791
1770380160,1.35881,1.35918,1.35879,1.35914,67.8338169359655,63.8663604818468,,,1425
1770381060,1.35915,1.35944,1.35891,1.35933,69.08500667167452,64.59550554771162,,,1600
1770381960,1.35932,1.35948,1.35875,1.35889,62.97584772217183,64.40937276597313,,,1535
1770382860,1.35888,1.35924,1.35844,1.35913,64.80408728018438,64.27606002241342,,,1864
1770383760,1.35915,1.35946,1.35858,1.35931,66.15398680455715,64.37701154009888,,,1666
1770384660,1.35933,1.35963,1.35824,1.35849,55.67751422825563,63.61714304402197,,,2116
1770385560,1.35848,1.35953,1.35819,1.35951,63.434626465621804,64.02524909825846,,,2016
1770386460,1.35949,1.3598,1.35875,1.3593,61.06504074770137,64.18209047207768,,,2317
1770387360,1.3593,1.35965,1.35901,1.35948,62.36282051921267,64.2228863382836,,,1912
1770388260,1.3595,1.36072,1.35949,1.3604,68.19756288173124,64.70022663361206,,,3117
1770389160,1.3604,1.36096,1.3603,1.36086,70.64775753642348,64.69238487818993,,,2946
1770390060,1.36086,1.3614,1.36049,1.36049,66.22788593278028,64.86389774279623,,,3032
1770390960,1.3605,1.36062,1.35947,1.35952,56.28604715967123,64.32033316789223,,,2564
1770391860,1.35955,1.36058,1.35937,1.36043,62.042762587695904,64.05676881954624,,,2159
1770392760,1.36042,1.36154,1.3601,1.36131,66.62058894224039,63.970109677137295,,,2686
1770393660,1.3613,1.36154,1.3604,1.36088,62.64482676173922,63.51009682642763,,,2449
1770394560,1.36089,1.36114,1.36018,1.3608,61.90463994241186,63.4335819850162,,,2258
1770395460,1.36081,1.36149,1.36081,1.36139,65.17292441853002,63.459927494898025,,,2156
1770396360,1.36139,1.36162,1.36025,1.36027,55.44803593047041,62.695216718177555,,,1830
1770397260,1.36028,1.36104,1.36018,1.36082,58.70660799758926,62.91158055884424,,,1716
1770398160,1.36081,1.36106,1.36043,1.36088,59.05841009457686,62.59899367519817,,,1656
1770399060,1.36089,1.36192,1.36069,1.36167,63.471204928215535,62.77086254523489,,,1514
1770399960,1.36167,1.36234,1.36149,1.36188,64.56456616629893,62.92813009145534,,,1451
1770400860,1.36188,1.36225,1.36138,1.362,65.20545995240344,62.714408453646215,,,1296
1770401760,1.36201,1.36213,1.36132,1.36149,60.220451199476386,61.96960085814999,,,1222
1770402660,1.36151,1.36224,1.36147,1.36224,64.51663216384301,61.847368446083046,,,992
1770403560,1.36223,1.36231,1.36135,1.36142,57.23807933848292,61.91537074456959,,,1205
1770404460,1.36142,1.36182,1.36141,1.3615,57.73900568984853,61.60795953758049,,,1060
1770405360,1.36151,1.36165,1.36123,1.36144,57.19782519187256,60.93490498398279,,,976
1770406260,1.36145,1.36172,1.36129,1.36165,58.65836439831345,60.650157672309525,,,1061
1770407160,1.36164,1.36208,1.36137,1.36169,58.945727579636035,60.4388067892541,,,1149
1770408060,1.36168,1.36168,1.36128,1.3616,57.96936923003133,59.92426713293277,,,839
1770408960,1.3616,1.36176,1.36139,1.3614,55.75910166906103,59.94648611426067,,,799
1770409860,1.3614,1.36161,1.36132,1.36148,56.47399258962231,59.78701358512017,,,907
1770410760,1.36149,1.36197,1.36148,1.36181,59.38917849478787,59.810639899420956,,,940
1770411660,1.3618,1.36222,1.36179,1.36195,60.594958269158916,59.60519370948834,,,755
1770412560,1.36195,1.3621,1.36168,1.36179,58.45870831970106,59.169061006159936,,,669
1770413460,1.36179,1.36185,1.36131,1.36134,52.818691169969156,58.28429180741462,,,761
1770414360,1.36135,1.36138,1.36072,1.36092,48.14947260177396,57.422079050435876,,,703
1770588060,1.35912,1.35955,1.35862,1.35949,36.362921008781285,55.411099682217184,,,255
1770588960,1.35949,1.35981,1.35944,1.35969,38.62579187145418,54.08165057742942,,,239
1770589860,1.35968,1.35984,1.35968,1.35982,40.116373172682245,52.82289111191754,,,165
1770590760,1.35982,1.36031,1.35976,1.36031,45.4901785963588,51.986630640809416,,,626
1770591660,1.36022,1.36104,1.35911,1.35918,37.199688699713434,50.45386809090941,,,1189
1770592560,1.35923,1.35942,1.35878,1.3592,37.41708621074529,48.916107993131504,,,1483
1770593460,1.35918,1.36116,1.35915,1.36074,51.375181849635645,48.44509460881752,,,2388
1770594360,1.36073,1.36111,1.36042,1.36062,50.43130399538672,48.064537632126495,,,1802
1770595260,1.36061,1.36206,1.36058,1.36127,55.229431927792895,47.97564044199582,,,2446
1770596160,1.36124,1.3614,1.36074,1.36127,55.2294319277929,47.678515687210464,,,1835
1770597060,1.36124,1.36146,1.36066,1.36093,52.16614284841263,47.07645744287145,,,1662
1770597960,1.36091,1.36127,1.3606,1.36115,53.94611073078323,46.754129043663035,,,1637
1770598860,1.36118,1.36125,1.36033,1.36078,50.53987534155596,46.59135648449065,,,1722
1770599760,1.36078,1.36088,1.36017,1.36087,51.34464324534688,46.819582959031585,,,1489
1770600660,1.36089,1.36124,1.35998,1.36034,46.54201805463653,47.54666131944981,,,2187
1770601560,1.36034,1.3605,1.35984,1.36,43.716997503561736,47.91031886460035,,,1537
1770602460,1.35999,1.35999,1.35908,1.35946,39.60523071003704,47.873808688697125,,,1604
1770603360,1.35943,1.36036,1.35936,1.36033,48.07824078870233,48.058670273864514,,,1060
1770604260,1.36032,1.36092,1.36032,1.36082,52.149997941716194,49.12654950543614,,,952
1770605160,1.36083,1.36083,1.36031,1.3606,50.24482209845979,50.04281635455861,,,983
1770606060,1.3606,1.36067,1.36039,1.3605,49.36207523570239,49.89902302499195,,,850
1770606960,1.36049,1.3608,1.36041,1.3606,50.302372579234216,49.88981363812392,,,691
1770607860,1.36061,1.36061,1.36027,1.36051,49.413052322736135,49.47435795204842,,,612
1770608760,1.36052,1.36054,1.35988,1.36027,47.02548087911384,48.888361448571345,,,887
1770609660,1.36026,1.36056,1.36016,1.36047,49.22713844653858,48.67843256272321,,,601
1770610560,1.36046,1.36053,1.36018,1.3602,46.422178170001146,48.14100880838163,,,578
1770611460,1.36018,1.36025,1.35998,1.36009,45.2899408087095,47.76601348460688,,,600
1770612360,1.3601,1.36048,1.36009,1.36035,48.487994648063506,47.56196715622949,,,618
1770613260,1.36036,1.36113,1.36034,1.36103,55.770068816745216,48.22111363923726,,,728
1770614160,1.36102,1.36143,1.36099,1.3614,59.15365567501495,49.32373208005534,,,565
1770615060,1.36142,1.36171,1.36127,1.36127,57.489567185863116,50.601184685471495,,,631
1770615960,1.36128,1.36216,1.36128,1.36213,64.58694607673951,51.7803779203313,,,825
1770616860,1.36212,1.3629,1.36162,1.36165,58.69657452148283,52.247990533171766,,,2416
1770617760,1.36166,1.36171,1.36051,1.36091,50.977709845075104,52.30033965793,,,1332
1770618660,1.36091,1.36217,1.36091,1.36194,59.049813693322676,52.99232097633145,,,1890
1770619560,1.36194,1.36239,1.36126,1.36131,53.27180051465354,53.20442297171855,,,1894
1770620460,1.36134,1.36154,1.35997,1.35999,43.637177727434285,52.79186050062555,,,2293
1770621360,1.35998,1.36024,1.35883,1.35958,41.147866103027106,52.37203087376222,,,2382
1770622260,1.35959,1.36062,1.35954,1.36028,46.734701132699435,52.19399963705943,,,2269
1770623160,1.36027,1.3607,1.35937,1.3607,49.81313370627898,52.436210746793556,,,2111
1770624060,1.3607,1.36109,1.35954,1.36006,45.49801185353595,52.45107296428115,,,2740
1770624960,1.36012,1.36076,1.35917,1.35924,40.6403707638613,51.89052840112385,,,2542
1770625860,1.35925,1.35963,1.35864,1.35958,43.341514610229986,51.00277452922991,,,2424
1770626760,1.35958,1.36041,1.35958,1.36018,47.85131109566888,50.195464202133756,,,2274
1770627660,1.36019,1.36124,1.36014,1.36039,49.370284595067794,49.61551544564838,,,2067
1770628560,1.36038,1.36089,1.36031,1.36047,49.96815723243153,48.571316242483526,,,1796
1770629460,1.36048,1.36087,1.35984,1.36003,46.70165586985999,47.71453633879618,,,1938
1770630360,1.36004,1.36017,1.35963,1.36016,47.787676045246094,47.48667678166554,,,1828
1770631260,1.36015,1.36114,1.35986,1.3609,53.58533242809062,47.09635669129182,,,2059
1770632160,1.36091,1.36111,1.36037,1.36044,49.877700079319055,46.85392094591077,,,1830
1770633060,1.36041,1.3608,1.35943,1.3608,52.63952494755605,47.49694574734804,,,2332
1770633960,1.36081,1.36143,1.3603,1.36044,49.690854139940306,48.107159178556124,,,2169
1770634860,1.36043,1.36226,1.35932,1.36161,57.937501746739066,48.907359222416105,,,2786
1770635760,1.36161,1.36209,1.36099,1.36149,56.9071689105344,49.41407602272006,,,1699
1770636660,1.36158,1.36395,1.36146,1.3633,66.56537114713416,50.918887400834215,,,2575
1770637560,1.36328,1.3645,1.36309,1.36409,69.75193128256231,52.998284580741434,,,2982
1770638460,1.3641,1.36445,1.36387,1.36431,70.59248262727729,54.94478229624481,,,1908
1770639360,1.36431,1.36504,1.36431,1.36481,72.46523347166689,56.702919608816096,,,1725
1770640260,1.36482,1.36528,1.36437,1.36497,73.05653599369785,58.39479470871824,,,1534
1770641160,1.36498,1.36622,1.36497,1.36604,76.66544789628315,60.3017440418505,,,2154
1770642060,1.36605,1.36699,1.36536,1.36539,70.48874266023594,62.00082166973449,,,2980
1770642960,1.36538,1.36631,1.36496,1.36586,72.23090307019629,63.74676645723094,,,3024
1770643860,1.36584,1.36642,1.3643,1.36433,59.84549909398984,64.19392121908088,,,2885
1770644760,1.36432,1.36539,1.3643,1.36506,63.09686953528251,65.13814760879256,,,2535
1770645660,1.36507,1.36523,1.36215,1.36272,49.31299574023175,64.90053837969796,,,3826
1770646560,1.36273,1.36526,1.36272,1.36459,57.33442115695773,65.44650745234208,,,3691
1770647460,1.36459,1.36477,1.36253,1.36398,54.314842400295866,65.18774607045327,,,3741
1770648360,1.36399,1.3652,1.36307,1.36517,58.86611141376153,65.3276705349695,,,3108
1770649260,1.36513,1.36641,1.36469,1.36621,62.39229761372673,65.02959385401182,,,3388
1770650160,1.3662,1.36692,1.3658,1.36657,63.55689208997389,64.58709105454122,,,2578
1770651060,1.36656,1.36876,1.36628,1.36722,65.62663099907873,64.23238736681276,,,2842
1770651960,1.3672,1.36858,1.36697,1.36821,68.55581726905913,63.953143352340774,,,2911
1770652860,1.36819,1.3691,1.36761,1.36871,69.94867882808938,63.73115355479731,,,2650
1770653760,1.36869,1.36872,1.36672,1.3668,59.16681423414927,62.48125115035918,,,2279
1770654660,1.36682,1.36728,1.36643,1.36698,59.795755490812375,61.71746635254321,,,2130
1770655560,1.36697,1.36699,1.36624,1.36675,58.55467930966615,60.74059322679106,,,1621
1770656460,1.36675,1.36692,1.36638,1.36676,58.594917513365,60.651265971032146,,,1822
1770657360,1.36676,1.36711,1.36638,1.36688,59.10797686463212,60.36634506598569,,,1279
1770658260,1.36689,1.36713,1.3665,1.36711,60.127778399336734,61.13882954163604,,,1296
1770659160,1.36712,1.36759,1.36704,1.36709,59.98768231749349,61.328348195960025,,,1441
1770660060,1.3671,1.36757,1.36688,1.3675,61.94517053198913,61.87337163393811,,,1360
1770660960,1.36749,1.36787,1.36644,1.36758,62.33239630361668,62.120963411784906,,,1873
1770661860,1.36762,1.36819,1.36746,1.36807,64.70158910504534,62.285912804021955,,,1534
1770662760,1.36807,1.36913,1.36795,1.3688,67.93712577822976,62.59878663889737,,,1489
1770663660,1.36881,1.36917,1.36845,1.36915,69.38603323154874,62.867315369788095,,,1408
1770664560,1.36915,1.36925,1.36872,1.36923,69.72282400590066,62.950672993848194,,,1093
1770665460,1.36922,1.37003,1.36907,1.3698,72.07966736884451,63.102886461044996,,,1469
1770666360,1.3698,1.36989,1.3694,1.36973,71.34517409260138,63.9727693080773,,,1308
1770667260,1.36973,1.36982,1.36941,1.36948,68.65444268098346,64.6055326788038,,,1015
1770668160,1.36949,1.36952,1.3692,1.36942,67.99168090990057,65.27960422167769,,,1238
1770669060,1.36943,1.36991,1.36943,1.36979,69.92009552226226,66.0885455080275,,,1228
1770669960,1.3698,1.36981,1.36946,1.36951,66.64771498741919,66.6270982310837,,,1205
1770670860,1.36952,1.36967,1.36914,1.36925,63.66794579575614,66.87996733082797,,,965
1770671760,1.36926,1.36941,1.36909,1.36923,63.433007402383325,67.12606197974867,,,999
1770672660,1.36923,1.36989,1.36923,1.36987,67.55844043957791,67.52700983029072,,,644
1770673560,1.36987,1.36995,1.36939,1.36949,63.012777522880356,67.57560848880955,,,800
1770674460,1.36861,1.36952,1.3685,1.36883,55.96893443311851,66.95184744081479,,,269
1770675360,1.36884,1.36953,1.36864,1.36886,56.20855952007103,66.11409270808916,,,885
1770676260,1.36887,1.3692,1.3688,1.36916,58.63300142837251,65.3460190078623,,,294
1770677160,1.36918,1.36945,1.36864,1.3694,60.516282981004714,64.68840893465544,,,799
1770678060,1.36965,1.36968,1.3691,1.3691,57.02169438343648,63.612839435697715,,,620
1770678960,1.36911,1.36916,1.36862,1.36867,52.354955619345716,62.2563952590366,,,684
1770679860,1.36867,1.36873,1.36838,1.36848,50.392459717640016,60.95196790451207,,,592
1770680760,1.36849,1.36851,1.36818,1.36824,47.94756670772406,59.520245461499464,,,513
1770681660,1.36825,1.3684,1.36779,1.36798,45.37897109837902,57.76730800265066,,,828
1770682560,1.36796,1.36813,1.36778,1.3678,43.63612444838133,56.123622964147955,,,618
1770683460,1.36779,1.36779,1.36727,1.36744,40.30225522901292,54.45464506652344,,,812
1770684360,1.36747,1.36823,1.36721,1.36821,49.23595784365731,53.440570098043004,,,1519
1770685260,1.36821,1.36839,1.36782,1.36836,50.781176738987504,52.242194119429406,,,1476
1770686160,1.36837,1.36839,1.36744,1.36746,42.43489758604514,50.772345552512604,,,1308
1770687060,1.36746,1.3687,1.36744,1.36823,50.00572460023361,50.34640199302083,,,1511
1770687960,1.36824,1.36898,1.36823,1.3686,53.191426467952425,50.13089248929806,,,1733
1770688860,1.36859,1.36882,1.36843,1.36868,53.87578981352823,49.79109165966633,,,1155
1770689760,1.36867,1.36882,1.36842,1.36877,54.6785799887951,49.3741128745085,,,1105
1770690660,1.36878,1.36893,1.36843,1.3689,55.873283781146796,49.292083545773515,,,1117
1770691560,1.36891,1.36941,1.36878,1.3694,60.217037460401144,49.85366082013462,,,1285
1770692460,1.36939,1.36963,1.36913,1.36914,57.07097803100875,50.3306978425181,,,1190
1770693360,1.36913,1.36929,1.36866,1.36892,54.47740794427923,50.797115073700624,,,1080
1770694260,1.36891,1.3692,1.36889,1.36907,55.9473754111833,51.55200109604378,,,1008
1770695160,1.36909,1.36918,1.36841,1.36859,50.34500534022587,52.03120687403267,,,850
1770696060,1.36858,1.36865,1.36824,1.36826,46.87008239854794,52.50033738614233,,,705
1770696960,1.36827,1.36838,1.36809,1.36816,45.83760291947873,52.257597748700995,,,734
1770697860,1.36817,1.3684,1.36799,1.36821,46.472520269601276,51.94983657231626,,,664
1770698760,1.36822,1.36849,1.36809,1.36824,46.87491739567877,52.26698084443295,,,781
1770699660,1.36826,1.36828,1.36802,1.36824,46.87491739567878,52.043351758393314,,,820
1770700560,1.36825,1.3684,1.36798,1.36816,45.809854905285924,51.51609664677427,,,757
1770701460,1.36817,1.36823,1.36761,1.3677,40.159503736892844,50.5363619270146,,,821
1770702360,1.36772,1.36789,1.36745,1.36762,39.25272123196693,49.43451487295545,,,830
1770703260,1.36761,1.36818,1.36712,1.36717,34.52974867131712,47.90997665082475,,,992
1770704160,1.36718,1.3675,1.36682,1.36731,37.06677989155506,46.256386824478604,,,1008
1770705060,1.3673,1.36757,1.36684,1.36694,33.384742411607206,44.56451285166421,,,1353
1770705960,1.36695,1.36751,1.3668,1.3674,41.20441950052944,43.616442248539215,,,1206
1770706860,1.36741,1.36792,1.36705,1.36762,44.55650610712488,42.802808726820764,,,1603
1770707760,1.36761,1.36796,1.36703,1.36727,40.59156791149253,42.10613462476838,,,1512
1770708660,1.36728,1.36742,1.36672,1.36701,37.893922619216454,41.46498035481613,,,1503
1770709560,1.367,1.36738,1.36685,1.3672,40.98071823059354,41.11806001989576,,,1711
1770710460,1.3672,1.36742,1.36637,1.36709,39.74896594516037,40.63780613957855,,,2050
1770711360,1.36709,1.36734,1.36638,1.36714,40.622594916691995,40.19121167679378,,,1990
1770712260,1.36713,1.36795,1.36684,1.3678,50.76992203814133,40.46942629411253,,,1644
1770713160,1.36779,1.36788,1.36686,1.36715,42.97972892776249,40.26727443857514,,,1947
1770714060,1.36714,1.36844,1.36707,1.36771,50.085737676333885,40.97629114853521,,,2026
1770714960,1.36771,1.36775,1.36711,1.3674,46.6219946780204,41.50266782325332,,,1828
1770715860,1.3674,1.3674,1.3666,1.36661,39.18494174446469,41.835181614192436,,,1560
1770716760,1.3666,1.367,1.36655,1.36697,43.60012049740331,42.30184880032444,,,1277
1770717660,1.36697,1.36739,1.3668,1.36725,46.83321063588737,43.262453673487315,,,1550
1770718560,1.36723,1.36725,1.3658,1.36594,36.33786038513155,42.914842308101754,,,1725
1770719460,1.36595,1.36693,1.36578,1.36684,45.39214280957937,42.974530643991365,,,1457
1770720360,1.36683,1.36684,1.36621,1.36646,42.63496671041115,43.120487701056966,,,1477
1770721260,1.36647,1.36656,1.36619,1.36637,41.984512791955844,43.4126727133955,,,1484
1770722160,1.36638,1.36639,1.36586,1.36611,40.08205049442325,43.348482160811905,,,1391
1770723060,1.36612,1.36629,1.36604,1.36613,40.306127877038215,43.388279441660316,,,1262
1770723960,1.36614,1.36643,1.36606,1.36635,42.838469522390405,43.54655619921021,,,1094
1770724860,1.36635,1.36757,1.36623,1.36753,54.08859028173954,43.7836039308958,,,1496
1770725760,1.36752,1.36888,1.36746,1.36779,56.1370489565618,44.723412504381464,,,1870
1770726660,1.3678,1.36847,1.36742,1.3675,53.281482870950434,44.95168001828265,,,1590
1770727560,1.36749,1.36929,1.36714,1.36856,61.075453260906734,45.98406991706024,,,3547
1770728460,1.36856,1.36896,1.36709,1.36758,52.37574293589202,46.92627000216219,,,2692
1770729360,1.36759,1.36819,1.36661,1.36769,53.18186990419468,47.61068067407586,,,2173
1770730260,1.36774,1.36913,1.36745,1.36801,55.53958191240563,48.23256433668431,,,3610
1770731160,1.36802,1.36849,1.36758,1.36828,57.48501882399849,49.74307565374623,,,2360
1770732060,1.36827,1.36862,1.36766,1.36851,59.12576718422922,50.72404882336407,,,2523
1770732960,1.3685,1.36959,1.36819,1.36921,63.71539317839496,52.22979357107721,,,2535
1770733860,1.36922,1.36967,1.36742,1.36762,49.98578937762688,52.80131332719657,,,3547
1770734760,1.36761,1.36811,1.36704,1.36754,49.40889497588194,53.467516504443616,,,3031
1770735660,1.36755,1.36766,1.36556,1.36591,39.4249308713269,53.40457386117851,,,2874
1770736560,1.3659,1.36638,1.36534,1.36603,40.3800722073246,53.22897405295953,,,2420
1770737460,1.36604,1.36629,1.36542,1.36586,39.43150216869358,52.182039187741964,,,2851
1770738360,1.36586,1.3681,1.36553,1.36718,49.3757245054542,51.699087441234276,,,3660
1770739260,1.36718,1.36727,1.36598,1.3666,45.81627721109887,51.165858465530604,,,2914
1770740160,1.36671,1.36693,1.36597,1.36671,46.602488862002616,50.13207529418031,,,2009
1770741060,1.36674,1.36718,1.36633,1.36704,48.993607797790716,49.890494212887354,,,2237
1770741960,1.36705,1.36726,1.36619,1.36624,43.86542776810959,49.225034060309845,,,2224
1770742860,1.36622,1.36661,1.36583,1.36624,43.86542776810959,48.391165907145854,,,2104
1770743760,1.36624,1.36649,1.36587,1.36633,44.62171236230423,47.47235830273912,,,1833
1770744660,1.36632,1.36637,1.36548,1.36548,39.244091112754994,46.05223858334811,,,1681
1770745560,1.36549,1.36551,1.36436,1.36536,38.53796901012406,44.25385114275732,,,1692
1770746460,1.36537,1.36542,1.36484,1.36498,36.30995327151817,43.2770057066067,,,1300
1770747360,1.36498,1.3652,1.36429,1.36443,33.30839414642432,42.12696993307401,,,1593
1770748260,1.36442,1.36457,1.36428,1.36446,33.630673047921775,41.713094374259356,,,1403
1770749160,1.36445,1.36462,1.36426,1.3643,32.7224552799609,41.16612173659052,,,1452
1770750060,1.36429,1.36461,1.36402,1.36427,32.544985474773455,40.67422768702479,,,1302
1770750960,1.36428,1.36503,1.36428,1.36493,40.22568165090397,40.02065319741406,,,1264
1770751860,1.36494,1.36529,1.36487,1.36527,43.777233986650685,39.875007252810626,,,1210
1770752760,1.36528,1.36569,1.36496,1.36568,47.804637355234334,39.96087500232718,,,1146
1770753660,1.36568,1.36574,1.36517,1.36537,45.16997313394159,39.687758240623666,,,1005
1770754560,1.36536,1.36569,1.36529,1.3655,46.5015396660952,39.876051947622635,,,1175
1770755460,1.36549,1.36551,1.36514,1.36528,44.530627635346605,39.92356622385386,,,890
1770756360,1.36529,1.36529,1.36421,1.3643,37.00635826305151,39.379612359621525,,,1211
1770757260,1.36431,1.36449,1.3639,1.36403,35.23967077621781,39.09358233558315,,,833
1770758160,1.36404,1.36418,1.36397,1.36398,34.90732445924881,38.834250581949206,,,430
1770759060,1.36398,1.36405,1.36388,1.36393,34.55635315066232,38.70899343045949,,,391
1770759960,1.36394,1.36423,1.36375,1.36414,37.40305613347087,39.00146928667711,,,696
1770760860,1.36501,1.36514,1.36383,1.36396,35.959204292902115,39.167792947032844,,,480
1770761760,1.36408,1.36408,1.36363,1.36371,33.99629890222022,39.258781777194216,,,539
1770762660,1.36368,1.36394,1.36366,1.36375,34.611329142882425,39.406377753487725,,,832
1770763560,1.36375,1.36385,1.36352,1.36378,35.09977935379793,39.04024187512301,,,1146
1770764460,1.36377,1.3638,1.36315,1.36328,30.950110604394965,38.12401877639046,,,811
1770765360,1.36327,1.36352,1.36327,1.36338,32.66472459694985,37.042596436512994,,,317
1770766260,1.36338,1.3635,1.36318,1.36319,31.085307522174915,36.036548892815375,,,256
1770767160,1.36319,1.3634,1.36319,1.36328,32.74421090307864,35.05388255259991,,,387
1770768060,1.36328,1.3635,1.36316,1.36329,32.93737747671986,34.22579325555514,,,445
1770768960,1.36328,1.36388,1.36328,1.36364,39.488190062024046,34.403066955481755,,,569
1770769860,1.36363,1.36408,1.36357,1.364,45.39638943640885,35.12854685978111,,,898
1770770760,1.36399,1.36429,1.36375,1.36428,49.52436400414535,36.172621112988004,,,2990
1770771660,1.36432,1.36472,1.36424,1.36456,53.324420508202316,37.51319735281229,,,3153
1770772560,1.36455,1.36492,1.36432,1.36465,54.509900697591235,38.73511482167803,,,1059
1770773460,1.36466,1.36466,1.36391,1.36423,48.339691093263724,39.619435307418144,,,1406
1770774360,1.36422,1.36462,1.364,1.36461,53.47141583701328,41.0105150884748,,,1027
1770775260,1.36462,1.36496,1.3645,1.36453,52.29368333296133,42.27354038776615,,,940
1770776160,1.36455,1.36558,1.36455,1.36558,63.61966127216319,44.31067481050651,,,1338
1770777060,1.36557,1.3661,1.36548,1.36581,65.54906897536557,46.78202897986156,,,1505
1770777960,1.36581,1.3659,1.36558,1.36586,65.97156833480497,49.16108924685121,,,864
1770778860,1.36588,1.366,1.3657,1.36579,64.7738965073292,51.567417031505094,,,746
1770779760,1.36579,1.36616,1.3655,1.36614,67.91075687136063,54.07931317209666,,,857
1770780660,1.36613,1.36637,1.3659,1.36636,69.73511037170081,56.707722664595295,,,891
1770781560,1.36638,1.3668,1.36638,1.36653,71.10228487312209,58.96587229395944,,,911
1770782460,1.36653,1.36671,1.36648,1.36665,72.061689915732,60.8705366139111,,,728
1770783360,1.36668,1.36698,1.36663,1.36664,71.84762065022807,62.465054945774156,,,826
1770784260,1.36664,1.36666,1.36588,1.36604,60.27742949996148,62.96169844518552,,,775
1770785160,1.36603,1.36633,1.36585,1.36587,57.454286148281106,63.17201169166337,,,771
1770786060,1.36587,1.36662,1.3658,1.3666,65.02869391707299,64.36408332193547,,,1000
1770786960,1.36659,1.3669,1.36639,1.36669,65.8362319110136,65.24728447007834,,,858
1770787860,1.36666,1.367,1.36652,1.36687,67.45487726509762,66.33022689380236,,,1120
1770788760,1.36686,1.36704,1.36668,1.36699,68.52550415421788,66.68064424252056,,,970
1770789660,1.36699,1.36778,1.36688,1.36705,69.07332697943744,66.9323769570971,,,1512
1770790560,1.36704,1.36759,1.3669,1.3669,65.98141135473294,66.93308002994912,,,1056
1770791460,1.36692,1.36722,1.36674,1.3669,65.98141135473294,67.01933109047795,,,1270
1770792360,1.3669,1.36715,1.36667,1.36691,66.09874192516159,66.88990145146374,,,1164
1770793260,1.36691,1.36706,1.36644,1.36663,59.87199344622739,66.1853930996442,,,1801
1770794160,1.36663,1.36739,1.36651,1.3672,66.74080197568917,65.87385860697043,,,1384
1770795060,1.36721,1.36722,1.36668,1.36706,63.84990927491923,65.28730284691237,,,1468
1770795960,1.36704,1.36781,1.36659,1.36759,69.27561534257435,65.10358818207996,,,1777
1770796860,1.36759,1.36793,1.36708,1.3671,60.26928623202166,65.10300652008426,,,2289
1770797760,1.36711,1.3683,1.3669,1.36795,68.03310522196867,65.85863645391909,,,2001
1770798660,1.36795,1.36898,1.36781,1.36891,74.17184711184544,66.51171882497427,,,1859
1770799560,1.36889,1.36937,1.36847,1.36929,76.1261772687781,67.24671492195743,,,1599
1770800460,1.36929,1.36938,1.3684,1.36862,66.56278520711294,67.18299406067283,,,1666
1770801360,1.36861,1.36954,1.36839,1.36953,71.75316365968574,67.41354116820624,,,1423
1770802260,1.36953,1.3699,1.36931,1.36977,72.94593183478405,67.69015580073099,,,1726
1770803160,1.36978,1.3698,1.36922,1.36941,68.28786509078745,67.85490249616346,,,1597
1770804060,1.3694,1.36953,1.36883,1.36887,61.90245963877867,67.56354880216672,,,1559
1770804960,1.36888,1.36938,1.36862,1.36871,60.108984982833135,67.13570902057184,,,1472
1770805860,1.3687,1.37101,1.36867,1.37038,69.90863215837496,67.85261178572523,,,1768
1770806760,1.3704,1.37124,1.37021,1.37051,70.51583767807281,68.12225719303835,,,1975
1770807660,1.3705,1.37052,1.36988,1.37007,65.68467310820083,68.25331175255846,,,1515
1770808560,1.37008,1.37033,1.36994,1.37018,66.30617178960694,68.04120864163221,,,1262
1770809460,1.37018,1.37018,1.3691,1.36927,57.09374603869791,67.8143843421091,,,1913
1770810360,1.36926,1.36966,1.36905,1.36905,55.10058571514348,66.89063294876443,,,1774
1770811260,1.36904,1.36912,1.3685,1.36863,51.41065569058389,65.26483356153146,,,1793
1770812160,1.36863,1.36872,1.36778,1.36796,46.10630280616835,63.120556814202196,,,1886
1770813060,1.36797,1.36841,1.36757,1.36839,49.69370396681448,61.91562243989517,,,1678
1770813960,1.3684,1.3685,1.36787,1.36788,45.799744508261426,60.061806786222,,,1851
1770814860,1.36788,1.36836,1.36779,1.36811,47.78681196875356,58.264726795791255,,,1779
1770815760,1.36809,1.36904,1.36101,1.36187,23.07253173348144,55.03506012741225,,,2517
1770816660,1.36179,1.36577,1.36096,1.36481,39.063210594953915,53.40368519571048,,,6799
1770817560,1.3648,1.36597,1.3636,1.36408,37.00627341617625,51.75349151237784,,,5381
1770818460,1.36412,1.367,1.36412,1.36668,47.59129388380659,50.15939592133724,,,4835
1770819360,1.36667,1.36702,1.36428,1.36515,43.01115857484569,48.19477598539245,,,4086
1770820260,1.36514,1.36586,1.36438,1.36574,45.20127166325991,46.73167588218239,,,4557
1770821160,1.36574,1.36614,1.36447,1.36614,46.696893830689945,45.33101317083117,,,4506
1770822060,1.36615,1.36671,1.36495,1.36544,44.4124580418264,44.42520688534035,,,4420
1770822960,1.36545,1.36652,1.36418,1.3643,40.90301812550639,43.41109491465199,,,4148
1770823860,1.3643,1.36453,1.36314,1.36352,38.65248771008553,42.49979720175925,,,4222
1770824760,1.36355,1.36515,1.36264,1.36305,37.320012164511354,41.87220501306947,,,4155
1770825660,1.36306,1.36416,1.36284,1.36389,41.22011989924054,41.266949008242754,,,3459
1770826560,1.36388,1.36469,1.36368,1.36438,43.43130616803032,41.09777484108339,,,3044
1770827460,1.36438,1.36568,1.36428,1.36488,45.67694260000808,40.947069886173004,,,2856
1770828360,1.36488,1.36553,1.36435,1.36519,47.07963517082148,42.66186298884015,,,2747
1770829260,1.36518,1.36621,1.36448,1.36618,51.39591185166,43.542770221462014,,,3044
1770830160,1.36616,1.36677,1.36558,1.36611,51.078682283434155,44.54794228340901,,,2614
1770831060,1.36612,1.36646,1.36577,1.36616,51.30985829713771,44.813554027218366,,,2259
1770831960,1.36617,1.3663,1.36559,1.36571,49.062751480316294,45.24581066332342,,,2230
1770832860,1.36573,1.36589,1.36448,1.36476,44.62003514347549,45.2042937690531,,,2326
1770833760,1.36476,1.36529,1.36462,1.36501,46.00566106664395,45.15492000019267,,,1871
1770834660,1.36502,1.36544,1.36437,1.36473,44.657955968576374,45.1724555663891,,,1928
1770835560,1.36473,1.36505,1.36357,1.36376,40.258129258392565,45.12639207588097,,,1772
1770836460,1.36377,1.36412,1.36357,1.36384,40.77637371181936,45.278098218861956,,,2037
1770837360,1.36383,1.36384,1.36345,1.36349,39.17523061490912,45.410613822461805,,,1420
1770838260,1.3635,1.3639,1.36337,1.36339,38.70756649212686,45.23114572195369,,,1481
1770839160,1.36338,1.36368,1.36326,1.36341,38.86475790142181,44.904963702910216,,,1343
1770840060,1.3634,1.36341,1.36288,1.36326,38.07604361873501,44.362042347104996,,,1511
1770840960,1.36328,1.36333,1.36295,1.36309,37.15573820112404,43.65319256355519,,,1058
1770841860,1.36311,1.36312,1.36258,1.36263,34.710955176449986,42.46140994389732,,,1047
1770842760,1.36263,1.36288,1.36205,1.36217,32.41410263880444,41.12822568356663,,,1272
1770843660,1.36216,1.3625,1.36191,1.36193,31.25216001975015,39.69553294946752,,,946
1770844560,1.36192,1.36263,1.36191,1.36241,36.179637248685836,38.77531050435106,,,547
1770845460,1.3624,1.36277,1.36215,1.36238,36.00593542920743,38.16001766761763,,,708
1770846360,1.36237,1.3628,1.36232,1.36279,40.22945635988857,37.7474316171351,,,701
1770847260,1.36229,1.36289,1.36222,1.36266,39.34282183037929,37.367779178692444,,,295
1770848160,1.3626,1.36268,1.36203,1.36218,36.1727804069784,37.07596854644858,,,428
1770849060,1.36219,1.36269,1.36218,1.3625,39.663180937865754,36.99645477688046,,,455
1770849960,1.36252,1.36287,1.36211,1.36232,38.39140513551809,36.94046724263824,,,682
1770850860,1.36259,1.36285,1.36212,1.3623,38.24466932995538,36.90740315962599,,,559
1770851760,1.36231,1.36277,1.36226,1.36267,42.61446321960988,37.17523925378229,,,536
1770852660,1.36262,1.36273,1.36199,1.36204,37.72023317169839,37.1498242218511,,,510
1770853560,1.36205,1.36258,1.36204,1.36247,42.56853697772086,37.53645270589373,,,684
1770854460,1.36246,1.36249,1.36156,1.36209,39.63229467857326,37.88797695604539,,,1163
1770855360,1.36209,1.36281,1.36196,1.36278,46.807054733788746,38.916044962829986,,,1087
1770856260,1.36278,1.36284,1.36245,1.36277,46.72038953024275,40.02091849929375,,,998
1770857160,1.36278,1.36319,1.36265,1.36319,50.83757750146974,41.06791423163546,,,1405
1770858060,1.3632,1.36354,1.36267,1.36344,53.1579155858356,42.29305567139461,,,1623
1770858960,1.36345,1.36349,1.36293,1.36305,49.25259748370458,42.93756575166719,,,1539
1770859860,1.36306,1.3638,1.36304,1.36353,53.7556637253682,43.967054458452104,,,1637
1770860760,1.36353,1.36411,1.36314,1.364,57.7124979330918,45.50560571031735,,,1533
1770861660,1.36402,1.36421,1.36388,1.36396,57.263428529072264,46.762766252546385,,,1368
1770862560,1.36395,1.36408,1.36333,1.36342,51.44380212455875,47.69508032319215,,,1284
1770863460,1.36342,1.36371,1.36336,1.36348,52.02718693648024,48.679545866515355,,,996
1770864360,1.36349,1.36358,1.36307,1.36339,51.0366547580071,49.28113097640087,,,1150
1770865260,1.3634,1.3636,1.36317,1.36327,49.67855820470928,50.13529705018736,,,1228
1770866160,1.36331,1.36356,1.36321,1.3635,52.29861501788636,50.8303026244849,,,1149
1770867060,1.36351,1.36372,1.36334,1.36348,52.04485553354499,51.71691411412574,,,1111
1770867960,1.36349,1.36352,1.36266,1.36321,48.615405648025046,51.84608203657119,,,1249
1770868860,1.3632,1.36357,1.36267,1.3627,42.8691770946304,51.570995434027445,,,1212
1770869760,1.36269,1.36287,1.36229,1.36258,41.622558758873,50.91277980955624,,,912
1770870660,1.36258,1.36282,1.36226,1.3624,39.75507479712261,49.95543403893389,,,1075
1770871560,1.36243,1.36263,1.36202,1.36243,40.236355679747675,49.31141676722268,,,1060
1770872460,1.36241,1.36248,1.36208,1.3624,39.893144759450784,48.32123684108573,,,1048
1770873360,1.36234,1.36244,1.36179,1.36182,33.87675827786964,46.61868400856986,,,1179
1770874260,1.36182,1.36211,1.36177,1.3619,35.325585627243015,45.05169522986777,,,1110
1770875160,1.36189,1.36231,1.36179,1.3621,38.92827938057559,44.157729319583254,,,991
1770876060,1.36207,1.36256,1.36169,1.36213,39.472933024348684,43.26099689728814,,,1124
1770876960,1.36214,1.36217,1.36121,1.36123,30.643630262480045,41.80435229046477,,,2223
1770877860,1.36123,1.36198,1.36046,1.36179,39.684064305561776,41.0904598690971,,,2370
1770878760,1.36179,1.36191,1.36121,1.36133,35.581277469814225,39.896364329949094,,,1812
1770879660,1.36134,1.36208,1.36134,1.36191,43.511377064037625,39.2868301535557,,,1989
1770880560,1.36191,1.36346,1.36189,1.36343,58.07675361504088,39.96264072262826,,,1717
1770881460,1.36344,1.36345,1.36274,1.36328,56.52774183657447,40.93825248990998,,,1666
1770882360,1.36327,1.36354,1.36252,1.36351,58.36160783972484,42.13389885282796,,,1692
1770883260,1.36345,1.36467,1.36332,1.36462,65.84911411459397,43.99775880407594,,,2152
1770884160,1.36462,1.36463,1.36341,1.36377,57.34516444828922,45.21981657325748,,,1871
1770885060,1.36378,1.36393,1.36272,1.36285,49.842370514161594,45.93047555573683,,,1898
1770885960,1.36285,1.36411,1.36267,1.3641,57.90168025978067,47.64654141158761,,,2151
1770886860,1.36409,1.36493,1.36393,1.36469,61.08042473637374,49.486172776525514,,,2050
1770887760,1.36468,1.36539,1.36452,1.36491,62.22578383475129,51.15028023753806,,,1857
1770888660,1.36491,1.36512,1.36475,1.36501,62.76222159886449,52.81380085000348,,,1607
1770889560,1.365,1.36503,1.3645,1.36477,60.54012408104365,54.949264694186596,,,1435
1770890460,1.36476,1.36494,1.36386,1.364,53.94151889031529,55.96765430738328,,,1837
1770891360,1.36401,1.36442,1.3638,1.3642,55.30421604945535,57.3764356345005,,,1557
1770892260,1.36421,1.36442,1.36404,1.36412,54.608242692600015,58.16906889368353,,,1299
1770893160,1.36412,1.36417,1.36368,1.36389,52.5603138793567,57.7750374839918,,,1331
1770894060,1.3639,1.36438,1.36352,1.36438,56.31872981758524,57.760108054064,,,1237
1770894960,1.36438,1.36485,1.36413,1.3644,56.4703186198616,57.62501596693091,,,1371
1770895860,1.36441,1.36452,1.36353,1.36392,51.822136830829116,56.62308901809056,,,1348
1770896760,1.364,1.36511,1.36391,1.3649,59.2052088161959,56.75594933008389,,,1584
1770897660,1.36489,1.36499,1.36449,1.36455,55.9098368274693,57.18933978103445,,,1610
1770898560,1.36455,1.36473,1.36416,1.36447,55.154171458694364,56.99308915238542,,,1657
1770899460,1.36449,1.36469,1.36319,1.36338,46.026316884849926,55.917795734419435,,,1710
1770900360,1.36339,1.3634,1.36218,1.36311,44.080256079717984,54.62168660905991,,,2141
1770901260,1.36311,1.36365,1.36299,1.3631,44.006042493993185,53.28195953014053,,,2064
1770902160,1.36308,1.36398,1.36289,1.36361,48.74547536355182,52.43948462174826,,,2031
1770903060,1.3636,1.36521,1.36348,1.36462,56.5830303666414,52.628164012914404,,,2338
1770903960,1.36463,1.36513,1.36458,1.36499,59.05323547943537,52.89595111505583,,,2151
1770904860,1.365,1.36569,1.36422,1.36492,58.3765406420591,53.16511525430291,,,2723
1770905760,1.36491,1.36618,1.36476,1.36618,65.94186021359062,54.12093999246248,,,2723
1770906660,1.3662,1.36691,1.36593,1.36643,67.21511951615084,54.89925354236003,,,3290
1770907560,1.36642,1.3668,1.366,1.36623,65.11777321035487,55.5169288702524,,,2956
1770908460,1.36624,1.36714,1.36621,1.36704,69.29638807648234,56.76508967351334,,,3090
1770909360,1.36703,1.36715,1.36632,1.36686,67.3651509555379,57.347942683466336,,,2277
1770910260,1.36686,1.36697,1.36509,1.36532,53.601469892056414,57.18305933093684,,,2794
1770911160,1.36538,1.36591,1.36495,1.36546,54.5113709284277,57.13714500734637,,,3000
1770912060,1.36547,1.3658,1.3627,1.36282,38.98556011075582,56.63423380919679,,,3836
1770912960,1.36281,1.36312,1.36185,1.36242,37.254216123236176,56.146659526590945,,,4566
1770913860,1.36241,1.36356,1.36212,1.363,41.323311472506695,55.95503588219905,,,4619
1770914760,1.36299,1.36326,1.36161,1.36282,40.44666353672274,55.362263608854114,,,4140
1770915660,1.36283,1.3633,1.36202,1.36222,37.58445187175864,54.005222287791064,,,3767
1770916560,1.36221,1.36324,1.36198,1.36227,37.97833367055159,52.499872158585084,,,3659
1770917460,1.36226,1.36294,1.36179,1.3622,37.62039453194788,51.01729029357714,,,3029
1770918360,1.36221,1.36255,1.36187,1.36194,36.25365707604923,48.89670435518133,,,2710
1770919260,1.36195,1.36241,1.36088,1.36096,31.594469180001425,46.35237218831351,,,2799
1770920160,1.36095,1.36116,1.36049,1.36096,31.594469180001425,43.95785047185969,,,2516
1770921060,1.36097,1.3616,1.36074,1.36148,36.60795509123191,41.622962401484656,,,2177
1770921960,1.36147,1.36194,1.36129,1.36192,40.57658160207619,39.709493161951684,,,2426
1770922860,1.36191,1.36209,1.3615,1.36198,41.11792374810211,38.81781129452637,,,1767
1770923760,1.36198,1.36244,1.36191,1.36221,43.252076270841975,38.01357596184168,,,1837
1770924660,1.3622,1.36249,1.36207,1.3621,42.459453989880735,38.26171123892203,,,1533
1770925560,1.3621,1.36265,1.362,1.36241,45.49111280696128,38.85006100204525,,,1785
1770926460,1.36241,1.36245,1.36214,1.36229,44.51342193001171,39.07792603472417,,,1290
1770927360,1.36229,1.36236,1.36167,1.36168,39.82753599065101,39.03370263857619,,,1340
1770928260,1.36167,1.36221,1.36148,1.36203,43.502498131811436,39.456420228579965,,,1318
1770929160,1.36202,1.36226,1.36179,1.36219,45.15163013529919,39.96879854749051,,,1365
1770930060,1.3622,1.36237,1.36202,1.36203,43.77555385917541,40.40845278514961,,,876
1770930960,1.36203,1.36209,1.36175,1.36191,42.72386906370814,40.8706107842681,,,596
1770931860,1.36192,1.36205,1.36167,1.36196,43.334732777913636,41.70920104126184,,,538
1770932760,1.36197,1.36238,1.36193,1.3622,46.295519315112344,42.75927605091262,,,958
1770933660,1.36147,1.36212,1.36147,1.36194,43.63554553494168,43.26124679689188,,,267
1770934560,1.3619,1.36271,1.3613,1.36179,42.131543713589785,43.37231551914285,,,655
1770935460,1.36179,1.36213,1.3617,1.36211,46.377707410509586,43.74801435217196,,,316
1770936360,1.3621,1.3621,1.3614,1.36167,41.83247799551427,43.646614475362846,,,538
1770937260,1.36188,1.36224,1.36184,1.36224,48.82893047983149,44.10157708178789,,,583
1770938160,1.36224,1.36225,1.36182,1.36186,44.947463146041414,44.062744963150756,,,706
1770939060,1.36187,1.36213,1.36169,1.36172,43.57320797097085,43.99558682321926,,,709
1770939960,1.36172,1.36193,1.36168,1.36173,43.705606751910295,44.272591877594934,,,664
1770940860,1.36175,1.36215,1.36172,1.36192,46.28451794847038,44.47130757878485,,,1181
1770941760,1.36191,1.36202,1.3617,1.36179,44.773173153946175,44.44427493725964,,,823
1770942660,1.3618,1.36212,1.36159,1.36179,44.773173153946175,44.51553345831469,,,831
1770943560,1.3618,1.36222,1.3615,1.36201,48.099378543830575,44.89949842118058,,,1821
1770944460,1.36202,1.36224,1.36158,1.36199,47.81742525932158,45.21969074128115,,,1820
1770945360,1.36198,1.36205,1.36121,1.36156,42.10298469042314,44.92022398237477,,,1487
1770946260,1.36155,1.36197,1.36145,1.36173,44.906193572570686,45.01098455649113,,,1270
1770947160,1.36172,1.36201,1.36136,1.36168,44.22792512135766,45.16072608561741,,,1127
1770948060,1.36169,1.36186,1.36128,1.3616,43.10606573566892,44.92703739455737,,,1311
1770948960,1.36161,1.36213,1.36158,1.36209,51.26081961626356,45.60049036746803,,,1055
1770949860,1.36209,1.3622,1.36177,1.36212,51.71711696359352,45.80678940202246,,,766
1770950760,1.36211,1.36241,1.36199,1.36222,53.287012638406324,46.40247150861995,,,848
1770951660,1.36223,1.36226,1.36163,1.36178,46.17316437910592,46.5881826806296,,,715
1770952560,1.36176,1.36192,1.36149,1.3617,44.996945221429215,46.680421142738105,,,827
1770953460,1.3617,1.36198,1.36168,1.36175,45.92413111755201,46.654679226243935,,,882
1770954360,1.36176,1.36181,1.36142,1.36158,43.254363085628675,46.54619279279268,,,822
1770955260,1.36156,1.36166,1.36141,1.3616,43.66926340404018,46.46734209637082,,,704
1770956160,1.36161,1.36172,1.3614,1.36151,42.17487896947212,46.044163555345214,,,766
1770957060,1.36152,1.36156,1.36123,1.3614,40.35709918185861,45.511283121240716,,,916
1770957960,1.36139,1.3614,1.36088,1.36122,37.50819347030785,45.18308374837534,,,797
1770958860,1.36121,1.36146,1.36089,1.36103,34.72189680608787,44.45563397934085,,,1119
1770959760,1.36104,1.36128,1.36089,1.36099,34.146798259511584,43.735553489208996,,,979
1770960660,1.36104,1.36109,1.36051,1.36055,28.545875711704653,42.69553991606868,,,1100
1770961560,1.36054,1.36054,1.35995,1.36024,25.38646872970996,40.84737199560057,,,1193
1770962460,1.36023,1.36066,1.36002,1.36042,30.21608918327368,39.3115842970063,,,1561
1770963360,1.36044,1.3606,1.35965,1.35989,25.070388509894343,37.296111144969736,,,1310
1770964260,1.35985,1.35993,1.35946,1.35961,22.855909264480218,35.63059292249647,,,1463
1770965160,1.35962,1.36033,1.35959,1.36011,34.057343760137016,34.84919281811845,,,1269
1770966060,1.36011,1.36012,1.35904,1.3599,31.958449074943275,33.85164410078926,,,2015
1770966960,1.35991,1.36023,1.3598,1.36006,35.233482895124766,33.278724087181836,,,1590
1770967860,1.36007,1.36169,1.35926,1.36117,52.36382819788647,33.89976442959942,,,2064
1770968760,1.36116,1.36172,1.36086,1.36171,58.16142399422931,35.04166050279636,,,1735
1770969660,1.36172,1.36197,1.36138,1.36171,58.1614239942293,36.31339798939427,,,2305
1770970560,1.3617,1.36172,1.36117,1.36139,53.67205894084378,37.46795980871826,,,1778
1770971460,1.3614,1.36223,1.3614,1.36211,60.971632335444596,39.342940917958025,,,1816
1770972360,1.36212,1.36287,1.36212,1.36238,63.30648634966257,41.425775781540246,,,2033
1770973260,1.36239,1.36282,1.36216,1.36268,65.75771727293207,44.08376446448509,,,1733
1770974160,1.3627,1.36278,1.36219,1.36231,60.398671512864496,46.58463609185327,,,1584
1770975060,1.36232,1.3628,1.36209,1.3627,63.75197352499872,48.98005640197648,,,1652
1770975960,1.36262,1.36296,1.36208,1.36228,58.05108412229517,51.33582037429083,,,1364
1770976860,1.36229,1.36246,1.36182,1.36219,56.87735924644073,53.76592394443087,,,1494
1770977760,1.36218,1.36274,1.36209,1.36234,58.38748586572412,55.50379123768709,,,1339
1770978660,1.36235,1.36242,1.36189,1.3619,52.571727386049076,56.97616825990893,,,1354
1770979560,1.36189,1.36202,1.36148,1.36167,49.78043629810136,58.01523636012155,,,1922
1770980460,1.36168,1.36192,1.36091,1.36111,43.69699492086942,57.39617684033461,,,1944
1770981360,1.36112,1.36131,1.3606,1.36062,39.18467750754359,56.04069494842849,,,1669
1770982260,1.36061,1.36114,1.36061,1.36069,40.13572550984016,54.7531450566864,,,1531
1770983160,1.36068,1.36096,1.36009,1.36026,36.37283426709434,53.517486151418595,,,1999
1770984060,1.36026,1.36049,1.35988,1.36026,36.37283426709434,51.760429146536424,,,2016
1770984960,1.36025,1.3608,1.36012,1.36045,39.28964233115225,50.0449402880714,,,1537
1770985860,1.36044,1.36092,1.3604,1.36041,38.885491072571476,48.12549555947421,,,1433
1770986760,1.36043,1.36093,1.36015,1.36073,43.86066001914623,46.94420902420863,,,1814
1770987660,1.36074,1.36127,1.36054,1.36067,43.15133753894545,45.47273502520483,,,1770
1770988560,1.36067,1.36459,1.36033,1.36351,68.83923131732254,46.24331696770678,,,2319
1770989460,1.3635,1.36377,1.36131,1.36156,51.59877990614817,45.86627558625731,,,4807
1770990360,1.36159,1.36387,1.36149,1.36319,60.50330987319545,46.017405872505265,,,3607
1770991260,1.36321,1.36382,1.36287,1.36321,60.59909277426321,46.59078911452057,,,2987
1770992160,1.36322,1.36362,1.36284,1.36337,61.40545082569523,47.42114729506299,,,2911
1770993060,1.36339,1.36393,1.36154,1.36288,57.52284884131052,48.40870828938021,,,4347
1770993960,1.36289,1.36351,1.36195,1.36275,56.50211478119091,49.645668094640726,,,4544
1770994860,1.36276,1.36472,1.3625,1.3642,64.14462201718635,51.360589273736885,,,4101
1770995760,1.36416,1.3642,1.36265,1.36318,56.60975114115796,52.80608333617,,,3401
1770996660,1.36318,1.36358,1.36241,1.36258,52.68898315732388,53.97152254261498,,,3137
1770997560,1.36256,1.36261,1.36106,1.36106,44.31539587359608,54.330504938503815,,,3480
1770998460,1.36105,1.36181,1.36069,1.36155,47.22705316156351,54.92633080200325,,,2694
1770999360,1.36155,1.36334,1.36153,1.36306,55.03053448991288,55.72417897848658,,,2871
1771000260,1.36299,1.36403,1.36291,1.36398,59.00771030978702,56.85677703354669,,,2583
1771001160,1.36397,1.36438,1.36338,1.36394,58.76436222139014,56.13714352669437,,,2404
1771002060,1.36395,1.36551,1.36383,1.36539,64.48249596296012,57.0574089593238,,,1972
1771002960,1.36539,1.3654,1.36413,1.36437,58.352529064954034,56.90378175873513,,,2206
1771003860,1.36437,1.36522,1.36411,1.36508,61.122989854493,56.94120297875154,,,2004
1771004760,1.36509,1.36592,1.36477,1.36494,60.2715961444845,56.860213358665064,,,1738
1771005660,1.36495,1.36512,1.36474,1.365,60.525372865765185,57.07467936041182,,,1809
1771006560,1.365,1.36521,1.36463,1.36498,60.38690249753168,57.3521641972933,,,1677
1771007460,1.365,1.36537,1.36478,1.36532,61.97937601350217,57.197503768458716,,,1278
1771008360,1.36533,1.36542,1.36463,1.36533,62.027727048594436,57.58450204756133,,,1567
1771009260,1.36531,1.36553,1.3649,1.365,59.345633454928304,58.05997706881879,,,1350
1771010160,1.365,1.36543,1.3649,1.36502,59.46004558124228,59.14173776222208,,,1220
1771011060,1.36502,1.36511,1.36447,1.36477,57.28966527712609,59.860495770476554,,,1372
1771011960,1.36478,1.36479,1.36413,1.36419,52.501642977237296,59.679860662428304,,,1345
1771012860,1.36418,1.36463,1.36417,1.3645,54.68171925288886,59.37086130122129,,,1150
1771013760,1.36449,1.36458,1.36421,1.36438,53.65510245674427,59.00591417517516,,,1062
1771014660,1.36437,1.3647,1.36421,1.3645,54.57356104830114,58.29813310984237,,,1205
1771015560,1.36447,1.36572,1.36441,1.36565,62.287029000793694,58.5791688195452,,,1316
1771016460,1.36566,1.36581,1.36549,1.36564,62.18814286254347,58.6552511772631,,,717
1771017360,1.36565,1.36566,1.36508,1.36521,57.929321886319954,58.48794587310848,,,534
1771018260,1.3652,1.3653,1.3648,1.36496,55.54753539529559,58.132386053789226,,,710
1771019160,1.36491,1.36539,1.36488,1.36536,58.48842207923356,57.99678030962507,,,1222
1771192860,1.3639,1.36394,1.36358,1.36387,46.22145903459922,56.871214811132006,,,186
1771193760,1.36382,1.36399,1.36355,1.36397,47.02450533850097,55.799556117553905,,,324
1771194660,1.36396,1.36427,1.36376,1.36423,49.15056635165992,55.071337038749014,,,2246
1771195560,1.36421,1.36428,1.36347,1.36386,46.30269706906937,54.13152643073668,,,2402
1771196460,1.36383,1.36493,1.36383,1.3648,53.65035237516216,53.87157550916782,,,879
1771197360,1.36479,1.36488,1.36453,1.36481,53.722899344294724,53.95880810681478,,,769
1771198260,1.36479,1.36481,1.3645,1.36464,52.22633299867098,53.783423374370635,,,1416
1771199160,1.36462,1.36476,1.3643,1.36466,52.39435291427987,53.69336983562318,,,1151
1771200060,1.36467,1.36485,1.36448,1.36452,51.0411122574387,53.44105206484729,,,1362
1771200960,1.36451,1.36479,1.3643,1.3643,48.90359009025637,52.48509214266606,,,1111
1771201860,1.3643,1.36457,1.36425,1.3645,50.91602668967268,51.679940987461,,,908
1771202760,1.36449,1.36466,1.36392,1.36392,45.339186212221385,50.78064558216824,,,1442
1771203660,1.36392,1.36425,1.36371,1.3639,45.1555191659378,50.03835870864269,,,1738
1771204560,1.3639,1.36437,1.36381,1.36435,50.05774043584472,49.43616716268634,,,854
1771205460,1.36434,1.36435,1.36408,1.36429,49.42340919687001,49.66487788856283,,,834
1771206360,1.36426,1.36441,1.36399,1.36438,50.43795124359283,49.908695453212246,,,819
1771207260,1.36438,1.36455,1.36389,1.36399,46.12055595051067,49.69226613884444,,,1056
1771208160,1.364,1.36437,1.36394,1.36424,49.12672995807942,49.89398277377372,,,1028
1771209060,1.36425,1.36445,1.36408,1.36415,48.08656563338524,49.49656943507538,,,920
1771209960,1.36414,1.36445,1.36412,1.36422,48.99119250029875,49.15859037478996,,,854
1771210860,1.36421,1.36421,1.36379,1.36418,48.471409579509526,48.89038155913556,,,587
1771211760,1.36418,1.3645,1.364,1.36406,46.86499188694512,48.49542720004022,,,774
1771212660,1.36407,1.36422,1.36399,1.3642,48.98905619428426,48.34885176695776,,,643
1771213560,1.3642,1.36423,1.36389,1.36419,48.83887718724809,48.344229416742884,,,693
1771214460,1.3642,1.36435,1.36408,1.36418,48.67817229319567,48.18438267413738,,,670
1771215360,1.36417,1.36429,1.36383,1.36417,48.50628407047591,48.41060394972698,,,497
1771216260,1.36417,1.36419,1.36357,1.36368,40.887536775742205,48.105748064713005,,,571
1771217160,1.36368,1.36398,1.36364,1.3639,45.0599373581577,47.74876213059251,,,591
1771218060,1.36391,1.36403,1.36371,1.36381,43.70098971359633,47.34001788178724,,,558
1771218960,1.3638,1.36389,1.36362,1.36368,41.74269456529639,46.71892811905178,,,405
1771219860,1.36367,1.36371,1.36354,1.36368,41.74269456529639,46.40622373439362,,,459
1771220760,1.36368,1.36409,1.3636,1.36388,46.055777630447146,46.186869996705596,,,604
1771221660,1.36388,1.36429,1.36384,1.36428,53.47470682673997,46.57173722480237,,,624
1771222560,1.36427,1.36438,1.3641,1.3642,51.936262923051544,46.78209939785614,,,799
1771223460,1.3642,1.36481,1.36419,1.36474,60.24940721487485,47.62338494323938,,,648
1771224360,1.36473,1.36487,1.36416,1.36419,50.64188757027285,47.89316320633422,,,670
1771225260,1.3642,1.36432,1.36394,1.36418,50.484258440464586,47.999963366775674,,,1060
1771226160,1.36419,1.36444,1.36396,1.36429,52.24510634211042,48.243265449265834,,,809
1771227060,1.36428,1.36511,1.36356,1.36466,57.69473264995184,48.88730547474842,,,1227
1771227960,1.36467,1.36473,1.3639,1.36433,51.99555779954589,49.136539312539135,,,1414
1771228860,1.36434,1.36601,1.36418,1.36466,56.61125766620742,50.25966223328665,,,2331
1771229760,1.36466,1.3653,1.36401,1.36449,53.744381915597984,50.879979701675246,,,1889
1771230660,1.3645,1.36562,1.36429,1.36561,65.97105577188407,52.47069870583864,,,1595
1771231560,1.36562,1.36563,1.36512,1.36515,59.065449047562325,53.70803831171479,,,1567
1771232460,1.36515,1.3662,1.36514,1.36591,65.49238279376561,55.4044446137483,,,1789
1771233360,1.36586,1.36593,1.36557,1.36561,61.39471164403351,56.5000827575759,,,1252
1771234260,1.3656,1.36571,1.36457,1.3646,50.0427209104338,56.25494090641117,,,1452
1771235160,1.3646,1.36511,1.36411,1.36465,50.53037625148868,56.15452042987097,,,1683
1771236060,1.36466,1.3648,1.3641,1.36463,50.3187892101959,55.445190572393905,,,1450
1771236960,1.36462,1.365,1.36446,1.36469,50.981919359627966,55.46947855734784,,,1189
1771237860,1.36469,1.36496,1.36459,1.36487,53.008356670403614,55.64977128805778,,,1155
1771238760,1.36487,1.36519,1.36469,1.36503,54.79720817543616,55.83206427615248,,,1241
1771239660,1.36502,1.36503,1.36448,1.3645,48.24554655584755,55.15712241228788,,,1166
1771240560,1.36447,1.36482,1.36441,1.36472,50.87133357236974,55.0768206817753,,,1063
1771241460,1.36472,1.36492,1.36449,1.36469,50.49511142135224,54.63995309285708,,,840
1771242360,1.36468,1.36488,1.3643,1.36452,48.31458264766879,54.252110288004985,,,1173
1771243260,1.36452,1.36513,1.36452,1.36491,53.29718174155841,53.346833571553155,,,1036
1771244160,1.3649,1.3649,1.3645,1.36452,48.28439326606736,52.576758158589236,,,900
1771245060,1.36452,1.36472,1.36436,1.36438,46.590369868678984,51.226614378225904,,,828
1771245960,1.36438,1.36447,1.36396,1.36442,47.16077796299011,50.20990482957994,,,1141
1771246860,1.36438,1.36476,1.36308,1.36308,34.04380346182187,49.06712501182194,,,1224
1771247760,1.36307,1.36337,1.36303,1.36312,34.628300567913584,47.93126246299515,,,1171
1771248660,1.36311,1.36358,1.36287,1.36358,41.09337362136369,47.27230420664999,,,921
1771249560,1.36359,1.36391,1.36328,1.36345,39.89264007540806,46.48021282920571,,,1125
1771250460,1.36346,1.36403,1.36329,1.36378,44.338777279841345,45.860957158451264,,,1081
1771251360,1.36379,1.36391,1.36341,1.36386,45.393314123189334,45.18925044043364,,,1104
1771252260,1.36385,1.36399,1.36301,1.36308,37.86155009610875,44.44753640759516,,,1243
1771253160,1.36306,1.36374,1.36302,1.36358,44.24754931208645,43.974408960432065,,,1202
1771254060,1.36358,1.3638,1.36324,1.36361,44.61533423242432,43.55442487550864,,,1138
1771254960,1.36361,1.36371,1.36342,1.36356,44.09325603193241,43.25290154581319,,,863
1771255860,1.36357,1.36357,1.36301,1.36302,38.81105103732003,42.21817792408187,,,891
1771256760,1.36301,1.36333,1.36279,1.36331,42.77576617895063,41.82470456071639,,,1301
1771257660,1.36331,1.36351,1.36289,1.36311,40.81176797606135,41.41194728267227,,,1267
1771258560,1.36311,1.36312,1.36259,1.36307,40.412127304263215,40.929900807048924,,,851
1771259460,1.36309,1.36322,1.36294,1.36307,40.412127304263215,41.38478108150902,,,545
1771260360,1.36308,1.36311,1.36266,1.36297,39.296429099442506,41.71821883376109,,,976
1771261260,1.36296,1.36301,1.3627,1.36301,40.0098724294005,41.64082589147801,,,688
1771262160,1.36298,1.36304,1.36273,1.36286,38.196907524764676,41.51970213786062,,,452
1771263060,1.36285,1.36292,1.36261,1.36276,36.993423904399044,40.99503403961474,,,385
1771263960,1.36274,1.36292,1.36266,1.36272,36.4980576611526,40.35965857804069,,,515
1771264860,1.36271,1.36295,1.36266,1.3629,40.36778208721551,40.53867514883403,,,265
1771265760,1.3629,1.36305,1.36287,1.36299,42.26233582117702,40.39687418519764,,,258
1771266660,1.36301,1.36314,1.36301,1.36302,42.913399659109416,40.275307429960854,,,191
1771267560,1.36303,1.36308,1.36288,1.36291,41.08406208628901,40.06036500527205,,,269
1771268460,1.3629,1.36313,1.36289,1.36306,44.55499799118973,40.470646930548455,,,323
1771269360,1.36307,1.36314,1.36305,1.36314,46.36970855158991,40.727357100022694,,,232
1771270260,1.36314,1.36332,1.36308,1.36312,45.96467236653865,41.0954216993425,,,184
1771271160,1.3631,1.36324,1.36308,1.36323,48.62280833468357,41.68189891580109,,,270
1771272060,1.36322,1.36323,1.36299,1.36309,45.55150860396279,42.04899758006535,,,208
1771272960,1.3631,1.36319,1.36308,1.36318,47.832790359582276,42.658737670075325,,,153
1771273860,1.36316,1.36322,1.363,1.36311,46.21105793095862,43.1016794916152,,,233
1771274760,1.36312,1.36313,1.363,1.36301,43.92016851528975,43.51048384808128,,,195
1771275660,1.363,1.36305,1.36289,1.36296,42.778247946739405,43.9236855653913,,,286
1771276560,1.36296,1.36301,1.36294,1.36299,43.72368685084312,44.439801936083484,,,269
1771277460,1.36299,1.36299,1.36247,1.36271,37.496590839722415,44.23471684697683,,,352
1771278360,1.36273,1.36287,1.36266,1.36286,42.24225425036846,44.23328244906194,,,327
1771279260,1.3631,1.3633,1.36259,1.36294,44.65576387618828,44.35773703599614,,,201
1771280160,1.36281,1.36296,1.36222,1.36246,35.16182997150406,43.934720456368645,,,338
1771281060,1.36248,1.36276,1.36242,1.36268,41.31965656568637,43.70362464026126,,,555
1771281960,1.3627,1.3629,1.36228,1.36238,36.26218006689103,42.98165831992562,,,803
1771282860,1.3627,1.36282,1.36235,1.36253,40.203209960415165,42.5701252909168,,,585
1771283760,1.36245,1.36263,1.36231,1.36259,41.75459245701968,42.07953844251224,,,385
1771284660,1.3626,1.36272,1.3625,1.36269,44.34620020931951,41.993444985752014,,,237
1771285560,1.3627,1.36283,1.36248,1.36283,47.844978550542955,41.99431557082063,,,531
1771286460,1.36282,1.36293,1.36241,1.36276,46.278391433053535,41.99912510668456,,,1053
1771287360,1.36275,1.36287,1.36238,1.36252,41.28692033247678,41.811035950769345,,,1046
1771288260,1.36252,1.36257,1.36187,1.36192,31.995801881156353,41.04086123179912,,,1040
1771289160,1.36192,1.36218,1.3619,1.36204,35.139566580953854,40.42770978394989,,,1128
1771290060,1.36203,1.36203,1.36147,1.36177,31.59986435446396,40.00651503500285,,,1260
1771290960,1.36178,1.36199,1.36167,1.3619,34.99518004016301,39.48886687713104,,,1186
1771291860,1.36198,1.36202,1.36172,1.36201,37.80830860927729,38.99976292949453,,,1123
1771292760,1.362,1.36209,1.36137,1.36166,32.92582563011331,38.840048333680905,,,1450
1771293660,1.36166,1.36203,1.36129,1.36162,32.410693728665834,38.2036938453223,,,1432
1771294560,1.36162,1.36191,1.36158,1.36163,32.69419758478382,37.948837953743215,,,797
1771295460,1.36164,1.3617,1.36128,1.36128,28.230877024766826,37.09367131548262,,,788
1771296360,1.36129,1.36149,1.36119,1.36133,29.70721166779822,36.23314411625251,,,641
1771297260,1.36132,1.36132,1.36079,1.36098,25.718954096028526,34.902626536731724,,,1075
1771298160,1.36097,1.36123,1.36091,1.36097,25.61315037396227,33.3146388098331,,,618
1771299060,1.36093,1.36099,1.36059,1.36078,23.624541742805675,31.69650668910111,,,900
1771299960,1.36079,1.36133,1.3607,1.36118,35.056331119465185,31.25146460245742,,,909
1771300860,1.36119,1.3612,1.36068,1.3607,29.374407075923017,31.06422211636933,,,661
1771301760,1.36071,1.3611,1.3607,1.36102,36.7361098545061,31.17826092162306,,,619
1771302660,1.361,1.36122,1.36088,1.36122,40.88363113842934,31.841387120477723,,,691
1771303560,1.36121,1.36131,1.3611,1.36117,40.17452992943819,32.21134068399738,,,639
1771304460,1.36118,1.36121,1.36069,1.36071,34.28320830607832,31.95954780519745,,,694
1771305360,1.3607,1.36083,1.36035,1.36067,33.818792630138816,32.02333116234213,,,1173
1771306260,1.36066,1.36093,1.36056,1.36063,33.332521744981264,32.08917602065038,,,1217
1771307160,1.36062,1.3611,1.36051,1.36105,42.656077050997,32.8007388396656,,,894
1771308060,1.36104,1.36123,1.36092,1.36109,43.466973030922055,33.88903141153383,,,853
1771308960,1.3611,1.36149,1.361,1.36125,46.712940602142595,35.10372633541557,,,698
1771309860,1.36125,1.3615,1.36113,1.3612,45.82741323830058,36.54004484557786,,,945
1771310760,1.3612,1.3614,1.35835,1.35893,23.78370051613433,36.409369855733004,,,1068
1771311660,1.35895,1.35908,1.35722,1.35741,17.658549089516214,35.98322752335519,,,2560
1771312560,1.35742,1.35782,1.3565,1.35653,15.215426301262795,34.56602003634074,,,1792
1771313460,1.35652,1.35672,1.35527,1.35592,13.791065703057612,33.45292422399321,,,2250
1771314360,1.35592,1.35652,1.35523,1.35652,21.568436383480645,32.36951897606282,,,1982
1771315260,1.35651,1.35757,1.35622,1.3568,24.970212313998417,31.23284620288918,,,2479
1771316160,1.35681,1.35833,1.35673,1.35832,40.1467528816979,31.230862128050585,,,2076
1771317060,1.35831,1.35874,1.35791,1.35868,43.08320615110882,31.859433402695622,,,1941
1771317960,1.35865,1.35905,1.35853,1.35863,42.7693574827068,32.49875946359334,,,1955
1771318860,1.35864,1.35934,1.35839,1.35908,46.543676088968425,33.442413345306704,,,1705
1771319760,1.35908,1.35956,1.35891,1.35909,46.627911810630415,33.726115828137665,,,1548
1771320660,1.3591,1.35975,1.35907,1.3593,48.46448324168722,34.08308084319232,,,1442
1771321560,1.3593,1.35963,1.35894,1.35895,45.645301082027515,34.00682087746981,,,1290
1771322460,1.35898,1.35983,1.35895,1.35918,47.79442240053826,34.14732153191536,,,1638
1771323360,1.35919,1.35992,1.35906,1.35947,50.4544336900112,36.05237390147799,,,1309
1771324260,1.35947,1.3606,1.35939,1.36,54.970178157250714,38.71749026345903,,,1522
1771325160,1.35996,1.35996,1.35926,1.35964,51.534340770297675,41.31169843981866,,,1410
1771326060,1.35962,1.35982,1.35877,1.35881,44.611110650145,43.51313022175348,,,1796
1771326960,1.35881,1.35886,1.35837,1.35867,43.54839082870669,45.083126967841054,,,1472
1771327860,1.35868,1.35868,1.35747,1.35749,35.806071570771465,45.85711691475341,,,1636
1771328760,1.3575,1.35757,1.35598,1.35636,30.258234829630084,45.15079419674856,,,2093
1771329660,1.35638,1.35715,1.35607,1.35683,34.78432389520725,44.558016892755596,,,1847
1771330560,1.35684,1.35684,1.3555,1.35592,30.63837364320993,43.691518047077246,,,1473
1771331460,1.35592,1.35593,1.3548,1.3548,26.45846758584281,42.256860296853986,,,1528
1771332360,1.35481,1.35531,1.35468,1.35471,26.149738650065473,40.794133642527925,,,1852
1771333260,1.3547,1.35502,1.35408,1.3542,24.41146240243799,39.076060725438694,,,2215
1771334160,1.3542,1.35432,1.35322,1.35431,25.560833148674703,37.64145587305635,,,1918
1771335060,1.35432,1.3545,1.35254,1.35267,20.544971160571208,35.69506649877299,,,2329
1771335960,1.35267,1.35388,1.35197,1.35209,19.11626644875949,33.45662598154072,,,3249
1771336860,1.3521,1.35281,1.35186,1.35223,20.552424752261146,30.998215024041468,,,2741
1771337760,1.35222,1.35284,1.35186,1.35259,24.275784953613098,29.051175322849712,,,2441
1771338660,1.3526,1.35323,1.35226,1.35257,24.207907766022885,27.593803688269563,,,3440
1771339560,1.35258,1.35313,1.3513,1.35132,20.37362924067901,25.938463574839016,,,3806
1771340460,1.35131,1.35253,1.35116,1.35162,23.50514465661294,25.059825938113413,,,3496
1771341360,1.35161,1.35217,1.35052,1.35061,20.571849452741887,24.36794126833568,,,3216
1771342260,1.35061,1.35083,1.34961,1.35042,20.064578727025108,23.316530899179813,,,2854
1771343160,1.35048,1.3509,1.34957,1.35051,21.057581546825574,22.632188606580936,,,3163
1771344060,1.35051,1.35197,1.35037,1.35174,33.2599711938832,23.11801029286953,,,2888
1771344960,1.35173,1.35314,1.35172,1.3529,42.31581248641434,24.272729852608734,,,2458
1771345860,1.35291,1.35372,1.35286,1.35362,47.11263382308199,25.89424209694045,,,2339
1771346760,1.35364,1.35416,1.35346,1.35352,46.53384795787414,27.392314583311837,,,2141
1771347660,1.35353,1.35434,1.3535,1.3542,50.94691433911662,29.563881953207936,,,2025
1771348560,1.35421,1.35469,1.35391,1.35462,53.49985599669172,32.0198526352031,,,1898
1771349460,1.35461,1.35484,1.35416,1.35427,51.1125633650204,34.20271967897161,,,1973
1771350360,1.35429,1.35501,1.3541,1.35481,54.486982849708546,36.360662385835575,,,2059
1771351260,1.3548,1.35484,1.35412,1.35449,52.18811342802355,38.3592485045499,,,1693
1771352160,1.3545,1.35574,1.35437,1.35557,58.54515814999904,41.08578628378705,,,1648
1771353060,1.35557,1.35611,1.35545,1.356,60.781020478969324,43.748348842526795,,,1587
1771353960,1.35601,1.35612,1.35588,1.35596,60.45437716997858,46.597100822329416,,,1554
1771354860,1.35595,1.35612,1.35589,1.35598,60.56848198295414,49.490236769181486,,,1246
1771355760,1.35599,1.35602,1.35558,1.35569,57.95713180441396,52.1259189304378,,,974
1771356660,1.3557,1.35609,1.3557,1.35603,60.127614117211444,54.0450362821041,,,1138
1771357560,1.35602,1.35639,1.35597,1.35638,62.286052793418506,55.47148201831869,,,1175
1771358460,1.35639,1.35639,1.35598,1.35601,58.670257398926495,56.29702655945044,,,932
1771359360,1.35602,1.35607,1.35577,1.35596,58.1787496325157,57.128805250496264,,,905
1771360260,1.35595,1.3561,1.35587,1.35598,58.329129479595856,57.65610633195906,,,905
1771361160,1.35599,1.3563,1.35593,1.35624,60.326335987046114,58.1437120455558,,,1073
1771362060,1.35624,1.35634,1.35601,1.35619,59.73342546242308,58.759487909656,,,577
1771362960,1.35618,1.35637,1.35608,1.35623,60.0715211617037,59.15838350336993,,,436
1771363860,1.35624,1.35689,1.35623,1.35661,63.23012663311282,59.94709873230489,,,340
1771364760,1.35661,1.35674,1.35644,1.35669,63.87797853538358,60.32801447411806,,,543
1771365660,1.35515,1.35686,1.35482,1.35664,63.12932743489397,60.49575068525554,,,359
1771366560,1.35665,1.35668,1.35548,1.35613,55.929029873123376,60.172511592623025,,,576
1771367460,1.35605,1.35663,1.35597,1.35659,60.324579241923566,60.1550899682637,,,647
1771368360,1.35655,1.3566,1.3555,1.35646,58.54737165424153,60.197249957537096,,,1050
1771369260,1.35648,1.35726,1.35648,1.3567,60.84102482394112,60.24820786516064,,,820
1771370160,1.3567,1.35691,1.35654,1.35663,59.80167792116762,60.070752517142715,,,505
1771371060,1.35663,1.35668,1.35648,1.35653,58.27024666998025,60.04218032221798,,,546
1771371960,1.35654,1.3567,1.35626,1.35639,56.10408273424388,59.893989829484276,,,526
1771372860,1.3564,1.35662,1.35634,1.35652,57.67740173108897,59.84743784744807,,,1003
1771373760,1.35652,1.35656,1.35626,1.3564,55.69306066331759,59.51648961003889,,,787
1771374660,1.35642,1.35648,1.35608,1.35629,53.863685327620324,59.097222457552974,,,883
1771375560,1.3563,1.35645,1.35587,1.35587,47.454271237692936,58.19599032012364,,,1167
1771376460,1.35588,1.3562,1.35568,1.35571,45.24548886823532,56.911373336918096,,,1406
1771377360,1.3557,1.35578,1.35548,1.35556,43.21469862935498,55.43542477220177,,,959
1771378260,1.35556,1.3558,1.3554,1.35573,46.16390831812313,54.22360912100385,,,701
1771379160,1.35573,1.35592,1.35546,1.35546,42.397642635752874,53.257081461191675,,,765
1771380060,1.35542,1.35585,1.35528,1.35537,41.19128209949509,51.890417379589636,,,933
1771380960,1.35536,1.35572,1.35518,1.35565,46.30965379802768,51.016294675574365,,,727
1771381860,1.35563,1.35577,1.35546,1.35567,46.66671698410798,50.003844115586276,,,661
1771382760,1.35568,1.35577,1.35542,1.35555,44.743981963752155,48.92829440434231,,,719
1771383660,1.35556,1.35578,1.35548,1.3555,43.93177927678016,47.90411816197088,,,563
1771384560,1.3555,1.3558,1.3554,1.35562,46.44442026808896,47.21414227153124,,,615
1771385460,1.3556,1.35568,1.35539,1.35539,42.51202858706119,46.13090133267212,,,656
1771386360,1.35539,1.35554,1.35526,1.3553,41.04746275910997,45.08478719665728,,,718
1771387260,1.35531,1.35538,1.35498,1.35536,42.47038753209915,44.270980211262916,,,553
1771388160,1.35536,1.35559,1.35528,1.35535,42.287189126241316,43.901902917587805,,,629
1771389060,1.35537,1.35558,1.35532,1.35547,45.334486436474805,43.908259886747764,,,772
1771389960,1.35548,1.35554,1.35536,1.35546,45.12067955915752,44.044401381733664,,,664
1771390860,1.35547,1.3557,1.35542,1.3557,51.08340869650003,44.39579426590344,,,601
1771391760,1.35569,1.35572,1.35557,1.35568,50.59011511851356,44.98097087181492,,,592
1771392660,1.35568,1.35584,1.35557,1.3557,51.09866202595701,45.688640866562196,,,516
1771393560,1.3557,1.35597,1.35567,1.35595,57.04952371143845,46.45577443180582,,,557
1771394460,1.35596,1.35596,1.35536,1.35558,47.78189041889264,46.53542967714758,,,725
1771395360,1.35559,1.3558,1.35546,1.35576,51.87751662846687,47.044967867484345,,,665
1771396260,1.35577,1.3558,1.3555,1.35571,50.68822480629893,47.52757111959283,,,859
1771397160,1.35572,1.35773,1.35565,1.35664,66.20641690981415,48.93914230828749,,,1199
1771398060,1.35663,1.35679,1.35557,1.3556,48.010869308482626,49.33191664553187,,,1608
1771398960,1.35559,1.35608,1.35555,1.35562,48.305104117872425,49.85031959972919,,,1359
1771399860,1.35562,1.3563,1.35562,1.35617,55.72587260147213,50.79713996182726,,,1455
1771400760,1.35617,1.35681,1.35538,1.35681,62.47600451992752,52.23919820423341,,,1734
1771401660,1.35682,1.35682,1.35593,1.35657,58.85238753117488,53.20476256814056,,,2047
1771402560,1.35657,1.35672,1.3557,1.3563,54.98838659817738,53.909598785213404,,,1769
1771403460,1.35631,1.35652,1.35583,1.35608,51.992943059534056,53.97456552543013,,,1569
1771404360,1.35609,1.3568,1.356,1.35659,57.740073760679145,54.48527685701338,,,1660
1771405260,1.35658,1.3576,1.35657,1.35708,62.39776063423192,55.292355329033015,,,1769
1771406160,1.35708,1.35723,1.35689,1.35692,60.06964160515358,55.50807803572696,,,1364
1771407060,1.35692,1.35697,1.35659,1.35689,59.62046462763579,56.353690479208616,,,1179
1771407960,1.35688,1.35792,1.35675,1.35758,65.93060951236532,57.3574828280585,,,1394
1771408860,1.35759,1.3582,1.35747,1.35763,66.34108172755413,58.47554403671959,,,1373
1771409760,1.35763,1.35821,1.35753,1.35803,69.50630350388275,58.7112502220102,,,938
1771410660,1.35804,1.35812,1.35678,1.3575,61.283029217058235,59.65926164405131,,,1280
1771411560,1.35751,1.35755,1.35656,1.35669,51.29481430009948,59.87281237135324,,,1247
1771412460,1.3567,1.35681,1.35657,1.35669,51.29481430009948,59.55630820696949,,,999
1771413360,1.35669,1.35721,1.35668,1.35714,55.923441404970845,59.08826798447258,,,1044
1771414260,1.35714,1.35726,1.35699,1.35725,56.99920859376749,58.95589806037206,,,845
1771415160,1.35724,1.35787,1.35685,1.35781,62.07409776301363,59.46202028643179,,,1047
1771416060,1.3578,1.3578,1.35717,1.35768,60.29511297128225,60.05503242298523,,,1474
1771416960,1.35769,1.35802,1.35749,1.35776,61.0351712302182,60.2903965279523,,,1428
1771417860,1.35774,1.35799,1.35743,1.35747,56.89526269450328,59.897360960828834,,,1510
1771418760,1.35748,1.35767,1.35698,1.35766,58.863935774522666,59.81123911578377,,,1430
1771419660,1.35763,1.35814,1.35751,1.35768,59.07581565068755,59.77233561743032,,,1419
1771420560,1.35768,1.35781,1.35647,1.35658,45.266034503776275,58.29629454538825,,,1336
1771421460,1.35658,1.35689,1.35612,1.35616,41.29656652254508,56.50740060217331,,,1815
1771422360,1.35617,1.3565,1.3551,1.35544,35.54249046599212,54.0814139566097,,,1837
1771423260,1.35544,1.35585,1.35442,1.35479,31.30214452781749,51.93992219309251,,,1898
1771424160,1.35476,1.35498,1.3533,1.35366,25.587049964949642,50.103653312010366,,,2759
1771425060,1.35368,1.35431,1.35348,1.35384,27.8469173980169,48.42880353329019,,,3250
1771425960,1.35383,1.35432,1.35353,1.35364,26.87046343539282,46.35359082117748,,,2591
1771426860,1.35363,1.35521,1.35354,1.35367,27.282362069132688,44.23095892656071,,,2848
1771427760,1.35366,1.35431,1.35359,1.35427,35.14964173770291,42.307783496181365,,,1809
1771428660,1.35428,1.35528,1.35414,1.35472,40.361112502576134,40.883926319845216,,,1937
1771429560,1.35472,1.35537,1.35392,1.35439,37.952460948139205,39.23516129969671,,,2051
1771430460,1.35439,1.35574,1.35439,1.3551,45.48979489699122,38.42048502844585,,,1992
1771431360,1.35508,1.35512,1.3545,1.35477,42.8823674947934,37.27894443703662,,,1959
1771432260,1.35477,1.355,1.35425,1.35441,40.1768673468792,35.92901955819317,,,1856
1771433160,1.3544,1.35441,1.35335,1.3535,34.28796800497838,35.144871951136174,,,1543
1771434060,1.35349,1.35366,1.35303,1.35324,32.808319092765984,34.53856856329481,,,1398
1771434960,1.35323,1.35334,1.35289,1.35317,32.402894478054606,34.314311707013566,,,1230
1771435860,1.35318,1.35328,1.35158,1.35197,26.383797655262498,33.96300121611678,,,1383
1771436760,1.35198,1.3523,1.35125,1.35227,29.89011691974065,34.270363141458986,,,1563
1771437660,1.35226,1.35254,1.35178,1.35185,27.887489376010407,34.273261139887104,,,1490
1771438560,1.35184,1.352,1.35112,1.35124,25.242245125999887,34.15695983207332,,,1736
1771439460,1.35124,1.35127,1.35064,1.35072,23.22024426080779,33.86680856005012,,,1659
1771440360,1.35067,1.3514,1.35047,1.35099,26.511907779354217,33.24982756302521,,,1483
1771441260,1.351,1.35145,1.35018,1.35019,23.321565275222056,32.03271704678563,,,2571
1771442160,1.3502,1.35069,1.34998,1.3501,22.986441469970245,30.963715655487846,,,1651
1771443060,1.35011,1.35042,1.34972,1.35017,23.90236445942442,29.421756338518787,,,2086
1771443960,1.35018,1.35022,1.34972,1.35011,23.64280984647965,28.047502220782093,,,1585
1771444860,1.35011,1.3505,1.3498,1.34999,23.102477310742643,26.827902932486626,,,1106
1771445760,1.35002,1.35019,1.34952,1.34991,22.729531326726047,26.002300312611457,,,1104
1771446660,1.34991,1.35001,1.34975,1.34976,22.012012839418176,25.231135580229473,,,1123
1771447560,1.34978,1.35012,1.34969,1.34992,24.74107866430272,24.683863022104337,,,1125
1771448460,1.34991,1.3502,1.34982,1.34984,24.2835139573869,24.533842757970366,,,753
1771449360,1.34983,1.35007,1.34982,1.34997,26.657232545509785,24.3029224455253,,,565
1771450260,1.34997,1.35,1.34976,1.34982,25.657717381190622,24.14365301732389,,,435
1771451160,1.34983,1.34983,1.3491,1.34919,21.937301388598215,23.907585607509482,,,719
1771452060,1.3492,1.34998,1.34907,1.34976,31.600977589697152,24.506209416715866,,,449
1771452960,1.34975,1.35011,1.34937,1.34953,29.98780388332196,24.75448770985642,,,410
1771453860,1.34956,1.34969,1.34941,1.3495,29.774302684512975,25.215397524805773,,,704
1771454760,1.3495,1.34982,1.34944,1.34973,33.67315055090451,25.978733887729646,,,1679
1771455660,1.34969,1.34982,1.34957,1.34977,34.35573106126577,26.725402930718314,,,631
1771456560,1.34978,1.34978,1.34941,1.34969,33.610729583997724,27.43739719768389,,,429
1771457460,1.34971,1.3498,1.34957,1.3496,32.75030947158233,28.126528066315295,,,305
1771458360,1.34961,1.34966,1.34947,1.3495,31.77692012217983,28.772770123133423,,,304
1771459260,1.34951,1.34959,1.34935,1.34939,30.696152094734344,29.393065784227435,,,580
1771460160,1.3494,1.34979,1.34929,1.34978,38.66159241928867,30.38738819529786,,,504
1771461060,1.34979,1.34979,1.34899,1.34911,31.88213785589238,30.93014704519111,,,1049
1771461960,1.3491,1.34931,1.34884,1.34911,31.88213785589238,31.30335456736129,,,1209
1771462860,1.34913,1.34986,1.34913,1.34969,42.07914129533139,32.47631341837135,,,1652
1771463760,1.3497,1.34978,1.34936,1.34939,38.84042109021575,33.68367911134403,,,1119
1771464660,1.34939,1.34946,1.34917,1.34933,38.207040658632735,34.15554075912514,,,1002
1771465560,1.34933,1.34971,1.34929,1.34966,43.64985045446001,35.131401228492145,,,894
1771466460,1.34964,1.34964,1.3493,1.34939,40.50616021326619,35.89796248054594,,,925
1771467360,1.3494,1.34962,1.34919,1.34949,42.16746804518699,36.50469944442326,,,804
1771468260,1.34949,1.34971,1.3494,1.34958,43.691449402220115,37.17153646877715,,,665
1771469160,1.34959,1.34976,1.34925,1.34976,46.71572383109754,38.107607486427135,,,653
1771470060,1.34976,1.34976,1.34945,1.34957,44.027667847470504,38.91313308470486,,,422
1771470960,1.34957,1.34963,1.34927,1.3493,40.46443989233307,39.53367021114438,,,618
1771471860,1.34933,1.34938,1.34903,1.3491,38.01045487267905,40.056120409569004,,,911
1771472760,1.34911,1.34926,1.34882,1.34916,39.2016855020328,40.094698486907866,,,766
1771473660,1.34917,1.34919,1.34879,1.3489,35.9754885031621,40.38708067599856,,,647
1771474560,1.34891,1.34898,1.34845,1.34848,31.469985247995965,40.357641204005965,,,875
1771475460,1.34847,1.34876,1.34832,1.34838,30.490852517892662,39.52990629133177,,,596
1771476360,1.34838,1.34852,1.34818,1.34825,29.218153157474035,38.84260143899308,,,499
1771477260,1.34826,1.34831,1.34807,1.34812,27.961261889381703,38.11076009833228,,,517
1771478160,1.34812,1.34858,1.34812,1.34857,37.91696095823459,37.701267991459034,,,576
1771479060,1.34858,1.34872,1.3485,1.34869,40.28685550341051,37.685603369326486,,,573
1771479960,1.34869,1.34881,1.34855,1.34876,41.68526963023991,37.6511606254017,,,811
1771480860,1.34879,1.34902,1.3485,1.34899,46.14782472383983,37.826616005517394,,,561
1771481760,1.349,1.34969,1.34896,1.3496,55.8070992655432,38.47599996512066,,,687
1771482660,1.34959,1.34997,1.34955,1.34967,56.76545131856363,39.3858416416273,,,744
1771483560,1.34968,1.35023,1.34967,1.34978,58.29594038043782,40.659520247920504,,,756
1771484460,1.34979,1.34997,1.34956,1.34982,58.86617086315533,42.14921424724024,,,1061
1771485360,1.34981,1.3501,1.34946,1.35002,61.68697678867407,43.75530648200033,,,950
1771486260,1.35002,1.35061,1.34996,1.35058,68.25196101752934,46.06076880445513,,,1265
1771487160,1.3506,1.35121,1.35057,1.351,72.11167905051133,48.96374693320623,,,1323
1771488060,1.35099,1.35143,1.35094,1.3512,73.74834749642821,52.05356800310163,,,1432
1771488960,1.35121,1.3516,1.35069,1.3511,71.48925607102993,55.07293249692706,,,1316
1771489860,1.3511,1.35142,1.35094,1.35138,73.90006938529571,58.35427588949234,,,1361
1771490760,1.35138,1.35139,1.35018,1.35087,63.386532250916005,60.17353098182673,,,1685
1771491660,1.35088,1.35168,1.35079,1.35099,64.66050488957413,61.91450593798131,,,1519
1771492560,1.35098,1.35099,1.35024,1.35032,53.47302580427964,62.75648852184129,,,1508
1771493460,1.35034,1.35059,1.34945,1.34978,46.49122051084155,62.78101679234142,,,1492
1771494360,1.34978,1.35065,1.34965,1.35062,56.094546120322555,62.80154871053994,,,1581
1771495260,1.35066,1.35074,1.34966,1.34968,46.119508722969954,62.04112423942611,,,2054
1771496160,1.34969,1.3497,1.3487,1.34879,39.04072553655496,60.665751750577336,,,1401
1771497060,1.3488,1.34939,1.34856,1.34889,40.15224350983614,59.329042653911685,,,1410
1771497960,1.3489,1.34909,1.34849,1.34868,38.562082298595385,57.67726447604891,,,1190
1771498860,1.34869,1.3492,1.34859,1.34859,37.86987979824578,55.507115817528664,,,1390
1771499760,1.34859,1.34873,1.34719,1.34728,29.554086343269375,52.467287767011385,,,1573
1771500660,1.34729,1.34752,1.34667,1.3474,31.04775009877939,49.41724509575075,,,1630
1771501560,1.34739,1.34747,1.34619,1.3462,25.27618882099381,46.11631172074817,,,1693
1771502460,1.34621,1.34681,1.34598,1.34604,24.619048875545047,42.596238827194554,,,1484
1771503360,1.34605,1.34671,1.34571,1.34648,30.008090010042054,40.21206438141784,,,1613
1771504260,1.34649,1.34741,1.34648,1.34682,33.93825558294236,38.017618002372714,,,1448
1771505160,1.34681,1.34681,1.34586,1.34612,30.180771529968013,36.3538855542076,,,1570
1771506060,1.34611,1.3462,1.3449,1.34581,28.6670732299839,35.08073217700348,,,2171
1771506960,1.34581,1.34648,1.34514,1.34565,27.88958467528765,33.0660920737867,,,1984
1771507860,1.34565,1.34679,1.34528,1.34541,26.718989782388192,31.680340720888008,,,2396
1771508760,1.34542,1.34693,1.34535,1.34596,33.59736729180112,31.291529417691304,,,2577
1771509660,1.34599,1.34619,1.34398,1.34427,25.635078711828854,30.254589074976504,,,2640
1771510560,1.34428,1.34436,1.34339,1.34402,24.702446065122757,29.264615058299885,,,2555
1771511460,1.34401,1.34497,1.34359,1.34441,29.039566671759488,28.633878406408012,,,3480
1771512360,1.3444,1.34469,1.34397,1.34454,30.47708059662176,28.69980656736175,,,3179
1771513260,1.34453,1.34718,1.34448,1.34596,43.85619380461078,29.61469540349257,,,4008
1771514160,1.34595,1.34679,1.34568,1.34611,45.05896701535512,31.02775098880409,,,3557
1771515060,1.34619,1.34685,1.346,1.34633,46.85718587522538,32.61618934592411,,,2814
1771515960,1.34633,1.34739,1.34521,1.34537,40.61090348220972,33.37353316536466,,,3177
1771516860,1.34537,1.34578,1.34406,1.34496,38.264825434964045,33.68257386908049,,,2843
1771517760,1.34497,1.34533,1.34456,1.34511,39.638710489227115,34.358140937599,,,2359
1771518660,1.34511,1.34568,1.3449,1.34499,38.893010815037,35.08856505081708,,,2018
1771519560,1.345,1.34511,1.34395,1.3444,35.369845311393874,35.622869381967526,,,2322
1771520460,1.34441,1.34492,1.34388,1.34428,34.681706804441774,36.19163488354278,,,2046
1771521360,1.34428,1.3453,1.34417,1.3447,39.144389910314544,36.58785078486517,,,1981
1771522260,1.3447,1.34542,1.34437,1.34513,43.40747627577075,37.85730775371816,,,1724
1771523160,1.34515,1.34562,1.345,1.34521,44.19078975876567,39.249332303264076,,,1621
1771524060,1.34521,1.34613,1.34509,1.34601,51.43055327053044,40.84868848889057,,,1523
1771524960,1.346,1.34611,1.34545,1.34599,51.25155442206741,42.3325794764224,,,1626
1771525860,1.34599,1.34649,1.34582,1.34645,55.12047497849949,43.13717098884303,,,1272
1771526760,1.34644,1.34662,1.34585,1.3461,51.75478256068195,43.615443527794945,,,1448
1771527660,1.34609,1.3466,1.34595,1.34628,53.33297772227322,44.07800008829837,,,1340
1771528560,1.34629,1.34641,1.34577,1.34597,50.282305855392515,44.76881454352571,,,1256
1771529460,1.34598,1.34612,1.3447,1.3451,42.87084308604983,45.097815804317555,,,1434
1771530360,1.34509,1.34548,1.34497,1.34548,46.574943595633435,45.59326102620372,,,1528
1771531260,1.34549,1.34574,1.34538,1.34547,46.48951936214224,46.13586877956838,,,906
1771532160,1.34548,1.34562,1.34536,1.3456,47.82914888651932,47.025819034934486,,,761
1771533060,1.34559,1.34578,1.34547,1.34561,47.93712193471558,47.972634401382614,,,811
1771533960,1.34562,1.34605,1.3456,1.34587,50.788855436626854,48.80438193897635,,,970
1771534860,1.34589,1.34622,1.3458,1.34621,54.31307491293558,49.5833532702024,,,660
1771535760,1.3462,1.34669,1.3462,1.34668,58.714567215656196,50.620765945694586,,,1062
1771536660,1.34669,1.3473,1.34668,1.34716,62.67000050499001,51.423583605298845,,,564
1771537560,1.34715,1.34726,1.34612,1.34622,52.13573978719856,51.48673970280822,,,1467
1771538460,1.34622,1.34626,1.34597,1.34622,52.135739787198574,51.27354433200101,,,161
1771539360,1.34621,1.34626,1.34587,1.34596,49.46834902983177,51.110227651226,,,243
1771540260,1.34593,1.34656,1.34589,1.34655,55.08417717009905,51.235313326070695,,,954
1771541160,1.34654,1.34684,1.34602,1.34643,53.77515821430313,51.4848027802786,,,1549
1771542060,1.3467,1.34711,1.34644,1.34685,57.57522592509338,52.535115840210274,,,857
1771542960,1.34685,1.3469,1.34647,1.3465,53.619365079463236,53.03828880334098,,,337
1771543860,1.3465,1.34658,1.34628,1.34635,51.971290891325324,53.429843912568344,,,566
1771544760,1.34636,1.34636,1.34568,1.3457,45.45180951074184,53.26003395715567,,,593
1771545660,1.3457,1.34628,1.34557,1.34595,48.14608754634529,53.27496007227207,,,813
1771546560,1.34596,1.34607,1.34575,1.34589,47.539197749943895,53.04284166608044,,,708
1771547460,1.34591,1.346,1.34575,1.34589,47.539197749943895,52.558993297295316,,,819
1771548360,1.3459,1.34639,1.34588,1.34608,49.860340918246926,51.92654856176608,,,1360
1771549260,1.34609,1.34629,1.34569,1.34582,46.80827395325139,50.79356809378475,,,1378
1771550160,1.34584,1.34599,1.34514,1.34528,41.17138605817827,50.0103999702833,,,1570
1771551060,1.34527,1.34527,1.3445,1.34468,35.985880769781815,48.856838611896386,,,1257
1771551960,1.34469,1.34481,1.34416,1.34456,35.0354553594739,47.82591763544226,,,1518
1771552860,1.34455,1.34461,1.34386,1.34405,31.25705811448948,46.12398056004157,,,1496
1771553760,1.34406,1.34406,1.34368,1.34394,30.49320455110245,44.46098386981295,,,1317
1771554660,1.34394,1.34404,1.34369,1.34376,29.23422660897846,42.43662677580475,,,999
1771555560,1.34376,1.3443,1.3435,1.34425,36.87480200583702,41.240586556260006,,,934
1771556460,1.34425,1.34463,1.34422,1.34435,38.338019487827154,40.26678145601014,,,757
1771557360,1.34436,1.34447,1.34388,1.34416,36.60202048241749,39.63465366827268,,,580
1771558260,1.34417,1.3444,1.34407,1.34417,36.76431845113973,38.82167016147229,,,690
1771559160,1.34418,1.34451,1.34415,1.3443,38.952257948198906,38.20831731849051,,,731
1771560060,1.34429,1.34473,1.34426,1.34459,43.63720766925684,37.92960374129857,,,703
1771560960,1.3446,1.34469,1.34447,1.34449,42.4280712458834,37.398727336129745,,,565
1771561860,1.3445,1.34458,1.34385,1.34399,36.91961170584301,36.692394318457715,,,605
1771562760,1.344,1.34412,1.34387,1.34399,36.919611705843,36.388696150433766,,,691
1771563660,1.34398,1.34419,1.34372,1.3439,35.945380947736794,36.385803306001975,,,815
1771564560,1.34389,1.34443,1.34381,1.34416,40.80503136182729,36.79791587759864,,,672
1771565460,1.34417,1.34436,1.34395,1.34406,39.561827761008495,37.391113709492856,,,746
1771566360,1.34403,1.34487,1.34388,1.3445,47.18634157372023,38.58348063967985,,,1245
1771567260,1.34451,1.34468,1.34416,1.34458,48.459468547955986,39.956712206749664,,,1073
1771568160,1.34457,1.34488,1.34442,1.3446,48.79181385637973,40.807927338931286,,,739
1771569060,1.34459,1.34482,1.34441,1.3445,47.15454898782383,41.43767944607391,,,741
1771569960,1.3445,1.34591,1.34418,1.34568,62.95241875690621,43.31985075139453,,,1134
1771570860,1.34569,1.34625,1.34527,1.34599,65.84146520496341,45.396789805239074,,,2005
1771571760,1.34598,1.34613,1.34561,1.34562,59.84309299936418,46.88899230889374,,,1009
1771572660,1.34563,1.34672,1.3455,1.34586,62.245761422428295,48.21817471983456,,,1700
1771573560,1.34585,1.34608,1.34449,1.34469,47.36694815230966,48.57095164172215,,,2236
1771574460,1.34469,1.34478,1.34362,1.3442,42.75733921953643,48.98793217841454,,,2552
1771575360,1.34421,1.3453,1.3442,1.34525,53.2551817976261,50.1547586135419,,,2044
1771576260,1.34526,1.34555,1.34478,1.34501,50.9549416564779,51.22687009273769,,,2092
1771577160,1.34501,1.34551,1.3448,1.34526,53.22152063599492,52.11376218374967,,,1773
1771578060,1.34526,1.34608,1.34507,1.34588,58.360927630495866,53.4565550315702,,,1688
1771578960,1.34589,1.34779,1.34575,1.34769,69.05108151829015,55.01832217046806,,,1697
1771579860,1.34768,1.34792,1.34703,1.3475,67.10353421477416,56.350041146669355,,,2144
1771580760,1.34748,1.34748,1.34665,1.3467,59.49471931424409,57.11453439365967,,,1662
1771581660,1.34671,1.34714,1.34628,1.34643,57.13983765316728,57.82776929832705,,,1570
1771582560,1.34642,1.34678,1.34619,1.34661,58.32415610206796,57.497179108695754,,,1490
1771583460,1.34672,1.34778,1.34668,1.34767,64.53843358693925,57.404105421694034,,,1456
1771584360,1.34768,1.34828,1.34724,1.34726,60.76429881286895,57.46990583694436,,,1819
1771585260,1.34725,1.34751,1.34661,1.34701,58.51719408721879,57.203579598715116,,,1780
1771586160,1.347,1.34757,1.34684,1.34697,58.146680265866216,57.97356046396915,,,1267
1771587060,1.34698,1.34763,1.34677,1.34748,61.494333270208585,59.311917181874314,,,1316
1771587960,1.34747,1.3478,1.34685,1.34687,55.75047831574593,59.4901526474543,,,1364
1771588860,1.34688,1.34783,1.34686,1.34766,60.850546796455895,60.19698158602416,,,1569
1771589760,1.34766,1.34784,1.34709,1.34726,57.252401327651356,60.48490163542819,,,1598
1771590660,1.34727,1.34806,1.34687,1.34788,61.0926734838553,60.680026339239575,,,1664
1771591560,1.34788,1.34831,1.34732,1.3475,57.672890189302926,59.86729838716906,,,1696
1771592460,1.34746,1.34847,1.34736,1.34804,61.01274056028323,59.43224169756257,,,1778
1771593360,1.34805,1.3498,1.34775,1.3488,65.17735385366429,59.838144164663994,,,2192
1771594260,1.34885,1.34887,1.34685,1.34766,55.585747142297876,59.72713769960189,,,3805
1771595160,1.34767,1.34887,1.34668,1.3485,60.2299376680727,59.86326495431651,,,2938
1771596060,1.34849,1.34858,1.34737,1.34738,52.36725265912774,58.99389488804427,,,2559
1771596960,1.34739,1.34799,1.34724,1.34738,52.36725265912775,58.394105877062756,,,2454
1771597860,1.34739,1.34807,1.34677,1.34719,51.05592989834748,57.86115843500051,,,3354
1771598760,1.3472,1.34818,1.34709,1.34801,56.158407059417975,57.71913892025422,,,3061
1771599660,1.34802,1.35044,1.34607,1.35029,66.58839862264433,58.083000731142484,,,6846
1771600560,1.3503,1.35149,1.34944,1.35067,67.95665931886566,58.9548708027939,,,5807
1771601460,1.35069,1.35139,1.34972,1.35037,65.67020629737254,59.299132195716524,,,5318
1771602360,1.35039,1.35061,1.34912,1.34986,61.85979097992946,59.628231456593525,,,4299
1771603260,1.34986,1.35145,1.34957,1.35054,64.79308330790448,59.892546444025605,,,3968
1771604160,1.35056,1.35059,1.34879,1.34906,54.897095897152795,59.69427542315775,,,3698
1771605060,1.34906,1.34936,1.34863,1.34888,53.820449040215195,59.18054031458146,,,2899
1771605960,1.34887,1.35009,1.34882,1.34981,58.36393047930829,58.693867216413175,,,2611
1771606860,1.34981,1.35005,1.34798,1.34802,48.47760367978972,58.18614268337688,,,2719
1771607760,1.34805,1.34845,1.34749,1.34836,50.20305879798731,57.469937049799356,,,2754
1771608660,1.34837,1.34894,1.34821,1.34872,52.034710729158284,57.44618405480153,,,2508
1771609560,1.34875,1.3496,1.34836,1.34907,53.813425302949824,57.54948210078883,,,2685
1771610460,1.34906,1.34948,1.34855,1.34897,53.20632686888029,57.70308188439831,,,2296
1771611360,1.34895,1.34971,1.34866,1.34951,56.087286630185694,57.69800185373886,,,2773
1771612260,1.34953,1.35057,1.34849,1.35022,59.60847738208693,57.199436050841896,,,3864
1771613160,1.35023,1.35068,1.34917,1.34926,53.376229236781946,56.15797675926449,,,3243
1771614060,1.34927,1.34993,1.34896,1.34927,53.430848832443786,55.283736940341,,,2265
1771614960,1.34928,1.34929,1.34847,1.3488,50.43997241948805,54.46803561459519,,,1648
1771615860,1.34879,1.3489,1.34838,1.34847,48.39174379336299,53.29651136355651,,,1483
1771616760,1.34847,1.3491,1.34828,1.34843,48.13658554778465,52.81361776717308,,,1936
1771617660,1.34844,1.34866,1.34818,1.34846,48.356523285650326,52.42333735613273,,,1376
1771618560,1.34847,1.34879,1.34826,1.34826,46.9277548419817,51.60646766775226,,,1125
1771619460,1.34826,1.34899,1.34817,1.34886,51.552463878710235,51.82610053910372,,,960
1771620360,1.34885,1.34912,1.34867,1.34889,51.778725205277865,51.938648139624476,,,1130
1771621260,1.34887,1.34971,1.34887,1.34959,56.84335575362751,52.28212278422942,,,1126
1771622160,1.34959,1.34966,1.34912,1.34924,53.80070744104566,52.281214365521976,,,601
1771623060,1.34923,1.34928,1.34837,1.34846,47.67602808725175,51.88619302397707,,,823
1771623960,1.34846,1.34881,1.34783,1.34784,43.44259321936888,50.98300063749016,,,870
1771797660,1.34864,1.34898,1.34782,1.34837,47.71651170200815,50.13357451748453,,,346
1771798560,1.34829,1.34963,1.34828,1.34956,55.79395916282641,50.30626951220199,,,534
1771799460,1.34954,1.3499,1.3491,1.34919,53.04965889414881,50.27904165946664,,,664
1771800360,1.3492,1.34942,1.34837,1.34853,48.46989179374176,50.13832161477047,,,918
1771801260,1.34869,1.35077,1.34857,1.35041,59.25910862126144,50.914561959620364,,,2422
1771802160,1.35039,1.35143,1.35018,1.35128,63.10857382418411,51.983989693648894,,,1615
1771803060,1.35128,1.35235,1.35118,1.35211,66.372963459998,53.270878277530876,,,1557
1771803960,1.3521,1.35336,1.35208,1.35292,69.23409515181784,54.86418829966203,,,1513
1771804860,1.35292,1.35302,1.35229,1.35238,65.2483267886289,55.84246422179907,,,1754
1771805760,1.35239,1.35284,1.35197,1.35282,66.919449579392,56.923944534235794,,,1561
1771806660,1.35282,1.35311,1.35258,1.3528,66.76229541089296,57.63244022404047,,,1748
1771807560,1.35281,1.35285,1.35216,1.35225,62.42097845808488,58.248173868114705,,,2047
1771808460,1.35224,1.3526,1.35194,1.35208,61.098490786909124,59.20692120380452,,,2231
1771809360,1.35207,1.35218,1.35156,1.35183,59.11498083499028,60.326377462063185,,,2267
1771810260,1.3518,1.35229,1.35157,1.35217,60.97072448250204,61.27310694638418,,,1878
1771811160,1.35218,1.35238,1.35169,1.35186,58.36933154528321,61.45706211655966,,,1725
1771812060,1.35187,1.3526,1.35166,1.35239,61.40150364304695,62.05362245576668,,,1650
1771812960,1.35238,1.35249,1.35196,1.35242,61.572118549919665,62.989495795493674,,,1295
1771813860,1.35241,1.35282,1.35222,1.35265,62.92517814201797,63.25135790411914,,,1189
1771814760,1.35265,1.35286,1.35199,1.35218,58.399977236963196,62.9150295764605,,,1195
1771815660,1.35218,1.35229,1.35141,1.35147,52.28322418398621,61.908619628173945,,,1147
1771816560,1.35148,1.35153,1.35107,1.35133,51.145671486306654,60.61658936635172,,,854
1771817460,1.35134,1.35159,1.35103,1.35125,50.46991784356486,59.560988727418575,,,889
1771818360,1.35126,1.35186,1.35124,1.3516,53.37249912596696,58.59334940931678,,,751
1771819260,1.35159,1.35173,1.35126,1.35145,51.96693601201205,57.53653802368243,,,902
1771820160,1.35146,1.35189,1.35146,1.35177,54.70727723799757,56.98555936510477,,,764
1771821060,1.35177,1.352,1.35157,1.35189,55.72731480780845,56.601903938026155,,,632
1771821960,1.35194,1.3521,1.35179,1.35189,55.72731480780845,56.35992779322744,,,535
1771822860,1.35187,1.3519,1.35145,1.35156,51.992809466319805,55.718648149214424,,,837
1771823760,1.35156,1.35161,1.35126,1.35158,52.20187218467711,55.27811533774257,,,731
1771824660,1.35158,1.35188,1.35157,1.35169,53.4037724534981,54.706848824203355,,,618
1771825560,1.35169,1.35212,1.35167,1.35189,55.59031164223004,54.27957690222553,,,610
1771826460,1.35189,1.35307,1.35178,1.35302,65.45396582461872,54.46020459383988,,,1069
1771827360,1.35303,1.3535,1.35297,1.35318,66.58563515176658,55.04489444489726,,,1227
1771828260,1.35322,1.35323,1.35279,1.35308,65.14917051821881,55.963890611628166,,,832
1771829160,1.35307,1.35351,1.35268,1.35281,61.30369966838782,56.689464053205384,,,1164
1771830060,1.3528,1.35326,1.35256,1.35257,58.025097850291566,57.22911976797159,,,1657
1771830960,1.35258,1.3528,1.35235,1.35237,55.36766887083222,57.37163189260481,,,1274
1771831860,1.35236,1.35307,1.35216,1.35289,60.44054353637862,57.97688957291672,,,1583
1771832760,1.35288,1.35327,1.35214,1.35279,59.05055916835207,58.287123996513465,,,2069
1771833660,1.35278,1.35279,1.35131,1.35188,48.18974753219928,57.74872633396995,,,2542
1771834560,1.35182,1.35216,1.35131,1.35131,42.870883945172935,56.8304098437817,,,2283
1771835460,1.35131,1.35207,1.35112,1.35133,43.10816004987219,56.19579202832116,,,1751
1771836360,1.35134,1.3519,1.35099,1.35165,46.907713799417444,55.81763785794546,,,1651
1771837260,1.35164,1.35188,1.35113,1.35119,42.51239186903544,55.03968210191242,,,1569
1771838160,1.35118,1.35128,1.35057,1.3512,42.63822524684782,54.114533073670835,,,1529
1771839060,1.35119,1.35156,1.35098,1.35151,46.54447989899457,52.76385550755482,,,1405
1771839960,1.35151,1.35164,1.35077,1.35099,41.44593501365038,50.96816264054652,,,1653
1771840860,1.35098,1.3513,1.35051,1.35076,39.390612520549226,49.12826564071298,,,1530
1771841760,1.35074,1.35087,1.35024,1.35079,39.809889747493784,47.592993503506264,,,1693
1771842660,1.3508,1.35099,1.35058,1.35069,38.84525525379168,46.22300474661342,,,1130
1771843560,1.35068,1.35118,1.35042,1.35049,36.91848318823462,44.90520576928502,,,1374
1771844460,1.35049,1.351,1.35035,1.35084,42.311188464897825,43.61025183560781,,,1493
1771845360,1.35083,1.35095,1.34897,1.34913,29.184200063457737,41.47694047097251,,,1430
1771846260,1.34914,1.34982,1.34864,1.34959,35.02413923350876,40.5365398782089,,,1670
1771847160,1.34958,1.34969,1.34866,1.34883,30.542623362600693,39.6559498365966,,,1818
1771848060,1.34884,1.34904,1.34828,1.34862,29.422347013873818,38.67839176259671,,,1812
1771848960,1.34863,1.34876,1.34755,1.3478,25.490658322958794,37.148602085706806,,,1856
1771849860,1.3478,1.34838,1.34775,1.34829,31.390657841656278,36.35419251232258,,,1635
1771850760,1.34829,1.34885,1.34798,1.34885,37.48340551694654,35.98599110304392,,,1914
1771851660,1.34884,1.34937,1.34849,1.34934,42.31084513687837,35.68358862003562,,,2048
1771852560,1.3493,1.35009,1.34925,1.35008,48.74745645431796,36.20512586579759,,,1771
1771853460,1.35008,1.35089,1.34982,1.35017,49.485655203907726,36.926200343180334,,,2035
1771854360,1.35018,1.35077,1.34991,1.35065,53.345212634470066,37.893009120821496,,,2005
1771855260,1.35064,1.35101,1.3503,1.351,55.985952269234346,39.117344621924545,,,1992
1771856160,1.35099,1.35121,1.35022,1.35053,51.74997148658425,40.17673664323524,,,1872
1771857060,1.35054,1.35171,1.35054,1.35127,57.23615357625554,41.242805579760784,,,3136
1771857960,1.35118,1.35236,1.35091,1.35229,63.41161020909535,43.68762059016347,,,3219
1771858860,1.35228,1.35249,1.35139,1.35179,58.9199278413335,45.39446263357952,,,2861
1771859760,1.3518,1.35206,1.35126,1.35185,59.2925596976267,47.44802951465281,,,2758
1771860660,1.35186,1.3521,1.35066,1.35073,50.14815928649214,48.928444676982686,,,2765
1771861560,1.35075,1.35097,1.34919,1.34938,41.783307035041474,50.09220529927431,,,3053
1771862460,1.34936,1.34982,1.34875,1.34941,42.014776008979275,50.851070882654525,,,2941
1771863360,1.34939,1.35061,1.34938,1.35029,48.48507603184548,51.63690449086159,,,2995
1771864260,1.35029,1.35149,1.35006,1.35111,53.67260810449872,52.44845898854875,,,2390
1771865160,1.3511,1.35128,1.35056,1.35068,50.784595931012134,52.593968951169764,,,2335
1771866060,1.35069,1.35084,1.34946,1.34957,44.176493482925245,52.21474311395673,,,2427
1771866960,1.34958,1.34985,1.34878,1.34886,40.542567571944936,51.300268466633504,,,1991
1771867860,1.34887,1.34909,1.34846,1.34895,41.20282024381694,50.244330464817985,,,1979
1771868760,1.34896,1.3498,1.34869,1.3498,47.16971119448434,49.91716901538227,,,2188
1771869660,1.34979,1.34997,1.34936,1.34959,45.92957582937039,49.109556319176185,,,1552
1771870560,1.3496,1.34995,1.34946,1.34982,47.55585866777659,47.97700263765341,,,1719
1771871460,1.34981,1.35015,1.34947,1.34963,46.31654036678269,47.0767606751855,,,1435
1771872360,1.34963,1.35001,1.34959,1.3496,46.112203350875994,46.1353066504176,,,1497
1771873260,1.34963,1.34987,1.34949,1.34986,48.24335251739595,45.99924902405358,,,1186
1771874160,1.34987,1.34987,1.34929,1.34948,45.416323117536,46.2587501728032,,,1144
1771875060,1.34944,1.34944,1.34856,1.3487,40.207967233479934,46.12969240312467,,,1230
1771875960,1.3487,1.34925,1.34868,1.34899,42.83292737286938,45.725967498912084,,,1421
1771876860,1.349,1.3492,1.34886,1.34901,43.01871991497935,44.96497548537498,,,1207
1771877760,1.34902,1.34944,1.34886,1.34929,45.68037517184732,44.60038828829179,,,817
1771878660,1.3493,1.3494,1.34899,1.34902,43.567041428317175,44.556855998676916,,,878
1771879560,1.34902,1.34931,1.3488,1.34923,45.67227439999316,44.923263629251785,,,1110
1771880460,1.34922,1.34954,1.3491,1.3493,46.39019269168852,45.29379023267119,,,605
1771881360,1.34929,1.34941,1.34895,1.3494,47.458370800665016,45.31440877596981,,,475
1771882260,1.34939,1.35001,1.34938,1.34968,50.43624497688719,45.63631371507815,,,509
1771883160,1.34967,1.34977,1.349,1.34904,44.261293663501384,45.40098764334421,,,1142
1771884060,1.34915,1.34918,1.34865,1.34872,41.52386239846436,45.058653502750055,,,732
1771884960,1.34873,1.34887,1.34842,1.3487,41.35172412512261,44.71861927233909,,,3876
1771885860,1.34872,1.34918,1.34869,1.34906,45.71410787588928,44.53795894080291,,,3196
1771886760,1.34907,1.3491,1.34838,1.34906,45.7141078758893,44.55922928068527,,,1390
1771887660,1.34927,1.34961,1.34926,1.34953,51.209157956830566,45.34502861806747,,,504
1771888560,1.34951,1.34958,1.34917,1.34933,48.938997446180345,45.781176480446824,,,463
1771889460,1.34934,1.34988,1.34933,1.34985,54.57720218862926,46.606782357136105,,,606
1771890360,1.34985,1.34998,1.34949,1.34969,52.65075361916743,47.10466653194469,,,600
1771891260,1.3497,1.34979,1.34938,1.34979,53.74957370961155,47.83199026632285,,,1021
1771892160,1.3498,1.34988,1.3493,1.34935,48.42460602940554,48.028585382709444,,,798
1771893060,1.34936,1.34987,1.34929,1.34971,52.56529547455016,48.46966415291384,,,1252
1771893960,1.3497,1.34971,1.34913,1.34928,47.64492923872077,48.48298975563212,,,1489
1771894860,1.3493,1.3493,1.34851,1.34852,40.43986528668669,47.76896263490351,,,2178
1771895760,1.34852,1.34877,1.34778,1.34785,35.36279034781731,47.13335525521179,,,2005
1771896660,1.34786,1.34899,1.34778,1.34888,46.48575127772838,47.48777588944493,,,1596
1771897560,1.34887,1.34927,1.34878,1.34926,49.91040294914776,48.099110091161016,,,1585
1771898460,1.34927,1.34942,1.34899,1.34902,47.82856623679461,48.25014283122567,,,1618
1771899360,1.34901,1.34961,1.34874,1.34957,52.69792638962497,48.74898701077823,,,1043
1771900260,1.34958,1.3498,1.34936,1.34959,52.870187335849984,48.86763196642247,,,803
1771901160,1.34958,1.34988,1.34955,1.34987,55.32320876257024,49.32364706045032,,,904
1771902060,1.34988,1.35013,1.34971,1.34972,53.710403418994396,49.26173286261926,,,1018
1771902960,1.34971,1.34972,1.34914,1.34922,48.62211344388432,48.97397285009903,,,875
1771903860,1.34925,1.34938,1.34909,1.34917,48.13106583433684,48.572650859007986,,,800
1771904760,1.34917,1.34926,1.34875,1.34885,44.998821945874944,48.32795199589866,,,795
1771905660,1.34886,1.34897,1.34855,1.34858,42.48647692640445,47.60803638531682,,,721
1771906560,1.34858,1.34871,1.34837,1.34838,40.67490493330477,47.11017750635853,,,902
1771907460,1.34837,1.34838,1.34792,1.3482,39.060652090052145,47.011662278027494,,,988
1771908360,1.3482,1.34831,1.34807,1.34825,39.775641124840654,47.32686590495773,,,733
1771909260,1.34825,1.34848,1.34806,1.34826,39.92744831348756,46.85841569322624,,,942
1771910160,1.34828,1.34835,1.34798,1.34806,37.87134218175115,45.998482781269345,,,749
1771911060,1.34807,1.34829,1.348,1.34822,40.51063732559918,45.47577357332681,,,642
1771911960,1.34822,1.34891,1.34819,1.34888,49.954865738157345,45.27984066965056,,,1035
1771912860,1.34887,1.34921,1.34879,1.34889,50.084168031521436,45.08083929076994,,,1001
1771913760,1.34888,1.349,1.34869,1.3488,48.860593854007455,44.619223940158314,,,1138
1771914660,1.34881,1.34909,1.34864,1.34891,50.45381093447821,44.3866101912643,,,1065
1771915560,1.34892,1.34897,1.34848,1.3485,44.84570757944771,44.11686691523312,,,1064
1771916460,1.34848,1.34876,1.34738,1.34766,36.013529244796594,43.251328587408814,,,3032
1771917360,1.34759,1.34813,1.34735,1.34803,41.480591252630774,43.00002639503423,,,2386
1771918260,1.34806,1.3484,1.3477,1.34808,42.19929832272559,42.9795136376286,,,2107
1771919160,1.34807,1.34813,1.34734,1.34787,39.9784838395006,42.929769273785446,,,1948
1771920060,1.34786,1.34788,1.34699,1.34749,36.25986069578974,42.72971274562385,,,2236
1771920960,1.34749,1.34901,1.34725,1.34896,54.0612365720502,43.750112420424536,,,2299
1771921860,1.34897,1.34901,1.34834,1.3486,50.35245654999676,44.49475586588947,,,2067
1771922760,1.34862,1.34904,1.34845,1.34869,51.25282291497958,45.450575918262935,,,1865
1771923660,1.34867,1.34946,1.34849,1.34919,56.02423651974222,46.558690146416,,,1821
1771924560,1.3492,1.34981,1.34892,1.34976,60.74179765858128,47.32918528358914,,,1661
1771925460,1.34975,1.35027,1.3497,1.34983,61.290989512119445,48.12967253220329,,,1445
1771926360,1.34983,1.35023,1.34968,1.34988,61.70310026169321,49.04699441846656,,,1294
1771927260,1.34989,1.35027,1.34946,1.34946,56.28259288917344,49.46333598665907,,,1239
1771928160,1.34946,1.35019,1.34941,1.35017,62.31026690937293,50.71080451022516,,,1323
1771929060,1.35018,1.35059,1.34966,1.34966,56.30491852910357,52.160189459104224,,,1472
1771929960,1.34965,1.34976,1.34915,1.34915,51.010449314973386,52.84089360641441,,,1314
1771930860,1.34915,1.34923,1.3485,1.34907,50.21283067986199,53.41328877478129,,,1491
1771931760,1.34908,1.3494,1.34887,1.34916,51.13846710530696,54.21043043662461,,,1456
1771932660,1.34917,1.34926,1.34846,1.34866,46.019555825252155,54.90755151730049,,,1212
1771933560,1.34866,1.34882,1.34852,1.34859,45.33536114130574,54.28427470081874,,,1478
1771934460,1.3486,1.34903,1.34824,1.34857,45.128914037391525,53.91116452134694,,,1486
1771935360,1.34856,1.34861,1.34818,1.34849,44.260684579535734,53.411726068815234,,,1404
1771936260,1.3485,1.3486,1.34797,1.34808,40.012053446885446,52.26799870646831,,,1602
1771937160,1.34803,1.34904,1.34782,1.3489,50.289666370617674,51.521417900185206,,,1990
1771938060,1.34889,1.3492,1.34851,1.3486,47.109644039199516,50.50846465211949,,,2017
1771938960,1.3486,1.3489,1.34845,1.34864,47.58555512991151,49.50006857127795,,,1795
1771939860,1.34864,1.34907,1.34811,1.34811,42.17098876207613,48.49209684791385,,,2020
1771940760,1.34814,1.34872,1.34765,1.34869,49.00884822188901,47.541995513093575,,,2014
1771941660,1.34869,1.34939,1.34798,1.34808,43.22054624983583,46.60739749314588,,,2120
1771942560,1.34809,1.34917,1.34806,1.34878,50.452437202938526,46.56753948514339,,,2261
1771943460,1.34877,1.34919,1.34823,1.34834,46.44778344978418,46.29860754013783,,,3043
1771944360,1.34833,1.34997,1.3483,1.34961,57.04579200083186,46.72055931838961,,,2788
1771945260,1.3496,1.35037,1.34912,1.35017,60.735685438997486,47.77171143365713,,,2927
1771946160,1.35018,1.35103,1.34977,1.35102,65.57025190825183,49.217060774153275,,,2598
1771947060,1.35102,1.35198,1.35085,1.35136,67.30442775377941,50.80102603960956,,,2706
1771947960,1.35137,1.35246,1.35132,1.35146,67.81785631432565,52.48368116352314,,,2507
1771948860,1.35146,1.35284,1.35145,1.35277,73.65439354095912,54.88670545595697,,,2219
1771949760,1.35277,1.35366,1.35255,1.35336,75.78449017760268,56.70776429931305,,,1877
1771950660,1.35335,1.35335,1.35262,1.35325,74.57388306620646,58.66949565838497,,,1991
1771951560,1.35324,1.35347,1.35276,1.35282,69.87489330285308,60.26159124216651,,,1801
1771952460,1.35283,1.35297,1.35243,1.35262,67.73698140585122,62.08773357386473,,,1378
1771953360,1.35263,1.35265,1.35144,1.35151,57.26486310585409,62.677448922719385,,,1288
1771954260,1.3515,1.35187,1.35144,1.35186,59.396447267703294,63.83287042399562,,,1153
1771955160,1.35185,1.35198,1.35144,1.35185,59.30542901873555,64.46522698226684,,,1316
1771956060,1.35184,1.35198,1.35115,1.35145,55.633065431381404,65.12131855238093,,,1340
1771956960,1.35145,1.352,1.35133,1.35185,58.406760119311635,65.21853056084377,,,1013
1771957860,1.35184,1.35195,1.35083,1.35094,50.649002406108934,64.49805320135172,,,1157
1771958760,1.35094,1.35108,1.35063,1.35067,48.58694959079248,63.28496017867606,,,1177
1771959660,1.35068,1.35087,1.35057,1.35075,49.246286846094925,61.99509297098431,,,1103
1771960560,1.35076,1.35103,1.35026,1.35092,50.69333664092171,60.77191299431261,,,1148
1771961460,1.35093,1.35124,1.35076,1.35076,49.26953380777547,59.0301372990852,,,957
1771962360,1.35078,1.35094,1.35005,1.35018,44.401139100926244,56.788469365036875,,,1078
1771963260,1.35018,1.35029,1.34974,1.34977,41.29483739304386,54.41139467409669,,,860
1771964160,1.34978,1.35026,1.34965,1.35013,44.93741998500985,52.63014657996503,,,1036
1771965060,1.35014,1.35088,1.35007,1.35079,50.94676186269339,51.43084518402519,,,1019
1771965960,1.35079,1.35079,1.34972,1.34973,42.856953023479825,50.40170874956988,,,1123
1771966860,1.34974,1.34996,1.3493,1.34944,40.94153903896016,49.08350101894537,,,1065
1771967760,1.34944,1.34967,1.34936,1.3496,42.46927354885983,47.88091848538282,,,642
1771968660,1.34957,1.34965,1.34947,1.3496,42.46927354885983,46.94064763663128,,,475
1771969560,1.34961,1.34962,1.34871,1.34879,36.86953414151969,45.402274352503284,,,844
1771970460,1.34905,1.34976,1.34849,1.34951,43.94477524234972,44.923400983663335,,,592
1771971360,1.3495,1.34978,1.34911,1.34923,41.97462523249205,44.451092100927596,,,644
1771972260,1.34939,1.34939,1.34899,1.34917,41.54480517621264,43.90098626736458,,,688
1771973160,1.34923,1.34936,1.34885,1.34919,41.7588934575672,43.26281175426782,,,1390
1771974060,1.34931,1.3496,1.34907,1.34959,46.0172267894869,43.03050411010435,,,1046
1771974960,1.34959,1.34977,1.34957,1.34976,47.765234324870136,43.27079662610034,,,296
1771975860,1.34976,1.34978,1.34959,1.3496,46.2473769698122,43.62454945301237,,,214
1771976760,1.34961,1.34974,1.34953,1.34959,46.14867110745377,43.711067390329795,,,409
1771977660,1.34959,1.34966,1.34915,1.34943,44.51172299648466,43.25142175702917,,,508
1771978560,1.34942,1.34996,1.34942,1.34996,50.74436530459384,43.81480834853731,,,643
1771979460,1.34995,1.35041,1.34967,1.35007,51.95067753486406,44.60117538395902,,,1257
1771980360,1.35006,1.35047,1.3498,1.35018,53.18540127886204,45.366613078959176,,,1434
1771981260,1.35018,1.35046,1.35009,1.35043,55.95556586696882,46.32991967310982,,,1465
1771982160,1.35042,1.3506,1.35006,1.35015,52.22795959628122,47.42695006273565,,,1340
1771983060,1.35015,1.35067,1.35014,1.35026,53.537469941914374,48.11214254127598,,,1295
1771983960,1.35027,1.35039,1.35006,1.35032,54.273751568474125,48.99065156527469,,,1139
1771984860,1.35032,1.35119,1.35031,1.35111,62.663283864189744,50.49911432870163,,,1240
1771985760,1.3511,1.35128,1.35086,1.35122,63.662988401948844,52.0636925390146,,,982
1771986660,1.35124,1.35194,1.35098,1.35166,67.42068854792348,53.59251123604579,,,1651
1771987560,1.35168,1.35215,1.35149,1.35207,70.48371324596857,55.21525973040997,,,1658
1771988460,1.35206,1.35208,1.35089,1.35091,54.78879207530323,55.82536080937361,,,2012
1771989360,1.3509,1.35126,1.35082,1.35119,57.26258497615578,56.619211799995185,,,1837
1771990260,1.35118,1.35169,1.35106,1.35134,58.57039870877075,57.62340292230134,,,2070
1771991160,1.35135,1.35166,1.35118,1.35134,58.57039870877075,58.18240530831397,,,1677
1771992060,1.35133,1.35158,1.35115,1.35118,56.43402720437927,58.5026445704222,,,907
1771992960,1.35119,1.35175,1.35108,1.35169,61.28186323847414,59.08096328182306,,,953
1771993860,1.3517,1.3519,1.35154,1.35165,60.7112469584911,59.420654788360366,,,765
1771994760,1.35166,1.35188,1.35133,1.35175,61.67208908846203,60.095235466373275,,,878
1771995660,1.35176,1.35217,1.35175,1.35199,63.95073148624493,60.83903986239689,,,859
1771996560,1.35199,1.3521,1.35164,1.35196,63.442993810576,61.493985736832734,,,736
1771997460,1.35196,1.35251,1.35181,1.35247,68.08235624832894,61.88106233569984,,,897
1771998360,1.35242,1.35249,1.35197,1.35197,60.03788382263227,61.62212629432008,,,1045
1771999260,1.35198,1.35248,1.35181,1.35231,63.22035257008288,61.3221022959029,,,1168
1772000160,1.35231,1.35267,1.35226,1.35256,65.40213171159533,60.959132186304814,,,992
1772001060,1.35256,1.35266,1.35226,1.35237,62.37379828184295,61.5009183439148,,,941
1772001960,1.35237,1.3527,1.35223,1.35266,65.03498066560051,62.05608946458942,,,1031
1772002860,1.35265,1.35288,1.35213,1.35215,57.352624804421765,61.969105614278774,,,1636
1772003760,1.35216,1.35227,1.35172,1.35194,54.49792044799286,61.6782143099375,,,1219
1772004660,1.35196,1.3521,1.35153,1.35205,55.74063418660499,61.628686237239336,,,1446
1772005560,1.35204,1.35325,1.35176,1.35325,66.49196188510354,62.00083614057,,,2027
1772006460,1.35326,1.35337,1.35156,1.35188,51.20033427071908,61.32148523430057,,,2089
1772007360,1.35188,1.35244,1.35097,1.35115,45.23122058932616,60.14713748436229,,,1919
1772008260,1.35114,1.35238,1.35114,1.35228,54.14331840328544,59.44660797843661,,,1770
1772009160,1.35231,1.35232,1.35125,1.3514,47.64167934252486,58.317942659290104,,,1627
1772010060,1.35139,1.35194,1.35116,1.35116,46.01865454240954,56.74196396601014,,,1917
1772010960,1.35115,1.35218,1.35115,1.3513,47.14971776833451,55.82138067641745,,,2023
1772011860,1.35129,1.35204,1.35108,1.35165,49.97188047353402,54.87506124094967,,,2163
1772012760,1.35165,1.35196,1.35114,1.35187,51.71716725529423,53.8975637797853,,,1677
1772013660,1.35188,1.35214,1.35168,1.35175,50.67863315215971,53.062194841950785,,,1592
1772014560,1.35174,1.35187,1.35078,1.35084,43.53852803865111,51.52673394002583,,,1412
1772015460,1.3508,1.35156,1.35066,1.35126,47.23365453406582,50.803950349286126,,,1693
1772016360,1.35125,1.35139,1.35098,1.35119,46.68526348026191,50.24590342301963,,,1226
1772017260,1.3512,1.35121,1.35022,1.35023,39.85174958918689,49.110983094632616,,,1410
1772018160,1.35024,1.35024,1.34907,1.34927,34.42518222550184,46.82049883323249,,,1754
1772019060,1.34927,1.3498,1.34927,1.34958,37.38999118850779,45.83404575593169,,,1311
1772019960,1.34957,1.35067,1.34957,1.35067,46.54209692913323,45.92767978020362,,,1280
1772020860,1.35068,1.3512,1.35033,1.35097,48.76207281294506,45.54330509517931,,,1548
1772021760,1.35098,1.35137,1.35067,1.35107,49.51467405475293,45.677090431767034,,,1364
1772022660,1.35106,1.35136,1.35075,1.35127,51.062872168556645,46.03739169077754,,,1423
1772023560,1.35126,1.35239,1.35124,1.35217,57.39461237793675,46.769169877177696,,,1462
1772024460,1.35216,1.35336,1.35205,1.35328,63.64262972729293,47.7456519667319,,,1620
1772025360,1.35327,1.35354,1.35224,1.35225,55.50809106956048,48.016432239179494,,,1494
1772026260,1.35226,1.35246,1.35177,1.35198,53.574974657384686,48.223313775266995,,,1864
1772027160,1.35199,1.35221,1.35064,1.35066,45.273735991809716,48.347257200492606,,,1899
1772028060,1.35066,1.35168,1.35066,1.35107,47.970395178200555,48.39988153221651,,,1942
1772028960,1.3511,1.35211,1.35096,1.35175,52.17918264177307,48.79230432946731,,,1778
1772029860,1.35174,1.352,1.35117,1.35177,52.30139578243663,49.6815647718423,,,2592
1772030760,1.35176,1.35238,1.35164,1.35208,54.252948983401666,51.097833825978,,,2299
1772031660,1.35207,1.35332,1.35177,1.35326,60.823546167586194,52.771659181626454,,,2294
1772032560,1.35328,1.35348,1.35253,1.35305,59.19409227626897,53.6753731349933,,,2495
1772033460,1.35304,1.35307,1.35204,1.35205,52.0440760097882,53.909801934767806,,,2476
1772034360,1.3521,1.35371,1.3521,1.35347,59.5211235496458,54.62454832726014,,,2792
1772035260,1.35348,1.35444,1.35321,1.35405,62.11908482909531,55.41427780301291,,,2237
1772036160,1.35405,1.35407,1.3532,1.35375,59.974950133295,55.59858764268136,,,1761
1772037060,1.35373,1.35459,1.35373,1.35435,62.74463594542156,55.53444522969055,,,1785
1772037960,1.35436,1.35515,1.35433,1.35485,64.92297186620884,56.20693671516543,,,1716
1772038860,1.35488,1.35613,1.35488,1.35612,69.75959304009356,57.36298088535892,,,1808
1772039760,1.35612,1.35641,1.35595,1.35598,68.63607329524591,59.0317192641758,,,1311
1772040660,1.35598,1.35659,1.35593,1.35613,69.20828735260942,60.54871156234786,,,1145
1772041560,1.35613,1.35635,1.35544,1.35558,64.55745577333644,61.4328739288881,,,1333
1772042460,1.35561,1.35602,1.35553,1.35562,64.74302227351978,62.32156153539404,,,1142
1772043360,1.35563,1.35595,1.35524,1.35544,63.14094679199297,62.95641852172199,,,974
1772044260,1.35544,1.35554,1.35504,1.35515,60.54165824378647,62.93628367002201,,,946
1772045160,1.35515,1.35533,1.35504,1.3552,60.840975638427125,63.053918195890446,,,807
1772046060,1.3552,1.35558,1.35485,1.35528,61.34620654979861,63.71835609160548,,,929
1772046960,1.35527,1.35537,1.35482,1.35495,58.020759067361645,63.61118720001376,,,597
1772047860,1.35496,1.35537,1.35495,1.35536,60.85960720581559,63.521224512636635,,,766
1772048760,1.35528,1.35528,1.35503,1.35516,58.77172106914464,63.43527957948304,,,910
1772049660,1.35515,1.35524,1.35496,1.35507,57.810590766021086,63.08284778095443,,,802
1772050560,1.35507,1.35538,1.35497,1.35536,60.07620443542254,62.73665010732684,,,791
1772051460,1.35535,1.35559,1.35533,1.35537,60.155662084665565,62.05065503908198,,,627
1772052360,1.35537,1.35555,1.35517,1.35526,58.770063541554826,61.345940056675474,,,898
1772053260,1.35527,1.35568,1.35526,1.35547,60.634255660111606,60.73350922149706,,,588
1772054160,1.35548,1.35551,1.35517,1.3555,60.90619534124642,60.472704904919205,,,375
1772055060,1.3555,1.35593,1.35549,1.35589,64.35364027206847,60.44489190481553,,,607
1772055960,1.35588,1.35602,1.35568,1.35591,64.52640088046026,60.543852911134636,,,828
1772056860,1.35552,1.35564,1.3551,1.35545,57.61057190037078,60.33448960089065,,,168
1772057760,1.35548,1.35556,1.35484,1.35516,53.702805225294775,59.82462028566691,,,526
1772058660,1.35522,1.35556,1.35483,1.35531,55.38839628343568,59.39906240949813,,,798
1772059560,1.35529,1.35591,1.35499,1.35532,55.504703074906125,59.21934412432273,,,1740
1772060460,1.35554,1.35598,1.35549,1.35568,59.589228171822924,59.12860276475182,,,1788
1772061360,1.35569,1.35597,1.35556,1.35587,61.593111218195865,59.33013063254119,,,626
1772062260,1.35586,1.35587,1.3556,1.35575,59.58349320382984,59.4567665209561,,,530
1772063160,1.35576,1.35592,1.35564,1.35564,57.72425169241003,59.28876989645521,,,658
1772064060,1.35566,1.35575,1.35535,1.35545,54.55752828685053,58.888903196611274,,,788
1772064960,1.35546,1.35585,1.3554,1.3554,53.7222956243409,58.52834834538171,,,739
1772065860,1.35539,1.35626,1.35536,1.35617,63.092908711264855,58.703966420464084,,,800
1772066760,1.35618,1.35639,1.35586,1.35625,63.91054556944806,58.91856286533563,,,1259
1772067660,1.35624,1.35676,1.35624,1.35674,68.51192021661917,59.21558286137497,,,1200
1772068560,1.35675,1.35725,1.35656,1.35661,66.10386689460832,59.328259005242685,,,1347
1772069460,1.3566,1.35725,1.35646,1.35717,70.85590478332354,60.27435421116788,,,1684
1772070360,1.35716,1.35751,1.35706,1.35737,72.3469780657111,61.60608084262619,,,1695
1772071260,1.35737,1.35739,1.35695,1.35707,66.8241937675171,62.42292352006058,,,1207
1772072160,1.35709,1.35717,1.35613,1.35614,53.252748714405335,62.26206963716766,,,1203
1772073060,1.35615,1.35627,1.35555,1.35593,50.74652572780366,61.63044803402344,,,1227
1772073960,1.35594,1.35648,1.35584,1.35648,56.51833443545096,61.26796397811308,,,914
1772074860,1.35644,1.35657,1.35625,1.35649,56.61787677781472,61.056134233397714,,,1084
1772075760,1.35648,1.35657,1.35615,1.35626,53.57969045508847,60.760094145017604,,,852
1772076660,1.35626,1.35639,1.35582,1.35585,48.575656914408825,60.33281761841463,,,797
1772077560,1.35585,1.35586,1.35556,1.35564,46.195842841670725,59.7952138482239,,,895
1772078460,1.35564,1.35566,1.35513,1.35515,41.132151334468475,58.22658832130987,,,704
1772079360,1.35514,1.35533,1.35497,1.35506,40.25925790901273,56.537210631278775,,,723
1772080260,1.35507,1.35566,1.35507,1.35548,46.01671333013328,54.93041013938692,,,674
1772081160,1.35549,1.35591,1.35544,1.35574,49.27571544359652,53.72839932145751,,,743
1772082060,1.35572,1.35587,1.35551,1.35586,50.7534410249567,52.29250905300273,,,893
1772082960,1.35588,1.35598,1.35558,1.35567,48.35159214460529,50.57855291578089,,,1022
1772083860,1.35567,1.35591,1.35539,1.35584,50.604024499299086,49.419969396622456,,,892
1772084760,1.35582,1.35623,1.35575,1.35598,52.44339598985647,49.362158487726106,,,1275
1772085660,1.35597,1.35624,1.35565,1.35615,54.65163019574454,49.64109452115046,,,1036
1772086560,1.35615,1.35616,1.35523,1.35556,46.569534807113925,48.930465976269225,,,1140
1772087460,1.35552,1.35616,1.35538,1.35608,53.146146251107105,48.68248522436154,,,1116
1772088360,1.35608,1.35615,1.35543,1.35549,46.19798883184185,48.155220822701075,,,1218
1772089260,1.35547,1.35549,1.35474,1.35485,40.077193983274086,47.54818775619145,,,1579
1772090160,1.35485,1.35551,1.35467,1.35482,39.8109296246504,47.09212252640429,,,1880
1772091060,1.35483,1.35507,1.35461,1.35484,40.09666247558009,47.01815903648369,,,1132
1772091960,1.35483,1.35494,1.35415,1.35415,34.084823182633514,46.57712798459947,,,1796
1772092860,1.35414,1.35436,1.35312,1.35327,28.2643709778894,45.309103530867766,,,2516
1772093760,1.35327,1.35351,1.35232,1.35303,26.914491147675378,43.71187322401625,,,2103
1772094660,1.35308,1.35311,1.35203,1.35251,24.215921848829808,41.816336140007195,,,1856
1772095560,1.35252,1.35269,1.35219,1.35262,25.908275527390913,40.21324209592045,,,1629
1772096460,1.35261,1.35276,1.35207,1.35257,25.628124649472554,38.42924924950427,,,1409
1772097360,1.35257,1.35273,1.35189,1.35255,25.509302681123316,36.50538544173761,,,1804
1772098260,1.35256,1.35336,1.35253,1.35297,32.57867973110318,34.92874612283466,,,1706
1772099160,1.35298,1.35316,1.35256,1.35256,29.623185514120706,33.718292601906576,,,1400
1772100060,1.35256,1.35286,1.35237,1.35286,34.3184706515585,32.37345863051024,,,1215
1772100960,1.35286,1.35309,1.35247,1.35282,33.99282666261716,31.501661332708476,,,1145
1772101860,1.35282,1.35347,1.35261,1.35335,41.86434116933612,31.629314703141485,,,1310
1772102760,1.35336,1.35382,1.35314,1.35368,46.16884975573916,32.08345185536211,,,1348
1772103660,1.35369,1.35428,1.35357,1.35421,52.280063205048656,32.953694764609864,,,1604
1772104560,1.3542,1.35451,1.35389,1.35389,48.686223722978085,33.99665194606305,,,1151
1772105460,1.3539,1.35403,1.35362,1.35375,47.158839086612645,35.346256810971845,,,992
1772106360,1.35374,1.35404,1.35288,1.35301,40.01329908049514,36.2818859490304,,,1368
1772107260,1.35302,1.35409,1.35281,1.35408,51.46486618336727,38.228239115783076,,,1366
1772108160,1.35408,1.35412,1.35375,1.35412,51.835036911592695,40.08015064322607,,,1256
1772109060,1.35413,1.35422,1.35365,1.354,50.58850437180386,41.86303490910687,,,1017
1772109960,1.35398,1.35502,1.35373,1.35467,56.8306507645988,44.10027405792655,,,1682
1772110860,1.35469,1.35555,1.35445,1.35545,62.73311690430606,46.25416242744104,,,1730
1772111760,1.35546,1.35566,1.35495,1.35499,57.72080281322101,48.26113509166249,,,1677
1772112660,1.35497,1.35503,1.35376,1.35411,49.56243033188359,49.34998935454285,,,2009
1772113560,1.3541,1.35443,1.35341,1.35351,44.90234906729262,50.12924095487681,,,2142
1772114460,1.35347,1.35439,1.35333,1.35408,49.7373297350652,50.69159728100032,,,1871
1772115360,1.35409,1.35457,1.35385,1.35436,51.96714026360632,51.10576088870511,,,1844
1772116260,1.35437,1.35507,1.35434,1.35483,55.533155740920805,51.33812464126741,,,3099
1772117160,1.35484,1.3554,1.35423,1.35423,50.390026451269705,51.45982483614539,,,3318
1772118060,1.35424,1.35477,1.35324,1.35335,43.95953347362247,51.231303006646094,,,3257
1772118960,1.35335,1.35335,1.34995,1.34997,28.771972603203366,50.42835111541096,,,3950
1772119860,1.34996,1.35241,1.34974,1.35235,43.55883054637782,49.863634284197424,,,3713
1772120760,1.3523,1.35246,1.35109,1.35151,40.3731336297695,49.04492690692434,,,3581
1772121660,1.3515,1.35155,1.35013,1.35034,36.38191881307361,48.030170795586464,,,2704
1772122560,1.35033,1.35137,1.35024,1.35118,40.899267508563426,46.892214848726795,,,2352
1772123460,1.35119,1.35125,1.34989,1.34992,36.690693992090274,45.03204178356852,,,2282
1772124360,1.34992,1.35036,1.34965,1.35034,38.94595724230137,43.69098138564569,,,2253
1772125260,1.35035,1.35037,1.34926,1.34926,35.448981640889485,42.68287790771755,,,1851
1772126160,1.34924,1.34924,1.34703,1.34704,29.571204263374696,41.58779613600912,,,2029
1772127060,1.34705,1.34724,1.34632,1.34633,27.973674548377247,40.033249336959976,,,2237
1772127960,1.34632,1.34643,1.34453,1.34461,24.51809120696113,38.07260297577103,,,2278
1772128860,1.34469,1.34558,1.34454,1.34525,28.07824172982808,36.11153768926441,,,2238
1772129760,1.34524,1.34574,1.34495,1.34514,27.835235292980016,34.500481177958,,,1552
1772130660,1.34513,1.34696,1.34487,1.34645,35.04503972110574,33.86373162420681,,,2497
1772131560,1.34645,1.34659,1.34574,1.34655,35.574180972867225,34.349603650611364,,,1812
1772132460,1.34656,1.3474,1.34655,1.34728,39.45182468160902,34.056246088842165,,,1618
1772133360,1.34728,1.34789,1.34727,1.34776,41.92688690738514,34.167228465814716,,,1301
1772134260,1.34777,1.34856,1.34777,1.34856,45.896463185845725,34.84683877815558,,,1054
1772135160,1.34855,1.34897,1.34846,1.34887,47.39696403073503,35.3109599583107,,,1326
1772136060,1.34888,1.34899,1.34855,1.34866,46.457015276921005,36.0085543357986,,,1051
1772136960,1.34866,1.34894,1.34855,1.34894,47.93948400349494,36.650949104455286,,,775
1772137860,1.34893,1.34929,1.34886,1.349,48.27000821306915,37.56673671675384,,,982
1772138760,1.349,1.34932,1.34894,1.34916,49.1962911021532,38.96852863380944,,,1370
1772139660,1.34915,1.34926,1.3489,1.34892,47.813279859219286,40.38564329886959,,,645
1772140560,1.34893,1.34893,1.34863,1.34873,46.6941440066918,41.969647070278924,,,357
1772141460,1.34873,1.34878,1.34816,1.3482,43.62658818043822,43.0802432453225,,,483
1772142360,1.34813,1.34849,1.34798,1.34827,44.14846978260028,44.245474280295376,,,861
1772143260,1.34805,1.34838,1.34805,1.34838,45.009980860836514,44.95725579027614,,,82
1772144160,1.34819,1.34847,1.3477,1.34794,42.20557851145318,45.430927043032284,,,459
1772145060,1.34795,1.34803,1.34756,1.34774,40.95642576928304,45.53839854929471,,,874
1772145960,1.34773,1.34832,1.34769,1.34789,42.3349187009927,45.567543677409546,,,713
1772146860,1.34792,1.34855,1.34791,1.34853,47.921704999835384,45.712203806980234,,,508
1772147760,1.34852,1.34866,1.34839,1.34865,48.92096339060784,45.821060904114,,,358
1772148660,1.34866,1.34896,1.34866,1.34885,50.621524174432764,46.11852582536484,,,438
1772149560,1.34886,1.34926,1.34877,1.34904,52.24800617146207,46.426277408791066,,,451
1772150460,1.34903,1.34914,1.34879,1.34906,52.42564812428787,46.72310883102097,,,823
1772151360,1.34906,1.34939,1.349,1.34926,54.258182496159854,47.08467250202144,,,712
1772152260,1.34925,1.34931,1.34845,1.3485,46.86992846447759,47.0172902595399,,,1236
1772153160,1.34851,1.34905,1.34825,1.34886,50.320770063358985,47.27633497787327,,,1774
1772154060,1.34885,1.34933,1.34864,1.34918,53.228777460534644,47.9622056407373,,,1890
1772154960,1.34919,1.3492,1.34834,1.34839,46.060553005238866,48.09878301378292,,,1986
1772155860,1.3484,1.34887,1.3484,1.34856,47.69297208340475,48.29042524396636,,,1661
1772156760,1.34856,1.34857,1.34764,1.34791,42.408223069199785,48.304899855233984,,,1600
1772157660,1.34792,1.34843,1.34774,1.3484,47.16144726913277,48.74811567665182,,,1248
1772158560,1.34843,1.34858,1.34807,1.34843,47.447424648985155,49.113294672937,,,1038
1772159460,1.34843,1.3486,1.34818,1.34825,45.8441760303637,48.96489974654616,,,1158
1772160360,1.34825,1.34895,1.34823,1.34894,52.47371552008211,49.21866775579433,,,957
1772161260,1.34895,1.34911,1.34882,1.34899,52.92344203410221,49.38309046005643,,,764
1772162160,1.34898,1.34958,1.34894,1.34955,57.74607681321179,49.77580979160997,,,1006
1772163060,1.34954,1.34955,1.34916,1.34927,54.727251403770595,49.94021002585874,,,699
1772163960,1.34927,1.34952,1.34915,1.34916,53.54301696062434,49.889126773320484,,,813
1772164860,1.34918,1.34938,1.34914,1.34935,55.34061421603081,50.49417575557429,,,596
1772165760,1.34935,1.34969,1.34902,1.34964,58.01118499123764,51.043491107565615,,,904
1772166660,1.34965,1.35013,1.34945,1.34971,58.653888605485676,51.43099904649069,,,850
1772167560,1.3497,1.34986,1.34948,1.3496,57.1729167632855,52.224739314922594,,,886
1772168460,1.34959,1.34963,1.34881,1.34906,50.439896300472896,52.420948187570325,,,934
1772169360,1.34907,1.34938,1.34894,1.34938,53.904243672124586,53.24209251635066,,,913
1772170260,1.34938,1.3494,1.3488,1.34897,49.16246341588593,53.38502224111874,,,856
1772171160,1.34897,1.34936,1.34887,1.34896,49.04913192045955,53.499429903366924,,,1060
1772172060,1.34896,1.34916,1.34852,1.34854,44.41777977933185,53.397544456864644,,,929
1772172960,1.34855,1.34866,1.34692,1.34744,35.076254922254265,52.15486869987694,,,1298
1772173860,1.34745,1.3477,1.34674,1.34765,37.76712117218588,51.072274352597205,,,1366
1772174760,1.34764,1.34767,1.3467,1.34687,32.396265429701955,49.261573539489355,,,1407
1772175660,1.34685,1.34698,1.34617,1.3463,29.135517152111888,47.43359252151374,,,1462
1772176560,1.3463,1.34793,1.34614,1.34787,45.428416105411806,46.85397817471284,,,1389
1772177460,1.34786,1.34882,1.34714,1.34871,51.812108901587244,46.60194208082402,,,1990
1772178360,1.34869,1.34959,1.34821,1.34927,55.54558792384983,46.42582800458202,,,2087
1772179260,1.34927,1.3508,1.34903,1.34956,57.38684382299519,46.335324805832705,,,2679
1772180160,1.34956,1.34993,1.34913,1.34934,55.508529086548705,46.216439971780076,,,1927
1772181060,1.34936,1.34947,1.34919,1.34937,55.721359437838814,46.59368733873479,,,165